{
  "mode": "distributed_early_exit_2workers",
  "accuracy": 85.32,
  "num_correct": 8532,
  "num_samples": 10000,
  "total_inference_time_sec": 3176.915078163147,
  "throughput_samples_per_sec": 3.1477076830715527,
  "master_node_utilization": 0.9631588902260916,
  "master_carbon_kg": 0.0006818637915365879,
  "master_energy_kWh": 0.002025895617417234,
  "master_network_rx_bytes": 211778667,
  "master_network_tx_bytes": 8239023107,
  "master_network_total_bytes": 8450801774,
  "protocol_bytes_total": 8709074045,
  "avg_protocol_bytes_per_sample": 870907.4045,
  "remote_compute_time_total_sec": 2179.064355134964,
  "remote_compute_time_avg_sec": 0.2179064355134964,
  "avg_latency_sec": 0.3059874001026154,
  "std_latency_sec": 0.06935520903647342,
  "min_latency_sec": 0.2443091869354248,
  "max_latency_sec": 0.6309723854064941,
  "p50_latency_sec": 0.27092671394348145,
  "p95_latency_sec": 0.4855315089225769,
  "p99_latency_sec": 0.5322158002853394,
  "busy_time_sec": 3059.8740010261536,
  "exit_0_count": 6818,
  "exit_0_ratio": 0.6818,
  "exit_1_count": 2404,
  "exit_1_ratio": 0.2404,
  "exit_2_count": 615,
  "exit_2_ratio": 0.0615,
  "exit_3_count": 163,
  "exit_3_ratio": 0.0163,
  "worker1_compute_time_total_sec": 2133.699244260788,
  "worker1_compute_time_avg_sec": 0.2133699244260788,
  "worker1_request_bytes_total": 7877956670,
  "worker1_response_bytes_total": 421128330,
  "worker1_carbon_kg": 0.0014885069111054275,
  "worker1_energy_kWh": 0.004422524945793279,
  "jetson_compute_time_total_sec": 45.365110874176025,
  "jetson_compute_time_avg_sec": 0.004536511087417603,
  "jetson_request_bytes_total": 408969434,
  "jetson_response_bytes_total": 1019611,
  "jetson_carbon_kg": null,
  "jetson_energy_kWh": null,
  "workers_carbon_kg_total": 0.0014885069111054275,
  "workers_energy_kWh_total": 0.004422524945793279,
  "system_carbon_kg_total": 0.0021703707026420153,
  "system_energy_kWh_total": 0.006448420563210513,
  "experiment_id": "exp1_5",
  "experiment_name": "ee_heterogeneous",
  "dataset_name": "cifar10",
  "model_name": "resnet18_ee_entropy",
  "system_name": "heterogeneous_jetson_final",
  "weights_path": "/home/rpi/Thesis-Experiments/checkpoints/resnet18_ee_entropy.pth",
  "data_dir": "/home/rpi/Thesis-Experiments/data",
  "output_dir": "/home/rpi/Thesis-Experiments/results/exp1_single_model/05_heterogeneous_pi_jetson_2workers/run_001"
}