{
  "model_name": "resnet18_ee_entropy",
  "mode": "single_node_early_exit",
  "accuracy": 85.32,
  "num_correct": 8532,
  "num_samples": 10000,
  "total_inference_time_sec": 2674.0813274383545,
  "throughput_samples_per_sec": 3.739602044781314,
  "node_utilization": 0.9679727326856419,
  "carbon_kg": 0.002187651861308026,
  "energy_kWh": 0.006499764869859306,
  "network_rx_bytes": 753077,
  "network_tx_bytes": 1438630,
  "network_total_bytes": 2191707,
  "avg_latency_sec": 0.2588437809944153,
  "std_latency_sec": 0.0807831982422585,
  "min_latency_sec": 0.16445302963256836,
  "max_latency_sec": 0.6879327297210693,
  "p50_latency_sec": 0.23824000358581543,
  "p95_latency_sec": 0.42059006690979,
  "p99_latency_sec": 0.5309524035453796,
  "busy_time_sec": 2588.437809944153,
  "exit_0_count": 6818,
  "exit_0_ratio": 0.6818,
  "exit_1_count": 2404,
  "exit_1_ratio": 0.2404,
  "exit_2_count": 615,
  "exit_2_ratio": 0.0615,
  "exit_3_count": 163,
  "exit_3_ratio": 0.0163,
  "experiment_id": "exp1_2",
  "experiment_name": "ee_single_node",
  "dataset_name": "cifar10",
  "system_name": "single_node_worker1",
  "weights_path": "/home/rpi/Thesis-Experiments/checkpoints/resnet18_ee_entropy.pth",
  "data_dir": "/home/rpi/Thesis-Experiments/data",
  "output_dir": "/home/rpi/Thesis-Experiments/results/exp1_single_model/02_single_node_ee/run_001",
  "is_early_exit_model": true
}