{
  "mode": "distributed_early_exit_2workers",
  "accuracy": 85.32,
  "num_correct": 8532,
  "num_samples": 10000,
  "total_inference_time_sec": 3219.664178133011,
  "throughput_samples_per_sec": 3.105913985662538,
  "master_node_utilization": 0.9637500045808726,
  "master_carbon_kg": 0.0006908141496142072,
  "master_energy_kWh": 0.0020524881589612013,
  "master_network_rx_bytes": 213228852,
  "master_network_tx_bytes": 8239033098,
  "master_network_total_bytes": 8452261950,
  "protocol_bytes_total": 8709084784,
  "avg_protocol_bytes_per_sample": 870908.4784,
  "remote_compute_time_total_sec": 2240.059629678726,
  "remote_compute_time_avg_sec": 0.22400596296787262,
  "avg_latency_sec": 0.31029513664245606,
  "std_latency_sec": 0.07516214821951539,
  "min_latency_sec": 0.24893784523010254,
  "max_latency_sec": 0.6639692783355713,
  "p50_latency_sec": 0.27389299869537354,
  "p95_latency_sec": 0.5042384028434751,
  "p99_latency_sec": 0.5787295126914979,
  "busy_time_sec": 3102.9513664245605,
  "exit_0_count": 6818,
  "exit_0_ratio": 0.6818,
  "exit_1_count": 2404,
  "exit_1_ratio": 0.2404,
  "exit_2_count": 615,
  "exit_2_ratio": 0.0615,
  "exit_3_count": 163,
  "exit_3_ratio": 0.0163,
  "worker1_compute_time_total_sec": 2158.954525709152,
  "worker1_compute_time_avg_sec": 0.21589545257091522,
  "worker1_request_bytes_total": 7877966670,
  "worker1_response_bytes_total": 421128330,
  "worker1_carbon_kg": 0.0015136826508333455,
  "worker1_energy_kWh": 0.004497324959246242,
  "worker2_compute_time_total_sec": 81.10510396957397,
  "worker2_compute_time_avg_sec": 0.008110510396957397,
  "worker2_request_bytes_total": 408969413,
  "worker2_response_bytes_total": 1020371,
  "worker2_carbon_kg": 0.0006953289686842688,
  "worker2_energy_kWh": 0.0020659022048175693,
  "workers_carbon_kg_total": 0.002209011619517614,
  "workers_energy_kWh_total": 0.006563227164063811,
  "system_carbon_kg_total": 0.0028998257691318216,
  "system_energy_kWh_total": 0.008615715323025012,
  "experiment_id": "exp1_3",
  "experiment_name": "ee_homogeneous_2nodes",
  "dataset_name": "cifar10",
  "model_name": "resnet18_ee_entropy",
  "system_name": "homogeneous_2workers",
  "weights_path": "/home/rpi/Thesis-Experiments/checkpoints/resnet18_ee_entropy.pth",
  "data_dir": "/home/rpi/Thesis-Experiments/data",
  "output_dir": "/home/rpi/Thesis-Experiments/results/exp1_single_model/03_homogeneous_2workers_ee/run_001"
}