{
  "mode": "distributed_early_exit_3workers",
  "accuracy": 85.32,
  "num_correct": 8532,
  "num_samples": 10000,
  "total_inference_time_sec": 3428.1579356193542,
  "throughput_samples_per_sec": 2.917018465251465,
  "master_node_utilization": 0.9660553880673503,
  "master_carbon_kg": 0.000735723441178504,
  "master_energy_kWh": 0.0021859188207600825,
  "master_network_rx_bytes": 210833321,
  "master_network_tx_bytes": 8239060166,
  "master_network_total_bytes": 8449893487,
  "protocol_bytes_total": 15391285463,
  "avg_protocol_bytes_per_sample": 1539128.5463,
  "remote_compute_time_total_sec": 2096.8228573799133,
  "remote_compute_time_avg_sec": 0.20968228573799133,
  "avg_latency_sec": 0.33117904448509217,
  "std_latency_sec": 0.11347600548142757,
  "min_latency_sec": 0.2482588291168213,
  "max_latency_sec": 1.0034608840942383,
  "p50_latency_sec": 0.2588294744491577,
  "p95_latency_sec": 0.579722249507904,
  "p99_latency_sec": 0.6247320795059205,
  "busy_time_sec": 3311.7904448509216,
  "exit_0_count": 6818,
  "exit_0_ratio": 0.6818,
  "exit_1_count": 2404,
  "exit_1_ratio": 0.2404,
  "exit_2_count": 615,
  "exit_2_ratio": 0.0615,
  "exit_3_count": 163,
  "exit_3_ratio": 0.0163,
  "worker1_compute_time_total_sec": 1762.8994209766388,
  "worker1_compute_time_avg_sec": 0.17628994209766388,
  "worker1_request_bytes_total": 7877966670,
  "worker1_response_bytes_total": 3350171539,
  "worker1_carbon_kg": 0.0012406646296796986,
  "worker1_energy_kWh": 0.0036861570700045115,
  "worker2_compute_time_total_sec": 286.8228096961975,
  "worker2_compute_time_avg_sec": 0.02868228096961975,
  "worker2_request_bytes_total": 3340971778,
  "worker2_response_bytes_total": 412186311,
  "worker2_carbon_kg": 0.0007480346125714455,
  "worker2_energy_kWh": 0.002222496724558183,
  "jetson_compute_time_total_sec": 47.100626707077026,
  "jetson_compute_time_avg_sec": 0.004710062670707703,
  "jetson_request_bytes_total": 408969494,
  "jetson_response_bytes_total": 1019671,
  "jetson_carbon_kg": null,
  "jetson_energy_kWh": null,
  "workers_carbon_kg_total": 0.001988699242251144,
  "workers_energy_kWh_total": 0.005908653794562695,
  "system_carbon_kg_total": 0.002724422683429648,
  "system_energy_kWh_total": 0.008094572615322777,
  "experiment_id": "exp1_6",
  "experiment_name": "ee_heterogeneous_3nodes",
  "dataset_name": "cifar10",
  "model_name": "resnet18_ee_entropy",
  "system_name": "heterogeneous_2pis_jetson_final",
  "weights_path": "/home/rpi/Thesis-Experiments/checkpoints/resnet18_ee_entropy.pth",
  "data_dir": "/home/rpi/Thesis-Experiments/data",
  "output_dir": "/home/rpi/Thesis-Experiments/results/exp1_single_model/06_heterogeneous_2pis_jetson_3workers/run_001"
}