model_instance_id,sample_index,batch_size,inference_time_sec,predicted_class,true_class,correct,exit_id,confidence,remote_compute_time_sec,communication_overhead_sec,communication_overhead_ratio,path,entry_worker_id,terminal_worker_id,assigned_partition_id,worker1_compute_time_sec,worker2_compute_time_sec,worker3_compute_time_sec
model_0,0,1,0.48996901512145996,4,4,1,1,0.9969582557678223,0.37825989723205566,0.1117091178894043,0.22799220857203056,worker1,worker1,worker1,0,0.37825989723205566,0.0,0.0
model_0,1,1,0.30423760414123535,9,9,1,0,0.9741332530975342,0.21776270866394043,0.08647489547729492,0.284234737258682,worker1,worker1,worker1,0,0.21776270866394043,0.0,0.0
model_0,2,1,0.7908930778503418,4,4,1,2,0.9076504707336426,0.6369521617889404,0.15394091606140137,0.19464188064436583,worker1->worker2,worker1,worker2,0,0.3691713809967041,0.26778078079223633,0.0
model_0,3,1,0.84963059425354,7,7,1,2,0.9580668210983276,0.6970231533050537,0.15260744094848633,0.1796162261347976,worker1->worker2,worker1,worker2,0,0.36759185791015625,0.32943129539489746,0.0
model_0,4,1,1.2232847213745117,2,2,1,3,0.6928936243057251,1.0366754531860352,0.18660926818847656,0.15254769795440423,worker1->worker2->worker3,worker1,worker3,0,0.3665797710418701,0.359821081161499,0.310274600982666
model_0,5,1,0.45281386375427246,1,8,0,1,0.9970308542251587,0.36626577377319336,0.0865480899810791,0.19113392258688874,worker1,worker1,worker1,0,0.36626577377319336,0.0,0.0
model_0,6,1,0.29850196838378906,0,0,1,0,0.9674277901649475,0.21399211883544922,0.08450984954833984,0.2831132069443646,worker1,worker1,worker1,0,0.21399211883544922,0.0,0.0
model_0,7,1,0.3004915714263916,6,6,1,0,0.7350977659225464,0.2176194190979004,0.08287215232849121,0.27578860842954317,worker1,worker1,worker1,0,0.2176194190979004,0.0,0.0
model_0,8,1,0.2983393669128418,0,0,1,0,0.9952982068061829,0.2150719165802002,0.0832674503326416,0.27910312740245147,worker1,worker1,worker1,0,0.2150719165802002,0.0,0.0
model_0,9,1,0.3005411624908447,1,1,1,0,0.9994612336158752,0.21880316734313965,0.08173799514770508,0.27196938505950924,worker1,worker1,worker1,0,0.21880316734313965,0.0,0.0
model_0,10,1,0.30365705490112305,8,8,1,0,0.9978577494621277,0.2212693691253662,0.08238768577575684,0.271318200733337,worker1,worker1,worker1,0,0.2212693691253662,0.0,0.0
model_0,11,1,0.44946932792663574,6,6,1,1,0.5111022591590881,0.3670334815979004,0.08243584632873535,0.18340705629237258,worker1,worker1,worker1,0,0.3670334815979004,0.0,0.0
model_0,12,1,0.3062312602996826,4,4,1,0,0.8170408010482788,0.22245573997497559,0.08377552032470703,0.27356945937760574,worker1,worker1,worker1,0,0.22245573997497559,0.0,0.0
model_0,13,1,0.3111758232116699,6,6,1,0,0.8630709648132324,0.21840786933898926,0.09276795387268066,0.298120698822985,worker1,worker1,worker1,0,0.21840786933898926,0.0,0.0
model_0,14,1,0.30231523513793945,5,5,1,0,0.897756040096283,0.21770763397216797,0.08460760116577148,0.2798654891711527,worker1,worker1,worker1,0,0.21770763397216797,0.0,0.0
model_0,15,1,0.3028714656829834,0,0,1,0,0.9713948965072632,0.220259428024292,0.0826120376586914,0.27276269645408496,worker1,worker1,worker1,0,0.220259428024292,0.0,0.0
model_0,16,1,0.3047349452972412,0,0,1,0,0.9685707092285156,0.22049379348754883,0.08424115180969238,0.27644073352835463,worker1,worker1,worker1,0,0.22049379348754883,0.0,0.0
model_0,17,1,0.30951380729675293,1,1,1,0,0.9888079762458801,0.21923255920410156,0.09028124809265137,0.29168730429557965,worker1,worker1,worker1,0,0.21923255920410156,0.0,0.0
model_0,18,1,0.3013608455657959,8,8,1,0,0.9975780844688416,0.21795415878295898,0.08340668678283691,0.2767668328851526,worker1,worker1,worker1,0,0.21795415878295898,0.0,0.0
model_0,19,1,0.4510822296142578,7,7,1,1,0.9669118523597717,0.36734747886657715,0.08373475074768066,0.18563079024258236,worker1,worker1,worker1,0,0.36734747886657715,0.0,0.0
model_0,20,1,0.30483317375183105,9,9,1,0,0.9990807771682739,0.21935415267944336,0.0854790210723877,0.28041246305422574,worker1,worker1,worker1,0,0.21935415267944336,0.0,0.0
model_0,21,1,0.4592123031616211,2,2,1,1,0.892536997795105,0.3686096668243408,0.09060263633728027,0.1973001065378521,worker1,worker1,worker1,0,0.3686096668243408,0.0,0.0
model_0,22,1,0.45546793937683105,2,2,1,1,0.9461506009101868,0.3693852424621582,0.08608269691467285,0.18899836733283745,worker1,worker1,worker1,0,0.3693852424621582,0.0,0.0
model_0,23,1,0.30458569526672363,9,9,1,0,0.9993879795074463,0.21899056434631348,0.08559513092041016,0.28102150642844564,worker1,worker1,worker1,0,0.21899056434631348,0.0,0.0
model_0,24,1,0.3095250129699707,7,7,1,0,0.9736049771308899,0.21920990943908691,0.09031510353088379,0.29178612308028856,worker1,worker1,worker1,0,0.21920990943908691,0.0,0.0
model_0,25,1,0.30992627143859863,1,1,1,0,0.9990953207015991,0.22098159790039062,0.08894467353820801,0.2869865569167452,worker1,worker1,worker1,0,0.22098159790039062,0.0,0.0
model_0,26,1,0.45772624015808105,0,0,1,1,0.8765027523040771,0.3738985061645508,0.08382773399353027,0.18313945463248818,worker1,worker1,worker1,0,0.3738985061645508,0.0,0.0
model_0,27,1,1.2148432731628418,2,2,1,3,0.3687599003314972,1.0325393676757812,0.18230390548706055,0.15006372386820954,worker1->worker2->worker3,worker1,worker3,0,0.3735530376434326,0.37682485580444336,0.2821614742279053
model_0,28,1,0.4566376209259033,1,1,1,1,0.8889773488044739,0.37146830558776855,0.08516931533813477,0.1865140133776994,worker1,worker1,worker1,0,0.37146830558776855,0.0,0.0
model_0,29,1,0.30554628372192383,1,1,1,0,0.9999897480010986,0.22045660018920898,0.08508968353271484,0.2784837782879223,worker1,worker1,worker1,0,0.22045660018920898,0.0,0.0
model_0,30,1,0.4544515609741211,2,3,0,1,0.9752145409584045,0.36740565299987793,0.08704590797424316,0.19154056328392724,worker1,worker1,worker1,0,0.36740565299987793,0.0,0.0
model_0,31,1,0.9483730792999268,7,7,1,2,0.9009189605712891,0.796396017074585,0.1519770622253418,0.16025029130680168,worker1->worker2,worker1,worker2,0,0.36963868141174316,0.4267573356628418,0.0
model_0,32,1,0.3081226348876953,8,0,0,0,0.9380125999450684,0.22351837158203125,0.08460426330566406,0.27457983843511097,worker1,worker1,worker1,0,0.22351837158203125,0.0,0.0
model_0,33,1,0.30269336700439453,4,4,1,0,0.8921220898628235,0.21898341178894043,0.0837099552154541,0.2765503454664033,worker1,worker1,worker1,0,0.21898341178894043,0.0,0.0
model_0,34,1,0.31240248680114746,3,5,0,0,0.788222074508667,0.22235965728759766,0.0900428295135498,0.2882269934389622,worker1,worker1,worker1,0,0.22235965728759766,0.0,0.0
model_0,35,1,0.3078770637512207,9,9,1,0,0.8353943228721619,0.2239983081817627,0.08387875556945801,0.2724423656230398,worker1,worker1,worker1,0,0.2239983081817627,0.0,0.0
model_0,36,1,0.31265687942504883,5,3,0,0,0.679963231086731,0.224365234375,0.08829164505004883,0.2823914996286349,worker1,worker1,worker1,0,0.224365234375,0.0,0.0
model_0,37,1,0.30735182762145996,4,2,0,0,0.9385468363761902,0.22426676750183105,0.0830850601196289,0.270325576921436,worker1,worker1,worker1,0,0.22426676750183105,0.0,0.0
model_0,38,1,0.3034188747406006,2,2,1,0,0.684216320514679,0.21869754791259766,0.08472132682800293,0.27922233546094666,worker1,worker1,worker1,0,0.21869754791259766,0.0,0.0
model_0,39,1,0.30927395820617676,4,4,1,0,0.9952996969223022,0.22092008590698242,0.08835387229919434,0.28568157762669893,worker1,worker1,worker1,0,0.22092008590698242,0.0,0.0
model_0,40,1,1.022195816040039,2,2,1,2,0.7148045897483826,0.825145959854126,0.19704985618591309,0.19277114335028223,worker1->worker2,worker1,worker2,0,0.37018561363220215,0.45496034622192383,0.0
model_0,41,1,0.3092684745788574,7,7,1,0,0.9984331727027893,0.22424840927124023,0.08502006530761719,0.27490698954490017,worker1,worker1,worker1,0,0.22424840927124023,0.0,0.0
model_0,42,1,0.45645761489868164,4,4,1,1,0.9887579679489136,0.3721272945404053,0.08433032035827637,0.18474950927698924,worker1,worker1,worker1,0,0.3721272945404053,0.0,0.0
model_0,43,1,0.45195865631103516,0,1,0,1,0.890541672706604,0.36733388900756836,0.0846247673034668,0.18724006304954707,worker1,worker1,worker1,0,0.36733388900756836,0.0,0.0
model_0,44,1,0.4529857635498047,6,6,1,1,0.9996978044509888,0.3686068058013916,0.08437895774841309,0.18627286890250322,worker1,worker1,worker1,0,0.3686068058013916,0.0,0.0
model_0,45,1,0.45534205436706543,4,4,1,1,0.9458306431770325,0.36853480339050293,0.0868072509765625,0.19064184857079874,worker1,worker1,worker1,0,0.36853480339050293,0.0,0.0
model_0,46,1,0.3090050220489502,8,8,1,0,0.6573783159255981,0.2223987579345703,0.08660626411437988,0.2802746167039977,worker1,worker1,worker1,0,0.2223987579345703,0.0,0.0
model_0,47,1,0.46834707260131836,7,7,1,1,0.6285855174064636,0.3738901615142822,0.09445691108703613,0.20168143800365507,worker1,worker1,worker1,0,0.3738901615142822,0.0,0.0
model_0,48,1,0.30295729637145996,9,9,1,0,0.9812701940536499,0.21909213066101074,0.08386516571044922,0.27682173928440734,worker1,worker1,worker1,0,0.21909213066101074,0.0,0.0
model_0,49,1,0.3152174949645996,7,7,1,0,0.9925935864448547,0.22139573097229004,0.09382176399230957,0.2976413603021818,worker1,worker1,worker1,0,0.22139573097229004,0.0,0.0
model_0,50,1,0.3032107353210449,4,2,0,0,0.8674861788749695,0.21973729133605957,0.08347344398498535,0.27529844514443785,worker1,worker1,worker1,0,0.21973729133605957,0.0,0.0
model_0,51,1,0.4540233612060547,0,0,1,1,0.6364139914512634,0.36937522888183594,0.08464813232421875,0.1864400371367717,worker1,worker1,worker1,0,0.36937522888183594,0.0,0.0
model_0,52,1,0.3046305179595947,2,2,1,0,0.7344210147857666,0.2201528549194336,0.08447766304016113,0.27731188459380157,worker1,worker1,worker1,0,0.2201528549194336,0.0,0.0
model_0,53,1,0.3129727840423584,3,3,1,0,0.9888243079185486,0.21935653686523438,0.09361624717712402,0.29911945047737376,worker1,worker1,worker1,0,0.21935653686523438,0.0,0.0
model_0,54,1,0.3031620979309082,3,3,1,0,0.979677140712738,0.21887612342834473,0.08428597450256348,0.2780227973015696,worker1,worker1,worker1,0,0.21887612342834473,0.0,0.0
model_0,55,1,0.4664623737335205,6,6,1,1,0.9807846546173096,0.37641048431396484,0.09005188941955566,0.19305284732568867,worker1,worker1,worker1,0,0.37641048431396484,0.0,0.0
model_0,56,1,0.30640482902526855,1,1,1,0,0.9966253042221069,0.22313666343688965,0.0832681655883789,0.2717586594613101,worker1,worker1,worker1,0,0.22313666343688965,0.0,0.0
model_0,57,1,0.30583977699279785,4,4,1,0,0.9690199494361877,0.2221527099609375,0.08368706703186035,0.27363042130988435,worker1,worker1,worker1,0,0.2221527099609375,0.0,0.0
model_0,58,1,0.3020319938659668,4,7,0,0,0.603570818901062,0.2168281078338623,0.08520388603210449,0.2821021870613997,worker1,worker1,worker1,0,0.2168281078338623,0.0,0.0
model_0,59,1,0.308945894241333,6,6,1,0,0.6754926443099976,0.21915745735168457,0.08978843688964844,0.29062835455424507,worker1,worker1,worker1,0,0.21915745735168457,0.0,0.0
model_0,60,1,0.3079795837402344,1,1,1,0,0.9709237217903137,0.21810245513916016,0.08987712860107422,0.29182820338143306,worker1,worker1,worker1,0,0.21810245513916016,0.0,0.0
model_0,61,1,0.45807576179504395,6,6,1,1,0.8065791130065918,0.37077856063842773,0.08729720115661621,0.19057371823064378,worker1,worker1,worker1,0,0.37077856063842773,0.0,0.0
model_0,62,1,0.3005836009979248,8,8,1,0,0.9438753128051758,0.21683335304260254,0.08375024795532227,0.2786254728377563,worker1,worker1,worker1,0,0.21683335304260254,0.0,0.0
model_0,63,1,0.31311798095703125,9,9,1,0,0.9984927177429199,0.22143292427062988,0.09168505668640137,0.2928131319899613,worker1,worker1,worker1,0,0.22143292427062988,0.0,0.0
model_0,64,1,0.45571136474609375,5,5,1,1,0.5561248064041138,0.36673665046691895,0.0889747142791748,0.19524357117744554,worker1,worker1,worker1,0,0.36673665046691895,0.0,0.0
model_0,65,1,0.30100512504577637,3,5,0,0,0.7505096197128296,0.2175283432006836,0.08347678184509277,0.27732677917825405,worker1,worker1,worker1,0,0.2175283432006836,0.0,0.0
model_0,66,1,0.3036072254180908,4,7,0,0,0.839023232460022,0.21973419189453125,0.08387303352355957,0.27625506411469575,worker1,worker1,worker1,0,0.21973419189453125,0.0,0.0
model_0,67,1,0.4606621265411377,4,6,0,1,0.5876192450523376,0.37236809730529785,0.08829402923583984,0.19166765433657823,worker1,worker1,worker1,0,0.37236809730529785,0.0,0.0
model_0,68,1,0.45246291160583496,7,7,1,1,0.9978949427604675,0.3677506446838379,0.08471226692199707,0.1872247752226696,worker1,worker1,worker1,0,0.3677506446838379,0.0,0.0
model_0,69,1,0.3021872043609619,6,4,0,0,0.7921793460845947,0.2186291217803955,0.0835580825805664,0.2765109884691096,worker1,worker1,worker1,0,0.2186291217803955,0.0,0.0
model_0,70,1,0.3071930408477783,3,6,0,0,0.8206921815872192,0.2184438705444336,0.08874917030334473,0.2889035834223931,worker1,worker1,worker1,0,0.2184438705444336,0.0,0.0
model_0,71,1,0.30207037925720215,3,3,1,0,0.997901201248169,0.2175612449645996,0.08450913429260254,0.2797663726592869,worker1,worker1,worker1,0,0.2175612449645996,0.0,0.0
model_0,72,1,0.3021049499511719,5,5,1,0,0.9831579923629761,0.2187366485595703,0.08336830139160156,0.2759580781615001,worker1,worker1,worker1,0,0.2187366485595703,0.0,0.0
model_0,73,1,0.30169248580932617,6,6,1,0,0.8714603781700134,0.21790838241577148,0.08378410339355469,0.27771359027651554,worker1,worker1,worker1,0,0.21790838241577148,0.0,0.0
model_0,74,1,0.303987979888916,5,5,1,0,0.8090269565582275,0.21767878532409668,0.08630919456481934,0.2839230504981106,worker1,worker1,worker1,0,0.21767878532409668,0.0,0.0
model_0,75,1,0.3029780387878418,6,2,0,0,0.5650510191917419,0.2201852798461914,0.08279275894165039,0.27326323476410586,worker1,worker1,worker1,0,0.2201852798461914,0.0,0.0
model_0,76,1,0.4585907459259033,8,8,1,1,0.9959851503372192,0.37390637397766113,0.08468437194824219,0.18466219107248413,worker1,worker1,worker1,0,0.37390637397766113,0.0,0.0
model_0,77,1,0.30184173583984375,4,4,1,0,0.8291954398155212,0.21802330017089844,0.08381843566894531,0.2776900133963552,worker1,worker1,worker1,0,0.21802330017089844,0.0,0.0
model_0,78,1,0.30408716201782227,6,6,1,0,0.903441309928894,0.21958494186401367,0.0845022201538086,0.27788815414988155,worker1,worker1,worker1,0,0.21958494186401367,0.0,0.0
model_0,79,1,0.3032383918762207,9,9,1,0,0.8196371793746948,0.21981453895568848,0.08342385292053223,0.2751097986121267,worker1,worker1,worker1,0,0.21981453895568848,0.0,0.0
model_0,80,1,0.30301403999328613,0,0,1,0,0.9952301979064941,0.21977758407592773,0.0832364559173584,0.2746950468671441,worker1,worker1,worker1,0,0.21977758407592773,0.0,0.0
model_0,81,1,0.4538910388946533,7,7,1,1,0.9952810406684875,0.3711268901824951,0.0827641487121582,0.18234364995112295,worker1,worker1,worker1,0,0.3711268901824951,0.0,0.0
model_0,82,1,0.3049483299255371,8,8,1,0,0.9363492727279663,0.21999430656433105,0.08495402336120605,0.2785849766153837,worker1,worker1,worker1,0,0.21999430656433105,0.0,0.0
model_0,83,1,0.45471858978271484,2,2,1,1,0.9187889099121094,0.3694295883178711,0.08528900146484375,0.18756436042256092,worker1,worker1,worker1,0,0.3694295883178711,0.0,0.0
model_0,84,1,0.3032560348510742,9,9,1,0,0.7178508639335632,0.2187039852142334,0.08455204963684082,0.2788140710154818,worker1,worker1,worker1,0,0.2187039852142334,0.0,0.0
model_0,85,1,0.45602917671203613,4,3,0,1,0.924675703048706,0.37263011932373047,0.08339905738830566,0.18288096825210107,worker1,worker1,worker1,0,0.37263011932373047,0.0,0.0
model_0,86,1,0.30416154861450195,1,1,1,0,0.8017802238464355,0.2203812599182129,0.08378028869628906,0.27544667982498083,worker1,worker1,worker1,0,0.2203812599182129,0.0,0.0
model_0,87,1,0.30919384956359863,7,7,1,0,0.9557596445083618,0.21972894668579102,0.08946490287780762,0.2893489084730498,worker1,worker1,worker1,0,0.21972894668579102,0.0,0.0
model_0,88,1,0.30613160133361816,0,0,1,0,0.9024083018302917,0.22249865531921387,0.0836329460144043,0.2731927891471166,worker1,worker1,worker1,0,0.22249865531921387,0.0,0.0
model_0,89,1,0.30725693702697754,9,3,0,0,0.8373579978942871,0.22394156455993652,0.08331537246704102,0.27115863769652115,worker1,worker1,worker1,0,0.22394156455993652,0.0,0.0
model_0,90,1,0.3021273612976074,9,0,0,0,0.9381335377693176,0.21899628639221191,0.08313107490539551,0.2751524209801975,worker1,worker1,worker1,0,0.21899628639221191,0.0,0.0
model_0,91,1,1.2824130058288574,3,2,0,3,0.35518327355384827,1.0920720100402832,0.19034099578857422,0.148424099664797,worker1->worker2->worker3,worker1,worker3,0,0.37134313583374023,0.35955810546875,0.36117076873779297
model_0,92,1,0.8894529342651367,5,6,0,2,0.9024365544319153,0.7400166988372803,0.14943623542785645,0.16800915447124834,worker1->worker2,worker1,worker2,0,0.370990514755249,0.36902618408203125,0.0
model_0,93,1,0.3054029941558838,1,1,1,0,0.9645586013793945,0.21994471549987793,0.08545827865600586,0.27982135175919803,worker1,worker1,worker1,0,0.21994471549987793,0.0,0.0
model_0,94,1,0.3114473819732666,9,9,1,0,0.9999206066131592,0.22681641578674316,0.08463096618652344,0.2717343958723269,worker1,worker1,worker1,0,0.22681641578674316,0.0,0.0
model_0,95,1,0.3069469928741455,6,6,1,0,0.8128505349159241,0.2221362590789795,0.08481073379516602,0.27630416900660154,worker1,worker1,worker1,0,0.2221362590789795,0.0,0.0
model_0,96,1,0.31294894218444824,1,1,1,0,0.8556268215179443,0.2286844253540039,0.08426451683044434,0.2692596314346379,worker1,worker1,worker1,0,0.2286844253540039,0.0,0.0
model_0,97,1,0.3066868782043457,9,9,1,0,0.8352400064468384,0.2219524383544922,0.08473443984985352,0.2762897465518394,worker1,worker1,worker1,0,0.2219524383544922,0.0,0.0
model_0,98,1,0.46245336532592773,0,0,1,1,0.9990730285644531,0.3747246265411377,0.08772873878479004,0.18970288760459253,worker1,worker1,worker1,0,0.3747246265411377,0.0,0.0
model_0,99,1,0.4581906795501709,9,0,0,1,0.943300724029541,0.368910551071167,0.0892801284790039,0.1948536547418528,worker1,worker1,worker1,0,0.368910551071167,0.0,0.0
model_0,100,1,0.3066892623901367,9,9,1,0,0.9959789514541626,0.22102069854736328,0.08566856384277344,0.27933343076679096,worker1,worker1,worker1,0,0.22102069854736328,0.0,0.0
model_0,101,1,0.3070840835571289,3,5,0,0,0.8606143593788147,0.22225117683410645,0.08483290672302246,0.2762530240589315,worker1,worker1,worker1,0,0.22225117683410645,0.0,0.0
model_0,102,1,0.3056752681732178,6,6,1,0,0.9764041304588318,0.22196745872497559,0.08370780944824219,0.2738455418670223,worker1,worker1,worker1,0,0.22196745872497559,0.0,0.0
model_0,103,1,0.30957555770874023,9,9,1,0,0.9397839903831482,0.22505998611450195,0.08451557159423828,0.27300466554841374,worker1,worker1,worker1,0,0.22505998611450195,0.0,0.0
model_0,104,1,0.30719661712646484,1,1,1,0,0.9610111713409424,0.22275757789611816,0.08443903923034668,0.2748696910148113,worker1,worker1,worker1,0,0.22275757789611816,0.0,0.0
model_0,105,1,0.3091766834259033,3,3,1,0,0.8289291262626648,0.22454500198364258,0.08463168144226074,0.2737324189666567,worker1,worker1,worker1,0,0.22454500198364258,0.0,0.0
model_0,106,1,0.46080756187438965,3,3,1,1,0.9850572943687439,0.37441539764404297,0.08639216423034668,0.18747991868652558,worker1,worker1,worker1,0,0.37441539764404297,0.0,0.0
model_0,107,1,0.45377469062805176,8,8,1,1,0.7735788226127625,0.3686380386352539,0.08513665199279785,0.1876187759060858,worker1,worker1,worker1,0,0.3686380386352539,0.0,0.0
model_0,108,1,0.3040473461151123,3,4,0,0,0.5968714952468872,0.219132661819458,0.0849146842956543,0.2792811230903019,worker1,worker1,worker1,0,0.219132661819458,0.0,0.0
model_0,109,1,0.3066225051879883,0,0,1,0,0.9638887643814087,0.22300934791564941,0.08361315727233887,0.2726908686010382,worker1,worker1,worker1,0,0.22300934791564941,0.0,0.0
model_0,110,1,0.8431248664855957,0,0,1,2,0.863922119140625,0.695641279220581,0.14748358726501465,0.1749249644121774,worker1->worker2,worker1,worker2,0,0.3740067481994629,0.32163453102111816,0.0
model_0,111,1,0.30614542961120605,6,6,1,0,0.904866099357605,0.22128057479858398,0.08486485481262207,0.2772043826373546,worker1,worker1,worker1,0,0.22128057479858398,0.0,0.0
model_0,112,1,0.31536436080932617,4,4,1,0,0.9950778484344482,0.23087501525878906,0.08448934555053711,0.2679102525526674,worker1,worker1,worker1,0,0.23087501525878906,0.0,0.0
model_0,113,1,0.46285247802734375,5,3,0,1,0.8103145360946655,0.37627625465393066,0.08657622337341309,0.1870492813226301,worker1,worker1,worker1,0,0.37627625465393066,0.0,0.0
model_0,114,1,0.304821252822876,9,9,1,0,0.9815976619720459,0.2188732624053955,0.08594799041748047,0.28196193546721854,worker1,worker1,worker1,0,0.2188732624053955,0.0,0.0
model_0,115,1,0.3059723377227783,0,0,1,0,0.9279844164848328,0.2215726375579834,0.08439970016479492,0.27584094952160026,worker1,worker1,worker1,0,0.2215726375579834,0.0,0.0
model_0,116,1,1.1976304054260254,3,3,1,3,0.5499005317687988,1.0112543106079102,0.18637609481811523,0.15562071067477354,worker1->worker2->worker3,worker1,worker3,0,0.37488794326782227,0.31965088844299316,0.3167154788970947
model_0,117,1,0.30966901779174805,2,2,1,0,0.4965571463108063,0.22479534149169922,0.08487367630004883,0.2740786821532345,worker1,worker1,worker1,0,0.22479534149169922,0.0,0.0
model_0,118,1,0.307192325592041,4,6,0,0,0.8216466307640076,0.22329425811767578,0.08389806747436523,0.2731125112343592,worker1,worker1,worker1,0,0.22329425811767578,0.0,0.0
model_0,119,1,0.30727338790893555,9,9,1,0,0.9275694489479065,0.2238762378692627,0.08339715003967285,0.27141025979245775,worker1,worker1,worker1,0,0.2238762378692627,0.0,0.0
model_0,120,1,0.4606935977935791,0,0,1,1,0.8501756191253662,0.3763854503631592,0.08430814743041992,0.18300264608451428,worker1,worker1,worker1,0,0.3763854503631592,0.0,0.0
model_0,121,1,0.3049943447113037,0,0,1,0,0.8942146301269531,0.2202913761138916,0.08470296859741211,0.2777198006002006,worker1,worker1,worker1,0,0.2202913761138916,0.0,0.0
model_0,122,1,0.3097817897796631,0,0,1,0,0.9271095991134644,0.2229747772216797,0.0868070125579834,0.2802198690236963,worker1,worker1,worker1,0,0.2229747772216797,0.0,0.0
model_0,123,1,0.30806636810302734,6,6,1,0,0.9790041446685791,0.22343230247497559,0.08463406562805176,0.2747267290136241,worker1,worker1,worker1,0,0.22343230247497559,0.0,0.0
model_0,124,1,0.3101017475128174,7,7,1,0,0.7896324992179871,0.22553515434265137,0.08456659317016602,0.27270595489524174,worker1,worker1,worker1,0,0.22553515434265137,0.0,0.0
model_0,125,1,0.3063836097717285,1,1,1,0,0.5894402861595154,0.22286748886108398,0.08351612091064453,0.27258677764410544,worker1,worker1,worker1,0,0.22286748886108398,0.0,0.0
model_0,126,1,0.30972766876220703,3,3,1,0,0.7567881941795349,0.2259368896484375,0.08379077911376953,0.2705304936063035,worker1,worker1,worker1,0,0.2259368896484375,0.0,0.0
model_0,127,1,0.4642477035522461,2,2,1,1,0.901350736618042,0.37750864028930664,0.08673906326293945,0.18683789407948662,worker1,worker1,worker1,0,0.37750864028930664,0.0,0.0
model_0,128,1,0.30379700660705566,9,9,1,0,0.9979423880577087,0.2190685272216797,0.08472847938537598,0.278898335212919,worker1,worker1,worker1,0,0.2190685272216797,0.0,0.0
model_0,129,1,0.3086855411529541,8,8,1,0,0.9989525079727173,0.22523140907287598,0.08345413208007812,0.27035322667972483,worker1,worker1,worker1,0,0.22523140907287598,0.0,0.0
model_0,130,1,0.3120090961456299,0,0,1,0,0.9698399305343628,0.22736001014709473,0.08464908599853516,0.27130326341199135,worker1,worker1,worker1,0,0.22736001014709473,0.0,0.0
model_0,131,1,0.3109910488128662,2,2,1,0,0.9672218561172485,0.22501683235168457,0.08597421646118164,0.276452382759464,worker1,worker1,worker1,0,0.22501683235168457,0.0,0.0
model_0,132,1,0.3162095546722412,9,9,1,0,0.9733384847640991,0.22757387161254883,0.08863568305969238,0.2803067831127538,worker1,worker1,worker1,0,0.22757387161254883,0.0,0.0
model_0,133,1,1.11076021194458,6,6,1,3,0.6399213671684265,0.9291229248046875,0.18163728713989258,0.16352520119702948,worker1->worker2->worker3,worker1,worker3,0,0.3817417621612549,0.26169252395629883,0.2856886386871338
model_0,134,1,0.46377110481262207,0,0,1,1,0.9260151386260986,0.377915620803833,0.08585548400878906,0.18512469431116746,worker1,worker1,worker1,0,0.377915620803833,0.0,0.0
model_0,135,1,0.45754504203796387,0,0,1,1,0.7702227830886841,0.37116456031799316,0.0863804817199707,0.18879120913477948,worker1,worker1,worker1,0,0.37116456031799316,0.0,0.0
model_0,136,1,0.3075716495513916,9,9,1,0,0.999150276184082,0.22189879417419434,0.08567285537719727,0.27854600871749835,worker1,worker1,worker1,0,0.22189879417419434,0.0,0.0
model_0,137,1,0.3103005886077881,4,4,1,0,0.8669221997261047,0.22609543800354004,0.08420515060424805,0.27136639018974335,worker1,worker1,worker1,0,0.22609543800354004,0.0,0.0
model_0,138,1,0.3222043514251709,4,4,1,0,0.6775200366973877,0.23758482933044434,0.08461952209472656,0.26262687552305974,worker1,worker1,worker1,0,0.23758482933044434,0.0,0.0
model_0,139,1,0.31223607063293457,9,9,1,0,0.8513444066047668,0.2262132167816162,0.08602285385131836,0.27550581736742075,worker1,worker1,worker1,0,0.2262132167816162,0.0,0.0
model_0,140,1,0.3115098476409912,4,4,1,0,0.9592512249946594,0.2282273769378662,0.083282470703125,0.2673510045791758,worker1,worker1,worker1,0,0.2282273769378662,0.0,0.0
model_0,141,1,0.4675295352935791,5,5,1,1,0.9492046236991882,0.3827638626098633,0.08476567268371582,0.18130549256206524,worker1,worker1,worker1,0,0.3827638626098633,0.0,0.0
model_0,142,1,0.4660375118255615,3,3,1,1,0.9207846522331238,0.3764510154724121,0.08958649635314941,0.19223022627990033,worker1,worker1,worker1,0,0.3764510154724121,0.0,0.0
model_0,143,1,0.3094780445098877,0,0,1,0,0.9738455414772034,0.22373175621032715,0.08574628829956055,0.27706743602879713,worker1,worker1,worker1,0,0.22373175621032715,0.0,0.0
model_0,144,1,0.31336188316345215,0,0,1,0,0.9686806797981262,0.22893810272216797,0.08442378044128418,0.2694130491845686,worker1,worker1,worker1,0,0.22893810272216797,0.0,0.0
model_0,145,1,0.3150594234466553,0,0,1,0,0.9234243035316467,0.23047971725463867,0.0845797061920166,0.26845636060251765,worker1,worker1,worker1,0,0.23047971725463867,0.0,0.0
model_0,146,1,0.8429617881774902,2,2,1,2,0.5117194652557373,0.5940055847167969,0.24895620346069336,0.2953350993512345,worker1->worker2,worker1,worker2,0,0.3842473030090332,0.20975828170776367,0.0
model_0,147,1,0.4632585048675537,4,6,0,1,0.9318490624427795,0.3721809387207031,0.09107756614685059,0.1966020379332049,worker1,worker1,worker1,0,0.3721809387207031,0.0,0.0
model_0,148,1,0.45439887046813965,8,8,1,1,0.8965573906898499,0.3683435916900635,0.08605527877807617,0.18938268638172148,worker1,worker1,worker1,0,0.3683435916900635,0.0,0.0
model_0,149,1,0.3043673038482666,5,5,1,0,0.8358702063560486,0.21864080429077148,0.08572649955749512,0.2816547588180876,worker1,worker1,worker1,0,0.21864080429077148,0.0,0.0
model_0,150,1,0.4615151882171631,9,1,0,1,0.9138258695602417,0.3754239082336426,0.08609127998352051,0.18654051303510036,worker1,worker1,worker1,0,0.3754239082336426,0.0,0.0
model_0,151,1,0.3133120536804199,6,6,1,0,0.8387916684150696,0.22050142288208008,0.09281063079833984,0.29622425855663764,worker1,worker1,worker1,0,0.22050142288208008,0.0,0.0
model_0,152,1,0.3110663890838623,0,1,0,0,0.5281609892845154,0.2254025936126709,0.0856637954711914,0.2753875007951977,worker1,worker1,worker1,0,0.2254025936126709,0.0,0.0
model_0,153,1,0.3118758201599121,8,8,1,0,0.8258506059646606,0.22611546516418457,0.08576035499572754,0.27498237904995176,worker1,worker1,worker1,0,0.22611546516418457,0.0,0.0
model_0,154,1,0.3063778877258301,7,7,1,0,0.9968100190162659,0.2230081558227539,0.08336973190307617,0.2721140631979344,worker1,worker1,worker1,0,0.2230081558227539,0.0,0.0
model_0,155,1,0.30808091163635254,1,1,1,0,0.998626708984375,0.22449350357055664,0.0835874080657959,0.271316413671417,worker1,worker1,worker1,0,0.22449350357055664,0.0,0.0
model_0,156,1,0.31153321266174316,8,8,1,0,0.9502478241920471,0.22715997695922852,0.08437323570251465,0.2708322332043791,worker1,worker1,worker1,0,0.22715997695922852,0.0,0.0
model_0,157,1,0.4581735134124756,1,1,1,1,0.8048556447029114,0.3721344470977783,0.08603906631469727,0.18778708021308005,worker1,worker1,worker1,0,0.3721344470977783,0.0,0.0
model_0,158,1,0.30320024490356445,7,7,1,0,0.8766626715660095,0.2183980941772461,0.08480215072631836,0.27969024481919674,worker1,worker1,worker1,0,0.2183980941772461,0.0,0.0
model_0,159,1,0.3094608783721924,4,4,1,0,0.8053298592567444,0.22603821754455566,0.08342266082763672,0.2695741745013186,worker1,worker1,worker1,0,0.22603821754455566,0.0,0.0
model_0,160,1,1.2126953601837158,3,1,0,3,0.68527752161026,1.0259058475494385,0.18678951263427734,0.15402838896487564,worker1->worker2->worker3,worker1,worker3,0,0.3729090690612793,0.3603529930114746,0.29264378547668457
model_0,161,1,0.3084545135498047,2,2,1,0,0.9413850903511047,0.22365880012512207,0.08479571342468262,0.27490508227233657,worker1,worker1,worker1,0,0.22365880012512207,0.0,0.0
model_0,162,1,0.30706143379211426,4,4,1,0,0.9793582558631897,0.22373628616333008,0.08332514762878418,0.27136311649347894,worker1,worker1,worker1,0,0.22373628616333008,0.0,0.0
model_0,163,1,0.3066685199737549,0,0,1,0,0.977279782295227,0.22344541549682617,0.08322310447692871,0.2713780484676127,worker1,worker1,worker1,0,0.22344541549682617,0.0,0.0
model_0,164,1,0.3078420162200928,6,6,1,0,0.7125754356384277,0.22547411918640137,0.0823678970336914,0.26756548064836666,worker1,worker1,worker1,0,0.22547411918640137,0.0,0.0
model_0,165,1,0.30518126487731934,8,8,1,0,0.7983579635620117,0.22194695472717285,0.08323431015014648,0.2727372867518787,worker1,worker1,worker1,0,0.22194695472717285,0.0,0.0
model_0,166,1,0.9215426445007324,2,5,0,2,0.9501048922538757,0.7691555023193359,0.15238714218139648,0.16536092289462723,worker1->worker2,worker1,worker2,0,0.37462449073791504,0.3945310115814209,0.0
model_0,167,1,0.3091611862182617,2,7,0,0,0.8777543306350708,0.22419214248657227,0.08496904373168945,0.2748373583729976,worker1,worker1,worker1,0,0.22419214248657227,0.0,0.0
model_0,168,1,0.4875626564025879,5,5,1,1,0.6684579253196716,0.38790249824523926,0.09966015815734863,0.20440482233130203,worker1,worker1,worker1,0,0.38790249824523926,0.0,0.0
model_0,169,1,0.304790735244751,3,3,1,0,0.9075102210044861,0.2210063934326172,0.08378434181213379,0.27489136684175736,worker1,worker1,worker1,0,0.2210063934326172,0.0,0.0
model_0,170,1,0.310626745223999,9,1,0,0,0.6376052498817444,0.22547173500061035,0.08515501022338867,0.27413933775078425,worker1,worker1,worker1,0,0.22547173500061035,0.0,0.0
model_0,171,1,0.309307336807251,5,3,0,0,0.9425883293151855,0.22487664222717285,0.08443069458007812,0.27296699603570107,worker1,worker1,worker1,0,0.22487664222717285,0.0,0.0
model_0,172,1,0.45679211616516113,9,9,1,1,0.9946308135986328,0.37417030334472656,0.08262181282043457,0.18087399037018673,worker1,worker1,worker1,0,0.37417030334472656,0.0,0.0
model_0,173,1,0.4524216651916504,9,1,0,1,0.8564050197601318,0.3678135871887207,0.08460807800292969,0.18701155252388024,worker1,worker1,worker1,0,0.3678135871887207,0.0,0.0
model_0,174,1,0.31519269943237305,1,1,1,0,0.9971467852592468,0.23029232025146484,0.0849003791809082,0.26936023370403034,worker1,worker1,worker1,0,0.23029232025146484,0.0,0.0
model_0,175,1,0.3134455680847168,3,5,0,0,0.562699019908905,0.22712945938110352,0.08631610870361328,0.27537830326024615,worker1,worker1,worker1,0,0.22712945938110352,0.0,0.0
model_0,176,1,0.3589484691619873,3,2,0,0,0.8607127666473389,0.22150659561157227,0.13744187355041504,0.38290140607450224,worker1,worker1,worker1,0,0.22150659561157227,0.0,0.0
model_0,177,1,0.46598267555236816,0,1,0,1,0.9518104195594788,0.37422752380371094,0.09175515174865723,0.19690678766091935,worker1,worker1,worker1,0,0.37422752380371094,0.0,0.0
model_0,178,1,0.30720949172973633,4,4,1,0,0.7915405035018921,0.2223987579345703,0.08481073379516602,0.27606807757677354,worker1,worker1,worker1,0,0.2223987579345703,0.0,0.0
model_0,179,1,0.9817821979522705,5,7,0,2,0.7490314841270447,0.8071346282958984,0.17464756965637207,0.17788830355718324,worker1->worker2,worker1,worker2,0,0.3752460479736328,0.4318885803222656,0.0
model_0,180,1,0.30563902854919434,4,5,0,0,0.8413169980049133,0.22025465965270996,0.08538436889648438,0.27936343503572314,worker1,worker1,worker1,0,0.22025465965270996,0.0,0.0
model_0,181,1,0.36342883110046387,3,4,0,0,0.917098879814148,0.2230672836303711,0.14036154747009277,0.3862146738470844,worker1,worker1,worker1,0,0.2230672836303711,0.0,0.0
model_0,182,1,0.3090245723724365,9,9,1,0,0.9941403269767761,0.22314763069152832,0.0858769416809082,0.277896806139446,worker1,worker1,worker1,0,0.22314763069152832,0.0,0.0
model_0,183,1,0.31116342544555664,6,6,1,0,0.8799445033073425,0.2248528003692627,0.08631062507629395,0.2773803667725578,worker1,worker1,worker1,0,0.2248528003692627,0.0,0.0
model_0,184,1,0.4577467441558838,3,6,0,1,0.830402135848999,0.372866153717041,0.08488059043884277,0.18543133626295555,worker1,worker1,worker1,0,0.372866153717041,0.0,0.0
model_0,185,1,0.30227160453796387,0,0,1,0,0.8504877090454102,0.21850275993347168,0.08376884460449219,0.27713104157612406,worker1,worker1,worker1,0,0.21850275993347168,0.0,0.0
model_0,186,1,0.4602811336517334,0,7,0,1,0.7610700726509094,0.3733022212982178,0.08697891235351562,0.18896910169541567,worker1,worker1,worker1,0,0.3733022212982178,0.0,0.0
model_0,187,1,0.9851713180541992,3,2,0,2,0.9314286708831787,0.8318102359771729,0.15336108207702637,0.1556694549126015,worker1->worker2,worker1,worker2,0,0.3735828399658203,0.45822739601135254,0.0
model_0,188,1,0.30913448333740234,3,3,1,0,0.9277194142341614,0.22290372848510742,0.08623075485229492,0.2789425298703382,worker1,worker1,worker1,0,0.22290372848510742,0.0,0.0
model_0,189,1,0.33829426765441895,8,8,1,0,0.8823197484016418,0.22846484184265137,0.10982942581176758,0.32465647902719624,worker1,worker1,worker1,0,0.22846484184265137,0.0,0.0
model_0,190,1,0.4571681022644043,5,5,1,1,0.9270861148834229,0.37350988388061523,0.08365821838378906,0.18299224720495727,worker1,worker1,worker1,0,0.37350988388061523,0.0,0.0
model_0,191,1,0.45201706886291504,0,0,1,1,0.6331843733787537,0.3687276840209961,0.08328938484191895,0.1842615922700442,worker1,worker1,worker1,0,0.3687276840209961,0.0,0.0
model_0,192,1,0.3067963123321533,1,1,1,0,0.8989564180374146,0.22195219993591309,0.08484411239624023,0.27654867084707224,worker1,worker1,worker1,0,0.22195219993591309,0.0,0.0
model_0,193,1,0.4555802345275879,6,2,0,1,0.7613410353660583,0.3715040683746338,0.0840761661529541,0.18454744034305295,worker1,worker1,worker1,0,0.3715040683746338,0.0,0.0
model_0,194,1,0.30678796768188477,8,8,1,0,0.9920509457588196,0.222747802734375,0.08404016494750977,0.27393566176184875,worker1,worker1,worker1,0,0.222747802734375,0.0,0.0
model_0,195,1,0.33922529220581055,7,7,1,0,0.9915075302124023,0.2254478931427002,0.11377739906311035,0.3354036437651021,worker1,worker1,worker1,0,0.2254478931427002,0.0,0.0
model_0,196,1,0.4767489433288574,9,1,0,1,0.995694637298584,0.3922765254974365,0.0844724178314209,0.17718427909163195,worker1,worker1,worker1,0,0.3922765254974365,0.0,0.0
model_0,197,1,1.3204631805419922,2,2,1,3,0.8281927704811096,1.1350021362304688,0.18546104431152344,0.14045150750466198,worker1->worker2->worker3,worker1,worker3,0,0.36821842193603516,0.47801733016967773,0.28876638412475586
model_0,198,1,0.3132646083831787,9,8,0,0,0.8271927237510681,0.22437834739685059,0.08888626098632812,0.28374179083008416,worker1,worker1,worker1,0,0.22437834739685059,0.0,0.0
model_0,199,1,0.3671913146972656,4,4,1,0,0.9732219576835632,0.2226722240447998,0.14451909065246582,0.39357981757170907,worker1,worker1,worker1,0,0.2226722240447998,0.0,0.0
model_0,200,1,0.31715893745422363,9,9,1,0,0.8771372437477112,0.2295699119567871,0.08758902549743652,0.2761676092135303,worker1,worker1,worker1,0,0.2295699119567871,0.0,0.0
model_0,201,1,0.4675421714782715,9,0,0,1,0.8103604912757874,0.37497639656066895,0.09256577491760254,0.19798379817788145,worker1,worker1,worker1,0,0.37497639656066895,0.0,0.0
model_0,202,1,0.3064594268798828,8,8,1,0,0.9108114242553711,0.22139668464660645,0.08506274223327637,0.27756608142002703,worker1,worker1,worker1,0,0.22139668464660645,0.0,0.0
model_0,203,1,0.4585564136505127,4,7,0,1,0.999272882938385,0.3743932247161865,0.08416318893432617,0.18353944341179987,worker1,worker1,worker1,0,0.3743932247161865,0.0,0.0
model_0,204,1,0.4551212787628174,9,9,1,1,0.9892450571060181,0.3698158264160156,0.08530545234680176,0.18743455058548905,worker1,worker1,worker1,0,0.3698158264160156,0.0,0.0
model_0,205,1,0.3035569190979004,6,6,1,0,0.9415361881256104,0.21830153465270996,0.08525538444519043,0.2808546901139639,worker1,worker1,worker1,0,0.21830153465270996,0.0,0.0
model_0,206,1,0.3111250400543213,0,0,1,0,0.9963000416755676,0.22670388221740723,0.08442115783691406,0.27134157322141106,worker1,worker1,worker1,0,0.22670388221740723,0.0,0.0
model_0,207,1,0.31020498275756836,6,6,1,0,0.8793753981590271,0.22616243362426758,0.08404254913330078,0.2709258516294749,worker1,worker1,worker1,0,0.22616243362426758,0.0,0.0
model_0,208,1,0.30890965461730957,8,8,1,0,0.9693041443824768,0.22403907775878906,0.08487057685852051,0.27474239017767765,worker1,worker1,worker1,0,0.22403907775878906,0.0,0.0
model_0,209,1,0.30821824073791504,9,9,1,0,0.9779329299926758,0.22496533393859863,0.0832529067993164,0.270110252397775,worker1,worker1,worker1,0,0.22496533393859863,0.0,0.0
model_0,210,1,0.3070850372314453,1,1,1,0,0.9967659711837769,0.22368550300598145,0.08339953422546387,0.271584493264017,worker1,worker1,worker1,0,0.22368550300598145,0.0,0.0
model_0,211,1,0.4561953544616699,3,3,1,1,0.7421644926071167,0.3729579448699951,0.0832374095916748,0.18246001143501014,worker1,worker1,worker1,0,0.3729579448699951,0.0,0.0
model_0,212,1,0.30699801445007324,2,2,1,0,0.9276682138442993,0.22026538848876953,0.08673262596130371,0.282518524156152,worker1,worker1,worker1,0,0.22026538848876953,0.0,0.0
model_0,213,1,0.3502497673034668,6,6,1,0,0.9114302396774292,0.2243359088897705,0.1259138584136963,0.35949733638109965,worker1,worker1,worker1,0,0.2243359088897705,0.0,0.0
model_0,214,1,1.006227970123291,3,3,1,2,0.8403642177581787,0.8432636260986328,0.1629643440246582,0.16195568883330735,worker1->worker2,worker1,worker2,0,0.3772871494293213,0.4659764766693115,0.0
model_0,215,1,0.45848941802978516,7,0,0,1,0.8670626878738403,0.3733937740325928,0.08509564399719238,0.18560001747229912,worker1,worker1,worker1,0,0.3733937740325928,0.0,0.0
model_0,216,1,0.45653581619262695,6,2,0,1,0.7873684763908386,0.37386035919189453,0.08267545700073242,0.1810930360080424,worker1,worker1,worker1,0,0.37386035919189453,0.0,0.0
model_0,217,1,0.45258665084838867,9,9,1,1,0.8198572993278503,0.370466947555542,0.08211970329284668,0.1814452616728986,worker1,worker1,worker1,0,0.370466947555542,0.0,0.0
model_0,218,1,0.45136070251464844,2,2,1,1,0.9304412603378296,0.36817240715026855,0.08318829536437988,0.18430557844516846,worker1,worker1,worker1,0,0.36817240715026855,0.0,0.0
model_0,219,1,0.30877161026000977,1,1,1,0,0.9368046522140503,0.21978330612182617,0.0889883041381836,0.28820105599490997,worker1,worker1,worker1,0,0.21978330612182617,0.0,0.0
model_0,220,1,0.4610106945037842,0,0,1,1,0.5263688564300537,0.3762190341949463,0.08479166030883789,0.18392558203037931,worker1,worker1,worker1,0,0.3762190341949463,0.0,0.0
model_0,221,1,0.30458760261535645,1,1,1,0,0.9526793956756592,0.22051525115966797,0.08407235145568848,0.27602026718683587,worker1,worker1,worker1,0,0.22051525115966797,0.0,0.0
model_0,222,1,0.30860185623168945,3,4,0,0,0.8202195763587952,0.22433996200561523,0.08426189422607422,0.2730440291415901,worker1,worker1,worker1,0,0.22433996200561523,0.0,0.0
model_0,223,1,0.30864644050598145,3,3,1,0,0.5040085911750793,0.2255566120147705,0.08308982849121094,0.269207149627247,worker1,worker1,worker1,0,0.2255566120147705,0.0,0.0
model_0,224,1,0.9285283088684082,0,8,0,2,0.6412147283554077,0.7793881893157959,0.1491401195526123,0.1606198950836173,worker1->worker2,worker1,worker2,0,0.37662792205810547,0.40276026725769043,0.0
model_0,225,1,0.4560089111328125,3,5,0,1,0.8468611836433411,0.3710966110229492,0.08491230010986328,0.18620754559143382,worker1,worker1,worker1,0,0.3710966110229492,0.0,0.0
model_0,226,1,0.30545687675476074,7,7,1,0,0.9705158472061157,0.22059392929077148,0.08486294746398926,0.27782300521628905,worker1,worker1,worker1,0,0.22059392929077148,0.0,0.0
model_0,227,1,0.3109016418457031,2,2,1,0,0.8815227746963501,0.22689270973205566,0.08400893211364746,0.2702106415872198,worker1,worker1,worker1,0,0.22689270973205566,0.0,0.0
model_0,228,1,0.30814146995544434,7,7,1,0,0.7154079079627991,0.2233569622039795,0.08478450775146484,0.27514799537927903,worker1,worker1,worker1,0,0.2233569622039795,0.0,0.0
model_0,229,1,0.312603235244751,8,8,1,0,0.5277525782585144,0.22527551651000977,0.08732771873474121,0.27935641378237325,worker1,worker1,worker1,0,0.22527551651000977,0.0,0.0
model_0,230,1,0.3280670642852783,6,6,1,0,0.7624317407608032,0.22632861137390137,0.10173845291137695,0.3101148026944513,worker1,worker1,worker1,0,0.22632861137390137,0.0,0.0
model_0,231,1,1.3766725063323975,3,7,0,3,0.4718260169029236,1.1736469268798828,0.20302557945251465,0.14747558225986257,worker1->worker2->worker3,worker1,worker3,0,0.3755197525024414,0.48123693466186523,0.31689023971557617
model_0,232,1,0.30886125564575195,0,0,1,0,0.9820654988288879,0.22421765327453613,0.08464360237121582,0.27405056744410083,worker1,worker1,worker1,0,0.22421765327453613,0.0,0.0
model_0,233,1,0.3361220359802246,7,7,1,0,0.9950101375579834,0.228102445602417,0.10801959037780762,0.321370153738337,worker1,worker1,worker1,0,0.228102445602417,0.0,0.0
model_0,234,1,1.28446364402771,4,7,0,3,0.646594226360321,1.0993192195892334,0.18514442443847656,0.14414142844706504,worker1->worker2->worker3,worker1,worker3,0,0.3716583251953125,0.44595789909362793,0.28170299530029297
model_0,235,1,0.46081066131591797,9,1,0,1,0.9841761589050293,0.37627363204956055,0.08453702926635742,0.18345285029853373,worker1,worker1,worker1,0,0.37627363204956055,0.0,0.0
model_0,236,1,1.3157904148101807,0,6,0,3,0.6752868294715881,1.123382806777954,0.19240760803222656,0.14622967751287638,worker1->worker2->worker3,worker1,worker3,0,0.36756348609924316,0.45906710624694824,0.2967522144317627
model_0,237,1,0.4677119255065918,6,6,1,1,0.6362796425819397,0.3777158260345459,0.0899960994720459,0.1924177994276469,worker1,worker1,worker1,0,0.3777158260345459,0.0,0.0
model_0,238,1,0.30419278144836426,7,7,1,0,0.9845169186592102,0.22046518325805664,0.08372759819030762,0.2752451842928433,worker1,worker1,worker1,0,0.22046518325805664,0.0,0.0
model_0,239,1,0.3443479537963867,1,9,0,0,0.5381477475166321,0.22786951065063477,0.11647844314575195,0.33825797964411825,worker1,worker1,worker1,0,0.22786951065063477,0.0,0.0
model_0,240,1,0.30915379524230957,9,9,1,0,0.8299560546875,0.22419118881225586,0.08496260643005371,0.27482310661417386,worker1,worker1,worker1,0,0.22419118881225586,0.0,0.0
model_0,241,1,0.34726881980895996,5,5,1,0,0.5639195442199707,0.2238755226135254,0.12339329719543457,0.35532501093336244,worker1,worker1,worker1,0,0.2238755226135254,0.0,0.0
model_0,242,1,0.32115769386291504,9,9,1,0,0.7172228097915649,0.22511816024780273,0.0960395336151123,0.2990416715848832,worker1,worker1,worker1,0,0.22511816024780273,0.0,0.0
model_0,243,1,0.46541881561279297,5,5,1,1,0.9261486530303955,0.37819433212280273,0.08722448348999023,0.18741073752066997,worker1,worker1,worker1,0,0.37819433212280273,0.0,0.0
model_0,244,1,0.30478620529174805,1,1,1,0,0.848658561706543,0.22107148170471191,0.08371472358703613,0.2746670358880008,worker1,worker1,worker1,0,0.22107148170471191,0.0,0.0
model_0,245,1,0.4752485752105713,4,4,1,1,0.9895591735839844,0.3755931854248047,0.0996553897857666,0.20969108585251767,worker1,worker1,worker1,0,0.3755931854248047,0.0,0.0
model_0,246,1,0.45870208740234375,5,7,0,1,0.7826595902442932,0.37399792671203613,0.08470416069030762,0.1846605084576618,worker1,worker1,worker1,0,0.37399792671203613,0.0,0.0
model_0,247,1,0.45391035079956055,3,3,1,1,0.8075388073921204,0.3682434558868408,0.08566689491271973,0.1887308689079638,worker1,worker1,worker1,0,0.3682434558868408,0.0,0.0
model_0,248,1,0.30579280853271484,3,3,1,0,0.8445379734039307,0.2211136817932129,0.08467912673950195,0.27691667160459943,worker1,worker1,worker1,0,0.2211136817932129,0.0,0.0
model_0,249,1,0.30664896965026855,1,3,0,0,0.7421464920043945,0.2238781452178955,0.08277082443237305,0.2699204387569693,worker1,worker1,worker1,0,0.2238781452178955,0.0,0.0
model_0,250,1,0.3075988292694092,6,6,1,0,0.9782640933990479,0.22367262840270996,0.08392620086669922,0.2728430438634498,worker1,worker1,worker1,0,0.22367262840270996,0.0,0.0
model_0,251,1,0.31427717208862305,5,5,1,0,0.9829773902893066,0.22471833229064941,0.08955883979797363,0.2849676901531968,worker1,worker1,worker1,0,0.22471833229064941,0.0,0.0
model_0,252,1,0.364285945892334,6,6,1,0,0.9164650440216064,0.22689485549926758,0.1373910903930664,0.37715177305707215,worker1,worker1,worker1,0,0.22689485549926758,0.0,0.0
model_0,253,1,0.312206506729126,2,2,1,0,0.8771526217460632,0.225203275680542,0.08700323104858398,0.27867206215554313,worker1,worker1,worker1,0,0.225203275680542,0.0,0.0
model_0,254,1,0.3094043731689453,5,5,1,0,0.7134851217269897,0.22426486015319824,0.08513951301574707,0.27517230006719395,worker1,worker1,worker1,0,0.22426486015319824,0.0,0.0
model_0,255,1,0.4972248077392578,7,7,1,1,0.9902439713478088,0.38910889625549316,0.10811591148376465,0.2174386913141713,worker1,worker1,worker1,0,0.38910889625549316,0.0,0.0
model_0,256,1,0.464219331741333,8,8,1,1,0.9895009398460388,0.37973856925964355,0.08448076248168945,0.18198458509858623,worker1,worker1,worker1,0,0.37973856925964355,0.0,0.0
model_0,257,1,0.304379940032959,2,2,1,0,0.7316011190414429,0.22060275077819824,0.08377718925476074,0.2752388651029012,worker1,worker1,worker1,0,0.22060275077819824,0.0,0.0
model_0,258,1,0.3443291187286377,4,4,1,0,0.9668639302253723,0.22504854202270508,0.11928057670593262,0.3464144338020289,worker1,worker1,worker1,0,0.22504854202270508,0.0,0.0
model_0,259,1,0.3502671718597412,9,9,1,0,0.9389759302139282,0.22588586807250977,0.12438130378723145,0.3551040856236391,worker1,worker1,worker1,0,0.22588586807250977,0.0,0.0
model_0,260,1,0.4610922336578369,4,4,1,1,0.7710604667663574,0.3760061264038086,0.08508610725402832,0.18453164257190294,worker1,worker1,worker1,0,0.3760061264038086,0.0,0.0
model_0,261,1,0.3089468479156494,3,6,0,0,0.8624590635299683,0.2255258560180664,0.08342099189758301,0.2700172941086589,worker1,worker1,worker1,0,0.2255258560180664,0.0,0.0
model_0,262,1,0.45534801483154297,4,4,1,1,0.6727431416511536,0.37210845947265625,0.08323955535888672,0.18280425662925395,worker1,worker1,worker1,0,0.37210845947265625,0.0,0.0
model_0,263,1,1.005049467086792,7,7,1,2,0.8253645300865173,0.8558447360992432,0.14920473098754883,0.14845511178671578,worker1->worker2,worker1,worker2,0,0.3740267753601074,0.48181796073913574,0.0
model_0,264,1,0.3058896064758301,6,6,1,0,0.8733804821968079,0.22113370895385742,0.08475589752197266,0.27708001752151606,worker1,worker1,worker1,0,0.22113370895385742,0.0,0.0
model_0,265,1,0.4640183448791504,5,5,1,1,0.8817576766014099,0.37372684478759766,0.09029150009155273,0.19458605696951137,worker1,worker1,worker1,0,0.37372684478759766,0.0,0.0
model_0,266,1,0.30521130561828613,8,8,1,0,0.6248083710670471,0.22039055824279785,0.08482074737548828,0.27790827473989355,worker1,worker1,worker1,0,0.22039055824279785,0.0,0.0
model_0,267,1,0.34835267066955566,4,4,1,0,0.9959772229194641,0.22733354568481445,0.12101912498474121,0.3474040395675304,worker1,worker1,worker1,0,0.22733354568481445,0.0,0.0
model_0,268,1,0.30964064598083496,9,1,0,0,0.9667306542396545,0.2243330478668213,0.08530759811401367,0.27550516775273015,worker1,worker1,worker1,0,0.2243330478668213,0.0,0.0
model_0,269,1,0.3128077983856201,0,3,0,0,0.9243671894073486,0.22496438026428223,0.08784341812133789,0.28082234066635114,worker1,worker1,worker1,0,0.22496438026428223,0.0,0.0
model_0,270,1,0.4582712650299072,2,4,0,1,0.7100512385368347,0.3746683597564697,0.0836029052734375,0.1824310439101642,worker1,worker1,worker1,0,0.3746683597564697,0.0,0.0
model_0,271,1,0.3114335536956787,8,8,1,0,0.9765601754188538,0.22004222869873047,0.09139132499694824,0.2934536883146909,worker1,worker1,worker1,0,0.22004222869873047,0.0,0.0
model_0,272,1,0.38492345809936523,1,1,1,0,0.9927621483802795,0.2264723777770996,0.15845108032226562,0.41164308640644764,worker1,worker1,worker1,0,0.2264723777770996,0.0,0.0
model_0,273,1,0.3086433410644531,3,5,0,0,0.7826148867607117,0.22312140464782715,0.08552193641662598,0.2770898478537616,worker1,worker1,worker1,0,0.22312140464782715,0.0,0.0
model_0,274,1,0.46812915802001953,4,4,1,1,0.8606482744216919,0.37755751609802246,0.09057164192199707,0.19347575422363197,worker1,worker1,worker1,0,0.37755751609802246,0.0,0.0
model_0,275,1,0.3052034378051758,5,5,1,0,0.7000284194946289,0.2218313217163086,0.08337211608886719,0.2731689940599133,worker1,worker1,worker1,0,0.2218313217163086,0.0,0.0
model_0,276,1,0.34542059898376465,9,1,0,0,0.7719825506210327,0.2278144359588623,0.11760616302490234,0.3404723498566744,worker1,worker1,worker1,0,0.2278144359588623,0.0,0.0
model_0,277,1,0.3230869770050049,1,1,1,0,0.7093250751495361,0.2230234146118164,0.10006356239318848,0.30971091227746517,worker1,worker1,worker1,0,0.2230234146118164,0.0,0.0
model_0,278,1,0.4616432189941406,1,1,1,1,0.7005515098571777,0.3755533695220947,0.0860898494720459,0.18648567969789367,worker1,worker1,worker1,0,0.3755533695220947,0.0,0.0
model_0,279,1,0.3067464828491211,7,7,1,0,0.9653379321098328,0.2228221893310547,0.0839242935180664,0.27359496590983284,worker1,worker1,worker1,0,0.2228221893310547,0.0,0.0
model_0,280,1,0.31403303146362305,6,6,1,0,0.8223753571510315,0.23031044006347656,0.08372259140014648,0.2666044110389857,worker1,worker1,worker1,0,0.23031044006347656,0.0,0.0
model_0,281,1,0.3077387809753418,1,9,0,0,0.5372390747070312,0.22347211837768555,0.08426666259765625,0.2738252953709084,worker1,worker1,worker1,0,0.22347211837768555,0.0,0.0
model_0,282,1,0.3364217281341553,0,0,1,0,0.8925203680992126,0.22665953636169434,0.10976219177246094,0.32626368213854173,worker1,worker1,worker1,0,0.22665953636169434,0.0,0.0
model_0,283,1,0.33385801315307617,0,0,1,0,0.9526663422584534,0.22889208793640137,0.1049659252166748,0.3144028930902048,worker1,worker1,worker1,0,0.22889208793640137,0.0,0.0
model_0,284,1,0.3222329616546631,4,4,1,0,0.9706639647483826,0.22406864166259766,0.09816431999206543,0.3046377362762413,worker1,worker1,worker1,0,0.22406864166259766,0.0,0.0
model_0,285,1,0.35086727142333984,3,3,1,0,0.8891035318374634,0.23596978187561035,0.11489748954772949,0.3274671048161104,worker1,worker1,worker1,0,0.23596978187561035,0.0,0.0
model_0,286,1,0.34647679328918457,7,7,1,0,0.9195240139961243,0.22599077224731445,0.12048602104187012,0.34774629463078427,worker1,worker1,worker1,0,0.22599077224731445,0.0,0.0
model_0,287,1,1.0230600833892822,3,4,0,2,0.6892204284667969,0.875934362411499,0.1471257209777832,0.14380946277404583,worker1->worker2,worker1,worker2,0,0.3762640953063965,0.49967026710510254,0.0
model_0,288,1,0.45824480056762695,6,6,1,1,0.9922635555267334,0.37313318252563477,0.08511161804199219,0.18573395254362862,worker1,worker1,worker1,0,0.37313318252563477,0.0,0.0
model_0,289,1,0.31223082542419434,4,4,1,0,0.9777137637138367,0.22015905380249023,0.0920717716217041,0.2948836697869793,worker1,worker1,worker1,0,0.22015905380249023,0.0,0.0
model_0,290,1,0.3106231689453125,9,9,1,0,0.9950997233390808,0.22635746002197266,0.08426570892333984,0.27127953529498455,worker1,worker1,worker1,0,0.22635746002197266,0.0,0.0
model_0,291,1,0.310086727142334,8,8,1,0,0.9833118915557861,0.22624635696411133,0.08384037017822266,0.2703771649656543,worker1,worker1,worker1,0,0.22624635696411133,0.0,0.0
model_0,292,1,0.30968666076660156,1,1,1,0,0.8807229995727539,0.2275984287261963,0.08208823204040527,0.26506867243556187,worker1,worker1,worker1,0,0.2275984287261963,0.0,0.0
model_0,293,1,0.31188488006591797,9,9,1,0,0.9279575347900391,0.22206425666809082,0.08982062339782715,0.287992875380311,worker1,worker1,worker1,0,0.22206425666809082,0.0,0.0
model_0,294,1,0.3137476444244385,7,2,0,0,0.6031737923622131,0.22086238861083984,0.09288525581359863,0.2960508468007596,worker1,worker1,worker1,0,0.22086238861083984,0.0,0.0
model_0,295,1,0.3041975498199463,8,8,1,0,0.9978649020195007,0.21852803230285645,0.08566951751708984,0.28162461389908433,worker1,worker1,worker1,0,0.21852803230285645,0.0,0.0
model_0,296,1,0.4529392719268799,3,3,1,1,0.9103119969367981,0.3702573776245117,0.08268189430236816,0.18254520953907458,worker1,worker1,worker1,0,0.3702573776245117,0.0,0.0
model_0,297,1,0.3032350540161133,7,5,0,0,0.9452025890350342,0.22024893760681152,0.08298611640930176,0.2736692717751954,worker1,worker1,worker1,0,0.22024893760681152,0.0,0.0
model_0,298,1,0.4706895351409912,6,6,1,1,0.9971233010292053,0.37926483154296875,0.09142470359802246,0.19423568355017057,worker1,worker1,worker1,0,0.37926483154296875,0.0,0.0
model_0,299,1,0.3050558567047119,0,2,0,0,0.7899677753448486,0.22082042694091797,0.08423542976379395,0.2761311671695987,worker1,worker1,worker1,0,0.22082042694091797,0.0,0.0
model_0,300,1,0.308518648147583,9,9,1,0,0.9849928617477417,0.22489285469055176,0.08362579345703125,0.27105587930953207,worker1,worker1,worker1,0,0.22489285469055176,0.0,0.0
model_0,301,1,0.3121030330657959,8,8,1,0,0.782340407371521,0.2232823371887207,0.0888206958770752,0.28458773695528455,worker1,worker1,worker1,0,0.2232823371887207,0.0,0.0
model_0,302,1,0.45681142807006836,7,5,0,1,0.7382781505584717,0.3730454444885254,0.08376598358154297,0.18337103328486445,worker1,worker1,worker1,0,0.3730454444885254,0.0,0.0
model_0,303,1,0.3130483627319336,4,4,1,0,0.9951831698417664,0.2280588150024414,0.08498954772949219,0.271490152472925,worker1,worker1,worker1,0,0.2280588150024414,0.0,0.0
model_0,304,1,0.3144996166229248,4,4,1,0,0.9982985854148865,0.22397851943969727,0.09052109718322754,0.2878257791066229,worker1,worker1,worker1,0,0.22397851943969727,0.0,0.0
model_0,305,1,0.31588172912597656,1,1,1,0,0.9289658665657043,0.223191499710083,0.09269022941589355,0.2934333355473302,worker1,worker1,worker1,0,0.223191499710083,0.0,0.0
model_0,306,1,0.47783517837524414,0,0,1,1,0.9980968832969666,0.3741133213043213,0.10372185707092285,0.21706618048424647,worker1,worker1,worker1,0,0.3741133213043213,0.0,0.0
model_0,307,1,0.30356931686401367,7,7,1,0,0.9964369535446167,0.2198188304901123,0.08375048637390137,0.27588587423483935,worker1,worker1,worker1,0,0.2198188304901123,0.0,0.0
model_0,308,1,0.376784086227417,8,8,1,0,0.9127598404884338,0.22498130798339844,0.15180277824401855,0.4028906309816768,worker1,worker1,worker1,0,0.22498130798339844,0.0,0.0
model_0,309,1,0.33260416984558105,1,1,1,0,0.9043603539466858,0.22201061248779297,0.11059355735778809,0.3325080302184234,worker1,worker1,worker1,0,0.22201061248779297,0.0,0.0
model_0,310,1,0.34806084632873535,6,6,1,0,0.978967010974884,0.22294044494628906,0.1251204013824463,0.3594785299817176,worker1,worker1,worker1,0,0.22294044494628906,0.0,0.0
model_0,311,1,1.0626335144042969,2,2,1,2,0.9587744474411011,0.8733963966369629,0.18923711776733398,0.1780831445669382,worker1->worker2,worker1,worker2,0,0.3740570545196533,0.49933934211730957,0.0
model_0,312,1,0.45586180686950684,5,7,0,1,0.7662230134010315,0.3711075782775879,0.08475422859191895,0.18592088065886236,worker1,worker1,worker1,0,0.3711075782775879,0.0,0.0
model_0,313,1,0.4534780979156494,6,6,1,1,0.9859225749969482,0.36930418014526367,0.08417391777038574,0.1856184855614411,worker1,worker1,worker1,0,0.36930418014526367,0.0,0.0
model_0,314,1,0.3050057888031006,3,3,1,0,0.9078168272972107,0.21925568580627441,0.08575010299682617,0.2811425426819783,worker1,worker1,worker1,0,0.21925568580627441,0.0,0.0
model_0,315,1,0.3742954730987549,9,1,0,0,0.6837295293807983,0.22336435317993164,0.15093111991882324,0.40324056999482133,worker1,worker1,worker1,0,0.22336435317993164,0.0,0.0
model_0,316,1,0.5351524353027344,1,1,1,1,0.783607006072998,0.37662267684936523,0.15852975845336914,0.2962329011241241,worker1,worker1,worker1,0,0.37662267684936523,0.0,0.0
model_0,317,1,0.31742382049560547,6,6,1,0,0.6972944140434265,0.2216777801513672,0.09574604034423828,0.30163470465054093,worker1,worker1,worker1,0,0.2216777801513672,0.0,0.0
model_0,318,1,0.30668210983276367,4,4,1,0,0.950074315071106,0.22211933135986328,0.08456277847290039,0.2757343052029125,worker1,worker1,worker1,0,0.22211933135986328,0.0,0.0
model_0,319,1,0.31191277503967285,3,6,0,0,0.9186252355575562,0.22225260734558105,0.0896601676940918,0.2874526946922508,worker1,worker1,worker1,0,0.22225260734558105,0.0,0.0
model_0,320,1,1.2898650169372559,5,5,1,3,0.5954362154006958,1.1029129028320312,0.1869521141052246,0.14493928562318603,worker1->worker2->worker3,worker1,worker3,0,0.37448883056640625,0.4293646812438965,0.2990593910217285
model_0,321,1,0.30933165550231934,8,8,1,0,0.9821546077728271,0.21981453895568848,0.08951711654663086,0.2893887998668137,worker1,worker1,worker1,0,0.21981453895568848,0.0,0.0
model_0,322,1,0.45865845680236816,7,7,1,1,0.7580949068069458,0.3744056224822998,0.08425283432006836,0.18369406051608497,worker1,worker1,worker1,0,0.3744056224822998,0.0,0.0
model_0,323,1,1.3762609958648682,6,2,0,3,0.6102485060691833,1.1816983222961426,0.19456267356872559,0.14137047707761183,worker1->worker2->worker3,worker1,worker3,0,0.3683617115020752,0.4981238842010498,0.3152127265930176
model_0,324,1,1.2929177284240723,3,3,1,3,0.5535340905189514,1.1081359386444092,0.18478178977966309,0.14291844385558253,worker1->worker2->worker3,worker1,worker3,0,0.37097787857055664,0.45932555198669434,0.2778325080871582
model_0,325,1,0.3086979389190674,2,3,0,0,0.5871955752372742,0.21977710723876953,0.08892083168029785,0.28805126458460284,worker1,worker1,worker1,0,0.21977710723876953,0.0,0.0
model_0,326,1,0.3330564498901367,9,9,1,0,0.9534716010093689,0.22408008575439453,0.10897636413574219,0.32720088192764185,worker1,worker1,worker1,0,0.22408008575439453,0.0,0.0
model_0,327,1,0.3178114891052246,3,6,0,0,0.5985265374183655,0.22193598747253418,0.09587550163269043,0.3016741210414419,worker1,worker1,worker1,0,0.22193598747253418,0.0,0.0
model_0,328,1,0.47316884994506836,0,0,1,1,0.9151591062545776,0.37317919731140137,0.09998965263366699,0.21131917843973688,worker1,worker1,worker1,0,0.37317919731140137,0.0,0.0
model_0,329,1,0.3029165267944336,8,8,1,0,0.9987428784370422,0.21684789657592773,0.08606863021850586,0.2841331608060926,worker1,worker1,worker1,0,0.21684789657592773,0.0,0.0
model_0,330,1,0.46546030044555664,0,0,1,1,0.7049916982650757,0.3752574920654297,0.09020280838012695,0.19379270003001617,worker1,worker1,worker1,0,0.3752574920654297,0.0,0.0
model_0,331,1,0.3029153347015381,3,3,1,0,0.8673927187919617,0.21989870071411133,0.08301663398742676,0.2740588688559557,worker1,worker1,worker1,0,0.21989870071411133,0.0,0.0
model_0,332,1,0.307697057723999,3,3,1,0,0.9867458939552307,0.2236936092376709,0.08400344848632812,0.273006993006993,worker1,worker1,worker1,0,0.2236936092376709,0.0,0.0
model_0,333,1,0.46532654762268066,6,6,1,1,0.9811118245124817,0.38073015213012695,0.08459639549255371,0.18180006261140808,worker1,worker1,worker1,0,0.38073015213012695,0.0,0.0
model_0,334,1,0.9820556640625,0,5,0,2,0.9107791185379028,0.8255710601806641,0.15648460388183594,0.15934392479801118,worker1->worker2,worker1,worker2,0,0.3675858974456787,0.45798516273498535,0.0
model_0,335,1,0.4517810344696045,5,5,1,1,0.8433462381362915,0.36646223068237305,0.08531880378723145,0.1888499013408046,worker1,worker1,worker1,0,0.36646223068237305,0.0,0.0
model_0,336,1,0.4503202438354492,1,1,1,1,0.7100387215614319,0.3652796745300293,0.08504056930541992,0.18884465104458964,worker1,worker1,worker1,0,0.3652796745300293,0.0,0.0
model_0,337,1,0.3006715774536133,9,9,1,0,0.9970912933349609,0.21635723114013672,0.08431434631347656,0.28042007504511907,worker1,worker1,worker1,0,0.21635723114013672,0.0,0.0
model_0,338,1,0.317901611328125,8,8,1,0,0.9328349828720093,0.23331212997436523,0.08458948135375977,0.26608698521647306,worker1,worker1,worker1,0,0.23331212997436523,0.0,0.0
model_0,339,1,0.45882201194763184,2,2,1,1,0.6594148874282837,0.3738570213317871,0.08496499061584473,0.1851807201994971,worker1,worker1,worker1,0,0.3738570213317871,0.0,0.0
model_0,340,1,0.30474305152893066,4,5,0,0,0.9213518500328064,0.21900224685668945,0.08574080467224121,0.2813544205259802,worker1,worker1,worker1,0,0.21900224685668945,0.0,0.0
model_0,341,1,1.012629747390747,2,2,1,2,0.939241886138916,0.8590943813323975,0.1535353660583496,0.1516204382243023,worker1->worker2,worker1,worker2,0,0.3719468116760254,0.48714756965637207,0.0
model_0,342,1,0.30701446533203125,5,5,1,0,0.9905775785446167,0.22083497047424316,0.08617949485778809,0.2807017407619095,worker1,worker1,worker1,0,0.22083497047424316,0.0,0.0
model_0,343,1,0.31809067726135254,7,7,1,0,0.9647627472877502,0.22478604316711426,0.09330463409423828,0.29332715720422226,worker1,worker1,worker1,0,0.22478604316711426,0.0,0.0
model_0,344,1,1.0290441513061523,8,8,1,2,0.9448506236076355,0.8731672763824463,0.15587687492370605,0.15147734402440707,worker1->worker2,worker1,worker2,0,0.37665843963623047,0.4965088367462158,0.0
model_0,345,1,0.46018290519714355,6,6,1,1,0.9204341769218445,0.37557482719421387,0.08460807800292969,0.1838574989366095,worker1,worker1,worker1,0,0.37557482719421387,0.0,0.0
model_0,346,1,0.30228161811828613,4,4,1,0,0.9545081257820129,0.2179090976715088,0.08437252044677734,0.2791189254973534,worker1,worker1,worker1,0,0.2179090976715088,0.0,0.0
model_0,347,1,0.309401273727417,0,1,0,0,0.7700619101524353,0.22440528869628906,0.08499598503112793,0.27471116717512134,worker1,worker1,worker1,0,0.22440528869628906,0.0,0.0
model_0,348,1,0.3116886615753174,9,9,1,0,0.9942025542259216,0.2239069938659668,0.08778166770935059,0.2816325344197314,worker1,worker1,worker1,0,0.2239069938659668,0.0,0.0
model_0,349,1,0.30675339698791504,1,1,1,0,0.9983794689178467,0.22322559356689453,0.08352780342102051,0.2722962622132305,worker1,worker1,worker1,0,0.22322559356689453,0.0,0.0
model_0,350,1,0.45502495765686035,6,6,1,1,0.9898523688316345,0.37111520767211914,0.08390974998474121,0.18440691784651192,worker1,worker1,worker1,0,0.37111520767211914,0.0,0.0
model_0,351,1,0.30376768112182617,0,0,1,0,0.996012806892395,0.21893024444580078,0.08483743667602539,0.27928394608247115,worker1,worker1,worker1,0,0.21893024444580078,0.0,0.0
model_0,352,1,0.30489373207092285,2,6,0,0,0.744478702545166,0.22097516059875488,0.08391857147216797,0.27523875581885443,worker1,worker1,worker1,0,0.22097516059875488,0.0,0.0
model_0,353,1,0.3234403133392334,4,4,1,0,0.7736582159996033,0.23136091232299805,0.09207940101623535,0.2846874592273223,worker1,worker1,worker1,0,0.23136091232299805,0.0,0.0
model_0,354,1,0.31243324279785156,2,2,1,0,0.9769112467765808,0.22365021705627441,0.08878302574157715,0.2841663868624279,worker1,worker1,worker1,0,0.22365021705627441,0.0,0.0
model_0,355,1,0.310654878616333,8,8,1,0,0.6916253566741943,0.22233176231384277,0.08832311630249023,0.284312664574541,worker1,worker1,worker1,0,0.22233176231384277,0.0,0.0
model_0,356,1,0.3089730739593506,7,7,1,0,0.9608857035636902,0.22403955459594727,0.08493351936340332,0.2748897121519962,worker1,worker1,worker1,0,0.22403955459594727,0.0,0.0
model_0,357,1,1.3312358856201172,6,2,0,3,0.584320068359375,1.1251766681671143,0.20605921745300293,0.15478790774710546,worker1->worker2->worker3,worker1,worker3,0,0.3736722469329834,0.4567742347717285,0.29473018646240234
model_0,358,1,0.30853700637817383,0,0,1,0,0.9978528022766113,0.221937894821167,0.08659911155700684,0.280676579362614,worker1,worker1,worker1,0,0.221937894821167,0.0,0.0
model_0,359,1,0.308624267578125,5,5,1,0,0.8828943371772766,0.2237250804901123,0.0848991870880127,0.27508914886779395,worker1,worker1,worker1,0,0.2237250804901123,0.0,0.0
model_0,360,1,0.45802831649780273,4,4,1,1,0.6440412998199463,0.3727574348449707,0.08527088165283203,0.18616945411767155,worker1,worker1,worker1,0,0.3727574348449707,0.0,0.0
model_0,361,1,0.3036830425262451,4,4,1,0,0.9957292675971985,0.21935057640075684,0.08433246612548828,0.27769896344541545,worker1,worker1,worker1,0,0.21935057640075684,0.0,0.0
model_0,362,1,0.45864295959472656,2,2,1,1,0.8206833004951477,0.3762397766113281,0.08240318298339844,0.17966738889050615,worker1,worker1,worker1,0,0.3762397766113281,0.0,0.0
model_0,363,1,0.30483102798461914,5,5,1,0,0.9628159403800964,0.2208423614501953,0.08398866653442383,0.2755253200099487,worker1,worker1,worker1,0,0.2208423614501953,0.0,0.0
model_0,364,1,1.0700693130493164,1,1,1,2,0.9529206156730652,0.8841545581817627,0.1859147548675537,0.1737408526722095,worker1->worker2,worker1,worker2,0,0.3757014274597168,0.5084531307220459,0.0
model_0,365,1,0.45732927322387695,5,5,1,1,0.7946270108222961,0.3725247383117676,0.08480453491210938,0.1854343027602235,worker1,worker1,worker1,0,0.3725247383117676,0.0,0.0
model_0,366,1,0.3027513027191162,9,9,1,0,0.9938008189201355,0.2186586856842041,0.08409261703491211,0.27776137139509116,worker1,worker1,worker1,0,0.2186586856842041,0.0,0.0
model_0,367,1,0.45786476135253906,1,8,0,1,0.9759676456451416,0.37382054328918457,0.08404421806335449,0.18355686036000382,worker1,worker1,worker1,0,0.37382054328918457,0.0,0.0
model_0,368,1,0.3060183525085449,9,9,1,0,0.5498778820037842,0.22076916694641113,0.08524918556213379,0.2785754019761066,worker1,worker1,worker1,0,0.22076916694641113,0.0,0.0
model_0,369,1,0.3573915958404541,8,8,1,0,0.9853304624557495,0.2230544090270996,0.1343371868133545,0.3758823329279544,worker1,worker1,worker1,0,0.2230544090270996,0.0,0.0
model_0,370,1,0.30871081352233887,9,9,1,0,0.9638040065765381,0.22342157363891602,0.08528923988342285,0.2762755178877178,worker1,worker1,worker1,0,0.22342157363891602,0.0,0.0
model_0,371,1,0.3083343505859375,2,2,1,0,0.5063552260398865,0.22349095344543457,0.08484339714050293,0.2751668666798634,worker1,worker1,worker1,0,0.22349095344543457,0.0,0.0
model_0,372,1,0.45868492126464844,4,4,1,1,0.9384241104125977,0.37546753883361816,0.08321738243103027,0.1814260259560967,worker1,worker1,worker1,0,0.37546753883361816,0.0,0.0
model_0,373,1,0.3014657497406006,4,4,1,0,0.9519513845443726,0.21804523468017578,0.0834205150604248,0.2767163935943134,worker1,worker1,worker1,0,0.21804523468017578,0.0,0.0
model_0,374,1,0.3671879768371582,9,9,1,0,0.9663483500480652,0.22303032875061035,0.14415764808654785,0.3925990423986006,worker1,worker1,worker1,0,0.22303032875061035,0.0,0.0
model_0,375,1,0.48397254943847656,6,6,1,1,0.9983856678009033,0.37147092819213867,0.11250162124633789,0.2324545501121222,worker1,worker1,worker1,0,0.37147092819213867,0.0,0.0
model_0,376,1,0.4540226459503174,5,5,1,1,0.9529818296432495,0.3695063591003418,0.08451628684997559,0.1861499368012229,worker1,worker1,worker1,0,0.3695063591003418,0.0,0.0
model_0,377,1,0.3173832893371582,0,0,1,0,0.9046379327774048,0.2335660457611084,0.0838172435760498,0.26408839529988687,worker1,worker1,worker1,0,0.2335660457611084,0.0,0.0
model_0,378,1,0.3085780143737793,4,3,0,0,0.7397461533546448,0.22472596168518066,0.08385205268859863,0.27173696369381967,worker1,worker1,worker1,0,0.22472596168518066,0.0,0.0
model_0,379,1,0.3065507411956787,8,8,1,0,0.9771603345870972,0.22285866737365723,0.08369207382202148,0.2730121398356001,worker1,worker1,worker1,0,0.22285866737365723,0.0,0.0
model_0,380,1,0.31531763076782227,8,8,1,0,0.9419275522232056,0.2243661880493164,0.09095144271850586,0.28844388592237047,worker1,worker1,worker1,0,0.2243661880493164,0.0,0.0
model_0,381,1,0.3796513080596924,1,1,1,0,0.7111907601356506,0.22864341735839844,0.15100789070129395,0.3977541694062886,worker1,worker1,worker1,0,0.22864341735839844,0.0,0.0
model_0,382,1,0.4612102508544922,6,6,1,1,0.6126605272293091,0.37178802490234375,0.08942222595214844,0.19388603307596555,worker1,worker1,worker1,0,0.37178802490234375,0.0,0.0
model_0,383,1,0.31640172004699707,1,1,1,0,0.9850505590438843,0.21853137016296387,0.0978703498840332,0.3093230652143608,worker1,worker1,worker1,0,0.21853137016296387,0.0,0.0
model_0,384,1,0.4631350040435791,4,5,0,1,0.8224411606788635,0.37918996810913086,0.08394503593444824,0.18125392207786858,worker1,worker1,worker1,0,0.37918996810913086,0.0,0.0
model_0,385,1,1.0842902660369873,5,3,0,2,0.7096735835075378,0.9266669750213623,0.157623291015625,0.14537001387251056,worker1->worker2,worker1,worker2,0,0.36557555198669434,0.561091423034668,0.0
model_0,386,1,0.4583556652069092,6,6,1,1,0.9956557750701904,0.37332916259765625,0.08502650260925293,0.1855033308486993,worker1,worker1,worker1,0,0.37332916259765625,0.0,0.0
model_0,387,1,0.3105158805847168,6,6,1,0,0.8571217060089111,0.2232813835144043,0.0872344970703125,0.2809340923435079,worker1,worker1,worker1,0,0.2232813835144043,0.0,0.0
model_0,388,1,0.32454824447631836,8,8,1,0,0.9471482634544373,0.223588228225708,0.10096001625061035,0.3110786084007834,worker1,worker1,worker1,0,0.223588228225708,0.0,0.0
model_0,389,1,0.3398723602294922,7,7,1,0,0.9940250515937805,0.223496675491333,0.11637568473815918,0.34240997020051517,worker1,worker1,worker1,0,0.223496675491333,0.0,0.0
model_0,390,1,0.4618566036224365,5,7,0,1,0.8621470332145691,0.37519145011901855,0.08666515350341797,0.18764515398001308,worker1,worker1,worker1,0,0.37519145011901855,0.0,0.0
model_0,391,1,1.0768420696258545,5,9,0,2,0.6915329098701477,0.8978984355926514,0.17894363403320312,0.16617444570620885,worker1->worker2,worker1,worker2,0,0.37309908866882324,0.5247993469238281,0.0
model_0,392,1,0.3144869804382324,2,2,1,0,0.988396942615509,0.22960305213928223,0.0848839282989502,0.2699123765971674,worker1,worker1,worker1,0,0.22960305213928223,0.0,0.0
model_0,393,1,0.3064589500427246,7,7,1,0,0.9675980806350708,0.2238607406616211,0.08259820938110352,0.2695245460104467,worker1,worker1,worker1,0,0.2238607406616211,0.0,0.0
model_0,394,1,0.3103485107421875,9,1,0,0,0.817619800567627,0.22043442726135254,0.08991408348083496,0.2897197195044004,worker1,worker1,worker1,0,0.22043442726135254,0.0,0.0
model_0,395,1,1.0259382724761963,2,2,1,2,0.956571638584137,0.8723106384277344,0.15362763404846191,0.14974354517223293,worker1->worker2,worker1,worker2,0,0.37052106857299805,0.5017895698547363,0.0
model_0,396,1,0.46431422233581543,7,7,1,1,0.9920874238014221,0.37952256202697754,0.08479166030883789,0.18261697839510135,worker1,worker1,worker1,0,0.37952256202697754,0.0,0.0
model_0,397,1,0.31232285499572754,9,9,1,0,0.9943335056304932,0.22306609153747559,0.08925676345825195,0.2857836435296192,worker1,worker1,worker1,0,0.22306609153747559,0.0,0.0
model_0,398,1,0.30554628372192383,5,5,1,0,0.8756380081176758,0.2211604118347168,0.08438587188720703,0.27618032482439286,worker1,worker1,worker1,0,0.2211604118347168,0.0,0.0
model_0,399,1,0.307858943939209,9,9,1,0,0.9976413249969482,0.22283530235290527,0.08502364158630371,0.2761772664402201,worker1,worker1,worker1,0,0.22283530235290527,0.0,0.0
model_0,400,1,0.46562886238098145,8,8,1,1,0.8535887002944946,0.3773488998413086,0.08827996253967285,0.18959297773822587,worker1,worker1,worker1,0,0.3773488998413086,0.0,0.0
model_0,401,1,0.31234192848205566,8,8,1,0,0.9985617995262146,0.22434687614440918,0.08799505233764648,0.2817266729615582,worker1,worker1,worker1,0,0.22434687614440918,0.0,0.0
model_0,402,1,0.38557910919189453,1,1,1,0,0.983661949634552,0.22567057609558105,0.15990853309631348,0.41472302125354615,worker1,worker1,worker1,0,0.22567057609558105,0.0,0.0
model_0,403,1,0.3504760265350342,7,7,1,0,0.9802148342132568,0.2216346263885498,0.12884140014648438,0.3676182973776244,worker1,worker1,worker1,0,0.2216346263885498,0.0,0.0
model_0,404,1,0.380016565322876,6,2,0,0,0.9613757133483887,0.22098374366760254,0.15903282165527344,0.4184891822285519,worker1,worker1,worker1,0,0.22098374366760254,0.0,0.0
model_0,405,1,1.0898399353027344,3,2,0,2,0.841019868850708,0.9045233726501465,0.1853165626525879,0.17004016521115176,worker1->worker2,worker1,worker2,0,0.3777434825897217,0.5267798900604248,0.0
model_0,406,1,0.3150050640106201,6,6,1,0,0.9380283355712891,0.23027873039245605,0.08472633361816406,0.2689681636842117,worker1,worker1,worker1,0,0.23027873039245605,0.0,0.0
model_0,407,1,0.3680543899536133,6,6,1,0,0.9996182918548584,0.22545528411865234,0.14259910583496094,0.3874403069962921,worker1,worker1,worker1,0,0.22545528411865234,0.0,0.0
model_0,408,1,0.35819101333618164,3,2,0,0,0.771181583404541,0.22340965270996094,0.1347813606262207,0.37628347894848246,worker1,worker1,worker1,0,0.22340965270996094,0.0,0.0
model_0,409,1,0.3701951503753662,7,7,1,0,0.9853545427322388,0.22544121742248535,0.14475393295288086,0.39102060847124803,worker1,worker1,worker1,0,0.22544121742248535,0.0,0.0
model_0,410,1,0.326657772064209,9,1,0,0,0.7552874684333801,0.2339320182800293,0.09272575378417969,0.28386207742197295,worker1,worker1,worker1,0,0.2339320182800293,0.0,0.0
model_0,411,1,0.3681309223175049,6,6,1,0,0.8287308812141418,0.23279404640197754,0.13533687591552734,0.3676324582122505,worker1,worker1,worker1,0,0.23279404640197754,0.0,0.0
model_0,412,1,0.3619956970214844,8,8,1,0,0.9433923363685608,0.22703123092651367,0.1349644660949707,0.3728344486010854,worker1,worker1,worker1,0,0.22703123092651367,0.0,0.0
model_0,413,1,0.3150599002838135,8,8,1,0,0.8882266879081726,0.2264392375946045,0.08862066268920898,0.2812819486369969,worker1,worker1,worker1,0,0.2264392375946045,0.0,0.0
model_0,414,1,0.3336033821105957,6,6,1,0,0.9177402853965759,0.24338769912719727,0.09021568298339844,0.27042796272817843,worker1,worker1,worker1,0,0.24338769912719727,0.0,0.0
model_0,415,1,0.3129713535308838,3,6,0,0,0.8870390057563782,0.22608566284179688,0.08688569068908691,0.2776154740964594,worker1,worker1,worker1,0,0.22608566284179688,0.0,0.0
model_0,416,1,0.45654845237731934,5,5,1,1,0.9989951252937317,0.3739783763885498,0.08257007598876953,0.1808572026885957,worker1,worker1,worker1,0,0.3739783763885498,0.0,0.0
model_0,417,1,0.30860352516174316,7,7,1,0,0.8398817777633667,0.22229433059692383,0.08630919456481934,0.27967663207859844,worker1,worker1,worker1,0,0.22229433059692383,0.0,0.0
model_0,418,1,0.47261929512023926,0,7,0,1,0.8845033645629883,0.37098002433776855,0.1016392707824707,0.21505527140319697,worker1,worker1,worker1,0,0.37098002433776855,0.0,0.0
model_0,419,1,0.30680227279663086,4,4,1,0,0.8832855820655823,0.22293496131896973,0.08386731147766113,0.2733594856165033,worker1,worker1,worker1,0,0.22293496131896973,0.0,0.0
model_0,420,1,0.3243570327758789,1,1,1,0,0.9523857235908508,0.22336149215698242,0.10099554061889648,0.3113715147612705,worker1,worker1,worker1,0,0.22336149215698242,0.0,0.0
model_0,421,1,0.33976054191589355,0,7,0,0,0.8278810381889343,0.22258496284484863,0.11717557907104492,0.3448769489543942,worker1,worker1,worker1,0,0.22258496284484863,0.0,0.0
model_0,422,1,0.4611175060272217,2,2,1,1,0.9398937225341797,0.37168383598327637,0.08943367004394531,0.19394984765264078,worker1,worker1,worker1,0,0.37168383598327637,0.0,0.0
model_0,423,1,0.3056964874267578,3,3,1,0,0.8656126260757446,0.2208116054534912,0.0848848819732666,0.27767699487749026,worker1,worker1,worker1,0,0.2208116054534912,0.0,0.0
model_0,424,1,0.3109302520751953,5,5,1,0,0.9505502581596375,0.22311758995056152,0.08781266212463379,0.2824191648723753,worker1,worker1,worker1,0,0.22311758995056152,0.0,0.0
model_0,425,1,1.2990596294403076,3,3,1,3,0.7003264427185059,1.1063835620880127,0.19267606735229492,0.14831964829459623,worker1->worker2->worker3,worker1,worker3,0,0.3730809688568115,0.4397926330566406,0.29350996017456055
model_0,426,1,0.46365928649902344,2,2,1,1,0.8612517714500427,0.37717533111572266,0.08648395538330078,0.18652479935497407,worker1,worker1,worker1,0,0.37717533111572266,0.0,0.0
model_0,427,1,0.3102998733520508,4,2,0,0,0.8074566125869751,0.22450542449951172,0.08579444885253906,0.27648882974309485,worker1,worker1,worker1,0,0.22450542449951172,0.0,0.0
model_0,428,1,0.30676913261413574,1,1,1,0,0.8782304525375366,0.2235398292541504,0.08322930335998535,0.2713092502193625,worker1,worker1,worker1,0,0.2235398292541504,0.0,0.0
model_0,429,1,0.46097421646118164,5,5,1,1,0.9472468495368958,0.3733055591583252,0.08766865730285645,0.19018125997560856,worker1,worker1,worker1,0,0.3733055591583252,0.0,0.0
model_0,430,1,0.3080587387084961,4,4,1,0,0.8499786257743835,0.22322893142700195,0.08482980728149414,0.2753689365772716,worker1,worker1,worker1,0,0.22322893142700195,0.0,0.0
model_0,431,1,0.5031554698944092,6,6,1,1,0.9821377992630005,0.3747110366821289,0.12844443321228027,0.25527782345133854,worker1,worker1,worker1,0,0.3747110366821289,0.0,0.0
model_0,432,1,0.46111106872558594,6,6,1,1,0.6896780133247375,0.37635135650634766,0.08475971221923828,0.1838162602634899,worker1,worker1,worker1,0,0.37635135650634766,0.0,0.0
model_0,433,1,0.305666446685791,4,4,1,0,0.8007133603096008,0.22165226936340332,0.0840141773223877,0.2748557397559237,worker1,worker1,worker1,0,0.22165226936340332,0.0,0.0
model_0,434,1,0.31461095809936523,4,4,1,0,0.9071969389915466,0.22240781784057617,0.09220314025878906,0.29307033936709875,worker1,worker1,worker1,0,0.22240781784057617,0.0,0.0
model_0,435,1,0.32411909103393555,4,4,1,0,0.9974483251571655,0.22131681442260742,0.10280227661132812,0.31717439501446903,worker1,worker1,worker1,0,0.22131681442260742,0.0,0.0
model_0,436,1,0.3079190254211426,8,8,1,0,0.7473382949829102,0.22016692161560059,0.08775210380554199,0.2849843516019283,worker1,worker1,worker1,0,0.22016692161560059,0.0,0.0
model_0,437,1,1.0548360347747803,5,3,0,2,0.7567178606987,0.8966255187988281,0.15821051597595215,0.14998588478230357,worker1->worker2,worker1,worker2,0,0.3760664463043213,0.5205590724945068,0.0
model_0,438,1,0.31398677825927734,8,8,1,0,0.8183113932609558,0.22771811485290527,0.08626866340637207,0.27475253539222266,worker1,worker1,worker1,0,0.22771811485290527,0.0,0.0
model_0,439,1,0.4599602222442627,7,7,1,1,0.5794918537139893,0.37238001823425293,0.08758020401000977,0.19040821309000094,worker1,worker1,worker1,0,0.37238001823425293,0.0,0.0
model_0,440,1,0.3137376308441162,5,5,1,0,0.8795068860054016,0.2254505157470703,0.0882871150970459,0.28140428949982177,worker1,worker1,worker1,0,0.2254505157470703,0.0,0.0
model_0,441,1,0.308276891708374,6,6,1,0,0.8728607296943665,0.22387027740478516,0.08440661430358887,0.2738013019264397,worker1,worker1,worker1,0,0.22387027740478516,0.0,0.0
model_0,442,1,0.30866146087646484,0,0,1,0,0.8747933506965637,0.22102046012878418,0.08764100074768066,0.2839389164388006,worker1,worker1,worker1,0,0.22102046012878418,0.0,0.0
model_0,443,1,0.4611539840698242,2,2,1,1,0.9937775135040283,0.37744641304016113,0.08370757102966309,0.1815176143354944,worker1,worker1,worker1,0,0.37744641304016113,0.0,0.0
model_0,444,1,0.30481696128845215,9,1,0,0,0.8222156167030334,0.221174955368042,0.08364200592041016,0.2744007602689099,worker1,worker1,worker1,0,0.221174955368042,0.0,0.0
model_0,445,1,0.305633544921875,0,0,1,0,0.8233054876327515,0.22069811820983887,0.08493542671203613,0.27789955691462803,worker1,worker1,worker1,0,0.22069811820983887,0.0,0.0
model_0,446,1,0.45673203468322754,4,4,1,1,0.9428620934486389,0.3737189769744873,0.08301305770874023,0.1817544017167857,worker1,worker1,worker1,0,0.3737189769744873,0.0,0.0
model_0,447,1,0.46244096755981445,9,0,0,1,0.729887843132019,0.3761732578277588,0.08626770973205566,0.18654858843339256,worker1,worker1,worker1,0,0.3761732578277588,0.0,0.0
model_0,448,1,0.45696401596069336,5,5,1,1,0.8135985136032104,0.3714027404785156,0.08556127548217773,0.1872385406590471,worker1,worker1,worker1,0,0.3714027404785156,0.0,0.0
model_0,449,1,0.46315956115722656,6,6,1,1,0.9980096220970154,0.3714473247528076,0.09171223640441895,0.19801434342685595,worker1,worker1,worker1,0,0.3714473247528076,0.0,0.0
model_0,450,1,0.45520901679992676,2,2,1,1,0.9997238516807556,0.37168383598327637,0.08352518081665039,0.18348753591003963,worker1,worker1,worker1,0,0.37168383598327637,0.0,0.0
model_0,451,1,0.30672693252563477,4,2,0,0,0.7762877345085144,0.2229781150817871,0.08374881744384766,0.27304031228770015,worker1,worker1,worker1,0,0.2229781150817871,0.0,0.0
model_0,452,1,0.30573344230651855,0,0,1,0,0.9326361417770386,0.2207481861114502,0.08498525619506836,0.2779717375826517,worker1,worker1,worker1,0,0.2207481861114502,0.0,0.0
model_0,453,1,1.4205787181854248,0,0,1,3,0.3816167712211609,1.195225477218628,0.22535324096679688,0.1586348141654914,worker1->worker2->worker3,worker1,worker3,0,0.36997556686401367,0.5307989120483398,0.2944509983062744
model_0,454,1,0.3119993209838867,6,6,1,0,0.928001344203949,0.22699952125549316,0.08499979972839355,0.27243584845104,worker1,worker1,worker1,0,0.22699952125549316,0.0,0.0
model_0,455,1,0.47298192977905273,6,6,1,1,0.7983622550964355,0.3773372173309326,0.09564471244812012,0.20221641975370874,worker1,worker1,worker1,0,0.3773372173309326,0.0,0.0
model_0,456,1,0.45778918266296387,4,2,0,1,0.7210465669631958,0.37424492835998535,0.08354425430297852,0.18249503803694272,worker1,worker1,worker1,0,0.37424492835998535,0.0,0.0
model_0,457,1,0.45728325843811035,2,2,1,1,0.8205816149711609,0.372269868850708,0.08501338958740234,0.18590969168163463,worker1,worker1,worker1,0,0.372269868850708,0.0,0.0
model_0,458,1,0.31035566329956055,9,1,0,0,0.9328436851501465,0.22536444664001465,0.0849912166595459,0.2738510254846258,worker1,worker1,worker1,0,0.22536444664001465,0.0,0.0
model_0,459,1,0.3060598373413086,6,6,1,0,0.9995936751365662,0.22283077239990234,0.08322906494140625,0.271937231831538,worker1,worker1,worker1,0,0.22283077239990234,0.0,0.0
model_0,460,1,0.3289666175842285,3,4,0,0,0.8192521929740906,0.22479939460754395,0.10416722297668457,0.31664982830670846,worker1,worker1,worker1,0,0.22479939460754395,0.0,0.0
model_0,461,1,1.1015052795410156,0,0,1,2,0.893028736114502,0.922128438949585,0.17937684059143066,0.1628470093817207,worker1->worker2,worker1,worker2,0,0.37378597259521484,0.5483424663543701,0.0
model_0,462,1,0.4717824459075928,5,5,1,1,0.9477213025093079,0.38550567626953125,0.08627676963806152,0.1828740564352418,worker1,worker1,worker1,0,0.38550567626953125,0.0,0.0
model_0,463,1,0.45940589904785156,1,1,1,1,0.9820418357849121,0.3750174045562744,0.08438849449157715,0.18369048953545822,worker1,worker1,worker1,0,0.3750174045562744,0.0,0.0
model_0,464,1,0.30745530128479004,6,6,1,0,0.878257155418396,0.22428321838378906,0.08317208290100098,0.2705176412748214,worker1,worker1,worker1,0,0.22428321838378906,0.0,0.0
model_0,465,1,0.3072686195373535,8,8,1,0,0.9940242171287537,0.22115683555603027,0.08611178398132324,0.2802491973016299,worker1,worker1,worker1,0,0.22115683555603027,0.0,0.0
model_0,466,1,0.3067634105682373,2,2,1,0,0.8260186314582825,0.22199702262878418,0.08476638793945312,0.27632496255806704,worker1,worker1,worker1,0,0.22199702262878418,0.0,0.0
model_0,467,1,0.3368227481842041,8,8,1,0,0.9915016889572144,0.22590303421020508,0.11091971397399902,0.32931182520171837,worker1,worker1,worker1,0,0.22590303421020508,0.0,0.0
model_0,468,1,0.46097517013549805,2,8,0,1,0.9111008048057556,0.3753206729888916,0.08565449714660645,0.18581152022012237,worker1,worker1,worker1,0,0.3753206729888916,0.0,0.0
model_0,469,1,0.3083455562591553,8,8,1,0,0.9836517572402954,0.2244429588317871,0.08390259742736816,0.27210574540224775,worker1,worker1,worker1,0,0.2244429588317871,0.0,0.0
model_0,470,1,0.31126976013183594,6,6,1,0,0.8218120336532593,0.22634434700012207,0.08492541313171387,0.27283541162413066,worker1,worker1,worker1,0,0.22634434700012207,0.0,0.0
model_0,471,1,0.30585145950317383,9,9,1,0,0.9557421207427979,0.22325754165649414,0.08259391784667969,0.2700458516066771,worker1,worker1,worker1,0,0.22325754165649414,0.0,0.0
model_0,472,1,0.30737853050231934,4,4,1,0,0.9299773573875427,0.22267699241638184,0.0847015380859375,0.27556100924654003,worker1,worker1,worker1,0,0.22267699241638184,0.0,0.0
model_0,473,1,0.33006834983825684,7,7,1,0,0.9035689830780029,0.22178173065185547,0.10828661918640137,0.328073319479026,worker1,worker1,worker1,0,0.22178173065185547,0.0,0.0
model_0,474,1,0.48926520347595215,8,8,1,1,0.9631631970405579,0.37476229667663574,0.1145029067993164,0.23403034997346656,worker1,worker1,worker1,0,0.37476229667663574,0.0,0.0
model_0,475,1,0.3068807125091553,0,0,1,0,0.9307960867881775,0.2223963737487793,0.08448433876037598,0.2753002561471032,worker1,worker1,worker1,0,0.2223963737487793,0.0,0.0
model_0,476,1,0.3108351230621338,9,1,0,0,0.8612887859344482,0.2218766212463379,0.0889585018157959,0.28619192367785834,worker1,worker1,worker1,0,0.2218766212463379,0.0,0.0
model_0,477,1,0.32325196266174316,3,3,1,0,0.9769663214683533,0.22258400917053223,0.10066795349121094,0.3114225592391894,worker1,worker1,worker1,0,0.22258400917053223,0.0,0.0
model_0,478,1,0.48926353454589844,3,3,1,1,0.8339666724205017,0.37598705291748047,0.11327648162841797,0.23152447225308462,worker1,worker1,worker1,0,0.37598705291748047,0.0,0.0
model_0,479,1,0.3001413345336914,5,5,1,0,0.9969856142997742,0.22199010848999023,0.07815122604370117,0.2603814171917349,worker1,worker1,worker1,0,0.22199010848999023,0.0,0.0
model_0,480,1,0.30000734329223633,8,8,1,0,0.9620723724365234,0.22144532203674316,0.07856202125549316,0.2618669942987566,worker1,worker1,worker1,0,0.22144532203674316,0.0,0.0
model_0,481,1,0.30272722244262695,8,8,1,0,0.9904831647872925,0.22159767150878906,0.08112955093383789,0.26799555811077946,worker1,worker1,worker1,0,0.22159767150878906,0.0,0.0
model_0,482,1,1.3757941722869873,1,1,1,3,0.830453097820282,1.1889495849609375,0.1868445873260498,0.13580853232969975,worker1->worker2->worker3,worker1,worker3,0,0.3722035884857178,0.524061918258667,0.29268407821655273
model_0,483,1,0.31026148796081543,8,8,1,0,0.943149983882904,0.22841644287109375,0.08184504508972168,0.26379376192529036,worker1,worker1,worker1,0,0.22841644287109375,0.0,0.0
model_0,484,1,0.5157327651977539,0,0,1,1,0.9717484712600708,0.3703901767730713,0.14534258842468262,0.28181763547435673,worker1,worker1,worker1,0,0.3703901767730713,0.0,0.0
model_0,485,1,0.30297207832336426,7,7,1,0,0.9710476994514465,0.22192072868347168,0.08105134963989258,0.26752085567893785,worker1,worker1,worker1,0,0.22192072868347168,0.0,0.0
model_0,486,1,1.3860483169555664,4,7,0,3,0.46769800782203674,1.176093339920044,0.20995497703552246,0.1514773868032864,worker1->worker2->worker3,worker1,worker3,0,0.369952917098999,0.5590729713439941,0.24706745147705078
model_0,487,1,0.46457338333129883,5,5,1,1,0.993546187877655,0.37986040115356445,0.08471298217773438,0.1823457503533375,worker1,worker1,worker1,0,0.37986040115356445,0.0,0.0
model_0,488,1,0.46068692207336426,3,3,1,1,0.8059254288673401,0.3773946762084961,0.08329224586486816,0.18080010930200424,worker1,worker1,worker1,0,0.3773946762084961,0.0,0.0
model_0,489,1,0.3117694854736328,8,8,1,0,0.9931837916374207,0.2232205867767334,0.08854889869689941,0.28402041515505605,worker1,worker1,worker1,0,0.2232205867767334,0.0,0.0
model_0,490,1,0.3294491767883301,8,8,1,0,0.9811850190162659,0.24207162857055664,0.08737754821777344,0.26522314934759483,worker1,worker1,worker1,0,0.24207162857055664,0.0,0.0
model_0,491,1,0.4555985927581787,8,8,1,1,0.9959814548492432,0.37139368057250977,0.08420491218566895,0.1848225905964617,worker1,worker1,worker1,0,0.37139368057250977,0.0,0.0
model_0,492,1,1.106640100479126,4,4,1,2,0.9693614840507507,0.9505264759063721,0.1561136245727539,0.141069914695088,worker1->worker2,worker1,worker2,0,0.3710920810699463,0.5794343948364258,0.0
model_0,493,1,0.3082289695739746,0,0,1,0,0.8357036113739014,0.22225260734558105,0.08597636222839355,0.27893666953897184,worker1,worker1,worker1,0,0.22225260734558105,0.0,0.0
model_0,494,1,0.3054537773132324,5,5,1,0,0.7955465316772461,0.22172999382019043,0.08372378349304199,0.27409640905237886,worker1,worker1,worker1,0,0.22172999382019043,0.0,0.0
model_0,495,1,0.3322572708129883,9,1,0,0,0.8397969007492065,0.22048568725585938,0.1117715835571289,0.33640071527596394,worker1,worker1,worker1,0,0.22048568725585938,0.0,0.0
model_0,496,1,1.3756086826324463,7,7,1,3,0.39852505922317505,1.1681699752807617,0.20743870735168457,0.1507977595450456,worker1->worker2->worker3,worker1,worker3,0,0.3694267272949219,0.5313825607299805,0.2673606872558594
model_0,497,1,0.3111572265625,4,4,1,0,0.9749051928520203,0.22144198417663574,0.08971524238586426,0.28832768365045114,worker1,worker1,worker1,0,0.22144198417663574,0.0,0.0
model_0,498,1,0.3711686134338379,4,3,0,0,0.967373788356781,0.2191753387451172,0.1519932746887207,0.40949926579881474,worker1,worker1,worker1,0,0.2191753387451172,0.0,0.0
model_0,499,1,1.2711899280548096,8,8,1,3,0.49818679690361023,1.0750141143798828,0.19617581367492676,0.1543245500498241,worker1->worker2->worker3,worker1,worker3,0,0.3727695941925049,0.4712104797363281,0.2310340404510498
model_0,500,1,0.4557640552520752,4,7,0,1,0.874626636505127,0.36957240104675293,0.08619165420532227,0.18911463774309967,worker1,worker1,worker1,0,0.36957240104675293,0.0,0.0
model_0,501,1,0.45157504081726074,1,1,1,1,0.6775984168052673,0.3676760196685791,0.08389902114868164,0.18579198043550227,worker1,worker1,worker1,0,0.3676760196685791,0.0,0.0
model_0,502,1,0.3044400215148926,7,7,1,0,0.9961573481559753,0.2211930751800537,0.08324694633483887,0.2734428473648186,worker1,worker1,worker1,0,0.2211930751800537,0.0,0.0
model_0,503,1,0.3011660575866699,5,5,1,0,0.8627685308456421,0.21725773811340332,0.0839083194732666,0.278611474831022,worker1,worker1,worker1,0,0.21725773811340332,0.0,0.0
model_0,504,1,0.30330824851989746,8,9,0,0,0.6141811609268188,0.21990346908569336,0.0834047794342041,0.27498355168778943,worker1,worker1,worker1,0,0.21990346908569336,0.0,0.0
model_0,505,1,0.4561624526977539,9,3,0,1,0.9860294461250305,0.36920619010925293,0.08695626258850098,0.19062564679368038,worker1,worker1,worker1,0,0.36920619010925293,0.0,0.0
model_0,506,1,0.301422119140625,9,9,1,0,0.9728845953941345,0.21649503707885742,0.08492708206176758,0.2817546446289359,worker1,worker1,worker1,0,0.21649503707885742,0.0,0.0
model_0,507,1,0.3158290386199951,8,8,1,0,0.9995797276496887,0.21877717971801758,0.09705185890197754,0.3072923861784291,worker1,worker1,worker1,0,0.21877717971801758,0.0,0.0
model_0,508,1,0.34284210205078125,1,8,0,0,0.7781661152839661,0.21969819068908691,0.12314391136169434,0.35918549858691057,worker1,worker1,worker1,0,0.21969819068908691,0.0,0.0
model_0,509,1,0.36920166015625,5,5,1,0,0.9121175408363342,0.2199549674987793,0.1492466926574707,0.40424166184493304,worker1,worker1,worker1,0,0.2199549674987793,0.0,0.0
model_0,510,1,0.4836578369140625,2,2,1,1,0.7289720177650452,0.37613344192504883,0.10752439498901367,0.22231500615200175,worker1,worker1,worker1,0,0.37613344192504883,0.0,0.0
model_0,511,1,0.45107269287109375,9,9,1,1,0.9978571534156799,0.367525577545166,0.08354711532592773,0.18521873890025878,worker1,worker1,worker1,0,0.367525577545166,0.0,0.0
model_0,512,1,0.30974745750427246,1,1,1,0,0.7832420468330383,0.22014474868774414,0.08960270881652832,0.28927665633960015,worker1,worker1,worker1,0,0.22014474868774414,0.0,0.0
model_0,513,1,0.30287623405456543,3,3,1,0,0.8295349478721619,0.21918654441833496,0.08368968963623047,0.2763164627210504,worker1,worker1,worker1,0,0.21918654441833496,0.0,0.0
model_0,514,1,0.31172895431518555,0,0,1,0,0.9464071989059448,0.2231292724609375,0.08859968185424805,0.2842202516891194,worker1,worker1,worker1,0,0.2231292724609375,0.0,0.0
model_0,515,1,0.35910511016845703,4,4,1,0,0.7480329871177673,0.21677184104919434,0.1423332691192627,0.3963554544030126,worker1,worker1,worker1,0,0.21677184104919434,0.0,0.0
model_0,516,1,0.45434999465942383,6,2,0,1,0.7003939747810364,0.3716871738433838,0.08266282081604004,0.18193644060236702,worker1,worker1,worker1,0,0.3716871738433838,0.0,0.0
model_0,517,1,0.3034794330596924,7,4,0,0,0.7724356651306152,0.21822357177734375,0.08525586128234863,0.28092797071220105,worker1,worker1,worker1,0,0.21822357177734375,0.0,0.0
model_0,518,1,0.30162787437438965,5,5,1,0,0.9534351229667664,0.2187206745147705,0.08290719985961914,0.27486584265986047,worker1,worker1,worker1,0,0.2187206745147705,0.0,0.0
model_0,519,1,0.45978403091430664,6,0,0,1,0.9831966161727905,0.3650364875793457,0.09474754333496094,0.20606966959367873,worker1,worker1,worker1,0,0.3650364875793457,0.0,0.0
model_0,520,1,0.30271434783935547,1,9,0,0,0.9753776788711548,0.21891379356384277,0.0838005542755127,0.27683046698527813,worker1,worker1,worker1,0,0.21891379356384277,0.0,0.0
model_0,521,1,0.45536112785339355,2,2,1,1,0.8289318680763245,0.37041735649108887,0.08494377136230469,0.18654155167511988,worker1,worker1,worker1,0,0.37041735649108887,0.0,0.0
model_0,522,1,0.45296692848205566,2,7,0,1,0.8200060129165649,0.36913514137268066,0.083831787109375,0.1850726440234941,worker1,worker1,worker1,0,0.36913514137268066,0.0,0.0
model_0,523,1,0.3371880054473877,4,2,0,0,0.7171868681907654,0.2179245948791504,0.1192634105682373,0.35370003867722477,worker1,worker1,worker1,0,0.2179245948791504,0.0,0.0
model_0,524,1,0.9592156410217285,2,5,0,2,0.8081602454185486,0.804084300994873,0.15513134002685547,0.1617272836185345,worker1->worker2,worker1,worker2,0,0.36584949493408203,0.438234806060791,0.0
model_0,525,1,0.3057277202606201,1,9,0,0,0.7137333750724792,0.22066020965576172,0.0850675106048584,0.27824598480092644,worker1,worker1,worker1,0,0.22066020965576172,0.0,0.0
model_0,526,1,0.30446314811706543,1,1,1,0,0.9913396239280701,0.22115826606750488,0.08330488204956055,0.27361236512449777,worker1,worker1,worker1,0,0.22115826606750488,0.0,0.0
model_0,527,1,0.30194544792175293,7,7,1,0,0.8622145652770996,0.2181839942932129,0.08376145362854004,0.2774059162178402,worker1,worker1,worker1,0,0.2181839942932129,0.0,0.0
model_0,528,1,0.334674596786499,8,8,1,0,0.994877278804779,0.2205822467803955,0.11409235000610352,0.3409053184842922,worker1,worker1,worker1,0,0.2205822467803955,0.0,0.0
model_0,529,1,0.46390390396118164,2,2,1,1,0.9203499555587769,0.37268948554992676,0.09121441841125488,0.19662351972551514,worker1,worker1,worker1,0,0.37268948554992676,0.0,0.0
model_0,530,1,1.3045365810394287,7,7,1,3,0.4855844974517822,1.0888111591339111,0.21572542190551758,0.16536555972514919,worker1->worker2->worker3,worker1,worker3,0,0.3686378002166748,0.5637428760528564,0.15643048286437988
model_0,531,1,1.032043695449829,3,3,1,2,0.7679693698883057,0.8896012306213379,0.1424424648284912,0.13801980037909722,worker1->worker2,worker1,worker2,0,0.3722202777862549,0.517380952835083,0.0
model_0,532,1,1.0828163623809814,2,2,1,2,0.9469241499900818,0.9288437366485596,0.15397262573242188,0.1421964343001382,worker1->worker2,worker1,worker2,0,0.37099266052246094,0.5578510761260986,0.0
model_0,533,1,0.45895981788635254,4,2,0,1,0.6417286396026611,0.3734438419342041,0.08551597595214844,0.18632562725420088,worker1,worker1,worker1,0,0.3734438419342041,0.0,0.0
model_0,534,1,0.3493969440460205,8,8,1,0,0.9737692475318909,0.21883845329284668,0.13055849075317383,0.37366809578041826,worker1,worker1,worker1,0,0.21883845329284668,0.0,0.0
model_0,535,1,0.3063938617706299,6,6,1,0,0.735832929611206,0.2200150489807129,0.08637881278991699,0.28192083317446226,worker1,worker1,worker1,0,0.2200150489807129,0.0,0.0
model_0,536,1,0.4545257091522217,7,7,1,1,0.9820091724395752,0.3696742057800293,0.08485150337219238,0.1866814168343895,worker1,worker1,worker1,0,0.3696742057800293,0.0,0.0
model_0,537,1,0.30385518074035645,2,2,1,0,0.9819600582122803,0.21986842155456543,0.08398675918579102,0.2764039072203857,worker1,worker1,worker1,0,0.21986842155456543,0.0,0.0
model_0,538,1,0.3339200019836426,2,1,0,0,0.5428194999694824,0.22215867042541504,0.11176133155822754,0.3346949296068293,worker1,worker1,worker1,0,0.22215867042541504,0.0,0.0
model_0,539,1,0.31121253967285156,3,3,1,0,0.9210924506187439,0.22139883041381836,0.0898137092590332,0.2885928354732939,worker1,worker1,worker1,0,0.22139883041381836,0.0,0.0
model_0,540,1,0.45017457008361816,9,9,1,1,0.994529664516449,0.36766791343688965,0.08250665664672852,0.18327702657971823,worker1,worker1,worker1,0,0.36766791343688965,0.0,0.0
model_0,541,1,0.30382823944091797,3,3,1,0,0.8347875475883484,0.2188258171081543,0.08500242233276367,0.2797713026583006,worker1,worker1,worker1,0,0.2188258171081543,0.0,0.0
model_0,542,1,0.4525792598724365,0,9,0,1,0.8244284391403198,0.3688538074493408,0.0837254524230957,0.18499622021277437,worker1,worker1,worker1,0,0.3688538074493408,0.0,0.0
model_0,543,1,1.3591110706329346,2,2,1,3,0.7368091940879822,1.170093059539795,0.18901801109313965,0.1390747343446437,worker1->worker2->worker3,worker1,worker3,0,0.37239575386047363,0.5615119934082031,0.23618531227111816
model_0,544,1,0.4568977355957031,4,4,1,1,0.9279181957244873,0.37160468101501465,0.08529305458068848,0.1866786546216593,worker1,worker1,worker1,0,0.37160468101501465,0.0,0.0
model_0,545,1,0.3012411594390869,2,2,1,0,0.9819114804267883,0.2173306941986084,0.08391046524047852,0.27854913782937357,worker1,worker1,worker1,0,0.2173306941986084,0.0,0.0
model_0,546,1,0.3013162612915039,1,1,1,0,0.9016068577766418,0.2176361083984375,0.0836801528930664,0.27771535639794526,worker1,worker1,worker1,0,0.2176361083984375,0.0,0.0
model_0,547,1,0.3019094467163086,8,8,1,0,0.689797580242157,0.21813154220581055,0.08377790451049805,0.27749348495617154,worker1,worker1,worker1,0,0.21813154220581055,0.0,0.0
model_0,548,1,0.31328701972961426,9,9,1,0,0.891209065914154,0.22055268287658691,0.09273433685302734,0.2960044017561363,worker1,worker1,worker1,0,0.22055268287658691,0.0,0.0
model_0,549,1,0.3360023498535156,3,3,1,0,0.9952561259269714,0.2181246280670166,0.11787772178649902,0.350824099408499,worker1,worker1,worker1,0,0.2181246280670166,0.0,0.0
model_0,550,1,0.30449414253234863,8,8,1,0,0.8136261105537415,0.21705269813537598,0.08744144439697266,0.28716954510112824,worker1,worker1,worker1,0,0.21705269813537598,0.0,0.0
model_0,551,1,0.3012819290161133,5,5,1,0,0.8706733584403992,0.21883535385131836,0.08244657516479492,0.27365257330248133,worker1,worker1,worker1,0,0.21883535385131836,0.0,0.0
model_0,552,1,0.32146310806274414,5,5,1,0,0.49033334851264954,0.21683120727539062,0.10463190078735352,0.3254864964689234,worker1,worker1,worker1,0,0.21683120727539062,0.0,0.0
model_0,553,1,0.3087038993835449,9,9,1,0,0.9108718633651733,0.21792936325073242,0.0907745361328125,0.2940505005413972,worker1,worker1,worker1,0,0.21792936325073242,0.0,0.0
model_0,554,1,0.29879331588745117,7,7,1,0,0.9980074763298035,0.2158679962158203,0.08292531967163086,0.2775340520096072,worker1,worker1,worker1,0,0.2158679962158203,0.0,0.0
model_0,555,1,0.4575469493865967,9,9,1,1,0.9620792865753174,0.36858701705932617,0.08895993232727051,0.19442798700009536,worker1,worker1,worker1,0,0.36858701705932617,0.0,0.0
model_0,556,1,0.30446624755859375,2,2,1,0,0.9637803435325623,0.2209181785583496,0.08354806900024414,0.2744083118249931,worker1,worker1,worker1,0,0.2209181785583496,0.0,0.0
model_0,557,1,0.3027777671813965,4,6,0,0,0.9271499514579773,0.21895909309387207,0.08381867408752441,0.2768323277755992,worker1,worker1,worker1,0,0.21895909309387207,0.0,0.0
model_0,558,1,0.3052539825439453,5,7,0,0,0.97805255651474,0.21999144554138184,0.08526253700256348,0.27931670634399935,worker1,worker1,worker1,0,0.21999144554138184,0.0,0.0
model_0,559,1,0.34549880027770996,0,0,1,0,0.8044409155845642,0.21910548210144043,0.12639331817626953,0.36582852986660247,worker1,worker1,worker1,0,0.21910548210144043,0.0,0.0
model_0,560,1,0.4894115924835205,0,0,1,1,0.7585548162460327,0.3719654083251953,0.1174461841583252,0.23997425880810097,worker1,worker1,worker1,0,0.3719654083251953,0.0,0.0
model_0,561,1,0.45292067527770996,7,7,1,1,0.7150749564170837,0.36922502517700195,0.08369565010070801,0.18479096819633972,worker1,worker1,worker1,0,0.36922502517700195,0.0,0.0
model_0,562,1,1.3218073844909668,2,3,0,3,0.7667205929756165,1.1148080825805664,0.2069993019104004,0.15660322702018845,worker1->worker2->worker3,worker1,worker3,0,0.3676609992980957,0.5556409358978271,0.19150614738464355
model_0,563,1,0.30803465843200684,1,1,1,0,0.9738715291023254,0.21988201141357422,0.08815264701843262,0.28617769009226846,worker1,worker1,worker1,0,0.21988201141357422,0.0,0.0
model_0,564,1,0.3012123107910156,4,2,0,0,0.6005937457084656,0.21763229370117188,0.08358001708984375,0.2774787553349122,worker1,worker1,worker1,0,0.21763229370117188,0.0,0.0
model_0,565,1,0.30919837951660156,3,3,1,0,0.9809353351593018,0.21907711029052734,0.09012126922607422,0.2914674694187244,worker1,worker1,worker1,0,0.21907711029052734,0.0,0.0
model_0,566,1,0.33153271675109863,2,2,1,0,0.6470698714256287,0.21559739112854004,0.1159353256225586,0.34969497658838344,worker1,worker1,worker1,0,0.21559739112854004,0.0,0.0
model_0,567,1,0.35500383377075195,4,3,0,0,0.7860963344573975,0.2216355800628662,0.13336825370788574,0.37568116459837986,worker1,worker1,worker1,0,0.2216355800628662,0.0,0.0
model_0,568,1,0.3043649196624756,7,7,1,0,0.6060310006141663,0.21686673164367676,0.08749818801879883,0.28747790026468767,worker1,worker1,worker1,0,0.21686673164367676,0.0,0.0
model_0,569,1,0.2994711399078369,3,3,1,0,0.8039070963859558,0.21663546562194824,0.08283567428588867,0.2766065348112729,worker1,worker1,worker1,0,0.21663546562194824,0.0,0.0
model_0,570,1,1.099635124206543,8,8,1,2,0.823207437992096,0.949016809463501,0.150618314743042,0.13697117473554943,worker1->worker2,worker1,worker2,0,0.3654510974884033,0.5835657119750977,0.0
model_0,571,1,0.31087803840637207,9,1,0,0,0.5904947519302368,0.22258448600769043,0.08829355239868164,0.2840134763178945,worker1,worker1,worker1,0,0.22258448600769043,0.0,0.0
model_0,572,1,0.315380334854126,2,2,1,0,0.8424801826477051,0.22324442863464355,0.09213590621948242,0.29214220430737503,worker1,worker1,worker1,0,0.22324442863464355,0.0,0.0
model_0,573,1,0.30382752418518066,4,4,1,0,0.9815338253974915,0.22228598594665527,0.08154153823852539,0.2683810114215538,worker1,worker1,worker1,0,0.22228598594665527,0.0,0.0
model_0,574,1,0.45966053009033203,5,3,0,1,0.8420228362083435,0.37030506134033203,0.08935546875,0.19439447788227532,worker1,worker1,worker1,0,0.37030506134033203,0.0,0.0
model_0,575,1,1.075411319732666,7,7,1,2,0.7401926517486572,0.9147181510925293,0.16069316864013672,0.1494248439565273,worker1->worker2,worker1,worker2,0,0.3668477535247803,0.547870397567749,0.0
model_0,576,1,0.3074498176574707,1,1,1,0,0.9968484044075012,0.22118377685546875,0.08626604080200195,0.28058576017147224,worker1,worker1,worker1,0,0.22118377685546875,0.0,0.0
model_0,577,1,1.302849531173706,9,8,0,3,0.7287614941596985,1.106895923614502,0.1959536075592041,0.1504038669628059,worker1->worker2->worker3,worker1,worker3,0,0.3673269748687744,0.4438657760620117,0.2957031726837158
model_0,578,1,0.305591344833374,4,4,1,0,0.9249255657196045,0.22030282020568848,0.08528852462768555,0.279093390796751,worker1,worker1,worker1,0,0.22030282020568848,0.0,0.0
model_0,579,1,0.30263352394104004,4,4,1,0,0.8102660775184631,0.21841931343078613,0.0842142105102539,0.2782712549937487,worker1,worker1,worker1,0,0.21841931343078613,0.0,0.0
model_0,580,1,0.31728386878967285,5,5,1,0,0.9319725036621094,0.21779656410217285,0.0994873046875,0.3135592901933821,worker1,worker1,worker1,0,0.21779656410217285,0.0,0.0
model_0,581,1,0.3359360694885254,6,6,1,0,0.7690408825874329,0.21744823455810547,0.11848783493041992,0.35270947567738664,worker1,worker1,worker1,0,0.21744823455810547,0.0,0.0
model_0,582,1,1.0821313858032227,0,0,1,2,0.7303590774536133,0.8843722343444824,0.19775915145874023,0.18274966797303596,worker1->worker2,worker1,worker2,0,0.3693044185638428,0.5150678157806396,0.0
model_0,583,1,0.3097517490386963,5,5,1,0,0.6846292614936829,0.22362041473388672,0.08613133430480957,0.2780656915485228,worker1,worker1,worker1,0,0.22362041473388672,0.0,0.0
model_0,584,1,0.3293142318725586,9,9,1,0,0.8927586078643799,0.21864104270935059,0.11067318916320801,0.33607168610325183,worker1,worker1,worker1,0,0.21864104270935059,0.0,0.0
model_0,585,1,0.4520716667175293,0,0,1,1,0.9995490908622742,0.3670077323913574,0.08506393432617188,0.18816471057303155,worker1,worker1,worker1,0,0.3670077323913574,0.0,0.0
model_0,586,1,0.459094762802124,3,3,1,1,0.98842453956604,0.371746301651001,0.08734846115112305,0.19026237767990264,worker1,worker1,worker1,0,0.371746301651001,0.0,0.0
model_0,587,1,0.34924960136413574,8,8,1,0,0.9831593036651611,0.21912765502929688,0.13012194633483887,0.3725757905709696,worker1,worker1,worker1,0,0.21912765502929688,0.0,0.0
model_0,588,1,0.30753111839294434,4,2,0,0,0.8446800708770752,0.21920537948608398,0.08832573890686035,0.2872091103118975,worker1,worker1,worker1,0,0.21920537948608398,0.0,0.0
model_0,589,1,0.45560622215270996,0,0,1,1,0.9898589253425598,0.3721625804901123,0.08344364166259766,0.18314859983327672,worker1,worker1,worker1,0,0.3721625804901123,0.0,0.0
model_0,590,1,0.3086724281311035,9,9,1,0,0.9585281610488892,0.22270774841308594,0.08596467971801758,0.2784980836756353,worker1,worker1,worker1,0,0.22270774841308594,0.0,0.0
model_0,591,1,0.30606651306152344,3,6,0,0,0.6690167784690857,0.2178335189819336,0.08823299407958984,0.28828045641783046,worker1,worker1,worker1,0,0.2178335189819336,0.0,0.0
model_0,592,1,0.37990593910217285,9,0,0,0,0.9494743943214417,0.22074532508850098,0.15916061401367188,0.41894742259048184,worker1,worker1,worker1,0,0.22074532508850098,0.0,0.0
model_0,593,1,0.3052375316619873,3,3,1,0,0.7791699767112732,0.2211143970489502,0.08412313461303711,0.27559892178067097,worker1,worker1,worker1,0,0.2211143970489502,0.0,0.0
model_0,594,1,0.30300354957580566,5,5,1,0,0.9404075145721436,0.21952176094055176,0.0834817886352539,0.2755142266555144,worker1,worker1,worker1,0,0.21952176094055176,0.0,0.0
model_0,595,1,0.3403656482696533,2,2,1,0,0.9905078411102295,0.21948456764221191,0.1208810806274414,0.35515064825717624,worker1,worker1,worker1,0,0.21948456764221191,0.0,0.0
model_0,596,1,0.45363545417785645,3,6,0,1,0.7725606560707092,0.36869239807128906,0.08494305610656738,0.18724959727963378,worker1,worker1,worker1,0,0.36869239807128906,0.0,0.0
model_0,597,1,0.3294258117675781,5,5,1,0,0.8063520789146423,0.2211310863494873,0.10829472541809082,0.32873782669615664,worker1,worker1,worker1,0,0.2211310863494873,0.0,0.0
model_0,598,1,0.4546992778778076,7,7,1,1,0.9547255039215088,0.37055206298828125,0.08414721488952637,0.18506124593437212,worker1,worker1,worker1,0,0.37055206298828125,0.0,0.0
model_0,599,1,1.4064984321594238,2,6,0,3,0.582675039768219,1.2054572105407715,0.20104122161865234,0.14293739475414127,worker1->worker2->worker3,worker1,worker3,0,0.37073469161987305,0.5282971858978271,0.3064253330230713
model_0,600,1,0.9898288249969482,2,2,1,2,0.9632965326309204,0.8275995254516602,0.16222929954528809,0.16389631767471335,worker1->worker2,worker1,worker2,0,0.36984753608703613,0.457751989364624,0.0
model_0,601,1,0.30705976486206055,2,2,1,0,0.8848293423652649,0.22153997421264648,0.08551979064941406,0.2785118743506882,worker1,worker1,worker1,0,0.22153997421264648,0.0,0.0
model_0,602,1,0.3092360496520996,9,9,1,0,0.979789137840271,0.2235250473022461,0.08571100234985352,0.2771701502663778,worker1,worker1,worker1,0,0.2235250473022461,0.0,0.0
model_0,603,1,0.3024606704711914,7,5,0,0,0.8958109021186829,0.22001028060913086,0.08245038986206055,0.27259871418526704,worker1,worker1,worker1,0,0.22001028060913086,0.0,0.0
model_0,604,1,0.3052079677581787,8,8,1,0,0.9993956089019775,0.2196636199951172,0.08554434776306152,0.2802821577411757,worker1,worker1,worker1,0,0.2196636199951172,0.0,0.0
model_0,605,1,0.3049437999725342,0,0,1,0,0.9378238320350647,0.2193758487701416,0.08556795120239258,0.2806023641408665,worker1,worker1,worker1,0,0.2193758487701416,0.0,0.0
model_0,606,1,0.4630908966064453,1,1,1,1,0.857082188129425,0.3732171058654785,0.0898737907409668,0.1940737583043992,worker1,worker1,worker1,0,0.3732171058654785,0.0,0.0
model_0,607,1,0.3111417293548584,4,2,0,0,0.8063928484916687,0.22099733352661133,0.09014439582824707,0.28972133058191313,worker1,worker1,worker1,0,0.22099733352661133,0.0,0.0
model_0,608,1,0.3379201889038086,1,1,1,0,0.7598406672477722,0.21974968910217285,0.11817049980163574,0.34969943697348554,worker1,worker1,worker1,0,0.21974968910217285,0.0,0.0
model_0,609,1,0.35476088523864746,3,3,1,0,0.8482397794723511,0.21937084197998047,0.135390043258667,0.3816374603067928,worker1,worker1,worker1,0,0.21937084197998047,0.0,0.0
model_0,610,1,0.3501098155975342,3,2,0,0,0.8122947216033936,0.2235729694366455,0.12653684616088867,0.3614204473100179,worker1,worker1,worker1,0,0.2235729694366455,0.0,0.0
model_0,611,1,0.4656860828399658,4,2,0,1,0.7698593735694885,0.37152576446533203,0.09416031837463379,0.2021969774153466,worker1,worker1,worker1,0,0.37152576446533203,0.0,0.0
model_0,612,1,0.30745625495910645,0,0,1,0,0.8508470058441162,0.2196331024169922,0.08782315254211426,0.2856443839589319,worker1,worker1,worker1,0,0.2196331024169922,0.0,0.0
model_0,613,1,0.3050346374511719,1,1,1,0,0.9721041917800903,0.22162747383117676,0.08340716361999512,0.27343505746407715,worker1,worker1,worker1,0,0.22162747383117676,0.0,0.0
model_0,614,1,0.30095481872558594,4,4,1,0,0.988017201423645,0.21921181678771973,0.08174300193786621,0.27161220506125344,worker1,worker1,worker1,0,0.21921181678771973,0.0,0.0
model_0,615,1,0.30632495880126953,4,4,1,0,0.7498775720596313,0.2217869758605957,0.08453798294067383,0.2759748447253312,worker1,worker1,worker1,0,0.2217869758605957,0.0,0.0
model_0,616,1,0.37961435317993164,7,2,0,0,0.7442318797111511,0.2226407527923584,0.15697360038757324,0.4135080748992914,worker1,worker1,worker1,0,0.2226407527923584,0.0,0.0
model_0,617,1,0.34480857849121094,8,8,1,0,0.9010971188545227,0.2187345027923584,0.12607407569885254,0.36563497419501156,worker1,worker1,worker1,0,0.2187345027923584,0.0,0.0
model_0,618,1,0.36171555519104004,3,3,1,0,0.8864932060241699,0.22007107734680176,0.14164447784423828,0.39159078400548397,worker1,worker1,worker1,0,0.22007107734680176,0.0,0.0
model_0,619,1,0.31180691719055176,1,1,1,0,0.9547629356384277,0.22076725959777832,0.09103965759277344,0.29197446423915346,worker1,worker1,worker1,0,0.22076725959777832,0.0,0.0
model_0,620,1,0.4631161689758301,0,0,1,1,0.7830340266227722,0.3718404769897461,0.09127569198608398,0.19709027259388917,worker1,worker1,worker1,0,0.3718404769897461,0.0,0.0
model_0,621,1,0.3070368766784668,3,2,0,0,0.809838593006134,0.21895384788513184,0.08808302879333496,0.28688094324766306,worker1,worker1,worker1,0,0.21895384788513184,0.0,0.0
model_0,622,1,1.3523054122924805,2,2,1,3,0.5095992684364319,1.1621348857879639,0.1901705265045166,0.14062690630079797,worker1->worker2->worker3,worker1,worker3,0,0.3700695037841797,0.4985034465789795,0.2935619354248047
model_0,623,1,0.30986833572387695,3,3,1,0,0.9976073503494263,0.22391319274902344,0.08595514297485352,0.27739246985031724,worker1,worker1,worker1,0,0.22391319274902344,0.0,0.0
model_0,624,1,0.456467866897583,5,5,1,1,0.6800132989883423,0.37239980697631836,0.08406805992126465,0.18417081686962836,worker1,worker1,worker1,0,0.37239980697631836,0.0,0.0
model_0,625,1,0.3054239749908447,3,3,1,0,0.8490927219390869,0.2219257354736328,0.08349823951721191,0.27338469260546694,worker1,worker1,worker1,0,0.2219257354736328,0.0,0.0
model_0,626,1,0.30451035499572754,5,5,1,0,0.9036638736724854,0.22217345237731934,0.0823369026184082,0.27039114193526664,worker1,worker1,worker1,0,0.22217345237731934,0.0,0.0
model_0,627,1,1.3745648860931396,8,6,0,3,0.6600644588470459,1.1739587783813477,0.200606107711792,0.14594153374742838,worker1->worker2->worker3,worker1,worker3,0,0.36965513229370117,0.5107040405273438,0.29359960556030273
model_0,628,1,0.30934715270996094,1,9,0,0,0.9449666738510132,0.22185730934143066,0.08748984336853027,0.2828209104305524,worker1,worker1,worker1,0,0.22185730934143066,0.0,0.0
model_0,629,1,0.47377610206604004,4,4,1,1,0.7833603620529175,0.37400054931640625,0.09977555274963379,0.21059642374221313,worker1,worker1,worker1,0,0.37400054931640625,0.0,0.0
model_0,630,1,0.3062317371368408,3,3,1,0,0.8217005133628845,0.22012042999267578,0.08611130714416504,0.28119654725952153,worker1,worker1,worker1,0,0.22012042999267578,0.0,0.0
model_0,631,1,0.33276796340942383,1,1,1,0,0.992480993270874,0.22046160697937012,0.11230635643005371,0.33749149190746064,worker1,worker1,worker1,0,0.22046160697937012,0.0,0.0
model_0,632,1,0.3189427852630615,1,1,1,0,0.6484361290931702,0.22443079948425293,0.0945119857788086,0.29632896602710684,worker1,worker1,worker1,0,0.22443079948425293,0.0,0.0
model_0,633,1,0.311063289642334,8,8,1,0,0.991306483745575,0.22141146659851074,0.08965182304382324,0.2882108755003089,worker1,worker1,worker1,0,0.22141146659851074,0.0,0.0
model_0,634,1,0.3390834331512451,9,1,0,0,0.9656994342803955,0.2175891399383545,0.12149429321289062,0.3583020617781087,worker1,worker1,worker1,0,0.2175891399383545,0.0,0.0
model_0,635,1,0.3037266731262207,6,6,1,0,0.9944848418235779,0.21881413459777832,0.08491253852844238,0.27956892180211973,worker1,worker1,worker1,0,0.21881413459777832,0.0,0.0
model_0,636,1,0.3043086528778076,1,1,1,0,0.8643814921379089,0.22055697441101074,0.08375167846679688,0.2752195104370779,worker1,worker1,worker1,0,0.22055697441101074,0.0,0.0
model_0,637,1,0.3039216995239258,0,0,1,0,0.9374280571937561,0.22034955024719238,0.0835721492767334,0.2749792114470402,worker1,worker1,worker1,0,0.22034955024719238,0.0,0.0
model_0,638,1,0.3097541332244873,0,0,1,0,0.7234920263290405,0.2197740077972412,0.0899801254272461,0.29048886124801127,worker1,worker1,worker1,0,0.2197740077972412,0.0,0.0
model_0,639,1,0.30557918548583984,4,0,0,0,0.7601653933525085,0.22118020057678223,0.08439898490905762,0.27619350046657076,worker1,worker1,worker1,0,0.22118020057678223,0.0,0.0
model_0,640,1,0.45770692825317383,0,0,1,1,0.9617960453033447,0.37042784690856934,0.08727908134460449,0.19068769982945802,worker1,worker1,worker1,0,0.37042784690856934,0.0,0.0
model_0,641,1,0.4581632614135742,4,4,1,1,0.9940584897994995,0.37338709831237793,0.08477616310119629,0.18503483417600053,worker1,worker1,worker1,0,0.37338709831237793,0.0,0.0
model_0,642,1,0.4564833641052246,5,5,1,1,0.8772031664848328,0.3718104362487793,0.08467292785644531,0.18548962462721258,worker1,worker1,worker1,0,0.3718104362487793,0.0,0.0
model_0,643,1,0.4554593563079834,2,2,1,1,0.9670673608779907,0.37033748626708984,0.08512187004089355,0.18689235134151863,worker1,worker1,worker1,0,0.37033748626708984,0.0,0.0
model_0,644,1,1.039874792098999,3,5,0,2,0.8756780028343201,0.8780307769775391,0.16184401512145996,0.15563798291020786,worker1->worker2,worker1,worker2,0,0.36850714683532715,0.5095236301422119,0.0
model_0,645,1,0.45907092094421387,8,8,1,1,0.9852022528648376,0.3739488124847412,0.08512210845947266,0.18542256670144583,worker1,worker1,worker1,0,0.3739488124847412,0.0,0.0
model_0,646,1,0.3045485019683838,9,9,1,0,0.95606529712677,0.21855640411376953,0.08599209785461426,0.28235928694057866,worker1,worker1,worker1,0,0.21855640411376953,0.0,0.0
model_0,647,1,0.3164677619934082,9,9,1,0,0.9973580241203308,0.21941542625427246,0.09705233573913574,0.3066736881122105,worker1,worker1,worker1,0,0.21941542625427246,0.0,0.0
model_0,648,1,0.30367112159729004,6,6,1,0,0.9394316673278809,0.21897578239440918,0.08469533920288086,0.27890481899427566,worker1,worker1,worker1,0,0.21897578239440918,0.0,0.0
model_0,649,1,0.3056614398956299,3,5,0,0,0.700056791305542,0.21930670738220215,0.08635473251342773,0.2825175872459219,worker1,worker1,worker1,0,0.21930670738220215,0.0,0.0
model_0,650,1,1.097951889038086,5,5,1,2,0.7547141909599304,0.9368472099304199,0.16110467910766602,0.14673200230003666,worker1->worker2,worker1,worker2,0,0.37061047554016113,0.5662367343902588,0.0
model_0,651,1,0.3152933120727539,6,6,1,0,0.6775688529014587,0.23075079917907715,0.08454251289367676,0.2681392521074744,worker1,worker1,worker1,0,0.23075079917907715,0.0,0.0
model_0,652,1,0.30674195289611816,3,6,0,0,0.9479135870933533,0.22135519981384277,0.08538675308227539,0.27836672576441684,worker1,worker1,worker1,0,0.22135519981384277,0.0,0.0
model_0,653,1,0.30556654930114746,3,3,1,0,0.7535108327865601,0.2208573818206787,0.08470916748046875,0.27722002841673826,worker1,worker1,worker1,0,0.2208573818206787,0.0,0.0
model_0,654,1,0.45601963996887207,6,6,1,1,0.9679933190345764,0.37285733222961426,0.08316230773925781,0.18236562737722103,worker1,worker1,worker1,0,0.37285733222961426,0.0,0.0
model_0,655,1,0.30226564407348633,4,4,1,0,0.8990755677223206,0.21843838691711426,0.08382725715637207,0.27732975546500455,worker1,worker1,worker1,0,0.21843838691711426,0.0,0.0
model_0,656,1,0.30387115478515625,1,1,1,0,0.8655319809913635,0.21952223777770996,0.08434891700744629,0.2775811908408446,worker1,worker1,worker1,0,0.21952223777770996,0.0,0.0
model_0,657,1,0.31783056259155273,3,3,1,0,0.9362042546272278,0.21944856643676758,0.09838199615478516,0.3095422773461118,worker1,worker1,worker1,0,0.21944856643676758,0.0,0.0
model_0,658,1,0.34528303146362305,6,6,1,0,0.9020620584487915,0.22532439231872559,0.11995863914489746,0.34742118266398386,worker1,worker1,worker1,0,0.22532439231872559,0.0,0.0
model_0,659,1,1.3661093711853027,9,7,0,3,0.3631627857685089,1.180725336074829,0.18538403511047363,0.13570219121593863,worker1->worker2->worker3,worker1,worker3,0,0.37592315673828125,0.5919513702392578,0.21285080909729004
model_0,660,1,0.46326231956481934,7,7,1,1,0.9988784193992615,0.3782989978790283,0.08496332168579102,0.18340218510671039,worker1,worker1,worker1,0,0.3782989978790283,0.0,0.0
model_0,661,1,0.30431222915649414,9,9,1,0,0.9981850981712341,0.22034692764282227,0.08396530151367188,0.2759182624583,worker1,worker1,worker1,0,0.22034692764282227,0.0,0.0
model_0,662,1,0.45879530906677246,2,2,1,1,0.8971095085144043,0.3747544288635254,0.08404088020324707,0.18317728743607506,worker1,worker1,worker1,0,0.3747544288635254,0.0,0.0
model_0,663,1,1.0815541744232178,5,2,0,2,0.7819096446037292,0.9244470596313477,0.15710711479187012,0.14526051353428857,worker1->worker2,worker1,worker2,0,0.39870476722717285,0.5257422924041748,0.0
model_0,664,1,0.3070197105407715,3,3,1,0,0.756432294845581,0.2222280502319336,0.08479166030883789,0.27617660168947933,worker1,worker1,worker1,0,0.2222280502319336,0.0,0.0
model_0,665,1,0.4526834487915039,4,4,1,1,0.5221876502037048,0.36833715438842773,0.08434629440307617,0.1863251122351598,worker1,worker1,worker1,0,0.36833715438842773,0.0,0.0
model_0,666,1,0.3040637969970703,3,3,1,0,0.8245316743850708,0.21917343139648438,0.08489036560058594,0.2791860341117949,worker1,worker1,worker1,0,0.21917343139648438,0.0,0.0
model_0,667,1,0.36463379859924316,9,9,1,0,0.8749571442604065,0.21820449829101562,0.14642930030822754,0.4015790660951951,worker1,worker1,worker1,0,0.21820449829101562,0.0,0.0
model_0,668,1,1.4038619995117188,4,0,0,3,0.5618734955787659,1.2152881622314453,0.18857383728027344,0.13432505285125024,worker1->worker2->worker3,worker1,worker3,0,0.36879611015319824,0.5301153659820557,0.3163766860961914
model_0,669,1,0.3089873790740967,7,7,1,0,0.9614120125770569,0.22304701805114746,0.08594036102294922,0.2781355059888718,worker1,worker1,worker1,0,0.22304701805114746,0.0,0.0
model_0,670,1,0.491391658782959,5,5,1,1,0.6682095527648926,0.3704264163970947,0.12096524238586426,0.2461686929840479,worker1,worker1,worker1,0,0.3704264163970947,0.0,0.0
model_0,671,1,0.45821142196655273,2,2,1,1,0.8985430002212524,0.37343931198120117,0.08477210998535156,0.18500654047759535,worker1,worker1,worker1,0,0.37343931198120117,0.0,0.0
model_0,672,1,0.30429577827453613,4,4,1,0,0.9863452315330505,0.22048234939575195,0.08381342887878418,0.27543408375244555,worker1,worker1,worker1,0,0.22048234939575195,0.0,0.0
model_0,673,1,0.30513572692871094,9,1,0,0,0.5340374708175659,0.22224783897399902,0.08288788795471191,0.27164268435232125,worker1,worker1,worker1,0,0.22224783897399902,0.0,0.0
model_0,674,1,0.49581360816955566,5,5,1,1,0.9975743889808655,0.36756420135498047,0.1282494068145752,0.25866455599725524,worker1,worker1,worker1,0,0.36756420135498047,0.0,0.0
model_0,675,1,0.4569077491760254,9,0,0,1,0.5594884753227234,0.36903882026672363,0.08786892890930176,0.1923121878929874,worker1,worker1,worker1,0,0.36903882026672363,0.0,0.0
model_0,676,1,0.3570685386657715,1,1,1,0,0.9206913113594055,0.2208085060119629,0.1362600326538086,0.3816075007979146,worker1,worker1,worker1,0,0.2208085060119629,0.0,0.0
model_0,677,1,0.30604004859924316,7,7,1,0,0.7844498753547668,0.2211475372314453,0.08489251136779785,0.27739020352517285,worker1,worker1,worker1,0,0.2211475372314453,0.0,0.0
model_0,678,1,0.3040030002593994,0,0,1,0,0.7121084928512573,0.22058486938476562,0.08341813087463379,0.274399038178751,worker1,worker1,worker1,0,0.22058486938476562,0.0,0.0
model_0,679,1,0.45612573623657227,7,7,1,1,0.5323691368103027,0.3728210926055908,0.08330464363098145,0.18263526263244004,worker1,worker1,worker1,0,0.3728210926055908,0.0,0.0
model_0,680,1,0.3107731342315674,7,7,1,0,0.9622679352760315,0.2198495864868164,0.09092354774475098,0.29257209755139524,worker1,worker1,worker1,0,0.2198495864868164,0.0,0.0
model_0,681,1,0.45609331130981445,2,2,1,1,0.9704095125198364,0.3709070682525635,0.08518624305725098,0.18677371701113543,worker1,worker1,worker1,0,0.3709070682525635,0.0,0.0
model_0,682,1,0.32341909408569336,8,8,1,0,0.9987919926643372,0.21863770484924316,0.1047813892364502,0.32398021994547804,worker1,worker1,worker1,0,0.21863770484924316,0.0,0.0
model_0,683,1,0.3137650489807129,3,3,1,0,0.9917734265327454,0.22047758102416992,0.09328746795654297,0.29731631441932,worker1,worker1,worker1,0,0.22047758102416992,0.0,0.0
model_0,684,1,0.30381321907043457,6,6,1,0,0.9807549715042114,0.219404935836792,0.08440828323364258,0.27782952793134974,worker1,worker1,worker1,0,0.219404935836792,0.0,0.0
model_0,685,1,0.31835508346557617,9,9,1,0,0.9336433410644531,0.22184419631958008,0.0965108871459961,0.3031548486532393,worker1,worker1,worker1,0,0.22184419631958008,0.0,0.0
model_0,686,1,0.31002283096313477,3,3,1,0,0.7487629055976868,0.2206566333770752,0.08936619758605957,0.28825682711311745,worker1,worker1,worker1,0,0.2206566333770752,0.0,0.0
model_0,687,1,0.30247044563293457,8,8,1,0,0.9903545379638672,0.21947312355041504,0.08299732208251953,0.2743981214721441,worker1,worker1,worker1,0,0.21947312355041504,0.0,0.0
model_0,688,1,0.3096277713775635,9,1,0,0,0.9705944657325745,0.2194380760192871,0.09018969535827637,0.2912842570839619,worker1,worker1,worker1,0,0.2194380760192871,0.0,0.0
model_0,689,1,0.30574917793273926,3,5,0,0,0.6705107092857361,0.22046446800231934,0.08528470993041992,0.2789368413254783,worker1,worker1,worker1,0,0.22046446800231934,0.0,0.0
model_0,690,1,0.32590699195861816,6,6,1,0,0.8880908489227295,0.2213897705078125,0.10451722145080566,0.32069646871545693,worker1,worker1,worker1,0,0.2213897705078125,0.0,0.0
model_0,691,1,0.3377242088317871,4,4,1,0,0.9867401719093323,0.21909856796264648,0.11862564086914062,0.35125003706271296,worker1,worker1,worker1,0,0.21909856796264648,0.0,0.0
model_0,692,1,0.314100980758667,8,8,1,0,0.935174822807312,0.22357916831970215,0.09052181243896484,0.28819334540223995,worker1,worker1,worker1,0,0.22357916831970215,0.0,0.0
model_0,693,1,0.3027489185333252,8,8,1,0,0.9256560206413269,0.21912264823913574,0.08362627029418945,0.27622318421257797,worker1,worker1,worker1,0,0.21912264823913574,0.0,0.0
model_0,694,1,0.46024107933044434,9,9,1,1,0.9835878610610962,0.370800256729126,0.08944082260131836,0.19433472286184508,worker1,worker1,worker1,0,0.370800256729126,0.0,0.0
model_0,695,1,0.30159473419189453,2,2,1,0,0.8747460246086121,0.21773147583007812,0.0838632583618164,0.27806605638033804,worker1,worker1,worker1,0,0.21773147583007812,0.0,0.0
model_0,696,1,0.3111858367919922,3,3,1,0,0.863869309425354,0.2270345687866211,0.0841512680053711,0.2704212661889906,worker1,worker1,worker1,0,0.2270345687866211,0.0,0.0
model_0,697,1,0.4599184989929199,9,0,0,1,0.8145277500152588,0.3762521743774414,0.08366632461547852,0.1819155454687777,worker1,worker1,worker1,0,0.3762521743774414,0.0,0.0
model_0,698,1,0.3079686164855957,1,1,1,0,0.9998644590377808,0.2238779067993164,0.0840907096862793,0.2730496069563386,worker1,worker1,worker1,0,0.2238779067993164,0.0,0.0
model_0,699,1,0.4640202522277832,4,4,1,1,0.9083736538887024,0.378432035446167,0.08558821678161621,0.1844493130864507,worker1,worker1,worker1,0,0.378432035446167,0.0,0.0
model_0,700,1,0.30485987663269043,1,1,1,0,0.9998500347137451,0.2196500301361084,0.08520984649658203,0.27950495630242245,worker1,worker1,worker1,0,0.2196500301361084,0.0,0.0
model_0,701,1,0.3111851215362549,0,0,1,0,0.8072067499160767,0.2265758514404297,0.0846092700958252,0.27189368719856266,worker1,worker1,worker1,0,0.2265758514404297,0.0,0.0
model_0,702,1,0.30792760848999023,6,6,1,0,0.8531830906867981,0.22469520568847656,0.08323240280151367,0.2702986043040025,worker1,worker1,worker1,0,0.22469520568847656,0.0,0.0
model_0,703,1,0.3097536563873291,8,8,1,0,0.9682044982910156,0.22541546821594238,0.08433818817138672,0.2722750367341158,worker1,worker1,worker1,0,0.22541546821594238,0.0,0.0
model_0,704,1,0.33271145820617676,2,2,1,0,0.9906689524650574,0.22832322120666504,0.10438823699951172,0.3137500510572249,worker1,worker1,worker1,0,0.22832322120666504,0.0,0.0
model_0,705,1,1.4746994972229004,1,1,1,3,0.5662031769752502,1.2148480415344238,0.25985145568847656,0.17620637708076745,worker1->worker2->worker3,worker1,worker3,0,0.3746514320373535,0.5831103324890137,0.25708627700805664
model_0,706,1,0.31096720695495605,7,7,1,0,0.9965033531188965,0.22203588485717773,0.08893132209777832,0.2859829593242612,worker1,worker1,worker1,0,0.22203588485717773,0.0,0.0
model_0,707,1,0.36370062828063965,9,9,1,0,0.9643723368644714,0.22558259963989258,0.13811802864074707,0.37975746507144353,worker1,worker1,worker1,0,0.22558259963989258,0.0,0.0
model_0,708,1,0.47933411598205566,7,7,1,1,0.9388676881790161,0.3753950595855713,0.10393905639648438,0.21684051464506113,worker1,worker1,worker1,0,0.3753950595855713,0.0,0.0
model_0,709,1,0.3052072525024414,3,3,1,0,0.8295378088951111,0.2202596664428711,0.08494758605957031,0.278327547471667,worker1,worker1,worker1,0,0.2202596664428711,0.0,0.0
model_0,710,1,0.46169066429138184,0,0,1,1,0.7598389387130737,0.3773837089538574,0.08430695533752441,0.18260485181549324,worker1,worker1,worker1,0,0.3773837089538574,0.0,0.0
model_0,711,1,0.3054978847503662,4,7,0,0,0.7769468426704407,0.22226476669311523,0.08323311805725098,0.272450718031203,worker1,worker1,worker1,0,0.22226476669311523,0.0,0.0
model_0,712,1,0.3085041046142578,1,1,1,0,0.9984960556030273,0.2250528335571289,0.0834512710571289,0.27050295217781073,worker1,worker1,worker1,0,0.2250528335571289,0.0,0.0
model_0,713,1,0.3099243640899658,9,9,1,0,0.9017464518547058,0.22651267051696777,0.08341169357299805,0.26913564481424584,worker1,worker1,worker1,0,0.22651267051696777,0.0,0.0
model_0,714,1,0.46296238899230957,2,2,1,1,0.8365798592567444,0.3796823024749756,0.08328008651733398,0.17988520989491735,worker1,worker1,worker1,0,0.3796823024749756,0.0,0.0
model_0,715,1,1.0451319217681885,8,1,0,2,0.8910306692123413,0.8784446716308594,0.1666872501373291,0.15948919621106028,worker1->worker2,worker1,worker2,0,0.37332606315612793,0.5051186084747314,0.0
model_0,716,1,0.3108499050140381,6,6,1,0,0.8410754203796387,0.2248687744140625,0.08598113059997559,0.27660015079011413,worker1,worker1,worker1,0,0.2248687744140625,0.0,0.0
model_0,717,1,0.31227540969848633,1,1,1,0,0.9669681191444397,0.2271888256072998,0.08508658409118652,0.27247289235274985,worker1,worker1,worker1,0,0.2271888256072998,0.0,0.0
model_0,718,1,0.34995150566101074,1,1,1,0,0.9691041111946106,0.22378921508789062,0.12616229057312012,0.36051363841060413,worker1,worker1,worker1,0,0.22378921508789062,0.0,0.0
model_0,719,1,0.342069149017334,8,7,0,0,0.748436689376831,0.22598862648010254,0.11608052253723145,0.3393481197316312,worker1,worker1,worker1,0,0.22598862648010254,0.0,0.0
model_0,720,1,0.5161318778991699,6,6,1,1,0.8028016686439514,0.3784966468811035,0.1376352310180664,0.26666678984892006,worker1,worker1,worker1,0,0.3784966468811035,0.0,0.0
model_0,721,1,0.30632805824279785,9,9,1,0,0.991240918636322,0.2223212718963623,0.08400678634643555,0.2742379748963484,worker1,worker1,worker1,0,0.2223212718963623,0.0,0.0
model_0,722,1,0.30906105041503906,1,1,1,0,0.9943035840988159,0.22508597373962402,0.08397507667541504,0.271710319248073,worker1,worker1,worker1,0,0.22508597373962402,0.0,0.0
model_0,723,1,0.3130197525024414,5,5,1,0,0.8337600827217102,0.22545957565307617,0.08756017684936523,0.2797273211973494,worker1,worker1,worker1,0,0.22545957565307617,0.0,0.0
model_0,724,1,0.46551084518432617,4,2,0,1,0.7747668623924255,0.37604260444641113,0.08946824073791504,0.19219367639542043,worker1,worker1,worker1,0,0.37604260444641113,0.0,0.0
model_0,725,1,0.30405640602111816,9,9,1,0,0.7670230865478516,0.22010087966918945,0.08395552635192871,0.27611826190597544,worker1,worker1,worker1,0,0.22010087966918945,0.0,0.0
model_0,726,1,1.4379074573516846,3,3,1,3,0.38072144985198975,1.2426843643188477,0.19522309303283691,0.13576888556680536,worker1->worker2->worker3,worker1,worker3,0,0.37691402435302734,0.5486831665039062,0.31708717346191406
model_0,727,1,0.3116178512573242,5,5,1,0,0.6229161620140076,0.22526121139526367,0.08635663986206055,0.27712353292222003,worker1,worker1,worker1,0,0.22526121139526367,0.0,0.0
model_0,728,1,0.31173110008239746,7,4,0,0,0.7681685090065002,0.2268671989440918,0.08486390113830566,0.27223431064745945,worker1,worker1,worker1,0,0.2268671989440918,0.0,0.0
model_0,729,1,0.3274869918823242,5,5,1,0,0.9346731901168823,0.22438573837280273,0.10310125350952148,0.31482549250862707,worker1,worker1,worker1,0,0.22438573837280273,0.0,0.0
model_0,730,1,0.3201167583465576,1,1,1,0,0.998230516910553,0.22935152053833008,0.09076523780822754,0.28353791371948517,worker1,worker1,worker1,0,0.22935152053833008,0.0,0.0
model_0,731,1,0.31043481826782227,3,5,0,0,0.7293945550918579,0.2256309986114502,0.08480381965637207,0.27317753894219765,worker1,worker1,worker1,0,0.2256309986114502,0.0,0.0
model_0,732,1,0.5100388526916504,9,9,1,1,0.9568607807159424,0.37426209449768066,0.13577675819396973,0.2662086573942928,worker1,worker1,worker1,0,0.37426209449768066,0.0,0.0
model_0,733,1,0.30417466163635254,5,5,1,0,0.8742801547050476,0.22021484375,0.08395981788635254,0.2760250227112222,worker1,worker1,worker1,0,0.22021484375,0.0,0.0
model_0,734,1,0.30784058570861816,5,5,1,0,0.7702159881591797,0.2242443561553955,0.08359622955322266,0.27155688182177967,worker1,worker1,worker1,0,0.2242443561553955,0.0,0.0
model_0,735,1,0.4621696472167969,2,2,1,1,0.9686428904533386,0.3787498474121094,0.0834197998046875,0.18049605876769428,worker1,worker1,worker1,0,0.3787498474121094,0.0,0.0
model_0,736,1,0.3140556812286377,3,3,1,0,0.9996153116226196,0.22489404678344727,0.08916163444519043,0.2839039054997362,worker1,worker1,worker1,0,0.22489404678344727,0.0,0.0
model_0,737,1,0.49607157707214355,7,7,1,1,0.5522840619087219,0.37499117851257324,0.12108039855957031,0.24407848414577,worker1,worker1,worker1,0,0.37499117851257324,0.0,0.0
model_0,738,1,0.3065474033355713,1,1,1,0,0.9131712317466736,0.22171902656555176,0.08482837677001953,0.27672188981865103,worker1,worker1,worker1,0,0.22171902656555176,0.0,0.0
model_0,739,1,0.3131103515625,0,8,0,0,0.6236111521720886,0.22607779502868652,0.08703255653381348,0.2779612877680312,worker1,worker1,worker1,0,0.22607779502868652,0.0,0.0
model_0,740,1,0.31847548484802246,1,9,0,0,0.8862596750259399,0.2257828712463379,0.09269261360168457,0.29105101651989884,worker1,worker1,worker1,0,0.2257828712463379,0.0,0.0
model_0,741,1,0.46226000785827637,0,8,0,1,0.5148056745529175,0.3791680335998535,0.08309197425842285,0.17975159617073752,worker1,worker1,worker1,0,0.3791680335998535,0.0,0.0
model_0,742,1,0.3039674758911133,2,5,0,0,0.7598878741264343,0.21997737884521484,0.08399009704589844,0.27631277589706743,worker1,worker1,worker1,0,0.21997737884521484,0.0,0.0
model_0,743,1,0.3074922561645508,3,3,1,0,0.9778229594230652,0.22341609001159668,0.0840761661529541,0.2734253122392837,worker1,worker1,worker1,0,0.22341609001159668,0.0,0.0
model_0,744,1,0.3156459331512451,5,5,1,0,0.9680759906768799,0.22618913650512695,0.08945679664611816,0.28340867804957265,worker1,worker1,worker1,0,0.22618913650512695,0.0,0.0
model_0,745,1,0.3086402416229248,4,4,1,0,0.6966842412948608,0.22548842430114746,0.08315181732177734,0.2694134014558168,worker1,worker1,worker1,0,0.22548842430114746,0.0,0.0
model_0,746,1,0.3117954730987549,4,4,1,0,0.8387473821640015,0.2266690731048584,0.08512639999389648,0.273019999770601,worker1,worker1,worker1,0,0.2266690731048584,0.0,0.0
model_0,747,1,0.46418142318725586,7,7,1,1,0.9621321558952332,0.373823881149292,0.09035754203796387,0.1946599702709616,worker1,worker1,worker1,0,0.373823881149292,0.0,0.0
model_0,748,1,0.30199289321899414,5,5,1,0,0.7204767465591431,0.2172412872314453,0.08475160598754883,0.280641061066593,worker1,worker1,worker1,0,0.2172412872314453,0.0,0.0
model_0,749,1,0.4630556106567383,9,1,0,1,0.9531628489494324,0.3752436637878418,0.08781194686889648,0.18963585549553186,worker1,worker1,worker1,0,0.3752436637878418,0.0,0.0
model_0,750,1,0.3154294490814209,8,8,1,0,0.8490211963653564,0.2274932861328125,0.0879361629486084,0.2787823496020807,worker1,worker1,worker1,0,0.2274932861328125,0.0,0.0
model_0,751,1,0.4600193500518799,2,2,1,1,0.8722050189971924,0.37595295906066895,0.08406639099121094,0.1827453366510129,worker1,worker1,worker1,0,0.37595295906066895,0.0,0.0
model_0,752,1,0.4639909267425537,2,2,1,1,0.9061007499694824,0.3783547878265381,0.08563613891601562,0.1845642532650881,worker1,worker1,worker1,0,0.3783547878265381,0.0,0.0
model_0,753,1,0.3060441017150879,3,3,1,0,0.6100258231163025,0.2219865322113037,0.08405756950378418,0.2746583548995748,worker1,worker1,worker1,0,0.2219865322113037,0.0,0.0
model_0,754,1,0.3112773895263672,8,8,1,0,0.7566328048706055,0.22347497940063477,0.08780241012573242,0.28207127494653766,worker1,worker1,worker1,0,0.22347497940063477,0.0,0.0
model_0,755,1,1.0323634147644043,8,9,0,2,0.8004940152168274,0.8817789554595947,0.15058445930480957,0.1458638083752459,worker1->worker2,worker1,worker2,0,0.37624526023864746,0.5055336952209473,0.0
model_0,756,1,0.469865083694458,0,0,1,1,0.8784116506576538,0.38533854484558105,0.08452653884887695,0.17989533970956337,worker1,worker1,worker1,0,0.38533854484558105,0.0,0.0
model_0,757,1,0.3139522075653076,9,1,0,0,0.9967072606086731,0.2263481616973877,0.08760404586791992,0.27903624741895383,worker1,worker1,worker1,0,0.2263481616973877,0.0,0.0
model_0,758,1,0.36066722869873047,4,4,1,0,0.7673045992851257,0.22817301750183105,0.13249421119689941,0.3673586083075304,worker1,worker1,worker1,0,0.22817301750183105,0.0,0.0
model_0,759,1,0.4947853088378906,5,7,0,1,0.7205327749252319,0.37749314308166504,0.11729216575622559,0.23705668632666435,worker1,worker1,worker1,0,0.37749314308166504,0.0,0.0
model_0,760,1,1.328157663345337,0,2,0,3,0.547962486743927,1.1373348236083984,0.19082283973693848,0.14367483997065358,worker1->worker2->worker3,worker1,worker3,0,0.3699829578399658,0.5751900672912598,0.19216179847717285
model_0,761,1,0.46964478492736816,0,0,1,1,0.9707748293876648,0.3834807872772217,0.08616399765014648,0.1834663141494736,worker1,worker1,worker1,0,0.3834807872772217,0.0,0.0
model_0,762,1,0.46213245391845703,5,5,1,1,0.9348670840263367,0.378032922744751,0.08409953117370605,0.18198144376275588,worker1,worker1,worker1,0,0.378032922744751,0.0,0.0
model_0,763,1,0.3267796039581299,8,8,1,0,0.9841383099555969,0.22876977920532227,0.09800982475280762,0.2999263833044047,worker1,worker1,worker1,0,0.22876977920532227,0.0,0.0
model_0,764,1,0.4619016647338867,5,4,0,1,0.7466685771942139,0.37698912620544434,0.08491253852844238,0.18383250161560394,worker1,worker1,worker1,0,0.37698912620544434,0.0,0.0
model_0,765,1,0.31202220916748047,8,8,1,0,0.8152820467948914,0.22499537467956543,0.08702683448791504,0.2789123079415244,worker1,worker1,worker1,0,0.22499537467956543,0.0,0.0
model_0,766,1,0.38785791397094727,8,8,1,0,0.9978596568107605,0.23039674758911133,0.15746116638183594,0.40597641741978396,worker1,worker1,worker1,0,0.23039674758911133,0.0,0.0
model_0,767,1,0.4708399772644043,1,1,1,1,0.9999080896377563,0.3810882568359375,0.0897517204284668,0.1906204331882081,worker1,worker1,worker1,0,0.3810882568359375,0.0,0.0
model_0,768,1,0.30518054962158203,0,0,1,0,0.9242038130760193,0.2214210033416748,0.08375954627990723,0.27445899282823705,worker1,worker1,worker1,0,0.2214210033416748,0.0,0.0
model_0,769,1,0.31087708473205566,1,1,1,0,0.6633700728416443,0.2271437644958496,0.08373332023620605,0.269345424119554,worker1,worker1,worker1,0,0.2271437644958496,0.0,0.0
model_0,770,1,1.094892978668213,3,3,1,2,0.84502774477005,0.9432041645050049,0.151688814163208,0.13854213801582382,worker1->worker2,worker1,worker2,0,0.37590599060058594,0.567298173904419,0.0
model_0,771,1,1.4121413230895996,0,4,0,3,0.649580180644989,1.2159945964813232,0.19614672660827637,0.13890021019930945,worker1->worker2->worker3,worker1,worker3,0,0.3739054203033447,0.5883753299713135,0.25371384620666504
model_0,772,1,0.3091604709625244,2,2,1,0,0.9916700124740601,0.22440695762634277,0.08475351333618164,0.2741408468951881,worker1,worker1,worker1,0,0.22440695762634277,0.0,0.0
model_0,773,1,0.3638460636138916,5,5,1,0,0.539998471736908,0.22939419746398926,0.13445186614990234,0.36952953349134154,worker1,worker1,worker1,0,0.22939419746398926,0.0,0.0
model_0,774,1,0.47022199630737305,0,0,1,1,0.9264935851097107,0.3798201084136963,0.09040188789367676,0.19225363467383005,worker1,worker1,worker1,0,0.3798201084136963,0.0,0.0
model_0,775,1,1.3644216060638428,2,2,1,3,0.5012149214744568,1.1497387886047363,0.21468281745910645,0.1573434607785456,worker1->worker2->worker3,worker1,worker3,0,0.37317585945129395,0.590399980545044,0.18616294860839844
model_0,776,1,0.3112983703613281,9,9,1,0,0.9979758858680725,0.22489356994628906,0.08640480041503906,0.27756264934746644,worker1,worker1,worker1,0,0.22489356994628906,0.0,0.0
model_0,777,1,1.1065542697906494,6,2,0,2,0.6835184097290039,0.9461081027984619,0.1604461669921875,0.14499620251119047,worker1->worker2,worker1,worker2,0,0.39353084564208984,0.5525772571563721,0.0
model_0,778,1,1.0819387435913086,7,7,1,2,0.9270804524421692,0.9275741577148438,0.15436458587646484,0.14267405321310364,worker1->worker2,worker1,worker2,0,0.3772585391998291,0.5503156185150146,0.0
model_0,779,1,0.31079769134521484,7,7,1,0,0.5692514777183533,0.22583246231079102,0.08496522903442383,0.27337792847389497,worker1,worker1,worker1,0,0.22583246231079102,0.0,0.0
model_0,780,1,0.4979379177093506,0,0,1,1,0.6895027160644531,0.3773195743560791,0.12061834335327148,0.24223570662814467,worker1,worker1,worker1,0,0.3773195743560791,0.0,0.0
model_0,781,1,0.3069031238555908,4,4,1,0,0.9950319528579712,0.22283339500427246,0.08406972885131836,0.27392920539602017,worker1,worker1,worker1,0,0.22283339500427246,0.0,0.0
model_0,782,1,0.31156206130981445,1,1,1,0,0.9168515801429749,0.22687053680419922,0.08469152450561523,0.27182874625225556,worker1,worker1,worker1,0,0.22687053680419922,0.0,0.0
model_0,783,1,0.46223950386047363,6,6,1,1,0.8153293132781982,0.37925243377685547,0.08298707008361816,0.17953262192118416,worker1,worker1,worker1,0,0.37925243377685547,0.0,0.0
model_0,784,1,0.30619001388549805,8,8,1,0,0.8816587328910828,0.22243785858154297,0.08375215530395508,0.2735300026318781,worker1,worker1,worker1,0,0.22243785858154297,0.0,0.0
model_0,785,1,0.31207966804504395,0,0,1,0,0.9419851899147034,0.22833681106567383,0.08374285697937012,0.26833807374879387,worker1,worker1,worker1,0,0.22833681106567383,0.0,0.0
model_0,786,1,0.3133871555328369,4,4,1,0,0.9366113543510437,0.2295374870300293,0.08384966850280762,0.26755936554018017,worker1,worker1,worker1,0,0.2295374870300293,0.0,0.0
model_0,787,1,0.31686997413635254,0,0,1,0,0.9792308807373047,0.22498536109924316,0.09188461303710938,0.2899757646256835,worker1,worker1,worker1,0,0.22498536109924316,0.0,0.0
model_0,788,1,0.35080409049987793,9,9,1,0,0.7588626146316528,0.22468996047973633,0.1261141300201416,0.35950016956881947,worker1,worker1,worker1,0,0.22468996047973633,0.0,0.0
model_0,789,1,1.1382675170898438,3,3,1,2,0.973121702671051,0.984234094619751,0.15403342247009277,0.13532269010355574,worker1->worker2,worker1,worker2,0,0.37760281562805176,0.6066312789916992,0.0
model_0,790,1,0.4596099853515625,2,2,1,1,0.6329222917556763,0.3746490478515625,0.0849609375,0.18485442050396733,worker1,worker1,worker1,0,0.3746490478515625,0.0,0.0
model_0,791,1,0.3113586902618408,9,1,0,0,0.9409703612327576,0.22342848777770996,0.08793020248413086,0.28240805615602027,worker1,worker1,worker1,0,0.22342848777770996,0.0,0.0
model_0,792,1,1.0990495681762695,8,8,1,2,0.9369849562644958,0.9445023536682129,0.15454721450805664,0.14061896658993073,worker1->worker2,worker1,worker2,0,0.3770253658294678,0.5674769878387451,0.0
model_0,793,1,0.30672621726989746,1,1,1,0,0.721290647983551,0.22156381607055664,0.08516240119934082,0.2776495663049367,worker1,worker1,worker1,0,0.22156381607055664,0.0,0.0
model_0,794,1,0.3073430061340332,4,4,1,0,0.9218612313270569,0.22164463996887207,0.08569836616516113,0.2788362333118712,worker1,worker1,worker1,0,0.22164463996887207,0.0,0.0
model_0,795,1,0.3507852554321289,1,1,1,0,0.9662712216377258,0.22379732131958008,0.12698793411254883,0.36201046693400396,worker1,worker1,worker1,0,0.22379732131958008,0.0,0.0
model_0,796,1,0.5330207347869873,6,6,1,1,0.9661269783973694,0.37419986724853516,0.15882086753845215,0.29796376983706313,worker1,worker1,worker1,0,0.37419986724853516,0.0,0.0
model_0,797,1,0.3100776672363281,5,3,0,0,0.618491530418396,0.22416162490844727,0.08591604232788086,0.277079104385803,worker1,worker1,worker1,0,0.22416162490844727,0.0,0.0
model_0,798,1,0.315690279006958,0,0,1,0,0.6827915906906128,0.22167372703552246,0.09401655197143555,0.29781262909702505,worker1,worker1,worker1,0,0.22167372703552246,0.0,0.0
model_0,799,1,1.0544748306274414,3,2,0,2,0.6253423094749451,0.858954668045044,0.19552016258239746,0.18541946844388651,worker1->worker2,worker1,worker2,0,0.37360692024230957,0.4853477478027344,0.0
model_0,800,1,0.46659016609191895,3,4,0,1,0.8416386246681213,0.3744947910308838,0.09209537506103516,0.19737958867073988,worker1,worker1,worker1,0,0.3744947910308838,0.0,0.0
model_0,801,1,0.3693959712982178,6,3,0,0,0.9493990540504456,0.22321319580078125,0.14618277549743652,0.39573462315706043,worker1,worker1,worker1,0,0.22321319580078125,0.0,0.0
model_0,802,1,0.45896220207214355,2,3,0,1,0.9230630993843079,0.3742384910583496,0.08472371101379395,0.184598449787977,worker1,worker1,worker1,0,0.3742384910583496,0.0,0.0
model_0,803,1,0.4546637535095215,4,7,0,1,0.9752439856529236,0.36942577362060547,0.08523797988891602,0.18747476400080126,worker1,worker1,worker1,0,0.36942577362060547,0.0,0.0
model_0,804,1,0.3057072162628174,4,4,1,0,0.836949348449707,0.22268986701965332,0.08301734924316406,0.2715583565806108,worker1,worker1,worker1,0,0.22268986701965332,0.0,0.0
model_0,805,1,0.3132152557373047,2,2,1,0,0.9762811660766602,0.2207021713256836,0.0925130844116211,0.2953658313795938,worker1,worker1,worker1,0,0.2207021713256836,0.0,0.0
model_0,806,1,0.3060953617095947,2,0,0,0,0.9417601227760315,0.2206127643585205,0.08548259735107422,0.27926786238654305,worker1,worker1,worker1,0,0.2206127643585205,0.0,0.0
model_0,807,1,0.30785584449768066,9,8,0,0,0.9921905398368835,0.22206568717956543,0.08579015731811523,0.2786698997321182,worker1,worker1,worker1,0,0.22206568717956543,0.0,0.0
model_0,808,1,0.50870680809021,5,5,1,1,0.5082336068153381,0.3774580955505371,0.13124871253967285,0.2580046314544276,worker1,worker1,worker1,0,0.3774580955505371,0.0,0.0
model_0,809,1,0.3055281639099121,1,1,1,0,0.9164323210716248,0.22142577171325684,0.08410239219665527,0.2752688692275638,worker1,worker1,worker1,0,0.22142577171325684,0.0,0.0
model_0,810,1,0.3053102493286133,7,7,1,0,0.9969033598899841,0.22147560119628906,0.08383464813232422,0.27458838449308276,worker1,worker1,worker1,0,0.22147560119628906,0.0,0.0
model_0,811,1,0.4640042781829834,0,0,1,1,0.921592652797699,0.37911152839660645,0.08489274978637695,0.18295682556810153,worker1,worker1,worker1,0,0.37911152839660645,0.0,0.0
model_0,812,1,0.30991339683532715,7,7,1,0,0.9988584518432617,0.22434449195861816,0.08556890487670898,0.2761058597353122,worker1,worker1,worker1,0,0.22434449195861816,0.0,0.0
model_0,813,1,0.3566927909851074,3,3,1,0,0.5889000296592712,0.22184109687805176,0.13485169410705566,0.37806117060741484,worker1,worker1,worker1,0,0.22184109687805176,0.0,0.0
model_0,814,1,0.31052422523498535,8,8,1,0,0.9631803035736084,0.22021698951721191,0.09030723571777344,0.29082186953186845,worker1,worker1,worker1,0,0.22021698951721191,0.0,0.0
model_0,815,1,0.45461177825927734,1,1,1,1,0.990239143371582,0.3715329170227051,0.08307886123657227,0.18274682973389694,worker1,worker1,worker1,0,0.3715329170227051,0.0,0.0
model_0,816,1,0.30420827865600586,3,3,1,0,0.7096389532089233,0.21872472763061523,0.08548355102539062,0.28100336849167123,worker1,worker1,worker1,0,0.21872472763061523,0.0,0.0
model_0,817,1,0.30692601203918457,2,2,1,0,0.6032774448394775,0.22389960289001465,0.08302640914916992,0.2705095231178064,worker1,worker1,worker1,0,0.22389960289001465,0.0,0.0
model_0,818,1,0.5095980167388916,0,0,1,1,0.7198159694671631,0.37278008460998535,0.13681793212890625,0.2684820733888554,worker1,worker1,worker1,0,0.37278008460998535,0.0,0.0
model_0,819,1,0.30971860885620117,4,4,1,0,0.768605649471283,0.22472095489501953,0.08499765396118164,0.2744350889185515,worker1,worker1,worker1,0,0.22472095489501953,0.0,0.0
model_0,820,1,0.45751452445983887,1,1,1,1,0.9363085031509399,0.3746163845062256,0.08289813995361328,0.18119236772097314,worker1,worker1,worker1,0,0.3746163845062256,0.0,0.0
model_0,821,1,0.45867323875427246,5,5,1,1,0.5673664212226868,0.3737363815307617,0.08493685722351074,0.18517944812780854,worker1,worker1,worker1,0,0.3737363815307617,0.0,0.0
model_0,822,1,1.1567082405090332,7,7,1,2,0.798653781414032,0.9997134208679199,0.15699481964111328,0.1357255132651467,worker1->worker2,worker1,worker2,0,0.37366437911987305,0.6260490417480469,0.0
model_0,823,1,0.4641425609588623,3,5,0,1,0.8408198356628418,0.37917494773864746,0.08496761322021484,0.1830636109834057,worker1,worker1,worker1,0,0.37917494773864746,0.0,0.0
model_0,824,1,1.1743793487548828,2,5,0,2,0.902957022190094,0.9878997802734375,0.1864795684814453,0.15878989074455144,worker1->worker2,worker1,worker2,0,0.3738994598388672,0.6140003204345703,0.0
model_0,825,1,0.46132397651672363,0,0,1,1,0.8244485855102539,0.37612056732177734,0.08520340919494629,0.18469321676771236,worker1,worker1,worker1,0,0.37612056732177734,0.0,0.0
model_0,826,1,1.3247880935668945,6,4,0,3,0.36833614110946655,1.0916643142700195,0.233123779296875,0.1759706178134545,worker1->worker2->worker3,worker1,worker3,0,0.37500476837158203,0.5546693801879883,0.16199016571044922
model_0,827,1,0.46514368057250977,2,2,1,1,0.9375855326652527,0.37871718406677246,0.0864264965057373,0.18580602105431496,worker1,worker1,worker1,0,0.37871718406677246,0.0,0.0
model_0,828,1,1.2237310409545898,2,3,0,3,0.5305845737457275,1.0399315357208252,0.18379950523376465,0.15019599820757107,worker1->worker2->worker3,worker1,worker3,0,0.37310123443603516,0.5116024017333984,0.1552278995513916
model_0,829,1,0.31430840492248535,4,4,1,0,0.9088003635406494,0.22692346572875977,0.08738493919372559,0.27802291578959343,worker1,worker1,worker1,0,0.22692346572875977,0.0,0.0
model_0,830,1,0.4541752338409424,5,5,1,1,0.9905074834823608,0.37125134468078613,0.08292388916015625,0.18258126595515156,worker1,worker1,worker1,0,0.37125134468078613,0.0,0.0
model_0,831,1,0.30724048614501953,5,5,1,0,0.5647967457771301,0.22228717803955078,0.08495330810546875,0.27650427575931585,worker1,worker1,worker1,0,0.22228717803955078,0.0,0.0
model_0,832,1,0.30568385124206543,3,3,1,0,0.743586003780365,0.2215886116027832,0.08409523963928223,0.27510527395406553,worker1,worker1,worker1,0,0.2215886116027832,0.0,0.0
model_0,833,1,0.31180834770202637,4,4,1,0,0.7763661742210388,0.22678661346435547,0.0850217342376709,0.27267305338124004,worker1,worker1,worker1,0,0.22678661346435547,0.0,0.0
model_0,834,1,0.4601013660430908,4,4,1,1,0.9949563145637512,0.3760659694671631,0.08403539657592773,0.18264539681470407,worker1,worker1,worker1,0,0.3760659694671631,0.0,0.0
model_0,835,1,0.3097350597381592,0,0,1,0,0.9761949181556702,0.22590017318725586,0.08383488655090332,0.2706664418996508,worker1,worker1,worker1,0,0.22590017318725586,0.0,0.0
model_0,836,1,0.3637397289276123,9,9,1,0,0.9918314814567566,0.2208251953125,0.1429145336151123,0.392903282895319,worker1,worker1,worker1,0,0.2208251953125,0.0,0.0
model_0,837,1,0.5171060562133789,4,7,0,1,0.9862359166145325,0.374417781829834,0.14268827438354492,0.2759361888514915,worker1,worker1,worker1,0,0.374417781829834,0.0,0.0
model_0,838,1,0.45743703842163086,2,2,1,1,0.9524763822555542,0.3717327117919922,0.08570432662963867,0.18735764582019462,worker1,worker1,worker1,0,0.3717327117919922,0.0,0.0
model_0,839,1,0.3365132808685303,9,1,0,0,0.5349019169807434,0.22480082511901855,0.11171245574951172,0.3319704216760342,worker1,worker1,worker1,0,0.22480082511901855,0.0,0.0
model_0,840,1,0.30599379539489746,7,7,1,0,0.9944241642951965,0.22104930877685547,0.08494448661804199,0.2776019902900896,worker1,worker1,worker1,0,0.22104930877685547,0.0,0.0
model_0,841,1,1.5271048545837402,0,0,1,3,0.8256222009658813,1.335115909576416,0.19198894500732422,0.12572086614160935,worker1->worker2->worker3,worker1,worker3,0,0.37621498107910156,0.6534326076507568,0.3054683208465576
model_0,842,1,0.46530938148498535,5,5,1,1,0.8462784886360168,0.38051438331604004,0.08479499816894531,0.1822335881093373,worker1,worker1,worker1,0,0.38051438331604004,0.0,0.0
model_0,843,1,0.3063826560974121,3,3,1,0,0.8044713139533997,0.22145986557006836,0.08492279052734375,0.27717884428922496,worker1,worker1,worker1,0,0.22145986557006836,0.0,0.0
model_0,844,1,0.3062617778778076,2,2,1,0,0.9418820738792419,0.2203845977783203,0.0858771800994873,0.2804044980557469,worker1,worker1,worker1,0,0.2203845977783203,0.0,0.0
model_0,845,1,0.30402588844299316,6,6,1,0,0.9977337121963501,0.22102093696594238,0.08300495147705078,0.27301935339172523,worker1,worker1,worker1,0,0.22102093696594238,0.0,0.0
model_0,846,1,0.3038361072540283,9,1,0,0,0.7387586832046509,0.22028279304504395,0.08355331420898438,0.2749946836934951,worker1,worker1,worker1,0,0.22028279304504395,0.0,0.0
model_0,847,1,0.4582240581512451,0,0,1,1,0.9376990795135498,0.3740196228027344,0.08420443534851074,0.18376258044643642,worker1,worker1,worker1,0,0.3740196228027344,0.0,0.0
model_0,848,1,0.3051795959472656,1,1,1,0,0.9959614872932434,0.22095656394958496,0.08422303199768066,0.275978581517731,worker1,worker1,worker1,0,0.22095656394958496,0.0,0.0
model_0,849,1,0.31107139587402344,9,9,1,0,0.982591986656189,0.22596955299377441,0.08510184288024902,0.27357656155152643,worker1,worker1,worker1,0,0.22596955299377441,0.0,0.0
model_0,850,1,0.45768284797668457,3,7,0,1,0.980692446231842,0.37287306785583496,0.08480978012084961,0.18530250914093685,worker1,worker1,worker1,0,0.37287306785583496,0.0,0.0
model_0,851,1,0.30835795402526855,0,0,1,0,0.876817524433136,0.22217464447021484,0.08618330955505371,0.27949111877941496,worker1,worker1,worker1,0,0.22217464447021484,0.0,0.0
model_0,852,1,0.30845069885253906,4,6,0,0,0.7994771003723145,0.22206568717956543,0.08638501167297363,0.28006100162629777,worker1,worker1,worker1,0,0.22206568717956543,0.0,0.0
model_0,853,1,0.31490159034729004,7,7,1,0,0.7551994919776917,0.23093819618225098,0.08396339416503906,0.2666337571443822,worker1,worker1,worker1,0,0.23093819618225098,0.0,0.0
model_0,854,1,0.45960092544555664,2,2,1,1,0.6624736189842224,0.37353992462158203,0.08606100082397461,0.1872515829696022,worker1,worker1,worker1,0,0.37353992462158203,0.0,0.0
model_0,855,1,0.30762696266174316,6,6,1,0,0.9983574748039246,0.222747802734375,0.08487915992736816,0.2759158663887944,worker1,worker1,worker1,0,0.222747802734375,0.0,0.0
model_0,856,1,0.30668139457702637,7,7,1,0,0.9723238348960876,0.22314858436584473,0.08353281021118164,0.27237651741602953,worker1,worker1,worker1,0,0.22314858436584473,0.0,0.0
model_0,857,1,0.30606818199157715,3,3,1,0,0.8222652673721313,0.22225093841552734,0.0838172435760498,0.2738515419363533,worker1,worker1,worker1,0,0.22225093841552734,0.0,0.0
model_0,858,1,0.4558393955230713,1,1,1,1,0.971936047077179,0.3713667392730713,0.08447265625,0.18531232069810125,worker1,worker1,worker1,0,0.3713667392730713,0.0,0.0
model_0,859,1,0.4606797695159912,1,0,0,1,0.7613251209259033,0.3760182857513428,0.08466148376464844,0.18377512833610474,worker1,worker1,worker1,0,0.3760182857513428,0.0,0.0
model_0,860,1,0.4594461917877197,1,9,0,1,0.9400871396064758,0.37556004524230957,0.08388614654541016,0.18258100305284172,worker1,worker1,worker1,0,0.37556004524230957,0.0,0.0
model_0,861,1,0.3071117401123047,9,9,1,0,0.9999651908874512,0.22310733795166016,0.08400440216064453,0.27353041642083037,worker1,worker1,worker1,0,0.22310733795166016,0.0,0.0
model_0,862,1,0.30790138244628906,8,8,1,0,0.9627059102058411,0.22144198417663574,0.08645939826965332,0.28080224123298786,worker1,worker1,worker1,0,0.22144198417663574,0.0,0.0
model_0,863,1,0.4620361328125,5,7,0,1,0.5236396193504333,0.3771860599517822,0.08485007286071777,0.183643803665786,worker1,worker1,worker1,0,0.3771860599517822,0.0,0.0
model_0,864,1,0.31000685691833496,0,9,0,0,0.94316166639328,0.22500133514404297,0.08500552177429199,0.2742052953902403,worker1,worker1,worker1,0,0.22500133514404297,0.0,0.0
model_0,865,1,0.30867505073547363,9,9,1,0,0.7821112871170044,0.22184443473815918,0.08683061599731445,0.2813010503778162,worker1,worker1,worker1,0,0.22184443473815918,0.0,0.0
model_0,866,1,0.47689056396484375,5,5,1,1,0.9985804557800293,0.37787485122680664,0.09901571273803711,0.20762774569248243,worker1,worker1,worker1,0,0.37787485122680664,0.0,0.0
model_0,867,1,1.49420166015625,9,7,0,3,0.5038859844207764,1.2675092220306396,0.22669243812561035,0.15171475455455252,worker1->worker2->worker3,worker1,worker3,0,0.3757016658782959,0.6424956321716309,0.2493119239807129
model_0,868,1,0.3157060146331787,7,7,1,0,0.9876775145530701,0.2297217845916748,0.0859842300415039,0.27235537511507235,worker1,worker1,worker1,0,0.2297217845916748,0.0,0.0
model_0,869,1,0.311445951461792,9,9,1,0,0.9812319874763489,0.22068405151367188,0.09076189994812012,0.2914210299479675,worker1,worker1,worker1,0,0.22068405151367188,0.0,0.0
model_0,870,1,0.3151421546936035,6,6,1,0,0.8710968494415283,0.22313404083251953,0.09200811386108398,0.29195749439023394,worker1,worker1,worker1,0,0.22313404083251953,0.0,0.0
model_0,871,1,0.47194504737854004,0,8,0,1,0.8245242834091187,0.3744347095489502,0.09751033782958984,0.2066137538071848,worker1,worker1,worker1,0,0.3744347095489502,0.0,0.0
model_0,872,1,0.46961283683776855,9,9,1,1,0.9761964082717896,0.3737161159515381,0.09589672088623047,0.20420378951301696,worker1,worker1,worker1,0,0.3737161159515381,0.0,0.0
model_0,873,1,0.30257129669189453,5,5,1,0,0.8354188203811646,0.22073149681091309,0.08183979988098145,0.270481042900504,worker1,worker1,worker1,0,0.22073149681091309,0.0,0.0
model_0,874,1,0.31046533584594727,0,0,1,0,0.9874452352523804,0.22633719444274902,0.08412814140319824,0.27097434621474964,worker1,worker1,worker1,0,0.22633719444274902,0.0,0.0
model_0,875,1,0.30625367164611816,4,3,0,0,0.8999520540237427,0.22129154205322266,0.08496212959289551,0.27742403588575043,worker1,worker1,worker1,0,0.22129154205322266,0.0,0.0
model_0,876,1,0.46408700942993164,5,6,0,1,0.8052950501441956,0.37720179557800293,0.08688521385192871,0.18721750897241335,worker1,worker1,worker1,0,0.37720179557800293,0.0,0.0
model_0,877,1,1.086181402206421,8,8,1,2,0.5664805769920349,0.9326169490814209,0.153564453125,0.14138011644561024,worker1->worker2,worker1,worker2,0,0.37601327896118164,0.5566036701202393,0.0
model_0,878,1,0.4631996154785156,4,4,1,1,0.944694995880127,0.37508320808410645,0.08811640739440918,0.19023419806464897,worker1,worker1,worker1,0,0.37508320808410645,0.0,0.0
model_0,879,1,1.1475918292999268,2,2,1,2,0.9807140231132507,0.9601149559020996,0.18747687339782715,0.16336546550021616,worker1->worker2,worker1,worker2,0,0.3750584125518799,0.5850565433502197,0.0
model_0,880,1,0.46097445487976074,2,2,1,1,0.9217723608016968,0.3728456497192383,0.08812880516052246,0.1911793684609047,worker1,worker1,worker1,0,0.3728456497192383,0.0,0.0
model_0,881,1,1.0546202659606934,0,0,1,2,0.7635780572891235,0.9049491882324219,0.14967107772827148,0.1419194022333057,worker1->worker2,worker1,worker2,0,0.3703498840332031,0.5345993041992188,0.0
model_0,882,1,0.46166276931762695,9,9,1,1,0.7480849623680115,0.37635016441345215,0.0853126049041748,0.18479420601811444,worker1,worker1,worker1,0,0.37635016441345215,0.0,0.0
model_0,883,1,0.3076443672180176,4,4,1,0,0.8581731915473938,0.22164034843444824,0.08600401878356934,0.27955661779635665,worker1,worker1,worker1,0,0.22164034843444824,0.0,0.0
model_0,884,1,0.30686211585998535,9,9,1,0,0.9937430024147034,0.22318220138549805,0.0836799144744873,0.2726954881347056,worker1,worker1,worker1,0,0.22318220138549805,0.0,0.0
model_0,885,1,0.4564700126647949,6,6,1,1,0.9796415567398071,0.37293219566345215,0.08353781700134277,0.18300833501342859,worker1,worker1,worker1,0,0.37293219566345215,0.0,0.0
model_0,886,1,0.3030693531036377,8,8,1,0,0.9133236408233643,0.21930861473083496,0.08376073837280273,0.27637482152198967,worker1,worker1,worker1,0,0.21930861473083496,0.0,0.0
model_0,887,1,0.45758605003356934,8,8,1,1,0.8433911800384521,0.3744692802429199,0.08311676979064941,0.18164183498284492,worker1,worker1,worker1,0,0.3744692802429199,0.0,0.0
model_0,888,1,0.45867323875427246,3,3,1,1,0.9202086329460144,0.37189435958862305,0.08677887916564941,0.189195426795196,worker1,worker1,worker1,0,0.37189435958862305,0.0,0.0
model_0,889,1,0.31052231788635254,4,2,0,0,0.8682315945625305,0.22545766830444336,0.08506464958190918,0.27394053400387736,worker1,worker1,worker1,0,0.22545766830444336,0.0,0.0
model_0,890,1,0.3105931282043457,9,7,0,0,0.9920702576637268,0.2257692813873291,0.0848238468170166,0.27310278017873346,worker1,worker1,worker1,0,0.2257692813873291,0.0,0.0
model_0,891,1,0.4649503231048584,0,0,1,1,0.8051913380622864,0.38256406784057617,0.08238625526428223,0.1771936724640193,worker1,worker1,worker1,0,0.38256406784057617,0.0,0.0
model_0,892,1,1.423795223236084,3,0,0,3,0.7420194149017334,1.2267332077026367,0.19706201553344727,0.13840615020856253,worker1->worker2->worker3,worker1,worker3,0,0.37036800384521484,0.6227807998657227,0.23358440399169922
model_0,893,1,0.3064248561859131,7,7,1,0,0.9999192953109741,0.22109556198120117,0.08532929420471191,0.2784672734020676,worker1,worker1,worker1,0,0.22109556198120117,0.0,0.0
model_0,894,1,0.328685998916626,9,9,1,0,0.8708807229995728,0.23081278800964355,0.09787321090698242,0.2977711591901692,worker1,worker1,worker1,0,0.23081278800964355,0.0,0.0
model_0,895,1,0.3419992923736572,1,1,1,0,0.8481324315071106,0.23051071166992188,0.11148858070373535,0.32599067655943154,worker1,worker1,worker1,0,0.23051071166992188,0.0,0.0
model_0,896,1,0.31717634201049805,4,3,0,0,0.8092191815376282,0.22688961029052734,0.0902867317199707,0.2846578378061449,worker1,worker1,worker1,0,0.22688961029052734,0.0,0.0
model_0,897,1,0.46666812896728516,8,8,1,1,0.9282232522964478,0.37834668159484863,0.08832144737243652,0.18925965132413858,worker1,worker1,worker1,0,0.37834668159484863,0.0,0.0
model_0,898,1,0.3040447235107422,9,3,0,0,0.5683638453483582,0.22037601470947266,0.08366870880126953,0.27518553137566104,worker1,worker1,worker1,0,0.22037601470947266,0.0,0.0
model_0,899,1,0.3093454837799072,0,0,1,0,0.9795300364494324,0.2259845733642578,0.08336091041564941,0.26947511693740756,worker1,worker1,worker1,0,0.2259845733642578,0.0,0.0
model_0,900,1,0.31682562828063965,4,4,1,0,0.9795189499855042,0.228898286819458,0.08792734146118164,0.2775259752133967,worker1,worker1,worker1,0,0.228898286819458,0.0,0.0
model_0,901,1,0.31400275230407715,4,2,0,0,0.7981711030006409,0.2271575927734375,0.08684515953063965,0.27657451692187607,worker1,worker1,worker1,0,0.2271575927734375,0.0,0.0
model_0,902,1,0.3174867630004883,7,7,1,0,0.9999028444290161,0.22872328758239746,0.08876347541809082,0.27958165744993374,worker1,worker1,worker1,0,0.22872328758239746,0.0,0.0
model_0,903,1,0.33086442947387695,1,1,1,0,0.9997147917747498,0.2388615608215332,0.09200286865234375,0.2780681767412769,worker1,worker1,worker1,0,0.2388615608215332,0.0,0.0
model_0,904,1,0.3544623851776123,1,1,1,0,0.9185129404067993,0.22797226905822754,0.12649011611938477,0.3568506036430458,worker1,worker1,worker1,0,0.22797226905822754,0.0,0.0
model_0,905,1,0.4565131664276123,3,5,0,1,0.875921368598938,0.37166595458984375,0.08484721183776855,0.18585928748064373,worker1,worker1,worker1,0,0.37166595458984375,0.0,0.0
model_0,906,1,0.3052639961242676,5,5,1,0,0.9908517003059387,0.21923589706420898,0.0860280990600586,0.2818154127322571,worker1,worker1,worker1,0,0.21923589706420898,0.0,0.0
model_0,907,1,0.3645780086517334,9,9,1,0,0.9672403931617737,0.2272655963897705,0.1373124122619629,0.3766338314528781,worker1,worker1,worker1,0,0.2272655963897705,0.0,0.0
model_0,908,1,0.3211476802825928,8,8,1,0,0.9788022041320801,0.22623229026794434,0.09491539001464844,0.295550601303201,worker1,worker1,worker1,0,0.22623229026794434,0.0,0.0
model_0,909,1,0.3835592269897461,7,1,0,0,0.7422404885292053,0.2256309986114502,0.1579282283782959,0.41174404698265255,worker1,worker1,worker1,0,0.2256309986114502,0.0,0.0
model_0,910,1,0.5270664691925049,3,2,0,1,0.826016902923584,0.3761446475982666,0.15092182159423828,0.28634305237716773,worker1,worker1,worker1,0,0.3761446475982666,0.0,0.0
model_0,911,1,0.3149449825286865,9,9,1,0,0.98968505859375,0.2265927791595459,0.08835220336914062,0.280532182668105,worker1,worker1,worker1,0,0.2265927791595459,0.0,0.0
model_0,912,1,0.4571712017059326,4,4,1,1,0.5945673584938049,0.373302698135376,0.08386850357055664,0.18345097691543483,worker1,worker1,worker1,0,0.373302698135376,0.0,0.0
model_0,913,1,0.4597022533416748,5,5,1,1,0.7871954441070557,0.3744046688079834,0.0852975845336914,0.18554963329773755,worker1,worker1,worker1,0,0.3744046688079834,0.0,0.0
model_0,914,1,1.3324429988861084,3,6,0,3,0.4100879430770874,1.144914150238037,0.1875288486480713,0.14074061615006503,worker1->worker2->worker3,worker1,worker3,0,0.3684351444244385,0.5475420951843262,0.22893691062927246
model_0,915,1,0.31079936027526855,3,3,1,0,0.7321670055389404,0.22580194473266602,0.08499741554260254,0.2734800208961887,worker1,worker1,worker1,0,0.22580194473266602,0.0,0.0
model_0,916,1,0.308117151260376,9,9,1,0,0.9581901431083679,0.223069429397583,0.08504772186279297,0.276023978265731,worker1,worker1,worker1,0,0.223069429397583,0.0,0.0
model_0,917,1,0.31315064430236816,2,2,1,0,0.7515465617179871,0.22507715225219727,0.0880734920501709,0.2812495955305459,worker1,worker1,worker1,0,0.22507715225219727,0.0,0.0
model_0,918,1,0.35334324836730957,9,9,1,0,0.9312390685081482,0.2281043529510498,0.12523889541625977,0.3544397579264643,worker1,worker1,worker1,0,0.2281043529510498,0.0,0.0
model_0,919,1,0.30916810035705566,7,7,1,0,0.9826960563659668,0.22467565536499023,0.08449244499206543,0.273289659879159,worker1,worker1,worker1,0,0.22467565536499023,0.0,0.0
model_0,920,1,0.30968761444091797,0,8,0,0,0.7912113070487976,0.22642016410827637,0.0832674503326416,0.2688756232081323,worker1,worker1,worker1,0,0.22642016410827637,0.0,0.0
model_0,921,1,0.3101673126220703,3,3,1,0,0.9372915029525757,0.22400188446044922,0.0861654281616211,0.27780305872079797,worker1,worker1,worker1,0,0.22400188446044922,0.0,0.0
model_0,922,1,0.3249082565307617,4,4,1,0,0.9005706906318665,0.2281656265258789,0.09674263000488281,0.29775368295610977,worker1,worker1,worker1,0,0.2281656265258789,0.0,0.0
model_0,923,1,0.30674242973327637,1,1,1,0,0.9971278309822083,0.22196626663208008,0.08477616310119629,0.27637573052711434,worker1,worker1,worker1,0,0.22196626663208008,0.0,0.0
model_0,924,1,0.310683012008667,9,9,1,0,0.9869673848152161,0.22697019577026367,0.08371281623840332,0.26944767818868715,worker1,worker1,worker1,0,0.22697019577026367,0.0,0.0
model_0,925,1,0.46289920806884766,0,6,0,1,0.8049600124359131,0.37485218048095703,0.08804702758789062,0.19020777321095625,worker1,worker1,worker1,0,0.37485218048095703,0.0,0.0
model_0,926,1,1.36985445022583,3,3,1,3,0.5440324544906616,1.1730754375457764,0.1967790126800537,0.14364957725808994,worker1->worker2->worker3,worker1,worker3,0,0.3717679977416992,0.5317559242248535,0.26955151557922363
model_0,927,1,0.31032776832580566,9,9,1,0,0.8529188632965088,0.2246387004852295,0.08568906784057617,0.27612439680426304,worker1,worker1,worker1,0,0.2246387004852295,0.0,0.0
model_0,928,1,0.5243015289306641,9,9,1,1,0.9797897338867188,0.37888360023498535,0.1454179286956787,0.27735553049457046,worker1,worker1,worker1,0,0.37888360023498535,0.0,0.0
model_0,929,1,0.30469417572021484,3,3,1,0,0.916696310043335,0.21988129615783691,0.08481287956237793,0.27835412134775195,worker1,worker1,worker1,0,0.21988129615783691,0.0,0.0
model_0,930,1,0.3067314624786377,7,7,1,0,0.9970924854278564,0.22348475456237793,0.08324670791625977,0.27139931210042556,worker1,worker1,worker1,0,0.22348475456237793,0.0,0.0
model_0,931,1,1.4483752250671387,4,4,1,3,0.36602291464805603,1.2412230968475342,0.2071521282196045,0.14302379979607982,worker1->worker2->worker3,worker1,worker3,0,0.37789440155029297,0.564854621887207,0.2984740734100342
model_0,932,1,0.33534669876098633,4,2,0,0,0.9698420166969299,0.24611139297485352,0.08923530578613281,0.26609865585626064,worker1,worker1,worker1,0,0.24611139297485352,0.0,0.0
model_0,933,1,0.30823302268981934,1,1,1,0,0.9960136413574219,0.22364115715026855,0.08459186553955078,0.2744412808249853,worker1,worker1,worker1,0,0.22364115715026855,0.0,0.0
model_0,934,1,0.4835200309753418,5,5,1,1,0.9944097399711609,0.3743095397949219,0.10921049118041992,0.2258654950863646,worker1,worker1,worker1,0,0.3743095397949219,0.0,0.0
model_0,935,1,0.3084847927093506,9,9,1,0,0.8905823230743408,0.22411012649536133,0.08437466621398926,0.2735132110498741,worker1,worker1,worker1,0,0.22411012649536133,0.0,0.0
model_0,936,1,0.4615182876586914,9,8,0,1,0.7644714713096619,0.3785126209259033,0.08300566673278809,0.17985347266276394,worker1,worker1,worker1,0,0.3785126209259033,0.0,0.0
model_0,937,1,0.3077425956726074,7,5,0,0,0.957782506942749,0.22238612174987793,0.08535647392272949,0.2773632091331814,worker1,worker1,worker1,0,0.22238612174987793,0.0,0.0
model_0,938,1,0.46764421463012695,2,4,0,1,0.7685492038726807,0.37779712677001953,0.08984708786010742,0.1921270167560397,worker1,worker1,worker1,0,0.37779712677001953,0.0,0.0
model_0,939,1,0.30808305740356445,4,4,1,0,0.9871097803115845,0.2242276668548584,0.08385539054870605,0.2721843624099787,worker1,worker1,worker1,0,0.2242276668548584,0.0,0.0
model_0,940,1,0.3676583766937256,2,6,0,0,0.9392583966255188,0.2244861125946045,0.1431722640991211,0.38941657031355886,worker1,worker1,worker1,0,0.2244861125946045,0.0,0.0
model_0,941,1,0.36327385902404785,0,0,1,0,0.8242229223251343,0.22342300415039062,0.13985085487365723,0.3849736263692991,worker1,worker1,worker1,0,0.22342300415039062,0.0,0.0
model_0,942,1,0.3802971839904785,6,6,1,0,0.7611285448074341,0.22602558135986328,0.15427160263061523,0.40566064942115826,worker1,worker1,worker1,0,0.22602558135986328,0.0,0.0
model_0,943,1,0.35183167457580566,3,3,1,0,0.9933886528015137,0.22421860694885254,0.12761306762695312,0.3627105711298248,worker1,worker1,worker1,0,0.22421860694885254,0.0,0.0
model_0,944,1,0.3207218647003174,1,1,1,0,0.7464889883995056,0.22612524032592773,0.09459662437438965,0.29494909697778404,worker1,worker1,worker1,0,0.22612524032592773,0.0,0.0
model_0,945,1,0.46108293533325195,3,3,1,1,0.6894514560699463,0.3789856433868408,0.08209729194641113,0.1780531996636886,worker1,worker1,worker1,0,0.3789856433868408,0.0,0.0
model_0,946,1,0.31566834449768066,8,0,0,0,0.6967970132827759,0.22428226470947266,0.09138607978820801,0.2895002979586997,worker1,worker1,worker1,0,0.22428226470947266,0.0,0.0
model_0,947,1,0.3125128746032715,1,1,1,0,0.9979535341262817,0.22698521614074707,0.08552765846252441,0.2736772319255646,worker1,worker1,worker1,0,0.22698521614074707,0.0,0.0
model_0,948,1,0.325392484664917,3,3,1,0,0.5297077894210815,0.23110699653625488,0.09428548812866211,0.2897592678753952,worker1,worker1,worker1,0,0.23110699653625488,0.0,0.0
model_0,949,1,0.4661860466003418,6,6,1,1,0.947564423084259,0.37567925453186035,0.09050679206848145,0.1941430738403724,worker1,worker1,worker1,0,0.37567925453186035,0.0,0.0
model_0,950,1,0.31483888626098633,1,1,1,0,0.9976848363876343,0.22017621994018555,0.09466266632080078,0.3006701854558397,worker1,worker1,worker1,0,0.22017621994018555,0.0,0.0
model_0,951,1,0.30984950065612793,6,6,1,0,0.9952290058135986,0.2256162166595459,0.08423328399658203,0.27185225026411913,worker1,worker1,worker1,0,0.2256162166595459,0.0,0.0
model_0,952,1,0.315838098526001,8,8,1,0,0.9548469185829163,0.22684454917907715,0.08899354934692383,0.2817695197705781,worker1,worker1,worker1,0,0.22684454917907715,0.0,0.0
model_0,953,1,0.32073235511779785,7,7,1,0,0.9798845052719116,0.23504233360290527,0.08569002151489258,0.2671698696672512,worker1,worker1,worker1,0,0.23504233360290527,0.0,0.0
model_0,954,1,0.3064427375793457,7,7,1,0,0.9796074628829956,0.22291326522827148,0.08352947235107422,0.2725777514288337,worker1,worker1,worker1,0,0.22291326522827148,0.0,0.0
model_0,955,1,0.3257904052734375,4,4,1,0,0.9257400035858154,0.22721028327941895,0.09858012199401855,0.3025875544470985,worker1,worker1,worker1,0,0.22721028327941895,0.0,0.0
model_0,956,1,1.1531426906585693,3,3,1,2,0.9083828926086426,0.9697206020355225,0.18342208862304688,0.15906278564562812,worker1->worker2,worker1,worker2,0,0.37323713302612305,0.5964834690093994,0.0
model_0,957,1,0.4562845230102539,5,5,1,1,0.9971442818641663,0.370924711227417,0.08535981178283691,0.1870758429843097,worker1,worker1,worker1,0,0.370924711227417,0.0,0.0
model_0,958,1,0.32233524322509766,2,2,1,0,0.9325632452964783,0.21851539611816406,0.1038198471069336,0.32208655208835685,worker1,worker1,worker1,0,0.21851539611816406,0.0,0.0
model_0,959,1,0.31007885932922363,7,7,1,0,0.9781825542449951,0.22587299346923828,0.08420586585998535,0.2715627438843887,worker1,worker1,worker1,0,0.22587299346923828,0.0,0.0
model_0,960,1,1.375042200088501,5,6,0,3,0.49182623624801636,1.1924307346343994,0.18261146545410156,0.13280426261997505,worker1->worker2->worker3,worker1,worker3,0,0.37653255462646484,0.5465309619903564,0.2693672180175781
model_0,961,1,0.3117239475250244,0,0,1,0,0.73843914270401,0.22647356986999512,0.0852503776550293,0.27348036085095967,worker1,worker1,worker1,0,0.22647356986999512,0.0,0.0
model_0,962,1,0.5109689235687256,7,7,1,1,0.9988161325454712,0.37397336959838867,0.13699555397033691,0.2681093656606906,worker1,worker1,worker1,0,0.37397336959838867,0.0,0.0
model_0,963,1,0.303666353225708,1,1,1,0,0.9998874664306641,0.21989989280700684,0.08376646041870117,0.275850319038934,worker1,worker1,worker1,0,0.21989989280700684,0.0,0.0
model_0,964,1,0.3082094192504883,2,0,0,0,0.8842422366142273,0.22594332695007324,0.08226609230041504,0.26691621722811676,worker1,worker1,worker1,0,0.22594332695007324,0.0,0.0
model_0,965,1,0.49870777130126953,0,0,1,1,0.9460934996604919,0.41493654251098633,0.0837712287902832,0.16797658591062334,worker1,worker1,worker1,0,0.41493654251098633,0.0,0.0
model_0,966,1,0.3140904903411865,0,0,1,0,0.9782587885856628,0.22916197776794434,0.08492851257324219,0.2703950459658522,worker1,worker1,worker1,0,0.22916197776794434,0.0,0.0
model_0,967,1,0.35657262802124023,3,3,1,0,0.8187974095344543,0.22393226623535156,0.13264036178588867,0.37198694280590594,worker1,worker1,worker1,0,0.22393226623535156,0.0,0.0
model_0,968,1,0.3482205867767334,9,9,1,0,0.9834783673286438,0.2253284454345703,0.12289214134216309,0.35291463517335675,worker1,worker1,worker1,0,0.2253284454345703,0.0,0.0
model_0,969,1,0.522268533706665,2,2,1,1,0.8923648595809937,0.37409043312072754,0.1481781005859375,0.28372013824819575,worker1,worker1,worker1,0,0.37409043312072754,0.0,0.0
model_0,970,1,0.3099968433380127,6,6,1,0,0.9639295935630798,0.22633123397827148,0.08366560935974121,0.26989181069987334,worker1,worker1,worker1,0,0.22633123397827148,0.0,0.0
model_0,971,1,0.4587099552154541,5,4,0,1,0.8313513398170471,0.3746967315673828,0.08401322364807129,0.18315107987706664,worker1,worker1,worker1,0,0.3746967315673828,0.0,0.0
model_0,972,1,0.30997371673583984,6,6,1,0,0.9707396626472473,0.22153353691101074,0.0884401798248291,0.2853150930218964,worker1,worker1,worker1,0,0.22153353691101074,0.0,0.0
model_0,973,1,0.3838644027709961,4,4,1,0,0.9823827743530273,0.23257017135620117,0.15129423141479492,0.3941345702353476,worker1,worker1,worker1,0,0.23257017135620117,0.0,0.0
model_0,974,1,0.4867575168609619,0,1,0,1,0.749707043170929,0.3785743713378906,0.10818314552307129,0.22225264485021373,worker1,worker1,worker1,0,0.3785743713378906,0.0,0.0
model_0,975,1,0.3068716526031494,4,4,1,0,0.8240789771080017,0.22186827659606934,0.08500337600708008,0.276999766143299,worker1,worker1,worker1,0,0.22186827659606934,0.0,0.0
model_0,976,1,0.4658839702606201,4,5,0,1,0.901029109954834,0.3842470645904541,0.08163690567016602,0.17523012355307593,worker1,worker1,worker1,0,0.3842470645904541,0.0,0.0
model_0,977,1,0.3049662113189697,1,1,1,0,0.9972096085548401,0.22133231163024902,0.0836338996887207,0.27423988817320644,worker1,worker1,worker1,0,0.22133231163024902,0.0,0.0
model_0,978,1,0.3129281997680664,6,6,1,0,0.892768383026123,0.22751498222351074,0.08541321754455566,0.27294829167796814,worker1,worker1,worker1,0,0.22751498222351074,0.0,0.0
model_0,979,1,0.3272862434387207,9,9,1,0,0.9977608919143677,0.23389649391174316,0.09338974952697754,0.2853457833905669,worker1,worker1,worker1,0,0.23389649391174316,0.0,0.0
model_0,980,1,0.31114983558654785,0,0,1,0,0.8400407433509827,0.22771000862121582,0.08343982696533203,0.2681660647772473,worker1,worker1,worker1,0,0.22771000862121582,0.0,0.0
model_0,981,1,0.3076355457305908,9,1,0,0,0.6381258368492126,0.22469401359558105,0.08294153213500977,0.26960971606202194,worker1,worker1,worker1,0,0.22469401359558105,0.0,0.0
model_0,982,1,0.30904603004455566,8,8,1,0,0.9743682146072388,0.22529339790344238,0.08375263214111328,0.2710037470115326,worker1,worker1,worker1,0,0.22529339790344238,0.0,0.0
model_0,983,1,0.47478508949279785,8,8,1,1,0.7227429151535034,0.3852503299713135,0.08953475952148438,0.18857955210247299,worker1,worker1,worker1,0,0.3852503299713135,0.0,0.0
model_0,984,1,0.31217288970947266,2,0,0,0,0.6289910078048706,0.2265772819519043,0.08559560775756836,0.27419295710536845,worker1,worker1,worker1,0,0.2265772819519043,0.0,0.0
model_0,985,1,1.4071621894836426,3,4,0,3,0.5913127064704895,1.186204433441162,0.22095775604248047,0.15702365917290656,worker1->worker2->worker3,worker1,worker3,0,0.37522292137145996,0.4912886619567871,0.31969285011291504
model_0,986,1,0.460573673248291,2,2,1,1,0.9767112731933594,0.375382661819458,0.08519101142883301,0.18496717545318167,worker1,worker1,worker1,0,0.375382661819458,0.0,0.0
model_0,987,1,0.45511364936828613,9,9,1,1,0.9952940344810486,0.3700129985809326,0.08510065078735352,0.18698769176770733,worker1,worker1,worker1,0,0.3700129985809326,0.0,0.0
model_0,988,1,0.3127748966217041,5,5,1,0,0.8243309259414673,0.22533059120178223,0.08744430541992188,0.27957584308846967,worker1,worker1,worker1,0,0.22533059120178223,0.0,0.0
model_0,989,1,0.4605441093444824,0,0,1,1,0.9870046973228455,0.3762528896331787,0.08429121971130371,0.1830252911741288,worker1,worker1,worker1,0,0.3762528896331787,0.0,0.0
model_0,990,1,0.45962095260620117,4,4,1,1,0.8995826244354248,0.3747386932373047,0.08488225936889648,0.18467882912557904,worker1,worker1,worker1,0,0.3747386932373047,0.0,0.0
model_0,991,1,0.30603599548339844,1,1,1,0,0.9955185651779175,0.2206254005432129,0.08541059494018555,0.27908676169048496,worker1,worker1,worker1,0,0.2206254005432129,0.0,0.0
model_0,992,1,0.32282114028930664,3,1,0,0,0.7730352878570557,0.22122669219970703,0.10159444808959961,0.31470816315979944,worker1,worker1,worker1,0,0.22122669219970703,0.0,0.0
model_0,993,1,0.5082864761352539,5,5,1,1,0.9999611377716064,0.3719661235809326,0.1363203525543213,0.2681959071404582,worker1,worker1,worker1,0,0.3719661235809326,0.0,0.0
model_0,994,1,0.45780014991760254,2,6,0,1,0.8682824373245239,0.3712773323059082,0.08652281761169434,0.18899691847472572,worker1,worker1,worker1,0,0.3712773323059082,0.0,0.0
model_0,995,1,0.3074307441711426,0,1,0,0,0.7600352168083191,0.2204735279083252,0.08695721626281738,0.28285139958028876,worker1,worker1,worker1,0,0.2204735279083252,0.0,0.0
model_0,996,1,0.3781099319458008,8,8,1,0,0.9478636980056763,0.22102785110473633,0.15708208084106445,0.415440239913034,worker1,worker1,worker1,0,0.22102785110473633,0.0,0.0
model_0,997,1,0.5319664478302002,0,7,0,1,0.7873678207397461,0.36933207511901855,0.16263437271118164,0.3057229894376597,worker1,worker1,worker1,0,0.36933207511901855,0.0,0.0
model_0,998,1,0.30745983123779297,3,3,1,0,0.9530359506607056,0.22211289405822754,0.08534693717956543,0.2775872764776129,worker1,worker1,worker1,0,0.22211289405822754,0.0,0.0
model_0,999,1,0.4554710388183594,0,0,1,1,0.653603732585907,0.3702065944671631,0.08526444435119629,0.1872005837569829,worker1,worker1,worker1,0,0.3702065944671631,0.0,0.0
model_0,1000,1,0.4545860290527344,5,5,1,1,0.9585295915603638,0.3694624900817871,0.08512353897094727,0.1872550706151871,worker1,worker1,worker1,0,0.3694624900817871,0.0,0.0
model_0,1001,1,0.3040049076080322,1,9,0,0,0.6439434885978699,0.22016096115112305,0.08384394645690918,0.27579800311978225,worker1,worker1,worker1,0,0.22016096115112305,0.0,0.0
model_0,1002,1,1.49393892288208,0,8,0,3,0.47461068630218506,1.310880184173584,0.1830587387084961,0.12253428564224196,worker1->worker2->worker3,worker1,worker3,0,0.37247204780578613,0.624478816986084,0.31392931938171387
model_0,1003,1,0.30813169479370117,3,3,1,0,0.8307775855064392,0.2226552963256836,0.08547639846801758,0.27740216249174016,worker1,worker1,worker1,0,0.2226552963256836,0.0,0.0
model_0,1004,1,0.4784104824066162,2,2,1,1,0.9804336428642273,0.37294888496398926,0.10546159744262695,0.22044165276669628,worker1,worker1,worker1,0,0.37294888496398926,0.0,0.0
model_0,1005,1,0.460709810256958,7,7,1,1,0.9981564879417419,0.37357497215270996,0.08713483810424805,0.18913171841435097,worker1,worker1,worker1,0,0.37357497215270996,0.0,0.0
model_0,1006,1,0.3067336082458496,4,2,0,0,0.9127405881881714,0.2227189540863037,0.0840146541595459,0.27390103953723727,worker1,worker1,worker1,0,0.2227189540863037,0.0,0.0
model_0,1007,1,0.30567216873168945,9,0,0,0,0.8127566576004028,0.22267436981201172,0.08299779891967773,0.2715255342481994,worker1,worker1,worker1,0,0.22267436981201172,0.0,0.0
model_0,1008,1,0.3463778495788574,4,3,0,0,0.9594747424125671,0.21703839302062988,0.12933945655822754,0.37340568028667126,worker1,worker1,worker1,0,0.21703839302062988,0.0,0.0
model_0,1009,1,0.33629465103149414,3,3,1,0,0.5268712043762207,0.21901392936706543,0.11728072166442871,0.34874394018668264,worker1,worker1,worker1,0,0.21901392936706543,0.0,0.0
model_0,1010,1,0.3775506019592285,7,4,0,0,0.7217256426811218,0.22326040267944336,0.15429019927978516,0.4086609807509905,worker1,worker1,worker1,0,0.22326040267944336,0.0,0.0
model_0,1011,1,0.5275938510894775,6,6,1,1,0.9996695518493652,0.3768594264984131,0.15073442459106445,0.2857016325717196,worker1,worker1,worker1,0,0.3768594264984131,0.0,0.0
model_0,1012,1,0.3032219409942627,4,4,1,0,0.7660031318664551,0.21904706954956055,0.08417487144470215,0.27760151910080555,worker1,worker1,worker1,0,0.21904706954956055,0.0,0.0
model_0,1013,1,1.4634182453155518,2,2,1,3,0.5236175060272217,1.2078766822814941,0.2555415630340576,0.1746196371762169,worker1->worker2->worker3,worker1,worker3,0,0.3744621276855469,0.5261499881744385,0.3072645664215088
model_0,1014,1,0.3102912902832031,3,3,1,0,0.9785545468330383,0.22558999061584473,0.0847012996673584,0.2729735004487282,worker1,worker1,worker1,0,0.22558999061584473,0.0,0.0
model_0,1015,1,0.3054924011230469,4,3,0,0,0.8649475574493408,0.21902775764465332,0.08646464347839355,0.283033696290099,worker1,worker1,worker1,0,0.21902775764465332,0.0,0.0
model_0,1016,1,0.313870906829834,8,8,1,0,0.9870589971542358,0.22440600395202637,0.08946490287780762,0.28503725872978497,worker1,worker1,worker1,0,0.22440600395202637,0.0,0.0
model_0,1017,1,0.46689891815185547,4,4,1,1,0.9831545352935791,0.38306736946105957,0.0838315486907959,0.17954967431201094,worker1,worker1,worker1,0,0.38306736946105957,0.0,0.0
model_0,1018,1,1.0904340744018555,0,1,0,2,0.9323967695236206,0.9340262413024902,0.15640783309936523,0.14343630373542837,worker1->worker2,worker1,worker2,0,0.3745307922363281,0.5594954490661621,0.0
model_0,1019,1,1.0453462600708008,5,5,1,2,0.5432015061378479,0.891822099685669,0.15352416038513184,0.14686440871250997,worker1->worker2,worker1,worker2,0,0.37636590003967285,0.5154561996459961,0.0
model_0,1020,1,0.31266021728515625,6,6,1,0,0.7092422842979431,0.22615694999694824,0.08650326728820801,0.27666860862350845,worker1,worker1,worker1,0,0.22615694999694824,0.0,0.0
model_0,1021,1,0.3044726848602295,4,4,1,0,0.9977726340293884,0.2219250202178955,0.08254766464233398,0.27111681522507713,worker1,worker1,worker1,0,0.2219250202178955,0.0,0.0
model_0,1022,1,0.30728602409362793,6,6,1,0,0.9920579791069031,0.2184591293334961,0.08882689476013184,0.2890691010830577,worker1,worker1,worker1,0,0.2184591293334961,0.0,0.0
model_0,1023,1,0.3088541030883789,0,0,1,0,0.7759052515029907,0.22365379333496094,0.08520030975341797,0.27585940708399076,worker1,worker1,worker1,0,0.22365379333496094,0.0,0.0
model_0,1024,1,0.45935988426208496,1,1,1,1,0.774018406867981,0.37539243698120117,0.08396744728088379,0.18279229457698287,worker1,worker1,worker1,0,0.37539243698120117,0.0,0.0
model_0,1025,1,0.30765628814697266,4,7,0,0,0.5996721386909485,0.2212235927581787,0.08643269538879395,0.28093914773977763,worker1,worker1,worker1,0,0.2212235927581787,0.0,0.0
model_0,1026,1,0.30759215354919434,7,7,1,0,0.9990204572677612,0.22182416915893555,0.08576798439025879,0.2788367108868452,worker1,worker1,worker1,0,0.22182416915893555,0.0,0.0
model_0,1027,1,0.5059747695922852,0,0,1,1,0.9828956127166748,0.37036728858947754,0.13560748100280762,0.26801233806990066,worker1,worker1,worker1,0,0.37036728858947754,0.0,0.0
model_0,1028,1,0.3067348003387451,9,9,1,0,0.9563195109367371,0.2200489044189453,0.0866858959197998,0.2826086111653047,worker1,worker1,worker1,0,0.2200489044189453,0.0,0.0
model_0,1029,1,0.3084073066711426,4,4,1,0,0.8071903586387634,0.22000503540039062,0.08840227127075195,0.28664129986069387,worker1,worker1,worker1,0,0.22000503540039062,0.0,0.0
model_0,1030,1,0.304642915725708,0,8,0,0,0.5417327284812927,0.22163844108581543,0.08300447463989258,0.2724648116046378,worker1,worker1,worker1,0,0.22163844108581543,0.0,0.0
model_0,1031,1,0.3733494281768799,3,3,1,0,0.9021152257919312,0.2212679386138916,0.15208148956298828,0.40734357169267554,worker1,worker1,worker1,0,0.2212679386138916,0.0,0.0
model_0,1032,1,0.5059986114501953,0,4,0,1,0.869734525680542,0.3748056888580322,0.13119292259216309,0.259275262072683,worker1,worker1,worker1,0,0.3748056888580322,0.0,0.0
model_0,1033,1,0.4587700366973877,3,5,0,1,0.9791060090065002,0.37003564834594727,0.08873438835144043,0.19341801175644585,worker1,worker1,worker1,0,0.37003564834594727,0.0,0.0
model_0,1034,1,0.48363804817199707,9,8,0,1,0.8019192814826965,0.37457895278930664,0.10905909538269043,0.22549734412935507,worker1,worker1,worker1,0,0.37457895278930664,0.0,0.0
model_0,1035,1,0.4526691436767578,3,3,1,1,0.6479007601737976,0.36853647232055664,0.08413267135620117,0.18585908169671636,worker1,worker1,worker1,0,0.36853647232055664,0.0,0.0
model_0,1036,1,0.45562243461608887,5,5,1,1,0.7398259043693542,0.3712351322174072,0.08438730239868164,0.18521322917249908,worker1,worker1,worker1,0,0.3712351322174072,0.0,0.0
model_0,1037,1,0.32946324348449707,6,2,0,0,0.9516257047653198,0.2199549674987793,0.10950827598571777,0.3323838945659827,worker1,worker1,worker1,0,0.2199549674987793,0.0,0.0
model_0,1038,1,0.4551675319671631,5,5,1,1,0.9541595578193665,0.36974263191223145,0.08542490005493164,0.18767792967512104,worker1,worker1,worker1,0,0.36974263191223145,0.0,0.0
model_0,1039,1,0.304917573928833,8,8,1,0,0.9871511459350586,0.21938467025756836,0.08553290367126465,0.2805115578258792,worker1,worker1,worker1,0,0.21938467025756836,0.0,0.0
model_0,1040,1,0.3201563358306885,5,5,1,0,0.8895623683929443,0.22097253799438477,0.09918379783630371,0.30979801658136197,worker1,worker1,worker1,0,0.22097253799438477,0.0,0.0
model_0,1041,1,0.31754612922668457,0,0,1,0,0.9257872104644775,0.22256922721862793,0.09497690200805664,0.2990963934573931,worker1,worker1,worker1,0,0.22256922721862793,0.0,0.0
model_0,1042,1,0.3075878620147705,2,2,1,0,0.8769710063934326,0.2235240936279297,0.08406376838684082,0.27330001852545155,worker1,worker1,worker1,0,0.2235240936279297,0.0,0.0
model_0,1043,1,0.30269622802734375,1,1,1,0,0.9392309784889221,0.21940827369689941,0.08328795433044434,0.27515359168241965,worker1,worker1,worker1,0,0.21940827369689941,0.0,0.0
model_0,1044,1,0.3201274871826172,3,3,1,0,0.9794971942901611,0.22164058685302734,0.09848690032958984,0.3076489969554156,worker1,worker1,worker1,0,0.22164058685302734,0.0,0.0
model_0,1045,1,0.3117837905883789,2,2,1,0,0.9679591655731201,0.21987128257751465,0.09191250801086426,0.29479565899629584,worker1,worker1,worker1,0,0.21987128257751465,0.0,0.0
model_0,1046,1,0.30886101722717285,4,4,1,0,0.9841268658638,0.2205944061279297,0.08826661109924316,0.28578100237985515,worker1,worker1,worker1,0,0.2205944061279297,0.0,0.0
model_0,1047,1,1.1763510704040527,3,8,0,2,0.9600225687026978,1.0092871189117432,0.16706395149230957,0.14201878647921534,worker1->worker2,worker1,worker2,0,0.3694477081298828,0.6398394107818604,0.0
model_0,1048,1,0.3068044185638428,1,1,1,0,0.7628953456878662,0.2222118377685547,0.08459258079528809,0.2757215205415474,worker1,worker1,worker1,0,0.2222118377685547,0.0,0.0
model_0,1049,1,0.3019297122955322,0,8,0,0,0.733478844165802,0.21912288665771484,0.08280682563781738,0.27425861803479984,worker1,worker1,worker1,0,0.21912288665771484,0.0,0.0
model_0,1050,1,0.30414891242980957,9,9,1,0,0.7036933302879333,0.21965265274047852,0.08449625968933105,0.2778121381868522,worker1,worker1,worker1,0,0.21965265274047852,0.0,0.0
model_0,1051,1,0.3066072463989258,2,2,1,0,0.9714004397392273,0.22160816192626953,0.08499908447265625,0.2772246431581861,worker1,worker1,worker1,0,0.22160816192626953,0.0,0.0
model_0,1052,1,0.3067619800567627,4,4,1,0,0.9736803770065308,0.22026991844177246,0.08649206161499023,0.28195169948696347,worker1,worker1,worker1,0,0.22026991844177246,0.0,0.0
model_0,1053,1,0.30365443229675293,0,0,1,0,0.9340117573738098,0.21909880638122559,0.08455562591552734,0.2784600418178435,worker1,worker1,worker1,0,0.21909880638122559,0.0,0.0
model_0,1054,1,0.31154918670654297,6,6,1,0,0.5222992300987244,0.22112083435058594,0.09042835235595703,0.29025385465420606,worker1,worker1,worker1,0,0.22112083435058594,0.0,0.0
model_0,1055,1,0.3583080768585205,4,4,1,0,0.9264837503433228,0.22093701362609863,0.13737106323242188,0.3833881291117628,worker1,worker1,worker1,0,0.22093701362609863,0.0,0.0
model_0,1056,1,0.3431425094604492,4,4,1,0,0.9391903877258301,0.21879339218139648,0.12434911727905273,0.3623833067916212,worker1,worker1,worker1,0,0.21879339218139648,0.0,0.0
model_0,1057,1,0.3061230182647705,8,8,1,0,0.8677738904953003,0.21953868865966797,0.08658432960510254,0.28284161738603536,worker1,worker1,worker1,0,0.21953868865966797,0.0,0.0
model_0,1058,1,0.3061940670013428,8,8,1,0,0.979716956615448,0.2209622859954834,0.08523178100585938,0.27835869532209323,worker1,worker1,worker1,0,0.2209622859954834,0.0,0.0
model_0,1059,1,0.30524110794067383,9,1,0,0,0.9836570620536804,0.2203049659729004,0.08493614196777344,0.27825918514318027,worker1,worker1,worker1,0,0.2203049659729004,0.0,0.0
model_0,1060,1,0.45781373977661133,3,3,1,1,0.8775593042373657,0.371873140335083,0.08594059944152832,0.18771957233844214,worker1,worker1,worker1,0,0.371873140335083,0.0,0.0
model_0,1061,1,0.4620356559753418,6,6,1,1,0.7727493047714233,0.3760800361633301,0.08595561981201172,0.18603676729355936,worker1,worker1,worker1,0,0.3760800361633301,0.0,0.0
model_0,1062,1,0.31169891357421875,6,4,0,0,0.8917175531387329,0.22640776634216309,0.08529114723205566,0.2736331232407294,worker1,worker1,worker1,0,0.22640776634216309,0.0,0.0
model_0,1063,1,0.3157343864440918,1,1,1,0,0.993054211139679,0.2245945930480957,0.0911397933959961,0.28865970039704414,worker1,worker1,worker1,0,0.2245945930480957,0.0,0.0
model_0,1064,1,1.114034652709961,4,3,0,2,0.6877105832099915,0.9498732089996338,0.16416144371032715,0.14735757394170268,worker1->worker2,worker1,worker2,0,0.3751382827758789,0.5747349262237549,0.0
model_0,1065,1,0.30806875228881836,8,8,1,0,0.9788535833358765,0.22316598892211914,0.08490276336669922,0.2755968034275083,worker1,worker1,worker1,0,0.22316598892211914,0.0,0.0
model_0,1066,1,1.3974609375,5,5,1,3,0.4978134036064148,1.2091963291168213,0.1882646083831787,0.13471904890592243,worker1->worker2->worker3,worker1,worker3,0,0.3741176128387451,0.5970146656036377,0.23806405067443848
model_0,1067,1,0.3089869022369385,9,9,1,0,0.906624436378479,0.22396159172058105,0.08502531051635742,0.27517448118612486,worker1,worker1,worker1,0,0.22396159172058105,0.0,0.0
model_0,1068,1,0.5034098625183105,6,3,0,1,0.7534650564193726,0.372971773147583,0.13043808937072754,0.2591091257493651,worker1,worker1,worker1,0,0.372971773147583,0.0,0.0
model_0,1069,1,0.4641578197479248,4,4,1,1,0.9928699135780334,0.3791050910949707,0.0850527286529541,0.18324096898581738,worker1,worker1,worker1,0,0.3791050910949707,0.0,0.0
model_0,1070,1,0.3072366714477539,8,8,1,0,0.9996629953384399,0.22230267524719238,0.08493399620056152,0.27644485210810743,worker1,worker1,worker1,0,0.22230267524719238,0.0,0.0
model_0,1071,1,0.307572603225708,8,8,1,0,0.9839594960212708,0.22258830070495605,0.08498430252075195,0.27630647733077635,worker1,worker1,worker1,0,0.22258830070495605,0.0,0.0
model_0,1072,1,0.3099489212036133,0,0,1,0,0.8451011180877686,0.2188582420349121,0.09109067916870117,0.29388932477961877,worker1,worker1,worker1,0,0.2188582420349121,0.0,0.0
model_0,1073,1,0.31133055686950684,2,3,0,0,0.6056627631187439,0.2196331024169922,0.09169745445251465,0.2945340649326283,worker1,worker1,worker1,0,0.2196331024169922,0.0,0.0
model_0,1074,1,0.3035719394683838,4,4,1,0,0.9995311498641968,0.22018671035766602,0.08338522911071777,0.274680292443176,worker1,worker1,worker1,0,0.22018671035766602,0.0,0.0
model_0,1075,1,0.4679129123687744,5,5,1,1,0.6280145049095154,0.37473225593566895,0.09318065643310547,0.1991410238315188,worker1,worker1,worker1,0,0.37473225593566895,0.0,0.0
model_0,1076,1,0.30724263191223145,9,9,1,0,0.7704503536224365,0.22407197952270508,0.08317065238952637,0.27070023411752747,worker1,worker1,worker1,0,0.22407197952270508,0.0,0.0
model_0,1077,1,1.4589765071868896,7,2,0,3,0.4517814815044403,1.2717432975769043,0.18723320960998535,0.12833188792806344,worker1->worker2->worker3,worker1,worker3,0,0.36931490898132324,0.6021349430084229,0.3002934455871582
model_0,1078,1,0.31072998046875,4,2,0,0,0.962722897529602,0.2235400676727295,0.08718991279602051,0.2805970401198193,worker1,worker1,worker1,0,0.2235400676727295,0.0,0.0
model_0,1079,1,0.30803823471069336,6,6,1,0,0.9925150275230408,0.2207355499267578,0.08730268478393555,0.2834150924995704,worker1,worker1,worker1,0,0.2207355499267578,0.0,0.0
model_0,1080,1,0.30585432052612305,0,0,1,0,0.8644248843193054,0.22323083877563477,0.08262348175048828,0.27013998562571034,worker1,worker1,worker1,0,0.22323083877563477,0.0,0.0
model_0,1081,1,0.34720635414123535,5,5,1,0,0.8880128264427185,0.22158479690551758,0.12562155723571777,0.36180661942787457,worker1,worker1,worker1,0,0.22158479690551758,0.0,0.0
model_0,1082,1,0.4935450553894043,4,4,1,1,0.9921680092811584,0.3731808662414551,0.12036418914794922,0.24387680077755525,worker1,worker1,worker1,0,0.3731808662414551,0.0,0.0
model_0,1083,1,0.30260467529296875,8,0,0,0,0.8609175086021423,0.218705415725708,0.08389925956726074,0.27725698383884223,worker1,worker1,worker1,0,0.218705415725708,0.0,0.0
model_0,1084,1,0.31238579750061035,9,9,1,0,0.9507046341896057,0.21946978569030762,0.09291601181030273,0.2974399366223466,worker1,worker1,worker1,0,0.21946978569030762,0.0,0.0
model_0,1085,1,0.30849385261535645,2,3,0,0,0.8226968050003052,0.22033977508544922,0.08815407752990723,0.28575635067782557,worker1,worker1,worker1,0,0.22033977508544922,0.0,0.0
model_0,1086,1,0.32708048820495605,8,8,1,0,0.9738562703132629,0.22031021118164062,0.10677027702331543,0.3264342596810934,worker1,worker1,worker1,0,0.22031021118164062,0.0,0.0
model_0,1087,1,0.37955498695373535,0,0,1,0,0.792522132396698,0.22119426727294922,0.15836071968078613,0.41722734550735596,worker1,worker1,worker1,0,0.22119426727294922,0.0,0.0
model_0,1088,1,0.3785281181335449,4,2,0,0,0.776108980178833,0.22660064697265625,0.15192747116088867,0.40136376634321413,worker1,worker1,worker1,0,0.22660064697265625,0.0,0.0
model_0,1089,1,0.3658328056335449,0,8,0,0,0.9958209991455078,0.22218680381774902,0.1436460018157959,0.39265478547510646,worker1,worker1,worker1,0,0.22218680381774902,0.0,0.0
model_0,1090,1,0.3059873580932617,6,6,1,0,0.9989795088768005,0.21716070175170898,0.08882665634155273,0.2902951837457262,worker1,worker1,worker1,0,0.21716070175170898,0.0,0.0
model_0,1091,1,0.3129613399505615,1,1,1,0,0.9987186193466187,0.2268674373626709,0.08609390258789062,0.27509436980775603,worker1,worker1,worker1,0,0.2268674373626709,0.0,0.0
model_0,1092,1,0.458362340927124,1,1,1,1,0.6867244839668274,0.36942172050476074,0.08894062042236328,0.19403998208592824,worker1,worker1,worker1,0,0.36942172050476074,0.0,0.0
model_0,1093,1,0.302215576171875,8,8,1,0,0.9325410723686218,0.21834278106689453,0.08387279510498047,0.2775263808946784,worker1,worker1,worker1,0,0.21834278106689453,0.0,0.0
model_0,1094,1,0.31000494956970215,5,5,1,0,0.984683096408844,0.22645902633666992,0.08354592323303223,0.2694986752598529,worker1,worker1,worker1,0,0.22645902633666992,0.0,0.0
model_0,1095,1,1.4596924781799316,5,5,1,3,0.48597028851509094,1.1939027309417725,0.2657897472381592,0.1820861251334037,worker1->worker2->worker3,worker1,worker3,0,0.37436509132385254,0.5505344867706299,0.26900315284729004
model_0,1096,1,1.150237798690796,5,5,1,2,0.9440716505050659,0.9876689910888672,0.1625688076019287,0.1413349550736074,worker1->worker2,worker1,worker2,0,0.37209081649780273,0.6155781745910645,0.0
model_0,1097,1,0.3083508014678955,5,5,1,0,0.9887867569923401,0.22361326217651367,0.08473753929138184,0.27480888289568606,worker1,worker1,worker1,0,0.22361326217651367,0.0,0.0
model_0,1098,1,0.3285715579986572,5,5,1,0,0.839485228061676,0.22717070579528809,0.10140085220336914,0.3086111677498986,worker1,worker1,worker1,0,0.22717070579528809,0.0,0.0
model_0,1099,1,0.34209609031677246,0,0,1,0,0.664309561252594,0.2241520881652832,0.11794400215148926,0.3447686351582564,worker1,worker1,worker1,0,0.2241520881652832,0.0,0.0
model_0,1100,1,0.3152732849121094,8,8,1,0,0.984592854976654,0.22518086433410645,0.09009242057800293,0.28575976744467435,worker1,worker1,worker1,0,0.22518086433410645,0.0,0.0
model_0,1101,1,1.0976011753082275,6,6,1,2,0.8240516185760498,0.9449753761291504,0.15262579917907715,0.1390539684291217,worker1->worker2,worker1,worker2,0,0.37612056732177734,0.568854808807373,0.0
model_0,1102,1,0.4573485851287842,2,2,1,1,0.9924875497817993,0.3724706172943115,0.08487796783447266,0.18558703491030148,worker1,worker1,worker1,0,0.3724706172943115,0.0,0.0
model_0,1103,1,0.3198535442352295,3,7,0,0,0.7688679099082947,0.23604321479797363,0.08381032943725586,0.2620272025987598,worker1,worker1,worker1,0,0.23604321479797363,0.0,0.0
model_0,1104,1,0.3067779541015625,9,9,1,0,0.9999845027923584,0.22364211082458496,0.08313584327697754,0.270996798060184,worker1,worker1,worker1,0,0.22364211082458496,0.0,0.0
model_0,1105,1,0.3089308738708496,1,1,1,0,0.9573510885238647,0.22520875930786133,0.08372211456298828,0.27100598109203167,worker1,worker1,worker1,0,0.22520875930786133,0.0,0.0
model_0,1106,1,1.5496752262115479,3,4,0,3,0.4809132218360901,1.3197369575500488,0.22993826866149902,0.1483783600410412,worker1->worker2->worker3,worker1,worker3,0,0.37175893783569336,0.6496179103851318,0.29836010932922363
model_0,1107,1,0.45739030838012695,6,6,1,1,0.9831031560897827,0.3714151382446289,0.08597517013549805,0.18796893716437468,worker1,worker1,worker1,0,0.3714151382446289,0.0,0.0
model_0,1108,1,0.30773377418518066,9,9,1,0,0.9998544454574585,0.21856427192687988,0.08916950225830078,0.28976183226688174,worker1,worker1,worker1,0,0.21856427192687988,0.0,0.0
model_0,1109,1,0.3124368190765381,5,5,1,0,0.6294634342193604,0.22788476943969727,0.08455204963684082,0.27062127276403997,worker1,worker1,worker1,0,0.22788476943969727,0.0,0.0
model_0,1110,1,0.46108269691467285,0,8,0,1,0.9940980672836304,0.3750331401824951,0.08604955673217773,0.18662499657431716,worker1,worker1,worker1,0,0.3750331401824951,0.0,0.0
model_0,1111,1,0.3052186965942383,8,8,1,0,0.904955267906189,0.22089552879333496,0.08432316780090332,0.27627130559765034,worker1,worker1,worker1,0,0.22089552879333496,0.0,0.0
model_0,1112,1,0.312084436416626,7,7,1,0,0.8197482824325562,0.22477412223815918,0.0873103141784668,0.27976503788836626,worker1,worker1,worker1,0,0.22477412223815918,0.0,0.0
model_0,1113,1,0.30974411964416504,9,9,1,0,0.9781196117401123,0.2243800163269043,0.08536410331726074,0.27559555744053277,worker1,worker1,worker1,0,0.2243800163269043,0.0,0.0
model_0,1114,1,0.36633729934692383,3,3,1,0,0.8004370331764221,0.22484040260314941,0.14149689674377441,0.38624758384151303,worker1,worker1,worker1,0,0.22484040260314941,0.0,0.0
model_0,1115,1,0.36228203773498535,4,7,0,0,0.8539748787879944,0.22550606727600098,0.13677597045898438,0.37754002741653453,worker1,worker1,worker1,0,0.22550606727600098,0.0,0.0
model_0,1116,1,0.3746521472930908,9,1,0,0,0.8530468940734863,0.22304296493530273,0.15160918235778809,0.4046665245433227,worker1,worker1,worker1,0,0.22304296493530273,0.0,0.0
model_0,1117,1,0.34491419792175293,2,2,1,0,0.749437153339386,0.22291851043701172,0.12199568748474121,0.35369865380959786,worker1,worker1,worker1,0,0.22291851043701172,0.0,0.0
model_0,1118,1,0.3712615966796875,1,1,1,0,0.9537729024887085,0.22679805755615234,0.14446353912353516,0.38911522337758414,worker1,worker1,worker1,0,0.22679805755615234,0.0,0.0
model_0,1119,1,0.30758142471313477,3,3,1,0,0.9307873845100403,0.22378134727478027,0.08380007743835449,0.2724484338301979,worker1,worker1,worker1,0,0.22378134727478027,0.0,0.0
model_0,1120,1,0.3081076145172119,7,7,1,0,0.9629960060119629,0.22348928451538086,0.08461833000183105,0.27463887945263354,worker1,worker1,worker1,0,0.22348928451538086,0.0,0.0
model_0,1121,1,0.4634974002838135,4,4,1,1,0.7976657748222351,0.371532678604126,0.0919647216796875,0.19841475189154184,worker1,worker1,worker1,0,0.371532678604126,0.0,0.0
model_0,1122,1,0.35491442680358887,1,1,1,0,0.7513607740402222,0.2173614501953125,0.13755297660827637,0.3875665969600012,worker1,worker1,worker1,0,0.2173614501953125,0.0,0.0
model_0,1123,1,0.9788515567779541,8,8,1,2,0.9697265625,0.8281893730163574,0.15066218376159668,0.1539172949344079,worker1->worker2,worker1,worker2,0,0.37430596351623535,0.45388340950012207,0.0
model_0,1124,1,0.31075048446655273,8,8,1,0,0.9862180352210999,0.22581243515014648,0.08493804931640625,0.2733319932299203,worker1,worker1,worker1,0,0.22581243515014648,0.0,0.0
model_0,1125,1,0.3116576671600342,4,4,1,0,0.994443953037262,0.22555828094482422,0.08609938621520996,0.2762626923309366,worker1,worker1,worker1,0,0.22555828094482422,0.0,0.0
model_0,1126,1,0.3084144592285156,5,5,1,0,0.7279016375541687,0.22254014015197754,0.08587431907653809,0.2784380449974644,worker1,worker1,worker1,0,0.22254014015197754,0.0,0.0
model_0,1127,1,0.5156345367431641,6,6,1,1,0.9970449805259705,0.3735222816467285,0.14211225509643555,0.2756065487661879,worker1,worker1,worker1,0,0.3735222816467285,0.0,0.0
model_0,1128,1,1.3567755222320557,0,0,1,3,0.4989115595817566,1.13425612449646,0.2225193977355957,0.16400605265160229,worker1->worker2->worker3,worker1,worker3,0,0.37018775939941406,0.6080770492553711,0.1559913158416748
model_0,1129,1,0.3065004348754883,6,6,1,0,0.9830080270767212,0.22133564949035645,0.08516478538513184,0.27786187455077804,worker1,worker1,worker1,0,0.22133564949035645,0.0,0.0
model_0,1130,1,0.3117802143096924,6,6,1,0,0.9973533153533936,0.22254109382629395,0.08923912048339844,0.286224450390418,worker1,worker1,worker1,0,0.22254109382629395,0.0,0.0
model_0,1131,1,0.31139492988586426,4,2,0,0,0.8761327862739563,0.22818517684936523,0.08320975303649902,0.267216145962935,worker1,worker1,worker1,0,0.22818517684936523,0.0,0.0
model_0,1132,1,1.3996121883392334,5,7,0,3,0.5341358184814453,1.2026405334472656,0.19697165489196777,0.14073302342822014,worker1->worker2->worker3,worker1,worker3,0,0.37618112564086914,0.5288081169128418,0.2976512908935547
model_0,1133,1,0.3078289031982422,1,1,1,0,0.9996837377548218,0.22236227989196777,0.08546662330627441,0.2776432700708218,worker1,worker1,worker1,0,0.22236227989196777,0.0,0.0
model_0,1134,1,0.5201230049133301,7,3,0,1,0.7990546822547913,0.3852066993713379,0.1349163055419922,0.25939307484481244,worker1,worker1,worker1,0,0.3852066993713379,0.0,0.0
model_0,1135,1,0.32634639739990234,3,7,0,0,0.700485110282898,0.23167872428894043,0.09466767311096191,0.2900834017633015,worker1,worker1,worker1,0,0.23167872428894043,0.0,0.0
model_0,1136,1,0.4661417007446289,4,4,1,1,0.9954825639724731,0.3811488151550293,0.08499288558959961,0.18233272297635975,worker1,worker1,worker1,0,0.3811488151550293,0.0,0.0
model_0,1137,1,0.46753907203674316,6,6,1,1,0.9725281000137329,0.3696777820587158,0.09786128997802734,0.20931146898956196,worker1,worker1,worker1,0,0.3696777820587158,0.0,0.0
model_0,1138,1,0.3075852394104004,9,9,1,0,0.6255167126655579,0.22493696212768555,0.08264827728271484,0.26870040136236867,worker1,worker1,worker1,0,0.22493696212768555,0.0,0.0
model_0,1139,1,0.3072509765625,7,7,1,0,0.9685940146446228,0.22351884841918945,0.08373212814331055,0.2725202994636472,worker1,worker1,worker1,0,0.22351884841918945,0.0,0.0
model_0,1140,1,0.31171560287475586,2,2,1,0,0.7946862578392029,0.22833585739135742,0.08337974548339844,0.2674865958406951,worker1,worker1,worker1,0,0.22833585739135742,0.0,0.0
model_0,1141,1,0.3116269111633301,9,9,1,0,0.9935693740844727,0.22535204887390137,0.08627486228942871,0.2768530547228968,worker1,worker1,worker1,0,0.22535204887390137,0.0,0.0
model_0,1142,1,0.5415341854095459,2,2,1,1,0.9632914662361145,0.38318967819213867,0.15834450721740723,0.2923998363975048,worker1,worker1,worker1,0,0.38318967819213867,0.0,0.0
model_0,1143,1,0.3063082695007324,5,4,0,0,0.9331654906272888,0.2224879264831543,0.08382034301757812,0.27364701303755595,worker1,worker1,worker1,0,0.2224879264831543,0.0,0.0
model_0,1144,1,0.31981682777404785,2,2,1,0,0.9744695425033569,0.23218202590942383,0.08763480186462402,0.2740156059784898,worker1,worker1,worker1,0,0.23218202590942383,0.0,0.0
model_0,1145,1,1.1134858131408691,8,8,1,2,0.6980690956115723,0.9497323036193848,0.16375350952148438,0.14706384903061862,worker1->worker2,worker1,worker2,0,0.37764644622802734,0.5720858573913574,0.0
model_0,1146,1,0.31709861755371094,2,2,1,0,0.803775429725647,0.23079752922058105,0.08630108833312988,0.2721585133322506,worker1,worker1,worker1,0,0.23079752922058105,0.0,0.0
model_0,1147,1,0.30643320083618164,5,5,1,0,0.7680357694625854,0.2240581512451172,0.08237504959106445,0.2688189444429748,worker1,worker1,worker1,0,0.2240581512451172,0.0,0.0
model_0,1148,1,0.30736780166625977,8,8,1,0,0.9880858659744263,0.22469019889831543,0.08267760276794434,0.26898589351176005,worker1,worker1,worker1,0,0.22469019889831543,0.0,0.0
model_0,1149,1,0.4659004211425781,4,4,1,1,0.9972642660140991,0.3749840259552002,0.09091639518737793,0.19514125993793652,worker1,worker1,worker1,0,0.3749840259552002,0.0,0.0
model_0,1150,1,0.30521488189697266,4,4,1,0,0.9406375885009766,0.22188019752502441,0.08333468437194824,0.27303611099827835,worker1,worker1,worker1,0,0.22188019752502441,0.0,0.0
model_0,1151,1,0.5340943336486816,6,6,1,1,0.9540293216705322,0.37546253204345703,0.1586318016052246,0.2970108305054028,worker1,worker1,worker1,0,0.37546253204345703,0.0,0.0
model_0,1152,1,0.310239315032959,3,3,1,0,0.9589326977729797,0.22437191009521484,0.08586740493774414,0.2767779606805212,worker1,worker1,worker1,0,0.22437191009521484,0.0,0.0
model_0,1153,1,0.4671957492828369,6,6,1,1,0.5300426483154297,0.3799011707305908,0.0872945785522461,0.18684797258161395,worker1,worker1,worker1,0,0.3799011707305908,0.0,0.0
model_0,1154,1,0.3198277950286865,3,3,1,0,0.9789820313453674,0.22883105278015137,0.09099674224853516,0.28451793015792554,worker1,worker1,worker1,0,0.22883105278015137,0.0,0.0
model_0,1155,1,0.30948328971862793,6,6,1,0,0.8466988801956177,0.22403645515441895,0.08544683456420898,0.27609514763105447,worker1,worker1,worker1,0,0.22403645515441895,0.0,0.0
model_0,1156,1,0.46099162101745605,3,3,1,1,0.8154074549674988,0.37584733963012695,0.0851442813873291,0.18469811056306595,worker1,worker1,worker1,0,0.37584733963012695,0.0,0.0
model_0,1157,1,0.303708553314209,3,3,1,0,0.9916946291923523,0.21950340270996094,0.08420515060424805,0.2772564344512602,worker1,worker1,worker1,0,0.21950340270996094,0.0,0.0
model_0,1158,1,0.4622914791107178,3,5,0,1,0.929650068283081,0.37862420082092285,0.08366727828979492,0.18098382096667803,worker1,worker1,worker1,0,0.37862420082092285,0.0,0.0
model_0,1159,1,0.45842814445495605,1,1,1,1,0.9681718945503235,0.37385010719299316,0.08457803726196289,0.18449573457694482,worker1,worker1,worker1,0,0.37385010719299316,0.0,0.0
model_0,1160,1,0.3056364059448242,4,4,1,0,0.9948581457138062,0.22266244888305664,0.08297395706176758,0.2714792984339263,worker1,worker1,worker1,0,0.22266244888305664,0.0,0.0
model_0,1161,1,0.3091409206390381,1,1,1,0,0.786907970905304,0.22425293922424316,0.08488798141479492,0.27459315718967076,worker1,worker1,worker1,0,0.22425293922424316,0.0,0.0
model_0,1162,1,0.306351900100708,1,1,1,0,0.6387931108474731,0.22296810150146484,0.08338379859924316,0.2721830632414297,worker1,worker1,worker1,0,0.22296810150146484,0.0,0.0
model_0,1163,1,0.3090190887451172,6,2,0,0,0.49652305245399475,0.22584319114685059,0.0831758975982666,0.26916103447211676,worker1,worker1,worker1,0,0.22584319114685059,0.0,0.0
model_0,1164,1,0.47716212272644043,0,0,1,1,0.7884968519210815,0.3755362033843994,0.10162591934204102,0.2129798542293427,worker1,worker1,worker1,0,0.3755362033843994,0.0,0.0
model_0,1165,1,0.307232141494751,9,9,1,0,0.9413374066352844,0.22232723236083984,0.08490490913391113,0.2763542535648463,worker1,worker1,worker1,0,0.22232723236083984,0.0,0.0
model_0,1166,1,0.3068656921386719,6,6,1,0,0.7462397217750549,0.2232201099395752,0.08364558219909668,0.27258042962097384,worker1,worker1,worker1,0,0.2232201099395752,0.0,0.0
model_0,1167,1,0.46051669120788574,0,0,1,1,0.9958640336990356,0.37553834915161133,0.08497834205627441,0.184528256366529,worker1,worker1,worker1,0,0.37553834915161133,0.0,0.0
model_0,1168,1,0.4615793228149414,7,7,1,1,0.9988805651664734,0.37574124336242676,0.08583807945251465,0.18596604139247647,worker1,worker1,worker1,0,0.37574124336242676,0.0,0.0
model_0,1169,1,0.3096795082092285,3,3,1,0,0.8037056922912598,0.22420477867126465,0.08547472953796387,0.27601028570548697,worker1,worker1,worker1,0,0.22420477867126465,0.0,0.0
model_0,1170,1,0.30992913246154785,7,7,1,0,0.9819591641426086,0.22500228881835938,0.08492684364318848,0.27402020251750664,worker1,worker1,worker1,0,0.22500228881835938,0.0,0.0
model_0,1171,1,0.3245673179626465,9,9,1,0,0.9988675117492676,0.22396612167358398,0.1006011962890625,0.30995479434143275,worker1,worker1,worker1,0,0.22396612167358398,0.0,0.0
model_0,1172,1,0.34032559394836426,6,6,1,0,0.9814451336860657,0.22340869903564453,0.11691689491271973,0.34354423232258835,worker1,worker1,worker1,0,0.22340869903564453,0.0,0.0
model_0,1173,1,0.30971741676330566,7,5,0,0,0.809916079044342,0.22723960876464844,0.08247780799865723,0.26630019344920786,worker1,worker1,worker1,0,0.22723960876464844,0.0,0.0
model_0,1174,1,1.1423561573028564,5,5,1,2,0.7311182022094727,0.989877462387085,0.15247869491577148,0.13347736950600336,worker1->worker2,worker1,worker2,0,0.3776698112487793,0.6122076511383057,0.0
model_0,1175,1,0.31923842430114746,8,8,1,0,0.9986394047737122,0.23441720008850098,0.08482122421264648,0.26569866831767097,worker1,worker1,worker1,0,0.23441720008850098,0.0,0.0
model_0,1176,1,0.4602649211883545,4,4,1,1,0.9971616268157959,0.37770557403564453,0.08255934715270996,0.17937353761296995,worker1,worker1,worker1,0,0.37770557403564453,0.0,0.0
model_0,1177,1,0.4559309482574463,4,4,1,1,0.9819748997688293,0.370685338973999,0.08524560928344727,0.18697043841672362,worker1,worker1,worker1,0,0.370685338973999,0.0,0.0
model_0,1178,1,0.3026306629180908,5,5,1,0,0.9712018966674805,0.21962451934814453,0.08300614356994629,0.2742820002757371,worker1,worker1,worker1,0,0.21962451934814453,0.0,0.0
model_0,1179,1,0.4569427967071533,2,2,1,1,0.8253453373908997,0.3728668689727783,0.084075927734375,0.1839966147628273,worker1,worker1,worker1,0,0.3728668689727783,0.0,0.0
model_0,1180,1,0.45744824409484863,3,3,1,1,0.7505384683609009,0.372408390045166,0.08503985404968262,0.18590049289171653,worker1,worker1,worker1,0,0.372408390045166,0.0,0.0
model_0,1181,1,0.30657529830932617,7,7,1,0,0.9532886147499084,0.2214658260345459,0.08510947227478027,0.27761360013065084,worker1,worker1,worker1,0,0.2214658260345459,0.0,0.0
model_0,1182,1,0.30930566787719727,4,4,1,0,0.9964637160301208,0.22675132751464844,0.08255434036254883,0.266902126072016,worker1,worker1,worker1,0,0.22675132751464844,0.0,0.0
model_0,1183,1,0.3134114742279053,4,6,0,0,0.7935386896133423,0.2235102653503418,0.08990120887756348,0.2868472161047604,worker1,worker1,worker1,0,0.2235102653503418,0.0,0.0
model_0,1184,1,0.31186795234680176,3,3,1,0,0.6472758650779724,0.22719073295593262,0.08467721939086914,0.2715162579344056,worker1,worker1,worker1,0,0.22719073295593262,0.0,0.0
model_0,1185,1,0.3204793930053711,5,5,1,0,0.8167375326156616,0.23017406463623047,0.09030532836914062,0.28178201263513736,worker1,worker1,worker1,0,0.23017406463623047,0.0,0.0
model_0,1186,1,0.3539280891418457,4,4,1,0,0.9643098711967468,0.22391319274902344,0.13001489639282227,0.36734834103747976,worker1,worker1,worker1,0,0.22391319274902344,0.0,0.0
model_0,1187,1,0.46858906745910645,8,0,0,1,0.8991379141807556,0.3789403438568115,0.08964872360229492,0.1913162935883444,worker1,worker1,worker1,0,0.3789403438568115,0.0,0.0
model_0,1188,1,0.31009745597839355,4,7,0,0,0.8020349144935608,0.22694921493530273,0.08314824104309082,0.2681358374281029,worker1,worker1,worker1,0,0.22694921493530273,0.0,0.0
model_0,1189,1,0.3078784942626953,4,4,1,0,0.7658742070198059,0.2236018180847168,0.08427667617797852,0.2737335596622413,worker1,worker1,worker1,0,0.2236018180847168,0.0,0.0
model_0,1190,1,0.3104116916656494,7,7,1,0,0.9200397729873657,0.2256004810333252,0.08481121063232422,0.2732217017253205,worker1,worker1,worker1,0,0.2256004810333252,0.0,0.0
model_0,1191,1,0.3189401626586914,6,6,1,0,0.998163640499115,0.2262718677520752,0.09266829490661621,0.29055072316428104,worker1,worker1,worker1,0,0.2262718677520752,0.0,0.0
model_0,1192,1,0.3130218982696533,9,9,1,0,0.9802448749542236,0.2244429588317871,0.08857893943786621,0.28298000851544164,worker1,worker1,worker1,0,0.2244429588317871,0.0,0.0
model_0,1193,1,0.4544484615325928,9,1,0,1,0.9592198729515076,0.3710637092590332,0.08338475227355957,0.18348560801009395,worker1,worker1,worker1,0,0.3710637092590332,0.0,0.0
model_0,1194,1,0.3048250675201416,9,9,1,0,0.5142924785614014,0.21940088272094727,0.08542418479919434,0.2802400258421983,worker1,worker1,worker1,0,0.21940088272094727,0.0,0.0
model_0,1195,1,0.30875086784362793,7,7,1,0,0.7817589640617371,0.22480297088623047,0.08394789695739746,0.2718952582828505,worker1,worker1,worker1,0,0.22480297088623047,0.0,0.0
model_0,1196,1,0.45735955238342285,6,6,1,1,0.7687410712242126,0.3751845359802246,0.08217501640319824,0.17967267978762502,worker1,worker1,worker1,0,0.3751845359802246,0.0,0.0
model_0,1197,1,0.3068375587463379,7,7,1,0,0.9964097142219543,0.223557710647583,0.08327984809875488,0.27141347506157876,worker1,worker1,worker1,0,0.223557710647583,0.0,0.0
model_0,1198,1,0.3156592845916748,0,0,1,0,0.9504139423370361,0.22855710983276367,0.08710217475891113,0.2759373128263383,worker1,worker1,worker1,0,0.22855710983276367,0.0,0.0
model_0,1199,1,0.37602663040161133,1,9,0,0,0.823706328868866,0.22430872917175293,0.1517179012298584,0.4034764800243474,worker1,worker1,worker1,0,0.22430872917175293,0.0,0.0
model_0,1200,1,0.3646414279937744,8,8,1,0,0.9411947131156921,0.22075271606445312,0.1438887119293213,0.3946033030886933,worker1,worker1,worker1,0,0.22075271606445312,0.0,0.0
model_0,1201,1,0.32163572311401367,5,5,1,0,0.978095531463623,0.22411298751831055,0.09752273559570312,0.3032086568354635,worker1,worker1,worker1,0,0.22411298751831055,0.0,0.0
model_0,1202,1,0.3141782283782959,6,6,1,0,0.5852988362312317,0.23110389709472656,0.08307433128356934,0.26441784878722135,worker1,worker1,worker1,0,0.23110389709472656,0.0,0.0
model_0,1203,1,0.3202824592590332,5,5,1,0,0.9976108074188232,0.22837018966674805,0.09191226959228516,0.2869725360699499,worker1,worker1,worker1,0,0.22837018966674805,0.0,0.0
model_0,1204,1,0.4627101421356201,9,1,0,1,0.9320506453514099,0.37824559211730957,0.08446455001831055,0.18254311355369865,worker1,worker1,worker1,0,0.37824559211730957,0.0,0.0
model_0,1205,1,0.4631180763244629,9,9,1,1,0.9957860112190247,0.3770568370819092,0.08606123924255371,0.18583001537227575,worker1,worker1,worker1,0,0.3770568370819092,0.0,0.0
model_0,1206,1,0.30440282821655273,5,5,1,0,0.5800925493240356,0.21951580047607422,0.08488702774047852,0.2788641230366287,worker1,worker1,worker1,0,0.21951580047607422,0.0,0.0
model_0,1207,1,0.30783629417419434,4,4,1,0,0.9327887892723083,0.2241373062133789,0.08369898796081543,0.2718944762031632,worker1,worker1,worker1,0,0.2241373062133789,0.0,0.0
model_0,1208,1,0.3115828037261963,8,0,0,0,0.5129932165145874,0.22817325592041016,0.08340954780578613,0.267696248985173,worker1,worker1,worker1,0,0.22817325592041016,0.0,0.0
model_0,1209,1,0.30785346031188965,4,4,1,0,0.9738970994949341,0.2242741584777832,0.08357930183410645,0.27149053887336966,worker1,worker1,worker1,0,0.2242741584777832,0.0,0.0
model_0,1210,1,0.3072333335876465,9,9,1,0,0.9764788746833801,0.22328805923461914,0.08394527435302734,0.27322970907087374,worker1,worker1,worker1,0,0.22328805923461914,0.0,0.0
model_0,1211,1,0.45920491218566895,3,3,1,1,0.8328667283058167,0.3747127056121826,0.08449220657348633,0.18399673943236008,worker1,worker1,worker1,0,0.3747127056121826,0.0,0.0
model_0,1212,1,0.30762314796447754,1,1,1,0,0.9408296346664429,0.22105050086975098,0.08657264709472656,0.2814243585620008,worker1,worker1,worker1,0,0.22105050086975098,0.0,0.0
model_0,1213,1,0.30728983879089355,6,2,0,0,0.8999646306037903,0.22355079650878906,0.08373904228210449,0.27250833483982445,worker1,worker1,worker1,0,0.22355079650878906,0.0,0.0
model_0,1214,1,0.3146171569824219,0,9,0,0,0.7773823142051697,0.22618603706359863,0.08843111991882324,0.2810753258563201,worker1,worker1,worker1,0,0.22618603706359863,0.0,0.0
model_0,1215,1,0.3105034828186035,9,9,1,0,0.8579630851745605,0.2241222858428955,0.08638119697570801,0.2781971918368851,worker1,worker1,worker1,0,0.2241222858428955,0.0,0.0
model_0,1216,1,0.47428059577941895,5,5,1,1,0.9952795505523682,0.3860433101654053,0.08823728561401367,0.1860444774659336,worker1,worker1,worker1,0,0.3860433101654053,0.0,0.0
model_0,1217,1,0.31122589111328125,2,2,1,0,0.9890463948249817,0.2261979579925537,0.08502793312072754,0.273203276297404,worker1,worker1,worker1,0,0.2261979579925537,0.0,0.0
model_0,1218,1,0.30840420722961426,0,0,1,0,0.9097917079925537,0.22452712059020996,0.0838770866394043,0.27197127883847516,worker1,worker1,worker1,0,0.22452712059020996,0.0,0.0
model_0,1219,1,0.31569480895996094,5,6,0,0,0.6057496070861816,0.22754693031311035,0.08814787864685059,0.279218650877564,worker1,worker1,worker1,0,0.22754693031311035,0.0,0.0
model_0,1220,1,0.31110191345214844,6,6,1,0,0.9891769289970398,0.22719693183898926,0.08390498161315918,0.26970255721704156,worker1,worker1,worker1,0,0.22719693183898926,0.0,0.0
model_0,1221,1,0.46059560775756836,5,5,1,1,0.9746504426002502,0.3763129711151123,0.08428263664245605,0.1829861927098916,worker1,worker1,worker1,0,0.3763129711151123,0.0,0.0
model_0,1222,1,0.3041393756866455,4,4,1,0,0.9793924689292908,0.22037124633789062,0.08376812934875488,0.2754267814209664,worker1,worker1,worker1,0,0.22037124633789062,0.0,0.0
model_0,1223,1,0.9831171035766602,0,8,0,2,0.776504397392273,0.8315184116363525,0.15159869194030762,0.15420206950807713,worker1->worker2,worker1,worker2,0,0.386807918548584,0.44471049308776855,0.0
model_0,1224,1,0.3096506595611572,9,9,1,0,0.9951344132423401,0.22378110885620117,0.08586955070495605,0.2773110537747667,worker1,worker1,worker1,0,0.22378110885620117,0.0,0.0
model_0,1225,1,1.0718746185302734,0,1,0,2,0.8035857677459717,0.9222331047058105,0.1496415138244629,0.13960729290301457,worker1->worker2,worker1,worker2,0,0.37585902214050293,0.5463740825653076,0.0
model_0,1226,1,0.31049680709838867,3,3,1,0,0.8674384951591492,0.22200489044189453,0.08849191665649414,0.2850010519704097,worker1,worker1,worker1,0,0.22200489044189453,0.0,0.0
model_0,1227,1,0.3596982955932617,8,8,1,0,0.9463838338851929,0.23836374282836914,0.12133455276489258,0.3373231239941565,worker1,worker1,worker1,0,0.23836374282836914,0.0,0.0
model_0,1228,1,0.46463990211486816,6,6,1,1,0.940938413143158,0.3731539249420166,0.09148597717285156,0.19689651438983477,worker1,worker1,worker1,0,0.3731539249420166,0.0,0.0
model_0,1229,1,0.3075547218322754,0,0,1,0,0.7683026790618896,0.2193458080291748,0.08820891380310059,0.2868072168672644,worker1,worker1,worker1,0,0.2193458080291748,0.0,0.0
model_0,1230,1,1.1024210453033447,1,1,1,2,0.9148322939872742,0.9512679576873779,0.1511530876159668,0.1371101252646852,worker1->worker2,worker1,worker2,0,0.3740572929382324,0.5772106647491455,0.0
model_0,1231,1,0.3399817943572998,5,5,1,0,0.666365385055542,0.25519227981567383,0.08478951454162598,0.24939427919048351,worker1,worker1,worker1,0,0.25519227981567383,0.0,0.0
model_0,1232,1,0.3411977291107178,7,7,1,0,0.9866191744804382,0.22420954704284668,0.1169881820678711,0.342875031357283,worker1,worker1,worker1,0,0.22420954704284668,0.0,0.0
model_0,1233,1,0.35341644287109375,0,0,1,0,0.9913956522941589,0.23340129852294922,0.12001514434814453,0.33958562701034045,worker1,worker1,worker1,0,0.23340129852294922,0.0,0.0
model_0,1234,1,0.32149362564086914,0,0,1,0,0.9841357469558716,0.23141765594482422,0.09007596969604492,0.28017964435993536,worker1,worker1,worker1,0,0.23141765594482422,0.0,0.0
model_0,1235,1,0.31599926948547363,4,4,1,0,0.5811737179756165,0.22598791122436523,0.0900113582611084,0.2848467289423471,worker1,worker1,worker1,0,0.22598791122436523,0.0,0.0
model_0,1236,1,0.34531688690185547,5,5,1,0,0.7641787528991699,0.2246863842010498,0.12063050270080566,0.3493327644155751,worker1,worker1,worker1,0,0.2246863842010498,0.0,0.0
model_0,1237,1,0.3120706081390381,6,6,1,0,0.9826435446739197,0.2268979549407959,0.08517265319824219,0.2729275073553062,worker1,worker1,worker1,0,0.2268979549407959,0.0,0.0
model_0,1238,1,0.46247076988220215,0,8,0,1,0.8429598808288574,0.37953925132751465,0.0829315185546875,0.1793227247114695,worker1,worker1,worker1,0,0.37953925132751465,0.0,0.0
model_0,1239,1,0.30775904655456543,8,8,1,0,0.9865276217460632,0.22248387336730957,0.08527517318725586,0.2770842129319394,worker1,worker1,worker1,0,0.22248387336730957,0.0,0.0
model_0,1240,1,0.4589223861694336,9,8,0,1,0.9813403487205505,0.3747532367706299,0.08416914939880371,0.1834060658957015,worker1,worker1,worker1,0,0.3747532367706299,0.0,0.0
model_0,1241,1,0.30361437797546387,2,5,0,0,0.5637359619140625,0.21982789039611816,0.0837864875793457,0.2759635038961059,worker1,worker1,worker1,0,0.21982789039611816,0.0,0.0
model_0,1242,1,0.46358799934387207,5,5,1,1,0.9930371642112732,0.374072790145874,0.08951520919799805,0.19309216227488893,worker1,worker1,worker1,0,0.374072790145874,0.0,0.0
model_0,1243,1,0.3086879253387451,5,5,1,0,0.6905701756477356,0.22357511520385742,0.0851128101348877,0.27572445550465696,worker1,worker1,worker1,0,0.22357511520385742,0.0,0.0
model_0,1244,1,0.46613335609436035,4,5,0,1,0.993016242980957,0.382138729095459,0.08399462699890137,0.18019441411075107,worker1,worker1,worker1,0,0.382138729095459,0.0,0.0
model_0,1245,1,0.30684518814086914,6,6,1,0,0.9298422336578369,0.22163152694702148,0.08521366119384766,0.2777089701492305,worker1,worker1,worker1,0,0.22163152694702148,0.0,0.0
model_0,1246,1,0.31503915786743164,0,0,1,0,0.9740985035896301,0.22780704498291016,0.08723211288452148,0.276892921740315,worker1,worker1,worker1,0,0.22780704498291016,0.0,0.0
model_0,1247,1,0.32102251052856445,0,0,1,0,0.9964584708213806,0.223707914352417,0.09731459617614746,0.3031394777142535,worker1,worker1,worker1,0,0.223707914352417,0.0,0.0
model_0,1248,1,0.3091762065887451,9,9,1,0,0.9919140338897705,0.22397232055664062,0.08520388603210449,0.27558358054842036,worker1,worker1,worker1,0,0.22397232055664062,0.0,0.0
model_0,1249,1,0.47478818893432617,3,3,1,1,0.8471695780754089,0.3773834705352783,0.09740471839904785,0.20515404693969988,worker1,worker1,worker1,0,0.3773834705352783,0.0,0.0
model_0,1250,1,0.4686901569366455,3,3,1,1,0.9994244575500488,0.3777163028717041,0.0909738540649414,0.1941023354523715,worker1,worker1,worker1,0,0.3777163028717041,0.0,0.0
model_0,1251,1,1.4457972049713135,1,6,0,3,0.3624665439128876,1.2225463390350342,0.2232508659362793,0.15441367929654345,worker1->worker2->worker3,worker1,worker3,0,0.37957262992858887,0.6483500003814697,0.19462370872497559
model_0,1252,1,0.3097262382507324,3,3,1,0,0.5516278743743896,0.22475194931030273,0.08497428894042969,0.2743528911865727,worker1,worker1,worker1,0,0.22475194931030273,0.0,0.0
model_0,1253,1,1.3623082637786865,0,3,0,3,0.45427802205085754,1.1714732646942139,0.19083499908447266,0.14008209753873643,worker1->worker2->worker3,worker1,worker3,0,0.37883520126342773,0.4951801300048828,0.2974579334259033
model_0,1254,1,0.9636642932891846,3,4,0,2,0.7815988659858704,0.8041174411773682,0.1595468521118164,0.16556268943747013,worker1->worker2,worker1,worker2,0,0.3711545467376709,0.43296289443969727,0.0
model_0,1255,1,0.3132946491241455,1,1,1,0,0.9754301905632019,0.22698163986206055,0.08631300926208496,0.2755010642645312,worker1,worker1,worker1,0,0.22698163986206055,0.0,0.0
model_0,1256,1,0.45918774604797363,9,8,0,1,0.9633824229240417,0.3723781108856201,0.08680963516235352,0.18905041763306132,worker1,worker1,worker1,0,0.3723781108856201,0.0,0.0
model_0,1257,1,0.3053100109100342,9,9,1,0,0.843816339969635,0.22025609016418457,0.08505392074584961,0.27858215488031435,worker1,worker1,worker1,0,0.22025609016418457,0.0,0.0
model_0,1258,1,0.31421399116516113,4,2,0,0,0.865729033946991,0.22491669654846191,0.08929729461669922,0.2841926111742161,worker1,worker1,worker1,0,0.22491669654846191,0.0,0.0
model_0,1259,1,0.4573507308959961,9,9,1,1,0.7347182631492615,0.3744344711303711,0.082916259765625,0.18129687822556598,worker1,worker1,worker1,0,0.3744344711303711,0.0,0.0
model_0,1260,1,0.30628275871276855,5,3,0,0,0.5526332855224609,0.22257161140441895,0.08371114730834961,0.2733132862592954,worker1,worker1,worker1,0,0.22257161140441895,0.0,0.0
model_0,1261,1,0.3061063289642334,6,6,1,0,0.8733981251716614,0.2235090732574463,0.08259725570678711,0.2698319109776985,worker1,worker1,worker1,0,0.2235090732574463,0.0,0.0
model_0,1262,1,0.30829453468322754,9,1,0,0,0.7570852637290955,0.2250080108642578,0.08328652381896973,0.27015244984652936,worker1,worker1,worker1,0,0.2250080108642578,0.0,0.0
model_0,1263,1,0.4890866279602051,0,0,1,1,0.7787448167800903,0.38663554191589355,0.10245108604431152,0.20947431433894678,worker1,worker1,worker1,0,0.38663554191589355,0.0,0.0
model_0,1264,1,0.45880699157714844,3,3,1,1,0.9464378356933594,0.37500596046447754,0.0838010311126709,0.1826498563690256,worker1,worker1,worker1,0,0.37500596046447754,0.0,0.0
model_0,1265,1,0.34311461448669434,6,6,1,0,0.9725659489631653,0.22709250450134277,0.11602210998535156,0.3381438886213656,worker1,worker1,worker1,0,0.22709250450134277,0.0,0.0
model_0,1266,1,0.30738377571105957,8,8,1,0,0.8006384968757629,0.22272396087646484,0.08465981483459473,0.2754205703887731,worker1,worker1,worker1,0,0.22272396087646484,0.0,0.0
model_0,1267,1,0.3145918846130371,3,3,1,0,0.9387328624725342,0.23142266273498535,0.08316922187805176,0.26437179706766384,worker1,worker1,worker1,0,0.23142266273498535,0.0,0.0
model_0,1268,1,0.3069889545440674,0,9,0,0,0.7734225392341614,0.22225451469421387,0.08473443984985352,0.27601787815362633,worker1,worker1,worker1,0,0.22225451469421387,0.0,0.0
model_0,1269,1,0.31204938888549805,7,7,1,0,0.9944585561752319,0.22723078727722168,0.08481860160827637,0.2718114652017451,worker1,worker1,worker1,0,0.22723078727722168,0.0,0.0
model_0,1270,1,0.31250596046447754,7,7,1,0,0.9243596196174622,0.2273552417755127,0.08515071868896484,0.27247710271639414,worker1,worker1,worker1,0,0.2273552417755127,0.0,0.0
model_0,1271,1,0.3099207878112793,4,4,1,0,0.7300288677215576,0.2262570858001709,0.0836637020111084,0.269951888680839,worker1,worker1,worker1,0,0.2262570858001709,0.0,0.0
model_0,1272,1,0.30512189865112305,9,9,1,0,0.9677502512931824,0.22188806533813477,0.08323383331298828,0.27278878927060557,worker1,worker1,worker1,0,0.22188806533813477,0.0,0.0
model_0,1273,1,1.4479496479034424,3,3,1,3,0.46756869554519653,1.253849744796753,0.19409990310668945,0.13405155585882164,worker1->worker2->worker3,worker1,worker3,0,0.38707494735717773,0.6298975944519043,0.2368772029876709
model_0,1274,1,0.30988240242004395,7,7,1,0,0.6837818622589111,0.2245497703552246,0.08533263206481934,0.27537101622554033,worker1,worker1,worker1,0,0.2245497703552246,0.0,0.0
model_0,1275,1,0.46019792556762695,0,0,1,1,0.9941695928573608,0.37610435485839844,0.08409357070922852,0.18273348495759528,worker1,worker1,worker1,0,0.37610435485839844,0.0,0.0
model_0,1276,1,0.4570763111114502,0,0,1,1,0.8403152823448181,0.3701953887939453,0.08688092231750488,0.19007968736389066,worker1,worker1,worker1,0,0.3701953887939453,0.0,0.0
model_0,1277,1,0.3091409206390381,9,9,1,0,0.9616509079933167,0.22011637687683105,0.08902454376220703,0.2879739879734481,worker1,worker1,worker1,0,0.22011637687683105,0.0,0.0
model_0,1278,1,0.4661288261413574,5,7,0,1,0.85052490234375,0.3804755210876465,0.08565330505371094,0.18375457652502242,worker1,worker1,worker1,0,0.3804755210876465,0.0,0.0
model_0,1279,1,0.3066544532775879,5,5,1,0,0.9311992526054382,0.22174525260925293,0.08490920066833496,0.2768888557162872,worker1,worker1,worker1,0,0.22174525260925293,0.0,0.0
model_0,1280,1,0.45896172523498535,2,2,1,1,0.8495034575462341,0.3759450912475586,0.08301663398742676,0.1808792093609174,worker1,worker1,worker1,0,0.3759450912475586,0.0,0.0
model_0,1281,1,0.3038339614868164,9,9,1,0,0.9988412261009216,0.22002291679382324,0.08381104469299316,0.275844886736369,worker1,worker1,worker1,0,0.22002291679382324,0.0,0.0
model_0,1282,1,0.30884838104248047,1,1,1,0,0.868583619594574,0.22438430786132812,0.08446407318115234,0.2734807056331461,worker1,worker1,worker1,0,0.22438430786132812,0.0,0.0
model_0,1283,1,0.3066539764404297,4,7,0,0,0.7380459308624268,0.2232658863067627,0.08338809013366699,0.27192893795677187,worker1,worker1,worker1,0,0.2232658863067627,0.0,0.0
model_0,1284,1,0.31003713607788086,8,8,1,0,0.9979913234710693,0.2263801097869873,0.08365702629089355,0.2698290512846146,worker1,worker1,worker1,0,0.2263801097869873,0.0,0.0
model_0,1285,1,0.30879640579223633,2,7,0,0,0.7946581840515137,0.2234811782836914,0.08531522750854492,0.2762830975628211,worker1,worker1,worker1,0,0.2234811782836914,0.0,0.0
model_0,1286,1,0.3080253601074219,3,5,0,0,0.7065050601959229,0.22388029098510742,0.08414506912231445,0.2731757836204441,worker1,worker1,worker1,0,0.22388029098510742,0.0,0.0
model_0,1287,1,0.45843076705932617,9,1,0,1,0.7837709784507751,0.37407469749450684,0.08435606956481934,0.18401048888130733,worker1,worker1,worker1,0,0.37407469749450684,0.0,0.0
model_0,1288,1,0.4591186046600342,8,8,1,1,0.715535044670105,0.37505435943603516,0.08406424522399902,0.183099191299918,worker1,worker1,worker1,0,0.37505435943603516,0.0,0.0
model_0,1289,1,0.31152772903442383,1,1,1,0,0.9948881268501282,0.22076869010925293,0.0907590389251709,0.2913353466366457,worker1,worker1,worker1,0,0.22076869010925293,0.0,0.0
model_0,1290,1,0.5320088863372803,5,5,1,1,0.9751561284065247,0.37914443016052246,0.1528644561767578,0.28733440380889724,worker1,worker1,worker1,0,0.37914443016052246,0.0,0.0
model_0,1291,1,0.3054656982421875,7,7,1,0,0.9916183352470398,0.2207784652709961,0.0846872329711914,0.2772397472401219,worker1,worker1,worker1,0,0.2207784652709961,0.0,0.0
model_0,1292,1,1.1190242767333984,2,5,0,2,0.611177384853363,0.9677910804748535,0.15123319625854492,0.13514737740991425,worker1->worker2,worker1,worker2,0,0.37260890007019043,0.5951821804046631,0.0
model_0,1293,1,0.45947957038879395,0,0,1,1,0.9808736443519592,0.3746366500854492,0.08484292030334473,0.18465003837179075,worker1,worker1,worker1,0,0.3746366500854492,0.0,0.0
model_0,1294,1,0.45749592781066895,2,2,1,1,0.9594801068305969,0.37393784523010254,0.0835580825805664,0.18264224335379495,worker1,worker1,worker1,0,0.37393784523010254,0.0,0.0
model_0,1295,1,1.3022634983062744,7,7,1,3,0.6843475699424744,1.092686653137207,0.20957684516906738,0.16093274935651908,worker1->worker2->worker3,worker1,worker3,0,0.36974620819091797,0.5621395111083984,0.16080093383789062
model_0,1296,1,1.1393835544586182,6,6,1,2,0.6439124345779419,0.9976177215576172,0.14176583290100098,0.12442327462621793,worker1->worker2,worker1,worker2,0,0.3814558982849121,0.6161618232727051,0.0
model_0,1297,1,1.2417292594909668,1,1,1,3,0.34503889083862305,1.0511713027954102,0.19055795669555664,0.15346175926761504,worker1->worker2->worker3,worker1,worker3,0,0.3713958263397217,0.5211966037750244,0.15857887268066406
model_0,1298,1,0.32817912101745605,0,0,1,0,0.9919267892837524,0.2393345832824707,0.08884453773498535,0.2707196529125314,worker1,worker1,worker1,0,0.2393345832824707,0.0,0.0
model_0,1299,1,0.3041718006134033,9,9,1,0,0.992234468460083,0.21956300735473633,0.08460879325866699,0.27816120063740946,worker1,worker1,worker1,0,0.21956300735473633,0.0,0.0
model_0,1300,1,1.391984462738037,2,2,1,3,0.4592832326889038,1.1986184120178223,0.19336605072021484,0.13891394329205609,worker1->worker2->worker3,worker1,worker3,0,0.37235355377197266,0.5266571044921875,0.2996077537536621
model_0,1301,1,0.30633020401000977,4,3,0,0,0.9153836965560913,0.2210378646850586,0.08529233932495117,0.278432678881917,worker1,worker1,worker1,0,0.2210378646850586,0.0,0.0
model_0,1302,1,0.4574930667877197,0,9,0,1,0.9121351838111877,0.3728444576263428,0.08464860916137695,0.18502708632446785,worker1,worker1,worker1,0,0.3728444576263428,0.0,0.0
model_0,1303,1,0.30797576904296875,8,8,1,0,0.9990379810333252,0.2232973575592041,0.08467841148376465,0.2749515383853147,worker1,worker1,worker1,0,0.2232973575592041,0.0,0.0
model_0,1304,1,0.34891533851623535,6,6,1,0,0.897415280342102,0.21551918983459473,0.13339614868164062,0.3823166652658739,worker1,worker1,worker1,0,0.21551918983459473,0.0,0.0
model_0,1305,1,0.4581468105316162,6,6,1,1,0.9845801591873169,0.3676631450653076,0.0904836654663086,0.19749928055008126,worker1,worker1,worker1,0,0.3676631450653076,0.0,0.0
model_0,1306,1,0.3546736240386963,7,7,1,0,0.891087532043457,0.21794652938842773,0.13672709465026855,0.3855011632761028,worker1,worker1,worker1,0,0.21794652938842773,0.0,0.0
model_0,1307,1,0.45592617988586426,6,6,1,1,0.8794274926185608,0.3707911968231201,0.08513498306274414,0.18672975323342186,worker1,worker1,worker1,0,0.3707911968231201,0.0,0.0
model_0,1308,1,0.30588316917419434,9,0,0,0,0.9201164841651917,0.22040081024169922,0.08548235893249512,0.27946081232019215,worker1,worker1,worker1,0,0.22040081024169922,0.0,0.0
model_0,1309,1,0.3491227626800537,5,5,1,0,0.9977954626083374,0.2194666862487793,0.12965607643127441,0.3713767484994813,worker1,worker1,worker1,0,0.2194666862487793,0.0,0.0
model_0,1310,1,0.3086245059967041,3,6,0,0,0.7481924295425415,0.22387170791625977,0.08475279808044434,0.2746146091242328,worker1,worker1,worker1,0,0.22387170791625977,0.0,0.0
model_0,1311,1,0.30460381507873535,4,4,1,0,0.9992768168449402,0.2195284366607666,0.08507537841796875,0.2792984664226155,worker1,worker1,worker1,0,0.2195284366607666,0.0,0.0
model_0,1312,1,0.301837682723999,9,9,1,0,0.7986907362937927,0.21906328201293945,0.08277440071105957,0.2742348137715749,worker1,worker1,worker1,0,0.21906328201293945,0.0,0.0
model_0,1313,1,0.46938157081604004,4,2,0,1,0.6432119011878967,0.373049259185791,0.09633231163024902,0.20523241136794348,worker1,worker1,worker1,0,0.373049259185791,0.0,0.0
model_0,1314,1,0.45563507080078125,2,2,1,1,0.9977389574050903,0.3719658851623535,0.08366918563842773,0.18363201386446978,worker1,worker1,worker1,0,0.3719658851623535,0.0,0.0
model_0,1315,1,0.3478701114654541,8,8,1,0,0.9822497367858887,0.22180962562561035,0.12606048583984375,0.36237803043439226,worker1,worker1,worker1,0,0.22180962562561035,0.0,0.0
model_0,1316,1,0.4596090316772461,5,5,1,1,0.7945906519889832,0.3730037212371826,0.08660531044006348,0.1884325687073983,worker1,worker1,worker1,0,0.3730037212371826,0.0,0.0
model_0,1317,1,0.45450520515441895,0,0,1,1,0.9480162262916565,0.36859869956970215,0.0859065055847168,0.1890110489615403,worker1,worker1,worker1,0,0.36859869956970215,0.0,0.0
model_0,1318,1,0.4577193260192871,0,0,1,1,0.6707062721252441,0.37264251708984375,0.08507680892944336,0.18587113126584137,worker1,worker1,worker1,0,0.37264251708984375,0.0,0.0
model_0,1319,1,0.48343920707702637,9,8,0,1,0.9954732060432434,0.3711562156677246,0.11228299140930176,0.23225876132014198,worker1,worker1,worker1,0,0.3711562156677246,0.0,0.0
model_0,1320,1,1.1604337692260742,0,0,1,2,0.8004968166351318,0.9575650691986084,0.20286870002746582,0.1748214378169679,worker1->worker2,worker1,worker2,0,0.3710291385650635,0.5865359306335449,0.0
model_0,1321,1,0.3118290901184082,6,6,1,0,0.8895503878593445,0.22702550888061523,0.08480358123779297,0.27195532400646527,worker1,worker1,worker1,0,0.22702550888061523,0.0,0.0
model_0,1322,1,0.4545464515686035,9,9,1,1,0.7814947962760925,0.3698897361755371,0.0846567153930664,0.18624436534687014,worker1,worker1,worker1,0,0.3698897361755371,0.0,0.0
model_0,1323,1,0.31388282775878906,3,3,1,0,0.9479131102561951,0.22449994087219238,0.08938288688659668,0.284765138395163,worker1,worker1,worker1,0,0.22449994087219238,0.0,0.0
model_0,1324,1,0.31377577781677246,9,9,1,0,0.999659538269043,0.22220110893249512,0.09157466888427734,0.29184747631396785,worker1,worker1,worker1,0,0.22220110893249512,0.0,0.0
model_0,1325,1,0.30776000022888184,9,9,1,0,0.9998010993003845,0.223433256149292,0.08432674407958984,0.2740016376945537,worker1,worker1,worker1,0,0.223433256149292,0.0,0.0
model_0,1326,1,0.3036806583404541,1,1,1,0,0.9998075366020203,0.21994924545288086,0.08373141288757324,0.275721915729327,worker1,worker1,worker1,0,0.21994924545288086,0.0,0.0
model_0,1327,1,0.30257678031921387,3,3,1,0,0.7928239107131958,0.21950173377990723,0.08307504653930664,0.27455856477705837,worker1,worker1,worker1,0,0.21950173377990723,0.0,0.0
model_0,1328,1,0.3081486225128174,0,7,0,0,0.8267096281051636,0.22107982635498047,0.08706879615783691,0.2825545525656708,worker1,worker1,worker1,0,0.22107982635498047,0.0,0.0
model_0,1329,1,0.4556450843811035,8,5,0,1,0.8062566518783569,0.3707449436187744,0.0849001407623291,0.18632954392045686,worker1,worker1,worker1,0,0.3707449436187744,0.0,0.0
model_0,1330,1,0.3109774589538574,3,5,0,0,0.9014990329742432,0.2256467342376709,0.08533072471618652,0.27439520858921107,worker1,worker1,worker1,0,0.2256467342376709,0.0,0.0
model_0,1331,1,1.1066958904266357,5,3,0,2,0.8433195352554321,0.9552085399627686,0.1514873504638672,0.1368825453986896,worker1->worker2,worker1,worker2,0,0.3707706928253174,0.5844378471374512,0.0
model_0,1332,1,0.3146839141845703,3,5,0,0,0.6506468057632446,0.22627735137939453,0.08840656280517578,0.2809376609994848,worker1,worker1,worker1,0,0.22627735137939453,0.0,0.0
model_0,1333,1,0.3609921932220459,0,0,1,0,0.9823117256164551,0.21927571296691895,0.14171648025512695,0.3925749168984308,worker1,worker1,worker1,0,0.21927571296691895,0.0,0.0
model_0,1334,1,0.34743261337280273,2,2,1,0,0.9357549548149109,0.2213444709777832,0.12608814239501953,0.36291395091261686,worker1,worker1,worker1,0,0.2213444709777832,0.0,0.0
model_0,1335,1,0.4926455020904541,0,0,1,1,0.8410615921020508,0.3675572872161865,0.12508821487426758,0.253911208655063,worker1,worker1,worker1,0,0.3675572872161865,0.0,0.0
model_0,1336,1,0.30214643478393555,2,2,1,0,0.8707228899002075,0.2181241512298584,0.08402228355407715,0.27808464334242883,worker1,worker1,worker1,0,0.2181241512298584,0.0,0.0
model_0,1337,1,0.45956969261169434,4,4,1,1,0.9271823167800903,0.37319087982177734,0.08637881278991699,0.18795585126389375,worker1,worker1,worker1,0,0.37319087982177734,0.0,0.0
model_0,1338,1,0.3089900016784668,8,8,1,0,0.9845014214515686,0.21919822692871094,0.08979177474975586,0.2905976706754177,worker1,worker1,worker1,0,0.21919822692871094,0.0,0.0
model_0,1339,1,0.35327935218811035,0,7,0,0,0.7098550200462341,0.21963238716125488,0.13364696502685547,0.3783039235072323,worker1,worker1,worker1,0,0.21963238716125488,0.0,0.0
model_0,1340,1,0.3106060028076172,5,5,1,0,0.6157145500183105,0.22573184967041016,0.08487415313720703,0.2732534219236461,worker1,worker1,worker1,0,0.22573184967041016,0.0,0.0
model_0,1341,1,0.30574750900268555,0,0,1,0,0.9596919417381287,0.2207317352294922,0.08501577377319336,0.27805876178846195,worker1,worker1,worker1,0,0.2207317352294922,0.0,0.0
model_0,1342,1,0.3043835163116455,4,6,0,0,0.5082608461380005,0.22050786018371582,0.08387565612792969,0.27555912732821225,worker1,worker1,worker1,0,0.22050786018371582,0.0,0.0
model_0,1343,1,0.4950990676879883,0,4,0,1,0.6480711698532104,0.36931800842285156,0.12578105926513672,0.25405230482963465,worker1,worker1,worker1,0,0.36931800842285156,0.0,0.0
model_0,1344,1,0.3079526424407959,0,8,0,0,0.5612667202949524,0.22334694862365723,0.08460569381713867,0.2747360540457261,worker1,worker1,worker1,0,0.22334694862365723,0.0,0.0
model_0,1345,1,0.4552581310272217,2,2,1,1,0.847726583480835,0.36870551109313965,0.08655261993408203,0.1901176805756089,worker1,worker1,worker1,0,0.36870551109313965,0.0,0.0
model_0,1346,1,0.45340704917907715,5,5,1,1,0.8147944808006287,0.3679530620574951,0.08545398712158203,0.18847079522980953,worker1,worker1,worker1,0,0.3679530620574951,0.0,0.0
model_0,1347,1,0.3056049346923828,1,1,1,0,0.9369486570358276,0.22020292282104492,0.08540201187133789,0.2794523326572008,worker1,worker1,worker1,0,0.22020292282104492,0.0,0.0
model_0,1348,1,0.3028535842895508,9,9,1,0,0.949039101600647,0.21941733360290527,0.08343625068664551,0.27550029127895076,worker1,worker1,worker1,0,0.21941733360290527,0.0,0.0
model_0,1349,1,0.3089485168457031,3,3,1,0,0.9871376752853394,0.22421050071716309,0.08473801612854004,0.2742787600785292,worker1,worker1,worker1,0,0.22421050071716309,0.0,0.0
model_0,1350,1,0.3051903247833252,3,3,1,0,0.9555822014808655,0.2201707363128662,0.08501958847045898,0.2785789114737501,worker1,worker1,worker1,0,0.2201707363128662,0.0,0.0
model_0,1351,1,0.45897412300109863,0,0,1,1,0.7036670446395874,0.37421083450317383,0.0847632884979248,0.18467988553185144,worker1,worker1,worker1,0,0.37421083450317383,0.0,0.0
model_0,1352,1,0.3063240051269531,7,4,0,0,0.66585373878479,0.22016191482543945,0.08616209030151367,0.2812776304155615,worker1,worker1,worker1,0,0.22016191482543945,0.0,0.0
model_0,1353,1,0.3042593002319336,0,9,0,0,0.8640062212944031,0.2193000316619873,0.08495926856994629,0.2792331031629362,worker1,worker1,worker1,0,0.2193000316619873,0.0,0.0
model_0,1354,1,0.30446720123291016,1,1,1,0,0.7387089729309082,0.22005271911621094,0.08441448211669922,0.27725312209285935,worker1,worker1,worker1,0,0.22005271911621094,0.0,0.0
model_0,1355,1,0.35013651847839355,3,5,0,0,0.7505647540092468,0.22279667854309082,0.12733983993530273,0.3636862572595686,worker1,worker1,worker1,0,0.22279667854309082,0.0,0.0
model_0,1356,1,0.365464448928833,3,3,1,0,0.9148386120796204,0.2202897071838379,0.14517474174499512,0.39723355355219525,worker1,worker1,worker1,0,0.2202897071838379,0.0,0.0
model_0,1357,1,1.2195940017700195,2,8,0,2,0.9248341917991638,1.0522167682647705,0.16737723350524902,0.13724012520751278,worker1->worker2,worker1,worker2,0,0.37439608573913574,0.6778206825256348,0.0
model_0,1358,1,0.4572114944458008,4,4,1,1,0.9723334908485413,0.3720519542694092,0.0851595401763916,0.18625852851668992,worker1,worker1,worker1,0,0.3720519542694092,0.0,0.0
model_0,1359,1,0.460768461227417,2,2,1,1,0.958065390586853,0.3751857280731201,0.08558273315429688,0.18573913007482654,worker1,worker1,worker1,0,0.3751857280731201,0.0,0.0
model_0,1360,1,0.3115193843841553,4,4,1,0,0.7340821623802185,0.22591233253479004,0.08560705184936523,0.2748048954276228,worker1,worker1,worker1,0,0.22591233253479004,0.0,0.0
model_0,1361,1,0.4697580337524414,6,6,1,1,0.939315915107727,0.37304258346557617,0.09671545028686523,0.2058835471408531,worker1,worker1,worker1,0,0.37304258346557617,0.0,0.0
model_0,1362,1,0.30255746841430664,7,7,1,0,0.8316494822502136,0.2178211212158203,0.08473634719848633,0.28006694940497295,worker1,worker1,worker1,0,0.2178211212158203,0.0,0.0
model_0,1363,1,0.30422139167785645,7,4,0,0,0.5316073894500732,0.21931910514831543,0.08490228652954102,0.2790805934496711,worker1,worker1,worker1,0,0.21931910514831543,0.0,0.0
model_0,1364,1,0.33083510398864746,0,0,1,0,0.9906548857688904,0.2244734764099121,0.10636162757873535,0.32149438284029597,worker1,worker1,worker1,0,0.2244734764099121,0.0,0.0
model_0,1365,1,0.4573509693145752,4,2,0,1,0.6845353841781616,0.3732771873474121,0.08407378196716309,0.18382771133766954,worker1,worker1,worker1,0,0.3732771873474121,0.0,0.0
model_0,1366,1,0.320432186126709,8,0,0,0,0.7182578444480896,0.22136163711547852,0.09907054901123047,0.3091778956688666,worker1,worker1,worker1,0,0.22136163711547852,0.0,0.0
model_0,1367,1,0.31270480155944824,2,2,1,0,0.9090138673782349,0.22665882110595703,0.08604598045349121,0.2751668027621668,worker1,worker1,worker1,0,0.22665882110595703,0.0,0.0
model_0,1368,1,0.3043844699859619,1,1,1,0,0.7394910454750061,0.22014093399047852,0.0842435359954834,0.2767668665860932,worker1,worker1,worker1,0,0.22014093399047852,0.0,0.0
model_0,1369,1,1.5323715209960938,2,6,0,3,0.373744934797287,1.3254377841949463,0.20693373680114746,0.1350414922006861,worker1->worker2->worker3,worker1,worker3,0,0.3705744743347168,0.6582977771759033,0.29656553268432617
model_0,1370,1,0.46015286445617676,0,7,0,1,0.8966156840324402,0.37521982192993164,0.08493304252624512,0.1845757118704926,worker1,worker1,worker1,0,0.37521982192993164,0.0,0.0
model_0,1371,1,0.3020634651184082,8,8,1,0,0.9740718007087708,0.2183094024658203,0.08375406265258789,0.27727306451892975,worker1,worker1,worker1,0,0.2183094024658203,0.0,0.0
model_0,1372,1,0.45479702949523926,4,4,1,1,0.968055784702301,0.36930298805236816,0.0854940414428711,0.18798284926741377,worker1,worker1,worker1,0,0.36930298805236816,0.0,0.0
model_0,1373,1,0.31093549728393555,9,9,1,0,0.9740833640098572,0.22129487991333008,0.08964061737060547,0.2882932896167489,worker1,worker1,worker1,0,0.22129487991333008,0.0,0.0
model_0,1374,1,0.31374073028564453,9,9,1,0,0.9900425672531128,0.22314882278442383,0.0905919075012207,0.28874767843735655,worker1,worker1,worker1,0,0.22314882278442383,0.0,0.0
model_0,1375,1,0.30972814559936523,5,5,1,0,0.9944791793823242,0.22513437271118164,0.0845937728881836,0.2731226531721338,worker1,worker1,worker1,0,0.22513437271118164,0.0,0.0
model_0,1376,1,0.3052186965942383,0,0,1,0,0.9982138872146606,0.21894407272338867,0.08627462387084961,0.2826649377431299,worker1,worker1,worker1,0,0.21894407272338867,0.0,0.0
model_0,1377,1,0.38282108306884766,7,7,1,0,0.992119550704956,0.22181391716003418,0.16100716590881348,0.4205807178071681,worker1,worker1,worker1,0,0.22181391716003418,0.0,0.0
model_0,1378,1,0.3101077079772949,8,8,1,0,0.9976184964179993,0.21931958198547363,0.09078812599182129,0.29276320341727363,worker1,worker1,worker1,0,0.21931958198547363,0.0,0.0
model_0,1379,1,0.4600825309753418,4,7,0,1,0.7507610321044922,0.3776280879974365,0.08245444297790527,0.17921663490049883,worker1,worker1,worker1,0,0.3776280879974365,0.0,0.0
model_0,1380,1,0.3081820011138916,8,8,1,0,0.9972130656242371,0.22415399551391602,0.08402800559997559,0.27265708346452794,worker1,worker1,worker1,0,0.22415399551391602,0.0,0.0
model_0,1381,1,0.30842137336730957,6,6,1,0,0.9716209769248962,0.2194814682006836,0.08893990516662598,0.28837140628611496,worker1,worker1,worker1,0,0.2194814682006836,0.0,0.0
model_0,1382,1,0.456101655960083,3,3,1,1,0.9816612005233765,0.3720114231109619,0.0840902328491211,0.18436730441619023,worker1,worker1,worker1,0,0.3720114231109619,0.0,0.0
model_0,1383,1,0.30426883697509766,0,2,0,0,0.8054611682891846,0.21929144859313965,0.08497738838195801,0.2792839030995239,worker1,worker1,worker1,0,0.21929144859313965,0.0,0.0
model_0,1384,1,0.36457180976867676,5,5,1,0,0.9488286375999451,0.22184538841247559,0.14272642135620117,0.39149055832583995,worker1,worker1,worker1,0,0.22184538841247559,0.0,0.0
model_0,1385,1,0.30321216583251953,9,9,1,0,0.6848378777503967,0.21893882751464844,0.0842733383178711,0.27793521439512364,worker1,worker1,worker1,0,0.21893882751464844,0.0,0.0
model_0,1386,1,0.30893731117248535,0,0,1,0,0.8579299449920654,0.22595715522766113,0.08298015594482422,0.26859868634803674,worker1,worker1,worker1,0,0.22595715522766113,0.0,0.0
model_0,1387,1,0.3330841064453125,4,4,1,0,0.9258655905723572,0.22290325164794922,0.11018085479736328,0.3307898895964084,worker1,worker1,worker1,0,0.22290325164794922,0.0,0.0
model_0,1388,1,1.1799883842468262,0,0,1,2,0.5171413421630859,0.9693903923034668,0.21059799194335938,0.17847463140730982,worker1->worker2,worker1,worker2,0,0.37284159660339355,0.5965487957000732,0.0
model_0,1389,1,0.4632697105407715,5,5,1,1,0.9367413520812988,0.37800049781799316,0.08526921272277832,0.1840595462700209,worker1,worker1,worker1,0,0.37800049781799316,0.0,0.0
model_0,1390,1,0.3549528121948242,9,9,1,0,0.7886509299278259,0.2250046730041504,0.12994813919067383,0.3660997595346525,worker1,worker1,worker1,0,0.2250046730041504,0.0,0.0
model_0,1391,1,0.4836733341217041,2,2,1,1,0.9946133494377136,0.39900636672973633,0.08466696739196777,0.17504989714951597,worker1,worker1,worker1,0,0.39900636672973633,0.0,0.0
model_0,1392,1,0.310577392578125,6,6,1,0,0.8144943118095398,0.22591924667358398,0.08465814590454102,0.2725830917755724,worker1,worker1,worker1,0,0.22591924667358398,0.0,0.0
model_0,1393,1,1.4154052734375,0,8,0,3,0.5127577185630798,1.2122766971588135,0.20312857627868652,0.143512660360069,worker1->worker2->worker3,worker1,worker3,0,0.3733501434326172,0.5827009677886963,0.2562255859375
model_0,1394,1,0.30861449241638184,1,1,1,0,0.8952956795692444,0.2232835292816162,0.08533096313476562,0.27649694110812306,worker1,worker1,worker1,0,0.2232835292816162,0.0,0.0
model_0,1395,1,0.4617929458618164,6,6,1,1,0.5825576782226562,0.3690986633300781,0.09269428253173828,0.20072693479271,worker1,worker1,worker1,0,0.3690986633300781,0.0,0.0
model_0,1396,1,0.45575690269470215,4,4,1,1,0.9958968162536621,0.37249279022216797,0.08326411247253418,0.1826941336054987,worker1,worker1,worker1,0,0.37249279022216797,0.0,0.0
model_0,1397,1,0.3042001724243164,8,8,1,0,0.9591686725616455,0.22141385078430176,0.08278632164001465,0.27214422983475295,worker1,worker1,worker1,0,0.22141385078430176,0.0,0.0
model_0,1398,1,0.4628159999847412,1,1,1,1,0.9993010759353638,0.3725268840789795,0.09028911590576172,0.19508641859559414,worker1,worker1,worker1,0,0.3725268840789795,0.0,0.0
model_0,1399,1,0.3053739070892334,7,1,0,0,0.6565802097320557,0.22023892402648926,0.08513498306274414,0.2787893172479429,worker1,worker1,worker1,0,0.22023892402648926,0.0,0.0
model_0,1400,1,0.31498026847839355,3,3,1,0,0.8985724449157715,0.22516441345214844,0.08981585502624512,0.2851475600682147,worker1,worker1,worker1,0,0.22516441345214844,0.0,0.0
model_0,1401,1,0.3064463138580322,9,9,1,0,0.9868125319480896,0.22403812408447266,0.08240818977355957,0.26891558503698276,worker1,worker1,worker1,0,0.22403812408447266,0.0,0.0
model_0,1402,1,0.302748441696167,9,9,1,0,0.7878772020339966,0.21979212760925293,0.08295631408691406,0.27401070546274703,worker1,worker1,worker1,0,0.21979212760925293,0.0,0.0
model_0,1403,1,0.311002254486084,3,3,1,0,0.9374461770057678,0.22034478187561035,0.09065747261047363,0.2915010142298829,worker1,worker1,worker1,0,0.22034478187561035,0.0,0.0
model_0,1404,1,0.3660309314727783,8,8,1,0,0.9047440886497498,0.2206277847290039,0.14540314674377441,0.3972427853534778,worker1,worker1,worker1,0,0.2206277847290039,0.0,0.0
model_0,1405,1,0.5056018829345703,4,2,0,1,0.755770206451416,0.37687230110168457,0.12872958183288574,0.2546066108095261,worker1,worker1,worker1,0,0.37687230110168457,0.0,0.0
model_0,1406,1,0.30713748931884766,8,8,1,0,0.9513534903526306,0.22309374809265137,0.08404374122619629,0.27363556761691255,worker1,worker1,worker1,0,0.22309374809265137,0.0,0.0
model_0,1407,1,0.45446109771728516,4,4,1,1,0.9977586269378662,0.3704354763031006,0.08402562141418457,0.18489068005212606,worker1,worker1,worker1,0,0.3704354763031006,0.0,0.0
model_0,1408,1,0.31009817123413086,9,1,0,0,0.508845865726471,0.22511577606201172,0.08498239517211914,0.2740499720907918,worker1,worker1,worker1,0,0.22511577606201172,0.0,0.0
model_0,1409,1,0.3223116397857666,4,4,1,0,0.99234539270401,0.22114109992980957,0.10117053985595703,0.31389043201543343,worker1,worker1,worker1,0,0.22114109992980957,0.0,0.0
model_0,1410,1,0.4565432071685791,5,5,1,1,0.9040613174438477,0.37285590171813965,0.08368730545043945,0.18330643000792216,worker1,worker1,worker1,0,0.37285590171813965,0.0,0.0
model_0,1411,1,0.4555389881134033,0,0,1,1,0.9605777263641357,0.368579626083374,0.0869593620300293,0.19089334678063025,worker1,worker1,worker1,0,0.368579626083374,0.0,0.0
model_0,1412,1,0.3059840202331543,5,5,1,0,0.9605814814567566,0.22101569175720215,0.08496832847595215,0.2776887773786612,worker1,worker1,worker1,0,0.22101569175720215,0.0,0.0
model_0,1413,1,0.38309645652770996,6,6,1,0,0.9576579928398132,0.21933436393737793,0.16376209259033203,0.4274696092849057,worker1,worker1,worker1,0,0.21933436393737793,0.0,0.0
model_0,1414,1,0.37662172317504883,0,0,1,0,0.9760280847549438,0.22052454948425293,0.1560971736907959,0.4144667290427217,worker1,worker1,worker1,0,0.22052454948425293,0.0,0.0
model_0,1415,1,0.30637121200561523,1,1,1,0,0.8811478018760681,0.2210683822631836,0.08530282974243164,0.278429651350102,worker1,worker1,worker1,0,0.2210683822631836,0.0,0.0
model_0,1416,1,0.4577474594116211,6,6,1,1,0.9586667418479919,0.37374114990234375,0.08400630950927734,0.1835210830383576,worker1,worker1,worker1,0,0.37374114990234375,0.0,0.0
model_0,1417,1,0.3048362731933594,9,9,1,0,0.8516731858253479,0.21927618980407715,0.08556008338928223,0.280675532780218,worker1,worker1,worker1,0,0.21927618980407715,0.0,0.0
model_0,1418,1,0.46596741676330566,0,2,0,1,0.8908005952835083,0.3741903305053711,0.09177708625793457,0.19696030871736672,worker1,worker1,worker1,0,0.3741903305053711,0.0,0.0
model_0,1419,1,0.34934258460998535,6,2,0,0,0.9901615381240845,0.23022723197937012,0.11911535263061523,0.3409700330797018,worker1,worker1,worker1,0,0.23022723197937012,0.0,0.0
model_0,1420,1,0.30492258071899414,9,8,0,0,0.8753928542137146,0.21877169609069824,0.0861508846282959,0.28253363337393994,worker1,worker1,worker1,0,0.21877169609069824,0.0,0.0
model_0,1421,1,1.1204359531402588,2,2,1,2,0.9116538166999817,0.969714879989624,0.15072107315063477,0.13452002564555973,worker1->worker2,worker1,worker2,0,0.37787604331970215,0.5918388366699219,0.0
model_0,1422,1,0.30849289894104004,3,3,1,0,0.9638646841049194,0.22365808486938477,0.08483481407165527,0.27499762348782336,worker1,worker1,worker1,0,0.22365808486938477,0.0,0.0
model_0,1423,1,0.34479451179504395,8,8,1,0,0.9998427629470825,0.22062397003173828,0.12417054176330566,0.3601291131835541,worker1,worker1,worker1,0,0.22062397003173828,0.0,0.0
model_0,1424,1,0.32253241539001465,3,3,1,0,0.7979799509048462,0.22011661529541016,0.10241580009460449,0.31753645589625656,worker1,worker1,worker1,0,0.22011661529541016,0.0,0.0
model_0,1425,1,0.30667614936828613,8,8,1,0,0.9885701537132263,0.22198796272277832,0.08468818664550781,0.27614859133960923,worker1,worker1,worker1,0,0.22198796272277832,0.0,0.0
model_0,1426,1,0.30554890632629395,5,3,0,0,0.6048800945281982,0.2213888168334961,0.08416008949279785,0.275439014018017,worker1,worker1,worker1,0,0.2213888168334961,0.0,0.0
model_0,1427,1,0.3139824867248535,4,5,0,0,0.9175328016281128,0.21991348266601562,0.09406900405883789,0.29959952556612385,worker1,worker1,worker1,0,0.21991348266601562,0.0,0.0
model_0,1428,1,0.30516529083251953,9,9,1,0,0.8933786153793335,0.22116422653198242,0.08400106430053711,0.2752641497051461,worker1,worker1,worker1,0,0.22116422653198242,0.0,0.0
model_0,1429,1,1.1943979263305664,7,5,0,2,0.7964486479759216,1.0412015914916992,0.1531963348388672,0.12826239183913984,worker1->worker2,worker1,worker2,0,0.37016797065734863,0.6710336208343506,0.0
model_0,1430,1,0.4637601375579834,6,6,1,1,0.9311158657073975,0.37760353088378906,0.08615660667419434,0.18577837915925294,worker1,worker1,worker1,0,0.37760353088378906,0.0,0.0
model_0,1431,1,0.45706892013549805,9,0,0,1,0.910302996635437,0.3722038269042969,0.08486509323120117,0.18567242158150443,worker1,worker1,worker1,0,0.3722038269042969,0.0,0.0
model_0,1432,1,0.3120882511138916,0,0,1,0,0.7274548411369324,0.22455716133117676,0.08753108978271484,0.2804690323019298,worker1,worker1,worker1,0,0.22455716133117676,0.0,0.0
model_0,1433,1,1.1296401023864746,3,0,0,2,0.6370838284492493,0.9772608280181885,0.15237927436828613,0.13489187755141668,worker1->worker2,worker1,worker2,0,0.3812832832336426,0.5959775447845459,0.0
model_0,1434,1,0.4606320858001709,3,3,1,1,0.6968875527381897,0.3756842613220215,0.08494782447814941,0.18441577800770279,worker1,worker1,worker1,0,0.3756842613220215,0.0,0.0
model_0,1435,1,0.30299830436706543,5,5,1,0,0.9981263279914856,0.21898436546325684,0.0840139389038086,0.277275277428716,worker1,worker1,worker1,0,0.21898436546325684,0.0,0.0
model_0,1436,1,0.4576394557952881,7,7,1,1,0.861525297164917,0.3744926452636719,0.08314681053161621,0.1816862804959054,worker1,worker1,worker1,0,0.3744926452636719,0.0,0.0
model_0,1437,1,0.3135702610015869,7,7,1,0,0.9010404348373413,0.2299199104309082,0.08365035057067871,0.2667674871446287,worker1,worker1,worker1,0,0.2299199104309082,0.0,0.0
model_0,1438,1,0.45372653007507324,6,6,1,1,0.9748654365539551,0.36861467361450195,0.08511185646057129,0.18758404197014608,worker1,worker1,worker1,0,0.36861467361450195,0.0,0.0
model_0,1439,1,0.4606778621673584,3,4,0,1,0.7884922027587891,0.37267184257507324,0.08800601959228516,0.19103592080210202,worker1,worker1,worker1,0,0.37267184257507324,0.0,0.0
model_0,1440,1,0.305300235748291,3,3,1,0,0.9219467043876648,0.22175002098083496,0.08355021476745605,0.2736657394406344,worker1,worker1,worker1,0,0.22175002098083496,0.0,0.0
model_0,1441,1,0.3031456470489502,3,4,0,0,0.5522475242614746,0.2198183536529541,0.0833272933959961,0.2748754409214422,worker1,worker1,worker1,0,0.2198183536529541,0.0,0.0
model_0,1442,1,0.455092191696167,6,6,1,1,0.9348567724227905,0.3711845874786377,0.0839076042175293,0.18437495907103696,worker1,worker1,worker1,0,0.3711845874786377,0.0,0.0
model_0,1443,1,0.3191225528717041,3,3,1,0,0.9548478722572327,0.23281192779541016,0.08631062507629395,0.2704623170615997,worker1,worker1,worker1,0,0.23281192779541016,0.0,0.0
model_0,1444,1,0.3481278419494629,8,8,1,0,0.8579279780387878,0.22906231880187988,0.11906552314758301,0.3420166639957155,worker1,worker1,worker1,0,0.22906231880187988,0.0,0.0
model_0,1445,1,1.4335646629333496,0,0,1,3,0.7398521304130554,1.2432787418365479,0.19028592109680176,0.1327361967108202,worker1->worker2->worker3,worker1,worker3,0,0.3771820068359375,0.5693013668060303,0.2967953681945801
model_0,1446,1,0.30907487869262695,3,3,1,0,0.9102815985679626,0.22383570671081543,0.08523917198181152,0.27578809491851763,worker1,worker1,worker1,0,0.22383570671081543,0.0,0.0
model_0,1447,1,0.45922136306762695,0,0,1,1,0.991105854511261,0.37450456619262695,0.084716796875,0.1844792156642857,worker1,worker1,worker1,0,0.37450456619262695,0.0,0.0
model_0,1448,1,0.30739593505859375,4,4,1,0,0.9958904981613159,0.22397089004516602,0.08342504501342773,0.2713928048447544,worker1,worker1,worker1,0,0.22397089004516602,0.0,0.0
model_0,1449,1,0.4539668560028076,5,5,1,1,0.9572684168815613,0.37007665634155273,0.08389019966125488,0.1847936662158791,worker1,worker1,worker1,0,0.37007665634155273,0.0,0.0
model_0,1450,1,0.30790042877197266,4,4,1,0,0.9602352976799011,0.2209315299987793,0.08696889877319336,0.2824578683441895,worker1,worker1,worker1,0,0.2209315299987793,0.0,0.0
model_0,1451,1,0.306870698928833,8,8,1,0,0.9877324104309082,0.22140908241271973,0.08546161651611328,0.27849389601036123,worker1,worker1,worker1,0,0.22140908241271973,0.0,0.0
model_0,1452,1,0.4536757469177246,1,1,1,1,0.9920920133590698,0.3705008029937744,0.0831749439239502,0.18333566316701125,worker1,worker1,worker1,0,0.3705008029937744,0.0,0.0
model_0,1453,1,0.3108022212982178,0,0,1,0,0.9282006621360779,0.22497224807739258,0.0858299732208252,0.27615624129812927,worker1,worker1,worker1,0,0.22497224807739258,0.0,0.0
model_0,1454,1,0.31156206130981445,9,9,1,0,0.9943331480026245,0.2241196632385254,0.08744239807128906,0.2806580419441286,worker1,worker1,worker1,0,0.2241196632385254,0.0,0.0
model_0,1455,1,0.3030729293823242,1,1,1,0,0.6670799255371094,0.22012853622436523,0.08294439315795898,0.27367799996853315,worker1,worker1,worker1,0,0.22012853622436523,0.0,0.0
model_0,1456,1,0.30777859687805176,3,3,1,0,0.9373408555984497,0.22412753105163574,0.08365106582641602,0.2717897432600237,worker1,worker1,worker1,0,0.22412753105163574,0.0,0.0
model_0,1457,1,0.3070340156555176,8,8,1,0,0.701592206954956,0.2240893840789795,0.08294463157653809,0.27014802056850706,worker1,worker1,worker1,0,0.2240893840789795,0.0,0.0
model_0,1458,1,1.4457671642303467,4,4,1,3,0.37212952971458435,1.2078242301940918,0.23794293403625488,0.16457901377427095,worker1->worker2->worker3,worker1,worker3,0,0.3694734573364258,0.5647962093353271,0.27355456352233887
model_0,1459,1,1.046248435974121,0,8,0,2,0.7577294707298279,0.8941140174865723,0.15213441848754883,0.14540945845802142,worker1->worker2,worker1,worker2,0,0.37440919876098633,0.5197048187255859,0.0
model_0,1460,1,0.3083984851837158,3,3,1,0,0.8793078064918518,0.22300100326538086,0.08539748191833496,0.2769062950081058,worker1,worker1,worker1,0,0.22300100326538086,0.0,0.0
model_0,1461,1,0.30553293228149414,7,7,1,0,0.9747447967529297,0.21874094009399414,0.0867919921875,0.2840675521928243,worker1,worker1,worker1,0,0.21874094009399414,0.0,0.0
model_0,1462,1,1.3349394798278809,6,6,1,3,0.5902990102767944,1.1368417739868164,0.19809770584106445,0.1483945218749587,worker1->worker2->worker3,worker1,worker3,0,0.37539052963256836,0.5144412517547607,0.2470099925994873
model_0,1463,1,0.30727505683898926,4,3,0,0,0.9868161082267761,0.22219181060791016,0.0850832462310791,0.2768960393542856,worker1,worker1,worker1,0,0.22219181060791016,0.0,0.0
model_0,1464,1,1.1613202095031738,1,1,1,2,0.9916302561759949,0.9269571304321289,0.23436307907104492,0.20180745771341407,worker1->worker2,worker1,worker2,0,0.39859461784362793,0.528362512588501,0.0
model_0,1465,1,0.30902600288391113,4,4,1,0,0.9390154480934143,0.22298526763916016,0.08604073524475098,0.27842555138336716,worker1,worker1,worker1,0,0.22298526763916016,0.0,0.0
model_0,1466,1,0.45755553245544434,2,2,1,1,0.7419344782829285,0.37086987495422363,0.0866856575012207,0.18945385063104214,worker1,worker1,worker1,0,0.37086987495422363,0.0,0.0
model_0,1467,1,0.3037445545196533,4,6,0,0,0.9113160967826843,0.21970558166503906,0.08403897285461426,0.27667647569028814,worker1,worker1,worker1,0,0.21970558166503906,0.0,0.0
model_0,1468,1,0.3161029815673828,6,6,1,0,0.9486963152885437,0.21979498863220215,0.09630799293518066,0.30467283939443307,worker1,worker1,worker1,0,0.21979498863220215,0.0,0.0
model_0,1469,1,0.3741891384124756,9,9,1,0,0.9951750040054321,0.222703218460083,0.15148591995239258,0.40483783306774357,worker1,worker1,worker1,0,0.222703218460083,0.0,0.0
model_0,1470,1,0.3109147548675537,3,3,1,0,0.9920796751976013,0.22047948837280273,0.09043526649475098,0.29086836529606136,worker1,worker1,worker1,0,0.22047948837280273,0.0,0.0
model_0,1471,1,0.30887317657470703,7,7,1,0,0.92798912525177,0.2200617790222168,0.08881139755249023,0.2875335389669535,worker1,worker1,worker1,0,0.2200617790222168,0.0,0.0
model_0,1472,1,0.3283400535583496,2,2,1,0,0.8459604382514954,0.22130131721496582,0.10703873634338379,0.32599963112438807,worker1,worker1,worker1,0,0.22130131721496582,0.0,0.0
model_0,1473,1,0.3423888683319092,9,9,1,0,0.9995161294937134,0.22317719459533691,0.11921167373657227,0.3481762544365472,worker1,worker1,worker1,0,0.22317719459533691,0.0,0.0
model_0,1474,1,0.34702587127685547,4,4,1,0,0.8944093585014343,0.22234439849853516,0.12468147277832031,0.3592858143963856,worker1,worker1,worker1,0,0.22234439849853516,0.0,0.0
model_0,1475,1,0.3094663619995117,8,8,1,0,0.9883121848106384,0.21996474266052246,0.08950161933898926,0.28921275566334564,worker1,worker1,worker1,0,0.21996474266052246,0.0,0.0
model_0,1476,1,0.45895981788635254,9,9,1,1,0.9993718266487122,0.3726785182952881,0.08628129959106445,0.18799314499560263,worker1,worker1,worker1,0,0.3726785182952881,0.0,0.0
model_0,1477,1,0.4549539089202881,0,0,1,1,0.9949107766151428,0.3715393543243408,0.08341455459594727,0.18334726432818105,worker1,worker1,worker1,0,0.3715393543243408,0.0,0.0
model_0,1478,1,1.0876860618591309,8,8,1,2,0.7836071252822876,0.942368745803833,0.14531731605529785,0.13360226001877212,worker1->worker2,worker1,worker2,0,0.37310361862182617,0.5692651271820068,0.0
model_0,1479,1,0.30843019485473633,4,4,1,0,0.8810017704963684,0.22307324409484863,0.0853569507598877,0.2767464151818498,worker1,worker1,worker1,0,0.22307324409484863,0.0,0.0
model_0,1480,1,0.4568026065826416,4,4,1,1,0.9982795715332031,0.37235355377197266,0.08444905281066895,0.18486990133973985,worker1,worker1,worker1,0,0.37235355377197266,0.0,0.0
model_0,1481,1,0.30326366424560547,7,7,1,0,0.9145690202713013,0.2182621955871582,0.08500146865844727,0.28028899825468956,worker1,worker1,worker1,0,0.2182621955871582,0.0,0.0
model_0,1482,1,0.36261630058288574,9,9,1,0,0.9632481336593628,0.2205369472503662,0.14207935333251953,0.39181733723534984,worker1,worker1,worker1,0,0.2205369472503662,0.0,0.0
model_0,1483,1,0.5131568908691406,4,3,0,1,0.9067680239677429,0.37044644355773926,0.14271044731140137,0.27810295418559183,worker1,worker1,worker1,0,0.37044644355773926,0.0,0.0
model_0,1484,1,0.30155158042907715,4,4,1,0,0.8711128830909729,0.21976780891418457,0.08178377151489258,0.2712098918484281,worker1,worker1,worker1,0,0.21976780891418457,0.0,0.0
model_0,1485,1,0.30812501907348633,6,4,0,0,0.501530647277832,0.22313618659973145,0.08498883247375488,0.27582580839852366,worker1,worker1,worker1,0,0.22313618659973145,0.0,0.0
model_0,1486,1,0.30953049659729004,1,1,1,0,0.9742246270179749,0.2176363468170166,0.09189414978027344,0.2968823776347664,worker1,worker1,worker1,0,0.2176363468170166,0.0,0.0
model_0,1487,1,0.30039215087890625,3,3,1,0,0.8464149832725525,0.2183389663696289,0.08205318450927734,0.27315355700607014,worker1,worker1,worker1,0,0.2183389663696289,0.0,0.0
model_0,1488,1,0.3105180263519287,0,0,1,0,0.9596962332725525,0.2172238826751709,0.09329414367675781,0.3004467881391915,worker1,worker1,worker1,0,0.2172238826751709,0.0,0.0
model_0,1489,1,0.45392823219299316,4,4,1,1,0.9918091893196106,0.37043118476867676,0.0834970474243164,0.18394327892083304,worker1,worker1,worker1,0,0.37043118476867676,0.0,0.0
model_0,1490,1,0.459545373916626,5,5,1,1,0.8297090530395508,0.3760795593261719,0.0834658145904541,0.18162692810742356,worker1,worker1,worker1,0,0.3760795593261719,0.0,0.0
model_0,1491,1,0.3065497875213623,4,4,1,0,0.9764378666877747,0.21935725212097168,0.08719253540039062,0.28443188985839535,worker1,worker1,worker1,0,0.21935725212097168,0.0,0.0
model_0,1492,1,0.4762096405029297,6,6,1,1,0.970943033695221,0.38437986373901367,0.09182977676391602,0.1928347705580544,worker1,worker1,worker1,0,0.38437986373901367,0.0,0.0
model_0,1493,1,0.30494093894958496,0,2,0,0,0.6409749984741211,0.2184908390045166,0.08645009994506836,0.28349784795330785,worker1,worker1,worker1,0,0.2184908390045166,0.0,0.0
model_0,1494,1,0.32575178146362305,5,5,1,0,0.9260388612747192,0.23042798042297363,0.09532380104064941,0.2926271058667849,worker1,worker1,worker1,0,0.23042798042297363,0.0,0.0
model_0,1495,1,0.47322726249694824,2,2,1,1,0.7897786498069763,0.37538957595825195,0.09783768653869629,0.20674566808020117,worker1,worker1,worker1,0,0.37538957595825195,0.0,0.0
model_0,1496,1,0.3129301071166992,5,5,1,0,0.825029730796814,0.21871376037597656,0.09421634674072266,0.3010779231465482,worker1,worker1,worker1,0,0.21871376037597656,0.0,0.0
model_0,1497,1,0.31399035453796387,8,8,1,0,0.6806535720825195,0.2305285930633545,0.08346176147460938,0.2658099532943398,worker1,worker1,worker1,0,0.2305285930633545,0.0,0.0
model_0,1498,1,0.3132643699645996,9,9,1,0,0.6765958666801453,0.2252178192138672,0.08804655075073242,0.28106149052534163,worker1,worker1,worker1,0,0.2252178192138672,0.0,0.0
model_0,1499,1,0.30529046058654785,3,6,0,0,0.6956905722618103,0.22386670112609863,0.08142375946044922,0.26670915070196277,worker1,worker1,worker1,0,0.22386670112609863,0.0,0.0
model_0,1500,1,0.31531476974487305,3,5,0,0,0.9598641395568848,0.22906947135925293,0.08624529838562012,0.27352127670835963,worker1,worker1,worker1,0,0.22906947135925293,0.0,0.0
model_0,1501,1,0.46140146255493164,6,6,1,1,0.7819671630859375,0.37775588035583496,0.08364558219909668,0.1812859060652378,worker1,worker1,worker1,0,0.37775588035583496,0.0,0.0
model_0,1502,1,0.3090994358062744,3,3,1,0,0.8221091628074646,0.21997737884521484,0.08912205696105957,0.28832811269482905,worker1,worker1,worker1,0,0.21997737884521484,0.0,0.0
model_0,1503,1,1.4835731983184814,3,3,1,3,0.4474084675312042,1.2713658809661865,0.21220731735229492,0.14303798261711384,worker1->worker2->worker3,worker1,worker3,0,0.37328195571899414,0.5886225700378418,0.3094613552093506
model_0,1504,1,0.45487308502197266,4,4,1,1,0.9837987422943115,0.36948537826538086,0.0853877067565918,0.18771765041333924,worker1,worker1,worker1,0,0.36948537826538086,0.0,0.0
model_0,1505,1,0.3046739101409912,7,7,1,0,0.8858051300048828,0.2194983959197998,0.0851755142211914,0.2795628748840867,worker1,worker1,worker1,0,0.2194983959197998,0.0,0.0
model_0,1506,1,0.3232271671295166,4,7,0,0,0.7506201267242432,0.22658038139343262,0.09664678573608398,0.2990057630191641,worker1,worker1,worker1,0,0.22658038139343262,0.0,0.0
model_0,1507,1,1.3985950946807861,6,6,1,3,0.6331864595413208,1.145416021347046,0.25317907333374023,0.18102385336302468,worker1->worker2->worker3,worker1,worker3,0,0.3750944137573242,0.5559823513031006,0.2143392562866211
model_0,1508,1,0.3083643913269043,4,4,1,0,0.9951469302177429,0.2232823371887207,0.0850820541381836,0.2759140047658295,worker1,worker1,worker1,0,0.2232823371887207,0.0,0.0
model_0,1509,1,0.456545352935791,6,6,1,1,0.8111456632614136,0.3725776672363281,0.08396768569946289,0.18391970295943894,worker1,worker1,worker1,0,0.3725776672363281,0.0,0.0
model_0,1510,1,0.45255470275878906,6,6,1,1,0.9942955374717712,0.36823368072509766,0.0843210220336914,0.18632227556065056,worker1,worker1,worker1,0,0.36823368072509766,0.0,0.0
model_0,1511,1,0.30213284492492676,9,8,0,0,0.9676007628440857,0.21823668479919434,0.08389616012573242,0.27767970789994295,worker1,worker1,worker1,0,0.21823668479919434,0.0,0.0
model_0,1512,1,0.3765883445739746,3,2,0,0,0.7946435213088989,0.22535991668701172,0.1512284278869629,0.401574902850602,worker1,worker1,worker1,0,0.22535991668701172,0.0,0.0
model_0,1513,1,0.45791006088256836,7,7,1,1,0.8611875772476196,0.3722813129425049,0.08562874794006348,0.18699905342770592,worker1,worker1,worker1,0,0.3722813129425049,0.0,0.0
model_0,1514,1,0.45662546157836914,4,7,0,1,0.7183252573013306,0.371504545211792,0.08512091636657715,0.18641298729236133,worker1,worker1,worker1,0,0.371504545211792,0.0,0.0
model_0,1515,1,0.30325913429260254,5,5,1,0,0.9982000589370728,0.2177276611328125,0.08553147315979004,0.28204088018421947,worker1,worker1,worker1,0,0.2177276611328125,0.0,0.0
model_0,1516,1,0.3349595069885254,8,8,1,0,0.9882060885429382,0.22304463386535645,0.11191487312316895,0.3341146341220367,worker1,worker1,worker1,0,0.22304463386535645,0.0,0.0
model_0,1517,1,0.31107449531555176,9,1,0,0,0.8855174779891968,0.22233963012695312,0.08873486518859863,0.2852527819697549,worker1,worker1,worker1,0,0.22233963012695312,0.0,0.0
model_0,1518,1,0.37334609031677246,9,1,0,0,0.983329176902771,0.22248077392578125,0.1508653163909912,0.40408971810307887,worker1,worker1,worker1,0,0.22248077392578125,0.0,0.0
model_0,1519,1,0.30965709686279297,6,6,1,0,0.8735198974609375,0.2224104404449463,0.08724665641784668,0.28175248460882235,worker1,worker1,worker1,0,0.2224104404449463,0.0,0.0
model_0,1520,1,1.045905351638794,0,0,1,2,0.7523645162582397,0.8981294631958008,0.14777588844299316,0.14128992476369692,worker1->worker2,worker1,worker2,0,0.37195396423339844,0.5261754989624023,0.0
model_0,1521,1,0.3124735355377197,9,9,1,0,0.981691837310791,0.22739505767822266,0.08507847785949707,0.27227418703823947,worker1,worker1,worker1,0,0.22739505767822266,0.0,0.0
model_0,1522,1,0.3102858066558838,8,3,0,0,0.9723672270774841,0.22657155990600586,0.08371424674987793,0.2697972158382337,worker1,worker1,worker1,0,0.22657155990600586,0.0,0.0
model_0,1523,1,1.5148639678955078,3,3,1,3,0.5955067276954651,1.2962257862091064,0.21863818168640137,0.14432859076458182,worker1->worker2->worker3,worker1,worker3,0,0.3837618827819824,0.6470773220062256,0.26538658142089844
model_0,1524,1,0.45561695098876953,2,2,1,1,0.9639262557029724,0.3714022636413574,0.08421468734741211,0.18483659829743235,worker1,worker1,worker1,0,0.3714022636413574,0.0,0.0
model_0,1525,1,0.3042480945587158,8,8,1,0,0.7829909324645996,0.22063779830932617,0.08361029624938965,0.2748095969858374,worker1,worker1,worker1,0,0.22063779830932617,0.0,0.0
model_0,1526,1,0.4589345455169678,4,4,1,1,0.9294971823692322,0.37572264671325684,0.08321189880371094,0.18131539588064072,worker1,worker1,worker1,0,0.37572264671325684,0.0,0.0
model_0,1527,1,0.4573349952697754,5,5,1,1,0.9910962581634521,0.3733682632446289,0.08396673202514648,0.1836000588050685,worker1,worker1,worker1,0,0.3733682632446289,0.0,0.0
model_0,1528,1,0.306835412979126,9,9,1,0,0.7795588970184326,0.22137451171875,0.08546090126037598,0.2785235916239886,worker1,worker1,worker1,0,0.22137451171875,0.0,0.0
model_0,1529,1,0.4601283073425293,2,2,1,1,0.8970164656639099,0.3760693073272705,0.08405900001525879,0.18268600013057548,worker1,worker1,worker1,0,0.3760693073272705,0.0,0.0
model_0,1530,1,0.3093292713165283,8,8,1,0,0.9979872703552246,0.22159218788146973,0.0877370834350586,0.2836365374076726,worker1,worker1,worker1,0,0.22159218788146973,0.0,0.0
model_0,1531,1,0.32149553298950195,9,9,1,0,0.9436226487159729,0.22909808158874512,0.09239745140075684,0.2873988653639364,worker1,worker1,worker1,0,0.22909808158874512,0.0,0.0
model_0,1532,1,0.30771565437316895,1,1,1,0,0.9301149249076843,0.22494244575500488,0.08277320861816406,0.26899251774101945,worker1,worker1,worker1,0,0.22494244575500488,0.0,0.0
model_0,1533,1,0.3158879280090332,2,2,1,0,0.800162672996521,0.2265632152557373,0.0893247127532959,0.28277342953967377,worker1,worker1,worker1,0,0.2265632152557373,0.0,0.0
model_0,1534,1,0.3130781650543213,7,7,1,0,0.9041650295257568,0.23027276992797852,0.08280539512634277,0.2644879278373675,worker1,worker1,worker1,0,0.23027276992797852,0.0,0.0
model_0,1535,1,0.31715917587280273,0,0,1,0,0.953930675983429,0.22427058219909668,0.09288859367370605,0.29287689192053895,worker1,worker1,worker1,0,0.22427058219909668,0.0,0.0
model_0,1536,1,0.4645206928253174,6,6,1,1,0.8830375075340271,0.38154172897338867,0.08297896385192871,0.17863351435913938,worker1,worker1,worker1,0,0.38154172897338867,0.0,0.0
model_0,1537,1,0.4888763427734375,2,2,1,1,0.9881794452667236,0.37131714820861816,0.11755919456481934,0.24046815989887324,worker1,worker1,worker1,0,0.37131714820861816,0.0,0.0
model_0,1538,1,0.30371665954589844,1,1,1,0,0.9994903802871704,0.2206742763519287,0.08304238319396973,0.2734205733664081,worker1,worker1,worker1,0,0.2206742763519287,0.0,0.0
model_0,1539,1,0.3152430057525635,9,9,1,0,0.8359873294830322,0.22806239128112793,0.08718061447143555,0.27655051144850534,worker1,worker1,worker1,0,0.22806239128112793,0.0,0.0
model_0,1540,1,0.31273388862609863,2,2,1,0,0.8361095786094666,0.22839593887329102,0.08433794975280762,0.2696795992379361,worker1,worker1,worker1,0,0.22839593887329102,0.0,0.0
model_0,1541,1,0.31473445892333984,1,1,1,0,0.6738256216049194,0.22917556762695312,0.08555889129638672,0.27184468961254216,worker1,worker1,worker1,0,0.22917556762695312,0.0,0.0
model_0,1542,1,0.4684722423553467,1,1,1,1,0.9734004139900208,0.37896299362182617,0.08950924873352051,0.1910662802207729,worker1,worker1,worker1,0,0.37896299362182617,0.0,0.0
model_0,1543,1,0.30821824073791504,7,7,1,0,0.9493915438652039,0.22314691543579102,0.08507132530212402,0.2760100281490546,worker1,worker1,worker1,0,0.22314691543579102,0.0,0.0
model_0,1544,1,0.31302976608276367,8,8,1,0,0.9975862503051758,0.22785592079162598,0.0851738452911377,0.27209503542426094,worker1,worker1,worker1,0,0.22785592079162598,0.0,0.0
model_0,1545,1,1.4915509223937988,1,1,1,3,0.6098158955574036,1.287325382232666,0.2042255401611328,0.13692160092889757,worker1->worker2->worker3,worker1,worker3,0,0.37314844131469727,0.6766395568847656,0.23753738403320312
model_0,1546,1,0.45979857444763184,9,9,1,1,0.8232402205467224,0.37139391899108887,0.08840465545654297,0.19226822432571875,worker1,worker1,worker1,0,0.37139391899108887,0.0,0.0
model_0,1547,1,0.3055441379547119,8,8,1,0,0.9988381266593933,0.22128534317016602,0.0842587947845459,0.27576636013561756,worker1,worker1,worker1,0,0.22128534317016602,0.0,0.0
model_0,1548,1,1.1102511882781982,2,7,0,2,0.7041317820549011,0.9485428333282471,0.16170835494995117,0.1456502426272851,worker1->worker2,worker1,worker2,0,0.3756263256072998,0.5729165077209473,0.0
model_0,1549,1,0.3082127571105957,5,5,1,0,0.8432302474975586,0.2234046459197998,0.0848081111907959,0.27516093748307857,worker1,worker1,worker1,0,0.2234046459197998,0.0,0.0
model_0,1550,1,0.31346940994262695,1,1,1,0,0.5825769901275635,0.2269759178161621,0.08649349212646484,0.2759232300921975,worker1,worker1,worker1,0,0.2269759178161621,0.0,0.0
model_0,1551,1,0.3101472854614258,6,6,1,0,0.8819801807403564,0.22508716583251953,0.08506011962890625,0.27425717914105524,worker1,worker1,worker1,0,0.22508716583251953,0.0,0.0
model_0,1552,1,0.4861752986907959,5,5,1,1,0.9989262223243713,0.37476253509521484,0.11141276359558105,0.22916171162048032,worker1,worker1,worker1,0,0.37476253509521484,0.0,0.0
model_0,1553,1,0.4904515743255615,9,9,1,1,0.9986901879310608,0.400890588760376,0.08956098556518555,0.1826092324983241,worker1,worker1,worker1,0,0.400890588760376,0.0,0.0
model_0,1554,1,0.36957430839538574,4,7,0,0,0.761091411113739,0.21898436546325684,0.1505899429321289,0.40746864571284436,worker1,worker1,worker1,0,0.21898436546325684,0.0,0.0
model_0,1555,1,0.31205272674560547,6,6,1,0,0.8582701683044434,0.22797012329101562,0.08408260345458984,0.2694499879282787,worker1,worker1,worker1,0,0.22797012329101562,0.0,0.0
model_0,1556,1,0.3122217655181885,8,8,1,0,0.8872750401496887,0.2254025936126709,0.08681917190551758,0.278068928863513,worker1,worker1,worker1,0,0.2254025936126709,0.0,0.0
model_0,1557,1,0.31345200538635254,7,7,1,0,0.7392169833183289,0.22959208488464355,0.08385992050170898,0.26753671713902577,worker1,worker1,worker1,0,0.22959208488464355,0.0,0.0
model_0,1558,1,0.30721616744995117,3,3,1,0,0.7947140336036682,0.22373390197753906,0.08348226547241211,0.27173786511744136,worker1,worker1,worker1,0,0.22373390197753906,0.0,0.0
model_0,1559,1,0.3503999710083008,9,9,1,0,0.9711151123046875,0.2254025936126709,0.12499737739562988,0.35672770473108506,worker1,worker1,worker1,0,0.2254025936126709,0.0,0.0
model_0,1560,1,0.3553433418273926,5,5,1,0,0.9746940732002258,0.22955322265625,0.12579011917114258,0.35399599307040036,worker1,worker1,worker1,0,0.22955322265625,0.0,0.0
model_0,1561,1,0.4575190544128418,4,2,0,1,0.8221496939659119,0.3736543655395508,0.08386468887329102,0.18330316095997132,worker1,worker1,worker1,0,0.3736543655395508,0.0,0.0
model_0,1562,1,1.4523425102233887,2,2,1,3,0.696397602558136,1.2570443153381348,0.1952981948852539,0.13447116882588156,worker1->worker2->worker3,worker1,worker3,0,0.37027835845947266,0.6200125217437744,0.2667534351348877
model_0,1563,1,0.30800437927246094,4,4,1,0,0.88558429479599,0.22295689582824707,0.08504748344421387,0.2761242669507007,worker1,worker1,worker1,0,0.22295689582824707,0.0,0.0
model_0,1564,1,0.3478400707244873,6,6,1,0,0.8064693808555603,0.22636151313781738,0.12147855758666992,0.3492368125778387,worker1,worker1,worker1,0,0.22636151313781738,0.0,0.0
model_0,1565,1,0.33590245246887207,3,3,1,0,0.7532058358192444,0.22548913955688477,0.1104133129119873,0.32870648040957445,worker1,worker1,worker1,0,0.22548913955688477,0.0,0.0
model_0,1566,1,0.5298852920532227,7,7,1,1,0.9435728788375854,0.3785438537597656,0.15134143829345703,0.2856116985376828,worker1,worker1,worker1,0,0.3785438537597656,0.0,0.0
model_0,1567,1,0.3042294979095459,4,4,1,0,0.9638373255729675,0.22069072723388672,0.08353877067565918,0.2745912912774063,worker1,worker1,worker1,0,0.22069072723388672,0.0,0.0
model_0,1568,1,0.3154714107513428,2,2,1,0,0.9357647895812988,0.2319350242614746,0.08353638648986816,0.26479859550795315,worker1,worker1,worker1,0,0.2319350242614746,0.0,0.0
model_0,1569,1,1.137669324874878,7,7,1,2,0.954889178276062,0.9642038345336914,0.17346549034118652,0.152474437473529,worker1->worker2,worker1,worker2,0,0.3772273063659668,0.5869765281677246,0.0
model_0,1570,1,0.3111104965209961,6,6,1,0,0.99854975938797,0.22535014152526855,0.08576035499572754,0.2756588284700956,worker1,worker1,worker1,0,0.22535014152526855,0.0,0.0
model_0,1571,1,0.46114563941955566,3,3,1,1,0.8805997371673584,0.377152681350708,0.08399295806884766,0.18213976429348797,worker1,worker1,worker1,0,0.377152681350708,0.0,0.0
model_0,1572,1,0.4641730785369873,7,7,1,1,0.9713873863220215,0.37275218963623047,0.09142088890075684,0.19695431107056768,worker1,worker1,worker1,0,0.37275218963623047,0.0,0.0
model_0,1573,1,0.5001661777496338,4,7,0,1,0.6786110997200012,0.3708374500274658,0.12932872772216797,0.2585715177784483,worker1,worker1,worker1,0,0.3708374500274658,0.0,0.0
model_0,1574,1,0.3100571632385254,1,1,1,0,0.9446596503257751,0.22489118576049805,0.08516597747802734,0.2746783096009609,worker1,worker1,worker1,0,0.22489118576049805,0.0,0.0
model_0,1575,1,0.3073101043701172,8,8,1,0,0.9762260317802429,0.22494816780090332,0.08236193656921387,0.26800920437688913,worker1,worker1,worker1,0,0.22494816780090332,0.0,0.0
model_0,1576,1,0.4644815921783447,7,7,1,1,0.9554250240325928,0.37747764587402344,0.08700394630432129,0.187314089017579,worker1,worker1,worker1,0,0.37747764587402344,0.0,0.0
model_0,1577,1,0.45937681198120117,3,3,1,1,0.980543315410614,0.3743734359741211,0.08500337600708008,0.1850406328531851,worker1,worker1,worker1,0,0.3743734359741211,0.0,0.0
model_0,1578,1,0.3089101314544678,6,0,0,0,0.8506269454956055,0.22060942649841309,0.08830070495605469,0.28584593370343986,worker1,worker1,worker1,0,0.22060942649841309,0.0,0.0
model_0,1579,1,1.0964632034301758,0,9,0,2,0.7295401096343994,0.9398946762084961,0.1565685272216797,0.14279414642631932,worker1->worker2,worker1,worker2,0,0.3749094009399414,0.5649852752685547,0.0
model_0,1580,1,0.32335686683654785,0,0,1,0,0.8544808030128479,0.23693013191223145,0.0864267349243164,0.2672797264825177,worker1,worker1,worker1,0,0.23693013191223145,0.0,0.0
model_0,1581,1,0.36127257347106934,4,6,0,0,0.5458435416221619,0.2258596420288086,0.13541293144226074,0.37482206341108976,worker1,worker1,worker1,0,0.2258596420288086,0.0,0.0
model_0,1582,1,0.33349609375,9,9,1,0,0.7614892721176147,0.2252497673034668,0.1082463264465332,0.3245804927708638,worker1,worker1,worker1,0,0.2252497673034668,0.0,0.0
model_0,1583,1,0.513324499130249,2,5,0,1,0.7453861236572266,0.37990427017211914,0.13342022895812988,0.25991400991807395,worker1,worker1,worker1,0,0.37990427017211914,0.0,0.0
model_0,1584,1,1.087688684463501,2,2,1,2,0.9063051342964172,0.9385449886322021,0.14914369583129883,0.13711983765360536,worker1->worker2,worker1,worker2,0,0.37203359603881836,0.5665113925933838,0.0
model_0,1585,1,0.30608439445495605,5,5,1,0,0.7521154284477234,0.22088193893432617,0.08520245552062988,0.27836262502813885,worker1,worker1,worker1,0,0.22088193893432617,0.0,0.0
model_0,1586,1,0.31557703018188477,3,4,0,0,0.7980620861053467,0.2278730869293213,0.08770394325256348,0.27791611829927787,worker1,worker1,worker1,0,0.2278730869293213,0.0,0.0
model_0,1587,1,0.4582972526550293,8,8,1,1,0.649177610874176,0.3747289180755615,0.08356833457946777,0.18234526629897027,worker1,worker1,worker1,0,0.3747289180755615,0.0,0.0
model_0,1588,1,0.30492281913757324,8,8,1,0,0.9690528512001038,0.2208878993988037,0.08403491973876953,0.27559406664430436,worker1,worker1,worker1,0,0.2208878993988037,0.0,0.0
model_0,1589,1,0.4642157554626465,9,9,1,1,0.977421760559082,0.38087916374206543,0.08333659172058105,0.17952124791095506,worker1,worker1,worker1,0,0.38087916374206543,0.0,0.0
model_0,1590,1,0.3113827705383301,0,0,1,0,0.9047738313674927,0.2265923023223877,0.08479046821594238,0.27230301814501,worker1,worker1,worker1,0,0.2265923023223877,0.0,0.0
model_0,1591,1,0.3083829879760742,8,8,1,0,0.9685156941413879,0.22588086128234863,0.08250212669372559,0.26753138114131797,worker1,worker1,worker1,0,0.22588086128234863,0.0,0.0
model_0,1592,1,0.4613933563232422,0,8,0,1,0.9529512524604797,0.37697839736938477,0.08441495895385742,0.18295659830593256,worker1,worker1,worker1,0,0.37697839736938477,0.0,0.0
model_0,1593,1,0.4706878662109375,5,5,1,1,0.9973293542861938,0.37967705726623535,0.09101080894470215,0.1933570322883911,worker1,worker1,worker1,0,0.37967705726623535,0.0,0.0
model_0,1594,1,0.30674004554748535,1,1,1,0,0.7194088697433472,0.2224719524383545,0.08426809310913086,0.2747215250578869,worker1,worker1,worker1,0,0.2224719524383545,0.0,0.0
model_0,1595,1,0.3188934326171875,7,5,0,0,0.6821193099021912,0.23391079902648926,0.08498263359069824,0.2664922663763816,worker1,worker1,worker1,0,0.23391079902648926,0.0,0.0
model_0,1596,1,0.31027770042419434,4,4,1,0,0.9901092052459717,0.22363924980163574,0.0866384506225586,0.27922873768920986,worker1,worker1,worker1,0,0.22363924980163574,0.0,0.0
model_0,1597,1,0.3205301761627197,8,8,1,0,0.9916390776634216,0.22953009605407715,0.09100008010864258,0.2839048765955991,worker1,worker1,worker1,0,0.22953009605407715,0.0,0.0
model_0,1598,1,0.30980348587036133,7,7,1,0,0.7314134836196899,0.22529172897338867,0.08451175689697266,0.27279149767971617,worker1,worker1,worker1,0,0.22529172897338867,0.0,0.0
model_0,1599,1,0.31806397438049316,7,7,1,0,0.7312657237052917,0.227569580078125,0.09049439430236816,0.2845163287625641,worker1,worker1,worker1,0,0.227569580078125,0.0,0.0
model_0,1600,1,0.3193645477294922,6,6,1,0,0.9695591330528259,0.22329378128051758,0.09607076644897461,0.30081850703838414,worker1,worker1,worker1,0,0.22329378128051758,0.0,0.0
model_0,1601,1,0.3089282512664795,7,7,1,0,0.8723247647285461,0.22437310218811035,0.08455514907836914,0.2737048124660908,worker1,worker1,worker1,0,0.22437310218811035,0.0,0.0
model_0,1602,1,1.147265911102295,8,8,1,2,0.7897205948829651,0.9953634738922119,0.151902437210083,0.13240386185983238,worker1->worker2,worker1,worker2,0,0.375777006149292,0.6195864677429199,0.0
model_0,1603,1,0.3070659637451172,4,4,1,0,0.9351134300231934,0.22216582298278809,0.0849001407623291,0.2764882819536496,worker1,worker1,worker1,0,0.22216582298278809,0.0,0.0
model_0,1604,1,0.5165002346038818,6,6,1,1,0.5470981597900391,0.3731496334075928,0.14335060119628906,0.27754218022036053,worker1,worker1,worker1,0,0.3731496334075928,0.0,0.0
model_0,1605,1,0.31020498275756836,8,8,1,0,0.8807599544525146,0.2263343334197998,0.08387064933776855,0.27037170258259585,worker1,worker1,worker1,0,0.2263343334197998,0.0,0.0
model_0,1606,1,0.4639909267425537,4,4,1,1,0.9659236073493958,0.38172221183776855,0.08226871490478516,0.17730673201381827,worker1,worker1,worker1,0,0.38172221183776855,0.0,0.0
model_0,1607,1,0.3124048709869385,3,5,0,0,0.8335195183753967,0.22424745559692383,0.08815741539001465,0.28218963139566566,worker1,worker1,worker1,0,0.22424745559692383,0.0,0.0
model_0,1608,1,0.4672539234161377,6,6,1,1,0.680578351020813,0.38381338119506836,0.08344054222106934,0.17857644000295947,worker1,worker1,worker1,0,0.38381338119506836,0.0,0.0
model_0,1609,1,0.4574849605560303,3,7,0,1,0.577690839767456,0.3708317279815674,0.08665323257446289,0.18941219940682635,worker1,worker1,worker1,0,0.3708317279815674,0.0,0.0
model_0,1610,1,0.3161289691925049,9,9,1,0,0.4742256700992584,0.219865083694458,0.09626388549804688,0.30450826997581343,worker1,worker1,worker1,0,0.219865083694458,0.0,0.0
model_0,1611,1,0.375751256942749,3,5,0,0,0.9658993482589722,0.2248060703277588,0.15094518661499023,0.40171571971078956,worker1,worker1,worker1,0,0.2248060703277588,0.0,0.0
model_0,1612,1,0.3109452724456787,4,3,0,0,0.8589063882827759,0.2260756492614746,0.0848696231842041,0.2729407092015866,worker1,worker1,worker1,0,0.2260756492614746,0.0,0.0
model_0,1613,1,0.3090665340423584,3,0,0,0,0.7234355211257935,0.2252364158630371,0.08383011817932129,0.27123647805825574,worker1,worker1,worker1,0,0.2252364158630371,0.0,0.0
model_0,1614,1,0.31720757484436035,6,6,1,0,0.9250279664993286,0.23288273811340332,0.08432483673095703,0.2658348772797481,worker1,worker1,worker1,0,0.23288273811340332,0.0,0.0
model_0,1615,1,0.3134768009185791,7,7,1,0,0.9920135140419006,0.23038601875305176,0.08309078216552734,0.2650619820096637,worker1,worker1,worker1,0,0.23038601875305176,0.0,0.0
model_0,1616,1,0.3130910396575928,4,2,0,0,0.7423095703125,0.2280271053314209,0.08506393432617188,0.2716907338491729,worker1,worker1,worker1,0,0.2280271053314209,0.0,0.0
model_0,1617,1,0.30980777740478516,7,7,1,0,0.9754882454872131,0.22600841522216797,0.08379936218261719,0.27048824559729356,worker1,worker1,worker1,0,0.22600841522216797,0.0,0.0
model_0,1618,1,0.47598791122436523,0,0,1,1,0.8896672129631042,0.3897826671600342,0.08620524406433105,0.18110805344318232,worker1,worker1,worker1,0,0.3897826671600342,0.0,0.0
model_0,1619,1,0.30689382553100586,1,1,1,0,0.854465126991272,0.2231121063232422,0.08378171920776367,0.2729990382269815,worker1,worker1,worker1,0,0.2231121063232422,0.0,0.0
model_0,1620,1,0.3070499897003174,4,4,1,0,0.9690644145011902,0.22393059730529785,0.08311939239501953,0.2707031271231911,worker1,worker1,worker1,0,0.22393059730529785,0.0,0.0
model_0,1621,1,0.4886796474456787,2,2,1,1,0.8075921535491943,0.39180564880371094,0.09687399864196777,0.19823620473724807,worker1,worker1,worker1,0,0.39180564880371094,0.0,0.0
model_0,1622,1,0.46508288383483887,7,7,1,1,0.9585278034210205,0.3810310363769531,0.08405184745788574,0.1807244480055611,worker1,worker1,worker1,0,0.3810310363769531,0.0,0.0
model_0,1623,1,0.5223090648651123,9,9,1,1,0.9857501983642578,0.3901216983795166,0.1321873664855957,0.25308265809963193,worker1,worker1,worker1,0,0.3901216983795166,0.0,0.0
model_0,1624,1,1.415276288986206,2,0,0,3,0.4521917402744293,1.1896066665649414,0.22566962242126465,0.1594526978070952,worker1->worker2->worker3,worker1,worker3,0,0.382460355758667,0.6098184585571289,0.1973278522491455
model_0,1625,1,0.3170762062072754,8,8,1,0,0.9582284688949585,0.22478055953979492,0.09229564666748047,0.291083483593676,worker1,worker1,worker1,0,0.22478055953979492,0.0,0.0
model_0,1626,1,0.4696385860443115,5,5,1,1,0.9962573051452637,0.38719868659973145,0.08243989944458008,0.17553902488924042,worker1,worker1,worker1,0,0.38719868659973145,0.0,0.0
model_0,1627,1,0.30744242668151855,1,1,1,0,0.9998888969421387,0.22234010696411133,0.08510231971740723,0.2768073379981652,worker1,worker1,worker1,0,0.22234010696411133,0.0,0.0
model_0,1628,1,0.3155040740966797,2,4,0,0,0.7717006802558899,0.22963500022888184,0.08586907386779785,0.27216470694918843,worker1,worker1,worker1,0,0.22963500022888184,0.0,0.0
model_0,1629,1,0.3055000305175781,2,5,0,0,0.6835616827011108,0.2208569049835205,0.08464312553405762,0.27706421302366235,worker1,worker1,worker1,0,0.2208569049835205,0.0,0.0
model_0,1630,1,0.31250977516174316,9,9,1,0,0.9662327766418457,0.22850513458251953,0.08400464057922363,0.26880644144889876,worker1,worker1,worker1,0,0.22850513458251953,0.0,0.0
model_0,1631,1,0.31360721588134766,0,0,1,0,0.8970127105712891,0.22289776802062988,0.09070944786071777,0.2892454103959056,worker1,worker1,worker1,0,0.22289776802062988,0.0,0.0
model_0,1632,1,0.30745387077331543,3,3,1,0,0.9793341159820557,0.2248530387878418,0.08260083198547363,0.2686608946497047,worker1,worker1,worker1,0,0.2248530387878418,0.0,0.0
model_0,1633,1,0.3121047019958496,0,0,1,0,0.9949136972427368,0.22451472282409668,0.08758997917175293,0.2806429336425624,worker1,worker1,worker1,0,0.22451472282409668,0.0,0.0
model_0,1634,1,0.30815649032592773,9,9,1,0,0.9970916509628296,0.2254796028137207,0.08267688751220703,0.26829513610036965,worker1,worker1,worker1,0,0.2254796028137207,0.0,0.0
model_0,1635,1,0.34946227073669434,4,2,0,0,0.9087993502616882,0.2263786792755127,0.12308359146118164,0.3522085265505533,worker1,worker1,worker1,0,0.2263786792755127,0.0,0.0
model_0,1636,1,0.3631911277770996,7,7,1,0,0.7913574576377869,0.22538137435913086,0.13780975341796875,0.37944140943483173,worker1,worker1,worker1,0,0.22538137435913086,0.0,0.0
model_0,1637,1,0.3202555179595947,0,9,0,0,0.9503553509712219,0.2262263298034668,0.09402918815612793,0.29360676985428613,worker1,worker1,worker1,0,0.2262263298034668,0.0,0.0
model_0,1638,1,0.3096346855163574,8,8,1,0,0.9967207312583923,0.22706174850463867,0.08257293701171875,0.266678575993569,worker1,worker1,worker1,0,0.22706174850463867,0.0,0.0
model_0,1639,1,0.31334519386291504,7,7,1,0,0.866869330406189,0.22510957717895508,0.08823561668395996,0.2815923729232689,worker1,worker1,worker1,0,0.22510957717895508,0.0,0.0
model_0,1640,1,0.3176116943359375,4,3,0,0,0.6790704727172852,0.23292183876037598,0.08468985557556152,0.2666458983905837,worker1,worker1,worker1,0,0.23292183876037598,0.0,0.0
model_0,1641,1,0.31462621688842773,3,3,1,0,0.9040706157684326,0.2274017333984375,0.08722448348999023,0.2772320894063372,worker1,worker1,worker1,0,0.2274017333984375,0.0,0.0
model_0,1642,1,0.30546140670776367,1,1,1,0,0.8672501444816589,0.22205209732055664,0.08340930938720703,0.273060057852104,worker1,worker1,worker1,0,0.22205209732055664,0.0,0.0
model_0,1643,1,0.3535130023956299,7,7,1,0,0.9709063768386841,0.22305059432983398,0.1304624080657959,0.36904557168109603,worker1,worker1,worker1,0,0.22305059432983398,0.0,0.0
model_0,1644,1,0.5365850925445557,8,8,1,1,0.9556950926780701,0.37944579124450684,0.15713930130004883,0.29285066522231173,worker1,worker1,worker1,0,0.37944579124450684,0.0,0.0
model_0,1645,1,0.46392035484313965,5,5,1,1,0.9880870580673218,0.37868714332580566,0.08523321151733398,0.18372380221633725,worker1,worker1,worker1,0,0.37868714332580566,0.0,0.0
model_0,1646,1,0.33951497077941895,6,6,1,0,0.7958359122276306,0.22080516815185547,0.11870980262756348,0.34964526705565685,worker1,worker1,worker1,0,0.22080516815185547,0.0,0.0
model_0,1647,1,0.307354211807251,0,0,1,0,0.9736829996109009,0.22321319580078125,0.08414101600646973,0.2737591117158223,worker1,worker1,worker1,0,0.22321319580078125,0.0,0.0
model_0,1648,1,1.10394287109375,8,2,0,2,0.7895578742027283,0.9452781677246094,0.15866470336914062,0.14372546580416873,worker1->worker2,worker1,worker2,0,0.37179017066955566,0.5734879970550537,0.0
model_0,1649,1,0.4598727226257324,4,4,1,1,0.9058876037597656,0.3746004104614258,0.08527231216430664,0.18542589714264385,worker1,worker1,worker1,0,0.3746004104614258,0.0,0.0
model_0,1650,1,0.4514942169189453,4,7,0,1,0.7501326203346252,0.36611509323120117,0.08537912368774414,0.18910347129223998,worker1,worker1,worker1,0,0.36611509323120117,0.0,0.0
model_0,1651,1,0.3106558322906494,0,0,1,0,0.8715053200721741,0.2185070514678955,0.0921487808227539,0.2966265920175597,worker1,worker1,worker1,0,0.2185070514678955,0.0,0.0
model_0,1652,1,0.5166666507720947,4,4,1,1,0.9481287598609924,0.3714156150817871,0.14525103569030762,0.28113104546857787,worker1,worker1,worker1,0,0.3714156150817871,0.0,0.0
model_0,1653,1,1.4027214050292969,6,6,1,3,0.38210436701774597,1.1927080154418945,0.21001338958740234,0.14971853201528357,worker1->worker2->worker3,worker1,worker3,0,0.367342472076416,0.5041282176971436,0.32123732566833496
model_0,1654,1,0.3011763095855713,0,0,1,0,0.9993416666984558,0.22292399406433105,0.07825231552124023,0.25982228027469373,worker1,worker1,worker1,0,0.22292399406433105,0.0,0.0
model_0,1655,1,0.30549073219299316,2,2,1,0,0.9192888140678406,0.22533845901489258,0.08015227317810059,0.2623721924482624,worker1,worker1,worker1,0,0.22533845901489258,0.0,0.0
model_0,1656,1,0.30678510665893555,3,3,1,0,0.9206173419952393,0.22897076606750488,0.07781434059143066,0.25364445307946376,worker1,worker1,worker1,0,0.22897076606750488,0.0,0.0
model_0,1657,1,0.3002796173095703,8,8,1,0,0.9808469414710999,0.2208538055419922,0.07942581176757812,0.2645061708790406,worker1,worker1,worker1,0,0.2208538055419922,0.0,0.0
model_0,1658,1,0.30134081840515137,0,0,1,0,0.8992747068405151,0.2234790325164795,0.07786178588867188,0.25838446414513633,worker1,worker1,worker1,0,0.2234790325164795,0.0,0.0
model_0,1659,1,0.49331116676330566,5,5,1,1,0.9986353516578674,0.3791482448577881,0.11416292190551758,0.23142172648261536,worker1,worker1,worker1,0,0.3791482448577881,0.0,0.0
model_0,1660,1,0.3041207790374756,0,0,1,0,0.9237616062164307,0.22419333457946777,0.07992744445800781,0.26281480900770243,worker1,worker1,worker1,0,0.22419333457946777,0.0,0.0
model_0,1661,1,0.3077261447906494,6,6,1,0,0.9928365349769592,0.22428584098815918,0.08344030380249023,0.2711511687096197,worker1,worker1,worker1,0,0.22428584098815918,0.0,0.0
model_0,1662,1,0.3154561519622803,9,9,1,0,0.844869077205658,0.23099493980407715,0.08446121215820312,0.26774311305332327,worker1,worker1,worker1,0,0.23099493980407715,0.0,0.0
model_0,1663,1,0.31401515007019043,5,5,1,0,0.8534082770347595,0.2253131866455078,0.08870196342468262,0.28247670026384225,worker1,worker1,worker1,0,0.2253131866455078,0.0,0.0
model_0,1664,1,1.1366407871246338,7,7,1,2,0.8231470584869385,0.9892456531524658,0.14739513397216797,0.12967609084751763,worker1->worker2,worker1,worker2,0,0.3790285587310791,0.6102170944213867,0.0
model_0,1665,1,0.4594893455505371,2,7,0,1,0.6010808944702148,0.37412166595458984,0.08536767959594727,0.18578815901305393,worker1,worker1,worker1,0,0.37412166595458984,0.0,0.0
model_0,1666,1,0.46726369857788086,0,0,1,1,0.9873542189598083,0.37097811698913574,0.09628558158874512,0.20606261920579474,worker1,worker1,worker1,0,0.37097811698913574,0.0,0.0
model_0,1667,1,0.37081122398376465,0,0,1,0,0.9743451476097107,0.21907758712768555,0.1517336368560791,0.4091937542395494,worker1,worker1,worker1,0,0.21907758712768555,0.0,0.0
model_0,1668,1,0.3134644031524658,8,8,1,0,0.9799831509590149,0.23011302947998047,0.08335137367248535,0.26590379269299075,worker1,worker1,worker1,0,0.23011302947998047,0.0,0.0
model_0,1669,1,0.3121063709259033,6,6,1,0,0.9260777831077576,0.22850441932678223,0.0836019515991211,0.26786364966247006,worker1,worker1,worker1,0,0.22850441932678223,0.0,0.0
model_0,1670,1,0.30768823623657227,9,9,1,0,0.9810996651649475,0.224029541015625,0.08365869522094727,0.2718943572370593,worker1,worker1,worker1,0,0.224029541015625,0.0,0.0
model_0,1671,1,0.4578385353088379,0,0,1,1,0.9678084850311279,0.372967004776001,0.08487153053283691,0.1853743710663985,worker1,worker1,worker1,0,0.372967004776001,0.0,0.0
model_0,1672,1,0.31102442741394043,6,6,1,0,0.9369286298751831,0.22139239311218262,0.08963203430175781,0.28818326279712786,worker1,worker1,worker1,0,0.22139239311218262,0.0,0.0
model_0,1673,1,1.0995354652404785,0,0,1,2,0.6926508545875549,0.9469146728515625,0.15262079238891602,0.13880479276358443,worker1->worker2,worker1,worker2,0,0.377549409866333,0.5693652629852295,0.0
model_0,1674,1,0.30991673469543457,2,2,1,0,0.8972622752189636,0.22365021705627441,0.08626651763916016,0.2783538543794259,worker1,worker1,worker1,0,0.22365021705627441,0.0,0.0
model_0,1675,1,0.3713867664337158,4,3,0,0,0.9412870407104492,0.23330283164978027,0.13808393478393555,0.37180628731040266,worker1,worker1,worker1,0,0.23330283164978027,0.0,0.0
model_0,1676,1,0.31552743911743164,0,0,1,0,0.9243246912956238,0.22388720512390137,0.09164023399353027,0.29043507040103733,worker1,worker1,worker1,0,0.22388720512390137,0.0,0.0
model_0,1677,1,0.4571805000305176,3,3,1,1,0.9561663269996643,0.3745753765106201,0.08260512351989746,0.18068382950362805,worker1,worker1,worker1,0,0.3745753765106201,0.0,0.0
model_0,1678,1,0.306795597076416,5,3,0,0,0.6667900681495667,0.2218794822692871,0.0849161148071289,0.27678400738579756,worker1,worker1,worker1,0,0.2218794822692871,0.0,0.0
model_0,1679,1,0.46039819717407227,5,5,1,1,0.967995822429657,0.3722085952758789,0.08818960189819336,0.19155071075321717,worker1,worker1,worker1,0,0.3722085952758789,0.0,0.0
model_0,1680,1,0.3087615966796875,3,5,0,0,0.6838850378990173,0.2203061580657959,0.0884554386138916,0.28648458734865334,worker1,worker1,worker1,0,0.2203061580657959,0.0,0.0
model_0,1681,1,0.3089480400085449,7,7,1,0,0.8004789352416992,0.22417664527893066,0.08477139472961426,0.27438722293648354,worker1,worker1,worker1,0,0.22417664527893066,0.0,0.0
model_0,1682,1,0.31009745597839355,3,3,1,0,0.8562954664230347,0.22634315490722656,0.08375430107116699,0.2700902553583112,worker1,worker1,worker1,0,0.22634315490722656,0.0,0.0
model_0,1683,1,0.36625218391418457,5,5,1,0,0.9579223990440369,0.22590041160583496,0.1403517723083496,0.3832107451439389,worker1,worker1,worker1,0,0.22590041160583496,0.0,0.0
model_0,1684,1,0.3106505870819092,4,4,1,0,0.884782612323761,0.22190594673156738,0.0887446403503418,0.28567349955447696,worker1,worker1,worker1,0,0.22190594673156738,0.0,0.0
model_0,1685,1,0.46718454360961914,6,8,0,1,0.943930983543396,0.3773643970489502,0.08982014656066895,0.19225838651828975,worker1,worker1,worker1,0,0.3773643970489502,0.0,0.0
model_0,1686,1,1.177487850189209,2,2,1,2,0.7926763892173767,1.0246613025665283,0.15282654762268066,0.12979033932122797,worker1->worker2,worker1,worker2,0,0.3727738857269287,0.6518874168395996,0.0
model_0,1687,1,0.306074857711792,4,2,0,0,0.8743557333946228,0.22012972831726074,0.08594512939453125,0.2807977435227934,worker1,worker1,worker1,0,0.22012972831726074,0.0,0.0
model_0,1688,1,0.3047025203704834,6,6,1,0,0.8966838121414185,0.22210454940795898,0.08259797096252441,0.271077413019409,worker1,worker1,worker1,0,0.22210454940795898,0.0,0.0
model_0,1689,1,0.3128960132598877,7,7,1,0,0.9938887357711792,0.22922039031982422,0.08367562294006348,0.26742310350424153,worker1,worker1,worker1,0,0.22922039031982422,0.0,0.0
model_0,1690,1,0.3070540428161621,8,8,1,0,0.9395003318786621,0.22313952445983887,0.08391451835632324,0.27328908483567543,worker1,worker1,worker1,0,0.22313952445983887,0.0,0.0
model_0,1691,1,0.5062046051025391,9,9,1,1,0.9329192042350769,0.37810397148132324,0.12810063362121582,0.25306098034265645,worker1,worker1,worker1,0,0.37810397148132324,0.0,0.0
model_0,1692,1,0.30358362197875977,2,2,1,0,0.9826739430427551,0.21974706649780273,0.08383655548095703,0.2761563846379785,worker1,worker1,worker1,0,0.21974706649780273,0.0,0.0
model_0,1693,1,0.31114697456359863,4,4,1,0,0.9882944822311401,0.22600245475769043,0.0851445198059082,0.2736472688681233,worker1,worker1,worker1,0,0.22600245475769043,0.0,0.0
model_0,1694,1,0.31226634979248047,2,2,1,0,0.9901661276817322,0.2273416519165039,0.08492469787597656,0.2719623742116756,worker1,worker1,worker1,0,0.2273416519165039,0.0,0.0
model_0,1695,1,0.4662477970123291,3,3,1,1,0.9436377286911011,0.37140822410583496,0.09483957290649414,0.20341023274365472,worker1,worker1,worker1,0,0.37140822410583496,0.0,0.0
model_0,1696,1,0.45949339866638184,8,8,1,1,0.9956279993057251,0.37537336349487305,0.08412003517150879,0.18307125938186697,worker1,worker1,worker1,0,0.37537336349487305,0.0,0.0
model_0,1697,1,0.32969212532043457,0,0,1,0,0.9505205154418945,0.2248823642730713,0.10480976104736328,0.3179019242437062,worker1,worker1,worker1,0,0.2248823642730713,0.0,0.0
model_0,1698,1,0.31587862968444824,7,7,1,0,0.9997780919075012,0.2318248748779297,0.08405375480651855,0.2660950976344469,worker1,worker1,worker1,0,0.2318248748779297,0.0,0.0
model_0,1699,1,0.3135855197906494,9,9,1,0,0.8335537910461426,0.22851824760437012,0.0850672721862793,0.27127296006228363,worker1,worker1,worker1,0,0.22851824760437012,0.0,0.0
model_0,1700,1,0.3073148727416992,6,6,1,0,0.8238190412521362,0.22369885444641113,0.08361601829528809,0.2720858172248893,worker1,worker1,worker1,0,0.22369885444641113,0.0,0.0
model_0,1701,1,0.30656933784484863,4,2,0,0,0.7400569319725037,0.2227175235748291,0.08385181427001953,0.27351663691969097,worker1,worker1,worker1,0,0.2227175235748291,0.0,0.0
model_0,1702,1,0.45946431159973145,3,2,0,1,0.9247952699661255,0.37473511695861816,0.08472919464111328,0.18440865264618478,worker1,worker1,worker1,0,0.37473511695861816,0.0,0.0
model_0,1703,1,0.465130090713501,8,8,1,1,0.9393709301948547,0.38121986389160156,0.08391022682189941,0.1804016306345235,worker1,worker1,worker1,0,0.38121986389160156,0.0,0.0
model_0,1704,1,0.36008453369140625,2,2,1,0,0.9469913244247437,0.22293663024902344,0.1371479034423828,0.38087696251880415,worker1,worker1,worker1,0,0.22293663024902344,0.0,0.0
model_0,1705,1,0.30826520919799805,0,0,1,0,0.9840070605278015,0.224503755569458,0.08376145362854004,0.2717188029309537,worker1,worker1,worker1,0,0.224503755569458,0.0,0.0
model_0,1706,1,0.30680346488952637,6,6,1,0,0.9036776423454285,0.2225208282470703,0.08428263664245605,0.2747121407928183,worker1,worker1,worker1,0,0.2225208282470703,0.0,0.0
model_0,1707,1,0.3131754398345947,3,3,1,0,0.9023070335388184,0.23050737380981445,0.08266806602478027,0.2639672704489274,worker1,worker1,worker1,0,0.23050737380981445,0.0,0.0
model_0,1708,1,0.3098485469818115,4,4,1,0,0.8925413489341736,0.22466731071472168,0.08518123626708984,0.27491249223799036,worker1,worker1,worker1,0,0.22466731071472168,0.0,0.0
model_0,1709,1,0.3166360855102539,1,1,1,0,0.9999009370803833,0.22242021560668945,0.09421586990356445,0.2975525349605592,worker1,worker1,worker1,0,0.22242021560668945,0.0,0.0
model_0,1710,1,0.3585989475250244,0,0,1,0,0.9415702819824219,0.2324221134185791,0.1261768341064453,0.35186058123508634,worker1,worker1,worker1,0,0.2324221134185791,0.0,0.0
model_0,1711,1,1.1013579368591309,3,3,1,2,0.8557179570198059,0.9454247951507568,0.15593314170837402,0.14158261950067433,worker1->worker2,worker1,worker2,0,0.37389588356018066,0.5715289115905762,0.0
model_0,1712,1,0.3081178665161133,2,2,1,0,0.7186373472213745,0.22338128089904785,0.08473658561706543,0.27501354132813344,worker1,worker1,worker1,0,0.22338128089904785,0.0,0.0
model_0,1713,1,0.3079719543457031,6,6,1,0,0.804830014705658,0.22309470176696777,0.08487725257873535,0.27560059083646093,worker1,worker1,worker1,0,0.22309470176696777,0.0,0.0
model_0,1714,1,0.30802202224731445,6,3,0,0,0.5315923690795898,0.2236337661743164,0.08438825607299805,0.2739682554425986,worker1,worker1,worker1,0,0.2236337661743164,0.0,0.0
model_0,1715,1,0.4584646224975586,4,4,1,1,0.9963776469230652,0.37363553047180176,0.08482909202575684,0.18502865404016766,worker1,worker1,worker1,0,0.37363553047180176,0.0,0.0
model_0,1716,1,0.31277918815612793,4,4,1,0,0.9132717847824097,0.22890591621398926,0.08387327194213867,0.2681549000641059,worker1,worker1,worker1,0,0.22890591621398926,0.0,0.0
model_0,1717,1,1.4316990375518799,2,2,1,3,0.8602219820022583,1.2278385162353516,0.20386052131652832,0.14239062538249497,worker1->worker2->worker3,worker1,worker3,0,0.37430405616760254,0.5275046825408936,0.32602977752685547
model_0,1718,1,0.30713891983032227,6,6,1,0,0.9866355061531067,0.22100353240966797,0.0861353874206543,0.2804443913140004,worker1,worker1,worker1,0,0.22100353240966797,0.0,0.0
model_0,1719,1,0.3074984550476074,1,1,1,0,0.9765903949737549,0.2225658893585205,0.08493256568908691,0.27620485337377554,worker1,worker1,worker1,0,0.2225658893585205,0.0,0.0
model_0,1720,1,0.30810546875,8,8,1,0,0.9899265766143799,0.22401928901672363,0.08408617973327637,0.27291362296949284,worker1,worker1,worker1,0,0.22401928901672363,0.0,0.0
model_0,1721,1,0.30831074714660645,9,9,1,0,0.9995429515838623,0.22310233116149902,0.08520841598510742,0.27637186434045885,worker1,worker1,worker1,0,0.22310233116149902,0.0,0.0
model_0,1722,1,0.4822828769683838,3,3,1,1,0.6291170120239258,0.3746180534362793,0.10766482353210449,0.22323998772024098,worker1,worker1,worker1,0,0.3746180534362793,0.0,0.0
model_0,1723,1,0.3040587902069092,3,3,1,0,0.9548850655555725,0.21951031684875488,0.0845484733581543,0.27806620325174564,worker1,worker1,worker1,0,0.21951031684875488,0.0,0.0
model_0,1724,1,0.31127047538757324,8,8,1,0,0.9821240305900574,0.22661161422729492,0.08465886116027832,0.2719784491441623,worker1,worker1,worker1,0,0.22661161422729492,0.0,0.0
model_0,1725,1,0.30692052841186523,4,3,0,0,0.5943838953971863,0.22301149368286133,0.0839090347290039,0.2733901025232305,worker1,worker1,worker1,0,0.22301149368286133,0.0,0.0
model_0,1726,1,0.37445497512817383,3,3,1,0,0.9291133880615234,0.22287559509277344,0.1515793800354004,0.40480001629973167,worker1,worker1,worker1,0,0.22287559509277344,0.0,0.0
model_0,1727,1,0.4616358280181885,5,5,1,1,0.990250825881958,0.37323427200317383,0.08840155601501465,0.19149630650316773,worker1,worker1,worker1,0,0.37323427200317383,0.0,0.0
model_0,1728,1,0.31354832649230957,1,1,1,0,0.7296779155731201,0.22666025161743164,0.08688807487487793,0.2771122265167282,worker1,worker1,worker1,0,0.22666025161743164,0.0,0.0
model_0,1729,1,0.4578583240509033,3,3,1,1,0.9759497046470642,0.37366580963134766,0.08419251441955566,0.18388333245677846,worker1,worker1,worker1,0,0.37366580963134766,0.0,0.0
model_0,1730,1,0.3067505359649658,5,5,1,0,0.9804712533950806,0.2218174934387207,0.08493304252624512,0.27687985045915414,worker1,worker1,worker1,0,0.2218174934387207,0.0,0.0
model_0,1731,1,0.31323719024658203,9,9,1,0,0.826712429523468,0.22673273086547852,0.08650445938110352,0.27616279954818496,worker1,worker1,worker1,0,0.22673273086547852,0.0,0.0
model_0,1732,1,0.3102896213531494,9,9,1,0,0.9840669631958008,0.22482562065124512,0.0854640007019043,0.2754329981428392,worker1,worker1,worker1,0,0.22482562065124512,0.0,0.0
model_0,1733,1,0.3092997074127197,9,1,0,0,0.6909143328666687,0.22550153732299805,0.08379817008972168,0.27092870792116225,worker1,worker1,worker1,0,0.22550153732299805,0.0,0.0
model_0,1734,1,0.4580104351043701,6,1,0,1,0.8345860242843628,0.37453293800354004,0.08347749710083008,0.1822611248623789,worker1,worker1,worker1,0,0.37453293800354004,0.0,0.0
model_0,1735,1,0.3115561008453369,5,5,1,0,0.9605194330215454,0.22491025924682617,0.08664584159851074,0.2781067081126541,worker1,worker1,worker1,0,0.22491025924682617,0.0,0.0
model_0,1736,1,0.30959630012512207,2,2,1,0,0.9631199240684509,0.22363638877868652,0.08595991134643555,0.27765161053828874,worker1,worker1,worker1,0,0.22363638877868652,0.0,0.0
model_0,1737,1,0.3290138244628906,2,2,1,0,0.9208905100822449,0.22500109672546387,0.10401272773742676,0.3161348247515913,worker1,worker1,worker1,0,0.22500109672546387,0.0,0.0
model_0,1738,1,0.3482651710510254,9,9,1,0,0.5459772348403931,0.22475957870483398,0.1235055923461914,0.3546309037262191,worker1,worker1,worker1,0,0.22475957870483398,0.0,0.0
model_0,1739,1,0.31012964248657227,7,7,1,0,0.9979031085968018,0.224107027053833,0.08602261543273926,0.27737630863990625,worker1,worker1,worker1,0,0.224107027053833,0.0,0.0
model_0,1740,1,0.3674185276031494,9,9,1,0,0.9024357795715332,0.22354340553283691,0.1438751220703125,0.39158374241190347,worker1,worker1,worker1,0,0.22354340553283691,0.0,0.0
model_0,1741,1,1.4104342460632324,5,5,1,3,0.35335880517959595,1.1872310638427734,0.22320318222045898,0.15825139161464488,worker1->worker2->worker3,worker1,worker3,0,0.38628292083740234,0.6091697216033936,0.19177842140197754
model_0,1742,1,1.116241455078125,6,6,1,2,0.7415719628334045,0.9386188983917236,0.17762255668640137,0.15912556900511252,worker1->worker2,worker1,worker2,0,0.3720579147338867,0.5665609836578369,0.0
model_0,1743,1,0.30930209159851074,1,1,1,0,0.9849586486816406,0.22310304641723633,0.08619904518127441,0.2786888531396192,worker1,worker1,worker1,0,0.22310304641723633,0.0,0.0
model_0,1744,1,1.3697915077209473,2,2,1,3,0.5611113905906677,1.1738979816436768,0.1958935260772705,0.1430097390537902,worker1->worker2->worker3,worker1,worker3,0,0.375152587890625,0.5038032531738281,0.29494214057922363
model_0,1745,1,0.3086373805999756,8,7,0,0,0.8139492869377136,0.22246265411376953,0.08617472648620605,0.27921027037841856,worker1,worker1,worker1,0,0.22246265411376953,0.0,0.0
model_0,1746,1,0.3075530529022217,8,8,1,0,0.7561240196228027,0.224808931350708,0.08274412155151367,0.2690401567167014,worker1,worker1,worker1,0,0.224808931350708,0.0,0.0
model_0,1747,1,1.4228627681732178,4,5,0,3,0.4107995927333832,1.2220478057861328,0.20081496238708496,0.1411344557457968,worker1->worker2->worker3,worker1,worker3,0,0.3721597194671631,0.572115421295166,0.2777726650238037
model_0,1748,1,0.45821690559387207,4,4,1,1,0.958626389503479,0.3736724853515625,0.08454442024230957,0.1845074225987707,worker1,worker1,worker1,0,0.3736724853515625,0.0,0.0
model_0,1749,1,0.45626354217529297,2,5,0,1,0.5094258785247803,0.3725574016571045,0.08370614051818848,0.18346006809816334,worker1,worker1,worker1,0,0.3725574016571045,0.0,0.0
model_0,1750,1,0.30477380752563477,0,8,0,0,0.616113007068634,0.2209339141845703,0.08383989334106445,0.27508890616859394,worker1,worker1,worker1,0,0.2209339141845703,0.0,0.0
model_0,1751,1,0.4675278663635254,4,4,1,1,0.9943732023239136,0.37375950813293457,0.09376835823059082,0.20056207335817158,worker1,worker1,worker1,0,0.37375950813293457,0.0,0.0
model_0,1752,1,0.30720996856689453,7,7,1,0,0.9444642663002014,0.21925020217895508,0.08795976638793945,0.28631807359072187,worker1,worker1,worker1,0,0.21925020217895508,0.0,0.0
model_0,1753,1,0.3083956241607666,7,7,1,0,0.8107945919036865,0.22345757484436035,0.08493804931640625,0.275419113184719,worker1,worker1,worker1,0,0.22345757484436035,0.0,0.0
model_0,1754,1,0.4609670639038086,4,3,0,1,0.9145722985267639,0.37699127197265625,0.08397579193115234,0.18217308460171425,worker1,worker1,worker1,0,0.37699127197265625,0.0,0.0
model_0,1755,1,0.30565357208251953,4,4,1,0,0.9950116872787476,0.22078704833984375,0.08486652374267578,0.2776559199503278,worker1,worker1,worker1,0,0.22078704833984375,0.0,0.0
model_0,1756,1,0.30733180046081543,9,1,0,0,0.7918848991394043,0.22398781776428223,0.0833439826965332,0.27118567805728744,worker1,worker1,worker1,0,0.22398781776428223,0.0,0.0
model_0,1757,1,0.3162815570831299,5,5,1,0,0.9931557774543762,0.2281792163848877,0.08810234069824219,0.2785566806700835,worker1,worker1,worker1,0,0.2281792163848877,0.0,0.0
model_0,1758,1,1.189833402633667,5,5,1,2,0.6516733765602112,1.0417306423187256,0.1481027603149414,0.12447352712330952,worker1->worker2,worker1,worker2,0,0.3744072914123535,0.6673233509063721,0.0
model_0,1759,1,0.3128182888031006,9,9,1,0,0.9319689869880676,0.22813820838928223,0.08468008041381836,0.2707005422790965,worker1,worker1,worker1,0,0.22813820838928223,0.0,0.0
model_0,1760,1,0.4554314613342285,7,7,1,1,0.652894914150238,0.3728451728820801,0.08258628845214844,0.1813363710319974,worker1,worker1,worker1,0,0.3728451728820801,0.0,0.0
model_0,1761,1,0.3040022850036621,9,1,0,0,0.8796164989471436,0.2205960750579834,0.08340620994567871,0.27436047049670687,worker1,worker1,worker1,0,0.2205960750579834,0.0,0.0
model_0,1762,1,0.3151535987854004,9,9,1,0,0.7613509893417358,0.22694945335388184,0.08820414543151855,0.2798766879751863,worker1,worker1,worker1,0,0.22694945335388184,0.0,0.0
model_0,1763,1,0.3073759078979492,0,0,1,0,0.7651378512382507,0.22216415405273438,0.08521175384521484,0.2772232684986674,worker1,worker1,worker1,0,0.22216415405273438,0.0,0.0
model_0,1764,1,0.37672877311706543,9,0,0,0,0.9950798749923706,0.22530150413513184,0.1514272689819336,0.40195302240659697,worker1,worker1,worker1,0,0.22530150413513184,0.0,0.0
model_0,1765,1,0.4902768135070801,7,7,1,1,0.8440283536911011,0.37356996536254883,0.11670684814453125,0.23804276467756288,worker1,worker1,worker1,0,0.37356996536254883,0.0,0.0
model_0,1766,1,0.3049890995025635,5,5,1,0,0.9451159238815308,0.2211761474609375,0.08381295204162598,0.27480638546861086,worker1,worker1,worker1,0,0.2211761474609375,0.0,0.0
model_0,1767,1,0.30591917037963867,9,9,1,0,0.9994825124740601,0.22234773635864258,0.0835714340209961,0.27318142212953134,worker1,worker1,worker1,0,0.22234773635864258,0.0,0.0
model_0,1768,1,0.4685049057006836,5,6,0,1,0.9805934429168701,0.37804174423217773,0.09046316146850586,0.1930890378473445,worker1,worker1,worker1,0,0.37804174423217773,0.0,0.0
model_0,1769,1,0.4560384750366211,4,7,0,1,0.8835273385047913,0.37096524238586426,0.08507323265075684,0.18654836665683797,worker1,worker1,worker1,0,0.37096524238586426,0.0,0.0
model_0,1770,1,0.304795503616333,9,9,1,0,0.9982251524925232,0.2204756736755371,0.0843198299407959,0.2766439430383955,worker1,worker1,worker1,0,0.2204756736755371,0.0,0.0
model_0,1771,1,0.31342315673828125,0,0,1,0,0.9910997748374939,0.2243785858154297,0.08904457092285156,0.284103356782941,worker1,worker1,worker1,0,0.2243785858154297,0.0,0.0
model_0,1772,1,0.30959129333496094,7,7,1,0,0.9896680116653442,0.22423577308654785,0.08535552024841309,0.2757038782614053,worker1,worker1,worker1,0,0.22423577308654785,0.0,0.0
model_0,1773,1,0.3191361427307129,9,9,1,0,0.9667803645133972,0.22968816757202148,0.0894479751586914,0.28028155756136847,worker1,worker1,worker1,0,0.22968816757202148,0.0,0.0
model_0,1774,1,0.4569520950317383,7,7,1,1,0.9826211333274841,0.3733329772949219,0.0836191177368164,0.18299318166165432,worker1,worker1,worker1,0,0.3733329772949219,0.0,0.0
model_0,1775,1,1.5475974082946777,5,5,1,3,0.6367045044898987,1.3104698657989502,0.23712754249572754,0.15322301602780672,worker1->worker2->worker3,worker1,worker3,0,0.36794257164001465,0.713538408279419,0.2289888858795166
model_0,1776,1,0.3056502342224121,8,1,0,0,0.4862293004989624,0.2208995819091797,0.08475065231323242,0.2772798539770201,worker1,worker1,worker1,0,0.2208995819091797,0.0,0.0
model_0,1777,1,0.3095831871032715,9,1,0,0,0.7340708374977112,0.2256467342376709,0.08393645286560059,0.2711272974833768,worker1,worker1,worker1,0,0.2256467342376709,0.0,0.0
model_0,1778,1,0.474306583404541,9,9,1,1,0.9662870168685913,0.37305665016174316,0.10124993324279785,0.2134693820103288,worker1,worker1,worker1,0,0.37305665016174316,0.0,0.0
model_0,1779,1,0.30167651176452637,4,4,1,0,0.9351606369018555,0.21753215789794922,0.08414435386657715,0.278922456953679,worker1,worker1,worker1,0,0.21753215789794922,0.0,0.0
model_0,1780,1,0.30875396728515625,1,1,1,0,0.9958999752998352,0.22482681274414062,0.08392715454101562,0.27182534779707923,worker1,worker1,worker1,0,0.22482681274414062,0.0,0.0
model_0,1781,1,0.3053264617919922,0,0,1,0,0.974122941493988,0.221710205078125,0.08361625671386719,0.27385853234965235,worker1,worker1,worker1,0,0.221710205078125,0.0,0.0
model_0,1782,1,0.4615912437438965,2,2,1,1,0.992405354976654,0.37630391120910645,0.08528733253479004,0.18476809014624593,worker1,worker1,worker1,0,0.37630391120910645,0.0,0.0
model_0,1783,1,0.3029296398162842,1,1,1,0,0.8968921303749084,0.21874403953552246,0.08418560028076172,0.2779047977339465,worker1,worker1,worker1,0,0.21874403953552246,0.0,0.0
model_0,1784,1,0.3083536624908447,6,6,1,0,0.992890477180481,0.22336173057556152,0.0849919319152832,0.2756313358781872,worker1,worker1,worker1,0,0.22336173057556152,0.0,0.0
model_0,1785,1,0.3083832263946533,3,3,1,0,0.9517545700073242,0.22395682334899902,0.0844264030456543,0.27377106087349135,worker1,worker1,worker1,0,0.22395682334899902,0.0,0.0
model_0,1786,1,0.30565524101257324,4,4,1,0,0.9213130474090576,0.2233736515045166,0.08228158950805664,0.2691973781816225,worker1,worker1,worker1,0,0.2233736515045166,0.0,0.0
model_0,1787,1,0.30687594413757324,4,4,1,0,0.9430497884750366,0.22176122665405273,0.08511471748352051,0.2773587148472067,worker1,worker1,worker1,0,0.22176122665405273,0.0,0.0
model_0,1788,1,0.31421923637390137,4,5,0,0,0.8412351012229919,0.22355937957763672,0.09065985679626465,0.2885242095375251,worker1,worker1,worker1,0,0.22355937957763672,0.0,0.0
model_0,1789,1,0.31244730949401855,7,7,1,0,0.66164231300354,0.22278904914855957,0.08965826034545898,0.2869548164477806,worker1,worker1,worker1,0,0.22278904914855957,0.0,0.0
model_0,1790,1,0.49235057830810547,8,8,1,1,0.5855458974838257,0.37718844413757324,0.11516213417053223,0.23390270925703174,worker1,worker1,worker1,0,0.37718844413757324,0.0,0.0
model_0,1791,1,0.3048884868621826,6,6,1,0,0.8704654574394226,0.22077465057373047,0.08411383628845215,0.2758839376131436,worker1,worker1,worker1,0,0.22077465057373047,0.0,0.0
model_0,1792,1,0.31107115745544434,9,9,1,0,0.6228293776512146,0.2265028953552246,0.08456826210021973,0.2718614698707086,worker1,worker1,worker1,0,0.2265028953552246,0.0,0.0
model_0,1793,1,0.3059976100921631,4,4,1,0,0.9883210062980652,0.22281742095947266,0.08318018913269043,0.27183280649687913,worker1,worker1,worker1,0,0.22281742095947266,0.0,0.0
model_0,1794,1,0.3543436527252197,3,3,1,0,0.7604876160621643,0.22499966621398926,0.12934398651123047,0.36502413833706204,worker1,worker1,worker1,0,0.22499966621398926,0.0,0.0
model_0,1795,1,0.3165602684020996,2,2,1,0,0.8170179128646851,0.23098993301391602,0.0855703353881836,0.2703129354170589,worker1,worker1,worker1,0,0.23098993301391602,0.0,0.0
model_0,1796,1,0.3107881546020508,6,6,1,0,0.9021872878074646,0.2254352569580078,0.08535289764404297,0.2746336897985486,worker1,worker1,worker1,0,0.2254352569580078,0.0,0.0
model_0,1797,1,0.3040347099304199,1,1,1,0,0.997868537902832,0.22175240516662598,0.08228230476379395,0.27063457584374073,worker1,worker1,worker1,0,0.22175240516662598,0.0,0.0
model_0,1798,1,0.33040618896484375,6,6,1,0,0.9648234248161316,0.22452807426452637,0.10587811470031738,0.3204483397603159,worker1,worker1,worker1,0,0.22452807426452637,0.0,0.0
model_0,1799,1,0.5274031162261963,2,2,1,1,0.8003987073898315,0.3864023685455322,0.14100074768066406,0.2673490985218045,worker1,worker1,worker1,0,0.3864023685455322,0.0,0.0
model_0,1800,1,0.30823731422424316,7,7,1,0,0.9934514760971069,0.22017788887023926,0.0880594253540039,0.28568710305443595,worker1,worker1,worker1,0,0.22017788887023926,0.0,0.0
model_0,1801,1,0.3027040958404541,6,6,1,0,0.974523663520813,0.219468355178833,0.0832357406616211,0.2749739491648374,worker1,worker1,worker1,0,0.219468355178833,0.0,0.0
model_0,1802,1,0.3004424571990967,3,5,0,0,0.7269309163093567,0.2177119255065918,0.08273053169250488,0.2753623188405797,worker1,worker1,worker1,0,0.2177119255065918,0.0,0.0
model_0,1803,1,0.46103453636169434,0,1,0,1,0.968837320804596,0.36926794052124023,0.0917665958404541,0.19904494913687046,worker1,worker1,worker1,0,0.36926794052124023,0.0,0.0
model_0,1804,1,0.301302433013916,6,6,1,0,0.9059539437294006,0.21696853637695312,0.08433389663696289,0.27989782821656745,worker1,worker1,worker1,0,0.21696853637695312,0.0,0.0
model_0,1805,1,0.3075869083404541,0,0,1,0,0.9642245769500732,0.22390270233154297,0.08368420600891113,0.2720668654606224,worker1,worker1,worker1,0,0.22390270233154297,0.0,0.0
model_0,1806,1,0.3091542720794678,4,4,1,0,0.8506883382797241,0.22462201118469238,0.08453226089477539,0.27343067370922974,worker1,worker1,worker1,0,0.22462201118469238,0.0,0.0
model_0,1807,1,0.31145167350769043,8,8,1,0,0.9986141920089722,0.2238602638244629,0.08759140968322754,0.28123595772255405,worker1,worker1,worker1,0,0.2238602638244629,0.0,0.0
model_0,1808,1,0.3108978271484375,9,9,1,0,0.8507813811302185,0.2239058017730713,0.08699202537536621,0.2798090490797546,worker1,worker1,worker1,0,0.2239058017730713,0.0,0.0
model_0,1809,1,0.31274843215942383,7,7,1,0,0.9785438179969788,0.2211167812347412,0.09163165092468262,0.2929883622181463,worker1,worker1,worker1,0,0.2211167812347412,0.0,0.0
model_0,1810,1,0.31206393241882324,9,9,1,0,0.9817643761634827,0.22426128387451172,0.08780264854431152,0.28136109118329944,worker1,worker1,worker1,0,0.22426128387451172,0.0,0.0
model_0,1811,1,0.3193678855895996,4,6,0,0,0.8347752690315247,0.227003812789917,0.09236407279968262,0.28920901871258936,worker1,worker1,worker1,0,0.227003812789917,0.0,0.0
model_0,1812,1,0.30931663513183594,0,0,1,0,0.8525217771530151,0.22180414199829102,0.08751249313354492,0.28292203908220337,worker1,worker1,worker1,0,0.22180414199829102,0.0,0.0
model_0,1813,1,0.49738574028015137,4,4,1,1,0.9554936289787292,0.3767685890197754,0.12061715126037598,0.24250223014523625,worker1,worker1,worker1,0,0.3767685890197754,0.0,0.0
model_0,1814,1,0.3022761344909668,7,7,1,0,0.9014183282852173,0.2182307243347168,0.08404541015625,0.2780418318428695,worker1,worker1,worker1,0,0.2182307243347168,0.0,0.0
model_0,1815,1,0.3064260482788086,9,1,0,0,0.6678369641304016,0.22277140617370605,0.08365464210510254,0.2730010799505775,worker1,worker1,worker1,0,0.22277140617370605,0.0,0.0
model_0,1816,1,0.308241605758667,9,9,1,0,0.7115132808685303,0.22460627555847168,0.08363533020019531,0.2713304389728501,worker1,worker1,worker1,0,0.22460627555847168,0.0,0.0
model_0,1817,1,0.35222411155700684,9,9,1,0,0.999241828918457,0.22490978240966797,0.12731432914733887,0.36145830160390163,worker1,worker1,worker1,0,0.22490978240966797,0.0,0.0
model_0,1818,1,0.309755802154541,3,3,1,0,0.9676355719566345,0.22613215446472168,0.08362364768981934,0.2699663641751526,worker1,worker1,worker1,0,0.22613215446472168,0.0,0.0
model_0,1819,1,0.37636876106262207,8,8,1,0,0.9917098879814148,0.2319040298461914,0.14446473121643066,0.3838382622632007,worker1,worker1,worker1,0,0.2319040298461914,0.0,0.0
model_0,1820,1,0.30877232551574707,9,9,1,0,0.9990931749343872,0.2234938144683838,0.08527851104736328,0.2761857329827772,worker1,worker1,worker1,0,0.2234938144683838,0.0,0.0
model_0,1821,1,0.3275730609893799,6,6,1,0,0.9180291295051575,0.22641682624816895,0.10115623474121094,0.3088051088074379,worker1,worker1,worker1,0,0.22641682624816895,0.0,0.0
model_0,1822,1,0.3553304672241211,4,4,1,0,0.9577369093894958,0.22335219383239746,0.13197827339172363,0.3714240279555867,worker1,worker1,worker1,0,0.22335219383239746,0.0,0.0
model_0,1823,1,0.3411393165588379,1,1,1,0,0.9995300769805908,0.2242145538330078,0.11692476272583008,0.3427478365885262,worker1,worker1,worker1,0,0.2242145538330078,0.0,0.0
model_0,1824,1,0.31526803970336914,3,0,0,0,0.8997759222984314,0.22365212440490723,0.09161591529846191,0.2905969009248826,worker1,worker1,worker1,0,0.22365212440490723,0.0,0.0
model_0,1825,1,0.31746959686279297,8,8,1,0,0.9768545031547546,0.22832512855529785,0.08914446830749512,0.280796867443097,worker1,worker1,worker1,0,0.22832512855529785,0.0,0.0
model_0,1826,1,0.3793642520904541,6,6,1,0,0.8864215016365051,0.22817659378051758,0.15118765830993652,0.39852900603267155,worker1,worker1,worker1,0,0.22817659378051758,0.0,0.0
model_0,1827,1,0.47399425506591797,3,3,1,1,0.9906477332115173,0.38253188133239746,0.09146237373352051,0.1929609330830411,worker1,worker1,worker1,0,0.38253188133239746,0.0,0.0
model_0,1828,1,0.30460214614868164,9,9,1,0,0.9709933996200562,0.21901512145996094,0.0855870246887207,0.2809797165609732,worker1,worker1,worker1,0,0.21901512145996094,0.0,0.0
model_0,1829,1,0.5226809978485107,0,8,0,1,0.9377926588058472,0.3718252182006836,0.15085577964782715,0.2886192156760783,worker1,worker1,worker1,0,0.3718252182006836,0.0,0.0
model_0,1830,1,0.3041112422943115,3,5,0,0,0.6603336334228516,0.21960663795471191,0.08450460433959961,0.2778739901296319,worker1,worker1,worker1,0,0.21960663795471191,0.0,0.0
model_0,1831,1,0.47206544876098633,3,3,1,1,0.8211320042610168,0.38638925552368164,0.08567619323730469,0.18149219236903696,worker1,worker1,worker1,0,0.38638925552368164,0.0,0.0
model_0,1832,1,0.3101193904876709,0,0,1,0,0.7781983613967896,0.22274565696716309,0.08737373352050781,0.28174224573029866,worker1,worker1,worker1,0,0.22274565696716309,0.0,0.0
model_0,1833,1,0.3065328598022461,5,3,0,0,0.8410595655441284,0.22338461875915527,0.08314824104309082,0.2712539239569041,worker1,worker1,worker1,0,0.22338461875915527,0.0,0.0
model_0,1834,1,0.30486178398132324,9,9,1,0,0.9989362359046936,0.2224428653717041,0.08241891860961914,0.2703484757363631,worker1,worker1,worker1,0,0.2224428653717041,0.0,0.0
model_0,1835,1,0.4939584732055664,2,2,1,1,0.9249035716056824,0.3780076503753662,0.1159508228302002,0.2347379974630903,worker1,worker1,worker1,0,0.3780076503753662,0.0,0.0
model_0,1836,1,0.468416690826416,4,4,1,1,0.9918110370635986,0.38426685333251953,0.08414983749389648,0.1796473933186134,worker1,worker1,worker1,0,0.38426685333251953,0.0,0.0
model_0,1837,1,0.5069191455841064,5,5,1,1,0.5879268646240234,0.3689992427825928,0.13791990280151367,0.2720747559112076,worker1,worker1,worker1,0,0.3689992427825928,0.0,0.0
model_0,1838,1,0.4731729030609131,9,0,0,1,0.8236268162727356,0.3858461380004883,0.0873267650604248,0.18455571841818455,worker1,worker1,worker1,0,0.3858461380004883,0.0,0.0
model_0,1839,1,0.31040167808532715,3,3,1,0,0.8228225708007812,0.22652554512023926,0.08387613296508789,0.27021803967835173,worker1,worker1,worker1,0,0.22652554512023926,0.0,0.0
model_0,1840,1,0.46501970291137695,3,3,1,1,0.9999470710754395,0.3799021244049072,0.08511757850646973,0.18304080015012045,worker1,worker1,worker1,0,0.3799021244049072,0.0,0.0
model_0,1841,1,0.3161447048187256,5,5,1,0,0.9382132887840271,0.23163771629333496,0.08450698852539062,0.2673047729008972,worker1,worker1,worker1,0,0.23163771629333496,0.0,0.0
model_0,1842,1,0.31734323501586914,3,3,1,0,0.8409488201141357,0.23406314849853516,0.08328008651733398,0.2624290589120939,worker1,worker1,worker1,0,0.23406314849853516,0.0,0.0
model_0,1843,1,0.3088972568511963,9,9,1,0,0.9997228980064392,0.22506260871887207,0.08383464813232422,0.2713997818786378,worker1,worker1,worker1,0,0.22506260871887207,0.0,0.0
model_0,1844,1,0.5202510356903076,6,6,1,1,0.7982648015022278,0.38347792625427246,0.13677310943603516,0.2628982934258929,worker1,worker1,worker1,0,0.38347792625427246,0.0,0.0
model_0,1845,1,0.31528687477111816,4,5,0,0,0.8211985230445862,0.23138928413391113,0.08389759063720703,0.26609921741306963,worker1,worker1,worker1,0,0.23138928413391113,0.0,0.0
model_0,1846,1,1.3984649181365967,6,2,0,3,0.47130584716796875,1.1965761184692383,0.2018887996673584,0.1443645793677598,worker1->worker2->worker3,worker1,worker3,0,0.37347888946533203,0.5484185218811035,0.27467870712280273
model_0,1847,1,0.3207700252532959,4,4,1,0,0.9387040138244629,0.22609567642211914,0.09467434883117676,0.2951471190502205,worker1,worker1,worker1,0,0.22609567642211914,0.0,0.0
model_0,1848,1,0.3835337162017822,9,9,1,0,0.7012901902198792,0.23141074180603027,0.15212297439575195,0.3966352056404815,worker1,worker1,worker1,0,0.23141074180603027,0.0,0.0
model_0,1849,1,0.36587953567504883,4,4,1,0,0.9227330684661865,0.22431349754333496,0.14156603813171387,0.38691980372863466,worker1,worker1,worker1,0,0.22431349754333496,0.0,0.0
model_0,1850,1,0.3146858215332031,5,3,0,0,0.8499209880828857,0.23048758506774902,0.0841982364654541,0.2675628538178997,worker1,worker1,worker1,0,0.23048758506774902,0.0,0.0
model_0,1851,1,0.45774197578430176,7,7,1,1,0.9887598752975464,0.37409114837646484,0.08365082740783691,0.18274668226462817,worker1,worker1,worker1,0,0.37409114837646484,0.0,0.0
model_0,1852,1,0.4689490795135498,5,7,0,1,0.8447838425636292,0.38388538360595703,0.08506369590759277,0.1813921801399654,worker1,worker1,worker1,0,0.38388538360595703,0.0,0.0
model_0,1853,1,0.3091135025024414,1,1,1,0,0.9989312291145325,0.224808931350708,0.0843045711517334,0.27273014756470415,worker1,worker1,worker1,0,0.224808931350708,0.0,0.0
model_0,1854,1,0.30542445182800293,0,0,1,0,0.841573178768158,0.2217860221862793,0.08363842964172363,0.27384326677558835,worker1,worker1,worker1,0,0.2217860221862793,0.0,0.0
model_0,1855,1,0.31253552436828613,8,8,1,0,0.9886736273765564,0.22908639907836914,0.08344912528991699,0.2670068481289892,worker1,worker1,worker1,0,0.22908639907836914,0.0,0.0
model_0,1856,1,0.4942302703857422,7,7,1,1,0.5934956669807434,0.3894922733306885,0.10473799705505371,0.2119214530775435,worker1,worker1,worker1,0,0.3894922733306885,0.0,0.0
model_0,1857,1,0.30455923080444336,8,8,1,0,0.9910445213317871,0.21963930130004883,0.08491992950439453,0.27882894660619034,worker1,worker1,worker1,0,0.21963930130004883,0.0,0.0
model_0,1858,1,0.31073546409606934,3,3,1,0,0.7475030422210693,0.22596430778503418,0.08477115631103516,0.2728081152810632,worker1,worker1,worker1,0,0.22596430778503418,0.0,0.0
model_0,1859,1,0.47381091117858887,4,4,1,1,0.8726400136947632,0.3765075206756592,0.09730339050292969,0.20536333842732904,worker1,worker1,worker1,0,0.3765075206756592,0.0,0.0
model_0,1860,1,1.1692733764648438,2,2,1,2,0.9734439849853516,0.9684393405914307,0.20083403587341309,0.17175969274235117,worker1->worker2,worker1,worker2,0,0.37839698791503906,0.5900423526763916,0.0
model_0,1861,1,0.462238073348999,4,4,1,1,0.9906616806983948,0.3768956661224365,0.0853424072265625,0.18462868410696076,worker1,worker1,worker1,0,0.3768956661224365,0.0,0.0
model_0,1862,1,0.3236117362976074,7,7,1,0,0.7599820494651794,0.22147130966186523,0.10214042663574219,0.3156264596714422,worker1,worker1,worker1,0,0.22147130966186523,0.0,0.0
model_0,1863,1,0.31108832359313965,1,1,1,0,0.788620114326477,0.22631168365478516,0.08477663993835449,0.27251630327736304,worker1,worker1,worker1,0,0.22631168365478516,0.0,0.0
model_0,1864,1,0.31247687339782715,1,1,1,0,0.8214215040206909,0.22879981994628906,0.08367705345153809,0.26778638861060733,worker1,worker1,worker1,0,0.22879981994628906,0.0,0.0
model_0,1865,1,0.31228017807006836,0,0,1,0,0.9161893725395203,0.22934889793395996,0.0829312801361084,0.26556690420965673,worker1,worker1,worker1,0,0.22934889793395996,0.0,0.0
model_0,1866,1,0.3273153305053711,9,9,1,0,0.9997814297676086,0.229170560836792,0.0981447696685791,0.29984776306396865,worker1,worker1,worker1,0,0.229170560836792,0.0,0.0
model_0,1867,1,0.32410478591918945,5,5,1,0,0.8920447826385498,0.23038387298583984,0.09372091293334961,0.2891685559889186,worker1,worker1,worker1,0,0.23038387298583984,0.0,0.0
model_0,1868,1,0.31498050689697266,3,3,1,0,0.8620888590812683,0.2299196720123291,0.08506083488464355,0.27005110799591864,worker1,worker1,worker1,0,0.2299196720123291,0.0,0.0
model_0,1869,1,0.46644163131713867,5,5,1,1,0.9447901248931885,0.3808009624481201,0.08564066886901855,0.1836042563936377,worker1,worker1,worker1,0,0.3808009624481201,0.0,0.0
model_0,1870,1,0.3130831718444824,9,9,1,0,0.9962844848632812,0.22898507118225098,0.08409810066223145,0.2686126506473667,worker1,worker1,worker1,0,0.22898507118225098,0.0,0.0
model_0,1871,1,1.0834221839904785,8,5,0,2,0.821526288986206,0.9203319549560547,0.16309022903442383,0.15053248073039008,worker1->worker2,worker1,worker2,0,0.3808012008666992,0.5395307540893555,0.0
model_0,1872,1,0.3141059875488281,2,2,1,0,0.9731190204620361,0.2289726734161377,0.08513331413269043,0.2710337195321893,worker1,worker1,worker1,0,0.2289726734161377,0.0,0.0
model_0,1873,1,0.4664926528930664,0,0,1,1,0.9990750551223755,0.38079333305358887,0.08569931983947754,0.18370990262760323,worker1,worker1,worker1,0,0.38079333305358887,0.0,0.0
model_0,1874,1,0.3119494915008545,9,1,0,0,0.792637050151825,0.22455430030822754,0.08739519119262695,0.28015814602598116,worker1,worker1,worker1,0,0.22455430030822754,0.0,0.0
model_0,1875,1,0.32128286361694336,3,3,1,0,0.9678675532341003,0.2355036735534668,0.08577919006347656,0.26698962122595093,worker1,worker1,worker1,0,0.2355036735534668,0.0,0.0
model_0,1876,1,0.314211368560791,7,7,1,0,0.9767580628395081,0.22930908203125,0.08490228652954102,0.2702075577927882,worker1,worker1,worker1,0,0.22930908203125,0.0,0.0
model_0,1877,1,0.3132176399230957,6,6,1,0,0.8700875639915466,0.2284717559814453,0.08474588394165039,0.2705654891035449,worker1,worker1,worker1,0,0.2284717559814453,0.0,0.0
model_0,1878,1,0.32366108894348145,5,5,1,0,0.8500989675521851,0.23224234580993652,0.09141874313354492,0.2824520656219775,worker1,worker1,worker1,0,0.23224234580993652,0.0,0.0
model_0,1879,1,0.3061492443084717,9,1,0,0,0.9983035326004028,0.21958208084106445,0.08656716346740723,0.2827613168307656,worker1,worker1,worker1,0,0.21958208084106445,0.0,0.0
model_0,1880,1,0.3507578372955322,5,7,0,0,0.5299491286277771,0.2234346866607666,0.12732315063476562,0.3629944568494105,worker1,worker1,worker1,0,0.2234346866607666,0.0,0.0
model_0,1881,1,0.34117794036865234,5,5,1,0,0.561154305934906,0.22478199005126953,0.11639595031738281,0.3411590743282339,worker1,worker1,worker1,0,0.22478199005126953,0.0,0.0
model_0,1882,1,1.2443623542785645,2,2,1,2,0.9978310465812683,1.0121989250183105,0.2321634292602539,0.18657220580644593,worker1->worker2,worker1,worker2,0,0.3821554183959961,0.6300435066223145,0.0
model_0,1883,1,0.30840063095092773,7,7,1,0,0.994330883026123,0.22225546836853027,0.08614516258239746,0.2793287494801032,worker1,worker1,worker1,0,0.22225546836853027,0.0,0.0
model_0,1884,1,0.3162539005279541,0,0,1,0,0.8356835246086121,0.23361778259277344,0.08263611793518066,0.26129675490872356,worker1,worker1,worker1,0,0.23361778259277344,0.0,0.0
model_0,1885,1,0.4547114372253418,9,9,1,1,0.9981174468994141,0.3708076477050781,0.08390378952026367,0.18452095692214443,worker1,worker1,worker1,0,0.3708076477050781,0.0,0.0
model_0,1886,1,0.3058207035064697,7,7,1,0,0.8311330080032349,0.21816515922546387,0.08765554428100586,0.28662397043747395,worker1,worker1,worker1,0,0.21816515922546387,0.0,0.0
model_0,1887,1,0.30812621116638184,3,5,0,0,0.8103694915771484,0.22272849082946777,0.08539772033691406,0.27715175548892546,worker1,worker1,worker1,0,0.22272849082946777,0.0,0.0
model_0,1888,1,0.3078455924987793,7,7,1,0,0.9777878522872925,0.22386455535888672,0.08398103713989258,0.27280246716615114,worker1,worker1,worker1,0,0.22386455535888672,0.0,0.0
model_0,1889,1,0.3377516269683838,5,5,1,0,0.8065717816352844,0.2260892391204834,0.11166238784790039,0.3306050332019655,worker1,worker1,worker1,0,0.2260892391204834,0.0,0.0
model_0,1890,1,0.5198674201965332,0,0,1,1,0.6560958027839661,0.37677574157714844,0.14309167861938477,0.2752464821998072,worker1,worker1,worker1,0,0.37677574157714844,0.0,0.0
model_0,1891,1,0.3081493377685547,8,8,1,0,0.9929681420326233,0.2228548526763916,0.08529448509216309,0.27679593832593663,worker1,worker1,worker1,0,0.2228548526763916,0.0,0.0
model_0,1892,1,0.3110697269439697,2,2,1,0,0.8820740580558777,0.22639155387878418,0.08467817306518555,0.27221605232076435,worker1,worker1,worker1,0,0.22639155387878418,0.0,0.0
model_0,1893,1,0.31334781646728516,4,4,1,0,0.7002601623535156,0.2301654815673828,0.08318233489990234,0.2654632664676217,worker1,worker1,worker1,0,0.2301654815673828,0.0,0.0
model_0,1894,1,0.46192169189453125,9,9,1,1,0.9921368360519409,0.37923264503479004,0.08268904685974121,0.17901096292014204,worker1,worker1,worker1,0,0.37923264503479004,0.0,0.0
model_0,1895,1,0.46248316764831543,6,6,1,1,0.9985511898994446,0.37754273414611816,0.08494043350219727,0.18366167558943083,worker1,worker1,worker1,0,0.37754273414611816,0.0,0.0
model_0,1896,1,0.307100772857666,4,4,1,0,0.972734808921814,0.22409605979919434,0.08300471305847168,0.2702849370455424,worker1,worker1,worker1,0,0.22409605979919434,0.0,0.0
model_0,1897,1,0.3780961036682129,5,3,0,0,0.854764461517334,0.22551608085632324,0.15258002281188965,0.4035482548790869,worker1,worker1,worker1,0,0.22551608085632324,0.0,0.0
model_0,1898,1,1.289649248123169,0,2,0,3,0.5632382035255432,1.0329034328460693,0.2567458152770996,0.1990818942830717,worker1->worker2->worker3,worker1,worker3,0,0.3768947124481201,0.34764742851257324,0.308361291885376
model_0,1899,1,0.3743879795074463,0,0,1,0,0.9578691720962524,0.22315192222595215,0.15123605728149414,0.40395543008742935,worker1,worker1,worker1,0,0.22315192222595215,0.0,0.0
model_0,1900,1,0.9542238712310791,2,2,1,2,0.8221949934959412,0.7557847499847412,0.1984391212463379,0.20795866381997374,worker1->worker2,worker1,worker2,0,0.3771042823791504,0.3786804676055908,0.0
model_0,1901,1,0.30719804763793945,7,5,0,0,0.9496379494667053,0.22089672088623047,0.08630132675170898,0.2809305834307348,worker1,worker1,worker1,0,0.22089672088623047,0.0,0.0
model_0,1902,1,0.488720178604126,0,0,1,1,0.9705402255058289,0.4015004634857178,0.0872197151184082,0.178465549279188,worker1,worker1,worker1,0,0.4015004634857178,0.0,0.0
model_0,1903,1,0.4561889171600342,8,8,1,1,0.7227938175201416,0.3712484836578369,0.08494043350219727,0.18619574107803147,worker1,worker1,worker1,0,0.3712484836578369,0.0,0.0
model_0,1904,1,0.30944395065307617,4,4,1,0,0.9103391766548157,0.22527670860290527,0.0841672420501709,0.27199511211170024,worker1,worker1,worker1,0,0.22527670860290527,0.0,0.0
model_0,1905,1,0.3087880611419678,1,1,1,0,0.9655936360359192,0.2239694595336914,0.08481860160827637,0.2746822571267752,worker1,worker1,worker1,0,0.2239694595336914,0.0,0.0
model_0,1906,1,0.3134787082672119,7,7,1,0,0.9353451132774353,0.2300410270690918,0.08343768119812012,0.2661669803966307,worker1,worker1,worker1,0,0.2300410270690918,0.0,0.0
model_0,1907,1,0.3222167491912842,8,8,1,0,0.9796841144561768,0.22020387649536133,0.10201287269592285,0.31659705136979965,worker1,worker1,worker1,0,0.22020387649536133,0.0,0.0
model_0,1908,1,0.3427445888519287,5,3,0,0,0.7672160863876343,0.2194509506225586,0.12329363822937012,0.3597245361111594,worker1,worker1,worker1,0,0.2194509506225586,0.0,0.0
model_0,1909,1,0.36512160301208496,3,3,1,0,0.9718604683876038,0.2222297191619873,0.14289188385009766,0.39135423012855297,worker1,worker1,worker1,0,0.2222297191619873,0.0,0.0
model_0,1910,1,0.34825825691223145,4,4,1,0,0.9879022836685181,0.2236955165863037,0.12456274032592773,0.35767347321594223,worker1,worker1,worker1,0,0.2236955165863037,0.0,0.0
model_0,1911,1,0.3023805618286133,0,0,1,0,0.7780067920684814,0.2198185920715332,0.08256196975708008,0.2730399376791802,worker1,worker1,worker1,0,0.2198185920715332,0.0,0.0
model_0,1912,1,0.3100850582122803,2,2,1,0,0.9691025614738464,0.22624921798706055,0.08383584022521973,0.2703640114378771,worker1,worker1,worker1,0,0.22624921798706055,0.0,0.0
model_0,1913,1,0.37961864471435547,7,9,0,0,0.8328974843025208,0.2192389965057373,0.16037964820861816,0.4224756882773659,worker1,worker1,worker1,0,0.2192389965057373,0.0,0.0
model_0,1914,1,0.342510461807251,7,7,1,0,0.9824432134628296,0.22333812713623047,0.11917233467102051,0.3479377944901583,worker1,worker1,worker1,0,0.22333812713623047,0.0,0.0
model_0,1915,1,0.31818509101867676,7,7,1,0,0.9997101426124573,0.22805428504943848,0.09013080596923828,0.2832653336480426,worker1,worker1,worker1,0,0.22805428504943848,0.0,0.0
model_0,1916,1,0.302931547164917,0,0,1,0,0.990145742893219,0.2197577953338623,0.08317375183105469,0.274562859528706,worker1,worker1,worker1,0,0.2197577953338623,0.0,0.0
model_0,1917,1,0.4655344486236572,3,3,1,1,0.9303693175315857,0.3719179630279541,0.09361648559570312,0.20109464696431872,worker1,worker1,worker1,0,0.3719179630279541,0.0,0.0
model_0,1918,1,0.30286741256713867,8,8,1,0,0.9969298243522644,0.21906042098999023,0.08380699157714844,0.27671181546667845,worker1,worker1,worker1,0,0.21906042098999023,0.0,0.0
model_0,1919,1,0.30835747718811035,8,8,1,0,0.9908109903335571,0.22462677955627441,0.08373069763183594,0.27153775674703967,worker1,worker1,worker1,0,0.22462677955627441,0.0,0.0
model_0,1920,1,0.3140244483947754,7,7,1,0,0.9972502589225769,0.22584080696105957,0.08818364143371582,0.28081775761247696,worker1,worker1,worker1,0,0.22584080696105957,0.0,0.0
model_0,1921,1,0.5348560810089111,7,7,1,1,0.9969885945320129,0.37416696548461914,0.160689115524292,0.3004343060308494,worker1,worker1,worker1,0,0.37416696548461914,0.0,0.0
model_0,1922,1,0.3038914203643799,1,8,0,0,0.49501070380210876,0.21900010108947754,0.08489131927490234,0.27934753529110407,worker1,worker1,worker1,0,0.21900010108947754,0.0,0.0
model_0,1923,1,0.4690132141113281,3,3,1,1,0.9997081160545349,0.38339900970458984,0.08561420440673828,0.18254113494213048,worker1,worker1,worker1,0,0.38339900970458984,0.0,0.0
model_0,1924,1,0.45812201499938965,2,2,1,1,0.8892104029655457,0.37287402153015137,0.08524799346923828,0.18608141647449938,worker1,worker1,worker1,0,0.37287402153015137,0.0,0.0
model_0,1925,1,0.31270837783813477,7,7,1,0,0.9080207347869873,0.22758889198303223,0.08511948585510254,0.27220084873825284,worker1,worker1,worker1,0,0.22758889198303223,0.0,0.0
model_0,1926,1,0.3057229518890381,9,9,1,0,0.9968937635421753,0.22204351425170898,0.0836794376373291,0.2737100277237297,worker1,worker1,worker1,0,0.22204351425170898,0.0,0.0
model_0,1927,1,0.3054029941558838,9,1,0,0,0.7825345396995544,0.22215890884399414,0.08324408531188965,0.27257128091350735,worker1,worker1,worker1,0,0.22215890884399414,0.0,0.0
model_0,1928,1,1.4108262062072754,8,9,0,3,0.5444834232330322,1.1653797626495361,0.24544644355773926,0.1739735500218507,worker1->worker2->worker3,worker1,worker3,0,0.3794372081756592,0.5958902835845947,0.19005227088928223
model_0,1929,1,0.315387487411499,9,9,1,0,0.9861089587211609,0.2297368049621582,0.08565068244934082,0.27157286153711246,worker1,worker1,worker1,0,0.2297368049621582,0.0,0.0
model_0,1930,1,0.4641265869140625,5,5,1,1,0.9950279593467712,0.37969541549682617,0.08443117141723633,0.18191410231120755,worker1,worker1,worker1,0,0.37969541549682617,0.0,0.0
model_0,1931,1,0.4664320945739746,8,0,0,1,0.663911759853363,0.37580204010009766,0.09063005447387695,0.1943049278301824,worker1,worker1,worker1,0,0.37580204010009766,0.0,0.0
model_0,1932,1,0.46164369583129883,4,4,1,1,0.9803589582443237,0.37714338302612305,0.08450031280517578,0.18304227604151066,worker1,worker1,worker1,0,0.37714338302612305,0.0,0.0
model_0,1933,1,0.462202787399292,2,6,0,1,0.9097738265991211,0.3793680667877197,0.08283472061157227,0.17921726754973516,worker1,worker1,worker1,0,0.3793680667877197,0.0,0.0
model_0,1934,1,0.3012049198150635,8,8,1,0,0.6062305569648743,0.21876215934753418,0.0824427604675293,0.2737098733916705,worker1,worker1,worker1,0,0.21876215934753418,0.0,0.0
model_0,1935,1,0.3114583492279053,4,2,0,0,0.8077419996261597,0.22338223457336426,0.08807611465454102,0.2827861730882435,worker1,worker1,worker1,0,0.22338223457336426,0.0,0.0
model_0,1936,1,0.30738234519958496,5,5,1,0,0.9739968180656433,0.22263598442077637,0.0847463607788086,0.2757034101089389,worker1,worker1,worker1,0,0.22263598442077637,0.0,0.0
model_0,1937,1,0.4649195671081543,7,7,1,1,0.9938012957572937,0.3786189556121826,0.08630061149597168,0.18562482115513018,worker1,worker1,worker1,0,0.3786189556121826,0.0,0.0
model_0,1938,1,1.1767897605895996,1,1,1,2,0.797435462474823,1.000772476196289,0.17601728439331055,0.14957411280084704,worker1->worker2,worker1,worker2,0,0.3744328022003174,0.6263396739959717,0.0
model_0,1939,1,0.9901959896087646,0,5,0,2,0.7517062425613403,0.8458788394927979,0.1443171501159668,0.1457460458640999,worker1->worker2,worker1,worker2,0,0.37099766731262207,0.4748811721801758,0.0
model_0,1940,1,0.462496280670166,4,4,1,1,0.9712494015693665,0.3760683536529541,0.08642792701721191,0.1868726963425007,worker1,worker1,worker1,0,0.3760683536529541,0.0,0.0
model_0,1941,1,0.45231175422668457,4,4,1,1,0.9943687319755554,0.3689589500427246,0.08335280418395996,0.18428175568080887,worker1,worker1,worker1,0,0.3689589500427246,0.0,0.0
model_0,1942,1,0.31002283096313477,9,9,1,0,0.9987928867340088,0.21851658821105957,0.0915062427520752,0.29515969023247945,worker1,worker1,worker1,0,0.21851658821105957,0.0,0.0
model_0,1943,1,0.3068661689758301,0,0,1,0,0.9184367060661316,0.22333836555480957,0.08352780342102051,0.272196194516312,worker1,worker1,worker1,0,0.22333836555480957,0.0,0.0
model_0,1944,1,0.30826640129089355,7,7,1,0,0.9933308959007263,0.22321224212646484,0.08505415916442871,0.27591122097074705,worker1,worker1,worker1,0,0.22321224212646484,0.0,0.0
model_0,1945,1,0.47385406494140625,2,2,1,1,0.8583371639251709,0.3901844024658203,0.08366966247558594,0.17657263842599302,worker1,worker1,worker1,0,0.3901844024658203,0.0,0.0
model_0,1946,1,1.4199297428131104,0,3,0,3,0.5228296518325806,1.2177269458770752,0.20220279693603516,0.14240338154720159,worker1->worker2->worker3,worker1,worker3,0,0.3692629337310791,0.6065957546234131,0.241868257522583
model_0,1947,1,0.3061683177947998,7,7,1,0,0.9391677975654602,0.22072386741638184,0.08544445037841797,0.2790767215688351,worker1,worker1,worker1,0,0.22072386741638184,0.0,0.0
model_0,1948,1,0.31618642807006836,6,6,1,0,0.9143998026847839,0.2232346534729004,0.09295177459716797,0.29397774966030304,worker1,worker1,worker1,0,0.2232346534729004,0.0,0.0
model_0,1949,1,0.465242862701416,2,2,1,1,0.9453743100166321,0.37386465072631836,0.09137821197509766,0.19640970190174084,worker1,worker1,worker1,0,0.37386465072631836,0.0,0.0
model_0,1950,1,0.3278777599334717,0,0,1,0,0.9944249391555786,0.2181689739227295,0.10970878601074219,0.3346027069143169,worker1,worker1,worker1,0,0.2181689739227295,0.0,0.0
model_0,1951,1,0.3367760181427002,5,5,1,0,0.6082179546356201,0.2529606819152832,0.08381533622741699,0.24887560785846216,worker1,worker1,worker1,0,0.2529606819152832,0.0,0.0
model_0,1952,1,0.45493602752685547,4,4,1,1,0.9279145002365112,0.37103891372680664,0.08389711380004883,0.184415189661136,worker1,worker1,worker1,0,0.37103891372680664,0.0,0.0
model_0,1953,1,0.30309081077575684,4,4,1,0,0.9880373477935791,0.21914029121398926,0.08395051956176758,0.27698140813605454,worker1,worker1,worker1,0,0.21914029121398926,0.0,0.0
model_0,1954,1,0.3148930072784424,9,9,1,0,0.8806365132331848,0.22591400146484375,0.08897900581359863,0.28256901155928,worker1,worker1,worker1,0,0.22591400146484375,0.0,0.0
model_0,1955,1,0.319277286529541,2,2,1,0,0.8356453776359558,0.22385692596435547,0.09542036056518555,0.29886360411784824,worker1,worker1,worker1,0,0.22385692596435547,0.0,0.0
model_0,1956,1,1.4108216762542725,3,6,0,3,0.4443945288658142,1.200958251953125,0.20986342430114746,0.14875262255562607,worker1->worker2->worker3,worker1,worker3,0,0.37389206886291504,0.597545862197876,0.22952032089233398
model_0,1957,1,0.30793190002441406,7,7,1,0,0.5498101115226746,0.2225792407989502,0.08535265922546387,0.2771803090835888,worker1,worker1,worker1,0,0.2225792407989502,0.0,0.0
model_0,1958,1,0.31523609161376953,9,1,0,0,0.6007573008537292,0.22396230697631836,0.09127378463745117,0.2895410362760135,worker1,worker1,worker1,0,0.22396230697631836,0.0,0.0
model_0,1959,1,0.31089282035827637,9,9,1,0,0.9851765632629395,0.22509980201721191,0.08579301834106445,0.27595689807888013,worker1,worker1,worker1,0,0.22509980201721191,0.0,0.0
model_0,1960,1,0.3178417682647705,6,6,1,0,0.9989342093467712,0.22444605827331543,0.09339570999145508,0.2938434130332864,worker1,worker1,worker1,0,0.22444605827331543,0.0,0.0
model_0,1961,1,0.3080782890319824,4,2,0,0,0.9683416485786438,0.22260546684265137,0.08547282218933105,0.2774386421642906,worker1,worker1,worker1,0,0.22260546684265137,0.0,0.0
model_0,1962,1,0.3139781951904297,9,9,1,0,0.9984031319618225,0.2255861759185791,0.08839201927185059,0.28152279561400845,worker1,worker1,worker1,0,0.2255861759185791,0.0,0.0
model_0,1963,1,0.5080695152282715,9,1,0,1,0.9145392179489136,0.3807075023651123,0.12736201286315918,0.250678320674163,worker1,worker1,worker1,0,0.3807075023651123,0.0,0.0
model_0,1964,1,0.30263376235961914,3,3,1,0,0.8253145217895508,0.21866726875305176,0.08396649360656738,0.27745249886161133,worker1,worker1,worker1,0,0.21866726875305176,0.0,0.0
model_0,1965,1,0.3096649646759033,0,7,0,0,0.9419671893119812,0.2259204387664795,0.08374452590942383,0.2704359080371627,worker1,worker1,worker1,0,0.2259204387664795,0.0,0.0
model_0,1966,1,0.505070686340332,6,6,1,1,0.996085524559021,0.37219834327697754,0.1328723430633545,0.26307672699464696,worker1,worker1,worker1,0,0.37219834327697754,0.0,0.0
model_0,1967,1,0.30457305908203125,8,8,1,0,0.4988536834716797,0.22062468528747559,0.08394837379455566,0.2756263933769194,worker1,worker1,worker1,0,0.22062468528747559,0.0,0.0
model_0,1968,1,0.3065202236175537,4,4,1,0,0.7305753827095032,0.22254323959350586,0.08397698402404785,0.273968820174248,worker1,worker1,worker1,0,0.22254323959350586,0.0,0.0
model_0,1969,1,0.31375813484191895,8,8,1,0,0.739068329334259,0.22986173629760742,0.08389639854431152,0.2673919469421283,worker1,worker1,worker1,0,0.22986173629760742,0.0,0.0
model_0,1970,1,0.4844832420349121,6,6,1,1,0.996459424495697,0.3768913745880127,0.10759186744689941,0.22207551905200115,worker1,worker1,worker1,0,0.3768913745880127,0.0,0.0
model_0,1971,1,0.3119339942932129,3,6,0,0,0.6340110898017883,0.22600698471069336,0.08592700958251953,0.2754653585519427,worker1,worker1,worker1,0,0.22600698471069336,0.0,0.0
model_0,1972,1,0.4553709030151367,0,0,1,1,0.7937355041503906,0.3711671829223633,0.08420372009277344,0.18491238578318753,worker1,worker1,worker1,0,0.3711671829223633,0.0,0.0
model_0,1973,1,1.1725149154663086,0,0,1,2,0.9481796622276306,1.007519245147705,0.16499567031860352,0.1407194638995145,worker1->worker2,worker1,worker2,0,0.367511510848999,0.640007734298706,0.0
model_0,1974,1,0.4564361572265625,3,2,0,1,0.7795742750167847,0.37111496925354004,0.08532118797302246,0.18692907347975796,worker1,worker1,worker1,0,0.37111496925354004,0.0,0.0
model_0,1975,1,0.4607503414154053,1,1,1,1,0.9911893606185913,0.37144947052001953,0.08930087089538574,0.1938161795410879,worker1,worker1,worker1,0,0.37144947052001953,0.0,0.0
model_0,1976,1,0.3011178970336914,5,5,1,0,0.9770979881286621,0.21697664260864258,0.08414125442504883,0.27942960300242287,worker1,worker1,worker1,0,0.21697664260864258,0.0,0.0
model_0,1977,1,0.31061768531799316,6,6,1,0,0.7057221531867981,0.22557997703552246,0.0850377082824707,0.2737696927829908,worker1,worker1,worker1,0,0.22557997703552246,0.0,0.0
model_0,1978,1,1.360668659210205,5,6,0,3,0.28236478567123413,1.1721677780151367,0.18850088119506836,0.13853547659757445,worker1->worker2->worker3,worker1,worker3,0,0.38048219680786133,0.6288318634033203,0.16285371780395508
model_0,1979,1,0.31312060356140137,8,1,0,0,0.6568609476089478,0.22095012664794922,0.09217047691345215,0.2943609454795203,worker1,worker1,worker1,0,0.22095012664794922,0.0,0.0
model_0,1980,1,0.32160067558288574,8,8,1,0,0.8645617961883545,0.2360668182373047,0.08553385734558105,0.26596292806461014,worker1,worker1,worker1,0,0.2360668182373047,0.0,0.0
model_0,1981,1,0.4569413661956787,1,8,0,1,0.7896533012390137,0.37430548667907715,0.08263587951660156,0.18084569625332172,worker1,worker1,worker1,0,0.37430548667907715,0.0,0.0
model_0,1982,1,0.46236658096313477,2,2,1,1,0.9773979783058167,0.37289881706237793,0.08946776390075684,0.1934996333740008,worker1,worker1,worker1,0,0.37289881706237793,0.0,0.0
model_0,1983,1,0.5214560031890869,0,4,0,1,0.784273624420166,0.3813011646270752,0.14015483856201172,0.26877596135601434,worker1,worker1,worker1,0,0.3813011646270752,0.0,0.0
model_0,1984,1,0.45249223709106445,9,0,0,1,0.929993748664856,0.36815309524536133,0.08433914184570312,0.18638804145656493,worker1,worker1,worker1,0,0.36815309524536133,0.0,0.0
model_0,1985,1,0.37064456939697266,3,3,1,0,0.9369903206825256,0.21957683563232422,0.15106773376464844,0.40758113361928117,worker1,worker1,worker1,0,0.21957683563232422,0.0,0.0
model_0,1986,1,1.1080994606018066,1,1,1,2,0.7556972503662109,0.945826530456543,0.16227293014526367,0.1464425675806516,worker1->worker2,worker1,worker2,0,0.37811875343322754,0.5677077770233154,0.0
model_0,1987,1,0.30347371101379395,4,4,1,0,0.976434588432312,0.21895360946655273,0.08452010154724121,0.27850880811023354,worker1,worker1,worker1,0,0.21895360946655273,0.0,0.0
model_0,1988,1,0.30665111541748047,4,4,1,0,0.9776291847229004,0.22367429733276367,0.0829768180847168,0.270590302506321,worker1,worker1,worker1,0,0.22367429733276367,0.0,0.0
model_0,1989,1,0.3170909881591797,9,1,0,0,0.8249476552009583,0.22599315643310547,0.09109783172607422,0.2872924022689131,worker1,worker1,worker1,0,0.22599315643310547,0.0,0.0
model_0,1990,1,0.31262707710266113,9,9,1,0,0.9728596806526184,0.2225046157836914,0.09012246131896973,0.2882746502772539,worker1,worker1,worker1,0,0.2225046157836914,0.0,0.0
model_0,1991,1,0.5120224952697754,3,3,1,1,0.9762141108512878,0.4284675121307373,0.08355498313903809,0.1631861566844138,worker1,worker1,worker1,0,0.4284675121307373,0.0,0.0
model_0,1992,1,0.30866193771362305,9,9,1,0,0.8943536281585693,0.22329187393188477,0.08537006378173828,0.2765811178861475,worker1,worker1,worker1,0,0.22329187393188477,0.0,0.0
model_0,1993,1,0.30581212043762207,9,9,1,0,0.9845948219299316,0.22307109832763672,0.08274102210998535,0.27056161800121464,worker1,worker1,worker1,0,0.22307109832763672,0.0,0.0
model_0,1994,1,0.31284499168395996,4,4,1,0,0.9905498623847961,0.2266237735748291,0.08622121810913086,0.27560363886608946,worker1,worker1,worker1,0,0.2266237735748291,0.0,0.0
model_0,1995,1,0.35757017135620117,9,9,1,0,0.9515076875686646,0.221907377243042,0.13566279411315918,0.3794018768361296,worker1,worker1,worker1,0,0.221907377243042,0.0,0.0
model_0,1996,1,0.3130457401275635,8,8,1,0,0.9989762306213379,0.22884368896484375,0.08420205116271973,0.2689768310803658,worker1,worker1,worker1,0,0.22884368896484375,0.0,0.0
model_0,1997,1,0.3083770275115967,1,0,0,0,0.9098419547080994,0.2236330509185791,0.08474397659301758,0.2748063864446931,worker1,worker1,worker1,0,0.2236330509185791,0.0,0.0
model_0,1998,1,0.47575974464416504,3,3,1,1,0.8951922059059143,0.38283443450927734,0.0929253101348877,0.19531982514491494,worker1,worker1,worker1,0,0.38283443450927734,0.0,0.0
model_0,1999,1,1.2398319244384766,5,5,1,2,0.67513108253479,1.0745205879211426,0.16531133651733398,0.13333366665179552,worker1->worker2,worker1,worker2,0,0.36856603622436523,0.7059545516967773,0.0
model_1,0,1,0.5374836921691895,4,4,1,1,0.9969582557678223,0.3734285831451416,0.16405510902404785,0.305228068152078,worker2,worker2,worker2,0,0.0,0.3734285831451416,0.0
model_1,1,1,0.31794142723083496,9,9,1,0,0.9741332530975342,0.22536301612854004,0.09257841110229492,0.29118071183306427,worker2,worker2,worker2,0,0.0,0.22536301612854004,0.0
model_1,2,1,0.8464176654815674,4,4,1,2,0.9076504707336426,0.7025699615478516,0.14384770393371582,0.16994884417006348,worker2->worker3,worker2,worker3,0,0.0,0.4502246379852295,0.25234532356262207
model_1,3,1,0.8652892112731934,7,7,1,2,0.9580668210983276,0.7260866165161133,0.13920259475708008,0.16087406724077408,worker2->worker3,worker2,worker3,0,0.0,0.5160324573516846,0.2100541591644287
model_1,4,1,1.2442185878753662,2,2,1,3,0.6928936243057251,1.1018545627593994,0.1423640251159668,0.11442042941913311,worker2->worker3->worker3,worker2,worker3,0,0.0,0.534217119216919,0.5676374435424805
model_1,5,1,0.478071928024292,1,8,0,1,0.9970308542251587,0.39653539657592773,0.08153653144836426,0.17055285338615656,worker2,worker2,worker2,0,0.0,0.39653539657592773,0.0
model_1,6,1,0.3013949394226074,0,0,1,0,0.9674277901649475,0.21913743019104004,0.08225750923156738,0.2729226621692816,worker2,worker2,worker2,0,0.0,0.21913743019104004,0.0
model_1,7,1,0.31000208854675293,6,6,1,0,0.7350977659225464,0.2254636287689209,0.08453845977783203,0.27270287169398333,worker2,worker2,worker2,0,0.0,0.2254636287689209,0.0
model_1,8,1,0.31247901916503906,0,0,1,0,0.9952982068061829,0.22977066040039062,0.08270835876464844,0.2646845186139206,worker2,worker2,worker2,0,0.0,0.22977066040039062,0.0
model_1,9,1,0.3078451156616211,1,1,1,0,0.9994612336158752,0.22533845901489258,0.08250665664672852,0.26801353164043257,worker2,worker2,worker2,0,0.0,0.22533845901489258,0.0
model_1,10,1,0.3130357265472412,8,8,1,0,0.9978577494621277,0.23020172119140625,0.08283400535583496,0.26461518073188434,worker2,worker2,worker2,0,0.0,0.23020172119140625,0.0
model_1,11,1,0.4667534828186035,6,6,1,1,0.5111022591590881,0.3814201354980469,0.08533334732055664,0.1828231613939989,worker2,worker2,worker2,0,0.0,0.3814201354980469,0.0
model_1,12,1,0.3779904842376709,4,4,1,0,0.8170408010482788,0.22198987007141113,0.15600061416625977,0.412710427038609,worker2,worker2,worker2,0,0.0,0.22198987007141113,0.0
model_1,13,1,0.46874547004699707,6,6,1,0,0.8630709648132324,0.30350208282470703,0.16524338722229004,0.3525226328175982,worker2,worker2,worker2,0,0.0,0.30350208282470703,0.0
model_1,14,1,0.3389112949371338,5,5,1,0,0.897756040096283,0.24665403366088867,0.09225726127624512,0.2722165435452906,worker2,worker2,worker2,0,0.0,0.24665403366088867,0.0
model_1,15,1,0.3026721477508545,0,0,1,0,0.9713948965072632,0.22030377388000488,0.08236837387084961,0.2721372762010841,worker2,worker2,worker2,0,0.0,0.22030377388000488,0.0
model_1,16,1,0.30239319801330566,0,0,1,0,0.9685707092285156,0.2196979522705078,0.08269524574279785,0.27346926546661,worker2,worker2,worker2,0,0.0,0.2196979522705078,0.0
model_1,17,1,0.30043911933898926,1,1,1,0,0.9888079762458801,0.21979904174804688,0.08064007759094238,0.26840738239535034,worker2,worker2,worker2,0,0.0,0.21979904174804688,0.0
model_1,18,1,0.2990565299987793,8,8,1,0,0.9975780844688416,0.21833062171936035,0.08072590827941895,0.26993528039581166,worker2,worker2,worker2,0,0.0,0.21833062171936035,0.0
model_1,19,1,0.45264434814453125,7,7,1,1,0.9669118523597717,0.3715672492980957,0.08107709884643555,0.17911876991016198,worker2,worker2,worker2,0,0.0,0.3715672492980957,0.0
model_1,20,1,0.30341100692749023,9,9,1,0,0.9990807771682739,0.22087597846984863,0.0825350284576416,0.2720238441361687,worker2,worker2,worker2,0,0.0,0.22087597846984863,0.0
model_1,21,1,0.46272993087768555,2,2,1,1,0.892536997795105,0.3808321952819824,0.08189773559570312,0.17698819577191202,worker2,worker2,worker2,0,0.0,0.3808321952819824,0.0
model_1,22,1,0.45233798027038574,2,2,1,1,0.9461506009101868,0.37042808532714844,0.0819098949432373,0.18108117937449236,worker2,worker2,worker2,0,0.0,0.37042808532714844,0.0
model_1,23,1,0.30278873443603516,9,9,1,0,0.9993879795074463,0.22029495239257812,0.08249378204345703,0.27244666878742163,worker2,worker2,worker2,0,0.0,0.22029495239257812,0.0
model_1,24,1,0.30984950065612793,7,7,1,0,0.9736049771308899,0.22842812538146973,0.0814213752746582,0.26277717118227645,worker2,worker2,worker2,0,0.0,0.22842812538146973,0.0
model_1,25,1,0.305863618850708,1,1,1,0,0.9990953207015991,0.22548270225524902,0.08038091659545898,0.26279986125022897,worker2,worker2,worker2,0,0.0,0.22548270225524902,0.0
model_1,26,1,0.45321226119995117,0,0,1,1,0.8765027523040771,0.37174105644226074,0.08147120475769043,0.17976390255193564,worker2,worker2,worker2,0,0.0,0.37174105644226074,0.0
model_1,27,1,1.256788730621338,2,2,1,3,0.3687599003314972,1.1004323959350586,0.1563563346862793,0.12440940221430774,worker2->worker3->worker3,worker2,worker3,0,0.0,0.5385093688964844,0.5619230270385742
model_1,28,1,0.45467042922973633,1,1,1,1,0.8889773488044739,0.37235498428344727,0.08231544494628906,0.1810442018095191,worker2,worker2,worker2,0,0.0,0.37235498428344727,0.0
model_1,29,1,0.3024308681488037,1,1,1,0,0.9999897480010986,0.22013115882873535,0.08229970932006836,0.2721273454122904,worker2,worker2,worker2,0,0.0,0.22013115882873535,0.0
model_1,30,1,0.4628565311431885,2,3,0,1,0.9752145409584045,0.3824574947357178,0.0803990364074707,0.17370185143309255,worker2,worker2,worker2,0,0.0,0.3824574947357178,0.0
model_1,31,1,0.9607479572296143,7,7,1,2,0.9009189605712891,0.8179018497467041,0.14284610748291016,0.14868218704811736,worker2->worker3,worker2,worker3,0,0.0,0.6035623550415039,0.2143394947052002
model_1,32,1,0.31111645698547363,8,0,0,0,0.9380125999450684,0.22822356224060059,0.08289289474487305,0.26643686916485876,worker2,worker2,worker2,0,0.0,0.22822356224060059,0.0
model_1,33,1,0.30902934074401855,4,4,1,0,0.8921220898628235,0.22574162483215332,0.08328771591186523,0.2695139423050959,worker2,worker2,worker2,0,0.0,0.22574162483215332,0.0
model_1,34,1,0.3086566925048828,3,5,0,0,0.788222074508667,0.22420907020568848,0.08444762229919434,0.2735972501158659,worker2,worker2,worker2,0,0.0,0.22420907020568848,0.0
model_1,35,1,0.3078453540802002,9,9,1,0,0.8353943228721619,0.2248215675354004,0.0830237865447998,0.26969316068733123,worker2,worker2,worker2,0,0.0,0.2248215675354004,0.0
model_1,36,1,0.3073253631591797,5,3,0,0,0.679963231086731,0.22393298149108887,0.08339238166809082,0.271348842838258,worker2,worker2,worker2,0,0.0,0.22393298149108887,0.0
model_1,37,1,0.3116271495819092,4,2,0,0,0.9385468363761902,0.2284843921661377,0.08314275741577148,0.2668020341851439,worker2,worker2,worker2,0,0.0,0.2284843921661377,0.0
model_1,38,1,0.380573034286499,2,2,1,0,0.684216320514679,0.22409796714782715,0.15647506713867188,0.41115647468831423,worker2,worker2,worker2,0,0.0,0.22409796714782715,0.0
model_1,39,1,0.384812593460083,4,4,1,0,0.9952996969223022,0.22136592864990234,0.16344666481018066,0.4247435442289784,worker2,worker2,worker2,0,0.0,0.22136592864990234,0.0
model_1,40,1,1.0259270668029785,2,2,1,2,0.7148045897483826,0.8819146156311035,0.144012451171875,0.14037299125039215,worker2->worker3,worker2,worker3,0,0.0,0.6295070648193359,0.2524075508117676
model_1,41,1,0.3143899440765381,7,7,1,0,0.9984331727027893,0.22983622550964355,0.08455371856689453,0.26894536596981605,worker2,worker2,worker2,0,0.0,0.22983622550964355,0.0
model_1,42,1,0.45879578590393066,4,4,1,1,0.9887579679489136,0.37589120864868164,0.08290457725524902,0.1807003895903455,worker2,worker2,worker2,0,0.0,0.37589120864868164,0.0
model_1,43,1,0.4542081356048584,0,1,0,1,0.890541672706604,0.3713860511779785,0.08282208442687988,0.18234390345427795,worker2,worker2,worker2,0,0.0,0.3713860511779785,0.0
model_1,44,1,0.4502701759338379,6,6,1,1,0.9996978044509888,0.3684844970703125,0.08178567886352539,0.18163689987662623,worker2,worker2,worker2,0,0.0,0.3684844970703125,0.0
model_1,45,1,0.45483827590942383,4,4,1,1,0.9458306431770325,0.3726506233215332,0.08218765258789062,0.1806964297882824,worker2,worker2,worker2,0,0.0,0.3726506233215332,0.0
model_1,46,1,0.3102245330810547,8,8,1,0,0.6573783159255981,0.22756171226501465,0.08266282081604004,0.2664612627346339,worker2,worker2,worker2,0,0.0,0.22756171226501465,0.0
model_1,47,1,0.4587569236755371,7,7,1,1,0.6285855174064636,0.37517881393432617,0.08357810974121094,0.1821838656332146,worker2,worker2,worker2,0,0.0,0.37517881393432617,0.0
model_1,48,1,0.3039999008178711,9,9,1,0,0.9812701940536499,0.21974635124206543,0.08425354957580566,0.27714992455304344,worker2,worker2,worker2,0,0.0,0.21974635124206543,0.0
model_1,49,1,0.30532360076904297,7,7,1,0,0.9925935864448547,0.22306489944458008,0.08225870132446289,0.2694148146991301,worker2,worker2,worker2,0,0.0,0.22306489944458008,0.0
model_1,50,1,0.3079094886779785,4,2,0,0,0.8674861788749695,0.22477984428405762,0.0831296443939209,0.2699807815304468,worker2,worker2,worker2,0,0.0,0.22477984428405762,0.0
model_1,51,1,0.4574158191680908,0,0,1,1,0.6364139914512634,0.37427258491516113,0.08314323425292969,0.18176729087363783,worker2,worker2,worker2,0,0.0,0.37427258491516113,0.0
model_1,52,1,0.30226564407348633,2,2,1,0,0.7344210147857666,0.21949076652526855,0.08277487754821777,0.27384811728088315,worker2,worker2,worker2,0,0.0,0.21949076652526855,0.0
model_1,53,1,0.30634117126464844,3,3,1,0,0.9888243079185486,0.22437334060668945,0.08196783065795898,0.2675704030234542,worker2,worker2,worker2,0,0.0,0.22437334060668945,0.0
model_1,54,1,0.3084874153137207,3,3,1,0,0.979677140712738,0.22542810440063477,0.08305931091308594,0.26924699935852353,worker2,worker2,worker2,0,0.0,0.22542810440063477,0.0
model_1,55,1,0.45691561698913574,6,6,1,1,0.9807846546173096,0.3738281726837158,0.08308744430541992,0.18184417694656194,worker2,worker2,worker2,0,0.0,0.3738281726837158,0.0
model_1,56,1,0.3010833263397217,1,1,1,0,0.9966253042221069,0.2183518409729004,0.08273148536682129,0.27477936547529963,worker2,worker2,worker2,0,0.0,0.2183518409729004,0.0
model_1,57,1,0.30863118171691895,4,4,1,0,0.9690199494361877,0.22543668746948242,0.08319449424743652,0.2695595881939879,worker2,worker2,worker2,0,0.0,0.22543668746948242,0.0
model_1,58,1,0.30915164947509766,4,7,0,0,0.603570818901062,0.2255713939666748,0.08358025550842285,0.2703535810025018,worker2,worker2,worker2,0,0.0,0.2255713939666748,0.0
model_1,59,1,0.306241512298584,6,6,1,0,0.6754926443099976,0.22307038307189941,0.08317112922668457,0.2715867244855855,worker2,worker2,worker2,0,0.0,0.22307038307189941,0.0
model_1,60,1,0.37566041946411133,1,1,1,0,0.9709237217903137,0.22569751739501953,0.1499629020690918,0.3991980371076024,worker2,worker2,worker2,0,0.0,0.22569751739501953,0.0
model_1,61,1,0.4566652774810791,6,6,1,1,0.8065791130065918,0.37361955642700195,0.08304572105407715,0.18185249711155882,worker2,worker2,worker2,0,0.0,0.37361955642700195,0.0
model_1,62,1,0.41876792907714844,8,8,1,0,0.9438753128051758,0.2627742290496826,0.15599370002746582,0.37250631960101116,worker2,worker2,worker2,0,0.0,0.2627742290496826,0.0
model_1,63,1,0.31760621070861816,9,9,1,0,0.9984927177429199,0.22341275215148926,0.0941934585571289,0.29657310021416716,worker2,worker2,worker2,0,0.0,0.22341275215148926,0.0
model_1,64,1,0.45696568489074707,5,5,1,1,0.5561248064041138,0.3739891052246094,0.0829765796661377,0.1815816425821471,worker2,worker2,worker2,0,0.0,0.3739891052246094,0.0
model_1,65,1,0.3009498119354248,3,5,0,0,0.7505096197128296,0.21815109252929688,0.08279871940612793,0.2751246756847755,worker2,worker2,worker2,0,0.0,0.21815109252929688,0.0
model_1,66,1,0.3060574531555176,4,7,0,0,0.839023232460022,0.22369384765625,0.08236360549926758,0.2691115823192059,worker2,worker2,worker2,0,0.0,0.22369384765625,0.0
model_1,67,1,0.4568173885345459,4,6,0,1,0.5876192450523376,0.374070405960083,0.08274698257446289,0.18113798785092725,worker2,worker2,worker2,0,0.0,0.374070405960083,0.0
model_1,68,1,0.4573402404785156,7,7,1,1,0.9978949427604675,0.37268900871276855,0.08465123176574707,0.18509465005129744,worker2,worker2,worker2,0,0.0,0.37268900871276855,0.0
model_1,69,1,0.2984156608581543,6,4,0,0,0.7921793460845947,0.21590232849121094,0.08251333236694336,0.2765046986128666,worker2,worker2,worker2,0,0.0,0.21590232849121094,0.0
model_1,70,1,0.30353546142578125,3,6,0,0,0.8206921815872192,0.21949434280395508,0.08404111862182617,0.27687413598089733,worker2,worker2,worker2,0,0.0,0.21949434280395508,0.0
model_1,71,1,0.30473780632019043,3,3,1,0,0.997901201248169,0.22288131713867188,0.08185648918151855,0.2686128451535524,worker2,worker2,worker2,0,0.0,0.22288131713867188,0.0
model_1,72,1,0.30146217346191406,5,5,1,0,0.9831579923629761,0.21853256225585938,0.08292961120605469,0.2750912668535238,worker2,worker2,worker2,0,0.0,0.21853256225585938,0.0
model_1,73,1,0.302030086517334,6,6,1,0,0.8714603781700134,0.2189793586730957,0.08305072784423828,0.27497501590614504,worker2,worker2,worker2,0,0.0,0.2189793586730957,0.0
model_1,74,1,0.30352783203125,5,5,1,0,0.8090269565582275,0.2206416130065918,0.0828862190246582,0.2730761738387291,worker2,worker2,worker2,0,0.0,0.2206416130065918,0.0
model_1,75,1,0.30017662048339844,6,2,0,0,0.5650510191917419,0.21732521057128906,0.08285140991210938,0.27600887030671184,worker2,worker2,worker2,0,0.0,0.21732521057128906,0.0
model_1,76,1,0.4500582218170166,8,8,1,1,0.9959851503372192,0.3681221008300781,0.08193612098693848,0.18205671403166107,worker2,worker2,worker2,0,0.0,0.3681221008300781,0.0
model_1,77,1,0.30022358894348145,4,4,1,0,0.8291954398155212,0.2174677848815918,0.08275580406188965,0.2756472412881215,worker2,worker2,worker2,0,0.0,0.2174677848815918,0.0
model_1,78,1,0.29982733726501465,6,6,1,0,0.903441309928894,0.21781301498413086,0.08201432228088379,0.2735385072922556,worker2,worker2,worker2,0,0.0,0.21781301498413086,0.0
model_1,79,1,0.3042638301849365,9,9,1,0,0.8196371793746948,0.22018885612487793,0.0840749740600586,0.27632260465845204,worker2,worker2,worker2,0,0.0,0.22018885612487793,0.0
model_1,80,1,0.3046133518218994,0,0,1,0,0.9952301979064941,0.22002792358398438,0.08458542823791504,0.277681289188434,worker2,worker2,worker2,0,0.0,0.22002792358398438,0.0
model_1,81,1,0.4485652446746826,7,7,1,1,0.9952810406684875,0.36509013175964355,0.08347511291503906,0.1860935814935429,worker2,worker2,worker2,0,0.0,0.36509013175964355,0.0
model_1,82,1,0.2973592281341553,8,8,1,0,0.9363492727279663,0.21455931663513184,0.08279991149902344,0.2784507883564582,worker2,worker2,worker2,0,0.0,0.21455931663513184,0.0
model_1,83,1,0.44916391372680664,2,2,1,1,0.9187889099121094,0.36644673347473145,0.0827171802520752,0.18415811627820566,worker2,worker2,worker2,0,0.0,0.36644673347473145,0.0
model_1,84,1,0.2949333190917969,9,9,1,0,0.7178508639335632,0.21249866485595703,0.08243465423583984,0.279502683825907,worker2,worker2,worker2,0,0.0,0.21249866485595703,0.0
model_1,85,1,0.44753432273864746,4,3,0,1,0.924675703048706,0.36569976806640625,0.08183455467224121,0.18285648835034987,worker2,worker2,worker2,0,0.0,0.36569976806640625,0.0
model_1,86,1,0.29607367515563965,1,1,1,0,0.8017802238464355,0.21359896659851074,0.0824747085571289,0.27856143749954704,worker2,worker2,worker2,0,0.0,0.21359896659851074,0.0
model_1,87,1,0.2981905937194824,7,7,1,0,0.9557596445083618,0.21636176109313965,0.08182883262634277,0.2744178869147087,worker2,worker2,worker2,0,0.0,0.21636176109313965,0.0
model_1,88,1,0.30072546005249023,0,0,1,0,0.9024083018302917,0.21795654296875,0.08276891708374023,0.27523082704501745,worker2,worker2,worker2,0,0.0,0.21795654296875,0.0
model_1,89,1,0.3018620014190674,9,3,0,0,0.8373579978942871,0.21989226341247559,0.0819697380065918,0.27154705667241397,worker2,worker2,worker2,0,0.0,0.21989226341247559,0.0
model_1,90,1,0.3018004894256592,9,0,0,0,0.9381335377693176,0.22031903266906738,0.0814814567565918,0.2699845083474017,worker2,worker2,worker2,0,0.0,0.22031903266906738,0.0
model_1,91,1,1.2864775657653809,3,2,0,3,0.35518327355384827,1.1380634307861328,0.14841413497924805,0.11536472840935247,worker2->worker3->worker3,worker2,worker3,0,0.0,0.5496339797973633,0.5884294509887695
model_1,92,1,0.9156589508056641,5,6,0,2,0.9024365544319153,0.7749786376953125,0.14068031311035156,0.15363833115656292,worker2->worker3,worker2,worker3,0,0.0,0.5489377975463867,0.22604084014892578
model_1,93,1,0.3052809238433838,1,1,1,0,0.9645586013793945,0.2225627899169922,0.0827181339263916,0.2709574279486521,worker2,worker2,worker2,0,0.0,0.2225627899169922,0.0
model_1,94,1,0.30613255500793457,9,9,1,0,0.9999206066131592,0.22349858283996582,0.08263397216796875,0.26992873125116335,worker2,worker2,worker2,0,0.0,0.22349858283996582,0.0
model_1,95,1,0.30556583404541016,6,6,1,0,0.8128505349159241,0.22375774383544922,0.08180809020996094,0.26772656198795913,worker2,worker2,worker2,0,0.0,0.22375774383544922,0.0
model_1,96,1,0.3088412284851074,1,1,1,0,0.8556268215179443,0.22695302963256836,0.08188819885253906,0.26514659086873754,worker2,worker2,worker2,0,0.0,0.22695302963256836,0.0
model_1,97,1,0.3038609027862549,9,9,1,0,0.8352400064468384,0.2198162078857422,0.0840446949005127,0.2765893674699977,worker2,worker2,worker2,0,0.0,0.2198162078857422,0.0
model_1,98,1,0.462374210357666,0,0,1,1,0.9990730285644531,0.38085150718688965,0.08152270317077637,0.17631325741051843,worker2,worker2,worker2,0,0.0,0.38085150718688965,0.0
model_1,99,1,0.44704151153564453,9,0,0,1,0.943300724029541,0.36350488662719727,0.08353662490844727,0.18686547614222293,worker2,worker2,worker2,0,0.0,0.36350488662719727,0.0
model_1,100,1,0.30493974685668945,9,9,1,0,0.9959789514541626,0.22064900398254395,0.08429074287414551,0.2764176980633459,worker2,worker2,worker2,0,0.0,0.22064900398254395,0.0
model_1,101,1,0.30182313919067383,3,5,0,0,0.8606143593788147,0.2180173397064209,0.08380579948425293,0.2776652569083162,worker2,worker2,worker2,0,0.0,0.2180173397064209,0.0
model_1,102,1,0.303480863571167,6,6,1,0,0.9764041304588318,0.2214648723602295,0.0820159912109375,0.2702509484315625,worker2,worker2,worker2,0,0.0,0.2214648723602295,0.0
model_1,103,1,0.2996964454650879,9,9,1,0,0.9397839903831482,0.2160489559173584,0.08364748954772949,0.2791073795283759,worker2,worker2,worker2,0,0.0,0.2160489559173584,0.0
model_1,104,1,0.3087906837463379,1,1,1,0,0.9610111713409424,0.22613024711608887,0.08266043663024902,0.2676908371307991,worker2,worker2,worker2,0,0.0,0.22613024711608887,0.0
model_1,105,1,0.2996704578399658,3,3,1,0,0.8289291262626648,0.21790456771850586,0.08176589012145996,0.2728526886194625,worker2,worker2,worker2,0,0.0,0.21790456771850586,0.0
model_1,106,1,0.458294153213501,3,3,1,1,0.9850572943687439,0.3757026195526123,0.08259153366088867,0.18021511529607617,worker2,worker2,worker2,0,0.0,0.3757026195526123,0.0
model_1,107,1,0.44847941398620605,8,8,1,1,0.7735788226127625,0.36659789085388184,0.08188152313232422,0.1825758788001865,worker2,worker2,worker2,0,0.0,0.36659789085388184,0.0
model_1,108,1,0.29859495162963867,3,4,0,0,0.5968714952468872,0.21673059463500977,0.0818643569946289,0.27416524140089654,worker2,worker2,worker2,0,0.0,0.21673059463500977,0.0
model_1,109,1,0.30036234855651855,0,0,1,0,0.9638887643814087,0.21892857551574707,0.08143377304077148,0.27111844554460945,worker2,worker2,worker2,0,0.0,0.21892857551574707,0.0
model_1,110,1,0.8795955181121826,0,0,1,2,0.863922119140625,0.7357149124145508,0.14388060569763184,0.16357587406360735,worker2->worker3,worker2,worker3,0,0.0,0.4896833896636963,0.2460315227508545
model_1,111,1,0.301389217376709,6,6,1,0,0.904866099357605,0.2195751667022705,0.08181405067443848,0.27145646213407293,worker2,worker2,worker2,0,0.0,0.2195751667022705,0.0
model_1,112,1,0.30292296409606934,4,4,1,0,0.9950778484344482,0.22121882438659668,0.08170413970947266,0.2697192005673129,worker2,worker2,worker2,0,0.0,0.22121882438659668,0.0
model_1,113,1,0.45929956436157227,5,3,0,1,0.8103145360946655,0.3775315284729004,0.08176803588867188,0.17802768004435118,worker2,worker2,worker2,0,0.0,0.3775315284729004,0.0
model_1,114,1,0.3019449710845947,9,9,1,0,0.9815976619720459,0.21995186805725098,0.08199310302734375,0.2715498215877623,worker2,worker2,worker2,0,0.0,0.21995186805725098,0.0
model_1,115,1,0.30181097984313965,0,0,1,0,0.9279844164848328,0.21971750259399414,0.08209347724914551,0.27200295129028107,worker2,worker2,worker2,0,0.0,0.21971750259399414,0.0
model_1,116,1,1.2109594345092773,3,3,1,3,0.5499005317687988,1.0700597763061523,0.140899658203125,0.11635373918220672,worker2->worker3->worker3,worker2,worker3,0,0.0,0.502530574798584,0.5675292015075684
model_1,117,1,0.30366969108581543,2,2,1,0,0.4965571463108063,0.221482515335083,0.08218717575073242,0.2706466208624909,worker2,worker2,worker2,0,0.0,0.221482515335083,0.0
model_1,118,1,0.30309462547302246,4,6,0,0,0.8216466307640076,0.22075581550598145,0.08233880996704102,0.2716604091495834,worker2,worker2,worker2,0,0.0,0.22075581550598145,0.0
model_1,119,1,0.2988555431365967,9,9,1,0,0.9275694489479065,0.21702909469604492,0.08182644844055176,0.2737993332221771,worker2,worker2,worker2,0,0.0,0.21702909469604492,0.0
model_1,120,1,0.4479105472564697,0,0,1,1,0.8501756191253662,0.3645906448364258,0.08331990242004395,0.18601906771428556,worker2,worker2,worker2,0,0.0,0.3645906448364258,0.0
model_1,121,1,0.30029296875,0,0,1,0,0.8942146301269531,0.2181859016418457,0.0821070671081543,0.2734232088414634,worker2,worker2,worker2,0,0.0,0.2181859016418457,0.0
model_1,122,1,0.3115565776824951,0,0,1,0,0.9271095991134644,0.2298877239227295,0.08166885375976562,0.2621316948826987,worker2,worker2,worker2,0,0.0,0.2298877239227295,0.0
model_1,123,1,0.2984883785247803,6,6,1,0,0.9790041446685791,0.21598434448242188,0.0825040340423584,0.2764061852260991,worker2,worker2,worker2,0,0.0,0.21598434448242188,0.0
model_1,124,1,0.3009176254272461,7,7,1,0,0.7896324992179871,0.2203357219696045,0.0805819034576416,0.26778725022580696,worker2,worker2,worker2,0,0.0,0.2203357219696045,0.0
model_1,125,1,0.30019164085388184,1,1,1,0,0.5894402861595154,0.2193441390991211,0.08084750175476074,0.269319630369432,worker2,worker2,worker2,0,0.0,0.2193441390991211,0.0
model_1,126,1,0.2972903251647949,3,3,1,0,0.7567881941795349,0.2163677215576172,0.08092260360717773,0.27220059570495764,worker2,worker2,worker2,0,0.0,0.2163677215576172,0.0
model_1,127,1,0.46880006790161133,2,2,1,1,0.901350736618042,0.38822388648986816,0.08057618141174316,0.17187749518128048,worker2,worker2,worker2,0,0.0,0.38822388648986816,0.0
model_1,128,1,0.3124551773071289,9,9,1,0,0.9979423880577087,0.23201489448547363,0.08044028282165527,0.25744583115864395,worker2,worker2,worker2,0,0.0,0.23201489448547363,0.0
model_1,129,1,0.29848194122314453,8,8,1,0,0.9989525079727173,0.2170426845550537,0.08143925666809082,0.2728448372265409,worker2,worker2,worker2,0,0.0,0.2170426845550537,0.0
model_1,130,1,0.3154120445251465,0,0,1,0,0.9698399305343628,0.2333085536956787,0.08210349082946777,0.2603055027688456,worker2,worker2,worker2,0,0.0,0.2333085536956787,0.0
model_1,131,1,0.3022642135620117,2,2,1,0,0.9672218561172485,0.22018766403198242,0.0820765495300293,0.2715390901317886,worker2,worker2,worker2,0,0.0,0.22018766403198242,0.0
model_1,132,1,0.29430723190307617,9,9,1,0,0.9733384847640991,0.21169328689575195,0.08261394500732422,0.2807064728689078,worker2,worker2,worker2,0,0.0,0.21169328689575195,0.0
model_1,133,1,1.2128708362579346,6,6,1,3,0.6399213671684265,1.047337293624878,0.16553354263305664,0.13648076751830937,worker2->worker3->worker3,worker2,worker3,0,0.0,0.46328282356262207,0.5840544700622559
model_1,134,1,0.45470237731933594,0,0,1,1,0.9260151386260986,0.37244296073913574,0.0822594165802002,0.18090826149877304,worker2,worker2,worker2,0,0.0,0.37244296073913574,0.0
model_1,135,1,0.44943904876708984,0,0,1,1,0.7702227830886841,0.3667421340942383,0.08269691467285156,0.1840002885813046,worker2,worker2,worker2,0,0.0,0.3667421340942383,0.0
model_1,136,1,0.2958238124847412,9,9,1,0,0.999150276184082,0.21384978294372559,0.08197402954101562,0.27710422921158145,worker2,worker2,worker2,0,0.0,0.21384978294372559,0.0
model_1,137,1,0.30481553077697754,4,4,1,0,0.8669221997261047,0.22174358367919922,0.08307194709777832,0.27253187160781206,worker2,worker2,worker2,0,0.0,0.22174358367919922,0.0
model_1,138,1,0.30279970169067383,4,4,1,0,0.6775200366973877,0.22105669975280762,0.08174300193786621,0.26995733972476327,worker2,worker2,worker2,0,0.0,0.22105669975280762,0.0
model_1,139,1,0.30184030532836914,9,9,1,0,0.8513444066047668,0.22150444984436035,0.08033585548400879,0.2661535058964779,worker2,worker2,worker2,0,0.0,0.22150444984436035,0.0
model_1,140,1,0.2949178218841553,4,4,1,0,0.9592512249946594,0.2139890193939209,0.08092880249023438,0.27441136643828695,worker2,worker2,worker2,0,0.0,0.2139890193939209,0.0
model_1,141,1,0.47847986221313477,5,5,1,1,0.9492046236991882,0.39582371711730957,0.0826561450958252,0.17274738525778693,worker2,worker2,worker2,0,0.0,0.39582371711730957,0.0
model_1,142,1,0.47144460678100586,3,3,1,1,0.9207846522331238,0.38773393630981445,0.0837106704711914,0.17756204921456756,worker2,worker2,worker2,0,0.0,0.38773393630981445,0.0
model_1,143,1,0.30623650550842285,0,0,1,0,0.9738455414772034,0.2233128547668457,0.08292365074157715,0.27078303615013133,worker2,worker2,worker2,0,0.0,0.2233128547668457,0.0
model_1,144,1,0.3018207550048828,0,0,1,0,0.9686806797981262,0.22080492973327637,0.08101582527160645,0.2684236386271573,worker2,worker2,worker2,0,0.0,0.22080492973327637,0.0
model_1,145,1,0.3050849437713623,0,0,1,0,0.9234243035316467,0.2230215072631836,0.08206343650817871,0.26898553397534736,worker2,worker2,worker2,0,0.0,0.2230215072631836,0.0
model_1,146,1,0.7875716686248779,2,2,1,2,0.5117194652557373,0.6313459873199463,0.15622568130493164,0.1983637648846689,worker2->worker3,worker2,worker3,0,0.0,0.3829610347747803,0.24838495254516602
model_1,147,1,0.5349633693695068,4,6,0,1,0.9318490624427795,0.3896303176879883,0.14533305168151855,0.2716691646622536,worker2,worker2,worker2,0,0.0,0.3896303176879883,0.0
model_1,148,1,0.4607362747192383,8,8,1,1,0.8965573906898499,0.3773491382598877,0.08338713645935059,0.18098669680429377,worker2,worker2,worker2,0,0.0,0.3773491382598877,0.0
model_1,149,1,0.30625104904174805,5,5,1,0,0.8358702063560486,0.22298741340637207,0.08326363563537598,0.2718803279071397,worker2,worker2,worker2,0,0.0,0.22298741340637207,0.0
model_1,150,1,0.47048234939575195,9,1,0,1,0.9138258695602417,0.3872504234313965,0.08323192596435547,0.17690764822793367,worker2,worker2,worker2,0,0.0,0.3872504234313965,0.0
model_1,151,1,0.3097717761993408,6,6,1,0,0.8387916684150696,0.22678589820861816,0.08298587799072266,0.2678936054436429,worker2,worker2,worker2,0,0.0,0.22678589820861816,0.0
model_1,152,1,0.2987794876098633,0,1,0,0,0.5281609892845154,0.2174220085144043,0.08135747909545898,0.27229941300954696,worker2,worker2,worker2,0,0.0,0.2174220085144043,0.0
model_1,153,1,0.321441650390625,8,8,1,0,0.8258506059646606,0.23837614059448242,0.08306550979614258,0.25841551552264314,worker2,worker2,worker2,0,0.0,0.23837614059448242,0.0
model_1,154,1,0.3154566287994385,7,7,1,0,0.9968100190162659,0.2333378791809082,0.08211874961853027,0.2603170836227375,worker2,worker2,worker2,0,0.0,0.2333378791809082,0.0
model_1,155,1,0.3093700408935547,1,1,1,0,0.998626708984375,0.22629022598266602,0.08307981491088867,0.2685451205001264,worker2,worker2,worker2,0,0.0,0.22629022598266602,0.0
model_1,156,1,0.31809473037719727,8,8,1,0,0.9502478241920471,0.23508501052856445,0.08300971984863281,0.26095911664490556,worker2,worker2,worker2,0,0.0,0.23508501052856445,0.0
model_1,157,1,0.4685065746307373,1,1,1,1,0.8048556447029114,0.3864610195159912,0.0820455551147461,0.17512145945745142,worker2,worker2,worker2,0,0.0,0.3864610195159912,0.0
model_1,158,1,0.3035283088684082,7,7,1,0,0.8766626715660095,0.22141718864440918,0.08211112022399902,0.2705221154828017,worker2,worker2,worker2,0,0.0,0.22141718864440918,0.0
model_1,159,1,0.31517934799194336,4,4,1,0,0.8053298592567444,0.23311543464660645,0.08206391334533691,0.2603721146965335,worker2,worker2,worker2,0,0.0,0.23311543464660645,0.0
model_1,160,1,1.301182746887207,3,1,0,3,0.68527752161026,1.1505777835845947,0.1506049633026123,0.11574466666031462,worker2->worker3->worker3,worker2,worker3,0,0.0,0.5603322982788086,0.5902454853057861
model_1,161,1,0.3043797016143799,2,2,1,0,0.9413850903511047,0.2212977409362793,0.08308196067810059,0.2729549974503803,worker2,worker2,worker2,0,0.0,0.2212977409362793,0.0
model_1,162,1,0.3070809841156006,4,4,1,0,0.9793582558631897,0.22312498092651367,0.08395600318908691,0.27340020233060636,worker2,worker2,worker2,0,0.0,0.22312498092651367,0.0
model_1,163,1,0.3058915138244629,0,0,1,0,0.977279782295227,0.2226879596710205,0.08320355415344238,0.27200347310448464,worker2,worker2,worker2,0,0.0,0.2226879596710205,0.0
model_1,164,1,0.30083322525024414,6,6,1,0,0.7125754356384277,0.21637630462646484,0.0844569206237793,0.28074332731540846,worker2,worker2,worker2,0,0.0,0.21637630462646484,0.0
model_1,165,1,0.31110644340515137,8,8,1,0,0.7983579635620117,0.22792959213256836,0.08317685127258301,0.2673581760705048,worker2,worker2,worker2,0,0.0,0.22792959213256836,0.0
model_1,166,1,0.9666600227355957,2,5,0,2,0.9501048922538757,0.823876142501831,0.14278388023376465,0.14770847751590468,worker2->worker3,worker2,worker3,0,0.0,0.6115274429321289,0.21234869956970215
model_1,167,1,0.31147313117980957,2,7,0,0,0.8777543306350708,0.2273263931274414,0.08414673805236816,0.2701572932908659,worker2,worker2,worker2,0,0.0,0.2273263931274414,0.0
model_1,168,1,0.46271753311157227,5,5,1,1,0.6684579253196716,0.37975072860717773,0.08296680450439453,0.17930335154252572,worker2,worker2,worker2,0,0.0,0.37975072860717773,0.0
model_1,169,1,0.3043200969696045,3,3,1,0,0.9075102210044861,0.22051620483398438,0.08380389213562012,0.27538073551544134,worker2,worker2,worker2,0,0.0,0.22051620483398438,0.0
model_1,170,1,0.30811238288879395,9,1,0,0,0.6376052498817444,0.22463560104370117,0.08347678184509277,0.27092965580426476,worker2,worker2,worker2,0,0.0,0.22463560104370117,0.0
model_1,171,1,0.3130645751953125,5,3,0,0,0.9425883293151855,0.2292039394378662,0.08386063575744629,0.267870089438027,worker2,worker2,worker2,0,0.0,0.2292039394378662,0.0
model_1,172,1,0.47022581100463867,9,9,1,1,0.9946308135986328,0.38632702827453613,0.08389878273010254,0.17842232554366289,worker2,worker2,worker2,0,0.0,0.38632702827453613,0.0
model_1,173,1,0.4650907516479492,9,1,0,1,0.8564050197601318,0.3816683292388916,0.08342242240905762,0.17936805260794408,worker2,worker2,worker2,0,0.0,0.3816683292388916,0.0
model_1,174,1,0.37364912033081055,1,1,1,0,0.9971467852592468,0.22393202781677246,0.14971709251403809,0.4006890003688111,worker2,worker2,worker2,0,0.0,0.22393202781677246,0.0
model_1,175,1,0.3112180233001709,3,5,0,0,0.562699019908905,0.2264111042022705,0.08480691909790039,0.27250002489767056,worker2,worker2,worker2,0,0.0,0.2264111042022705,0.0
model_1,176,1,0.31655383110046387,3,2,0,0,0.8607127666473389,0.2321310043334961,0.08442282676696777,0.2666934292770405,worker2,worker2,worker2,0,0.0,0.2321310043334961,0.0
model_1,177,1,0.4783327579498291,0,1,0,1,0.9518104195594788,0.3937876224517822,0.08454513549804688,0.1767496248018091,worker2,worker2,worker2,0,0.0,0.3937876224517822,0.0
model_1,178,1,0.31398439407348633,4,4,1,0,0.7915405035018921,0.23045825958251953,0.0835261344909668,0.26602001904406103,worker2,worker2,worker2,0,0.0,0.23045825958251953,0.0
model_1,179,1,1.0185787677764893,5,7,0,2,0.7490314841270447,0.8709335327148438,0.1476452350616455,0.1449522017663379,worker2->worker3,worker2,worker3,0,0.0,0.6246039867401123,0.24632954597473145
model_1,180,1,0.4053678512573242,4,5,0,0,0.8413169980049133,0.239638090133667,0.16572976112365723,0.4088379495552382,worker2,worker2,worker2,0,0.0,0.239638090133667,0.0
model_1,181,1,0.4044771194458008,3,4,0,0,0.917098879814148,0.2506425380706787,0.15383458137512207,0.3803295019157088,worker2,worker2,worker2,0,0.0,0.2506425380706787,0.0
model_1,182,1,0.40935707092285156,9,9,1,0,0.9941403269767761,0.24177026748657227,0.1675868034362793,0.40939027401791994,worker2,worker2,worker2,0,0.0,0.24177026748657227,0.0
model_1,183,1,0.3912649154663086,6,6,1,0,0.8799445033073425,0.23916053771972656,0.15210437774658203,0.38875036256523127,worker2,worker2,worker2,0,0.0,0.23916053771972656,0.0
model_1,184,1,0.5324728488922119,3,6,0,1,0.830402135848999,0.44316601753234863,0.08930683135986328,0.16772091111436482,worker2,worker2,worker2,0,0.0,0.44316601753234863,0.0
model_1,185,1,0.35396385192871094,0,0,1,0,0.8504877090454102,0.24350953102111816,0.11045432090759277,0.3120497200653091,worker2,worker2,worker2,0,0.0,0.24350953102111816,0.0
model_1,186,1,0.4847562313079834,0,7,0,1,0.7610700726509094,0.4011101722717285,0.08364605903625488,0.17255282889414056,worker2,worker2,worker2,0,0.0,0.4011101722717285,0.0
model_1,187,1,1.0055170059204102,3,2,0,2,0.9314286708831787,0.8623478412628174,0.14316916465759277,0.1423836333096539,worker2->worker3,worker2,worker3,0,0.0,0.6520130634307861,0.21033477783203125
model_1,188,1,0.3115959167480469,3,3,1,0,0.9277194142341614,0.22833943367004395,0.08325648307800293,0.2671937551265257,worker2,worker2,worker2,0,0.0,0.22833943367004395,0.0
model_1,189,1,0.3855113983154297,8,8,1,0,0.8823197484016418,0.23400402069091797,0.15150737762451172,0.3930036265764228,worker2,worker2,worker2,0,0.0,0.23400402069091797,0.0
model_1,190,1,0.4788055419921875,5,5,1,1,0.9270861148834229,0.395383358001709,0.08342218399047852,0.1742297794703464,worker2,worker2,worker2,0,0.0,0.395383358001709,0.0
model_1,191,1,0.5070528984069824,0,0,1,1,0.6331843733787537,0.422285795211792,0.08476710319519043,0.16717605492741452,worker2,worker2,worker2,0,0.0,0.422285795211792,0.0
model_1,192,1,0.33336400985717773,1,1,1,0,0.8989564180374146,0.2409062385559082,0.09245777130126953,0.2773477897055563,worker2,worker2,worker2,0,0.0,0.2409062385559082,0.0
model_1,193,1,0.4828774929046631,6,2,0,1,0.7613410353660583,0.39815688133239746,0.08472061157226562,0.17544949354057476,worker2,worker2,worker2,0,0.0,0.39815688133239746,0.0
model_1,194,1,0.3225822448730469,8,8,1,0,0.9920509457588196,0.23938679695129395,0.08319544792175293,0.25790460958102246,worker2,worker2,worker2,0,0.0,0.23938679695129395,0.0
model_1,195,1,0.38321709632873535,7,7,1,0,0.9915075302124023,0.23302173614501953,0.15019536018371582,0.39193282769115717,worker2,worker2,worker2,0,0.0,0.23302173614501953,0.0
model_1,196,1,0.48827147483825684,9,1,0,1,0.995694637298584,0.40370631217956543,0.0845651626586914,0.17319292036608155,worker2,worker2,worker2,0,0.0,0.40370631217956543,0.0
model_1,197,1,1.2809617519378662,2,2,1,3,0.8281927704811096,1.136202335357666,0.1447594165802002,0.11300838324111166,worker2->worker3->worker3,worker2,worker3,0,0.0,0.6565439701080322,0.4796583652496338
model_1,198,1,0.3147282600402832,9,8,0,0,0.8271927237510681,0.22743678092956543,0.08729147911071777,0.2773550716403574,worker2,worker2,worker2,0,0.0,0.22743678092956543,0.0
model_1,199,1,0.31659460067749023,4,4,1,0,0.9732219576835632,0.23223495483398438,0.08435964584350586,0.26645952161844244,worker2,worker2,worker2,0,0.0,0.23223495483398438,0.0
model_1,200,1,0.3175981044769287,9,9,1,0,0.8771372437477112,0.2327134609222412,0.0848846435546875,0.26727062396826673,worker2,worker2,worker2,0,0.0,0.2327134609222412,0.0
model_1,201,1,0.4823906421661377,9,0,0,1,0.8103604912757874,0.39803576469421387,0.08435487747192383,0.17486839523489678,worker2,worker2,worker2,0,0.0,0.39803576469421387,0.0
model_1,202,1,0.38956427574157715,8,8,1,0,0.9108114242553711,0.23812031745910645,0.1514439582824707,0.38875217188275535,worker2,worker2,worker2,0,0.0,0.23812031745910645,0.0
model_1,203,1,0.4813385009765625,4,7,0,1,0.999272882938385,0.39684057235717773,0.08449792861938477,0.17554782849896972,worker2,worker2,worker2,0,0.0,0.39684057235717773,0.0
model_1,204,1,0.5846467018127441,9,9,1,1,0.9892450571060181,0.5001199245452881,0.08452677726745605,0.1445775320469165,worker2,worker2,worker2,0,0.0,0.5001199245452881,0.0
model_1,205,1,0.379685640335083,6,6,1,0,0.9415361881256104,0.2879042625427246,0.0917813777923584,0.24172991559901716,worker2,worker2,worker2,0,0.0,0.2879042625427246,0.0
model_1,206,1,0.3237028121948242,0,0,1,0,0.9963000416755676,0.24118280410766602,0.0825200080871582,0.2549252121958477,worker2,worker2,worker2,0,0.0,0.24118280410766602,0.0
model_1,207,1,0.3166067600250244,6,6,1,0,0.8793753981590271,0.23224568367004395,0.08436107635498047,0.26645380644529704,worker2,worker2,worker2,0,0.0,0.23224568367004395,0.0
model_1,208,1,0.3185844421386719,8,8,1,0,0.9693041443824768,0.2361304759979248,0.08245396614074707,0.2588135364904508,worker2,worker2,worker2,0,0.0,0.2361304759979248,0.0
model_1,209,1,0.3190329074859619,9,9,1,0,0.9779329299926758,0.2358567714691162,0.0831761360168457,0.26071334356160614,worker2,worker2,worker2,0,0.0,0.2358567714691162,0.0
model_1,210,1,0.32212138175964355,1,1,1,0,0.9967659711837769,0.23906397819519043,0.08305740356445312,0.25784504931258445,worker2,worker2,worker2,0,0.0,0.23906397819519043,0.0
model_1,211,1,0.505007266998291,3,3,1,1,0.7421644926071167,0.4200112819671631,0.08499598503112793,0.16830645930371446,worker2,worker2,worker2,0,0.0,0.4200112819671631,0.0
model_1,212,1,0.3180358409881592,2,2,1,0,0.9276682138442993,0.23308730125427246,0.08494853973388672,0.26710366815873887,worker2,worker2,worker2,0,0.0,0.23308730125427246,0.0
model_1,213,1,0.31615638732910156,6,6,1,0,0.9114302396774292,0.23235774040222168,0.08379864692687988,0.26505441700802984,worker2,worker2,worker2,0,0.0,0.23235774040222168,0.0
model_1,214,1,1.076563835144043,3,3,1,2,0.8403642177581787,0.9262986183166504,0.15026521682739258,0.13957854789659294,worker2->worker3,worker2,worker3,0,0.0,0.680748462677002,0.24555015563964844
model_1,215,1,0.4772801399230957,7,0,0,1,0.8670626878738403,0.3933756351470947,0.08390450477600098,0.17579718441567785,worker2,worker2,worker2,0,0.0,0.3933756351470947,0.0
model_1,216,1,0.4986610412597656,6,2,0,1,0.7873684763908386,0.41419482231140137,0.08446621894836426,0.16938603973347818,worker2,worker2,worker2,0,0.0,0.41419482231140137,0.0
model_1,217,1,0.5636675357818604,9,9,1,1,0.8198572993278503,0.40918660163879395,0.1544809341430664,0.27406391948542275,worker2,worker2,worker2,0,0.0,0.40918660163879395,0.0
model_1,218,1,0.7559971809387207,2,2,1,1,0.9304412603378296,0.5951902866363525,0.16080689430236816,0.21270832531768763,worker2,worker2,worker2,0,0.0,0.5951902866363525,0.0
model_1,219,1,0.46929359436035156,1,1,1,0,0.9368046522140503,0.37155675888061523,0.09773683547973633,0.2082637322441017,worker2,worker2,worker2,0,0.0,0.37155675888061523,0.0
model_1,220,1,0.4965047836303711,0,0,1,1,0.5263688564300537,0.41269659996032715,0.08380818367004395,0.168796326708578,worker2,worker2,worker2,0,0.0,0.41269659996032715,0.0
model_1,221,1,0.3208317756652832,1,1,1,0,0.9526793956756592,0.238236665725708,0.0825951099395752,0.2574405535994816,worker2,worker2,worker2,0,0.0,0.238236665725708,0.0
model_1,222,1,0.32663750648498535,3,4,0,0,0.8202195763587952,0.24439001083374023,0.08224749565124512,0.2518005251029732,worker2,worker2,worker2,0,0.0,0.24439001083374023,0.0
model_1,223,1,0.3237290382385254,3,3,1,0,0.5040085911750793,0.24143552780151367,0.08229351043701172,0.2542049081688415,worker2,worker2,worker2,0,0.0,0.24143552780151367,0.0
model_1,224,1,0.9515862464904785,0,8,0,2,0.6412147283554077,0.8092021942138672,0.14238405227661133,0.1496281107484838,worker2->worker3,worker2,worker3,0,0.0,0.584740161895752,0.22446203231811523
model_1,225,1,0.4764730930328369,3,5,0,1,0.8468611836433411,0.39333510398864746,0.08313798904418945,0.17448622022914495,worker2,worker2,worker2,0,0.0,0.39333510398864746,0.0
model_1,226,1,0.32118797302246094,7,7,1,0,0.9705158472061157,0.23575878143310547,0.08542919158935547,0.26597879984560113,worker2,worker2,worker2,0,0.0,0.23575878143310547,0.0
model_1,227,1,0.3272857666015625,2,2,1,0,0.8815227746963501,0.24425053596496582,0.08303523063659668,0.25370865191850434,worker2,worker2,worker2,0,0.0,0.24425053596496582,0.0
model_1,228,1,0.32587409019470215,7,7,1,0,0.7154079079627991,0.2416553497314453,0.08421874046325684,0.25843951083358024,worker2,worker2,worker2,0,0.0,0.2416553497314453,0.0
model_1,229,1,0.3289377689361572,8,8,1,0,0.5277525782585144,0.24120354652404785,0.08773422241210938,0.26671981966636826,worker2,worker2,worker2,0,0.0,0.24120354652404785,0.0
model_1,230,1,0.3278815746307373,6,6,1,0,0.7624317407608032,0.2403249740600586,0.08755660057067871,0.2670372699938556,worker2,worker2,worker2,0,0.0,0.2403249740600586,0.0
model_1,231,1,1.361130714416504,3,7,0,3,0.4718260169029236,1.2019991874694824,0.15913152694702148,0.11691127476705186,worker2->worker3->worker3,worker2,worker3,0,0.0,0.6823337078094482,0.5196654796600342
model_1,232,1,0.3125491142272949,0,0,1,0,0.9820654988288879,0.22883391380310059,0.08371520042419434,0.26784654511391187,worker2,worker2,worker2,0,0.0,0.22883391380310059,0.0
model_1,233,1,0.31978917121887207,7,7,1,0,0.9950101375579834,0.23579835891723633,0.08399081230163574,0.26264432901685164,worker2,worker2,worker2,0,0.0,0.23579835891723633,0.0
model_1,234,1,1.2970635890960693,4,7,0,3,0.646594226360321,1.150395154953003,0.1466684341430664,0.11307728886698641,worker2->worker3->worker3,worker2,worker3,0,0.0,0.6522252559661865,0.4981698989868164
model_1,235,1,0.46679210662841797,9,1,0,1,0.9841761589050293,0.3836934566497803,0.0830986499786377,0.17802068372331536,worker2,worker2,worker2,0,0.0,0.3836934566497803,0.0
model_1,236,1,1.3037152290344238,0,6,0,3,0.6752868294715881,1.150315523147583,0.15339970588684082,0.11766350693046203,worker2->worker3->worker3,worker2,worker3,0,0.0,0.6455078125,0.504807710647583
model_1,237,1,0.4713149070739746,6,6,1,1,0.6362796425819397,0.38805699348449707,0.08325791358947754,0.1766502869734394,worker2,worker2,worker2,0,0.0,0.38805699348449707,0.0
model_1,238,1,0.32514309883117676,7,7,1,0,0.9845169186592102,0.24164867401123047,0.08349442481994629,0.25679285557679604,worker2,worker2,worker2,0,0.0,0.24164867401123047,0.0
model_1,239,1,0.39023518562316895,1,9,0,0,0.5381477475166321,0.23749661445617676,0.1527385711669922,0.3914013312845766,worker2,worker2,worker2,0,0.0,0.23749661445617676,0.0
model_1,240,1,0.3211088180541992,9,9,1,0,0.8299560546875,0.23641276359558105,0.08469605445861816,0.26376122266540347,worker2,worker2,worker2,0,0.0,0.23641276359558105,0.0
model_1,241,1,0.317579984664917,5,5,1,0,0.5639195442199707,0.23305916786193848,0.08452081680297852,0.2661402509108299,worker2,worker2,worker2,0,0.0,0.23305916786193848,0.0
model_1,242,1,0.38417768478393555,9,9,1,0,0.7172228097915649,0.2330336570739746,0.15114402770996094,0.3934221941989303,worker2,worker2,worker2,0,0.0,0.2330336570739746,0.0
model_1,243,1,0.49658727645874023,5,5,1,1,0.9261486530303955,0.4099733829498291,0.08661389350891113,0.17441826968780097,worker2,worker2,worker2,0,0.0,0.4099733829498291,0.0
model_1,244,1,0.3209996223449707,1,1,1,0,0.848658561706543,0.23577141761779785,0.08522820472717285,0.2655087383111626,worker2,worker2,worker2,0,0.0,0.23577141761779785,0.0
model_1,245,1,0.4920692443847656,4,4,1,1,0.9895591735839844,0.40854620933532715,0.08352303504943848,0.16973837727628632,worker2,worker2,worker2,0,0.0,0.40854620933532715,0.0
model_1,246,1,0.49127864837646484,5,7,0,1,0.7826595902442932,0.4077115058898926,0.08356714248657227,0.1701013116746224,worker2,worker2,worker2,0,0.0,0.4077115058898926,0.0
model_1,247,1,0.5461528301239014,3,3,1,1,0.8075388073921204,0.45757579803466797,0.0885770320892334,0.16218359990762773,worker2,worker2,worker2,0,0.0,0.45757579803466797,0.0
model_1,248,1,0.3489551544189453,3,3,1,0,0.8445379734039307,0.24925827980041504,0.09969687461853027,0.2857011090280017,worker2,worker2,worker2,0,0.0,0.24925827980041504,0.0
model_1,249,1,0.3202941417694092,1,3,0,0,0.7421464920043945,0.2383410930633545,0.08195304870605469,0.25586808504619957,worker2,worker2,worker2,0,0.0,0.2383410930633545,0.0
model_1,250,1,0.3809075355529785,6,6,1,0,0.9782640933990479,0.23070693016052246,0.15020060539245605,0.39432300853382674,worker2,worker2,worker2,0,0.0,0.23070693016052246,0.0
model_1,251,1,0.3286135196685791,5,5,1,0,0.9829773902893066,0.2434849739074707,0.0851285457611084,0.25905369276031065,worker2,worker2,worker2,0,0.0,0.2434849739074707,0.0
model_1,252,1,0.40647172927856445,6,6,1,0,0.9164650440216064,0.2525322437286377,0.15393948554992676,0.37872126020461433,worker2,worker2,worker2,0,0.0,0.2525322437286377,0.0
model_1,253,1,0.4010903835296631,2,2,1,0,0.8771526217460632,0.24677300453186035,0.15431737899780273,0.38474464942236647,worker2,worker2,worker2,0,0.0,0.24677300453186035,0.0
model_1,254,1,0.3398580551147461,5,5,1,0,0.7134851217269897,0.2503516674041748,0.08950638771057129,0.2633640320231671,worker2,worker2,worker2,0,0.0,0.2503516674041748,0.0
model_1,255,1,0.4977874755859375,7,7,1,1,0.9902439713478088,0.41411924362182617,0.08366823196411133,0.16808022714036108,worker2,worker2,worker2,0,0.0,0.41411924362182617,0.0
model_1,256,1,0.5050146579742432,8,8,1,1,0.9895009398460388,0.4195210933685303,0.08549356460571289,0.1692892735998036,worker2,worker2,worker2,0,0.0,0.4195210933685303,0.0
model_1,257,1,0.35145044326782227,2,2,1,0,0.7316011190414429,0.24369263648986816,0.1077578067779541,0.3066088230705045,worker2,worker2,worker2,0,0.0,0.24369263648986816,0.0
model_1,258,1,0.3221426010131836,4,4,1,0,0.9668639302253723,0.24114060401916504,0.08100199699401855,0.25144764070090675,worker2,worker2,worker2,0,0.0,0.24114060401916504,0.0
model_1,259,1,0.3863348960876465,9,9,1,0,0.9389759302139282,0.23601293563842773,0.15032196044921875,0.3890975471579345,worker2,worker2,worker2,0,0.0,0.23601293563842773,0.0
model_1,260,1,0.5459010601043701,4,4,1,1,0.7710604667663574,0.45973896980285645,0.08616209030151367,0.15783462718508084,worker2,worker2,worker2,0,0.0,0.45973896980285645,0.0
model_1,261,1,0.3503687381744385,3,6,0,0,0.8624590635299683,0.2586846351623535,0.09168410301208496,0.26167889147244094,worker2,worker2,worker2,0,0.0,0.2586846351623535,0.0
model_1,262,1,0.4978930950164795,4,4,1,1,0.6727431416511536,0.4140598773956299,0.08383321762084961,0.1683759394535786,worker2,worker2,worker2,0,0.0,0.4140598773956299,0.0
model_1,263,1,1.0918822288513184,7,7,1,2,0.8253645300865173,0.9437167644500732,0.14816546440124512,0.13569729453067306,worker2->worker3,worker2,worker3,0,0.0,0.6890230178833008,0.25469374656677246
model_1,264,1,0.3171982765197754,6,6,1,0,0.8733804821968079,0.23323607444763184,0.08396220207214355,0.2646994271007933,worker2,worker2,worker2,0,0.0,0.23323607444763184,0.0
model_1,265,1,0.48668837547302246,5,5,1,1,0.8817576766014099,0.40460753440856934,0.08208084106445312,0.16865173939007083,worker2,worker2,worker2,0,0.0,0.40460753440856934,0.0
model_1,266,1,0.3452012538909912,8,8,1,0,0.6248083710670471,0.2374870777130127,0.10771417617797852,0.3120329806565328,worker2,worker2,worker2,0,0.0,0.2374870777130127,0.0
model_1,267,1,0.4390738010406494,4,4,1,0,0.9959772229194641,0.28460192680358887,0.15447187423706055,0.35181300699551316,worker2,worker2,worker2,0,0.0,0.28460192680358887,0.0
model_1,268,1,0.33984899520874023,9,1,0,0,0.9667306542396545,0.24637222290039062,0.09347677230834961,0.2750538434016402,worker2,worker2,worker2,0,0.0,0.24637222290039062,0.0
model_1,269,1,0.3278799057006836,0,3,0,0,0.9243671894073486,0.24261045455932617,0.08526945114135742,0.26006305863464096,worker2,worker2,worker2,0,0.0,0.24261045455932617,0.0
model_1,270,1,0.5017409324645996,2,4,0,1,0.7100512385368347,0.414445161819458,0.0872957706451416,0.17398574642163717,worker2,worker2,worker2,0,0.0,0.414445161819458,0.0
model_1,271,1,0.35259032249450684,8,8,1,0,0.9765601754188538,0.2433943748474121,0.10919594764709473,0.3096963832545232,worker2,worker2,worker2,0,0.0,0.2433943748474121,0.0
model_1,272,1,0.4188077449798584,1,1,1,0,0.9927621483802795,0.2669532299041748,0.1518545150756836,0.3625876476639339,worker2,worker2,worker2,0,0.0,0.2669532299041748,0.0
model_1,273,1,0.3238980770111084,3,5,0,0,0.7826148867607117,0.2367713451385498,0.0871267318725586,0.2689942857226982,worker2,worker2,worker2,0,0.0,0.2367713451385498,0.0
model_1,274,1,0.4834170341491699,4,4,1,1,0.8606482744216919,0.40007543563842773,0.08334159851074219,0.17240103807559487,worker2,worker2,worker2,0,0.0,0.40007543563842773,0.0
model_1,275,1,0.32652997970581055,5,5,1,0,0.7000284194946289,0.24318623542785645,0.0833437442779541,0.2552407112910221,worker2,worker2,worker2,0,0.0,0.24318623542785645,0.0
model_1,276,1,0.3235325813293457,9,1,0,0,0.7719825506210327,0.23743724822998047,0.08609533309936523,0.26611024072324563,worker2,worker2,worker2,0,0.0,0.23743724822998047,0.0
model_1,277,1,0.39194679260253906,1,1,1,0,0.7093250751495361,0.24179458618164062,0.15015220642089844,0.38309334137902507,worker2,worker2,worker2,0,0.0,0.24179458618164062,0.0
model_1,278,1,0.5531120300292969,1,1,1,1,0.7005515098571777,0.46997904777526855,0.08313298225402832,0.15030044139453086,worker2,worker2,worker2,0,0.0,0.46997904777526855,0.0
model_1,279,1,0.3689703941345215,7,7,1,0,0.9653379321098328,0.2672882080078125,0.10168218612670898,0.27558359083313627,worker2,worker2,worker2,0,0.0,0.2672882080078125,0.0
model_1,280,1,0.33838868141174316,6,6,1,0,0.8223753571510315,0.2549881935119629,0.08340048789978027,0.24646358605091928,worker2,worker2,worker2,0,0.0,0.2549881935119629,0.0
model_1,281,1,0.3301994800567627,1,9,0,0,0.5372390747070312,0.2463669776916504,0.0838325023651123,0.25388441662809746,worker2,worker2,worker2,0,0.0,0.2463669776916504,0.0
model_1,282,1,0.3258340358734131,0,0,1,0,0.8925203680992126,0.24234461784362793,0.08348941802978516,0.2562329555474091,worker2,worker2,worker2,0,0.0,0.24234461784362793,0.0
model_1,283,1,0.3385910987854004,0,0,1,0,0.9526663422584534,0.2543513774871826,0.08423972129821777,0.2487948490093328,worker2,worker2,worker2,0,0.0,0.2543513774871826,0.0
model_1,284,1,0.35491251945495605,4,4,1,0,0.9706639647483826,0.24910998344421387,0.10580253601074219,0.29810877388384205,worker2,worker2,worker2,0,0.0,0.24910998344421387,0.0
model_1,285,1,0.352001428604126,3,3,1,0,0.8891035318374634,0.2434096336364746,0.10859179496765137,0.3084981654713049,worker2,worker2,worker2,0,0.0,0.2434096336364746,0.0
model_1,286,1,0.38407421112060547,7,7,1,0,0.9195240139961243,0.23375821113586426,0.1503159999847412,0.39137228075315783,worker2,worker2,worker2,0,0.0,0.23375821113586426,0.0
model_1,287,1,1.0609679222106934,3,4,0,2,0.6892204284667969,0.9146804809570312,0.1462874412536621,0.13788111609335865,worker2->worker3,worker2,worker3,0,0.0,0.6846480369567871,0.23003244400024414
model_1,288,1,0.599844217300415,6,6,1,1,0.9922635555267334,0.5155298709869385,0.08431434631347656,0.14056040532145384,worker2,worker2,worker2,0,0.0,0.5155298709869385,0.0
model_1,289,1,0.41160011291503906,4,4,1,0,0.9777137637138367,0.31638121604919434,0.09521889686584473,0.23133836429607454,worker2,worker2,worker2,0,0.0,0.31638121604919434,0.0
model_1,290,1,0.3374664783477783,9,9,1,0,0.9950997233390808,0.25244998931884766,0.08501648902893066,0.2519257303574797,worker2,worker2,worker2,0,0.0,0.25244998931884766,0.0
model_1,291,1,0.3233053684234619,8,8,1,0,0.9833118915557861,0.23932981491088867,0.08397555351257324,0.2597406715578659,worker2,worker2,worker2,0,0.0,0.23932981491088867,0.0
model_1,292,1,0.33318662643432617,1,1,1,0,0.8807229995727539,0.2498798370361328,0.08330678939819336,0.2500304117536777,worker2,worker2,worker2,0,0.0,0.2498798370361328,0.0
model_1,293,1,0.33222484588623047,9,9,1,0,0.9279575347900391,0.248399019241333,0.08382582664489746,0.25231654911686946,worker2,worker2,worker2,0,0.0,0.248399019241333,0.0
model_1,294,1,0.43921399116516113,7,2,0,0,0.6031737923622131,0.2851722240447998,0.15404176712036133,0.35072144835758606,worker2,worker2,worker2,0,0.0,0.2851722240447998,0.0
model_1,295,1,0.3497617244720459,8,8,1,0,0.9978649020195007,0.25467419624328613,0.09508752822875977,0.27186373343821807,worker2,worker2,worker2,0,0.0,0.25467419624328613,0.0
model_1,296,1,0.580148458480835,3,3,1,1,0.9103119969367981,0.49324679374694824,0.08690166473388672,0.14979211521382935,worker2,worker2,worker2,0,0.0,0.49324679374694824,0.0
model_1,297,1,0.36888718605041504,7,5,0,0,0.9452025890350342,0.2705190181732178,0.09836816787719727,0.26666192699833574,worker2,worker2,worker2,0,0.0,0.2705190181732178,0.0
model_1,298,1,0.503321647644043,6,6,1,1,0.9971233010292053,0.4167461395263672,0.08657550811767578,0.17200831421203513,worker2,worker2,worker2,0,0.0,0.4167461395263672,0.0
model_1,299,1,0.5171096324920654,0,2,0,0,0.7899677753448486,0.34976673126220703,0.1673429012298584,0.32361203643296305,worker2,worker2,worker2,0,0.0,0.34976673126220703,0.0
model_1,300,1,0.3860907554626465,9,9,1,0,0.9849928617477417,0.2870328426361084,0.09905791282653809,0.25656639384654145,worker2,worker2,worker2,0,0.0,0.2870328426361084,0.0
model_1,301,1,0.33708953857421875,8,8,1,0,0.782340407371521,0.2536611557006836,0.08342838287353516,0.24749620894914334,worker2,worker2,worker2,0,0.0,0.2536611557006836,0.0
model_1,302,1,0.5012040138244629,7,5,0,1,0.7382781505584717,0.41866540908813477,0.08253860473632812,0.1646806539048103,worker2,worker2,worker2,0,0.0,0.41866540908813477,0.0
model_1,303,1,0.4215555191040039,4,4,1,0,0.9951831698417664,0.2691078186035156,0.15244770050048828,0.36163137141344653,worker2,worker2,worker2,0,0.0,0.2691078186035156,0.0
model_1,304,1,0.32625627517700195,4,4,1,0,0.9982985854148865,0.24072504043579102,0.08553123474121094,0.26215966174078387,worker2,worker2,worker2,0,0.0,0.24072504043579102,0.0
model_1,305,1,0.33180856704711914,1,1,1,0,0.9289658665657043,0.24837136268615723,0.08343720436096191,0.25146187485000426,worker2,worker2,worker2,0,0.0,0.24837136268615723,0.0
model_1,306,1,0.5084307193756104,0,0,1,1,0.9980968832969666,0.420013427734375,0.08841729164123535,0.1739023396340374,worker2,worker2,worker2,0,0.0,0.420013427734375,0.0
model_1,307,1,0.3484654426574707,7,7,1,0,0.9964369535446167,0.25124549865722656,0.09721994400024414,0.27899450590803043,worker2,worker2,worker2,0,0.0,0.25124549865722656,0.0
model_1,308,1,0.3459594249725342,8,8,1,0,0.9127598404884338,0.24369001388549805,0.10226941108703613,0.29561099858792783,worker2,worker2,worker2,0,0.0,0.24369001388549805,0.0
model_1,309,1,0.34085583686828613,1,1,1,0,0.9043603539466858,0.25713109970092773,0.0837247371673584,0.2456309328207614,worker2,worker2,worker2,0,0.0,0.25713109970092773,0.0
model_1,310,1,0.3388195037841797,6,6,1,0,0.978967010974884,0.25447797775268555,0.08434152603149414,0.2489276003580295,worker2,worker2,worker2,0,0.0,0.25447797775268555,0.0
model_1,311,1,1.105652093887329,2,2,1,2,0.9587744474411011,0.9596846103668213,0.1459674835205078,0.13201936154012525,worker2->worker3,worker2,worker3,0,0.0,0.7275698184967041,0.2321147918701172
model_1,312,1,0.5120818614959717,5,7,0,1,0.7662230134010315,0.4283418655395508,0.0837399959564209,0.16352853372268808,worker2,worker2,worker2,0,0.0,0.4283418655395508,0.0
model_1,313,1,0.7837629318237305,6,6,1,1,0.9859225749969482,0.63303542137146,0.1507275104522705,0.19231262966410534,worker2,worker2,worker2,0,0.0,0.63303542137146,0.0
model_1,314,1,0.49669694900512695,3,3,1,0,0.9078168272972107,0.3984832763671875,0.09821367263793945,0.1977335935617468,worker2,worker2,worker2,0,0.0,0.3984832763671875,0.0
model_1,315,1,0.32566118240356445,9,1,0,0,0.6837295293807983,0.2388136386871338,0.08684754371643066,0.2666806742991181,worker2,worker2,worker2,0,0.0,0.2388136386871338,0.0
model_1,316,1,0.5077211856842041,1,1,1,1,0.783607006072998,0.4205307960510254,0.08719038963317871,0.17172887815520463,worker2,worker2,worker2,0,0.0,0.4205307960510254,0.0
model_1,317,1,0.40036892890930176,6,6,1,0,0.6972944140434265,0.2496509552001953,0.15071797370910645,0.37644772814837885,worker2,worker2,worker2,0,0.0,0.2496509552001953,0.0
model_1,318,1,0.33426880836486816,4,4,1,0,0.950074315071106,0.25119471549987793,0.08307409286499023,0.24852481232502988,worker2,worker2,worker2,0,0.0,0.25119471549987793,0.0
model_1,319,1,0.3255181312561035,3,6,0,0,0.9186252355575562,0.24263858795166016,0.08287954330444336,0.2546080704771475,worker2,worker2,worker2,0,0.0,0.24263858795166016,0.0
model_1,320,1,1.333526372909546,5,5,1,3,0.5954362154006958,1.1928577423095703,0.14066863059997559,0.10548620069137339,worker2->worker3->worker3,worker2,worker3,0,0.0,0.6331548690795898,0.5597028732299805
model_1,321,1,0.32277631759643555,8,8,1,0,0.9821546077728271,0.24211573600769043,0.08066058158874512,0.2498962197393749,worker2,worker2,worker2,0,0.0,0.24211573600769043,0.0
model_1,322,1,0.4983673095703125,7,7,1,1,0.7580949068069458,0.41609668731689453,0.08227062225341797,0.16508029454088974,worker2,worker2,worker2,0,0.0,0.41609668731689453,0.0
model_1,323,1,1.382878065109253,6,2,0,3,0.6102485060691833,1.1966094970703125,0.18626856803894043,0.1346963067378066,worker2->worker3->worker3,worker2,worker3,0,0.0,0.6805360317230225,0.51607346534729
model_1,324,1,1.3147668838500977,3,3,1,3,0.5535340905189514,1.170508861541748,0.1442580223083496,0.109721368921243,worker2->worker3->worker3,worker2,worker3,0,0.0,0.680750846862793,0.4897580146789551
model_1,325,1,0.32136011123657227,2,3,0,0,0.5871955752372742,0.23679041862487793,0.08456969261169434,0.26316176045084066,worker2,worker2,worker2,0,0.0,0.23679041862487793,0.0
model_1,326,1,0.32076525688171387,9,9,1,0,0.9534716010093689,0.23756933212280273,0.08319592475891113,0.25936700741125046,worker2,worker2,worker2,0,0.0,0.23756933212280273,0.0
model_1,327,1,0.3334026336669922,3,6,0,0,0.5985265374183655,0.2369394302368164,0.09646320343017578,0.28932945840651264,worker2,worker2,worker2,0,0.0,0.2369394302368164,0.0
model_1,328,1,0.4977080821990967,0,0,1,1,0.9151591062545776,0.4075284004211426,0.0901796817779541,0.18118990830829987,worker2,worker2,worker2,0,0.0,0.4075284004211426,0.0
model_1,329,1,0.39702868461608887,8,8,1,0,0.9987428784370422,0.23502087593078613,0.16200780868530273,0.40805063957018095,worker2,worker2,worker2,0,0.0,0.23502087593078613,0.0
model_1,330,1,0.605738639831543,0,0,1,1,0.7049916982650757,0.519812822341919,0.08592581748962402,0.1418529574298251,worker2,worker2,worker2,0,0.0,0.519812822341919,0.0
model_1,331,1,0.4052109718322754,3,3,1,0,0.8673927187919617,0.311262845993042,0.0939481258392334,0.23184990627085075,worker2,worker2,worker2,0,0.0,0.311262845993042,0.0
model_1,332,1,0.3399944305419922,3,3,1,0,0.9867458939552307,0.2557060718536377,0.08428835868835449,0.24791099828896807,worker2,worker2,worker2,0,0.0,0.2557060718536377,0.0
model_1,333,1,0.5047404766082764,6,6,1,1,0.9811118245124817,0.4211564064025879,0.08358407020568848,0.16559811245444692,worker2,worker2,worker2,0,0.0,0.4211564064025879,0.0
model_1,334,1,1.0567257404327393,0,5,0,2,0.9107791185379028,0.9114422798156738,0.14528346061706543,0.13748454784263178,worker2->worker3,worker2,worker3,0,0.0,0.667034387588501,0.24440789222717285
model_1,335,1,0.5035433769226074,5,5,1,1,0.8433462381362915,0.4191265106201172,0.08441686630249023,0.1676456690154516,worker2,worker2,worker2,0,0.0,0.4191265106201172,0.0
model_1,336,1,0.5975048542022705,1,1,1,1,0.7100387215614319,0.5123581886291504,0.08514666557312012,0.14250372189327154,worker2,worker2,worker2,0,0.0,0.5123581886291504,0.0
model_1,337,1,0.4058084487915039,9,9,1,0,0.9970912933349609,0.3108386993408203,0.0949697494506836,0.2340260527682535,worker2,worker2,worker2,0,0.0,0.3108386993408203,0.0
model_1,338,1,0.3289296627044678,8,8,1,0,0.9328349828720093,0.24743366241455078,0.08149600028991699,0.24776117672044193,worker2,worker2,worker2,0,0.0,0.24743366241455078,0.0
model_1,339,1,0.5124249458312988,2,2,1,1,0.6594148874282837,0.4289426803588867,0.08348226547241211,0.16291608390957657,worker2,worker2,worker2,0,0.0,0.4289426803588867,0.0
model_1,340,1,0.38734865188598633,4,5,0,0,0.9213518500328064,0.2365894317626953,0.15075922012329102,0.3892080671747531,worker2,worker2,worker2,0,0.0,0.2365894317626953,0.0
model_1,341,1,1.0423147678375244,2,2,1,2,0.939241886138916,0.8998494148254395,0.14246535301208496,0.13668169866541927,worker2->worker3,worker2,worker3,0,0.0,0.6811158657073975,0.218733549118042
model_1,342,1,0.33025074005126953,5,5,1,0,0.9905775785446167,0.24060988426208496,0.08964085578918457,0.2714327173809462,worker2,worker2,worker2,0,0.0,0.24060988426208496,0.0
model_1,343,1,0.3788266181945801,7,7,1,0,0.9647627472877502,0.2274775505065918,0.15134906768798828,0.39952067890395576,worker2,worker2,worker2,0,0.0,0.2274775505065918,0.0
model_1,344,1,1.1023411750793457,8,8,1,2,0.9448506236076355,0.9555881023406982,0.14675307273864746,0.13312854137747715,worker2->worker3,worker2,worker3,0,0.0,0.7073612213134766,0.24822688102722168
model_1,345,1,0.7641599178314209,6,6,1,1,0.9204341769218445,0.6120321750640869,0.15212774276733398,0.19907841175319854,worker2,worker2,worker2,0,0.0,0.6120321750640869,0.0
model_1,346,1,0.48517584800720215,4,4,1,0,0.9545081257820129,0.38902854919433594,0.09614729881286621,0.19817000208847774,worker2,worker2,worker2,0,0.0,0.38902854919433594,0.0
model_1,347,1,0.33678126335144043,0,1,0,0,0.7700619101524353,0.2547283172607422,0.08205294609069824,0.24363869080529504,worker2,worker2,worker2,0,0.0,0.2547283172607422,0.0
model_1,348,1,0.33221960067749023,9,9,1,0,0.9942025542259216,0.24953031539916992,0.08268928527832031,0.24889947826586195,worker2,worker2,worker2,0,0.0,0.24953031539916992,0.0
model_1,349,1,0.32767319679260254,1,1,1,0,0.9983794689178467,0.24542903900146484,0.0822441577911377,0.25099446215368454,worker2,worker2,worker2,0,0.0,0.24542903900146484,0.0
model_1,350,1,0.5057408809661865,6,6,1,1,0.9898523688316345,0.4214630126953125,0.08427786827087402,0.16664238831131545,worker2,worker2,worker2,0,0.0,0.4214630126953125,0.0
model_1,351,1,0.3502779006958008,0,0,1,0,0.996012806892395,0.2657606601715088,0.08451724052429199,0.2412862483085711,worker2,worker2,worker2,0,0.0,0.2657606601715088,0.0
model_1,352,1,0.3396620750427246,2,6,0,0,0.744478702545166,0.25134897232055664,0.08831310272216797,0.2600028357921898,worker2,worker2,worker2,0,0.0,0.25134897232055664,0.0
model_1,353,1,0.4245169162750244,4,4,1,0,0.7736582159996033,0.27252912521362305,0.15198779106140137,0.35802528764939884,worker2,worker2,worker2,0,0.0,0.27252912521362305,0.0
model_1,354,1,0.33454442024230957,2,2,1,0,0.9769112467765808,0.245086669921875,0.08945775032043457,0.2674017108270423,worker2,worker2,worker2,0,0.0,0.245086669921875,0.0
model_1,355,1,0.41269969940185547,8,8,1,0,0.6916253566741943,0.26120448112487793,0.15149521827697754,0.3670834228775705,worker2,worker2,worker2,0,0.0,0.26120448112487793,0.0
model_1,356,1,0.32874226570129395,7,7,1,0,0.9608857035636902,0.2377932071685791,0.09094905853271484,0.2766576373704078,worker2,worker2,worker2,0,0.0,0.2377932071685791,0.0
model_1,357,1,1.3261756896972656,6,2,0,3,0.584320068359375,1.1715965270996094,0.15457916259765625,0.11656009365768347,worker2->worker3->worker3,worker2,worker3,0,0.0,0.6806886196136475,0.4909079074859619
model_1,358,1,0.41863083839416504,0,0,1,0,0.9978528022766113,0.26403117179870605,0.15459966659545898,0.36929832304875376,worker2,worker2,worker2,0,0.0,0.26403117179870605,0.0
model_1,359,1,0.4043388366699219,5,5,1,0,0.8828943371772766,0.2467176914215088,0.15762114524841309,0.3898244020944384,worker2,worker2,worker2,0,0.0,0.2467176914215088,0.0
model_1,360,1,0.5492739677429199,4,4,1,1,0.6440412998199463,0.46198415756225586,0.08728981018066406,0.1589185275598549,worker2,worker2,worker2,0,0.0,0.46198415756225586,0.0
model_1,361,1,0.3578479290008545,4,4,1,0,0.9957292675971985,0.2541978359222412,0.10365009307861328,0.2896484363288456,worker2,worker2,worker2,0,0.0,0.2541978359222412,0.0
model_1,362,1,0.4981064796447754,2,2,1,1,0.8206833004951477,0.41446661949157715,0.08363986015319824,0.16791562360892395,worker2,worker2,worker2,0,0.0,0.41446661949157715,0.0
model_1,363,1,0.3438246250152588,5,5,1,0,0.9628159403800964,0.25804710388183594,0.08577752113342285,0.24948044698548302,worker2,worker2,worker2,0,0.0,0.25804710388183594,0.0
model_1,364,1,1.0906164646148682,1,1,1,2,0.9529206156730652,0.9468648433685303,0.1437516212463379,0.13180767566818388,worker2->worker3,worker2,worker3,0,0.0,0.7260532379150391,0.2208116054534912
model_1,365,1,0.5493912696838379,5,5,1,1,0.7946270108222961,0.462843656539917,0.0865476131439209,0.157533652097761,worker2,worker2,worker2,0,0.0,0.462843656539917,0.0
model_1,366,1,0.3723747730255127,9,9,1,0,0.9938008189201355,0.2817068099975586,0.0906679630279541,0.24348578259285605,worker2,worker2,worker2,0,0.0,0.2817068099975586,0.0
model_1,367,1,0.5112628936767578,1,8,0,1,0.9759676456451416,0.42326903343200684,0.08799386024475098,0.17211078944521338,worker2,worker2,worker2,0,0.0,0.42326903343200684,0.0
model_1,368,1,0.43306589126586914,9,9,1,0,0.5498778820037842,0.2724597454071045,0.16060614585876465,0.37085845156104624,worker2,worker2,worker2,0,0.0,0.2724597454071045,0.0
model_1,369,1,0.3440065383911133,8,8,1,0,0.9853304624557495,0.2532353401184082,0.09077119827270508,0.26386474715635805,worker2,worker2,worker2,0,0.0,0.2532353401184082,0.0
model_1,370,1,0.44282031059265137,9,9,1,0,0.9638040065765381,0.2894906997680664,0.15332961082458496,0.34625695153723934,worker2,worker2,worker2,0,0.0,0.2894906997680664,0.0
model_1,371,1,0.3501408100128174,2,2,1,0,0.5063552260398865,0.2574281692504883,0.0927126407623291,0.26478673182636214,worker2,worker2,worker2,0,0.0,0.2574281692504883,0.0
model_1,372,1,0.5191547870635986,4,4,1,1,0.9384241104125977,0.4336118698120117,0.08554291725158691,0.1647734344036927,worker2,worker2,worker2,0,0.0,0.4336118698120117,0.0
model_1,373,1,0.33934497833251953,4,4,1,0,0.9519513845443726,0.2502171993255615,0.08912777900695801,0.2626465240326112,worker2,worker2,worker2,0,0.0,0.2502171993255615,0.0
model_1,374,1,0.3329811096191406,9,9,1,0,0.9663483500480652,0.24805355072021484,0.08492755889892578,0.25505218297838217,worker2,worker2,worker2,0,0.0,0.24805355072021484,0.0
model_1,375,1,0.5604913234710693,6,6,1,1,0.9983856678009033,0.4754674434661865,0.08502388000488281,0.15169526528678096,worker2,worker2,worker2,0,0.0,0.4754674434661865,0.0
model_1,376,1,0.5874640941619873,5,5,1,1,0.9529818296432495,0.5024070739746094,0.08505702018737793,0.14478675553560608,worker2,worker2,worker2,0,0.0,0.5024070739746094,0.0
model_1,377,1,0.3958282470703125,0,0,1,0,0.9046379327774048,0.3067169189453125,0.089111328125,0.22512624802436298,worker2,worker2,worker2,0,0.0,0.3067169189453125,0.0
model_1,378,1,0.3325214385986328,4,3,0,0,0.7397461533546448,0.24785351753234863,0.08466792106628418,0.2546239467238739,worker2,worker2,worker2,0,0.0,0.24785351753234863,0.0
model_1,379,1,0.3767688274383545,8,8,1,0,0.9771603345870972,0.2929236888885498,0.08384513854980469,0.22253735565085495,worker2,worker2,worker2,0,0.0,0.2929236888885498,0.0
model_1,380,1,0.40476560592651367,8,8,1,0,0.9419275522232056,0.2453289031982422,0.15943670272827148,0.3938988402023903,worker2,worker2,worker2,0,0.0,0.2453289031982422,0.0
model_1,381,1,0.418071985244751,1,1,1,0,0.7111907601356506,0.2534630298614502,0.16460895538330078,0.3937335224385679,worker2,worker2,worker2,0,0.0,0.2534630298614502,0.0
model_1,382,1,0.626429557800293,6,6,1,1,0.6126605272293091,0.5399947166442871,0.08643484115600586,0.13798014490172167,worker2,worker2,worker2,0,0.0,0.5399947166442871,0.0
model_1,383,1,0.4231715202331543,1,1,1,0,0.9850505590438843,0.32353925704956055,0.09963226318359375,0.23544179704886445,worker2,worker2,worker2,0,0.0,0.32353925704956055,0.0
model_1,384,1,0.5023212432861328,4,5,0,1,0.8224411606788635,0.4198338985443115,0.08248734474182129,0.16421233591913761,worker2,worker2,worker2,0,0.0,0.4198338985443115,0.0
model_1,385,1,1.1592392921447754,5,3,0,2,0.7096735835075378,1.0041780471801758,0.1550612449645996,0.1337612053139709,worker2->worker3,worker2,worker3,0,0.0,0.7593667507171631,0.2448112964630127
model_1,386,1,0.5372118949890137,6,6,1,1,0.9956557750701904,0.4496445655822754,0.08756732940673828,0.16300333299308103,worker2,worker2,worker2,0,0.0,0.4496445655822754,0.0
model_1,387,1,0.34053850173950195,6,6,1,0,0.8571217060089111,0.2551279067993164,0.08541059494018555,0.2508103914943549,worker2,worker2,worker2,0,0.0,0.2551279067993164,0.0
model_1,388,1,0.3340728282928467,8,8,1,0,0.9471482634544373,0.25038647651672363,0.08368635177612305,0.25050331750645694,worker2,worker2,worker2,0,0.0,0.25038647651672363,0.0
model_1,389,1,0.41130709648132324,7,7,1,0,0.9940250515937805,0.2582278251647949,0.15307927131652832,0.372177559361608,worker2,worker2,worker2,0,0.0,0.2582278251647949,0.0
model_1,390,1,0.5373804569244385,5,7,0,1,0.8621470332145691,0.45000123977661133,0.08737921714782715,0.16260214903965817,worker2,worker2,worker2,0,0.0,0.45000123977661133,0.0
model_1,391,1,1.0790133476257324,5,9,0,2,0.6915329098701477,0.8890271186828613,0.1899862289428711,0.17607403037313482,worker2->worker3,worker2,worker3,0,0.0,0.6676428318023682,0.22138428688049316
model_1,392,1,0.32088303565979004,2,2,1,0,0.988396942615509,0.23555231094360352,0.08533072471618652,0.2659246991375909,worker2,worker2,worker2,0,0.0,0.23555231094360352,0.0
model_1,393,1,0.32656145095825195,7,7,1,0,0.9675980806350708,0.24370312690734863,0.08285832405090332,0.25372965427415384,worker2,worker2,worker2,0,0.0,0.24370312690734863,0.0
model_1,394,1,0.32506465911865234,9,1,0,0,0.817619800567627,0.2408297061920166,0.08423495292663574,0.2591329157559666,worker2,worker2,worker2,0,0.0,0.2408297061920166,0.0
model_1,395,1,1.129948377609253,2,2,1,2,0.956571638584137,0.9863262176513672,0.14362215995788574,0.12710506320807488,worker2->worker3,worker2,worker3,0,0.0,0.742652177810669,0.24367403984069824
model_1,396,1,0.5259814262390137,7,7,1,1,0.9920874238014221,0.44078850746154785,0.08519291877746582,0.1619694432684262,worker2,worker2,worker2,0,0.0,0.44078850746154785,0.0
model_1,397,1,0.339219331741333,9,9,1,0,0.9943335056304932,0.25087881088256836,0.08834052085876465,0.26042301423471786,worker2,worker2,worker2,0,0.0,0.25087881088256836,0.0
model_1,398,1,0.4312098026275635,5,5,1,0,0.8756380081176758,0.2773878574371338,0.1538219451904297,0.3567218190614417,worker2,worker2,worker2,0,0.0,0.2773878574371338,0.0
model_1,399,1,0.3456604480743408,9,9,1,0,0.9976413249969482,0.25469470024108887,0.09096574783325195,0.2631650463338173,worker2,worker2,worker2,0,0.0,0.25469470024108887,0.0
model_1,400,1,0.5109426975250244,8,8,1,1,0.8535887002944946,0.42490148544311523,0.08604121208190918,0.16839698952287138,worker2,worker2,worker2,0,0.0,0.42490148544311523,0.0
model_1,401,1,0.41289854049682617,8,8,1,0,0.9985617995262146,0.24909472465515137,0.1638038158416748,0.39671686813078944,worker2,worker2,worker2,0,0.0,0.24909472465515137,0.0
model_1,402,1,0.3711729049682617,1,1,1,0,0.983661949634552,0.2523322105407715,0.11884069442749023,0.3201761034729948,worker2,worker2,worker2,0,0.0,0.2523322105407715,0.0
model_1,403,1,0.3528256416320801,7,7,1,0,0.9802148342132568,0.254962682723999,0.09786295890808105,0.2773691800159204,worker2,worker2,worker2,0,0.0,0.254962682723999,0.0
model_1,404,1,0.3345482349395752,6,2,0,0,0.9613757133483887,0.2494049072265625,0.0851433277130127,0.2545023970262194,worker2,worker2,worker2,0,0.0,0.2494049072265625,0.0
model_1,405,1,1.1146535873413086,3,2,0,2,0.841019868850708,0.9643912315368652,0.15026235580444336,0.13480632683635083,worker2->worker3,worker2,worker3,0,0.0,0.7415173053741455,0.22287392616271973
model_1,406,1,0.4048881530761719,6,6,1,0,0.9380283355712891,0.2553262710571289,0.14956188201904297,0.3693906104259509,worker2,worker2,worker2,0,0.0,0.2553262710571289,0.0
model_1,407,1,0.37123727798461914,6,6,1,0,0.9996182918548584,0.24640154838562012,0.12483572959899902,0.33626938080332314,worker2,worker2,worker2,0,0.0,0.24640154838562012,0.0
model_1,408,1,0.32857608795166016,3,2,0,0,0.771181583404541,0.23943495750427246,0.0891411304473877,0.2712952455033857,worker2,worker2,worker2,0,0.0,0.23943495750427246,0.0
model_1,409,1,0.40227580070495605,7,7,1,0,0.9853545427322388,0.24982476234436035,0.1524510383605957,0.37897143724140875,worker2,worker2,worker2,0,0.0,0.24982476234436035,0.0
model_1,410,1,0.378995418548584,9,1,0,0,0.7552874684333801,0.2460782527923584,0.13291716575622559,0.3507091623039943,worker2,worker2,worker2,0,0.0,0.2460782527923584,0.0
model_1,411,1,0.44051122665405273,6,6,1,0,0.8287308812141418,0.2751140594482422,0.16539716720581055,0.37546640629820344,worker2,worker2,worker2,0,0.0,0.2751140594482422,0.0
model_1,412,1,0.32164764404296875,8,8,1,0,0.9433923363685608,0.23584747314453125,0.0858001708984375,0.2667520576863778,worker2,worker2,worker2,0,0.0,0.23584747314453125,0.0
model_1,413,1,0.40404367446899414,8,8,1,0,0.8882266879081726,0.24920225143432617,0.15484142303466797,0.38322942003278493,worker2,worker2,worker2,0,0.0,0.24920225143432617,0.0
model_1,414,1,0.4592723846435547,6,6,1,0,0.9177402853965759,0.30324506759643555,0.15602731704711914,0.3397271908003206,worker2,worker2,worker2,0,0.0,0.30324506759643555,0.0
model_1,415,1,0.42324185371398926,3,6,0,0,0.8870390057563782,0.31789112091064453,0.10535073280334473,0.2489137874217344,worker2,worker2,worker2,0,0.0,0.31789112091064453,0.0
model_1,416,1,0.524075984954834,5,5,1,1,0.9989951252937317,0.43430328369140625,0.08977270126342773,0.1712971092754127,worker2,worker2,worker2,0,0.0,0.43430328369140625,0.0
model_1,417,1,0.3545353412628174,7,7,1,0,0.8398817777633667,0.26305460929870605,0.09148073196411133,0.2580299375466114,worker2,worker2,worker2,0,0.0,0.26305460929870605,0.0
model_1,418,1,0.5258791446685791,0,7,0,1,0.8845033645629883,0.4405965805053711,0.08528256416320801,0.16217141338996244,worker2,worker2,worker2,0,0.0,0.4405965805053711,0.0
model_1,419,1,0.3428919315338135,4,4,1,0,0.8832855820655823,0.25662732124328613,0.08626461029052734,0.2515795863281215,worker2,worker2,worker2,0,0.0,0.25662732124328613,0.0
model_1,420,1,0.42719030380249023,1,1,1,0,0.9523857235908508,0.3225727081298828,0.10461759567260742,0.24489693408625904,worker2,worker2,worker2,0,0.0,0.3225727081298828,0.0
model_1,421,1,0.41483235359191895,0,7,0,0,0.8278810381889343,0.2561221122741699,0.15871024131774902,0.38258886980130846,worker2,worker2,worker2,0,0.0,0.2561221122741699,0.0
model_1,422,1,0.7537209987640381,2,2,1,1,0.9398937225341797,0.6689760684967041,0.08474493026733398,0.11243541098934469,worker2,worker2,worker2,0,0.0,0.6689760684967041,0.0
model_1,423,1,0.4799156188964844,3,3,1,0,0.8656126260757446,0.3882002830505371,0.09171533584594727,0.19110721184035864,worker2,worker2,worker2,0,0.0,0.3882002830505371,0.0
model_1,424,1,0.3263213634490967,5,5,1,0,0.9505502581596375,0.24480581283569336,0.08151555061340332,0.24980145262882564,worker2,worker2,worker2,0,0.0,0.24480581283569336,0.0
model_1,425,1,1.3227205276489258,3,3,1,3,0.7003264427185059,1.17439866065979,0.14832186698913574,0.11213394204501458,worker2->worker3->worker3,worker2,worker3,0,0.0,0.6046590805053711,0.569739580154419
model_1,426,1,0.501671552658081,2,2,1,1,0.8612517714500427,0.4192018508911133,0.08246970176696777,0.16438983101594315,worker2,worker2,worker2,0,0.0,0.4192018508911133,0.0
model_1,427,1,0.3286292552947998,4,2,0,0,0.8074566125869751,0.24618053436279297,0.08244872093200684,0.2508867351387979,worker2,worker2,worker2,0,0.0,0.24618053436279297,0.0
model_1,428,1,0.33501386642456055,1,1,1,0,0.8782304525375366,0.25218939781188965,0.0828244686126709,0.24722698644272853,worker2,worker2,worker2,0,0.0,0.25218939781188965,0.0
model_1,429,1,0.4849979877471924,5,5,1,1,0.9472468495368958,0.4012577533721924,0.083740234375,0.1726609934279769,worker2,worker2,worker2,0,0.0,0.4012577533721924,0.0
model_1,430,1,0.3297080993652344,4,4,1,0,0.8499786257743835,0.24674057960510254,0.08296751976013184,0.25163931344077933,worker2,worker2,worker2,0,0.0,0.24674057960510254,0.0
model_1,431,1,0.4957001209259033,6,6,1,1,0.9821377992630005,0.4117002487182617,0.0839998722076416,0.1694570339235358,worker2,worker2,worker2,0,0.0,0.4117002487182617,0.0
model_1,432,1,0.5230848789215088,6,6,1,1,0.6896780133247375,0.4358510971069336,0.0872337818145752,0.16676792874309987,worker2,worker2,worker2,0,0.0,0.4358510971069336,0.0
model_1,433,1,0.4295663833618164,4,4,1,0,0.8007133603096008,0.27306437492370605,0.15650200843811035,0.36432554897176717,worker2,worker2,worker2,0,0.0,0.27306437492370605,0.0
model_1,434,1,0.33586955070495605,4,4,1,0,0.9071969389915466,0.24545884132385254,0.09041070938110352,0.2691840007268912,worker2,worker2,worker2,0,0.0,0.24545884132385254,0.0
model_1,435,1,0.41008853912353516,4,4,1,0,0.9974483251571655,0.2574923038482666,0.15259623527526855,0.37210558383661735,worker2,worker2,worker2,0,0.0,0.2574923038482666,0.0
model_1,436,1,0.4059574604034424,8,8,1,0,0.7473382949829102,0.24837279319763184,0.15758466720581055,0.38818024688892816,worker2,worker2,worker2,0,0.0,0.24837279319763184,0.0
model_1,437,1,1.0866851806640625,5,3,0,2,0.7567178606987,0.9391140937805176,0.14757108688354492,0.13579930002667903,worker2->worker3,worker2,worker3,0,0.0,0.713756799697876,0.2253572940826416
model_1,438,1,0.3235433101654053,8,8,1,0,0.8183113932609558,0.238616943359375,0.08492636680603027,0.26248840305989735,worker2,worker2,worker2,0,0.0,0.238616943359375,0.0
model_1,439,1,0.500579833984375,7,7,1,1,0.5794918537139893,0.41689348220825195,0.08368635177612305,0.16717883161616778,worker2,worker2,worker2,0,0.0,0.41689348220825195,0.0
model_1,440,1,0.489224910736084,5,5,1,0,0.8795068860054016,0.3243694305419922,0.1648554801940918,0.33697278404333814,worker2,worker2,worker2,0,0.0,0.3243694305419922,0.0
model_1,441,1,0.3755669593811035,6,6,1,0,0.8728607296943665,0.27883076667785645,0.09673619270324707,0.2575737569211588,worker2,worker2,worker2,0,0.0,0.27883076667785645,0.0
model_1,442,1,0.3328714370727539,0,0,1,0,0.8747933506965637,0.2496194839477539,0.083251953125,0.2501024234975261,worker2,worker2,worker2,0,0.0,0.2496194839477539,0.0
model_1,443,1,0.5000357627868652,2,2,1,1,0.9937775135040283,0.41641879081726074,0.08361697196960449,0.16722198329091376,worker2,worker2,worker2,0,0.0,0.41641879081726074,0.0
model_1,444,1,0.4520139694213867,9,1,0,0,0.8222156167030334,0.29947638511657715,0.15253758430480957,0.33746210211173255,worker2,worker2,worker2,0,0.0,0.29947638511657715,0.0
model_1,445,1,0.35452866554260254,0,0,1,0,0.8233054876327515,0.2580604553222656,0.09646821022033691,0.2721027087406128,worker2,worker2,worker2,0,0.0,0.2580604553222656,0.0
model_1,446,1,0.5069684982299805,4,4,1,1,0.9428620934486389,0.4241631031036377,0.08280539512634277,0.16333439930774368,worker2,worker2,worker2,0,0.0,0.4241631031036377,0.0
model_1,447,1,0.6072943210601807,9,0,0,1,0.729887843132019,0.520113468170166,0.08718085289001465,0.14355618003774376,worker2,worker2,worker2,0,0.0,0.520113468170166,0.0
model_1,448,1,0.67376708984375,5,5,1,1,0.8135985136032104,0.5179896354675293,0.1557774543762207,0.2312037152368874,worker2,worker2,worker2,0,0.0,0.5179896354675293,0.0
model_1,449,1,0.5534954071044922,6,6,1,1,0.9980096220970154,0.4599025249481201,0.09359288215637207,0.16909423448694136,worker2,worker2,worker2,0,0.0,0.4599025249481201,0.0
model_1,450,1,0.6173560619354248,2,2,1,1,0.9997238516807556,0.5295393466949463,0.08781671524047852,0.14224646141024547,worker2,worker2,worker2,0,0.0,0.5295393466949463,0.0
model_1,451,1,0.3995058536529541,4,2,0,0,0.7762877345085144,0.31017446517944336,0.08933138847351074,0.2236047048039297,worker2,worker2,worker2,0,0.0,0.31017446517944336,0.0
model_1,452,1,0.33222150802612305,0,0,1,0,0.9326361417770386,0.250931978225708,0.08128952980041504,0.24468472942463174,worker2,worker2,worker2,0,0.0,0.250931978225708,0.0
model_1,453,1,1.465036153793335,0,0,1,3,0.3816167712211609,1.2684259414672852,0.1966102123260498,0.13420161121415206,worker2->worker3->worker3,worker2,worker3,0,0.0,0.7433574199676514,0.5250685214996338
model_1,454,1,0.3241264820098877,6,6,1,0,0.928001344203949,0.23937606811523438,0.08475041389465332,0.2614732784841319,worker2,worker2,worker2,0,0.0,0.23937606811523438,0.0
model_1,455,1,0.5014984607696533,6,6,1,1,0.7983622550964355,0.4170572757720947,0.0844411849975586,0.16837775507419522,worker2,worker2,worker2,0,0.0,0.4170572757720947,0.0
model_1,456,1,0.5053584575653076,4,2,0,1,0.7210465669631958,0.4217057228088379,0.08365273475646973,0.16553148266180795,worker2,worker2,worker2,0,0.0,0.4217057228088379,0.0
model_1,457,1,0.6051766872406006,2,2,1,1,0.8205816149711609,0.5191216468811035,0.08605504035949707,0.1421982078521212,worker2,worker2,worker2,0,0.0,0.5191216468811035,0.0
model_1,458,1,0.4406728744506836,9,1,0,0,0.9328436851501465,0.34177088737487793,0.09890198707580566,0.2244340253506435,worker2,worker2,worker2,0,0.0,0.34177088737487793,0.0
model_1,459,1,0.33570194244384766,6,6,1,0,0.9995936751365662,0.24501347541809082,0.09068846702575684,0.27014579172691605,worker2,worker2,worker2,0,0.0,0.24501347541809082,0.0
model_1,460,1,0.3604772090911865,3,4,0,0,0.8192521929740906,0.25330471992492676,0.10717248916625977,0.29730725400492475,worker2,worker2,worker2,0,0.0,0.25330471992492676,0.0
model_1,461,1,1.1160261631011963,0,0,1,2,0.893028736114502,0.9743356704711914,0.14169049263000488,0.12695983061568872,worker2->worker3,worker2,worker3,0,0.0,0.7526843547821045,0.22165131568908691
model_1,462,1,0.510749101638794,5,5,1,1,0.9477213025093079,0.42595696449279785,0.0847921371459961,0.16601524481184854,worker2,worker2,worker2,0,0.0,0.42595696449279785,0.0
model_1,463,1,0.6016967296600342,1,1,1,1,0.9820418357849121,0.5157415866851807,0.08595514297485352,0.14285459557577984,worker2,worker2,worker2,0,0.0,0.5157415866851807,0.0
model_1,464,1,0.44498729705810547,6,6,1,0,0.878257155418396,0.3407268524169922,0.10426044464111328,0.234299822332904,worker2,worker2,worker2,0,0.0,0.3407268524169922,0.0
model_1,465,1,0.335953950881958,8,8,1,0,0.9940242171287537,0.25162720680236816,0.08432674407958984,0.2510068533446692,worker2,worker2,worker2,0,0.0,0.25162720680236816,0.0
model_1,466,1,0.32561469078063965,2,2,1,0,0.8260186314582825,0.24039149284362793,0.08522319793701172,0.2617301993736669,worker2,worker2,worker2,0,0.0,0.24039149284362793,0.0
model_1,467,1,0.39933085441589355,8,8,1,0,0.9915016889572144,0.2476513385772705,0.15167951583862305,0.37983420054152,worker2,worker2,worker2,0,0.0,0.2476513385772705,0.0
model_1,468,1,0.5909016132354736,2,8,0,1,0.9111008048057556,0.5031542778015137,0.08774733543395996,0.14849736989801168,worker2,worker2,worker2,0,0.0,0.5031542778015137,0.0
model_1,469,1,0.37890028953552246,8,8,1,0,0.9836517572402954,0.28337955474853516,0.0955207347869873,0.25209992556110755,worker2,worker2,worker2,0,0.0,0.28337955474853516,0.0
model_1,470,1,0.3379402160644531,6,6,1,0,0.8218120336532593,0.2530524730682373,0.08488774299621582,0.2511915982796961,worker2,worker2,worker2,0,0.0,0.2530524730682373,0.0
model_1,471,1,0.33347511291503906,9,9,1,0,0.9557421207427979,0.2483079433441162,0.08516716957092285,0.25539288022558154,worker2,worker2,worker2,0,0.0,0.2483079433441162,0.0
model_1,472,1,0.4115300178527832,4,4,1,0,0.9299773573875427,0.30792880058288574,0.10360121726989746,0.25174644078323044,worker2,worker2,worker2,0,0.0,0.30792880058288574,0.0
model_1,473,1,0.3401758670806885,7,7,1,0,0.9035689830780029,0.24557709693908691,0.09459877014160156,0.2780878342529897,worker2,worker2,worker2,0,0.0,0.24557709693908691,0.0
model_1,474,1,0.5860292911529541,8,8,1,1,0.9631631970405579,0.5006334781646729,0.08539581298828125,0.14571935955671006,worker2,worker2,worker2,0,0.0,0.5006334781646729,0.0
model_1,475,1,0.353198766708374,0,0,1,0,0.9307960867881775,0.2594940662384033,0.0937047004699707,0.2653030228368265,worker2,worker2,worker2,0,0.0,0.2594940662384033,0.0
model_1,476,1,0.3370089530944824,9,1,0,0,0.8612887859344482,0.25210022926330566,0.08490872383117676,0.2519479766087167,worker2,worker2,worker2,0,0.0,0.25210022926330566,0.0
model_1,477,1,0.3343932628631592,3,3,1,0,0.9769663214683533,0.2525668144226074,0.08182644844055176,0.24470124708833288,worker2,worker2,worker2,0,0.0,0.2525668144226074,0.0
model_1,478,1,0.5191621780395508,3,3,1,1,0.8339666724205017,0.4383046627044678,0.08085751533508301,0.15574615939939124,worker2,worker2,worker2,0,0.0,0.4383046627044678,0.0
model_1,479,1,0.4746854305267334,5,5,1,0,0.9969856142997742,0.3182365894317627,0.1564488410949707,0.32958424892326627,worker2,worker2,worker2,0,0.0,0.3182365894317627,0.0
model_1,480,1,0.3643031120300293,8,8,1,0,0.9620723724365234,0.2621288299560547,0.10217428207397461,0.2804650267866843,worker2,worker2,worker2,0,0.0,0.2621288299560547,0.0
model_1,481,1,0.32628679275512695,8,8,1,0,0.9904831647872925,0.2468855381011963,0.07940125465393066,0.2433480496819252,worker2,worker2,worker2,0,0.0,0.2468855381011963,0.0
model_1,482,1,1.4357848167419434,1,1,1,3,0.830453097820282,1.2862775325775146,0.1495072841644287,0.1041293113153877,worker2->worker3->worker3,worker2,worker3,0,0.0,0.7878549098968506,0.49842262268066406
model_1,483,1,0.3255271911621094,8,8,1,0,0.943149983882904,0.24112391471862793,0.08440327644348145,0.2592818011366965,worker2,worker2,worker2,0,0.0,0.24112391471862793,0.0
model_1,484,1,0.4920806884765625,0,0,1,1,0.9717484712600708,0.41420936584472656,0.07787132263183594,0.15824909299513162,worker2,worker2,worker2,0,0.0,0.41420936584472656,0.0
model_1,485,1,0.3988223075866699,7,7,1,0,0.9710476994514465,0.24789810180664062,0.1509242057800293,0.3784246841489208,worker2,worker2,worker2,0,0.0,0.24789810180664062,0.0
model_1,486,1,1.3234672546386719,4,7,0,3,0.46769800782203674,1.1640143394470215,0.1594529151916504,0.12048119410040382,worker2->worker3->worker3,worker2,worker3,0,0.0,0.7359251976013184,0.4280891418457031
model_1,487,1,0.5018272399902344,5,5,1,1,0.993546187877655,0.4179980754852295,0.08382916450500488,0.1670478559646069,worker2,worker2,worker2,0,0.0,0.4179980754852295,0.0
model_1,488,1,0.5942325592041016,3,3,1,1,0.8059254288673401,0.5106523036956787,0.08358025550842285,0.14065243348558332,worker2,worker2,worker2,0,0.0,0.5106523036956787,0.0
model_1,489,1,0.4338529109954834,8,8,1,0,0.9931837916374207,0.33971619606018066,0.09413671493530273,0.21697841030801046,worker2,worker2,worker2,0,0.0,0.33971619606018066,0.0
model_1,490,1,0.33244752883911133,8,8,1,0,0.9811850190162659,0.2495269775390625,0.08292055130004883,0.2494244778705466,worker2,worker2,worker2,0,0.0,0.2495269775390625,0.0
model_1,491,1,0.509946346282959,8,8,1,1,0.9959814548492432,0.4264247417449951,0.08352160453796387,0.1637850827773544,worker2,worker2,worker2,0,0.0,0.4264247417449951,0.0
model_1,492,1,1.1797611713409424,4,4,1,2,0.9693614840507507,1.0328240394592285,0.14693713188171387,0.12454820132341014,worker2->worker3,worker2,worker3,0,0.0,0.7883956432342529,0.24442839622497559
model_1,493,1,0.3343188762664795,0,0,1,0,0.8357036113739014,0.25096869468688965,0.08335018157958984,0.24931341750847755,worker2,worker2,worker2,0,0.0,0.25096869468688965,0.0
model_1,494,1,0.3227548599243164,5,5,1,0,0.7955465316772461,0.24127674102783203,0.08147811889648438,0.2524458312280422,worker2,worker2,worker2,0,0.0,0.24127674102783203,0.0
model_1,495,1,0.33449530601501465,9,1,0,0,0.8397969007492065,0.24410080909729004,0.09039449691772461,0.27024145120191023,worker2,worker2,worker2,0,0.0,0.24410080909729004,0.0
model_1,496,1,1.3836095333099365,7,7,1,3,0.39852505922317505,1.2394046783447266,0.14420485496520996,0.10422366389759996,worker2->worker3->worker3,worker2,worker3,0,0.0,0.7669727802276611,0.47243189811706543
model_1,497,1,0.34654974937438965,4,4,1,0,0.9749051928520203,0.24951696395874023,0.09703278541564941,0.2799966977059376,worker2,worker2,worker2,0,0.0,0.24951696395874023,0.0
model_1,498,1,0.3879842758178711,4,3,0,0,0.967373788356781,0.2376406192779541,0.150343656539917,0.38749935476893355,worker2,worker2,worker2,0,0.0,0.2376406192779541,0.0
model_1,499,1,1.2571113109588623,8,8,1,3,0.49818679690361023,1.0934782028198242,0.16363310813903809,0.13016596598293817,worker2->worker3->worker3,worker2,worker3,0,0.0,0.6616928577423096,0.43178534507751465
model_1,500,1,0.4970211982727051,4,7,0,1,0.874626636505127,0.41348862648010254,0.08353257179260254,0.1680664166496375,worker2,worker2,worker2,0,0.0,0.41348862648010254,0.0
model_1,501,1,0.6033327579498291,1,1,1,1,0.6775984168052673,0.5193896293640137,0.08394312858581543,0.1391323900115429,worker2,worker2,worker2,0,0.0,0.5193896293640137,0.0
model_1,502,1,0.40947484970092773,7,7,1,0,0.9961573481559753,0.3045835494995117,0.10489130020141602,0.2561605438722953,worker2,worker2,worker2,0,0.0,0.3045835494995117,0.0
model_1,503,1,0.33545875549316406,5,5,1,0,0.8627685308456421,0.2543060779571533,0.08115267753601074,0.24191551482001625,worker2,worker2,worker2,0,0.0,0.2543060779571533,0.0
model_1,504,1,0.33194851875305176,8,9,0,0,0.6141811609268188,0.24951958656311035,0.0824289321899414,0.24831842148168526,worker2,worker2,worker2,0,0.0,0.24951958656311035,0.0
model_1,505,1,0.5695962905883789,9,3,0,1,0.9860294461250305,0.4841775894165039,0.085418701171875,0.14996358400375043,worker2,worker2,worker2,0,0.0,0.4841775894165039,0.0
model_1,506,1,0.3422677516937256,9,9,1,0,0.9728845953941345,0.256577730178833,0.08569002151489258,0.2503596120021594,worker2,worker2,worker2,0,0.0,0.256577730178833,0.0
model_1,507,1,0.3828434944152832,8,8,1,0,0.9995797276496887,0.28966212272644043,0.09318137168884277,0.24339285647561718,worker2,worker2,worker2,0,0.0,0.28966212272644043,0.0
model_1,508,1,0.33825063705444336,1,8,0,0,0.7781661152839661,0.2430591583251953,0.09519147872924805,0.28142291041399115,worker2,worker2,worker2,0,0.0,0.2430591583251953,0.0
model_1,509,1,0.3338356018066406,5,5,1,0,0.9121175408363342,0.25037217140197754,0.08346343040466309,0.25001356941254443,worker2,worker2,worker2,0,0.0,0.25037217140197754,0.0
model_1,510,1,0.5160865783691406,2,2,1,1,0.7289720177650452,0.43235230445861816,0.08373427391052246,0.16224850135635566,worker2,worker2,worker2,0,0.0,0.43235230445861816,0.0
model_1,511,1,0.5634644031524658,9,9,1,1,0.9978571534156799,0.4763925075531006,0.08707189559936523,0.15452954101841418,worker2,worker2,worker2,0,0.0,0.4763925075531006,0.0
model_1,512,1,0.3661794662475586,1,1,1,0,0.7832420468330383,0.26439595222473145,0.10178351402282715,0.2779607362091013,worker2,worker2,worker2,0,0.0,0.26439595222473145,0.0
model_1,513,1,0.3802204132080078,3,3,1,0,0.8295349478721619,0.29381537437438965,0.08640503883361816,0.2272498683187439,worker2,worker2,worker2,0,0.0,0.29381537437438965,0.0
model_1,514,1,0.4571249485015869,0,0,1,0,0.9464071989059448,0.2894308567047119,0.167694091796875,0.3668451970223035,worker2,worker2,worker2,0,0.0,0.2894308567047119,0.0
model_1,515,1,0.3460967540740967,4,4,1,0,0.7480329871177673,0.25119876861572266,0.09489798545837402,0.27419495947672795,worker2,worker2,worker2,0,0.0,0.25119876861572266,0.0
model_1,516,1,0.619666337966919,6,2,0,1,0.7003939747810364,0.5312979221343994,0.08836841583251953,0.1426064486937438,worker2,worker2,worker2,0,0.0,0.5312979221343994,0.0
model_1,517,1,0.3596775531768799,7,4,0,0,0.7724356651306152,0.2645835876464844,0.09509396553039551,0.26438671162676314,worker2,worker2,worker2,0,0.0,0.2645835876464844,0.0
model_1,518,1,0.3344581127166748,5,5,1,0,0.9534351229667664,0.24954986572265625,0.08490824699401855,0.2538681041531374,worker2,worker2,worker2,0,0.0,0.24954986572265625,0.0
model_1,519,1,0.5406019687652588,6,0,0,1,0.9831966161727905,0.4534604549407959,0.08714151382446289,0.16119348219077914,worker2,worker2,worker2,0,0.0,0.4534604549407959,0.0
model_1,520,1,0.4146230220794678,1,9,0,0,0.9753776788711548,0.25945425033569336,0.15516877174377441,0.3742406076863584,worker2,worker2,worker2,0,0.0,0.25945425033569336,0.0
model_1,521,1,0.5809900760650635,2,2,1,1,0.8289318680763245,0.49346303939819336,0.08752703666687012,0.1506515175950582,worker2,worker2,worker2,0,0.0,0.49346303939819336,0.0
model_1,522,1,0.7747879028320312,2,7,0,1,0.8200060129165649,0.6535618305206299,0.12122607231140137,0.15646355843746615,worker2,worker2,worker2,0,0.0,0.6535618305206299,0.0
model_1,523,1,0.5180866718292236,4,2,0,0,0.7171868681907654,0.40309906005859375,0.11498761177062988,0.22194667036046264,worker2,worker2,worker2,0,0.0,0.40309906005859375,0.0
model_1,524,1,1.0423600673675537,2,5,0,2,0.8081602454185486,0.8953144550323486,0.14704561233520508,0.1410698826045437,worker2->worker3,worker2,worker3,0,0.0,0.638519287109375,0.25679516792297363
model_1,525,1,0.33888769149780273,1,9,0,0,0.7137333750724792,0.255617618560791,0.08327007293701172,0.24571583750645493,worker2,worker2,worker2,0,0.0,0.255617618560791,0.0
model_1,526,1,0.33774733543395996,1,1,1,0,0.9913396239280701,0.2555060386657715,0.08224129676818848,0.24349946880415638,worker2,worker2,worker2,0,0.0,0.2555060386657715,0.0
model_1,527,1,0.3868687152862549,7,7,1,0,0.8622145652770996,0.3013436794281006,0.0855250358581543,0.2210699197914516,worker2,worker2,worker2,0,0.0,0.3013436794281006,0.0
model_1,528,1,0.4450240135192871,8,8,1,0,0.994877278804779,0.2926511764526367,0.1523728370666504,0.34239239330406745,worker2,worker2,worker2,0,0.0,0.2926511764526367,0.0
model_1,529,1,0.6024925708770752,2,2,1,1,0.9203499555587769,0.516592264175415,0.08590030670166016,0.14257488117506786,worker2,worker2,worker2,0,0.0,0.516592264175415,0.0
model_1,530,1,1.248575210571289,7,7,1,3,0.4855844974517822,1.1021013259887695,0.14647388458251953,0.11731282452380261,worker2->worker3->worker3,worker2,worker3,0,0.0,0.7250726222991943,0.3770287036895752
model_1,531,1,0.9928359985351562,3,3,1,2,0.7679693698883057,0.846576452255249,0.14625954627990723,0.14731491051462733,worker2->worker3,worker2,worker3,0,0.0,0.6263706684112549,0.22020578384399414
model_1,532,1,1.0877950191497803,2,2,1,2,0.9469241499900818,0.9204626083374023,0.16733241081237793,0.1538271529714898,worker2->worker3,worker2,worker3,0,0.0,0.6934385299682617,0.22702407836914062
model_1,533,1,0.6456506252288818,4,2,0,1,0.6417286396026611,0.552741527557373,0.09290909767150879,0.1438999577187317,worker2,worker2,worker2,0,0.0,0.552741527557373,0.0
model_1,534,1,0.4353044033050537,8,8,1,0,0.9737692475318909,0.3454296588897705,0.0898747444152832,0.20646412885536689,worker2,worker2,worker2,0,0.0,0.3454296588897705,0.0
model_1,535,1,0.33931565284729004,6,6,1,0,0.735832929611206,0.2575035095214844,0.08181214332580566,0.241109252223697,worker2,worker2,worker2,0,0.0,0.2575035095214844,0.0
model_1,536,1,0.5242559909820557,7,7,1,1,0.9820091724395752,0.44068217277526855,0.08357381820678711,0.15941414050459118,worker2,worker2,worker2,0,0.0,0.44068217277526855,0.0
model_1,537,1,0.34945201873779297,2,2,1,0,0.9819600582122803,0.2506864070892334,0.09876561164855957,0.28262996449497446,worker2,worker2,worker2,0,0.0,0.2506864070892334,0.0
model_1,538,1,0.44872570037841797,2,1,0,0,0.5428194999694824,0.2903270721435547,0.15839862823486328,0.35299655914801187,worker2,worker2,worker2,0,0.0,0.2903270721435547,0.0
model_1,539,1,0.36112380027770996,3,3,1,0,0.9210924506187439,0.26031970977783203,0.10080409049987793,0.27913998031245235,worker2,worker2,worker2,0,0.0,0.26031970977783203,0.0
model_1,540,1,0.5970354080200195,9,9,1,1,0.994529664516449,0.5123789310455322,0.0846564769744873,0.14179473417705343,worker2,worker2,worker2,0,0.0,0.5123789310455322,0.0
model_1,541,1,0.34824442863464355,3,3,1,0,0.8347875475883484,0.2596454620361328,0.08859896659851074,0.25441603458203,worker2,worker2,worker2,0,0.0,0.2596454620361328,0.0
model_1,542,1,0.5373828411102295,0,9,0,1,0.8244284391403198,0.45199060440063477,0.08539223670959473,0.15890391388972322,worker2,worker2,worker2,0,0.0,0.45199060440063477,0.0
model_1,543,1,1.3707516193389893,2,2,1,3,0.7368091940879822,1.2241389751434326,0.14661264419555664,0.10695784861903496,worker2->worker3->worker3,worker2,worker3,0,0.0,0.796175479888916,0.4279634952545166
model_1,544,1,0.6075830459594727,4,4,1,1,0.9279181957244873,0.5242643356323242,0.08331871032714844,0.13713139443444247,worker2,worker2,worker2,0,0.0,0.5242643356323242,0.0
model_1,545,1,0.4114978313446045,2,2,1,0,0.9819114804267883,0.3063035011291504,0.1051943302154541,0.2556376296607022,worker2,worker2,worker2,0,0.0,0.3063035011291504,0.0
model_1,546,1,0.3385803699493408,1,1,1,0,0.9016068577766418,0.2561664581298828,0.08241391181945801,0.24341018893620137,worker2,worker2,worker2,0,0.0,0.2561664581298828,0.0
model_1,547,1,0.3384840488433838,8,8,1,0,0.689797580242157,0.25507330894470215,0.08341073989868164,0.24642443324493468,worker2,worker2,worker2,0,0.0,0.25507330894470215,0.0
model_1,548,1,0.40299034118652344,9,9,1,0,0.891209065914154,0.29306578636169434,0.1099245548248291,0.2727721823336473,worker2,worker2,worker2,0,0.0,0.29306578636169434,0.0
model_1,549,1,0.45903444290161133,3,3,1,0,0.9952561259269714,0.3071441650390625,0.15189027786254883,0.3308908083289618,worker2,worker2,worker2,0,0.0,0.3071441650390625,0.0
model_1,550,1,0.37509775161743164,8,8,1,0,0.8136261105537415,0.26782965660095215,0.10726809501647949,0.28597370833052604,worker2,worker2,worker2,0,0.0,0.26782965660095215,0.0
model_1,551,1,0.346494197845459,5,5,1,0,0.8706733584403992,0.25449419021606445,0.09200000762939453,0.2655167336176514,worker2,worker2,worker2,0,0.0,0.25449419021606445,0.0
model_1,552,1,0.5091056823730469,5,5,1,0,0.49033334851264954,0.3515288829803467,0.1575767993927002,0.30951687409616435,worker2,worker2,worker2,0,0.0,0.3515288829803467,0.0
model_1,553,1,0.4281911849975586,9,9,1,0,0.9108718633651733,0.32430481910705566,0.10388636589050293,0.24261677851003696,worker2,worker2,worker2,0,0.0,0.32430481910705566,0.0
model_1,554,1,0.39616918563842773,7,7,1,0,0.9980074763298035,0.24581527709960938,0.15035390853881836,0.3795194426757917,worker2,worker2,worker2,0,0.0,0.24581527709960938,0.0
model_1,555,1,0.6216020584106445,9,9,1,1,0.9620792865753174,0.535703182220459,0.08589887619018555,0.13818949765034205,worker2,worker2,worker2,0,0.0,0.535703182220459,0.0
model_1,556,1,0.4391026496887207,2,2,1,0,0.9637803435325623,0.34746646881103516,0.09163618087768555,0.20868965592133484,worker2,worker2,worker2,0,0.0,0.34746646881103516,0.0
model_1,557,1,0.34616780281066895,4,6,0,0,0.9271499514579773,0.2612028121948242,0.08496499061584473,0.24544452120035842,worker2,worker2,worker2,0,0.0,0.2612028121948242,0.0
model_1,558,1,0.3380615711212158,5,7,0,0,0.97805255651474,0.25230979919433594,0.08575177192687988,0.2536572602513659,worker2,worker2,worker2,0,0.0,0.25230979919433594,0.0
model_1,559,1,0.3455038070678711,0,0,1,0,0.8044409155845642,0.2606360912322998,0.08486771583557129,0.24563467637535988,worker2,worker2,worker2,0,0.0,0.2606360912322998,0.0
model_1,560,1,0.5497527122497559,0,0,1,1,0.7585548162460327,0.4598557949066162,0.08989691734313965,0.16352246262734027,worker2,worker2,worker2,0,0.0,0.4598557949066162,0.0
model_1,561,1,0.5338916778564453,7,7,1,1,0.7150749564170837,0.44716405868530273,0.08672761917114258,0.16244422374094808,worker2,worker2,worker2,0,0.0,0.44716405868530273,0.0
model_1,562,1,1.273496389389038,2,3,0,3,0.7667205929756165,1.0912742614746094,0.1822221279144287,0.14308806010973463,worker2->worker3->worker3,worker2,worker3,0,0.0,0.7112832069396973,0.3799910545349121
model_1,563,1,0.34177565574645996,1,1,1,0,0.9738715291023254,0.2554023265838623,0.08637332916259766,0.2527193722266519,worker2,worker2,worker2,0,0.0,0.2554023265838623,0.0
model_1,564,1,0.335970401763916,4,2,0,0,0.6005937457084656,0.25096797943115234,0.08500242233276367,0.253005687067917,worker2,worker2,worker2,0,0.0,0.25096797943115234,0.0
model_1,565,1,0.34610509872436523,3,3,1,0,0.9809353351593018,0.26352787017822266,0.08257722854614258,0.2385900376807401,worker2,worker2,worker2,0,0.0,0.26352787017822266,0.0
model_1,566,1,0.3855738639831543,2,2,1,0,0.6470698714256287,0.30176496505737305,0.08380889892578125,0.2173614623667616,worker2,worker2,worker2,0,0.0,0.30176496505737305,0.0
model_1,567,1,0.48655271530151367,4,3,0,0,0.7860963344573975,0.3285336494445801,0.1580190658569336,0.32477275511454123,worker2,worker2,worker2,0,0.0,0.3285336494445801,0.0
model_1,568,1,0.3831326961517334,7,7,1,0,0.6060310006141663,0.28308916091918945,0.10004353523254395,0.2611198058463884,worker2,worker2,worker2,0,0.0,0.28308916091918945,0.0
model_1,569,1,0.34801697731018066,3,3,1,0,0.8039070963859558,0.2643256187438965,0.08369135856628418,0.2404806777334076,worker2,worker2,worker2,0,0.0,0.2643256187438965,0.0
model_1,570,1,1.1721794605255127,8,8,1,2,0.823207437992096,1.0291121006011963,0.1430673599243164,0.12205243714147346,worker2->worker3,worker2,worker3,0,0.0,0.8087549209594727,0.22035717964172363
model_1,571,1,0.4647338390350342,9,1,0,0,0.5904947519302368,0.31346631050109863,0.15126752853393555,0.3254928215428104,worker2,worker2,worker2,0,0.0,0.31346631050109863,0.0
model_1,572,1,0.3608205318450928,2,2,1,0,0.8424801826477051,0.26302289962768555,0.09779763221740723,0.2710423149073835,worker2,worker2,worker2,0,0.0,0.26302289962768555,0.0
model_1,573,1,0.3466794490814209,4,4,1,0,0.9815338253974915,0.2584390640258789,0.08824038505554199,0.25453018714939146,worker2,worker2,worker2,0,0.0,0.2584390640258789,0.0
model_1,574,1,0.5617470741271973,5,3,0,1,0.8420228362083435,0.47663450241088867,0.0851125717163086,0.15151404544216002,worker2,worker2,worker2,0,0.0,0.47663450241088867,0.0
model_1,575,1,1.1788787841796875,7,7,1,2,0.7401926517486572,1.0179979801177979,0.16088080406188965,0.1364693352877982,worker2->worker3,worker2,worker3,0,0.0,0.7696971893310547,0.24830079078674316
model_1,576,1,0.3500385284423828,1,1,1,0,0.9968484044075012,0.26398730278015137,0.08605122566223145,0.24583358307768594,worker2,worker2,worker2,0,0.0,0.26398730278015137,0.0
model_1,577,1,1.3595519065856934,9,8,0,3,0.7287614941596985,1.2161922454833984,0.14335966110229492,0.10544625799710787,worker2->worker3->worker3,worker2,worker3,0,0.0,0.648552417755127,0.5676398277282715
model_1,578,1,0.3285350799560547,4,4,1,0,0.9249255657196045,0.24489283561706543,0.08364224433898926,0.2545915168333846,worker2,worker2,worker2,0,0.0,0.24489283561706543,0.0
model_1,579,1,0.33818745613098145,4,4,1,0,0.8102660775184631,0.2518033981323242,0.08638405799865723,0.2554324722357541,worker2,worker2,worker2,0,0.0,0.2518033981323242,0.0
model_1,580,1,0.32659220695495605,5,5,1,0,0.9319725036621094,0.2428607940673828,0.08373141288757324,0.2563790902062815,worker2,worker2,worker2,0,0.0,0.2428607940673828,0.0
model_1,581,1,0.3412339687347412,6,6,1,0,0.7690408825874329,0.25731611251831055,0.08391785621643066,0.2459246848360057,worker2,worker2,worker2,0,0.0,0.25731611251831055,0.0
model_1,582,1,1.1319189071655273,0,0,1,2,0.7303590774536133,0.9899120330810547,0.14200687408447266,0.1254567559438303,worker2->worker3,worker2,worker3,0,0.0,0.7768330574035645,0.21307897567749023
model_1,583,1,0.3468296527862549,5,5,1,0,0.6846292614936829,0.25054168701171875,0.09628796577453613,0.27762322223894953,worker2,worker2,worker2,0,0.0,0.25054168701171875,0.0
model_1,584,1,0.39580512046813965,9,9,1,0,0.8927586078643799,0.24408841133117676,0.1517167091369629,0.3833116382059927,worker2,worker2,worker2,0,0.0,0.24408841133117676,0.0
model_1,585,1,0.5166749954223633,0,0,1,1,0.9995490908622742,0.4335298538208008,0.0831451416015625,0.16092348640482268,worker2,worker2,worker2,0,0.0,0.4335298538208008,0.0
model_1,586,1,0.636864185333252,3,3,1,1,0.98842453956604,0.5507791042327881,0.08608508110046387,0.1351702342241433,worker2,worker2,worker2,0,0.0,0.5507791042327881,0.0
model_1,587,1,0.4494607448577881,8,8,1,0,0.9831593036651611,0.3596525192260742,0.08980822563171387,0.19981327993422363,worker2,worker2,worker2,0,0.0,0.3596525192260742,0.0
model_1,588,1,0.38524317741394043,4,2,0,0,0.8446800708770752,0.29823851585388184,0.0870046615600586,0.22584348448194022,worker2,worker2,worker2,0,0.0,0.29823851585388184,0.0
model_1,589,1,0.6015865802764893,0,0,1,1,0.9898589253425598,0.5177700519561768,0.0838165283203125,0.13932579460431185,worker2,worker2,worker2,0,0.0,0.5177700519561768,0.0
model_1,590,1,0.3995087146759033,9,9,1,0,0.9585281610488892,0.30226922035217285,0.09723949432373047,0.243397680079682,worker2,worker2,worker2,0,0.0,0.30226922035217285,0.0
model_1,591,1,0.3466758728027344,3,6,0,0,0.6690167784690857,0.2507193088531494,0.09595656394958496,0.2767904301323738,worker2,worker2,worker2,0,0.0,0.2507193088531494,0.0
model_1,592,1,0.4994978904724121,9,0,0,0,0.9494743943214417,0.3453812599182129,0.15411663055419922,0.3085431059747614,worker2,worker2,worker2,0,0.0,0.3453812599182129,0.0
model_1,593,1,0.43167757987976074,3,3,1,0,0.7791699767112732,0.31243085861206055,0.1192467212677002,0.2762402469475369,worker2,worker2,worker2,0,0.0,0.31243085861206055,0.0
model_1,594,1,0.3439340591430664,5,5,1,0,0.9404075145721436,0.25982093811035156,0.08411312103271484,0.24456176641036376,worker2,worker2,worker2,0,0.0,0.25982093811035156,0.0
model_1,595,1,0.4331972599029541,2,2,1,0,0.9905078411102295,0.2814784049987793,0.1517188549041748,0.3502304122102786,worker2,worker2,worker2,0,0.0,0.2814784049987793,0.0
model_1,596,1,0.8229105472564697,3,6,0,1,0.7725606560707092,0.7104511260986328,0.11245942115783691,0.13666056600291407,worker2,worker2,worker2,0,0.0,0.7104511260986328,0.0
model_1,597,1,0.5346426963806152,5,5,1,0,0.8063520789146423,0.438016414642334,0.09662628173828125,0.18073057462940154,worker2,worker2,worker2,0,0.0,0.438016414642334,0.0
model_1,598,1,0.518660306930542,7,7,1,1,0.9547255039215088,0.4360063076019287,0.08265399932861328,0.15936056456250497,worker2,worker2,worker2,0,0.0,0.4360063076019287,0.0
model_1,599,1,1.482877254486084,2,6,0,3,0.582675039768219,1.3358957767486572,0.14698147773742676,0.09911911272006506,worker2->worker3->worker3,worker2,worker3,0,0.0,0.754267692565918,0.5816280841827393
model_1,600,1,1.0373561382293701,2,2,1,2,0.9632965326309204,0.8987712860107422,0.13858485221862793,0.13359428561841255,worker2->worker3,worker2,worker3,0,0.0,0.6813075542449951,0.21746373176574707
model_1,601,1,0.4537372589111328,2,2,1,0,0.8848293423652649,0.2974715232849121,0.1562657356262207,0.3443969666525144,worker2,worker2,worker2,0,0.0,0.2974715232849121,0.0
model_1,602,1,0.38300585746765137,9,9,1,0,0.979789137840271,0.2870790958404541,0.09592676162719727,0.25045768819684233,worker2,worker2,worker2,0,0.0,0.2870790958404541,0.0
model_1,603,1,0.457277774810791,7,5,0,0,0.8958109021186829,0.30335307121276855,0.15392470359802246,0.3366109443252786,worker2,worker2,worker2,0,0.0,0.30335307121276855,0.0
model_1,604,1,0.36388635635375977,8,8,1,0,0.9993956089019775,0.2656419277191162,0.09824442863464355,0.26998656838656837,worker2,worker2,worker2,0,0.0,0.2656419277191162,0.0
model_1,605,1,0.3391737937927246,0,0,1,0,0.9378238320350647,0.25692200660705566,0.08225178718566895,0.24250631590934332,worker2,worker2,worker2,0,0.0,0.25692200660705566,0.0
model_1,606,1,0.5301496982574463,1,1,1,1,0.857082188129425,0.4446535110473633,0.08549618721008301,0.16126801069792396,worker2,worker2,worker2,0,0.0,0.4446535110473633,0.0
model_1,607,1,0.35640406608581543,4,2,0,0,0.8063928484916687,0.2702333927154541,0.08617067337036133,0.2417780310890534,worker2,worker2,worker2,0,0.0,0.2702333927154541,0.0
model_1,608,1,0.396531343460083,1,1,1,0,0.7598406672477722,0.3076198101043701,0.08891153335571289,0.22422321670686093,worker2,worker2,worker2,0,0.0,0.3076198101043701,0.0
model_1,609,1,0.33841800689697266,3,3,1,0,0.8482397794723511,0.2537398338317871,0.08467817306518555,0.2502176933243532,worker2,worker2,worker2,0,0.0,0.2537398338317871,0.0
model_1,610,1,0.4016437530517578,3,2,0,0,0.8122947216033936,0.25093817710876465,0.15070557594299316,0.3752220090513209,worker2,worker2,worker2,0,0.0,0.25093817710876465,0.0
model_1,611,1,0.7132883071899414,4,2,0,1,0.7698593735694885,0.6268813610076904,0.08640694618225098,0.12113887934411588,worker2,worker2,worker2,0,0.0,0.6268813610076904,0.0
model_1,612,1,0.4471321105957031,0,0,1,0,0.8508470058441162,0.3505237102508545,0.09660840034484863,0.21606231817289892,worker2,worker2,worker2,0,0.0,0.3505237102508545,0.0
model_1,613,1,0.3462409973144531,1,1,1,0,0.9721041917800903,0.2636137008666992,0.0826272964477539,0.23864099597862612,worker2,worker2,worker2,0,0.0,0.2636137008666992,0.0
model_1,614,1,0.4163060188293457,4,4,1,0,0.988017201423645,0.33081483840942383,0.08549118041992188,0.20535658038364046,worker2,worker2,worker2,0,0.0,0.33081483840942383,0.0
model_1,615,1,0.35084104537963867,4,4,1,0,0.7498775720596313,0.2553436756134033,0.09549736976623535,0.2721955456007133,worker2,worker2,worker2,0,0.0,0.2553436756134033,0.0
model_1,616,1,0.3639554977416992,7,2,0,0,0.7442318797111511,0.2574305534362793,0.10652494430541992,0.292686729466637,worker2,worker2,worker2,0,0.0,0.2574305534362793,0.0
model_1,617,1,0.4361569881439209,8,8,1,0,0.9010971188545227,0.27829480171203613,0.15786218643188477,0.3619389135633755,worker2,worker2,worker2,0,0.0,0.27829480171203613,0.0
model_1,618,1,0.41036415100097656,3,3,1,0,0.8864932060241699,0.3151233196258545,0.09524083137512207,0.23208857582419626,worker2,worker2,worker2,0,0.0,0.3151233196258545,0.0
model_1,619,1,0.4040341377258301,1,1,1,0,0.9547629356384277,0.24878311157226562,0.15525102615356445,0.3842522491476076,worker2,worker2,worker2,0,0.0,0.24878311157226562,0.0
model_1,620,1,0.6986918449401855,0,0,1,1,0.7830340266227722,0.6145110130310059,0.08418083190917969,0.12048348999462895,worker2,worker2,worker2,0,0.0,0.6145110130310059,0.0
model_1,621,1,0.4631538391113281,3,2,0,0,0.809838593006134,0.3759191036224365,0.0872347354888916,0.18834937362555904,worker2,worker2,worker2,0,0.0,0.3759191036224365,0.0
model_1,622,1,1.4195289611816406,2,2,1,3,0.5095992684364319,1.2701172828674316,0.14941167831420898,0.10525440649681152,worker2->worker3->worker3,worker2,worker3,0,0.0,0.7007663249969482,0.5693509578704834
model_1,623,1,0.34730982780456543,3,3,1,0,0.9976073503494263,0.26529383659362793,0.0820159912109375,0.23614647396931332,worker2,worker2,worker2,0,0.0,0.26529383659362793,0.0
model_1,624,1,0.6969990730285645,5,5,1,1,0.6800132989883423,0.6081883907318115,0.08881068229675293,0.1274186519515117,worker2,worker2,worker2,0,0.0,0.6081883907318115,0.0
model_1,625,1,0.42139339447021484,3,3,1,0,0.8490927219390869,0.32398557662963867,0.09740781784057617,0.23115648968119076,worker2,worker2,worker2,0,0.0,0.32398557662963867,0.0
model_1,626,1,0.33938026428222656,5,5,1,0,0.9036638736724854,0.25614237785339355,0.08323788642883301,0.2452643691726661,worker2,worker2,worker2,0,0.0,0.25614237785339355,0.0
model_1,627,1,1.3827142715454102,8,6,0,3,0.6600644588470459,1.240323543548584,0.14239072799682617,0.10297914104674798,worker2->worker3->worker3,worker2,worker3,0,0.0,0.7417187690734863,0.49860477447509766
model_1,628,1,0.334395170211792,1,9,0,0,0.9449666738510132,0.2477703094482422,0.0866248607635498,0.2590493777427623,worker2,worker2,worker2,0,0.0,0.2477703094482422,0.0
model_1,629,1,0.5346124172210693,4,4,1,1,0.7833603620529175,0.4463844299316406,0.08822798728942871,0.16503168360368492,worker2,worker2,worker2,0,0.0,0.4463844299316406,0.0
model_1,630,1,0.3298604488372803,3,3,1,0,0.8217005133628845,0.24419879913330078,0.08566164970397949,0.25969057522939426,worker2,worker2,worker2,0,0.0,0.24419879913330078,0.0
model_1,631,1,0.43124866485595703,1,1,1,0,0.992480993270874,0.2775883674621582,0.15366029739379883,0.3563148362328808,worker2,worker2,worker2,0,0.0,0.2775883674621582,0.0
model_1,632,1,0.3466908931732178,1,1,1,0,0.6484361290931702,0.2586486339569092,0.0880422592163086,0.25395030832932747,worker2,worker2,worker2,0,0.0,0.2586486339569092,0.0
model_1,633,1,0.36072611808776855,8,8,1,0,0.991306483745575,0.2564277648925781,0.10429835319519043,0.2891344650841543,worker2,worker2,worker2,0,0.0,0.2564277648925781,0.0
model_1,634,1,0.5139188766479492,9,1,0,0,0.9656994342803955,0.3466017246246338,0.16731715202331543,0.3255711351072496,worker2,worker2,worker2,0,0.0,0.3466017246246338,0.0
model_1,635,1,0.38612842559814453,6,6,1,0,0.9944848418235779,0.28343963623046875,0.10268878936767578,0.2659446509502698,worker2,worker2,worker2,0,0.0,0.28343963623046875,0.0
model_1,636,1,0.34247827529907227,1,1,1,0,0.8643814921379089,0.26116132736206055,0.08131694793701172,0.2374368063667716,worker2,worker2,worker2,0,0.0,0.26116132736206055,0.0
model_1,637,1,0.33260631561279297,0,0,1,0,0.9374280571937561,0.2501335144042969,0.0824728012084961,0.2479592158571867,worker2,worker2,worker2,0,0.0,0.2501335144042969,0.0
model_1,638,1,0.4395172595977783,0,0,1,0,0.7234920263290405,0.285076379776001,0.15444087982177734,0.35138751994202233,worker2,worker2,worker2,0,0.0,0.285076379776001,0.0
model_1,639,1,0.34284090995788574,4,0,0,0,0.7601653933525085,0.25078845024108887,0.09205245971679688,0.2684990531850604,worker2,worker2,worker2,0,0.0,0.25078845024108887,0.0
model_1,640,1,0.5204639434814453,0,0,1,1,0.9617960453033447,0.43654894828796387,0.08391499519348145,0.16123114049392942,worker2,worker2,worker2,0,0.0,0.43654894828796387,0.0
model_1,641,1,0.5663976669311523,4,4,1,1,0.9940584897994995,0.48229193687438965,0.0841057300567627,0.1484923667014081,worker2,worker2,worker2,0,0.0,0.48229193687438965,0.0
model_1,642,1,0.8146297931671143,5,5,1,1,0.8772031664848328,0.6628034114837646,0.1518263816833496,0.1863746980000322,worker2,worker2,worker2,0,0.0,0.6628034114837646,0.0
model_1,643,1,0.7028424739837646,2,2,1,1,0.9670673608779907,0.6146755218505859,0.08816695213317871,0.125443403602861,worker2,worker2,worker2,0,0.0,0.6146755218505859,0.0
model_1,644,1,1.111903429031372,3,5,0,2,0.8756780028343201,0.9659109115600586,0.14599251747131348,0.13129963777384335,worker2->worker3,worker2,worker3,0,0.0,0.7335467338562012,0.23236417770385742
model_1,645,1,0.8518338203430176,8,8,1,1,0.9852022528648376,0.6983611583709717,0.1534726619720459,0.18016737338539263,worker2,worker2,worker2,0,0.0,0.6983611583709717,0.0
model_1,646,1,0.5393087863922119,9,9,1,0,0.95606529712677,0.43653273582458496,0.10277605056762695,0.1905699539129762,worker2,worker2,worker2,0,0.0,0.43653273582458496,0.0
model_1,647,1,0.40674400329589844,9,9,1,0,0.9973580241203308,0.25775718688964844,0.14898681640625,0.3662913655739012,worker2,worker2,worker2,0,0.0,0.25775718688964844,0.0
model_1,648,1,0.33685755729675293,6,6,1,0,0.9394316673278809,0.25536370277404785,0.08149385452270508,0.24192378279022397,worker2,worker2,worker2,0,0.0,0.25536370277404785,0.0
model_1,649,1,0.3361339569091797,3,5,0,0,0.700056791305542,0.25437426567077637,0.08175969123840332,0.2432354409837089,worker2,worker2,worker2,0,0.0,0.25437426567077637,0.0
model_1,650,1,1.0854511260986328,5,5,1,2,0.7547141909599304,0.9441812038421631,0.14126992225646973,0.1301485795719123,worker2->worker3,worker2,worker3,0,0.0,0.7173354625701904,0.22684574127197266
model_1,651,1,0.34436821937561035,6,6,1,0,0.6775688529014587,0.2615940570831299,0.08277416229248047,0.24036527657099735,worker2,worker2,worker2,0,0.0,0.2615940570831299,0.0
model_1,652,1,0.33267879486083984,3,6,0,0,0.9479135870933533,0.24916577339172363,0.08351302146911621,0.2510319947024272,worker2,worker2,worker2,0,0.0,0.24916577339172363,0.0
model_1,653,1,0.38169407844543457,3,3,1,0,0.7535108327865601,0.2980196475982666,0.08367443084716797,0.21921857207729703,worker2,worker2,worker2,0,0.0,0.2980196475982666,0.0
model_1,654,1,0.6411995887756348,6,6,1,1,0.9679933190345764,0.5482182502746582,0.09298133850097656,0.1450115379495543,worker2,worker2,worker2,0,0.0,0.5482182502746582,0.0
model_1,655,1,0.428987979888916,4,4,1,0,0.8990755677223206,0.32323718070983887,0.10575079917907715,0.24651226639604382,worker2,worker2,worker2,0,0.0,0.32323718070983887,0.0
model_1,656,1,0.33858799934387207,1,1,1,0,0.8655319809913635,0.25418663024902344,0.08440136909484863,0.24927454386571474,worker2,worker2,worker2,0,0.0,0.25418663024902344,0.0
model_1,657,1,0.34037137031555176,3,3,1,0,0.9362042546272278,0.25655627250671387,0.08381509780883789,0.24624602748208382,worker2,worker2,worker2,0,0.0,0.25655627250671387,0.0
model_1,658,1,0.40381526947021484,6,6,1,0,0.9020620584487915,0.2521326541900635,0.15168261528015137,0.37562377341290554,worker2,worker2,worker2,0,0.0,0.2521326541900635,0.0
model_1,659,1,1.3720757961273193,9,7,0,3,0.3631627857685089,1.2210779190063477,0.15099787712097168,0.11005068200106935,worker2->worker3->worker3,worker2,worker3,0,0.0,0.8118481636047363,0.40922975540161133
model_1,660,1,0.6064116954803467,7,7,1,1,0.9988784193992615,0.5197641849517822,0.08664751052856445,0.14288561908412703,worker2,worker2,worker2,0,0.0,0.5197641849517822,0.0
model_1,661,1,0.4409513473510742,9,9,1,0,0.9981850981712341,0.3393833637237549,0.10156798362731934,0.23033829976360976,worker2,worker2,worker2,0,0.0,0.3393833637237549,0.0
model_1,662,1,0.5239546298980713,2,2,1,1,0.8971095085144043,0.43785977363586426,0.08609485626220703,0.1643173880894147,worker2,worker2,worker2,0,0.0,0.43785977363586426,0.0
model_1,663,1,1.167119026184082,5,2,0,2,0.7819096446037292,1.0186915397644043,0.14842748641967773,0.12717424966069163,worker2->worker3,worker2,worker3,0,0.0,0.7947626113891602,0.22392892837524414
model_1,664,1,0.3278923034667969,3,3,1,0,0.756432294845581,0.24414682388305664,0.08374547958374023,0.255405444709441,worker2,worker2,worker2,0,0.0,0.24414682388305664,0.0
model_1,665,1,0.5108234882354736,4,4,1,1,0.5221876502037048,0.42183709144592285,0.08898639678955078,0.17420185022606252,worker2,worker2,worker2,0,0.0,0.42183709144592285,0.0
model_1,666,1,0.46335482597351074,3,3,1,0,0.8245316743850708,0.3169834613800049,0.14637136459350586,0.3158947665775983,worker2,worker2,worker2,0,0.0,0.3169834613800049,0.0
model_1,667,1,0.3466942310333252,9,9,1,0,0.8749571442604065,0.2544105052947998,0.09228372573852539,0.26618189020184424,worker2,worker2,worker2,0,0.0,0.2544105052947998,0.0
model_1,668,1,1.4213080406188965,4,0,0,3,0.5618734955787659,1.2769672870635986,0.14434075355529785,0.1015548701831349,worker2->worker3->worker3,worker2,worker3,0,0.0,0.7730216979980469,0.5039455890655518
model_1,669,1,0.330136775970459,7,7,1,0,0.9614120125770569,0.24796152114868164,0.08217525482177734,0.2489127561757327,worker2,worker2,worker2,0,0.0,0.24796152114868164,0.0
model_1,670,1,0.5055370330810547,5,5,1,1,0.6682095527648926,0.42176318168640137,0.08377385139465332,0.1657125905971394,worker2,worker2,worker2,0,0.0,0.42176318168640137,0.0
model_1,671,1,0.5794370174407959,2,2,1,1,0.8985430002212524,0.4927208423614502,0.0867161750793457,0.14965591163358138,worker2,worker2,worker2,0,0.0,0.4927208423614502,0.0
model_1,672,1,0.41870570182800293,4,4,1,0,0.9863452315330505,0.32137322425842285,0.09733247756958008,0.2324603585397616,worker2,worker2,worker2,0,0.0,0.32137322425842285,0.0
model_1,673,1,0.3832509517669678,9,1,0,0,0.5340374708175659,0.2594277858734131,0.12382316589355469,0.32308638849472243,worker2,worker2,worker2,0,0.0,0.2594277858734131,0.0
model_1,674,1,0.6050326824188232,5,5,1,1,0.9975743889808655,0.5201666355133057,0.08486604690551758,0.14026688040427301,worker2,worker2,worker2,0,0.0,0.5201666355133057,0.0
model_1,675,1,0.7729353904724121,9,0,0,1,0.5594884753227234,0.6869087219238281,0.08602666854858398,0.1112986539483011,worker2,worker2,worker2,0,0.0,0.6869087219238281,0.0
model_1,676,1,0.5092184543609619,1,1,1,0,0.9206913113594055,0.4070453643798828,0.1021730899810791,0.20064687189960564,worker2,worker2,worker2,0,0.0,0.4070453643798828,0.0
model_1,677,1,0.3434886932373047,7,7,1,0,0.7844498753547668,0.2606334686279297,0.082855224609375,0.24121674523980077,worker2,worker2,worker2,0,0.0,0.2606334686279297,0.0
model_1,678,1,0.34287428855895996,0,0,1,0,0.7121084928512573,0.25967836380004883,0.08319592475891113,0.24264264640130614,worker2,worker2,worker2,0,0.0,0.25967836380004883,0.0
model_1,679,1,0.5679900646209717,7,7,1,1,0.5323691368103027,0.4858129024505615,0.08217716217041016,0.14468063314672275,worker2,worker2,worker2,0,0.0,0.4858129024505615,0.0
model_1,680,1,0.41979265213012695,7,7,1,0,0.9622679352760315,0.25658440589904785,0.1632082462310791,0.38878299894703244,worker2,worker2,worker2,0,0.0,0.25658440589904785,0.0
model_1,681,1,0.736762285232544,2,2,1,1,0.9704095125198364,0.650970458984375,0.08579182624816895,0.11644437828558299,worker2,worker2,worker2,0,0.0,0.650970458984375,0.0
model_1,682,1,0.5398757457733154,8,8,1,0,0.9987919926643372,0.43810415267944336,0.10177159309387207,0.18850928920337942,worker2,worker2,worker2,0,0.0,0.43810415267944336,0.0
model_1,683,1,0.38653564453125,3,3,1,0,0.9917734265327454,0.3044118881225586,0.0821237564086914,0.21246101768514133,worker2,worker2,worker2,0,0.0,0.3044118881225586,0.0
model_1,684,1,0.3404536247253418,6,6,1,0,0.9807549715042114,0.255321741104126,0.08513188362121582,0.2500542730008978,worker2,worker2,worker2,0,0.0,0.255321741104126,0.0
model_1,685,1,0.5433766841888428,9,9,1,0,0.9336433410644531,0.3808779716491699,0.16249871253967285,0.29905352450345246,worker2,worker2,worker2,0,0.0,0.3808779716491699,0.0
model_1,686,1,0.45797204971313477,3,3,1,0,0.7487629055976868,0.36417508125305176,0.09379696846008301,0.20480937323322612,worker2,worker2,worker2,0,0.0,0.36417508125305176,0.0
model_1,687,1,0.4344792366027832,8,8,1,0,0.9903545379638672,0.2789726257324219,0.15550661087036133,0.3579149422335483,worker2,worker2,worker2,0,0.0,0.2789726257324219,0.0
model_1,688,1,0.3386681079864502,9,1,0,0,0.9705944657325745,0.2512397766113281,0.08742833137512207,0.25815342311068745,worker2,worker2,worker2,0,0.0,0.2512397766113281,0.0
model_1,689,1,0.3372502326965332,3,5,0,0,0.6705107092857361,0.25383472442626953,0.08341550827026367,0.24734010590089994,worker2,worker2,worker2,0,0.0,0.25383472442626953,0.0
model_1,690,1,0.3373572826385498,6,6,1,0,0.8880908489227295,0.25261878967285156,0.08473849296569824,0.2511832331080532,worker2,worker2,worker2,0,0.0,0.25261878967285156,0.0
model_1,691,1,0.44841599464416504,4,4,1,0,0.9867401719093323,0.29485559463500977,0.15356040000915527,0.3424507641191774,worker2,worker2,worker2,0,0.0,0.29485559463500977,0.0
model_1,692,1,0.36241745948791504,8,8,1,0,0.935174822807312,0.26717042922973633,0.09524703025817871,0.2628102696618422,worker2,worker2,worker2,0,0.0,0.26717042922973633,0.0
model_1,693,1,0.4062318801879883,8,8,1,0,0.9256560206413269,0.2556746006011963,0.150557279586792,0.37061906494665053,worker2,worker2,worker2,0,0.0,0.2556746006011963,0.0
model_1,694,1,0.6725130081176758,9,9,1,1,0.9835878610610962,0.5852136611938477,0.08729934692382812,0.1298106443593914,worker2,worker2,worker2,0,0.0,0.5852136611938477,0.0
model_1,695,1,0.45321154594421387,2,2,1,0,0.8747460246086121,0.3541538715362549,0.09905767440795898,0.21856829397755914,worker2,worker2,worker2,0,0.0,0.3541538715362549,0.0
model_1,696,1,0.33926963806152344,3,3,1,0,0.863869309425354,0.2517828941345215,0.08748674392700195,0.2578678847505271,worker2,worker2,worker2,0,0.0,0.2517828941345215,0.0
model_1,697,1,0.5385193824768066,9,0,0,1,0.8145277500152588,0.4533071517944336,0.08521223068237305,0.15823428729799346,worker2,worker2,worker2,0,0.0,0.4533071517944336,0.0
model_1,698,1,0.406144380569458,1,1,1,0,0.9998644590377808,0.25374698638916016,0.15239739418029785,0.375229601765314,worker2,worker2,worker2,0,0.0,0.25374698638916016,0.0
model_1,699,1,0.7039620876312256,4,4,1,1,0.9083736538887024,0.6202316284179688,0.08373045921325684,0.11894171672653982,worker2,worker2,worker2,0,0.0,0.6202316284179688,0.0
model_1,700,1,0.45721936225891113,1,1,1,0,0.9998500347137451,0.3511049747467041,0.10611438751220703,0.23208638188012098,worker2,worker2,worker2,0,0.0,0.3511049747467041,0.0
model_1,701,1,0.3833343982696533,0,0,1,0,0.8072067499160767,0.29530906677246094,0.08802533149719238,0.2296306616221582,worker2,worker2,worker2,0,0.0,0.29530906677246094,0.0
model_1,702,1,0.3534107208251953,6,6,1,0,0.8531830906867981,0.2672765254974365,0.08613419532775879,0.24372264408572555,worker2,worker2,worker2,0,0.0,0.2672765254974365,0.0
model_1,703,1,0.3874669075012207,8,8,1,0,0.9682044982910156,0.2966325283050537,0.09083437919616699,0.2344313215855236,worker2,worker2,worker2,0,0.0,0.2966325283050537,0.0
model_1,704,1,0.41927146911621094,2,2,1,0,0.9906689524650574,0.25702643394470215,0.1622450351715088,0.3869689380808756,worker2,worker2,worker2,0,0.0,0.25702643394470215,0.0
model_1,705,1,1.3880791664123535,1,1,1,3,0.5662031769752502,1.2413580417633057,0.14672112464904785,0.10570083335251337,worker2->worker3->worker3,worker2,worker3,0,0.0,0.8165662288665771,0.4247918128967285
model_1,706,1,0.32894158363342285,7,7,1,0,0.9965033531188965,0.24506783485412598,0.08387374877929688,0.2549806803166819,worker2,worker2,worker2,0,0.0,0.24506783485412598,0.0
model_1,707,1,0.34079432487487793,9,9,1,0,0.9643723368644714,0.2568552494049072,0.0839390754699707,0.24630420562545693,worker2,worker2,worker2,0,0.0,0.2568552494049072,0.0
model_1,708,1,0.5352354049682617,7,7,1,1,0.9388676881790161,0.4491891860961914,0.08604621887207031,0.1607633166142525,worker2,worker2,worker2,0,0.0,0.4491891860961914,0.0
model_1,709,1,0.4082365036010742,3,3,1,0,0.8295378088951111,0.25482940673828125,0.15340709686279297,0.3757799596792091,worker2,worker2,worker2,0,0.0,0.25482940673828125,0.0
model_1,710,1,0.696347713470459,0,0,1,1,0.7598389387130737,0.6097142696380615,0.08663344383239746,0.12441118446506207,worker2,worker2,worker2,0,0.0,0.6097142696380615,0.0
model_1,711,1,0.4598665237426758,4,7,0,0,0.7769468426704407,0.3659477233886719,0.0939188003540039,0.20423056583818086,worker2,worker2,worker2,0,0.0,0.3659477233886719,0.0
model_1,712,1,0.33864903450012207,1,1,1,0,0.9984960556030273,0.254835844039917,0.08381319046020508,0.24749277842743966,worker2,worker2,worker2,0,0.0,0.254835844039917,0.0
model_1,713,1,0.34073781967163086,9,9,1,0,0.9017464518547058,0.2575831413269043,0.08315467834472656,0.24404299594586462,worker2,worker2,worker2,0,0.0,0.2575831413269043,0.0
model_1,714,1,0.5826296806335449,2,2,1,1,0.8365798592567444,0.4935779571533203,0.08905172348022461,0.15284446783313677,worker2,worker2,worker2,0,0.0,0.4935779571533203,0.0
model_1,715,1,1.1126766204833984,8,1,0,2,0.8910306692123413,0.9634926319122314,0.149183988571167,0.1340766812430682,worker2->worker3,worker2,worker3,0,0.0,0.7340676784515381,0.22942495346069336
model_1,716,1,0.39205169677734375,6,6,1,0,0.8410754203796387,0.30544614791870117,0.08660554885864258,0.22090338996244185,worker2,worker2,worker2,0,0.0,0.30544614791870117,0.0
model_1,717,1,0.34036707878112793,1,1,1,0,0.9669681191444397,0.25536227226257324,0.08500480651855469,0.24974450179776872,worker2,worker2,worker2,0,0.0,0.25536227226257324,0.0
model_1,718,1,0.3635063171386719,1,1,1,0,0.9691041111946106,0.2603487968444824,0.10315752029418945,0.2837846701157507,worker2,worker2,worker2,0,0.0,0.2603487968444824,0.0
model_1,719,1,0.36833620071411133,8,7,0,0,0.748436689376831,0.25595760345458984,0.11237859725952148,0.30509788894398004,worker2,worker2,worker2,0,0.0,0.25595760345458984,0.0
model_1,720,1,0.712592601776123,6,6,1,1,0.8028016686439514,0.621422290802002,0.0911703109741211,0.12794170294061555,worker2,worker2,worker2,0,0.0,0.621422290802002,0.0
model_1,721,1,0.48166871070861816,9,9,1,0,0.991240918636322,0.3792877197265625,0.10238099098205566,0.21255478860446525,worker2,worker2,worker2,0,0.0,0.3792877197265625,0.0
model_1,722,1,0.39882993698120117,1,1,1,0,0.9943035840988159,0.3099558353424072,0.08887410163879395,0.22283708768577978,worker2,worker2,worker2,0,0.0,0.3099558353424072,0.0
model_1,723,1,0.4018685817718506,5,5,1,0,0.8337600827217102,0.24999380111694336,0.15187478065490723,0.37792150853218426,worker2,worker2,worker2,0,0.0,0.24999380111694336,0.0
model_1,724,1,0.6539819240570068,4,2,0,1,0.7747668623924255,0.5642902851104736,0.0896916389465332,0.1371469694301748,worker2,worker2,worker2,0,0.0,0.5642902851104736,0.0
model_1,725,1,0.4198019504547119,9,9,1,0,0.7670230865478516,0.32796645164489746,0.09183549880981445,0.21875910464527876,worker2,worker2,worker2,0,0.0,0.32796645164489746,0.0
model_1,726,1,1.5256576538085938,3,3,1,3,0.38072144985198975,1.3366832733154297,0.18897438049316406,0.12386421031049502,worker2->worker3->worker3,worker2,worker3,0,0.0,0.8030450344085693,0.5336382389068604
model_1,727,1,0.3371410369873047,5,5,1,0,0.6229161620140076,0.2537569999694824,0.08338403701782227,0.24732686878744506,worker2,worker2,worker2,0,0.0,0.2537569999694824,0.0
model_1,728,1,0.33574700355529785,7,4,0,0,0.7681685090065002,0.24716663360595703,0.08858036994934082,0.2638307088710966,worker2,worker2,worker2,0,0.0,0.24716663360595703,0.0
model_1,729,1,0.44284987449645996,5,5,1,0,0.9346731901168823,0.28455042839050293,0.15829944610595703,0.35745622889912876,worker2,worker2,worker2,0,0.0,0.28455042839050293,0.0
model_1,730,1,0.3797013759613037,1,1,1,0,0.998230516910553,0.28241896629333496,0.09728240966796875,0.25620768273929834,worker2,worker2,worker2,0,0.0,0.28241896629333496,0.0
model_1,731,1,0.35268092155456543,3,5,0,0,0.7293945550918579,0.2477269172668457,0.10495400428771973,0.29758911773593527,worker2,worker2,worker2,0,0.0,0.2477269172668457,0.0
model_1,732,1,0.650932788848877,9,9,1,1,0.9568607807159424,0.5648014545440674,0.08613133430480957,0.13231985817940745,worker2,worker2,worker2,0,0.0,0.5648014545440674,0.0
model_1,733,1,0.38858556747436523,5,5,1,0,0.8742801547050476,0.2850327491760254,0.10355281829833984,0.2664865269479448,worker2,worker2,worker2,0,0.0,0.2850327491760254,0.0
model_1,734,1,0.3737196922302246,5,5,1,0,0.7702159881591797,0.28757691383361816,0.08614277839660645,0.23050104179027162,worker2,worker2,worker2,0,0.0,0.28757691383361816,0.0
model_1,735,1,0.5283827781677246,2,2,1,1,0.9686428904533386,0.43863654136657715,0.08974623680114746,0.16985079852973425,worker2,worker2,worker2,0,0.0,0.43863654136657715,0.0
model_1,736,1,0.34200596809387207,3,3,1,0,0.9996153116226196,0.25656914710998535,0.08543682098388672,0.24981090669282255,worker2,worker2,worker2,0,0.0,0.25656914710998535,0.0
model_1,737,1,0.590801477432251,7,7,1,1,0.5522840619087219,0.5058326721191406,0.08496880531311035,0.14381955455223788,worker2,worker2,worker2,0,0.0,0.5058326721191406,0.0
model_1,738,1,0.3574833869934082,1,1,1,0,0.9131712317466736,0.2661929130554199,0.09129047393798828,0.25536983608044317,worker2,worker2,worker2,0,0.0,0.2661929130554199,0.0
model_1,739,1,0.48725366592407227,0,8,0,0,0.6236111521720886,0.3360304832458496,0.15122318267822266,0.31035822458396334,worker2,worker2,worker2,0,0.0,0.3360304832458496,0.0
model_1,740,1,0.42304563522338867,1,9,0,0,0.8862596750259399,0.3168299198150635,0.1062157154083252,0.25107389502373223,worker2,worker2,worker2,0,0.0,0.3168299198150635,0.0
model_1,741,1,0.61893630027771,0,8,0,1,0.5148056745529175,0.5352175235748291,0.08371877670288086,0.1352623471354276,worker2,worker2,worker2,0,0.0,0.5352175235748291,0.0
model_1,742,1,0.4490029811859131,2,5,0,0,0.7598878741264343,0.35594606399536133,0.09305691719055176,0.20725233704410714,worker2,worker2,worker2,0,0.0,0.35594606399536133,0.0
model_1,743,1,0.5031163692474365,3,3,1,0,0.9778229594230652,0.3410763740539551,0.16203999519348145,0.32207259611898836,worker2,worker2,worker2,0,0.0,0.3410763740539551,0.0
model_1,744,1,0.3816680908203125,5,5,1,0,0.9680759906768799,0.28259944915771484,0.09906864166259766,0.25956752488705875,worker2,worker2,worker2,0,0.0,0.28259944915771484,0.0
model_1,745,1,0.3427126407623291,4,4,1,0,0.6966842412948608,0.25855445861816406,0.08415818214416504,0.24556486144474798,worker2,worker2,worker2,0,0.0,0.25855445861816406,0.0
model_1,746,1,0.348799467086792,4,4,1,0,0.8387473821640015,0.2650415897369385,0.08375787734985352,0.24013189598426762,worker2,worker2,worker2,0,0.0,0.2650415897369385,0.0
model_1,747,1,0.5533323287963867,7,7,1,1,0.9621321558952332,0.46793150901794434,0.08540081977844238,0.15433911111647314,worker2,worker2,worker2,0,0.0,0.46793150901794434,0.0
model_1,748,1,0.40456485748291016,5,5,1,0,0.7204767465591431,0.3177220821380615,0.08684277534484863,0.21465723910168616,worker2,worker2,worker2,0,0.0,0.3177220821380615,0.0
model_1,749,1,0.6996026039123535,9,1,0,1,0.9531628489494324,0.6131322383880615,0.08647036552429199,0.12359926198205665,worker2,worker2,worker2,0,0.0,0.6131322383880615,0.0
model_1,750,1,0.45972514152526855,8,8,1,0,0.8490211963653564,0.3674468994140625,0.09227824211120605,0.20072481092734412,worker2,worker2,worker2,0,0.0,0.3674468994140625,0.0
model_1,751,1,0.614816427230835,2,2,1,1,0.8722050189971924,0.5312914848327637,0.08352494239807129,0.13585346568287376,worker2,worker2,worker2,0,0.0,0.5312914848327637,0.0
model_1,752,1,0.8194789886474609,2,2,1,1,0.9061007499694824,0.7347462177276611,0.0847327709197998,0.1033983446722046,worker2,worker2,worker2,0,0.0,0.7347462177276611,0.0
model_1,753,1,0.5291509628295898,3,3,1,0,0.6100258231163025,0.4167745113372803,0.11237645149230957,0.21237125014643465,worker2,worker2,worker2,0,0.0,0.4167745113372803,0.0
model_1,754,1,0.3384976387023926,8,8,1,0,0.7566328048706055,0.256455659866333,0.08204197883605957,0.24237090441919137,worker2,worker2,worker2,0,0.0,0.256455659866333,0.0
model_1,755,1,1.0871527194976807,8,9,0,2,0.8004940152168274,0.9286000728607178,0.1585526466369629,0.14584211012250625,worker2->worker3,worker2,worker3,0,0.0,0.6862561702728271,0.24234390258789062
model_1,756,1,0.5649538040161133,0,0,1,1,0.8784116506576538,0.48126864433288574,0.08368515968322754,0.1481274381875668,worker2,worker2,worker2,0,0.0,0.48126864433288574,0.0
model_1,757,1,0.34355902671813965,9,1,0,0,0.9967072606086731,0.2599489688873291,0.08361005783081055,0.24336446237346382,worker2,worker2,worker2,0,0.0,0.2599489688873291,0.0
model_1,758,1,0.340548038482666,4,4,1,0,0.7673045992851257,0.2570760250091553,0.08347201347351074,0.2451108332481542,worker2,worker2,worker2,0,0.0,0.2570760250091553,0.0
model_1,759,1,0.5711727142333984,5,7,0,1,0.7205327749252319,0.4853813648223877,0.08579134941101074,0.15020211447977852,worker2,worker2,worker2,0,0.0,0.4853813648223877,0.0
model_1,760,1,1.3016161918640137,0,2,0,3,0.547962486743927,1.128032922744751,0.1735832691192627,0.133359795463729,worker2->worker3->worker3,worker2,worker3,0,0.0,0.7565996646881104,0.3714332580566406
model_1,761,1,0.5114400386810303,0,0,1,1,0.9707748293876648,0.42774105072021484,0.08369898796081543,0.16365356958886038,worker2,worker2,worker2,0,0.0,0.42774105072021484,0.0
model_1,762,1,0.722804069519043,5,5,1,1,0.9348670840263367,0.632347822189331,0.09045624732971191,0.12514628949156567,worker2,worker2,worker2,0,0.0,0.632347822189331,0.0
model_1,763,1,0.5126802921295166,8,8,1,0,0.9841383099555969,0.4131906032562256,0.09948968887329102,0.19405795463687786,worker2,worker2,worker2,0,0.0,0.4131906032562256,0.0
model_1,764,1,0.5914309024810791,5,4,0,1,0.7466685771942139,0.5090162754058838,0.08241462707519531,0.139347854042564,worker2,worker2,worker2,0,0.0,0.5090162754058838,0.0
model_1,765,1,0.34625816345214844,8,8,1,0,0.8152820467948914,0.2510721683502197,0.09518599510192871,0.2748989197913396,worker2,worker2,worker2,0,0.0,0.2510721683502197,0.0
model_1,766,1,0.40528225898742676,8,8,1,0,0.9978596568107605,0.25374531745910645,0.1515369415283203,0.37390470016360006,worker2,worker2,worker2,0,0.0,0.25374531745910645,0.0
model_1,767,1,0.6926310062408447,1,1,1,1,0.9999080896377563,0.6071872711181641,0.08544373512268066,0.12336111775650106,worker2,worker2,worker2,0,0.0,0.6071872711181641,0.0
model_1,768,1,0.4590294361114502,0,0,1,0,0.9242038130760193,0.36033058166503906,0.09869885444641113,0.2150163947709173,worker2,worker2,worker2,0,0.0,0.36033058166503906,0.0
model_1,769,1,0.34816527366638184,1,1,1,0,0.6633700728416443,0.26199913024902344,0.0861661434173584,0.2474863231188425,worker2,worker2,worker2,0,0.0,0.26199913024902344,0.0
model_1,770,1,1.1738507747650146,3,3,1,2,0.84502774477005,1.0280702114105225,0.1457805633544922,0.12419003035856498,worker2->worker3,worker2,worker3,0,0.0,0.7767372131347656,0.25133299827575684
model_1,771,1,1.4058151245117188,0,4,0,3,0.649580180644989,1.2621033191680908,0.14371180534362793,0.10222667464439415,worker2->worker3->worker3,worker2,worker3,0,0.0,0.81087327003479,0.4512300491333008
model_1,772,1,0.3279306888580322,2,2,1,0,0.9916700124740601,0.24536609649658203,0.0825645923614502,0.25177452177156273,worker2,worker2,worker2,0,0.0,0.24536609649658203,0.0
model_1,773,1,0.39766788482666016,5,5,1,0,0.539998471736908,0.2468428611755371,0.15082502365112305,0.37927383479022025,worker2,worker2,worker2,0,0.0,0.2468428611755371,0.0
model_1,774,1,0.5283942222595215,0,0,1,1,0.9264935851097107,0.4434659481048584,0.08492827415466309,0.16072899849565436,worker2,worker2,worker2,0,0.0,0.4434659481048584,0.0
model_1,775,1,1.3426697254180908,2,2,1,3,0.5012149214744568,1.1545076370239258,0.18816208839416504,0.14014026296420268,worker2->worker3->worker3,worker2,worker3,0,0.0,0.7708954811096191,0.38361215591430664
model_1,776,1,0.34423184394836426,9,9,1,0,0.9979758858680725,0.2604644298553467,0.08376741409301758,0.24334591806556666,worker2,worker2,worker2,0,0.0,0.2604644298553467,0.0
model_1,777,1,1.1420507431030273,6,2,0,2,0.6835184097290039,0.9962489604949951,0.14580178260803223,0.12766664133668804,worker2->worker3,worker2,worker3,0,0.0,0.7585504055023193,0.23769855499267578
model_1,778,1,1.1148364543914795,7,7,1,2,0.9270804524421692,0.9748220443725586,0.1400144100189209,0.12559188342593813,worker2->worker3,worker2,worker3,0,0.0,0.7539327144622803,0.22088932991027832
model_1,779,1,0.3513190746307373,7,7,1,0,0.5692514777183533,0.2509908676147461,0.10032820701599121,0.2855757465530264,worker2,worker2,worker2,0,0.0,0.2509908676147461,0.0
model_1,780,1,0.5355854034423828,0,0,1,1,0.6895027160644531,0.45087122917175293,0.08471417427062988,0.15817117816531992,worker2,worker2,worker2,0,0.0,0.45087122917175293,0.0
model_1,781,1,0.44028520584106445,4,4,1,0,0.9950319528579712,0.28352880477905273,0.15675640106201172,0.35603376852639046,worker2,worker2,worker2,0,0.0,0.28352880477905273,0.0
model_1,782,1,0.4181063175201416,1,1,1,0,0.9168515801429749,0.2591419219970703,0.1589643955230713,0.3802008935572073,worker2,worker2,worker2,0,0.0,0.2591419219970703,0.0
model_1,783,1,0.6776740550994873,6,6,1,1,0.8153293132781982,0.593740701675415,0.08393335342407227,0.12385504918253107,worker2,worker2,worker2,0,0.0,0.593740701675415,0.0
model_1,784,1,0.4438469409942627,8,8,1,0,0.8816587328910828,0.32942867279052734,0.11441826820373535,0.2577876687567716,worker2,worker2,worker2,0,0.0,0.32942867279052734,0.0
model_1,785,1,0.36965012550354004,0,0,1,0,0.9419851899147034,0.2859611511230469,0.08368897438049316,0.226400503087863,worker2,worker2,worker2,0,0.0,0.2859611511230469,0.0
model_1,786,1,0.3561973571777344,4,4,1,0,0.9366113543510437,0.26888060569763184,0.08731675148010254,0.24513587684069613,worker2,worker2,worker2,0,0.0,0.26888060569763184,0.0
model_1,787,1,0.4764406681060791,0,0,1,0,0.9792308807373047,0.3914034366607666,0.0850372314453125,0.17848440978673769,worker2,worker2,worker2,0,0.0,0.3914034366607666,0.0
model_1,788,1,0.35562849044799805,9,9,1,0,0.7588626146316528,0.2559778690338135,0.09965062141418457,0.2802098934442825,worker2,worker2,worker2,0,0.0,0.2559778690338135,0.0
model_1,789,1,1.185530662536621,3,3,1,2,0.973121702671051,1.0379769802093506,0.1475536823272705,0.12446213918377887,worker2->worker3,worker2,worker3,0,0.0,0.8024754524230957,0.23550152778625488
model_1,790,1,0.6531403064727783,2,2,1,1,0.6329222917556763,0.5691869258880615,0.0839533805847168,0.1285380487970479,worker2,worker2,worker2,0,0.0,0.5691869258880615,0.0
model_1,791,1,0.3989899158477783,9,1,0,0,0.9409703612327576,0.30803680419921875,0.09095311164855957,0.2279584220952085,worker2,worker2,worker2,0,0.0,0.30803680419921875,0.0
model_1,792,1,1.1197960376739502,8,8,1,2,0.9369849562644958,0.9707615375518799,0.1490345001220703,0.13309075501967843,worker2->worker3,worker2,worker3,0,0.0,0.7493381500244141,0.22142338752746582
model_1,793,1,0.3489508628845215,1,1,1,0,0.721290647983551,0.2657811641693115,0.08316969871520996,0.23834214945825585,worker2,worker2,worker2,0,0.0,0.2657811641693115,0.0
model_1,794,1,0.3761482238769531,4,4,1,0,0.9218612313270569,0.25782346725463867,0.11832475662231445,0.31456949444754323,worker2,worker2,worker2,0,0.0,0.25782346725463867,0.0
model_1,795,1,0.35877442359924316,1,1,1,0,0.9662712216377258,0.2616264820098877,0.09714794158935547,0.27077722156100875,worker2,worker2,worker2,0,0.0,0.2616264820098877,0.0
model_1,796,1,0.5569698810577393,6,6,1,1,0.9661269783973694,0.46378064155578613,0.09318923950195312,0.1673146837401294,worker2,worker2,worker2,0,0.0,0.46378064155578613,0.0
model_1,797,1,0.3600637912750244,5,3,0,0,0.618491530418396,0.2660233974456787,0.0940403938293457,0.26117703614778537,worker2,worker2,worker2,0,0.0,0.2660233974456787,0.0
model_1,798,1,0.4170646667480469,0,0,1,0,0.6827915906906128,0.3319356441497803,0.0851290225982666,0.2041146838499602,worker2,worker2,worker2,0,0.0,0.3319356441497803,0.0
model_1,799,1,1.1161789894104004,3,2,0,2,0.6253423094749451,0.9729695320129395,0.14320945739746094,0.12830330865940104,worker2->worker3,worker2,worker3,0,0.0,0.7211101055145264,0.2518594264984131
model_1,800,1,0.6665487289428711,3,4,0,1,0.8416386246681213,0.5754570960998535,0.09109163284301758,0.13666162560610765,worker2,worker2,worker2,0,0.0,0.5754570960998535,0.0
model_1,801,1,0.4772226810455322,6,3,0,0,0.9493990540504456,0.374173641204834,0.10304903984069824,0.2159349166199128,worker2,worker2,worker2,0,0.0,0.374173641204834,0.0
model_1,802,1,0.5963058471679688,2,3,0,1,0.9230630993843079,0.5120022296905518,0.08430361747741699,0.14137647295896827,worker2,worker2,worker2,0,0.0,0.5120022296905518,0.0
model_1,803,1,0.7095224857330322,4,7,0,1,0.9752439856529236,0.6230251789093018,0.08649730682373047,0.12190918337756006,worker2,worker2,worker2,0,0.0,0.6230251789093018,0.0
model_1,804,1,0.4204423427581787,4,4,1,0,0.836949348449707,0.32380056381225586,0.09664177894592285,0.22985738855876195,worker2,worker2,worker2,0,0.0,0.32380056381225586,0.0
model_1,805,1,0.398693323135376,2,2,1,0,0.9762811660766602,0.31195974349975586,0.08673357963562012,0.21754460032973716,worker2,worker2,worker2,0,0.0,0.31195974349975586,0.0
model_1,806,1,0.3619365692138672,2,0,0,0,0.9417601227760315,0.27631425857543945,0.08562231063842773,0.2365671720445407,worker2,worker2,worker2,0,0.0,0.27631425857543945,0.0
model_1,807,1,0.38752126693725586,9,8,0,0,0.9921905398368835,0.29996204376220703,0.08755922317504883,0.22594688510147154,worker2,worker2,worker2,0,0.0,0.29996204376220703,0.0
model_1,808,1,0.6827938556671143,5,5,1,1,0.5082336068153381,0.5980815887451172,0.08471226692199707,0.1240671195543055,worker2,worker2,worker2,0,0.0,0.5980815887451172,0.0
model_1,809,1,0.4147348403930664,1,1,1,0,0.9164323210716248,0.32123351097106934,0.09350132942199707,0.22544845601440394,worker2,worker2,worker2,0,0.0,0.32123351097106934,0.0
model_1,810,1,0.3392930030822754,7,7,1,0,0.9969033598899841,0.2571847438812256,0.0821082592010498,0.24199809148772608,worker2,worker2,worker2,0,0.0,0.2571847438812256,0.0
model_1,811,1,0.5738863945007324,0,0,1,1,0.921592652797699,0.4850931167602539,0.08879327774047852,0.15472274406805997,worker2,worker2,worker2,0,0.0,0.4850931167602539,0.0
model_1,812,1,0.3876380920410156,7,7,1,0,0.9988584518432617,0.30220603942871094,0.08543205261230469,0.22039127311375065,worker2,worker2,worker2,0,0.0,0.30220603942871094,0.0
model_1,813,1,0.519789457321167,3,3,1,0,0.5889000296592712,0.3616487979888916,0.1581406593322754,0.3042398361584383,worker2,worker2,worker2,0,0.0,0.3616487979888916,0.0
model_1,814,1,0.45671749114990234,8,8,1,0,0.9631803035736084,0.34984922409057617,0.10686826705932617,0.23399206102279585,worker2,worker2,worker2,0,0.0,0.34984922409057617,0.0
model_1,815,1,0.6096591949462891,1,1,1,1,0.990239143371582,0.5232841968536377,0.08637499809265137,0.14167751230301873,worker2,worker2,worker2,0,0.0,0.5232841968536377,0.0
model_1,816,1,0.406191349029541,3,3,1,0,0.7096389532089233,0.31530213356018066,0.09088921546936035,0.22375960415333776,worker2,worker2,worker2,0,0.0,0.31530213356018066,0.0
model_1,817,1,0.40655088424682617,2,2,1,0,0.6032774448394775,0.32109832763671875,0.08545255661010742,0.21018908068153963,worker2,worker2,worker2,0,0.0,0.32109832763671875,0.0
model_1,818,1,0.6782402992248535,0,0,1,1,0.7198159694671631,0.5914833545684814,0.08675694465637207,0.12791475934934085,worker2,worker2,worker2,0,0.0,0.5914833545684814,0.0
model_1,819,1,0.47849202156066895,4,4,1,0,0.768605649471283,0.37332606315612793,0.10516595840454102,0.21978623188225263,worker2,worker2,worker2,0,0.0,0.37332606315612793,0.0
model_1,820,1,0.566474199295044,1,1,1,1,0.9363085031509399,0.48258543014526367,0.08388876914978027,0.1480893026622867,worker2,worker2,worker2,0,0.0,0.48258543014526367,0.0
model_1,821,1,0.6736862659454346,5,5,1,1,0.5673664212226868,0.5854041576385498,0.08828210830688477,0.13104335470308548,worker2,worker2,worker2,0,0.0,0.5854041576385498,0.0
model_1,822,1,1.1536786556243896,7,7,1,2,0.798653781414032,1.0024242401123047,0.15125441551208496,0.13110619215731578,worker2->worker3,worker2,worker3,0,0.0,0.7406671047210693,0.26175713539123535
model_1,823,1,0.5315380096435547,3,5,0,1,0.8408198356628418,0.4440326690673828,0.08750534057617188,0.1646266851825936,worker2,worker2,worker2,0,0.0,0.4440326690673828,0.0
model_1,824,1,1.1640949249267578,2,5,0,2,0.902957022190094,0.9708237648010254,0.19327116012573242,0.16602697596838384,worker2->worker3,worker2,worker3,0,0.0,0.7528374195098877,0.2179863452911377
model_1,825,1,0.5871336460113525,0,0,1,1,0.8244485855102539,0.5023918151855469,0.08474183082580566,0.14433141653777262,worker2,worker2,worker2,0,0.0,0.5023918151855469,0.0
model_1,826,1,1.2735137939453125,6,4,0,3,0.36833614110946655,1.1257612705230713,0.1477525234222412,0.11601957051796648,worker2->worker3->worker3,worker2,worker3,0,0.0,0.7411947250366211,0.3845665454864502
model_1,827,1,0.6444275379180908,2,2,1,1,0.9375855326652527,0.4922630786895752,0.15216445922851562,0.23612345884550995,worker2,worker2,worker2,0,0.0,0.4922630786895752,0.0
model_1,828,1,1.2007312774658203,2,3,0,3,0.5305845737457275,1.0463035106658936,0.15442776679992676,0.1286114301326865,worker2->worker3->worker3,worker2,worker3,0,0.0,0.6466126441955566,0.3996908664703369
model_1,829,1,0.3855140209197998,4,4,1,0,0.9088003635406494,0.3003854751586914,0.0851285457611084,0.22081828712221616,worker2,worker2,worker2,0,0.0,0.3003854751586914,0.0
model_1,830,1,0.5532934665679932,5,5,1,1,0.9905074834823608,0.4717676639556885,0.08152580261230469,0.14734640392195222,worker2,worker2,worker2,0,0.0,0.4717676639556885,0.0
model_1,831,1,0.34581780433654785,5,5,1,0,0.5647967457771301,0.26070547103881836,0.08511233329772949,0.24611900321620997,worker2,worker2,worker2,0,0.0,0.26070547103881836,0.0
model_1,832,1,0.5476405620574951,3,3,1,0,0.743586003780365,0.3908512592315674,0.15678930282592773,0.28629965289069825,worker2,worker2,worker2,0,0.0,0.3908512592315674,0.0
model_1,833,1,0.4237706661224365,4,4,1,0,0.7763661742210388,0.31158447265625,0.11218619346618652,0.2647332683328617,worker2,worker2,worker2,0,0.0,0.31158447265625,0.0
model_1,834,1,0.5590569972991943,4,4,1,1,0.9949563145637512,0.47577524185180664,0.0832817554473877,0.14896827309151311,worker2,worker2,worker2,0,0.0,0.47577524185180664,0.0
model_1,835,1,0.3889584541320801,0,0,1,0,0.9761949181556702,0.2565925121307373,0.13236594200134277,0.3403086900288707,worker2,worker2,worker2,0,0.0,0.2565925121307373,0.0
model_1,836,1,0.3838167190551758,9,9,1,0,0.9918314814567566,0.29502153396606445,0.08879518508911133,0.2313478821550411,worker2,worker2,worker2,0,0.0,0.29502153396606445,0.0
model_1,837,1,0.5641055107116699,4,7,0,1,0.9862359166145325,0.47936534881591797,0.08474016189575195,0.1502204114064488,worker2,worker2,worker2,0,0.0,0.47936534881591797,0.0
model_1,838,1,0.7079029083251953,2,2,1,1,0.9524763822555542,0.6184098720550537,0.0894930362701416,0.12641993021595332,worker2,worker2,worker2,0,0.0,0.6184098720550537,0.0
model_1,839,1,0.4901540279388428,9,1,0,0,0.5349019169807434,0.3763008117675781,0.11385321617126465,0.23228048670747695,worker2,worker2,worker2,0,0.0,0.3763008117675781,0.0
model_1,840,1,0.3871922492980957,7,7,1,0,0.9944241642951965,0.3020331859588623,0.0851590633392334,0.21994000007389153,worker2,worker2,worker2,0,0.0,0.3020331859588623,0.0
model_1,841,1,1.5499024391174316,0,0,1,3,0.8256222009658813,1.3839340209960938,0.1659684181213379,0.10708313886895106,worker2->worker3->worker3,worker2,worker3,0,0.0,0.8793036937713623,0.5046303272247314
model_1,842,1,0.522193193435669,5,5,1,1,0.8462784886360168,0.4288334846496582,0.09335970878601074,0.1787838485058923,worker2,worker2,worker2,0,0.0,0.4288334846496582,0.0
model_1,843,1,0.519261360168457,3,3,1,0,0.8044713139533997,0.3509812355041504,0.16828012466430664,0.3240759616885681,worker2,worker2,worker2,0,0.0,0.3509812355041504,0.0
model_1,844,1,0.40335583686828613,2,2,1,0,0.9418820738792419,0.3010125160217285,0.10234332084655762,0.25372961413219197,worker2,worker2,worker2,0,0.0,0.3010125160217285,0.0
model_1,845,1,0.3770120143890381,6,6,1,0,0.9977337121963501,0.2942497730255127,0.08276224136352539,0.21952149588029618,worker2,worker2,worker2,0,0.0,0.2942497730255127,0.0
model_1,846,1,0.4012184143066406,9,1,0,0,0.7387586832046509,0.2507302761077881,0.15048813819885254,0.37507784496610475,worker2,worker2,worker2,0,0.0,0.2507302761077881,0.0
model_1,847,1,0.6907401084899902,0,0,1,1,0.9376990795135498,0.601933479309082,0.0888066291809082,0.12856735563690685,worker2,worker2,worker2,0,0.0,0.601933479309082,0.0
model_1,848,1,0.4989891052246094,1,1,1,0,0.9959614872932434,0.38853907585144043,0.11045002937316895,0.22134757696453553,worker2,worker2,worker2,0,0.0,0.38853907585144043,0.0
model_1,849,1,0.34465956687927246,9,9,1,0,0.982591986656189,0.2581748962402344,0.08648467063903809,0.2509278109472353,worker2,worker2,worker2,0,0.0,0.2581748962402344,0.0
model_1,850,1,0.6914119720458984,3,7,0,1,0.980692446231842,0.6008894443511963,0.09052252769470215,0.13092415427352902,worker2,worker2,worker2,0,0.0,0.6008894443511963,0.0
model_1,851,1,0.3842813968658447,0,0,1,0,0.876817524433136,0.29111480712890625,0.09316658973693848,0.24244366367145162,worker2,worker2,worker2,0,0.0,0.29111480712890625,0.0
model_1,852,1,0.34464216232299805,4,6,0,0,0.7994771003723145,0.25702595710754395,0.0876162052154541,0.25422369864700517,worker2,worker2,worker2,0,0.0,0.25702595710754395,0.0
model_1,853,1,0.40604329109191895,7,7,1,0,0.7551994919776917,0.25220799446105957,0.15383529663085938,0.37886427384915117,worker2,worker2,worker2,0,0.0,0.25220799446105957,0.0
model_1,854,1,0.7310075759887695,2,2,1,1,0.6624736189842224,0.6428256034851074,0.08818197250366211,0.1206307231281237,worker2,worker2,worker2,0,0.0,0.6428256034851074,0.0
model_1,855,1,0.45984959602355957,6,6,1,0,0.9983574748039246,0.3653092384338379,0.09454035758972168,0.2055897371819765,worker2,worker2,worker2,0,0.0,0.3653092384338379,0.0
model_1,856,1,0.3835926055908203,7,7,1,0,0.9723238348960876,0.30109333992004395,0.08249926567077637,0.21507001039216758,worker2,worker2,worker2,0,0.0,0.30109333992004395,0.0
model_1,857,1,0.36606764793395996,3,3,1,0,0.8222652673721313,0.2805039882659912,0.08556365966796875,0.23373728913461583,worker2,worker2,worker2,0,0.0,0.2805039882659912,0.0
model_1,858,1,0.5637755393981934,1,1,1,1,0.971936047077179,0.47888851165771484,0.08488702774047852,0.1505688377879818,worker2,worker2,worker2,0,0.0,0.47888851165771484,0.0
model_1,859,1,0.6814377307891846,1,0,0,1,0.7613251209259033,0.5948808193206787,0.08655691146850586,0.12702101389111936,worker2,worker2,worker2,0,0.0,0.5948808193206787,0.0
model_1,860,1,0.6823880672454834,1,9,0,1,0.9400871396064758,0.5702414512634277,0.11214661598205566,0.16434433918920194,worker2,worker2,worker2,0,0.0,0.5702414512634277,0.0
model_1,861,1,0.45228004455566406,9,9,1,0,0.9999651908874512,0.3657381534576416,0.08654189109802246,0.19134580917237745,worker2,worker2,worker2,0,0.0,0.3657381534576416,0.0
model_1,862,1,0.42700648307800293,8,8,1,0,0.9627059102058411,0.34041500091552734,0.08659148216247559,0.20278727746308617,worker2,worker2,worker2,0,0.0,0.34041500091552734,0.0
model_1,863,1,0.6527583599090576,5,7,0,1,0.5236396193504333,0.5656373500823975,0.08712100982666016,0.13346594264805411,worker2,worker2,worker2,0,0.0,0.5656373500823975,0.0
model_1,864,1,0.47727274894714355,0,9,0,0,0.94316166639328,0.3730003833770752,0.10427236557006836,0.2184754227013623,worker2,worker2,worker2,0,0.0,0.3730003833770752,0.0
model_1,865,1,0.34137392044067383,9,9,1,0,0.7821112871170044,0.25627875328063965,0.08509516716003418,0.24927260714639907,worker2,worker2,worker2,0,0.0,0.25627875328063965,0.0
model_1,866,1,0.6172730922698975,5,5,1,1,0.9985804557800293,0.5319087505340576,0.08536434173583984,0.13829266625235465,worker2,worker2,worker2,0,0.0,0.5319087505340576,0.0
model_1,867,1,1.4321324825286865,9,7,0,3,0.5038859844207764,1.2550294399261475,0.17710304260253906,0.1236638682266545,worker2->worker3->worker3,worker2,worker3,0,0.0,0.8183364868164062,0.4366929531097412
model_1,868,1,0.4317648410797119,7,7,1,0,0.9876775145530701,0.27724719047546387,0.15451765060424805,0.3578745555516902,worker2,worker2,worker2,0,0.0,0.27724719047546387,0.0
model_1,869,1,0.35445690155029297,9,9,1,0,0.9812319874763489,0.26189565658569336,0.09256124496459961,0.26113540055155715,worker2,worker2,worker2,0,0.0,0.26189565658569336,0.0
model_1,870,1,0.44890689849853516,6,6,1,0,0.8710968494415283,0.2985386848449707,0.15036821365356445,0.3349652548368114,worker2,worker2,worker2,0,0.0,0.2985386848449707,0.0
model_1,871,1,0.6375198364257812,0,8,0,1,0.8245242834091187,0.48746824264526367,0.15005159378051758,0.23536772537427747,worker2,worker2,worker2,0,0.0,0.48746824264526367,0.0
model_1,872,1,0.7050020694732666,9,9,1,1,0.9761964082717896,0.6119258403778076,0.09307622909545898,0.13202263245127735,worker2,worker2,worker2,0,0.0,0.6119258403778076,0.0
model_1,873,1,0.44391489028930664,5,5,1,0,0.8354188203811646,0.3420906066894531,0.10182428359985352,0.22937794119384677,worker2,worker2,worker2,0,0.0,0.3420906066894531,0.0
model_1,874,1,0.3611583709716797,0,0,1,0,0.9874452352523804,0.2788245677947998,0.08233380317687988,0.2279714656907014,worker2,worker2,worker2,0,0.0,0.2788245677947998,0.0
model_1,875,1,0.33798694610595703,4,3,0,0,0.8999520540237427,0.256178617477417,0.08180832862854004,0.24204582328127425,worker2,worker2,worker2,0,0.0,0.256178617477417,0.0
model_1,876,1,0.5335414409637451,5,6,0,1,0.8052950501441956,0.45105791091918945,0.08248353004455566,0.1545962950798428,worker2,worker2,worker2,0,0.0,0.45105791091918945,0.0
model_1,877,1,1.2170064449310303,8,8,1,2,0.5664805769920349,1.0713884830474854,0.14561796188354492,0.11965258071562417,worker2->worker3,worker2,worker3,0,0.0,0.8167905807495117,0.25459790229797363
model_1,878,1,0.5997941493988037,4,4,1,1,0.944694995880127,0.5135257244110107,0.08626842498779297,0.14383005415151692,worker2,worker2,worker2,0,0.0,0.5135257244110107,0.0
model_1,879,1,1.107682704925537,2,2,1,2,0.9807140231132507,0.9647979736328125,0.1428847312927246,0.12899427846743342,worker2->worker3,worker2,worker3,0,0.0,0.7500619888305664,0.2147359848022461
model_1,880,1,0.6135680675506592,2,2,1,1,0.9217723608016968,0.5235095024108887,0.09005856513977051,0.14677844220166303,worker2,worker2,worker2,0,0.0,0.5235095024108887,0.0
model_1,881,1,1.056034803390503,0,0,1,2,0.7635780572891235,0.9070158004760742,0.1490190029144287,0.14111182930334173,worker2->worker3,worker2,worker3,0,0.0,0.6836810111999512,0.22333478927612305
model_1,882,1,0.7033519744873047,9,9,1,1,0.7480849623680115,0.6175119876861572,0.08583998680114746,0.12204413993963537,worker2,worker2,worker2,0,0.0,0.6175119876861572,0.0
model_1,883,1,0.5235376358032227,4,4,1,0,0.8581731915473938,0.4211564064025879,0.10238122940063477,0.19555657969757856,worker2,worker2,worker2,0,0.0,0.4211564064025879,0.0
model_1,884,1,0.3577432632446289,9,9,1,0,0.9937430024147034,0.2748749256134033,0.08286833763122559,0.23164192353933796,worker2,worker2,worker2,0,0.0,0.2748749256134033,0.0
model_1,885,1,0.6138842105865479,6,6,1,1,0.9796415567398071,0.5267603397369385,0.08712387084960938,0.14192231913957382,worker2,worker2,worker2,0,0.0,0.5267603397369385,0.0
model_1,886,1,0.36096715927124023,8,8,1,0,0.9133236408233643,0.2610316276550293,0.09993553161621094,0.2768549133887184,worker2,worker2,worker2,0,0.0,0.2610316276550293,0.0
model_1,887,1,0.5856459140777588,8,8,1,1,0.8433911800384521,0.5008869171142578,0.08475899696350098,0.1447273769458027,worker2,worker2,worker2,0,0.0,0.5008869171142578,0.0
model_1,888,1,0.6886992454528809,3,3,1,1,0.9202086329460144,0.6011970043182373,0.08750224113464355,0.12705435894169315,worker2,worker2,worker2,0,0.0,0.6011970043182373,0.0
model_1,889,1,0.5053505897521973,4,2,0,0,0.8682315945625305,0.41393303871154785,0.09141755104064941,0.18089926655765207,worker2,worker2,worker2,0,0.0,0.41393303871154785,0.0
model_1,890,1,0.38822221755981445,9,7,0,0,0.9920702576637268,0.3040595054626465,0.08416271209716797,0.21679004521218775,worker2,worker2,worker2,0,0.0,0.3040595054626465,0.0
model_1,891,1,0.561286211013794,0,0,1,1,0.8051913380622864,0.47695374488830566,0.08433246612548828,0.1502485977219486,worker2,worker2,worker2,0,0.0,0.47695374488830566,0.0
model_1,892,1,1.402282953262329,3,0,0,3,0.7420194149017334,1.2483794689178467,0.15390348434448242,0.1097520896096148,worker2->worker3->worker3,worker2,worker3,0,0.0,0.838505744934082,0.40987372398376465
model_1,893,1,0.3426697254180908,7,7,1,0,0.9999192953109741,0.2577543258666992,0.0849153995513916,0.24780537425004923,worker2,worker2,worker2,0,0.0,0.2577543258666992,0.0
model_1,894,1,0.3379025459289551,9,9,1,0,0.8708807229995728,0.25453948974609375,0.08336305618286133,0.24670739296645797,worker2,worker2,worker2,0,0.0,0.25453948974609375,0.0
model_1,895,1,0.4513411521911621,1,1,1,0,0.8481324315071106,0.297377347946167,0.15396380424499512,0.34112511898712244,worker2,worker2,worker2,0,0.0,0.297377347946167,0.0
model_1,896,1,0.34834885597229004,4,3,0,0,0.8092191815376282,0.25519680976867676,0.09315204620361328,0.26741022571643874,worker2,worker2,worker2,0,0.0,0.25519680976867676,0.0
model_1,897,1,0.6020991802215576,8,8,1,1,0.9282232522964478,0.5173218250274658,0.0847773551940918,0.1408029739600307,worker2,worker2,worker2,0,0.0,0.5173218250274658,0.0
model_1,898,1,0.44515514373779297,9,3,0,0,0.5683638453483582,0.3506019115447998,0.09455323219299316,0.21240512105300366,worker2,worker2,worker2,0,0.0,0.3506019115447998,0.0
model_1,899,1,0.4584660530090332,0,0,1,0,0.9795300364494324,0.30105113983154297,0.15741491317749023,0.34335129535618786,worker2,worker2,worker2,0,0.0,0.30105113983154297,0.0
model_1,900,1,0.4656219482421875,4,4,1,0,0.9795189499855042,0.3658885955810547,0.09973335266113281,0.21419383909552678,worker2,worker2,worker2,0,0.0,0.3658885955810547,0.0
model_1,901,1,0.4522552490234375,4,2,0,0,0.7981711030006409,0.29280734062194824,0.15944790840148926,0.35256176406086576,worker2,worker2,worker2,0,0.0,0.29280734062194824,0.0
model_1,902,1,0.3981783390045166,7,7,1,0,0.9999028444290161,0.30779218673706055,0.09038615226745605,0.2269991695013595,worker2,worker2,worker2,0,0.0,0.30779218673706055,0.0
model_1,903,1,0.5601742267608643,1,1,1,0,0.9997147917747498,0.3923792839050293,0.16779494285583496,0.29954063368121686,worker2,worker2,worker2,0,0.0,0.3923792839050293,0.0
model_1,904,1,0.41216373443603516,1,1,1,0,0.9185129404067993,0.30829787254333496,0.1038658618927002,0.25200145770908294,worker2,worker2,worker2,0,0.0,0.30829787254333496,0.0
model_1,905,1,0.5585668087005615,3,5,0,1,0.875921368598938,0.475250244140625,0.08331656455993652,0.149161323698704,worker2,worker2,worker2,0,0.0,0.475250244140625,0.0
model_1,906,1,0.44504833221435547,5,5,1,0,0.9908517003059387,0.2988145351409912,0.14623379707336426,0.3285795867288666,worker2,worker2,worker2,0,0.0,0.2988145351409912,0.0
model_1,907,1,0.38112831115722656,9,9,1,0,0.9672403931617737,0.2916285991668701,0.08949971199035645,0.23482829632521107,worker2,worker2,worker2,0,0.0,0.2916285991668701,0.0
model_1,908,1,0.40123844146728516,8,8,1,0,0.9788022041320801,0.2998983860015869,0.10134005546569824,0.2525681614530969,worker2,worker2,worker2,0,0.0,0.2998983860015869,0.0
model_1,909,1,0.4428834915161133,7,1,0,0,0.7422404885292053,0.28775453567504883,0.15512895584106445,0.35027035058366013,worker2,worker2,worker2,0,0.0,0.28775453567504883,0.0
model_1,910,1,0.7607302665710449,3,2,0,1,0.826016902923584,0.6746470928192139,0.08608317375183105,0.11315860237801083,worker2,worker2,worker2,0,0.0,0.6746470928192139,0.0
model_1,911,1,0.5037961006164551,9,9,1,0,0.98968505859375,0.4092395305633545,0.09455657005310059,0.18768817372226435,worker2,worker2,worker2,0,0.0,0.4092395305633545,0.0
model_1,912,1,0.5393457412719727,4,4,1,1,0.5945673584938049,0.45326662063598633,0.08607912063598633,0.15959914772476108,worker2,worker2,worker2,0,0.0,0.45326662063598633,0.0
model_1,913,1,0.5730721950531006,5,5,1,1,0.7871954441070557,0.4856116771697998,0.08746051788330078,0.15261692791638012,worker2,worker2,worker2,0,0.0,0.4856116771697998,0.0
model_1,914,1,1.3436226844787598,3,6,0,3,0.4100879430770874,1.190331220626831,0.1532914638519287,0.11408817789601108,worker2->worker3->worker3,worker2,worker3,0,0.0,0.7994608879089355,0.3908703327178955
model_1,915,1,0.4532320499420166,3,3,1,0,0.7321670055389404,0.29881739616394043,0.15441465377807617,0.34069667799934034,worker2,worker2,worker2,0,0.0,0.29881739616394043,0.0
model_1,916,1,0.376507043838501,9,9,1,0,0.9581901431083679,0.2831299304962158,0.09337711334228516,0.24800894132099785,worker2,worker2,worker2,0,0.0,0.2831299304962158,0.0
model_1,917,1,0.3666970729827881,2,2,1,0,0.7515465617179871,0.24953293800354004,0.11716413497924805,0.31951205398562715,worker2,worker2,worker2,0,0.0,0.24953293800354004,0.0
model_1,918,1,0.5200178623199463,9,9,1,0,0.9312390685081482,0.3611600399017334,0.1588578224182129,0.30548531873405915,worker2,worker2,worker2,0,0.0,0.3611600399017334,0.0
model_1,919,1,0.4271376132965088,7,7,1,0,0.9826960563659668,0.32393908500671387,0.10319852828979492,0.24160487177268783,worker2,worker2,worker2,0,0.0,0.32393908500671387,0.0
model_1,920,1,0.33360838890075684,0,8,0,0,0.7912113070487976,0.24931025505065918,0.08429813385009766,0.2526858935647898,worker2,worker2,worker2,0,0.0,0.24931025505065918,0.0
model_1,921,1,0.3924868106842041,3,3,1,0,0.9372915029525757,0.29970359802246094,0.09278321266174316,0.23639829450574015,worker2,worker2,worker2,0,0.0,0.29970359802246094,0.0
model_1,922,1,0.5026984214782715,4,4,1,0,0.9005706906318665,0.3458523750305176,0.1568460464477539,0.3120082334583845,worker2,worker2,worker2,0,0.0,0.3458523750305176,0.0
model_1,923,1,0.42688560485839844,1,1,1,0,0.9971278309822083,0.32389259338378906,0.10299301147460938,0.2412660682450818,worker2,worker2,worker2,0,0.0,0.32389259338378906,0.0
model_1,924,1,0.33214592933654785,9,9,1,0,0.9869673848152161,0.2475883960723877,0.08455753326416016,0.2545794658181163,worker2,worker2,worker2,0,0.0,0.2475883960723877,0.0
model_1,925,1,0.5264899730682373,0,6,0,1,0.8049600124359131,0.4391317367553711,0.08735823631286621,0.1659257360662857,worker2,worker2,worker2,0,0.0,0.4391317367553711,0.0
model_1,926,1,1.3589863777160645,3,3,1,3,0.5440324544906616,1.209787368774414,0.1491990089416504,0.10978697902211262,worker2->worker3->worker3,worker2,worker3,0,0.0,0.7497603893280029,0.46002697944641113
model_1,927,1,0.342090368270874,9,9,1,0,0.8529188632965088,0.25332117080688477,0.08876919746398926,0.2594904905176986,worker2,worker2,worker2,0,0.0,0.25332117080688477,0.0
model_1,928,1,0.617509126663208,9,9,1,1,0.9797897338867188,0.5296037197113037,0.0879054069519043,0.14235483032763055,worker2,worker2,worker2,0,0.0,0.5296037197113037,0.0
model_1,929,1,0.373044490814209,3,3,1,0,0.916696310043335,0.27523303031921387,0.09781146049499512,0.2621978420898571,worker2,worker2,worker2,0,0.0,0.27523303031921387,0.0
model_1,930,1,0.34291625022888184,7,7,1,0,0.9970924854278564,0.25516295433044434,0.0877532958984375,0.2559029962559837,worker2,worker2,worker2,0,0.0,0.25516295433044434,0.0
model_1,931,1,1.426299810409546,4,4,1,3,0.36602291464805603,1.2833702564239502,0.1429295539855957,0.10021003504484453,worker2->worker3->worker3,worker2,worker3,0,0.0,0.8083457946777344,0.4750244617462158
model_1,932,1,0.33187246322631836,4,2,0,0,0.9698420166969299,0.24843573570251465,0.08343672752380371,0.25141202350043895,worker2,worker2,worker2,0,0.0,0.24843573570251465,0.0
model_1,933,1,0.3360307216644287,1,1,1,0,0.9960136413574219,0.2521493434906006,0.08388137817382812,0.24962413483608448,worker2,worker2,worker2,0,0.0,0.2521493434906006,0.0
model_1,934,1,0.6004602909088135,5,5,1,1,0.9944097399711609,0.5132341384887695,0.08722615242004395,0.1452654800670078,worker2,worker2,worker2,0,0.0,0.5132341384887695,0.0
model_1,935,1,0.35962653160095215,9,9,1,0,0.8905823230743408,0.2720050811767578,0.08762145042419434,0.24364567884946992,worker2,worker2,worker2,0,0.0,0.2720050811767578,0.0
model_1,936,1,0.6765978336334229,9,8,0,1,0.7644714713096619,0.5825173854827881,0.09408044815063477,0.13904928965765365,worker2,worker2,worker2,0,0.0,0.5825173854827881,0.0
model_1,937,1,0.4190247058868408,7,5,0,0,0.957782506942749,0.3219115734100342,0.09711313247680664,0.2317599203876833,worker2,worker2,worker2,0,0.0,0.3219115734100342,0.0
model_1,938,1,0.5316855907440186,2,4,0,1,0.7685492038726807,0.4425373077392578,0.08914828300476074,0.16767105326290743,worker2,worker2,worker2,0,0.0,0.4425373077392578,0.0
model_1,939,1,0.3663451671600342,4,4,1,0,0.9871097803115845,0.2738804817199707,0.09246468544006348,0.2523977214081037,worker2,worker2,worker2,0,0.0,0.2738804817199707,0.0
model_1,940,1,0.39212465286254883,2,6,0,0,0.9392583966255188,0.2598562240600586,0.13226842880249023,0.3373121986514176,worker2,worker2,worker2,0,0.0,0.2598562240600586,0.0
model_1,941,1,0.3681178092956543,0,0,1,0,0.8242229223251343,0.2665266990661621,0.10159111022949219,0.2759744507441072,worker2,worker2,worker2,0,0.0,0.2665266990661621,0.0
model_1,942,1,0.3504612445831299,6,6,1,0,0.7611285448074341,0.26430392265319824,0.08615732192993164,0.24583979901234132,worker2,worker2,worker2,0,0.0,0.26430392265319824,0.0
model_1,943,1,0.542534351348877,3,3,1,0,0.9933886528015137,0.38989973068237305,0.1526346206665039,0.2813363251322535,worker2,worker2,worker2,0,0.0,0.38989973068237305,0.0
model_1,944,1,0.39267539978027344,1,1,1,0,0.7464889883995056,0.28800106048583984,0.1046743392944336,0.2665670916818458,worker2,worker2,worker2,0,0.0,0.28800106048583984,0.0
model_1,945,1,0.5658140182495117,3,3,1,1,0.6894514560699463,0.4828367233276367,0.082977294921875,0.14665118262461255,worker2,worker2,worker2,0,0.0,0.4828367233276367,0.0
model_1,946,1,0.4741783142089844,8,0,0,0,0.6967970132827759,0.3157651424407959,0.15841317176818848,0.3340793263235803,worker2,worker2,worker2,0,0.0,0.3157651424407959,0.0
model_1,947,1,0.4650251865386963,1,1,1,0,0.9979535341262817,0.36688828468322754,0.09813690185546875,0.21103567010192995,worker2,worker2,worker2,0,0.0,0.36688828468322754,0.0
model_1,948,1,0.42029500007629395,3,3,1,0,0.5297077894210815,0.26114463806152344,0.1591503620147705,0.37866346729292705,worker2,worker2,worker2,0,0.0,0.26114463806152344,0.0
model_1,949,1,0.766554594039917,6,6,1,1,0.947564423084259,0.6798040866851807,0.08675050735473633,0.11316937897083289,worker2,worker2,worker2,0,0.0,0.6798040866851807,0.0
model_1,950,1,0.5300986766815186,1,1,1,0,0.9976848363876343,0.4169933795928955,0.11310529708862305,0.21336649583182477,worker2,worker2,worker2,0,0.0,0.4169933795928955,0.0
model_1,951,1,0.34129834175109863,6,6,1,0,0.9952290058135986,0.2580709457397461,0.08322739601135254,0.24385526042798195,worker2,worker2,worker2,0,0.0,0.2580709457397461,0.0
model_1,952,1,0.34627652168273926,8,8,1,0,0.9548469185829163,0.2636713981628418,0.08260512351989746,0.23855248146329944,worker2,worker2,worker2,0,0.0,0.2636713981628418,0.0
model_1,953,1,0.3756527900695801,7,7,1,0,0.9798845052719116,0.2912766933441162,0.08437609672546387,0.22461192610824307,worker2,worker2,worker2,0,0.0,0.2912766933441162,0.0
model_1,954,1,0.3406491279602051,7,7,1,0,0.9796074628829956,0.25349974632263184,0.08714938163757324,0.2558332738422689,worker2,worker2,worker2,0,0.0,0.25349974632263184,0.0
model_1,955,1,0.3895571231842041,4,4,1,0,0.9257400035858154,0.3053896427154541,0.08416748046875,0.21605940556489572,worker2,worker2,worker2,0,0.0,0.3053896427154541,0.0
model_1,956,1,1.2098052501678467,3,3,1,2,0.9083828926086426,1.0595440864562988,0.15026116371154785,0.12420277039688894,worker2->worker3,worker2,worker3,0,0.0,0.8222298622131348,0.23731422424316406
model_1,957,1,0.6379458904266357,5,5,1,1,0.9971442818641663,0.5535576343536377,0.08438825607299805,0.13228121277897434,worker2,worker2,worker2,0,0.0,0.5535576343536377,0.0
model_1,958,1,0.43608689308166504,2,2,1,0,0.9325632452964783,0.33605360984802246,0.10003328323364258,0.22938841964899312,worker2,worker2,worker2,0,0.0,0.33605360984802246,0.0
model_1,959,1,0.35608792304992676,7,7,1,0,0.9781825542449951,0.2729496955871582,0.08313822746276855,0.23347668393435467,worker2,worker2,worker2,0,0.0,0.2729496955871582,0.0
model_1,960,1,1.4585447311401367,5,6,0,3,0.49182623624801636,1.3093209266662598,0.14922380447387695,0.10231006378339147,worker2->worker3->worker3,worker2,worker3,0,0.0,0.8082826137542725,0.5010383129119873
model_1,961,1,0.39341235160827637,0,0,1,0,0.73843914270401,0.24718427658081055,0.14622807502746582,0.37169162185600674,worker2,worker2,worker2,0,0.0,0.24718427658081055,0.0
model_1,962,1,0.6318087577819824,7,7,1,1,0.9988161325454712,0.5427052974700928,0.08910346031188965,0.14102916304087776,worker2,worker2,worker2,0,0.0,0.5427052974700928,0.0
model_1,963,1,0.42559123039245605,1,1,1,0,0.9998874664306641,0.32685422897338867,0.09873700141906738,0.23199961457856574,worker2,worker2,worker2,0,0.0,0.32685422897338867,0.0
model_1,964,1,0.3437190055847168,2,0,0,0,0.8842422366142273,0.2608623504638672,0.08285665512084961,0.24105927741731417,worker2,worker2,worker2,0,0.0,0.2608623504638672,0.0
model_1,965,1,0.5279281139373779,0,0,1,1,0.9460934996604919,0.44231581687927246,0.08561229705810547,0.16216658063461398,worker2,worker2,worker2,0,0.0,0.44231581687927246,0.0
model_1,966,1,0.3476533889770508,0,0,1,0,0.9782587885856628,0.25954771041870117,0.08810567855834961,0.25342965537484125,worker2,worker2,worker2,0,0.0,0.25954771041870117,0.0
model_1,967,1,0.3701789379119873,3,3,1,0,0.8187974095344543,0.26125240325927734,0.10892653465270996,0.2942537337945684,worker2,worker2,worker2,0,0.0,0.26125240325927734,0.0
model_1,968,1,0.43030309677124023,9,9,1,0,0.9834783673286438,0.2641940116882324,0.1661090850830078,0.3860280958454629,worker2,worker2,worker2,0,0.0,0.2641940116882324,0.0
model_1,969,1,0.7500841617584229,2,2,1,1,0.8923648595809937,0.6654582023620605,0.0846259593963623,0.11282195213664238,worker2,worker2,worker2,0,0.0,0.6654582023620605,0.0
model_1,970,1,0.4569673538208008,6,6,1,0,0.9639295935630798,0.359097957611084,0.0978693962097168,0.2141715275531393,worker2,worker2,worker2,0,0.0,0.359097957611084,0.0
model_1,971,1,0.6439969539642334,5,4,0,1,0.8313513398170471,0.5598733425140381,0.08412361145019531,0.1306273437045906,worker2,worker2,worker2,0,0.0,0.5598733425140381,0.0
model_1,972,1,0.3516092300415039,6,6,1,0,0.9707396626472473,0.25635719299316406,0.09525203704833984,0.27090311888881957,worker2,worker2,worker2,0,0.0,0.25635719299316406,0.0
model_1,973,1,0.34644007682800293,4,4,1,0,0.9823827743530273,0.26207637786865234,0.08436369895935059,0.24351599194811005,worker2,worker2,worker2,0,0.0,0.26207637786865234,0.0
model_1,974,1,0.6240029335021973,0,1,0,1,0.749707043170929,0.5369300842285156,0.08707284927368164,0.13953916656286847,worker2,worker2,worker2,0,0.0,0.5369300842285156,0.0
model_1,975,1,0.45858216285705566,4,4,1,0,0.8240789771080017,0.36205029487609863,0.09653186798095703,0.2105007036897048,worker2,worker2,worker2,0,0.0,0.36205029487609863,0.0
model_1,976,1,0.6196119785308838,4,5,0,1,0.901029109954834,0.5316660404205322,0.08794593811035156,0.14193711735346642,worker2,worker2,worker2,0,0.0,0.5316660404205322,0.0
model_1,977,1,0.4265286922454834,1,1,1,0,0.9972096085548401,0.33038330078125,0.0961453914642334,0.22541365495969515,worker2,worker2,worker2,0,0.0,0.33038330078125,0.0
model_1,978,1,0.4639441967010498,6,6,1,0,0.892768383026123,0.37621116638183594,0.08773303031921387,0.18910254927867134,worker2,worker2,worker2,0,0.0,0.37621116638183594,0.0
model_1,979,1,0.3531818389892578,9,9,1,0,0.9977608919143677,0.2609899044036865,0.09219193458557129,0.2610324892395595,worker2,worker2,worker2,0,0.0,0.2609899044036865,0.0
model_1,980,1,0.46701884269714355,0,0,1,0,0.8400407433509827,0.31660890579223633,0.15040993690490723,0.3220639579256685,worker2,worker2,worker2,0,0.0,0.31660890579223633,0.0
model_1,981,1,0.3685951232910156,9,1,0,0,0.6381258368492126,0.2644991874694824,0.1040959358215332,0.28241267787839586,worker2,worker2,worker2,0,0.0,0.2644991874694824,0.0
model_1,982,1,0.45406365394592285,8,8,1,0,0.9743682146072388,0.3686716556549072,0.08539199829101562,0.18806173440428128,worker2,worker2,worker2,0,0.0,0.3686716556549072,0.0
model_1,983,1,0.6827378273010254,8,8,1,1,0.7227429151535034,0.5946283340454102,0.08810949325561523,0.1290531881087159,worker2,worker2,worker2,0,0.0,0.5946283340454102,0.0
model_1,984,1,0.5026969909667969,2,0,0,0,0.6289910078048706,0.4117424488067627,0.09095454216003418,0.18093313426266705,worker2,worker2,worker2,0,0.0,0.4117424488067627,0.0
model_1,985,1,1.4442236423492432,3,4,0,3,0.5913127064704895,1.290112018585205,0.15411162376403809,0.10670897445865984,worker2->worker3->worker3,worker2,worker3,0,0.0,0.7853119373321533,0.5048000812530518
model_1,986,1,0.54862380027771,2,2,1,1,0.9767112731933594,0.46495842933654785,0.08366537094116211,0.15250044000790927,worker2,worker2,worker2,0,0.0,0.46495842933654785,0.0
model_1,987,1,0.6743276119232178,9,9,1,1,0.9952940344810486,0.589707612991333,0.08461999893188477,0.12548796376666838,worker2,worker2,worker2,0,0.0,0.589707612991333,0.0
model_1,988,1,0.42951059341430664,5,5,1,0,0.8243309259414673,0.3358626365661621,0.09364795684814453,0.21803410273006132,worker2,worker2,worker2,0,0.0,0.3358626365661621,0.0
model_1,989,1,0.557103157043457,0,0,1,1,0.9870046973228455,0.4680924415588379,0.08901071548461914,0.15977420762969366,worker2,worker2,worker2,0,0.0,0.4680924415588379,0.0
model_1,990,1,0.5455238819122314,4,4,1,1,0.8995826244354248,0.4553487300872803,0.09017515182495117,0.1653000992529587,worker2,worker2,worker2,0,0.0,0.4553487300872803,0.0
model_1,991,1,0.39400267601013184,1,1,1,0,0.9955185651779175,0.29830098152160645,0.09570169448852539,0.2428960520208863,worker2,worker2,worker2,0,0.0,0.29830098152160645,0.0
model_1,992,1,0.40387749671936035,3,1,0,0,0.7730352878570557,0.31595754623413086,0.08791995048522949,0.2176896489638338,worker2,worker2,worker2,0,0.0,0.31595754623413086,0.0
model_1,993,1,0.5659196376800537,5,5,1,1,0.9999611377716064,0.4803905487060547,0.08552908897399902,0.1511329229086647,worker2,worker2,worker2,0,0.0,0.4803905487060547,0.0
model_1,994,1,1.0158753395080566,2,6,0,1,0.8682824373245239,0.8522324562072754,0.16364288330078125,0.16108559479357598,worker2,worker2,worker2,0,0.0,0.8522324562072754,0.0
model_1,995,1,0.6590301990509033,0,1,0,0,0.7600352168083191,0.5457613468170166,0.11326885223388672,0.17187202103486288,worker2,worker2,worker2,0,0.0,0.5457613468170166,0.0
model_1,996,1,0.34130215644836426,8,8,1,0,0.9478636980056763,0.2545039653778076,0.08679819107055664,0.2543148041424355,worker2,worker2,worker2,0,0.0,0.2545039653778076,0.0
model_1,997,1,0.5559606552124023,0,7,0,1,0.7873678207397461,0.4592463970184326,0.09671425819396973,0.17395881756600287,worker2,worker2,worker2,0,0.0,0.4592463970184326,0.0
model_1,998,1,0.4320046901702881,3,3,1,0,0.9530359506607056,0.30525946617126465,0.12674522399902344,0.29338853693709405,worker2,worker2,worker2,0,0.0,0.30525946617126465,0.0
model_1,999,1,0.6335868835449219,0,0,1,1,0.653603732585907,0.5483453273773193,0.08524155616760254,0.13453806949202546,worker2,worker2,worker2,0,0.0,0.5483453273773193,0.0
model_1,1000,1,0.7550764083862305,5,5,1,1,0.9585295915603638,0.6659858226776123,0.08909058570861816,0.11798883492999729,worker2,worker2,worker2,0,0.0,0.6659858226776123,0.0
model_1,1001,1,0.5187995433807373,1,9,0,0,0.6439434885978699,0.41747307777404785,0.10132646560668945,0.1953094733784834,worker2,worker2,worker2,0,0.0,0.41747307777404785,0.0
model_1,1002,1,1.5630323886871338,0,8,0,3,0.47461068630218506,1.3756494522094727,0.18738293647766113,0.1198842313402431,worker2->worker3->worker3,worker2,worker3,0,0.0,0.8206439018249512,0.5550055503845215
model_1,1003,1,0.3300628662109375,3,3,1,0,0.8307775855064392,0.24560952186584473,0.08445334434509277,0.25587048102260646,worker2,worker2,worker2,0,0.0,0.24560952186584473,0.0
model_1,1004,1,0.5209774971008301,2,2,1,1,0.9804336428642273,0.4364659786224365,0.08451151847839355,0.16221721465646563,worker2,worker2,worker2,0,0.0,0.4364659786224365,0.0
model_1,1005,1,0.5741019248962402,7,7,1,1,0.9981564879417419,0.48458218574523926,0.08951973915100098,0.15593004529148763,worker2,worker2,worker2,0,0.0,0.48458218574523926,0.0
model_1,1006,1,0.4166262149810791,4,2,0,0,0.9127405881881714,0.3252899646759033,0.09133625030517578,0.21922828430113014,worker2,worker2,worker2,0,0.0,0.3252899646759033,0.0
model_1,1007,1,0.4077327251434326,9,0,0,0,0.8127566576004028,0.31871557235717773,0.08901715278625488,0.21832231581347888,worker2,worker2,worker2,0,0.0,0.31871557235717773,0.0
model_1,1008,1,0.36440181732177734,4,3,0,0,0.9594747424125671,0.2644803524017334,0.09992146492004395,0.2742068238145212,worker2,worker2,worker2,0,0.0,0.2644803524017334,0.0
model_1,1009,1,0.3771183490753174,3,3,1,0,0.5268712043762207,0.2792375087738037,0.09788084030151367,0.2595493975339956,worker2,worker2,worker2,0,0.0,0.2792375087738037,0.0
model_1,1010,1,0.40332865715026855,7,4,0,0,0.7217256426811218,0.30493712425231934,0.09839153289794922,0.24394877763741787,worker2,worker2,worker2,0,0.0,0.30493712425231934,0.0
model_1,1011,1,0.6604714393615723,6,6,1,1,0.9996695518493652,0.5686726570129395,0.09179878234863281,0.13898978347552432,worker2,worker2,worker2,0,0.0,0.5686726570129395,0.0
model_1,1012,1,0.4119119644165039,4,4,1,0,0.7660031318664551,0.308330774307251,0.10358119010925293,0.2514643881635762,worker2,worker2,worker2,0,0.0,0.308330774307251,0.0
model_1,1013,1,1.5042452812194824,2,2,1,3,0.5236175060272217,1.3562474250793457,0.14799785614013672,0.09838678438143796,worker2->worker3->worker3,worker2,worker3,0,0.0,0.7833495140075684,0.5728979110717773
model_1,1014,1,0.34166836738586426,3,3,1,0,0.9785545468330383,0.2590665817260742,0.08260178565979004,0.24176012046940082,worker2,worker2,worker2,0,0.0,0.2590665817260742,0.0
model_1,1015,1,0.4652392864227295,4,3,0,0,0.8649475574493408,0.31194448471069336,0.15329480171203613,0.32949668307406904,worker2,worker2,worker2,0,0.0,0.31194448471069336,0.0
model_1,1016,1,0.36150598526000977,8,8,1,0,0.9870589971542358,0.26233816146850586,0.0991678237915039,0.2743186221942588,worker2,worker2,worker2,0,0.0,0.26233816146850586,0.0
model_1,1017,1,0.5165841579437256,4,4,1,1,0.9831545352935791,0.4328618049621582,0.08372235298156738,0.16206914535441044,worker2,worker2,worker2,0,0.0,0.4328618049621582,0.0
model_1,1018,1,1.1393065452575684,0,1,0,2,0.9323967695236206,0.996544361114502,0.1427621841430664,0.12530620905964468,worker2->worker3,worker2,worker3,0,0.0,0.7768943309783936,0.2196500301361084
model_1,1019,1,1.1417009830474854,5,5,1,2,0.5432015061378479,0.9830665588378906,0.15863442420959473,0.13894568417218997,worker2->worker3,worker2,worker3,0,0.0,0.767033576965332,0.2160329818725586
model_1,1020,1,0.35108423233032227,6,6,1,0,0.7092422842979431,0.26465320587158203,0.08643102645874023,0.24618316204363302,worker2,worker2,worker2,0,0.0,0.26465320587158203,0.0
model_1,1021,1,0.3491497039794922,4,4,1,0,0.9977726340293884,0.2660965919494629,0.0830531120300293,0.23787249733686597,worker2,worker2,worker2,0,0.0,0.2660965919494629,0.0
model_1,1022,1,0.5403101444244385,6,6,1,0,0.9920579791069031,0.38732099533081055,0.15298914909362793,0.2831506139063862,worker2,worker2,worker2,0,0.0,0.38732099533081055,0.0
model_1,1023,1,0.4466269016265869,0,0,1,0,0.7759052515029907,0.3326880931854248,0.11393880844116211,0.2551095960100123,worker2,worker2,worker2,0,0.0,0.3326880931854248,0.0
model_1,1024,1,0.6286876201629639,1,1,1,1,0.774018406867981,0.5412139892578125,0.08747363090515137,0.1391368751343904,worker2,worker2,worker2,0,0.0,0.5412139892578125,0.0
model_1,1025,1,0.41632986068725586,4,7,0,0,0.5996721386909485,0.31754493713378906,0.0987849235534668,0.23727561455812404,worker2,worker2,worker2,0,0.0,0.31754493713378906,0.0
model_1,1026,1,0.3762192726135254,7,7,1,0,0.9990204572677612,0.26065731048583984,0.11556196212768555,0.3071665130946059,worker2,worker2,worker2,0,0.0,0.26065731048583984,0.0
model_1,1027,1,0.6910367012023926,0,0,1,1,0.9828956127166748,0.6053621768951416,0.08567452430725098,0.12397970203055599,worker2,worker2,worker2,0,0.0,0.6053621768951416,0.0
model_1,1028,1,0.45447659492492676,9,9,1,0,0.9563195109367371,0.36162471771240234,0.09285187721252441,0.204305080282214,worker2,worker2,worker2,0,0.0,0.36162471771240234,0.0
model_1,1029,1,0.4115636348724365,4,4,1,0,0.8071903586387634,0.3207583427429199,0.0908052921295166,0.2206348774173441,worker2,worker2,worker2,0,0.0,0.3207583427429199,0.0
model_1,1030,1,0.3649301528930664,0,8,0,0,0.5417327284812927,0.2667381763458252,0.09819197654724121,0.26907060369991925,worker2,worker2,worker2,0,0.0,0.2667381763458252,0.0
model_1,1031,1,0.34674882888793945,3,3,1,0,0.9021152257919312,0.26184964179992676,0.0848991870880127,0.2448434717437791,worker2,worker2,worker2,0,0.0,0.26184964179992676,0.0
model_1,1032,1,0.5961308479309082,0,4,0,1,0.869734525680542,0.5069515705108643,0.08917927742004395,0.14959681709069997,worker2,worker2,worker2,0,0.0,0.5069515705108643,0.0
model_1,1033,1,0.6544454097747803,3,5,0,1,0.9791060090065002,0.5590305328369141,0.09541487693786621,0.14579501286547664,worker2,worker2,worker2,0,0.0,0.5590305328369141,0.0
model_1,1034,1,0.7792191505432129,9,8,0,1,0.8019192814826965,0.6749081611633301,0.10431098937988281,0.1338660495024603,worker2,worker2,worker2,0,0.0,0.6749081611633301,0.0
model_1,1035,1,0.6972873210906982,3,3,1,1,0.6479007601737976,0.5970473289489746,0.10023999214172363,0.1437570842173468,worker2,worker2,worker2,0,0.0,0.5970473289489746,0.0
model_1,1036,1,0.8294777870178223,5,5,1,1,0.7398259043693542,0.7407975196838379,0.08868026733398438,0.10691096099488313,worker2,worker2,worker2,0,0.0,0.7407975196838379,0.0
model_1,1037,1,0.5535871982574463,6,2,0,0,0.9516257047653198,0.453876256942749,0.09971094131469727,0.18011785971309002,worker2,worker2,worker2,0,0.0,0.453876256942749,0.0
model_1,1038,1,0.6060011386871338,5,5,1,1,0.9541595578193665,0.5224554538726807,0.08354568481445312,0.13786390731121395,worker2,worker2,worker2,0,0.0,0.5224554538726807,0.0
model_1,1039,1,0.33965349197387695,8,8,1,0,0.9871511459350586,0.2546408176422119,0.08501267433166504,0.2502923607162662,worker2,worker2,worker2,0,0.0,0.2546408176422119,0.0
model_1,1040,1,0.5633354187011719,5,5,1,0,0.8895623683929443,0.40937304496765137,0.1539623737335205,0.27330497714575924,worker2,worker2,worker2,0,0.0,0.40937304496765137,0.0
model_1,1041,1,0.41505002975463867,0,0,1,0,0.9257872104644775,0.3155248165130615,0.09952521324157715,0.2397908832831853,worker2,worker2,worker2,0,0.0,0.3155248165130615,0.0
model_1,1042,1,0.3498861789703369,2,2,1,0,0.8769710063934326,0.2644064426422119,0.085479736328125,0.24430726752248166,worker2,worker2,worker2,0,0.0,0.2644064426422119,0.0
model_1,1043,1,0.35190248489379883,1,1,1,0,0.9392309784889221,0.265002965927124,0.0868995189666748,0.24694204416573057,worker2,worker2,worker2,0,0.0,0.265002965927124,0.0
model_1,1044,1,0.5080704689025879,3,3,1,0,0.9794971942901611,0.34906840324401855,0.15900206565856934,0.3129527799598499,worker2,worker2,worker2,0,0.0,0.34906840324401855,0.0
model_1,1045,1,0.46067142486572266,2,2,1,0,0.9679591655731201,0.3657805919647217,0.09489083290100098,0.20598376148175443,worker2,worker2,worker2,0,0.0,0.3657805919647217,0.0
model_1,1046,1,0.41916871070861816,4,4,1,0,0.9841268658638,0.2663698196411133,0.15279889106750488,0.36452838001479987,worker2,worker2,worker2,0,0.0,0.2663698196411133,0.0
model_1,1047,1,1.2848608493804932,3,8,0,2,0.9600225687026978,1.1183156967163086,0.16654515266418457,0.12962115916636868,worker2->worker3,worker2,worker3,0,0.0,0.8694019317626953,0.24891376495361328
model_1,1048,1,0.3361508846282959,1,1,1,0,0.7628953456878662,0.24975919723510742,0.08639168739318848,0.25700270724772134,worker2,worker2,worker2,0,0.0,0.24975919723510742,0.0
model_1,1049,1,0.39008164405822754,0,8,0,0,0.733478844165802,0.30637168884277344,0.0837099552154541,0.21459598648266234,worker2,worker2,worker2,0,0.0,0.30637168884277344,0.0
model_1,1050,1,0.389477014541626,9,9,1,0,0.7036933302879333,0.3029508590698242,0.08652615547180176,0.2221598508801195,worker2,worker2,worker2,0,0.0,0.3029508590698242,0.0
model_1,1051,1,0.5528371334075928,2,2,1,0,0.9714004397392273,0.394167423248291,0.15866971015930176,0.287009863431729,worker2,worker2,worker2,0,0.0,0.394167423248291,0.0
model_1,1052,1,0.4358398914337158,4,4,1,0,0.9736803770065308,0.3325693607330322,0.1032705307006836,0.23694602703981577,worker2,worker2,worker2,0,0.0,0.3325693607330322,0.0
model_1,1053,1,0.39664268493652344,0,0,1,0,0.9340117573738098,0.3088064193725586,0.08783626556396484,0.22144935202327426,worker2,worker2,worker2,0,0.0,0.3088064193725586,0.0
model_1,1054,1,0.4017002582550049,6,6,1,0,0.5222992300987244,0.26557016372680664,0.13613009452819824,0.3388847573052367,worker2,worker2,worker2,0,0.0,0.26557016372680664,0.0
model_1,1055,1,0.478391170501709,4,4,1,0,0.9264837503433228,0.3884775638580322,0.08991360664367676,0.18794997104436642,worker2,worker2,worker2,0,0.0,0.3884775638580322,0.0
model_1,1056,1,0.4313526153564453,4,4,1,0,0.9391903877258301,0.331043004989624,0.10030961036682129,0.23254666088886727,worker2,worker2,worker2,0,0.0,0.331043004989624,0.0
model_1,1057,1,0.5454568862915039,8,8,1,0,0.8677738904953003,0.3887035846710205,0.1567533016204834,0.2873798196704974,worker2,worker2,worker2,0,0.0,0.3887035846710205,0.0
model_1,1058,1,0.4374666213989258,8,8,1,0,0.979716956615448,0.31801486015319824,0.11945176124572754,0.27305342945650585,worker2,worker2,worker2,0,0.0,0.31801486015319824,0.0
model_1,1059,1,0.349595308303833,9,1,0,0,0.9836570620536804,0.2644531726837158,0.08514213562011719,0.24354484627728534,worker2,worker2,worker2,0,0.0,0.2644531726837158,0.0
model_1,1060,1,0.5530009269714355,3,3,1,1,0.8775593042373657,0.46408987045288086,0.08891105651855469,0.16077921786765334,worker2,worker2,worker2,0,0.0,0.46408987045288086,0.0
model_1,1061,1,0.7298119068145752,6,6,1,1,0.7727493047714233,0.6433367729187012,0.08647513389587402,0.1184896177883885,worker2,worker2,worker2,0,0.0,0.6433367729187012,0.0
model_1,1062,1,0.5690994262695312,6,4,0,0,0.8917175531387329,0.46552371978759766,0.1035757064819336,0.1819993162897323,worker2,worker2,worker2,0,0.0,0.46552371978759766,0.0
model_1,1063,1,0.3506801128387451,1,1,1,0,0.993054211139679,0.2665591239929199,0.0841209888458252,0.2398795533766323,worker2,worker2,worker2,0,0.0,0.2665591239929199,0.0
model_1,1064,1,1.2166507244110107,4,3,0,2,0.6877105832099915,1.0644330978393555,0.15221762657165527,0.1251120173748673,worker2->worker3,worker2,worker3,0,0.0,0.8142380714416504,0.2501950263977051
model_1,1065,1,0.3873608112335205,8,8,1,0,0.9788535833358765,0.2984273433685303,0.08893346786499023,0.2295881908698727,worker2,worker2,worker2,0,0.0,0.2984273433685303,0.0
model_1,1066,1,1.4237983226776123,5,5,1,3,0.4978134036064148,1.2767815589904785,0.1470167636871338,0.10325673330661908,worker2->worker3->worker3,worker2,worker3,0,0.0,0.8078913688659668,0.4688901901245117
model_1,1067,1,0.3307769298553467,9,9,1,0,0.906624436378479,0.24703574180603027,0.0837411880493164,0.2531651408879621,worker2,worker2,worker2,0,0.0,0.24703574180603027,0.0
model_1,1068,1,0.5194540023803711,6,3,0,1,0.7534650564193726,0.43620848655700684,0.08324551582336426,0.16025579828415218,worker2,worker2,worker2,0,0.0,0.43620848655700684,0.0
model_1,1069,1,0.6598751544952393,4,4,1,1,0.9928699135780334,0.5755152702331543,0.08435988426208496,0.12784218906774067,worker2,worker2,worker2,0,0.0,0.5755152702331543,0.0
model_1,1070,1,0.4629180431365967,8,8,1,0,0.9996629953384399,0.35482025146484375,0.10809779167175293,0.23351388712203577,worker2,worker2,worker2,0,0.0,0.35482025146484375,0.0
model_1,1071,1,0.34711170196533203,8,8,1,0,0.9839594960212708,0.26426029205322266,0.08285140991210938,0.23868803455201348,worker2,worker2,worker2,0,0.0,0.26426029205322266,0.0
model_1,1072,1,0.5787811279296875,0,0,1,0,0.8451011180877686,0.4195387363433838,0.1592423915863037,0.2751340427354934,worker2,worker2,worker2,0,0.0,0.4195387363433838,0.0
model_1,1073,1,0.49037623405456543,2,3,0,0,0.6056627631187439,0.3755354881286621,0.11484074592590332,0.23418905312023072,worker2,worker2,worker2,0,0.0,0.3755354881286621,0.0
model_1,1074,1,0.3594694137573242,4,4,1,0,0.9995311498641968,0.2737288475036621,0.08574056625366211,0.23851978213519184,worker2,worker2,worker2,0,0.0,0.2737288475036621,0.0
model_1,1075,1,0.6511664390563965,5,5,1,1,0.6280145049095154,0.564478874206543,0.08668756484985352,0.1331265858471948,worker2,worker2,worker2,0,0.0,0.564478874206543,0.0
model_1,1076,1,0.4370737075805664,9,9,1,0,0.7704503536224365,0.3281121253967285,0.10896158218383789,0.24929795660095352,worker2,worker2,worker2,0,0.0,0.3281121253967285,0.0
model_1,1077,1,1.4890875816345215,7,2,0,3,0.4517814815044403,1.3452141284942627,0.1438734531402588,0.09661852997412934,worker2->worker3->worker3,worker2,worker3,0,0.0,0.8438525199890137,0.501361608505249
model_1,1078,1,0.4510507583618164,4,2,0,0,0.962722897529602,0.29824185371398926,0.15280890464782715,0.33878427608196027,worker2,worker2,worker2,0,0.0,0.29824185371398926,0.0
model_1,1079,1,0.4005696773529053,6,6,1,0,0.9925150275230408,0.2986717224121094,0.1018979549407959,0.2543825973402948,worker2,worker2,worker2,0,0.0,0.2986717224121094,0.0
model_1,1080,1,0.3417997360229492,0,0,1,0,0.8644248843193054,0.2578883171081543,0.08391141891479492,0.24549878209724807,worker2,worker2,worker2,0,0.0,0.2578883171081543,0.0
model_1,1081,1,0.3448972702026367,5,5,1,0,0.8880128264427185,0.2599964141845703,0.0849008560180664,0.24616273700335406,worker2,worker2,worker2,0,0.0,0.2599964141845703,0.0
model_1,1082,1,0.6532089710235596,4,4,1,1,0.9921680092811584,0.5687048435211182,0.0845041275024414,0.1293676774984059,worker2,worker2,worker2,0,0.0,0.5687048435211182,0.0
model_1,1083,1,0.38765573501586914,8,0,0,0,0.8609175086021423,0.28226232528686523,0.1053934097290039,0.2718737276637723,worker2,worker2,worker2,0,0.0,0.28226232528686523,0.0
model_1,1084,1,0.3349471092224121,9,9,1,0,0.9507046341896057,0.2524747848510742,0.08247232437133789,0.24622491760803492,worker2,worker2,worker2,0,0.0,0.2524747848510742,0.0
model_1,1085,1,0.3892960548400879,2,3,0,0,0.8226968050003052,0.30533885955810547,0.08395719528198242,0.21566413077694746,worker2,worker2,worker2,0,0.0,0.30533885955810547,0.0
model_1,1086,1,0.39794182777404785,8,8,1,0,0.9738562703132629,0.2911415100097656,0.10680031776428223,0.2683817339878221,worker2,worker2,worker2,0,0.0,0.2911415100097656,0.0
model_1,1087,1,0.40347886085510254,0,0,1,0,0.792522132396698,0.30272841453552246,0.10075044631958008,0.24970439865438604,worker2,worker2,worker2,0,0.0,0.30272841453552246,0.0
model_1,1088,1,0.46004533767700195,4,2,0,0,0.776108980178833,0.36396193504333496,0.09608340263366699,0.20885637732759113,worker2,worker2,worker2,0,0.0,0.36396193504333496,0.0
model_1,1089,1,0.3992931842803955,0,8,0,0,0.9958209991455078,0.3033604621887207,0.0959327220916748,0.24025634763729903,worker2,worker2,worker2,0,0.0,0.3033604621887207,0.0
model_1,1090,1,0.5283191204071045,6,6,1,0,0.9989795088768005,0.3566770553588867,0.17164206504821777,0.32488331089731587,worker2,worker2,worker2,0,0.0,0.3566770553588867,0.0
model_1,1091,1,0.467235803604126,1,1,1,0,0.9987186193466187,0.3641955852508545,0.10304021835327148,0.22053151226521625,worker2,worker2,worker2,0,0.0,0.3641955852508545,0.0
model_1,1092,1,0.5939099788665771,1,1,1,1,0.6867244839668274,0.504441499710083,0.08946847915649414,0.15064316536192326,worker2,worker2,worker2,0,0.0,0.504441499710083,0.0
model_1,1093,1,0.41462230682373047,8,8,1,0,0.9325410723686218,0.314145565032959,0.10047674179077148,0.24233317922638312,worker2,worker2,worker2,0,0.0,0.314145565032959,0.0
model_1,1094,1,0.471066951751709,5,5,1,0,0.984683096408844,0.30475687980651855,0.16631007194519043,0.3530497550862993,worker2,worker2,worker2,0,0.0,0.30475687980651855,0.0
model_1,1095,1,1.331908941268921,5,5,1,3,0.48597028851509094,1.166083812713623,0.16582512855529785,0.12450185100290329,worker2->worker3->worker3,worker2,worker3,0,0.0,0.731898307800293,0.4341855049133301
model_1,1096,1,1.1695849895477295,5,5,1,2,0.9440716505050659,1.026623249053955,0.14296174049377441,0.12223287898817575,worker2->worker3,worker2,worker3,0,0.0,0.8059465885162354,0.22067666053771973
model_1,1097,1,0.3448190689086914,5,5,1,0,0.9887867569923401,0.2543027400970459,0.09051632881164551,0.2625038374418161,worker2,worker2,worker2,0,0.0,0.2543027400970459,0.0
model_1,1098,1,0.3872828483581543,5,5,1,0,0.839485228061676,0.29256319999694824,0.09471964836120605,0.24457485985439387,worker2,worker2,worker2,0,0.0,0.29256319999694824,0.0
model_1,1099,1,0.49665284156799316,0,0,1,0,0.664309561252594,0.33690667152404785,0.1597461700439453,0.32164553723201766,worker2,worker2,worker2,0,0.0,0.33690667152404785,0.0
model_1,1100,1,0.4038975238800049,8,8,1,0,0.984592854976654,0.30759572982788086,0.09630179405212402,0.23843125634197898,worker2,worker2,worker2,0,0.0,0.30759572982788086,0.0
model_1,1101,1,1.1821696758270264,6,6,1,2,0.8240516185760498,1.0401372909545898,0.14203238487243652,0.12014551529844733,worker2->worker3,worker2,worker3,0,0.0,0.8194432258605957,0.22069406509399414
model_1,1102,1,0.6515517234802246,2,2,1,1,0.9924875497817993,0.5664634704589844,0.08508825302124023,0.13059324372092274,worker2,worker2,worker2,0,0.0,0.5664634704589844,0.0
model_1,1103,1,0.4288053512573242,3,7,0,0,0.7688679099082947,0.3317110538482666,0.09709429740905762,0.22642977081410479,worker2,worker2,worker2,0,0.0,0.3317110538482666,0.0
model_1,1104,1,0.34247350692749023,9,9,1,0,0.9999845027923584,0.25817155838012695,0.08430194854736328,0.24615611672762763,worker2,worker2,worker2,0,0.0,0.25817155838012695,0.0
model_1,1105,1,0.38538241386413574,1,1,1,0,0.9573510885238647,0.30153441429138184,0.0838479995727539,0.21757090244993382,worker2,worker2,worker2,0,0.0,0.30153441429138184,0.0
model_1,1106,1,1.484553337097168,3,4,0,3,0.4809132218360901,1.342712640762329,0.14184069633483887,0.09554435855581188,worker2->worker3->worker3,worker2,worker3,0,0.0,0.8595843315124512,0.48312830924987793
model_1,1107,1,0.5216059684753418,6,6,1,1,0.9831031560897827,0.43592119216918945,0.08568477630615234,0.16427108101659496,worker2,worker2,worker2,0,0.0,0.43592119216918945,0.0
model_1,1108,1,0.47289562225341797,9,9,1,0,0.9998544454574585,0.3173542022705078,0.15554141998291016,0.3289127931481627,worker2,worker2,worker2,0,0.0,0.3173542022705078,0.0
model_1,1109,1,0.39653563499450684,5,5,1,0,0.6294634342193604,0.2849726676940918,0.11156296730041504,0.28134411501745743,worker2,worker2,worker2,0,0.0,0.2849726676940918,0.0
model_1,1110,1,0.6202518939971924,0,8,0,1,0.9940980672836304,0.531728982925415,0.08852291107177734,0.14272090408510393,worker2,worker2,worker2,0,0.0,0.531728982925415,0.0
model_1,1111,1,0.3757808208465576,8,8,1,0,0.904955267906189,0.2656409740447998,0.11013984680175781,0.29309597694112005,worker2,worker2,worker2,0,0.0,0.2656409740447998,0.0
model_1,1112,1,0.390331506729126,7,7,1,0,0.8197482824325562,0.30544328689575195,0.08488821983337402,0.21747724272814842,worker2,worker2,worker2,0,0.0,0.30544328689575195,0.0
model_1,1113,1,0.39403605461120605,9,9,1,0,0.9781196117401123,0.3062407970428467,0.08779525756835938,0.22281021378865098,worker2,worker2,worker2,0,0.0,0.3062407970428467,0.0
model_1,1114,1,0.3891472816467285,3,3,1,0,0.8004370331764221,0.3017759323120117,0.0873713493347168,0.2245200042641781,worker2,worker2,worker2,0,0.0,0.3017759323120117,0.0
model_1,1115,1,0.4198141098022461,4,7,0,0,0.8539748787879944,0.31804323196411133,0.10177087783813477,0.24241890746853184,worker2,worker2,worker2,0,0.0,0.31804323196411133,0.0
model_1,1116,1,0.38013648986816406,9,1,0,0,0.8530468940734863,0.26843786239624023,0.11169862747192383,0.2938382145598868,worker2,worker2,worker2,0,0.0,0.26843786239624023,0.0
model_1,1117,1,0.5422403812408447,2,2,1,0,0.749437153339386,0.37084269523620605,0.17139768600463867,0.3160917038535897,worker2,worker2,worker2,0,0.0,0.37084269523620605,0.0
model_1,1118,1,0.3922851085662842,1,1,1,0,0.9537729024887085,0.282529354095459,0.1097557544708252,0.2797856764738237,worker2,worker2,worker2,0,0.0,0.282529354095459,0.0
model_1,1119,1,0.38001537322998047,3,3,1,0,0.9307873845100403,0.2974059581756592,0.08260941505432129,0.21738440303657694,worker2,worker2,worker2,0,0.0,0.2974059581756592,0.0
model_1,1120,1,0.462310791015625,7,7,1,0,0.9629960060119629,0.30615806579589844,0.15615272521972656,0.33776569410522145,worker2,worker2,worker2,0,0.0,0.30615806579589844,0.0
model_1,1121,1,0.9182701110839844,4,4,1,1,0.7976657748222351,0.7525489330291748,0.16572117805480957,0.18047105754011938,worker2,worker2,worker2,0,0.0,0.7525489330291748,0.0
model_1,1122,1,0.6303110122680664,1,1,1,0,0.7513607740402222,0.5245041847229004,0.10580682754516602,0.1678644756093317,worker2,worker2,worker2,0,0.0,0.5245041847229004,0.0
model_1,1123,1,1.0792016983032227,8,8,1,2,0.9697265625,0.9356210231781006,0.14358067512512207,0.13304341102396997,worker2->worker3,worker2,worker3,0,0.0,0.6782772541046143,0.25734376907348633
model_1,1124,1,0.3450913429260254,8,8,1,0,0.9862180352210999,0.2613255977630615,0.08376574516296387,0.24273499431401296,worker2,worker2,worker2,0,0.0,0.2613255977630615,0.0
model_1,1125,1,0.3929281234741211,4,4,1,0,0.994443953037262,0.3090240955352783,0.08390402793884277,0.2135353081805274,worker2,worker2,worker2,0,0.0,0.3090240955352783,0.0
model_1,1126,1,0.39992260932922363,5,5,1,0,0.7279016375541687,0.3130788803100586,0.08684372901916504,0.2171513362668468,worker2,worker2,worker2,0,0.0,0.3130788803100586,0.0
model_1,1127,1,0.5352799892425537,6,6,1,1,0.9970449805259705,0.4518463611602783,0.08343362808227539,0.15586913346104697,worker2,worker2,worker2,0,0.0,0.4518463611602783,0.0
model_1,1128,1,1.4056499004364014,0,0,1,3,0.4989115595817566,1.2352409362792969,0.1704089641571045,0.12123144184351944,worker2->worker3->worker3,worker2,worker3,0,0.0,0.839622974395752,0.3956179618835449
model_1,1129,1,0.3473834991455078,6,6,1,0,0.9830080270767212,0.26159214973449707,0.08579134941101074,0.2469643768976934,worker2,worker2,worker2,0,0.0,0.26159214973449707,0.0
model_1,1130,1,0.3468637466430664,6,6,1,0,0.9973533153533936,0.264223575592041,0.08264017105102539,0.2382496638833366,worker2,worker2,worker2,0,0.0,0.264223575592041,0.0
model_1,1131,1,0.390963077545166,4,2,0,0,0.8761327862739563,0.30571603775024414,0.08524703979492188,0.21804370972876258,worker2,worker2,worker2,0,0.0,0.30571603775024414,0.0
model_1,1132,1,1.3776259422302246,5,7,0,3,0.5341358184814453,1.2275426387786865,0.15008330345153809,0.1089434358419309,worker2->worker3->worker3,worker2,worker3,0,0.0,0.7620601654052734,0.4654824733734131
model_1,1133,1,0.32982516288757324,1,1,1,0,0.9996837377548218,0.24525904655456543,0.08456611633300781,0.25639680002775794,worker2,worker2,worker2,0,0.0,0.24525904655456543,0.0
model_1,1134,1,0.5219736099243164,7,3,0,1,0.7990546822547913,0.4360783100128174,0.08589529991149902,0.1645587023526983,worker2,worker2,worker2,0,0.0,0.4360783100128174,0.0
model_1,1135,1,0.4217031002044678,3,7,0,0,0.700485110282898,0.259812593460083,0.16189050674438477,0.3838968854293227,worker2,worker2,worker2,0,0.0,0.259812593460083,0.0
model_1,1136,1,0.6486115455627441,4,4,1,1,0.9954825639724731,0.5591771602630615,0.08943438529968262,0.13788589782515842,worker2,worker2,worker2,0,0.0,0.5591771602630615,0.0
model_1,1137,1,0.8051984310150146,6,6,1,1,0.9725281000137329,0.7092084884643555,0.09598994255065918,0.11921277892911002,worker2,worker2,worker2,0,0.0,0.7092084884643555,0.0
model_1,1138,1,0.5064494609832764,9,9,1,0,0.6255167126655579,0.4136471748352051,0.09280228614807129,0.1832409614335353,worker2,worker2,worker2,0,0.0,0.4136471748352051,0.0
model_1,1139,1,0.39402198791503906,7,7,1,0,0.9685940146446228,0.31132006645202637,0.0827019214630127,0.20989164056713833,worker2,worker2,worker2,0,0.0,0.31132006645202637,0.0
model_1,1140,1,0.39084315299987793,2,2,1,0,0.7946862578392029,0.308535099029541,0.08230805397033691,0.21059100904951153,worker2,worker2,worker2,0,0.0,0.308535099029541,0.0
model_1,1141,1,0.3904705047607422,9,9,1,0,0.9935693740844727,0.25666236877441406,0.13380813598632812,0.3426843624675775,worker2,worker2,worker2,0,0.0,0.25666236877441406,0.0
model_1,1142,1,0.6484007835388184,2,2,1,1,0.9632914662361145,0.5617842674255371,0.08661651611328125,0.13358484183277627,worker2,worker2,worker2,0,0.0,0.5617842674255371,0.0
model_1,1143,1,0.40413570404052734,5,4,0,0,0.9331654906272888,0.29175734519958496,0.11237835884094238,0.278070850254975,worker2,worker2,worker2,0,0.0,0.29175734519958496,0.0
model_1,1144,1,0.3927946090698242,2,2,1,0,0.9744695425033569,0.305161714553833,0.08763289451599121,0.22310106221547799,worker2,worker2,worker2,0,0.0,0.305161714553833,0.0
model_1,1145,1,1.2656888961791992,8,8,1,2,0.6980690956115723,1.101902961730957,0.1637859344482422,0.12940457559726667,worker2->worker3,worker2,worker3,0,0.0,0.8801207542419434,0.22178220748901367
model_1,1146,1,0.3419485092163086,2,2,1,0,0.803775429725647,0.2562258243560791,0.08572268486022949,0.25068886849862926,worker2,worker2,worker2,0,0.0,0.2562258243560791,0.0
model_1,1147,1,0.38003015518188477,5,5,1,0,0.7680357694625854,0.29645276069641113,0.08357739448547363,0.21992305964634037,worker2,worker2,worker2,0,0.0,0.29645276069641113,0.0
model_1,1148,1,0.4014434814453125,8,8,1,0,0.9880858659744263,0.25059032440185547,0.15085315704345703,0.3757768254209586,worker2,worker2,worker2,0,0.0,0.25059032440185547,0.0
model_1,1149,1,0.9548351764678955,4,4,1,1,0.9972642660140991,0.8684885501861572,0.08634662628173828,0.09043092295902812,worker2,worker2,worker2,0,0.0,0.8684885501861572,0.0
model_1,1150,1,0.5900323390960693,4,4,1,0,0.9406375885009766,0.48733067512512207,0.10270166397094727,0.17406107625945794,worker2,worker2,worker2,0,0.0,0.48733067512512207,0.0
model_1,1151,1,0.5741198062896729,6,6,1,1,0.9540293216705322,0.4901888370513916,0.08393096923828125,0.14619068758609205,worker2,worker2,worker2,0,0.0,0.4901888370513916,0.0
model_1,1152,1,0.35662245750427246,3,3,1,0,0.9589326977729797,0.2624077796936035,0.09421467781066895,0.26418604837733817,worker2,worker2,worker2,0,0.0,0.2624077796936035,0.0
model_1,1153,1,0.706876277923584,6,6,1,1,0.5300426483154297,0.6196744441986084,0.08720183372497559,0.12336222964098738,worker2,worker2,worker2,0,0.0,0.6196744441986084,0.0
model_1,1154,1,0.565363883972168,3,3,1,0,0.9789820313453674,0.4102778434753418,0.15508604049682617,0.27431189874955086,worker2,worker2,worker2,0,0.0,0.4102778434753418,0.0
model_1,1155,1,0.4557008743286133,6,6,1,0,0.8466988801956177,0.35267186164855957,0.10302901268005371,0.22608912662686229,worker2,worker2,worker2,0,0.0,0.35267186164855957,0.0
model_1,1156,1,0.6477596759796143,3,3,1,1,0.8154074549674988,0.5631394386291504,0.08462023735046387,0.13063523477668124,worker2,worker2,worker2,0,0.0,0.5631394386291504,0.0
model_1,1157,1,0.4188110828399658,3,3,1,0,0.9916946291923523,0.306093692779541,0.1127173900604248,0.26913659804818457,worker2,worker2,worker2,0,0.0,0.306093692779541,0.0
model_1,1158,1,0.5371048450469971,3,5,0,1,0.929650068283081,0.44931864738464355,0.08778619766235352,0.16344331739303555,worker2,worker2,worker2,0,0.0,0.44931864738464355,0.0
model_1,1159,1,0.7290911674499512,1,1,1,1,0.9681718945503235,0.6410231590270996,0.08806800842285156,0.12079148994614179,worker2,worker2,worker2,0,0.0,0.6410231590270996,0.0
model_1,1160,1,0.47202372550964355,4,4,1,0,0.9948581457138062,0.37176966667175293,0.10025405883789062,0.21239199095267175,worker2,worker2,worker2,0,0.0,0.37176966667175293,0.0
model_1,1161,1,0.41642236709594727,1,1,1,0,0.786907970905304,0.3315556049346924,0.08486676216125488,0.20379972082935896,worker2,worker2,worker2,0,0.0,0.3315556049346924,0.0
model_1,1162,1,0.4410288333892822,1,1,1,0,0.6387931108474731,0.3498804569244385,0.09114837646484375,0.20667214831369077,worker2,worker2,worker2,0,0.0,0.3498804569244385,0.0
model_1,1163,1,0.4042015075683594,6,2,0,0,0.49652305245399475,0.3042891025543213,0.09991240501403809,0.24718464217291594,worker2,worker2,worker2,0,0.0,0.3042891025543213,0.0
model_1,1164,1,0.8329734802246094,0,0,1,1,0.7884968519210815,0.7441551685333252,0.08881831169128418,0.1066280185382787,worker2,worker2,worker2,0,0.0,0.7441551685333252,0.0
model_1,1165,1,0.5118532180786133,9,9,1,0,0.9413374066352844,0.4137113094329834,0.09814190864562988,0.19173838354290995,worker2,worker2,worker2,0,0.0,0.4137113094329834,0.0
model_1,1166,1,0.34103870391845703,6,6,1,0,0.7462397217750549,0.25802063941955566,0.08301806449890137,0.24342710532570852,worker2,worker2,worker2,0,0.0,0.25802063941955566,0.0
model_1,1167,1,0.5662689208984375,0,0,1,1,0.9958640336990356,0.48340821266174316,0.08286070823669434,0.14632748713319502,worker2,worker2,worker2,0,0.0,0.48340821266174316,0.0
model_1,1168,1,0.7104876041412354,7,7,1,1,0.9988805651664734,0.6234960556030273,0.08699154853820801,0.12243922065797964,worker2,worker2,worker2,0,0.0,0.6234960556030273,0.0
model_1,1169,1,0.4477083683013916,3,3,1,0,0.8037056922912598,0.3540065288543701,0.09370183944702148,0.20929213318599976,worker2,worker2,worker2,0,0.0,0.3540065288543701,0.0
model_1,1170,1,0.36985278129577637,7,7,1,0,0.9819591641426086,0.2804136276245117,0.08943915367126465,0.241823661181931,worker2,worker2,worker2,0,0.0,0.2804136276245117,0.0
model_1,1171,1,0.4833564758300781,9,9,1,0,0.9988675117492676,0.3165125846862793,0.16684389114379883,0.3451777300744225,worker2,worker2,worker2,0,0.0,0.3165125846862793,0.0
model_1,1172,1,0.3731863498687744,6,6,1,0,0.9814451336860657,0.26784658432006836,0.10533976554870605,0.2822712180811202,worker2,worker2,worker2,0,0.0,0.26784658432006836,0.0
model_1,1173,1,0.4104039669036865,7,5,0,0,0.809916079044342,0.32714200019836426,0.08326196670532227,0.20287807482343892,worker2,worker2,worker2,0,0.0,0.32714200019836426,0.0
model_1,1174,1,1.1976613998413086,5,5,1,2,0.7311182022094727,1.0447227954864502,0.1529386043548584,0.12769769851071675,worker2->worker3,worker2,worker3,0,0.0,0.814826488494873,0.22989630699157715
model_1,1175,1,0.3398244380950928,8,8,1,0,0.9986394047737122,0.25510406494140625,0.08472037315368652,0.24930629953687822,worker2,worker2,worker2,0,0.0,0.25510406494140625,0.0
model_1,1176,1,0.5619425773620605,4,4,1,1,0.9971616268157959,0.4779508113861084,0.08399176597595215,0.14946681273064688,worker2,worker2,worker2,0,0.0,0.4779508113861084,0.0
model_1,1177,1,0.7592005729675293,4,4,1,1,0.9819748997688293,0.6732041835784912,0.08599638938903809,0.11327229252857283,worker2,worker2,worker2,0,0.0,0.6732041835784912,0.0
model_1,1178,1,0.5039629936218262,5,5,1,0,0.9712018966674805,0.409743070602417,0.09421992301940918,0.18695801916382734,worker2,worker2,worker2,0,0.0,0.409743070602417,0.0
model_1,1179,1,0.5716402530670166,2,2,1,1,0.8253453373908997,0.48879432678222656,0.08284592628479004,0.14492668394203784,worker2,worker2,worker2,0,0.0,0.48879432678222656,0.0
model_1,1180,1,0.613105297088623,3,3,1,1,0.7505384683609009,0.5270240306854248,0.08608126640319824,0.1404020921234275,worker2,worker2,worker2,0,0.0,0.5270240306854248,0.0
model_1,1181,1,0.4268918037414551,7,7,1,0,0.9532886147499084,0.3311901092529297,0.09570169448852539,0.2241825531662975,worker2,worker2,worker2,0,0.0,0.3311901092529297,0.0
model_1,1182,1,0.5330336093902588,4,4,1,0,0.9964637160301208,0.37412023544311523,0.15891337394714355,0.29813012002925254,worker2,worker2,worker2,0,0.0,0.37412023544311523,0.0
model_1,1183,1,0.41211390495300293,4,6,0,0,0.7935386896133423,0.3012964725494385,0.11081743240356445,0.2689000081572156,worker2,worker2,worker2,0,0.0,0.3012964725494385,0.0
model_1,1184,1,0.40607213973999023,3,3,1,0,0.6472758650779724,0.3173704147338867,0.08870172500610352,0.21843834216969335,worker2,worker2,worker2,0,0.0,0.3173704147338867,0.0
model_1,1185,1,0.4432487487792969,5,5,1,0,0.8167375326156616,0.32940077781677246,0.11384797096252441,0.2568489392831017,worker2,worker2,worker2,0,0.0,0.32940077781677246,0.0
model_1,1186,1,0.42663073539733887,4,4,1,0,0.9643098711967468,0.33409905433654785,0.09253168106079102,0.21688939259055592,worker2,worker2,worker2,0,0.0,0.33409905433654785,0.0
model_1,1187,1,0.7002005577087402,8,0,0,1,0.8991379141807556,0.6117799282073975,0.08842062950134277,0.12627900467643266,worker2,worker2,worker2,0,0.0,0.6117799282073975,0.0
model_1,1188,1,0.49053049087524414,4,7,0,0,0.8020349144935608,0.38598179817199707,0.10454869270324707,0.21313393285033688,worker2,worker2,worker2,0,0.0,0.38598179817199707,0.0
model_1,1189,1,0.34325289726257324,4,4,1,0,0.7658742070198059,0.26061439514160156,0.08263850212097168,0.24075106948844452,worker2,worker2,worker2,0,0.0,0.26061439514160156,0.0
model_1,1190,1,0.39559292793273926,7,7,1,0,0.9200397729873657,0.3026919364929199,0.09290099143981934,0.23483986916878058,worker2,worker2,worker2,0,0.0,0.3026919364929199,0.0
model_1,1191,1,0.5149879455566406,6,6,1,0,0.998163640499115,0.34731602668762207,0.16767191886901855,0.32558416233953824,worker2,worker2,worker2,0,0.0,0.34731602668762207,0.0
model_1,1192,1,0.45044589042663574,9,9,1,0,0.9802448749542236,0.34906649589538574,0.10137939453125,0.22506453424456693,worker2,worker2,worker2,0,0.0,0.34906649589538574,0.0
model_1,1193,1,0.8135931491851807,9,1,0,1,0.9592198729515076,0.7255253791809082,0.08806777000427246,0.10824546653628163,worker2,worker2,worker2,0,0.0,0.7255253791809082,0.0
model_1,1194,1,0.5170879364013672,9,9,1,0,0.5142924785614014,0.41612863540649414,0.10095930099487305,0.19524590284873278,worker2,worker2,worker2,0,0.0,0.41612863540649414,0.0
model_1,1195,1,0.3799402713775635,7,7,1,0,0.7817589640617371,0.2958369255065918,0.08410334587097168,0.22135938779544234,worker2,worker2,worker2,0,0.0,0.2958369255065918,0.0
model_1,1196,1,0.6122212409973145,6,6,1,1,0.7687410712242126,0.5278615951538086,0.08435964584350586,0.1377927458153578,worker2,worker2,worker2,0,0.0,0.5278615951538086,0.0
model_1,1197,1,0.42690491676330566,7,7,1,0,0.9964097142219543,0.3259696960449219,0.10093522071838379,0.23643489862719616,worker2,worker2,worker2,0,0.0,0.3259696960449219,0.0
model_1,1198,1,0.37440037727355957,0,0,1,0,0.9504139423370361,0.28269147872924805,0.09170889854431152,0.24494873432593647,worker2,worker2,worker2,0,0.0,0.28269147872924805,0.0
model_1,1199,1,0.3507046699523926,1,9,0,0,0.823706328868866,0.26292848587036133,0.08777618408203125,0.2502851875167407,worker2,worker2,worker2,0,0.0,0.26292848587036133,0.0
model_1,1200,1,0.54142165184021,8,8,1,0,0.9411947131156921,0.3876330852508545,0.15378856658935547,0.2840458375956179,worker2,worker2,worker2,0,0.0,0.3876330852508545,0.0
model_1,1201,1,0.4431791305541992,5,5,1,0,0.978095531463623,0.3338596820831299,0.10931944847106934,0.24667102066463384,worker2,worker2,worker2,0,0.0,0.3338596820831299,0.0
model_1,1202,1,0.4613668918609619,6,6,1,0,0.5852988362312317,0.37267374992370605,0.08869314193725586,0.19223993637580855,worker2,worker2,worker2,0,0.0,0.37267374992370605,0.0
model_1,1203,1,0.35239100456237793,5,5,1,0,0.9976108074188232,0.26000332832336426,0.09238767623901367,0.2621737644913686,worker2,worker2,worker2,0,0.0,0.26000332832336426,0.0
model_1,1204,1,0.6251816749572754,9,1,0,1,0.9320506453514099,0.5394415855407715,0.0857400894165039,0.13714427797705897,worker2,worker2,worker2,0,0.0,0.5394415855407715,0.0
model_1,1205,1,0.925961971282959,9,9,1,1,0.9957860112190247,0.7748451232910156,0.15111684799194336,0.16319984262697598,worker2,worker2,worker2,0,0.0,0.7748451232910156,0.0
model_1,1206,1,0.6485397815704346,5,5,1,0,0.5800925493240356,0.5504865646362305,0.0980532169342041,0.1511907514705866,worker2,worker2,worker2,0,0.0,0.5504865646362305,0.0
model_1,1207,1,0.3625357151031494,4,4,1,0,0.9327887892723083,0.2605137825012207,0.10202193260192871,0.28141208811082574,worker2,worker2,worker2,0,0.0,0.2605137825012207,0.0
model_1,1208,1,0.3939511775970459,8,0,0,0,0.5129932165145874,0.31175851821899414,0.08219265937805176,0.20863666375969755,worker2,worker2,worker2,0,0.0,0.31175851821899414,0.0
model_1,1209,1,0.35089683532714844,4,4,1,0,0.9738970994949341,0.26624035835266113,0.0846564769744873,0.24125745362040757,worker2,worker2,worker2,0,0.0,0.26624035835266113,0.0
model_1,1210,1,0.3951268196105957,9,9,1,0,0.9764788746833801,0.31137943267822266,0.08374738693237305,0.21195065172975994,worker2,worker2,worker2,0,0.0,0.31137943267822266,0.0
model_1,1211,1,0.8336272239685059,3,3,1,1,0.8328667283058167,0.7433192729949951,0.09030795097351074,0.1083313360900058,worker2,worker2,worker2,0,0.0,0.7433192729949951,0.0
model_1,1212,1,0.5473043918609619,1,1,1,0,0.9408296346664429,0.4448099136352539,0.10249447822570801,0.187271433867364,worker2,worker2,worker2,0,0.0,0.4448099136352539,0.0
model_1,1213,1,0.400341272354126,6,2,0,0,0.8999646306037903,0.31470203399658203,0.08563923835754395,0.21391558720378667,worker2,worker2,worker2,0,0.0,0.31470203399658203,0.0
model_1,1214,1,0.4344043731689453,0,9,0,0,0.7773823142051697,0.2790043354034424,0.15540003776550293,0.3577312922332527,worker2,worker2,worker2,0,0.0,0.2790043354034424,0.0
model_1,1215,1,0.46389079093933105,9,9,1,0,0.8579630851745605,0.3084695339202881,0.15542125701904297,0.3350384617559037,worker2,worker2,worker2,0,0.0,0.3084695339202881,0.0
model_1,1216,1,0.7931866645812988,5,5,1,1,0.9952795505523682,0.7064990997314453,0.08668756484985352,0.10929024493321943,worker2,worker2,worker2,0,0.0,0.7064990997314453,0.0
model_1,1217,1,0.52093505859375,2,2,1,0,0.9890463948249817,0.4198794364929199,0.10105562210083008,0.19398890597539542,worker2,worker2,worker2,0,0.0,0.4198794364929199,0.0
model_1,1218,1,0.34421205520629883,0,0,1,0,0.9097917079925537,0.26235198974609375,0.08186006546020508,0.23781870571367222,worker2,worker2,worker2,0,0.0,0.26235198974609375,0.0
model_1,1219,1,0.3789706230163574,5,6,0,0,0.6057496070861816,0.2967960834503174,0.08217453956604004,0.21683617297822358,worker2,worker2,worker2,0,0.0,0.2967960834503174,0.0
model_1,1220,1,0.38901281356811523,6,6,1,0,0.9891769289970398,0.30483412742614746,0.08417868614196777,0.21639052289784866,worker2,worker2,worker2,0,0.0,0.30483412742614746,0.0
model_1,1221,1,0.8588755130767822,5,5,1,1,0.9746504426002502,0.7725059986114502,0.08636951446533203,0.10056115601191988,worker2,worker2,worker2,0,0.0,0.7725059986114502,0.0
model_1,1222,1,0.5183298587799072,4,4,1,0,0.9793924689292908,0.4104797840118408,0.1078500747680664,0.2080722785716684,worker2,worker2,worker2,0,0.0,0.4104797840118408,0.0
model_1,1223,1,1.0219852924346924,0,8,0,2,0.776504397392273,0.8588159084320068,0.16316938400268555,0.15965922915971173,worker2->worker3,worker2,worker3,0,0.0,0.6230201721191406,0.2357957363128662
model_1,1224,1,0.35530567169189453,9,9,1,0,0.9951344132423401,0.27254271507263184,0.0827629566192627,0.23293452149289387,worker2,worker2,worker2,0,0.0,0.27254271507263184,0.0
model_1,1225,1,1.129002571105957,0,1,0,2,0.8035857677459717,0.9841935634613037,0.14480900764465332,0.12826277933344316,worker2->worker3,worker2,worker3,0,0.0,0.7624590396881104,0.22173452377319336
model_1,1226,1,0.452425479888916,3,3,1,0,0.8674384951591492,0.32920360565185547,0.12322187423706055,0.2723583876560516,worker2,worker2,worker2,0,0.0,0.32920360565185547,0.0
model_1,1227,1,0.34736132621765137,8,8,1,0,0.9463838338851929,0.2613353729248047,0.08602595329284668,0.24765552984716588,worker2,worker2,worker2,0,0.0,0.2613353729248047,0.0
model_1,1228,1,0.6908118724822998,6,6,1,1,0.940938413143158,0.6069107055664062,0.08390116691589355,0.12145298924063193,worker2,worker2,worker2,0,0.0,0.6069107055664062,0.0
model_1,1229,1,0.453704833984375,0,0,1,0,0.7683026790618896,0.35311007499694824,0.10059475898742676,0.2217185082733571,worker2,worker2,worker2,0,0.0,0.35311007499694824,0.0
model_1,1230,1,1.1576907634735107,1,1,1,2,0.9148322939872742,1.0185043811798096,0.13918638229370117,0.1202276002238191,worker2->worker3,worker2,worker3,0,0.0,0.8017127513885498,0.21679162979125977
model_1,1231,1,0.34078478813171387,5,5,1,0,0.666365385055542,0.25714850425720215,0.08363628387451172,0.2454225857117371,worker2,worker2,worker2,0,0.0,0.25714850425720215,0.0
model_1,1232,1,0.42910218238830566,7,7,1,0,0.9866191744804382,0.3370327949523926,0.09206938743591309,0.2145628505627061,worker2,worker2,worker2,0,0.0,0.3370327949523926,0.0
model_1,1233,1,0.43499183654785156,0,0,1,0,0.9913956522941589,0.28055906295776367,0.1544327735900879,0.35502453291005476,worker2,worker2,worker2,0,0.0,0.28055906295776367,0.0
model_1,1234,1,0.4172508716583252,0,0,1,0,0.9841357469558716,0.3227653503417969,0.09448552131652832,0.22644775058468855,worker2,worker2,worker2,0,0.0,0.3227653503417969,0.0
model_1,1235,1,0.3893709182739258,4,4,1,0,0.5811737179756165,0.29699254035949707,0.09237837791442871,0.23725032758979633,worker2,worker2,worker2,0,0.0,0.29699254035949707,0.0
model_1,1236,1,0.5030627250671387,5,5,1,0,0.7641787528991699,0.3374762535095215,0.1655864715576172,0.329156710101147,worker2,worker2,worker2,0,0.0,0.3374762535095215,0.0
model_1,1237,1,0.4387485980987549,6,6,1,0,0.9826435446739197,0.3383631706237793,0.10038542747497559,0.22879942616336413,worker2,worker2,worker2,0,0.0,0.3383631706237793,0.0
model_1,1238,1,0.7351810932159424,0,8,0,1,0.8429598808288574,0.6448495388031006,0.0903315544128418,0.12286980071494984,worker2,worker2,worker2,0,0.0,0.6448495388031006,0.0
model_1,1239,1,0.49999284744262695,8,8,1,0,0.9865276217460632,0.3884892463684082,0.11150360107421875,0.22301039233768946,worker2,worker2,worker2,0,0.0,0.3884892463684082,0.0
model_1,1240,1,0.6496443748474121,9,8,0,1,0.9813403487205505,0.5470995903015137,0.10254478454589844,0.15784756786354698,worker2,worker2,worker2,0,0.0,0.5470995903015137,0.0
model_1,1241,1,0.4080369472503662,2,5,0,0,0.5637359619140625,0.3153674602508545,0.09266948699951172,0.22711052914198704,worker2,worker2,worker2,0,0.0,0.3153674602508545,0.0
model_1,1242,1,0.6915054321289062,5,5,1,1,0.9930371642112732,0.6067311763763428,0.08477425575256348,0.12259376689431468,worker2,worker2,worker2,0,0.0,0.6067311763763428,0.0
model_1,1243,1,0.4442870616912842,5,5,1,0,0.6905701756477356,0.3554987907409668,0.08878827095031738,0.19984437676920808,worker2,worker2,worker2,0,0.0,0.3554987907409668,0.0
model_1,1244,1,0.6670465469360352,4,5,0,1,0.993016242980957,0.57973313331604,0.08731341361999512,0.130895533484214,worker2,worker2,worker2,0,0.0,0.57973313331604,0.0
model_1,1245,1,0.4880368709564209,6,6,1,0,0.9298422336578369,0.3837292194366455,0.10430765151977539,0.21372903919197841,worker2,worker2,worker2,0,0.0,0.3837292194366455,0.0
model_1,1246,1,0.5086772441864014,0,0,1,0,0.9740985035896301,0.34788084030151367,0.1607964038848877,0.31610693366492515,worker2,worker2,worker2,0,0.0,0.34788084030151367,0.0
model_1,1247,1,0.4417002201080322,0,0,1,0,0.9964584708213806,0.3367171287536621,0.10498309135437012,0.23767950880507388,worker2,worker2,worker2,0,0.0,0.3367171287536621,0.0
model_1,1248,1,0.3967475891113281,9,9,1,0,0.9919140338897705,0.31157588958740234,0.08517169952392578,0.21467477525118986,worker2,worker2,worker2,0,0.0,0.31157588958740234,0.0
model_1,1249,1,0.5853192806243896,3,3,1,1,0.8471695780754089,0.49748706817626953,0.08783221244812012,0.15005863527069374,worker2,worker2,worker2,0,0.0,0.49748706817626953,0.0
model_1,1250,1,0.7386589050292969,3,3,1,1,0.9994244575500488,0.5853829383850098,0.1532759666442871,0.2075057453456245,worker2,worker2,worker2,0,0.0,0.5853829383850098,0.0
model_1,1251,1,1.3084454536437988,1,6,0,3,0.3624665439128876,1.138552188873291,0.1698932647705078,0.12984359745175764,worker2->worker3->worker3,worker2,worker3,0,0.0,0.7621796131134033,0.3763725757598877
model_1,1252,1,0.35497593879699707,3,3,1,0,0.5516278743743896,0.26756763458251953,0.08740830421447754,0.24623726473039748,worker2,worker2,worker2,0,0.0,0.26756763458251953,0.0
model_1,1253,1,1.4348042011260986,0,3,0,3,0.45427802205085754,1.281559705734253,0.1532444953918457,0.10680516217583734,worker2->worker3->worker3,worker2,worker3,0,0.0,0.7119982242584229,0.5695614814758301
model_1,1254,1,1.01971435546875,3,4,0,2,0.7815988659858704,0.875622034072876,0.14409232139587402,0.14130655376488896,worker2->worker3,worker2,worker3,0,0.0,0.6482603549957275,0.22736167907714844
model_1,1255,1,0.39035987854003906,1,1,1,0,0.9754301905632019,0.30705809593200684,0.08330178260803223,0.21339739862504337,worker2,worker2,worker2,0,0.0,0.30705809593200684,0.0
model_1,1256,1,0.5566637516021729,9,8,0,1,0.9633824229240417,0.47116923332214355,0.0854945182800293,0.15358377123346284,worker2,worker2,worker2,0,0.0,0.47116923332214355,0.0
model_1,1257,1,0.47472453117370605,9,9,1,0,0.843816339969635,0.3834092617034912,0.09131526947021484,0.19235422539561528,worker2,worker2,worker2,0,0.0,0.3834092617034912,0.0
model_1,1258,1,0.3957967758178711,4,2,0,0,0.865729033946991,0.30143165588378906,0.09436511993408203,0.23841811176729966,worker2,worker2,worker2,0,0.0,0.30143165588378906,0.0
model_1,1259,1,0.6219785213470459,9,9,1,1,0.7347182631492615,0.5346407890319824,0.08733773231506348,0.14041920953461923,worker2,worker2,worker2,0,0.0,0.5346407890319824,0.0
model_1,1260,1,0.3782646656036377,5,3,0,0,0.5526332855224609,0.29093408584594727,0.08733057975769043,0.23087162957271626,worker2,worker2,worker2,0,0.0,0.29093408584594727,0.0
model_1,1261,1,0.46065378189086914,6,6,1,0,0.8733981251716614,0.3735651969909668,0.08708858489990234,0.18905431437559325,worker2,worker2,worker2,0,0.0,0.3735651969909668,0.0
model_1,1262,1,0.3913300037384033,9,1,0,0,0.7570852637290955,0.30008912086486816,0.09124088287353516,0.23315585823193857,worker2,worker2,worker2,0,0.0,0.30008912086486816,0.0
model_1,1263,1,0.5756428241729736,0,0,1,1,0.7787448167800903,0.490619421005249,0.08502340316772461,0.14770166429135598,worker2,worker2,worker2,0,0.0,0.490619421005249,0.0
model_1,1264,1,0.8125958442687988,3,3,1,1,0.9464378356933594,0.7205018997192383,0.09209394454956055,0.1133330242814985,worker2,worker2,worker2,0,0.0,0.7205018997192383,0.0
model_1,1265,1,0.5668349266052246,6,6,1,0,0.9725659489631653,0.4720327854156494,0.0948021411895752,0.1672482353149009,worker2,worker2,worker2,0,0.0,0.4720327854156494,0.0
model_1,1266,1,0.38077330589294434,8,8,1,0,0.8006384968757629,0.298675537109375,0.08209776878356934,0.2156079943446755,worker2,worker2,worker2,0,0.0,0.298675537109375,0.0
model_1,1267,1,0.3394930362701416,3,3,1,0,0.9387328624725342,0.2568175792694092,0.08267545700073242,0.24352622342140137,worker2,worker2,worker2,0,0.0,0.2568175792694092,0.0
model_1,1268,1,0.3661978244781494,0,9,0,0,0.7734225392341614,0.28037524223327637,0.08582258224487305,0.2343612564251975,worker2,worker2,worker2,0,0.0,0.28037524223327637,0.0
model_1,1269,1,0.4711616039276123,7,7,1,0,0.9944585561752319,0.3173372745513916,0.1538243293762207,0.32647891528923006,worker2,worker2,worker2,0,0.0,0.3173372745513916,0.0
model_1,1270,1,0.38054323196411133,7,7,1,0,0.9243596196174622,0.28631138801574707,0.09423184394836426,0.24762454310907617,worker2,worker2,worker2,0,0.0,0.28631138801574707,0.0
model_1,1271,1,0.3967921733856201,4,4,1,0,0.7300288677215576,0.31118059158325195,0.08561158180236816,0.21575925016839245,worker2,worker2,worker2,0,0.0,0.31118059158325195,0.0
model_1,1272,1,0.4135606288909912,9,9,1,0,0.9677502512931824,0.2613036632537842,0.15225696563720703,0.3681611715445472,worker2,worker2,worker2,0,0.0,0.2613036632537842,0.0
model_1,1273,1,1.401916265487671,3,3,1,3,0.46756869554519653,1.2583427429199219,0.14357352256774902,0.1024123380990986,worker2->worker3->worker3,worker2,worker3,0,0.0,0.8200163841247559,0.438326358795166
model_1,1274,1,0.4287436008453369,7,7,1,0,0.6837818622589111,0.27562737464904785,0.15311622619628906,0.3571277236427455,worker2,worker2,worker2,0,0.0,0.27562737464904785,0.0
model_1,1275,1,0.5890541076660156,0,0,1,1,0.9941695928573608,0.500762939453125,0.08829116821289062,0.14988634671053058,worker2,worker2,worker2,0,0.0,0.500762939453125,0.0
model_1,1276,1,0.6915950775146484,0,0,1,1,0.8403152823448181,0.6025676727294922,0.08902740478515625,0.12872764378990334,worker2,worker2,worker2,0,0.0,0.6025676727294922,0.0
model_1,1277,1,0.4544844627380371,9,9,1,0,0.9616509079933167,0.35889744758605957,0.09558701515197754,0.2103196544412421,worker2,worker2,worker2,0,0.0,0.35889744758605957,0.0
model_1,1278,1,0.5663883686065674,5,7,0,1,0.85052490234375,0.4793996810913086,0.08698868751525879,0.15358487627362294,worker2,worker2,worker2,0,0.0,0.4793996810913086,0.0
model_1,1279,1,0.3944535255432129,5,5,1,0,0.9311992526054382,0.306384801864624,0.08806872367858887,0.22326768041255807,worker2,worker2,worker2,0,0.0,0.306384801864624,0.0
model_1,1280,1,0.8189511299133301,2,2,1,1,0.8495034575462341,0.7203216552734375,0.09862947463989258,0.12043389530499894,worker2,worker2,worker2,0,0.0,0.7203216552734375,0.0
model_1,1281,1,0.49797892570495605,9,9,1,0,0.9988412261009216,0.40247583389282227,0.09550309181213379,0.19178139250960538,worker2,worker2,worker2,0,0.0,0.40247583389282227,0.0
model_1,1282,1,0.3521277904510498,1,1,1,0,0.868583619594574,0.26640844345092773,0.08571934700012207,0.24343249616942159,worker2,worker2,worker2,0,0.0,0.26640844345092773,0.0
model_1,1283,1,0.39395785331726074,4,7,0,0,0.7380459308624268,0.30645203590393066,0.08750581741333008,0.22211974371497095,worker2,worker2,worker2,0,0.0,0.30645203590393066,0.0
model_1,1284,1,0.5583133697509766,8,8,1,0,0.9979913234710693,0.40332603454589844,0.15498733520507812,0.27759918282846574,worker2,worker2,worker2,0,0.0,0.40332603454589844,0.0
model_1,1285,1,0.4214975833892822,2,7,0,0,0.7946581840515137,0.3288583755493164,0.09263920783996582,0.21978585759626312,worker2,worker2,worker2,0,0.0,0.3288583755493164,0.0
model_1,1286,1,0.4021487236022949,3,5,0,0,0.7065050601959229,0.3118917942047119,0.09025692939758301,0.22443669244824613,worker2,worker2,worker2,0,0.0,0.3118917942047119,0.0
model_1,1287,1,0.6528689861297607,9,1,0,1,0.7837709784507751,0.5602717399597168,0.09259724617004395,0.1418312833620187,worker2,worker2,worker2,0,0.0,0.5602717399597168,0.0
model_1,1288,1,0.8775248527526855,8,8,1,1,0.715535044670105,0.7828042507171631,0.09472060203552246,0.107940648904012,worker2,worker2,worker2,0,0.0,0.7828042507171631,0.0
model_1,1289,1,0.5354156494140625,1,1,1,0,0.9948881268501282,0.4350087642669678,0.10040688514709473,0.1875307254410214,worker2,worker2,worker2,0,0.0,0.4350087642669678,0.0
model_1,1290,1,0.6186528205871582,5,5,1,1,0.9751561284065247,0.5333187580108643,0.08533406257629395,0.13793530027924888,worker2,worker2,worker2,0,0.0,0.5333187580108643,0.0
model_1,1291,1,0.3913230895996094,7,7,1,0,0.9916183352470398,0.3077573776245117,0.08356571197509766,0.21354659154050867,worker2,worker2,worker2,0,0.0,0.3077573776245117,0.0
model_1,1292,1,1.2071011066436768,2,5,0,2,0.611177384853363,1.0600621700286865,0.14703893661499023,0.12181161611542995,worker2->worker3,worker2,worker3,0,0.0,0.8277497291564941,0.23231244087219238
model_1,1293,1,0.5715420246124268,0,0,1,1,0.9808736443519592,0.4877309799194336,0.08381104469299316,0.14664021381424575,worker2,worker2,worker2,0,0.0,0.4877309799194336,0.0
model_1,1294,1,0.6643688678741455,2,2,1,1,0.9594801068305969,0.5742650032043457,0.0901038646697998,0.1356232494128075,worker2,worker2,worker2,0,0.0,0.5742650032043457,0.0
model_1,1295,1,1.2241425514221191,7,7,1,3,0.6843475699424744,1.0743634700775146,0.1497790813446045,0.12235428069272009,worker2->worker3->worker3,worker2,worker3,0,0.0,0.7036676406860352,0.3706958293914795
model_1,1296,1,1.1616711616516113,6,6,1,2,0.6439124345779419,1.0171654224395752,0.14450573921203613,0.12439470306432023,worker2->worker3,worker2,worker3,0,0.0,0.7942116260528564,0.22295379638671875
model_1,1297,1,1.2737128734588623,1,1,1,3,0.34503889083862305,1.1225340366363525,0.15117883682250977,0.11869145705654396,worker2->worker3->worker3,worker2,worker3,0,0.0,0.6981158256530762,0.42441821098327637
model_1,1298,1,0.38648080825805664,0,0,1,0,0.9919267892837524,0.3000762462615967,0.08640456199645996,0.22356753595580062,worker2,worker2,worker2,0,0.0,0.3000762462615967,0.0
model_1,1299,1,0.33670639991760254,9,9,1,0,0.992234468460083,0.2531466484069824,0.08355975151062012,0.2481679930380549,worker2,worker2,worker2,0,0.0,0.2531466484069824,0.0
model_1,1300,1,1.4254615306854248,2,2,1,3,0.4592832326889038,1.2837066650390625,0.1417548656463623,0.09944489037048955,worker2->worker3->worker3,worker2,worker3,0,0.0,0.7193772792816162,0.5643293857574463
model_1,1301,1,0.35068845748901367,4,3,0,0,0.9153836965560913,0.2683684825897217,0.08231997489929199,0.2347381932348626,worker2,worker2,worker2,0,0.0,0.2683684825897217,0.0
model_1,1302,1,0.5132937431335449,0,9,0,1,0.9121351838111877,0.42903566360473633,0.0842580795288086,0.16415177596834052,worker2,worker2,worker2,0,0.0,0.42903566360473633,0.0
model_1,1303,1,0.35605597496032715,8,8,1,0,0.9990379810333252,0.2699429988861084,0.08611297607421875,0.2418523550512352,worker2,worker2,worker2,0,0.0,0.2699429988861084,0.0
model_1,1304,1,0.45351219177246094,6,6,1,0,0.897415280342102,0.28742170333862305,0.1660904884338379,0.3662315841713245,worker2,worker2,worker2,0,0.0,0.28742170333862305,0.0
model_1,1305,1,0.7180132865905762,6,6,1,1,0.9845801591873169,0.631852388381958,0.08616089820861816,0.11999903040477944,worker2,worker2,worker2,0,0.0,0.631852388381958,0.0
model_1,1306,1,0.47596216201782227,7,7,1,0,0.891087532043457,0.3748302459716797,0.10113191604614258,0.21247889877925993,worker2,worker2,worker2,0,0.0,0.3748302459716797,0.0
model_1,1307,1,0.61222243309021,6,6,1,1,0.8794274926185608,0.5297982692718506,0.08242416381835938,0.13463107420340853,worker2,worker2,worker2,0,0.0,0.5297982692718506,0.0
model_1,1308,1,0.3437333106994629,9,0,0,0,0.9201164841651917,0.25834059715270996,0.08539271354675293,0.24842722799541103,worker2,worker2,worker2,0,0.0,0.25834059715270996,0.0
model_1,1309,1,0.6088824272155762,5,5,1,0,0.9977954626083374,0.4508817195892334,0.15800070762634277,0.25949296705585867,worker2,worker2,worker2,0,0.0,0.4508817195892334,0.0
model_1,1310,1,0.47162604331970215,3,6,0,0,0.7481924295425415,0.36838459968566895,0.1032414436340332,0.21890530664365518,worker2,worker2,worker2,0,0.0,0.36838459968566895,0.0
model_1,1311,1,0.3473470211029053,4,4,1,0,0.9992768168449402,0.2625560760498047,0.08479094505310059,0.2441101834812637,worker2,worker2,worker2,0,0.0,0.2625560760498047,0.0
model_1,1312,1,0.3934817314147949,9,9,1,0,0.7986907362937927,0.3085758686065674,0.08490586280822754,0.2157809525309898,worker2,worker2,worker2,0,0.0,0.3085758686065674,0.0
model_1,1313,1,0.5633487701416016,4,2,0,1,0.6432119011878967,0.4760444164276123,0.08730435371398926,0.15497389599704764,worker2,worker2,worker2,0,0.0,0.4760444164276123,0.0
model_1,1314,1,0.8434157371520996,2,2,1,1,0.9977389574050903,0.7535147666931152,0.08990097045898438,0.10659152598046892,worker2,worker2,worker2,0,0.0,0.7535147666931152,0.0
model_1,1315,1,0.56563401222229,8,8,1,0,0.9822497367858887,0.46341419219970703,0.10221982002258301,0.18071724439090373,worker2,worker2,worker2,0,0.0,0.46341419219970703,0.0
model_1,1316,1,0.5770061016082764,5,5,1,1,0.7945906519889832,0.490875244140625,0.08613085746765137,0.14927200462452778,worker2,worker2,worker2,0,0.0,0.490875244140625,0.0
model_1,1317,1,0.6563847064971924,0,0,1,1,0.9480162262916565,0.5727450847625732,0.08363962173461914,0.12742469607642648,worker2,worker2,worker2,0,0.0,0.5727450847625732,0.0
model_1,1318,1,0.7530348300933838,0,0,1,1,0.6707062721252441,0.6645135879516602,0.08852124214172363,0.11755265308345182,worker2,worker2,worker2,0,0.0,0.6645135879516602,0.0
model_1,1319,1,0.6626632213592529,9,8,0,1,0.9954732060432434,0.5606293678283691,0.10203385353088379,0.15397542860699623,worker2,worker2,worker2,0,0.0,0.5606293678283691,0.0
model_1,1320,1,1.2149991989135742,0,0,1,2,0.8004968166351318,1.0196795463562012,0.19531965255737305,0.16075702167707076,worker2->worker3,worker2,worker3,0,0.0,0.7633917331695557,0.2562878131866455
model_1,1321,1,0.4008758068084717,6,6,1,0,0.8895503878593445,0.3141753673553467,0.086700439453125,0.21627755524430606,worker2,worker2,worker2,0,0.0,0.3141753673553467,0.0
model_1,1322,1,0.5347371101379395,9,9,1,1,0.7814947962760925,0.44974613189697266,0.0849909782409668,0.1589397418463116,worker2,worker2,worker2,0,0.0,0.44974613189697266,0.0
model_1,1323,1,0.571760892868042,3,3,1,0,0.9479131102561951,0.40876269340515137,0.16299819946289062,0.2850810566026406,worker2,worker2,worker2,0,0.0,0.40876269340515137,0.0
model_1,1324,1,0.4836888313293457,9,9,1,0,0.999659538269043,0.37511467933654785,0.10857415199279785,0.22447107512157805,worker2,worker2,worker2,0,0.0,0.37511467933654785,0.0
model_1,1325,1,0.4866149425506592,9,9,1,0,0.9998010993003845,0.39885735511779785,0.08775758743286133,0.180342977083416,worker2,worker2,worker2,0,0.0,0.39885735511779785,0.0
model_1,1326,1,0.3769416809082031,1,1,1,0,0.9998075366020203,0.2670755386352539,0.10986614227294922,0.2914672158521652,worker2,worker2,worker2,0,0.0,0.2670755386352539,0.0
model_1,1327,1,0.5708386898040771,3,3,1,0,0.7928239107131958,0.40798497200012207,0.16285371780395508,0.2852885074413047,worker2,worker2,worker2,0,0.0,0.40798497200012207,0.0
model_1,1328,1,0.4976320266723633,0,7,0,0,0.8267096281051636,0.38828492164611816,0.10934710502624512,0.21973486264025832,worker2,worker2,worker2,0,0.0,0.38828492164611816,0.0
model_1,1329,1,0.7349855899810791,8,5,0,1,0.8062566518783569,0.648193359375,0.0867922306060791,0.11808698264181398,worker2,worker2,worker2,0,0.0,0.648193359375,0.0
model_1,1330,1,0.4638960361480713,3,5,0,0,0.9014990329742432,0.35437607765197754,0.10951995849609375,0.2360872910350456,worker2,worker2,worker2,0,0.0,0.35437607765197754,0.0
model_1,1331,1,1.2064919471740723,5,3,0,2,0.8433195352554321,1.0575604438781738,0.14893150329589844,0.12344177153004292,worker2->worker3,worker2,worker3,0,0.0,0.835721492767334,0.22183895111083984
model_1,1332,1,0.3480813503265381,3,5,0,0,0.6506468057632446,0.26042604446411133,0.08765530586242676,0.25182419506301207,worker2,worker2,worker2,0,0.0,0.26042604446411133,0.0
model_1,1333,1,0.3982837200164795,0,0,1,0,0.9823117256164551,0.31223249435424805,0.08605122566223145,0.216055091728758,worker2,worker2,worker2,0,0.0,0.31223249435424805,0.0
model_1,1334,1,0.4165928363800049,2,2,1,0,0.9357549548149109,0.3300819396972656,0.08651089668273926,0.20766294839459584,worker2,worker2,worker2,0,0.0,0.3300819396972656,0.0
model_1,1335,1,0.7925434112548828,0,0,1,1,0.8410615921020508,0.7074553966522217,0.08508801460266113,0.10736069897790966,worker2,worker2,worker2,0,0.0,0.7074553966522217,0.0
model_1,1336,1,0.551177978515625,2,2,1,0,0.8707228899002075,0.45397233963012695,0.09720563888549805,0.1763598015060074,worker2,worker2,worker2,0,0.0,0.45397233963012695,0.0
model_1,1337,1,0.5868139266967773,4,4,1,1,0.9271823167800903,0.49943113327026367,0.08738279342651367,0.1489105650890026,worker2,worker2,worker2,0,0.0,0.49943113327026367,0.0
model_1,1338,1,0.4429922103881836,8,8,1,0,0.9845014214515686,0.354123592376709,0.08886861801147461,0.20060988867863194,worker2,worker2,worker2,0,0.0,0.354123592376709,0.0
model_1,1339,1,0.5571305751800537,0,7,0,0,0.7098550200462341,0.3925004005432129,0.16463017463684082,0.2954965711290133,worker2,worker2,worker2,0,0.0,0.3925004005432129,0.0
model_1,1340,1,0.3865172863006592,5,5,1,0,0.6157145500183105,0.28332948684692383,0.10318779945373535,0.2669681359955242,worker2,worker2,worker2,0,0.0,0.28332948684692383,0.0
model_1,1341,1,0.37261128425598145,0,0,1,0,0.9596919417381287,0.28524327278137207,0.08736801147460938,0.23447494793149673,worker2,worker2,worker2,0,0.0,0.28524327278137207,0.0
model_1,1342,1,0.40947747230529785,4,6,0,0,0.5082608461380005,0.3226203918457031,0.08685708045959473,0.2121168717062801,worker2,worker2,worker2,0,0.0,0.3226203918457031,0.0
model_1,1343,1,0.7490904331207275,0,4,0,1,0.6480711698532104,0.6591870784759521,0.08990335464477539,0.12001669046851393,worker2,worker2,worker2,0,0.0,0.6591870784759521,0.0
model_1,1344,1,0.4909224510192871,0,8,0,0,0.5612667202949524,0.3824794292449951,0.10844302177429199,0.22089644005715178,worker2,worker2,worker2,0,0.0,0.3824794292449951,0.0
model_1,1345,1,0.6179733276367188,2,2,1,1,0.847726583480835,0.535801887512207,0.08217144012451172,0.1329692341880764,worker2,worker2,worker2,0,0.0,0.535801887512207,0.0
model_1,1346,1,0.7243387699127197,5,5,1,1,0.8147944808006287,0.6372940540313721,0.08704471588134766,0.12017127827057529,worker2,worker2,worker2,0,0.0,0.6372940540313721,0.0
model_1,1347,1,0.4645266532897949,1,1,1,0,0.9369486570358276,0.36065077781677246,0.10387587547302246,0.22361661002090982,worker2,worker2,worker2,0,0.0,0.36065077781677246,0.0
model_1,1348,1,0.3951904773712158,9,9,1,0,0.949039101600647,0.3117973804473877,0.08339309692382812,0.21102000604507015,worker2,worker2,worker2,0,0.0,0.3117973804473877,0.0
model_1,1349,1,0.5727834701538086,3,3,1,0,0.9871376752853394,0.42040181159973145,0.15238165855407715,0.26603710912460227,worker2,worker2,worker2,0,0.0,0.42040181159973145,0.0
model_1,1350,1,0.4637339115142822,3,3,1,0,0.9555822014808655,0.3607151508331299,0.10301876068115234,0.22215058705703375,worker2,worker2,worker2,0,0.0,0.3607151508331299,0.0
model_1,1351,1,0.7544994354248047,0,0,1,1,0.7036670446395874,0.669792890548706,0.08470654487609863,0.11226853314794918,worker2,worker2,worker2,0,0.0,0.669792890548706,0.0
model_1,1352,1,0.4538884162902832,7,4,0,0,0.66585373878479,0.3650212287902832,0.0888671875,0.19579082503653322,worker2,worker2,worker2,0,0.0,0.3650212287902832,0.0
model_1,1353,1,0.41906094551086426,0,9,0,0,0.8640062212944031,0.3263266086578369,0.09273433685302734,0.2212908118650326,worker2,worker2,worker2,0,0.0,0.3263266086578369,0.0
model_1,1354,1,0.37500882148742676,1,1,1,0,0.7387089729309082,0.26065611839294434,0.11435270309448242,0.30493336834295354,worker2,worker2,worker2,0,0.0,0.26065611839294434,0.0
model_1,1355,1,0.44410085678100586,3,5,0,0,0.7505647540092468,0.34946775436401367,0.09463310241699219,0.21308921379464368,worker2,worker2,worker2,0,0.0,0.34946775436401367,0.0
model_1,1356,1,0.3588855266571045,3,3,1,0,0.9148386120796204,0.26818108558654785,0.09070444107055664,0.25273920047831794,worker2,worker2,worker2,0,0.0,0.26818108558654785,0.0
model_1,1357,1,1.3072049617767334,2,8,0,2,0.9248341917991638,1.158125638961792,0.1490793228149414,0.11404433671389605,worker2->worker3,worker2,worker3,0,0.0,0.9147658348083496,0.24335980415344238
model_1,1358,1,0.5196266174316406,4,4,1,1,0.9723334908485413,0.43441128730773926,0.08521533012390137,0.16399338922454612,worker2,worker2,worker2,0,0.0,0.43441128730773926,0.0
model_1,1359,1,0.9923949241638184,2,2,1,1,0.958065390586853,0.8368229866027832,0.15557193756103516,0.15676414073975484,worker2,worker2,worker2,0,0.0,0.8368229866027832,0.0
model_1,1360,1,0.6569154262542725,4,4,1,0,0.7340821623802185,0.5477406978607178,0.10917472839355469,0.16619297405766262,worker2,worker2,worker2,0,0.0,0.5477406978607178,0.0
model_1,1361,1,0.6347060203552246,6,6,1,1,0.939315915107727,0.4831247329711914,0.1515812873840332,0.23882125349811242,worker2,worker2,worker2,0,0.0,0.4831247329711914,0.0
model_1,1362,1,0.3849470615386963,7,7,1,0,0.8316494822502136,0.30219101905822754,0.08275604248046875,0.2149803200203148,worker2,worker2,worker2,0,0.0,0.30219101905822754,0.0
model_1,1363,1,0.4506058692932129,7,4,0,0,0.5316073894500732,0.34308862686157227,0.10751724243164062,0.2386059520269548,worker2,worker2,worker2,0,0.0,0.34308862686157227,0.0
model_1,1364,1,0.4797248840332031,0,0,1,0,0.9906548857688904,0.316025972366333,0.16369891166687012,0.3412349809553345,worker2,worker2,worker2,0,0.0,0.316025972366333,0.0
model_1,1365,1,0.8074488639831543,4,2,0,1,0.6845353841781616,0.7134623527526855,0.09398651123046875,0.11639933551560434,worker2,worker2,worker2,0,0.0,0.7134623527526855,0.0
model_1,1366,1,0.5903382301330566,8,0,0,0,0.7182578444480896,0.46925830841064453,0.12107992172241211,0.20510262683668962,worker2,worker2,worker2,0,0.0,0.46925830841064453,0.0
model_1,1367,1,0.3945119380950928,2,2,1,0,0.9090138673782349,0.31021618843078613,0.08429574966430664,0.21367097297823234,worker2,worker2,worker2,0,0.0,0.31021618843078613,0.0
model_1,1368,1,0.38396787643432617,1,1,1,0,0.7394910454750061,0.2976527214050293,0.08631515502929688,0.2247978550467625,worker2,worker2,worker2,0,0.0,0.2976527214050293,0.0
model_1,1369,1,1.509415626525879,2,6,0,3,0.373744934797287,1.3604698181152344,0.14894580841064453,0.09867779675334563,worker2->worker3->worker3,worker2,worker3,0,0.0,0.8678379058837891,0.4926319122314453
model_1,1370,1,0.5602421760559082,0,7,0,1,0.8966156840324402,0.4690678119659424,0.09117436408996582,0.1627409859283198,worker2,worker2,worker2,0,0.0,0.4690678119659424,0.0
model_1,1371,1,0.3696615695953369,8,8,1,0,0.9740718007087708,0.2734367847442627,0.09622478485107422,0.2603050810946079,worker2,worker2,worker2,0,0.0,0.2734367847442627,0.0
model_1,1372,1,0.7728798389434814,4,4,1,1,0.968055784702301,0.6853857040405273,0.0874941349029541,0.1132053528819663,worker2,worker2,worker2,0,0.0,0.6853857040405273,0.0
model_1,1373,1,0.46835970878601074,9,9,1,0,0.9740833640098572,0.3726670742034912,0.09569263458251953,0.2043144036248443,worker2,worker2,worker2,0,0.0,0.3726670742034912,0.0
model_1,1374,1,0.3459656238555908,9,9,1,0,0.9900425672531128,0.26232457160949707,0.08364105224609375,0.24176116492142086,worker2,worker2,worker2,0,0.0,0.26232457160949707,0.0
model_1,1375,1,0.3938729763031006,5,5,1,0,0.9944791793823242,0.3078172206878662,0.08605575561523438,0.21848606224005357,worker2,worker2,worker2,0,0.0,0.3078172206878662,0.0
model_1,1376,1,0.3581101894378662,0,0,1,0,0.9982138872146606,0.25917553901672363,0.09893465042114258,0.27626873889414477,worker2,worker2,worker2,0,0.0,0.25917553901672363,0.0
model_1,1377,1,0.5295379161834717,7,7,1,0,0.992119550704956,0.3779482841491699,0.15158963203430176,0.28626775798577514,worker2,worker2,worker2,0,0.0,0.3779482841491699,0.0
model_1,1378,1,0.4114370346069336,8,8,1,0,0.9976184964179993,0.30555129051208496,0.10588574409484863,0.2573558896952643,worker2,worker2,worker2,0,0.0,0.30555129051208496,0.0
model_1,1379,1,0.5907022953033447,4,7,0,1,0.7507610321044922,0.5050294399261475,0.08567285537719727,0.14503558909179706,worker2,worker2,worker2,0,0.0,0.5050294399261475,0.0
model_1,1380,1,0.6133050918579102,8,8,1,0,0.9972130656242371,0.4601597785949707,0.15314531326293945,0.2497049434222209,worker2,worker2,worker2,0,0.0,0.4601597785949707,0.0
model_1,1381,1,0.459108829498291,6,6,1,0,0.9716209769248962,0.3669116497039795,0.09219717979431152,0.20081770131727497,worker2,worker2,worker2,0,0.0,0.3669116497039795,0.0
model_1,1382,1,0.5792241096496582,3,3,1,1,0.9816612005233765,0.49107813835144043,0.08814597129821777,0.15217938934125613,worker2,worker2,worker2,0,0.0,0.49107813835144043,0.0
model_1,1383,1,0.36544251441955566,0,2,0,0,0.8054611682891846,0.2748286724090576,0.09061384201049805,0.24795648682097918,worker2,worker2,worker2,0,0.0,0.2748286724090576,0.0
model_1,1384,1,0.5307600498199463,5,5,1,0,0.9488286375999451,0.3684988021850586,0.1622612476348877,0.3057148850783566,worker2,worker2,worker2,0,0.0,0.3684988021850586,0.0
model_1,1385,1,0.48299622535705566,9,9,1,0,0.6848378777503967,0.3819553852081299,0.10104084014892578,0.20919592088785205,worker2,worker2,worker2,0,0.0,0.3819553852081299,0.0
model_1,1386,1,0.3525428771972656,0,0,1,0,0.8579299449920654,0.2669389247894287,0.08560395240783691,0.24281855610980663,worker2,worker2,worker2,0,0.0,0.2669389247894287,0.0
model_1,1387,1,0.468747615814209,4,4,1,0,0.9258655905723572,0.35538315773010254,0.11336445808410645,0.24184540733544585,worker2,worker2,worker2,0,0.0,0.35538315773010254,0.0
model_1,1388,1,1.1729707717895508,0,0,1,2,0.5171413421630859,1.0163400173187256,0.1566307544708252,0.13353338227845218,worker2->worker3,worker2,worker3,0,0.0,0.7692322731018066,0.24710774421691895
model_1,1389,1,0.8170187473297119,5,5,1,1,0.9367413520812988,0.7327141761779785,0.0843045711517334,0.10318560183260014,worker2,worker2,worker2,0,0.0,0.7327141761779785,0.0
model_1,1390,1,0.5605154037475586,9,9,1,0,0.7886509299278259,0.45995259284973145,0.10056281089782715,0.17941132433733792,worker2,worker2,worker2,0,0.0,0.45995259284973145,0.0
model_1,1391,1,0.606367826461792,2,2,1,1,0.9946133494377136,0.5225741863250732,0.08379364013671875,0.13818945610234928,worker2,worker2,worker2,0,0.0,0.5225741863250732,0.0
model_1,1392,1,0.33750486373901367,6,6,1,0,0.8144943118095398,0.2524547576904297,0.08505010604858398,0.25199668267403597,worker2,worker2,worker2,0,0.0,0.2524547576904297,0.0
model_1,1393,1,1.4583582878112793,0,8,0,3,0.5127577185630798,1.3151466846466064,0.14321160316467285,0.09820056179720174,worker2->worker3->worker3,worker2,worker3,0,0.0,0.8257520198822021,0.4893946647644043
model_1,1394,1,0.4203197956085205,1,1,1,0,0.8952956795692444,0.25571727752685547,0.16460251808166504,0.3916125764273385,worker2,worker2,worker2,0,0.0,0.25571727752685547,0.0
model_1,1395,1,0.6712212562561035,6,6,1,1,0.5825576782226562,0.5136919021606445,0.15752935409545898,0.2346906517444285,worker2,worker2,worker2,0,0.0,0.5136919021606445,0.0
model_1,1396,1,0.772075891494751,4,4,1,1,0.9958968162536621,0.676609992980957,0.09546589851379395,0.1236483350476991,worker2,worker2,worker2,0,0.0,0.676609992980957,0.0
model_1,1397,1,0.463242769241333,8,8,1,0,0.9591686725616455,0.37502217292785645,0.08822059631347656,0.1904413887732304,worker2,worker2,worker2,0,0.0,0.37502217292785645,0.0
model_1,1398,1,0.5751969814300537,1,1,1,1,0.9993010759353638,0.49169445037841797,0.08350253105163574,0.14517206061136118,worker2,worker2,worker2,0,0.0,0.49169445037841797,0.0
model_1,1399,1,0.4960622787475586,7,1,0,0,0.6565802097320557,0.34155750274658203,0.15450477600097656,0.31146245667190225,worker2,worker2,worker2,0,0.0,0.34155750274658203,0.0
model_1,1400,1,0.4083750247955322,3,3,1,0,0.8985724449157715,0.2905302047729492,0.11784482002258301,0.28857009578777815,worker2,worker2,worker2,0,0.0,0.2905302047729492,0.0
model_1,1401,1,0.4480774402618408,9,9,1,0,0.9868125319480896,0.29133033752441406,0.15674710273742676,0.34982145641126056,worker2,worker2,worker2,0,0.0,0.29133033752441406,0.0
model_1,1402,1,0.3920469284057617,9,9,1,0,0.7878772020339966,0.29198360443115234,0.10006332397460938,0.2552330262642578,worker2,worker2,worker2,0,0.0,0.29198360443115234,0.0
model_1,1403,1,0.3546590805053711,3,3,1,0,0.9374461770057678,0.264833927154541,0.08982515335083008,0.25327182719481994,worker2,worker2,worker2,0,0.0,0.264833927154541,0.0
model_1,1404,1,0.39383578300476074,8,8,1,0,0.9047440886497498,0.3090245723724365,0.08481121063232422,0.21534663504991625,worker2,worker2,worker2,0,0.0,0.3090245723724365,0.0
model_1,1405,1,0.8273663520812988,4,2,0,1,0.755770206451416,0.7397022247314453,0.08766412734985352,0.10595563516612462,worker2,worker2,worker2,0,0.0,0.7397022247314453,0.0
model_1,1406,1,0.5218794345855713,8,8,1,0,0.9513534903526306,0.4234471321105957,0.09843230247497559,0.18861119245509544,worker2,worker2,worker2,0,0.0,0.4234471321105957,0.0
model_1,1407,1,0.5810115337371826,4,4,1,1,0.9977586269378662,0.4989638328552246,0.08204770088195801,0.14121527046840318,worker2,worker2,worker2,0,0.0,0.4989638328552246,0.0
model_1,1408,1,0.49395012855529785,9,1,0,0,0.508845865726471,0.3964869976043701,0.09746313095092773,0.19731370702541828,worker2,worker2,worker2,0,0.0,0.3964869976043701,0.0
model_1,1409,1,0.39601969718933105,4,4,1,0,0.99234539270401,0.29253602027893066,0.10348367691040039,0.26130941881137393,worker2,worker2,worker2,0,0.0,0.29253602027893066,0.0
model_1,1410,1,0.6224207878112793,5,5,1,1,0.9040613174438477,0.5364553928375244,0.08596539497375488,0.13811459491263,worker2,worker2,worker2,0,0.0,0.5364553928375244,0.0
model_1,1411,1,0.9988832473754883,0,0,1,1,0.9605777263641357,0.8395447731018066,0.15933847427368164,0.15951661487199317,worker2,worker2,worker2,0,0.0,0.8395447731018066,0.0
model_1,1412,1,0.6646676063537598,5,5,1,0,0.9605814814567566,0.5662596225738525,0.09840798377990723,0.1480559347848389,worker2,worker2,worker2,0,0.0,0.5662596225738525,0.0
model_1,1413,1,0.4343249797821045,6,6,1,0,0.9576579928398132,0.2999427318572998,0.1343822479248047,0.3094048332016791,worker2,worker2,worker2,0,0.0,0.2999427318572998,0.0
model_1,1414,1,0.4839305877685547,0,0,1,0,0.9760280847549438,0.39798617362976074,0.08594441413879395,0.1775965733744812,worker2,worker2,worker2,0,0.0,0.39798617362976074,0.0
model_1,1415,1,0.34291529655456543,1,1,1,0,0.8811478018760681,0.2599778175354004,0.08293747901916504,0.24185995740778465,worker2,worker2,worker2,0,0.0,0.2599778175354004,0.0
model_1,1416,1,0.5897538661956787,6,6,1,1,0.9586667418479919,0.5065417289733887,0.08321213722229004,0.1410963827317759,worker2,worker2,worker2,0,0.0,0.5065417289733887,0.0
model_1,1417,1,0.467559814453125,9,9,1,0,0.8516731858253479,0.3123641014099121,0.1551957130432129,0.3319269711507082,worker2,worker2,worker2,0,0.0,0.3123641014099121,0.0
model_1,1418,1,0.7133674621582031,0,2,0,1,0.8908005952835083,0.6250050067901611,0.08836245536804199,0.12386667468784257,worker2,worker2,worker2,0,0.0,0.6250050067901611,0.0
model_1,1419,1,0.48316383361816406,6,2,0,0,0.9901615381240845,0.3789989948272705,0.10416483879089355,0.2155890642949348,worker2,worker2,worker2,0,0.0,0.3789989948272705,0.0
model_1,1420,1,0.39438462257385254,9,8,0,0,0.8753928542137146,0.31278061866760254,0.08160400390625,0.20691477110258988,worker2,worker2,worker2,0,0.0,0.31278061866760254,0.0
model_1,1421,1,1.2135732173919678,2,2,1,2,0.9116538166999817,1.065901279449463,0.14767193794250488,0.12168358350875573,worker2->worker3,worker2,worker3,0,0.0,0.8147354125976562,0.25116586685180664
model_1,1422,1,0.4279289245605469,3,3,1,0,0.9638646841049194,0.30307555198669434,0.12485337257385254,0.29176193850899007,worker2,worker2,worker2,0,0.0,0.30307555198669434,0.0
model_1,1423,1,0.35307860374450684,8,8,1,0,0.9998427629470825,0.2579069137573242,0.09517168998718262,0.2695481656998121,worker2,worker2,worker2,0,0.0,0.2579069137573242,0.0
model_1,1424,1,0.4755556583404541,3,3,1,0,0.7979799509048462,0.3184378147125244,0.1571178436279297,0.33038791752835744,worker2,worker2,worker2,0,0.0,0.3184378147125244,0.0
model_1,1425,1,0.4266018867492676,8,8,1,0,0.9885701537132263,0.3325059413909912,0.09409594535827637,0.2205708607509761,worker2,worker2,worker2,0,0.0,0.3325059413909912,0.0
model_1,1426,1,0.5531084537506104,5,3,0,0,0.6048800945281982,0.40279388427734375,0.1503145694732666,0.2717632834103121,worker2,worker2,worker2,0,0.0,0.40279388427734375,0.0
model_1,1427,1,0.4606814384460449,4,5,0,0,0.9175328016281128,0.3543238639831543,0.10635757446289062,0.23087011020381548,worker2,worker2,worker2,0,0.0,0.3543238639831543,0.0
model_1,1428,1,0.4098803997039795,9,9,1,0,0.8933786153793335,0.25941991806030273,0.15046048164367676,0.3670838658114443,worker2,worker2,worker2,0,0.0,0.25941991806030273,0.0
model_1,1429,1,1.2493464946746826,7,5,0,2,0.7964486479759216,1.1018743515014648,0.14747214317321777,0.11803942605339286,worker2->worker3,worker2,worker3,0,0.0,0.8846747875213623,0.21719956398010254
model_1,1430,1,0.6707584857940674,6,6,1,1,0.9311158657073975,0.5138378143310547,0.1569206714630127,0.2339451155466852,worker2,worker2,worker2,0,0.0,0.5138378143310547,0.0
model_1,1431,1,0.7561185359954834,9,0,0,1,0.910302996635437,0.6571600437164307,0.09895849227905273,0.13087695588465756,worker2,worker2,worker2,0,0.0,0.6571600437164307,0.0
model_1,1432,1,0.48594021797180176,0,0,1,0,0.7274548411369324,0.39659905433654785,0.0893411636352539,0.18385217014583102,worker2,worker2,worker2,0,0.0,0.39659905433654785,0.0
model_1,1433,1,1.17629075050354,3,0,0,2,0.6370838284492493,1.0293080806732178,0.14698266983032227,0.1249543701396978,worker2->worker3,worker2,worker3,0,0.0,0.7782866954803467,0.2510213851928711
model_1,1434,1,0.6071212291717529,3,3,1,1,0.6968875527381897,0.5246372222900391,0.08248400688171387,0.13586085104327553,worker2,worker2,worker2,0,0.0,0.5246372222900391,0.0
model_1,1435,1,0.3899116516113281,5,5,1,0,0.9981263279914856,0.29872894287109375,0.09118270874023438,0.23385479342158041,worker2,worker2,worker2,0,0.0,0.29872894287109375,0.0
model_1,1436,1,0.7333965301513672,7,7,1,1,0.861525297164917,0.6495299339294434,0.08386659622192383,0.1143536855902692,worker2,worker2,worker2,0,0.0,0.6495299339294434,0.0
model_1,1437,1,0.4708878993988037,7,7,1,0,0.9010404348373413,0.3717515468597412,0.0991363525390625,0.21053068610519143,worker2,worker2,worker2,0,0.0,0.3717515468597412,0.0
model_1,1438,1,0.6292169094085693,6,6,1,1,0.9748654365539551,0.544952392578125,0.08426451683044434,0.1339196635857236,worker2,worker2,worker2,0,0.0,0.544952392578125,0.0
model_1,1439,1,0.8494315147399902,3,4,0,1,0.7884922027587891,0.7652482986450195,0.0841832160949707,0.09910536003687015,worker2,worker2,worker2,0,0.0,0.7652482986450195,0.0
model_1,1440,1,0.5661871433258057,3,3,1,0,0.9219467043876648,0.46599888801574707,0.1001882553100586,0.17695254385599224,worker2,worker2,worker2,0,0.0,0.46599888801574707,0.0
model_1,1441,1,0.3455941677093506,3,4,0,0,0.5522475242614746,0.2624390125274658,0.08315515518188477,0.24061504201025577,worker2,worker2,worker2,0,0.0,0.2624390125274658,0.0
model_1,1442,1,0.6042585372924805,6,6,1,1,0.9348567724227905,0.520463228225708,0.08379530906677246,0.1386745968741073,worker2,worker2,worker2,0,0.0,0.520463228225708,0.0
model_1,1443,1,0.4831092357635498,3,3,1,0,0.9548478722572327,0.3716864585876465,0.11142277717590332,0.23063681860645993,worker2,worker2,worker2,0,0.0,0.3716864585876465,0.0
model_1,1444,1,0.36649179458618164,8,8,1,0,0.8579279780387878,0.26583218574523926,0.10065960884094238,0.27465719649903914,worker2,worker2,worker2,0,0.0,0.26583218574523926,0.0
model_1,1445,1,1.4406988620758057,0,0,1,3,0.7398521304130554,1.2909808158874512,0.1497180461883545,0.10392043065310393,worker2->worker3->worker3,worker2,worker3,0,0.0,0.82781982421875,0.46316099166870117
model_1,1446,1,0.41382765769958496,3,3,1,0,0.9102815985679626,0.2621598243713379,0.15166783332824707,0.36649999222224333,worker2,worker2,worker2,0,0.0,0.2621598243713379,0.0
model_1,1447,1,0.7371799945831299,0,0,1,1,0.991105854511261,0.6473336219787598,0.08984637260437012,0.12187847373039147,worker2,worker2,worker2,0,0.0,0.6473336219787598,0.0
model_1,1448,1,0.508357048034668,4,4,1,0,0.9958904981613159,0.38851451873779297,0.119842529296875,0.23574479740212476,worker2,worker2,worker2,0,0.0,0.38851451873779297,0.0
model_1,1449,1,0.6200790405273438,5,5,1,1,0.9572684168815613,0.533822774887085,0.08625626564025879,0.1391052752999077,worker2,worker2,worker2,0,0.0,0.533822774887085,0.0
model_1,1450,1,0.5295031070709229,4,4,1,0,0.9602352976799011,0.37445545196533203,0.15504765510559082,0.29281727157990667,worker2,worker2,worker2,0,0.0,0.37445545196533203,0.0
model_1,1451,1,0.4137406349182129,8,8,1,0,0.9877324104309082,0.2915172576904297,0.1222233772277832,0.2954106193894733,worker2,worker2,worker2,0,0.0,0.2915172576904297,0.0
model_1,1452,1,0.5873079299926758,1,1,1,1,0.9920920133590698,0.5031611919403076,0.08414673805236816,0.14327533097231898,worker2,worker2,worker2,0,0.0,0.5031611919403076,0.0
model_1,1453,1,0.4520902633666992,0,0,1,0,0.9282006621360779,0.29981470108032227,0.15227556228637695,0.33682557361971605,worker2,worker2,worker2,0,0.0,0.29981470108032227,0.0
model_1,1454,1,0.37636494636535645,9,9,1,0,0.9943331480026245,0.27103400230407715,0.1053309440612793,0.27986385309919176,worker2,worker2,worker2,0,0.0,0.27103400230407715,0.0
model_1,1455,1,0.4799692630767822,1,1,1,0,0.6670799255371094,0.3260319232940674,0.15393733978271484,0.3207233288146808,worker2,worker2,worker2,0,0.0,0.3260319232940674,0.0
model_1,1456,1,0.48931026458740234,3,3,1,0,0.9373408555984497,0.38252925872802734,0.106781005859375,0.21822760237702185,worker2,worker2,worker2,0,0.0,0.38252925872802734,0.0
model_1,1457,1,0.36191892623901367,8,8,1,0,0.701592206954956,0.2644381523132324,0.09748077392578125,0.26934422838501765,worker2,worker2,worker2,0,0.0,0.2644381523132324,0.0
model_1,1458,1,1.4506185054779053,4,4,1,3,0.37212952971458435,1.2962989807128906,0.15431952476501465,0.10638188068211234,worker2->worker3->worker3,worker2,worker3,0,0.0,0.8489170074462891,0.44738197326660156
model_1,1459,1,1.0869097709655762,0,8,0,2,0.7577294707298279,0.9457616806030273,0.14114809036254883,0.12986182858321105,worker2->worker3,worker2,worker3,0,0.0,0.7305448055267334,0.21521687507629395
model_1,1460,1,0.4590330123901367,3,3,1,0,0.8793078064918518,0.2993752956390381,0.15965771675109863,0.3478131472936503,worker2,worker2,worker2,0,0.0,0.2993752956390381,0.0
model_1,1461,1,0.39304447174072266,7,7,1,0,0.9747447967529297,0.29410457611083984,0.09893989562988281,0.2517269742828234,worker2,worker2,worker2,0,0.0,0.29410457611083984,0.0
model_1,1462,1,1.3518998622894287,6,6,1,3,0.5902990102767944,1.205470323562622,0.14642953872680664,0.10831389425458607,worker2->worker3->worker3,worker2,worker3,0,0.0,0.7466211318969727,0.4588491916656494
model_1,1463,1,0.36832332611083984,4,3,0,0,0.9868161082267761,0.2699406147003174,0.09838271141052246,0.2671096410030682,worker2,worker2,worker2,0,0.0,0.2699406147003174,0.0
model_1,1464,1,1.184509515762329,1,1,1,2,0.9916302561759949,1.0434889793395996,0.1410205364227295,0.11905394979623377,worker2->worker3,worker2,worker3,0,0.0,0.7785170078277588,0.2649719715118408
model_1,1465,1,0.34469032287597656,4,4,1,0,0.9390154480934143,0.2606959342956543,0.08399438858032227,0.24368072732504412,worker2,worker2,worker2,0,0.0,0.2606959342956543,0.0
model_1,1466,1,0.6051657199859619,2,2,1,1,0.7419344782829285,0.5135908126831055,0.09157490730285645,0.15132203341752523,worker2,worker2,worker2,0,0.0,0.5135908126831055,0.0
model_1,1467,1,0.4174003601074219,4,6,0,0,0.9113160967826843,0.3135499954223633,0.1038503646850586,0.24880276734387996,worker2,worker2,worker2,0,0.0,0.3135499954223633,0.0
model_1,1468,1,0.43114614486694336,6,6,1,0,0.9486963152885437,0.33184242248535156,0.0993037223815918,0.23032496883913472,worker2,worker2,worker2,0,0.0,0.33184242248535156,0.0
model_1,1469,1,0.4517478942871094,9,9,1,0,0.9951750040054321,0.29816150665283203,0.15358638763427734,0.33998252028744413,worker2,worker2,worker2,0,0.0,0.29816150665283203,0.0
model_1,1470,1,0.3580741882324219,3,3,1,0,0.9920796751976013,0.2661621570587158,0.09191203117370605,0.256684324629529,worker2,worker2,worker2,0,0.0,0.2661621570587158,0.0
model_1,1471,1,0.4052901268005371,7,7,1,0,0.92798912525177,0.31963300704956055,0.08565711975097656,0.21134765958197788,worker2,worker2,worker2,0,0.0,0.31963300704956055,0.0
model_1,1472,1,0.4035618305206299,2,2,1,0,0.8459604382514954,0.3155355453491211,0.08802628517150879,0.21812341632494633,worker2,worker2,worker2,0,0.0,0.3155355453491211,0.0
model_1,1473,1,0.405242919921875,9,9,1,0,0.9995161294937134,0.31706976890563965,0.08817315101623535,0.21758097842458016,worker2,worker2,worker2,0,0.0,0.31706976890563965,0.0
model_1,1474,1,0.5615930557250977,4,4,1,0,0.8944093585014343,0.40086865425109863,0.16072440147399902,0.2861937123963911,worker2,worker2,worker2,0,0.0,0.40086865425109863,0.0
model_1,1475,1,0.4964015483856201,8,8,1,0,0.9883121848106384,0.3923768997192383,0.10402464866638184,0.2095574621084225,worker2,worker2,worker2,0,0.0,0.3923768997192383,0.0
model_1,1476,1,0.567359209060669,9,9,1,1,0.9993718266487122,0.4836313724517822,0.08372783660888672,0.14757464983693164,worker2,worker2,worker2,0,0.0,0.4836313724517822,0.0
model_1,1477,1,0.5601167678833008,0,0,1,1,0.9949107766151428,0.4722459316253662,0.08787083625793457,0.1568794960200911,worker2,worker2,worker2,0,0.0,0.4722459316253662,0.0
model_1,1478,1,1.1759920120239258,8,8,1,2,0.7836071252822876,1.017287254333496,0.1587047576904297,0.134953941921164,worker2->worker3,worker2,worker3,0,0.0,0.7681279182434082,0.2491593360900879
model_1,1479,1,0.40488314628601074,4,4,1,0,0.8810017704963684,0.31914567947387695,0.08573746681213379,0.21175854712304712,worker2,worker2,worker2,0,0.0,0.31914567947387695,0.0
model_1,1480,1,0.613933801651001,4,4,1,1,0.9982795715332031,0.5300772190093994,0.08385658264160156,0.1365889651556781,worker2,worker2,worker2,0,0.0,0.5300772190093994,0.0
model_1,1481,1,0.3861818313598633,7,7,1,0,0.9145690202713013,0.2980501651763916,0.08813166618347168,0.2282128754559306,worker2,worker2,worker2,0,0.0,0.2980501651763916,0.0
model_1,1482,1,0.4239842891693115,9,9,1,0,0.9632481336593628,0.29962873458862305,0.12435555458068848,0.29330227029008854,worker2,worker2,worker2,0,0.0,0.29962873458862305,0.0
model_1,1483,1,0.6979477405548096,4,3,0,1,0.9067680239677429,0.6125738620758057,0.0853738784790039,0.12232130504661978,worker2,worker2,worker2,0,0.0,0.6125738620758057,0.0
model_1,1484,1,0.5507607460021973,4,4,1,0,0.8711128830909729,0.44330573081970215,0.10745501518249512,0.19510289352042243,worker2,worker2,worker2,0,0.0,0.44330573081970215,0.0
model_1,1485,1,0.4848504066467285,6,4,0,0,0.501530647277832,0.33222007751464844,0.15263032913208008,0.31479880606409294,worker2,worker2,worker2,0,0.0,0.33222007751464844,0.0
model_1,1486,1,0.4744887351989746,1,1,1,0,0.9742246270179749,0.3604092597961426,0.11407947540283203,0.2404260985352863,worker2,worker2,worker2,0,0.0,0.3604092597961426,0.0
model_1,1487,1,0.5306370258331299,3,3,1,0,0.8464149832725525,0.36812853813171387,0.16250848770141602,0.3062516933232629,worker2,worker2,worker2,0,0.0,0.36812853813171387,0.0
model_1,1488,1,0.4409787654876709,0,0,1,0,0.9596962332725525,0.34249424934387207,0.09848451614379883,0.22333165188778756,worker2,worker2,worker2,0,0.0,0.34249424934387207,0.0
model_1,1489,1,0.5323982238769531,4,4,1,1,0.9918091893196106,0.44663572311401367,0.08576250076293945,0.16108712786156987,worker2,worker2,worker2,0,0.0,0.44663572311401367,0.0
model_1,1490,1,0.8614721298217773,5,5,1,1,0.8297090530395508,0.773857593536377,0.08761453628540039,0.10170327425859525,worker2,worker2,worker2,0,0.0,0.773857593536377,0.0
model_1,1491,1,0.539959192276001,4,4,1,0,0.9764378666877747,0.4394855499267578,0.10047364234924316,0.18607636241126516,worker2,worker2,worker2,0,0.0,0.4394855499267578,0.0
model_1,1492,1,0.6287758350372314,6,6,1,1,0.970943033695221,0.5417485237121582,0.08702731132507324,0.13840753170789416,worker2,worker2,worker2,0,0.0,0.5417485237121582,0.0
model_1,1493,1,0.3407926559448242,0,2,0,0,0.6409749984741211,0.25724077224731445,0.08355188369750977,0.24516926125026933,worker2,worker2,worker2,0,0.0,0.25724077224731445,0.0
model_1,1494,1,0.45492124557495117,5,5,1,0,0.9260388612747192,0.3043506145477295,0.15057063102722168,0.33098175231830146,worker2,worker2,worker2,0,0.0,0.3043506145477295,0.0
model_1,1495,1,0.7713825702667236,2,2,1,1,0.7897786498069763,0.686410665512085,0.08497190475463867,0.11015533411035933,worker2,worker2,worker2,0,0.0,0.686410665512085,0.0
model_1,1496,1,0.560077428817749,5,5,1,0,0.825029730796814,0.4608325958251953,0.09924483299255371,0.17719841558701394,worker2,worker2,worker2,0,0.0,0.4608325958251953,0.0
model_1,1497,1,0.37027955055236816,8,8,1,0,0.6806535720825195,0.28500962257385254,0.08526992797851562,0.23028527460215767,worker2,worker2,worker2,0,0.0,0.28500962257385254,0.0
model_1,1498,1,0.3390018939971924,9,9,1,0,0.6765958666801453,0.25285911560058594,0.08614277839660645,0.2541070711460977,worker2,worker2,worker2,0,0.0,0.25285911560058594,0.0
model_1,1499,1,0.4659690856933594,3,6,0,0,0.6956905722618103,0.30236363410949707,0.1636054515838623,0.35110795245229265,worker2,worker2,worker2,0,0.0,0.30236363410949707,0.0
model_1,1500,1,0.40208864212036133,3,5,0,0,0.9598641395568848,0.30466270446777344,0.09742593765258789,0.24229965098945616,worker2,worker2,worker2,0,0.0,0.30466270446777344,0.0
model_1,1501,1,0.6814656257629395,6,6,1,1,0.7819671630859375,0.5932528972625732,0.08821272850036621,0.1294456024859758,worker2,worker2,worker2,0,0.0,0.5932528972625732,0.0
model_1,1502,1,0.3970170021057129,3,3,1,0,0.8221091628074646,0.3072493076324463,0.0897676944732666,0.22610541613370086,worker2,worker2,worker2,0,0.0,0.3072493076324463,0.0
model_1,1503,1,1.49415922164917,3,3,1,3,0.4474084675312042,1.3395893573760986,0.1545698642730713,0.10344939283141837,worker2->worker3->worker3,worker2,worker3,0,0.0,0.746323823928833,0.5932655334472656
model_1,1504,1,0.5157616138458252,4,4,1,1,0.9837987422943115,0.43264269828796387,0.08311891555786133,0.16115762268168288,worker2,worker2,worker2,0,0.0,0.43264269828796387,0.0
model_1,1505,1,0.3904104232788086,7,7,1,0,0.8858051300048828,0.29903578758239746,0.09137463569641113,0.23404763358778627,worker2,worker2,worker2,0,0.0,0.29903578758239746,0.0
model_1,1506,1,0.39021801948547363,4,7,0,0,0.7506201267242432,0.2532162666320801,0.13700175285339355,0.3510902777735348,worker2,worker2,worker2,0,0.0,0.2532162666320801,0.0
model_1,1507,1,1.386847734451294,6,6,1,3,0.6331864595413208,1.2321648597717285,0.15468287467956543,0.11153558594575322,worker2->worker3->worker3,worker2,worker3,0,0.0,0.8080291748046875,0.424135684967041
model_1,1508,1,0.39743685722351074,4,4,1,0,0.9951469302177429,0.24583673477172852,0.15160012245178223,0.381444548225494,worker2,worker2,worker2,0,0.0,0.24583673477172852,0.0
model_1,1509,1,0.5515029430389404,6,6,1,1,0.8111456632614136,0.46648359298706055,0.08501935005187988,0.15415937688999215,worker2,worker2,worker2,0,0.0,0.46648359298706055,0.0
model_1,1510,1,0.916895866394043,6,6,1,1,0.9942955374717712,0.7646677494049072,0.15222811698913574,0.16602552434641968,worker2,worker2,worker2,0,0.0,0.7646677494049072,0.0
model_1,1511,1,0.5649397373199463,9,8,0,0,0.9676007628440857,0.4703667163848877,0.0945730209350586,0.16740373297815725,worker2,worker2,worker2,0,0.0,0.4703667163848877,0.0
model_1,1512,1,0.39135074615478516,3,2,0,0,0.7946435213088989,0.3066520690917969,0.08469867706298828,0.2164265122660292,worker2,worker2,worker2,0,0.0,0.3066520690917969,0.0
model_1,1513,1,0.5904300212860107,7,7,1,1,0.8611875772476196,0.4832944869995117,0.10713553428649902,0.1814533990889352,worker2,worker2,worker2,0,0.0,0.4832944869995117,0.0
model_1,1514,1,0.6240057945251465,4,7,0,1,0.7183252573013306,0.5241751670837402,0.09983062744140625,0.15998349425164388,worker2,worker2,worker2,0,0.0,0.5241751670837402,0.0
model_1,1515,1,0.5017666816711426,5,5,1,0,0.9982000589370728,0.4130837917327881,0.08868288993835449,0.17674128868619693,worker2,worker2,worker2,0,0.0,0.4130837917327881,0.0
model_1,1516,1,0.4229133129119873,8,8,1,0,0.9882060885429382,0.3230142593383789,0.0998990535736084,0.23621638412314166,worker2,worker2,worker2,0,0.0,0.3230142593383789,0.0
model_1,1517,1,0.43130922317504883,9,1,0,0,0.8855174779891968,0.27787280082702637,0.15343642234802246,0.35574574830214,worker2,worker2,worker2,0,0.0,0.27787280082702637,0.0
model_1,1518,1,0.48609161376953125,9,1,0,0,0.983329176902771,0.33221864700317383,0.15387296676635742,0.3165513709917913,worker2,worker2,worker2,0,0.0,0.33221864700317383,0.0
model_1,1519,1,0.39325952529907227,6,6,1,0,0.8735198974609375,0.2826807498931885,0.11057877540588379,0.2811852435660372,worker2,worker2,worker2,0,0.0,0.2826807498931885,0.0
model_1,1520,1,1.1658868789672852,0,0,1,2,0.7523645162582397,1.0125210285186768,0.1533658504486084,0.13154436610904843,worker2->worker3,worker2,worker3,0,0.0,0.7766103744506836,0.23591065406799316
model_1,1521,1,0.35274624824523926,9,9,1,0,0.981691837310791,0.26636481285095215,0.08638143539428711,0.24488264814720942,worker2,worker2,worker2,0,0.0,0.26636481285095215,0.0
model_1,1522,1,0.3876948356628418,8,3,0,0,0.9723672270774841,0.3035914897918701,0.08410334587097168,0.21693181888064153,worker2,worker2,worker2,0,0.0,0.3035914897918701,0.0
model_1,1523,1,1.4585816860198975,3,3,1,3,0.5955067276954651,1.304992437362671,0.15358924865722656,0.10530040938353818,worker2->worker3->worker3,worker2,worker3,0,0.0,0.8516733646392822,0.45331907272338867
model_1,1524,1,0.547565221786499,2,2,1,1,0.9639262557029724,0.4614744186401367,0.0860908031463623,0.15722474642469156,worker2,worker2,worker2,0,0.0,0.4614744186401367,0.0
model_1,1525,1,0.3986990451812744,8,8,1,0,0.7829909324645996,0.305344820022583,0.0933542251586914,0.23414709989146457,worker2,worker2,worker2,0,0.0,0.305344820022583,0.0
model_1,1526,1,0.5189130306243896,4,4,1,1,0.9294971823692322,0.43373847007751465,0.085174560546875,0.16414033859274543,worker2,worker2,worker2,0,0.0,0.43373847007751465,0.0
model_1,1527,1,0.6976888179779053,5,5,1,1,0.9910962581634521,0.6092789173126221,0.0884099006652832,0.12671824226955433,worker2,worker2,worker2,0,0.0,0.6092789173126221,0.0
model_1,1528,1,0.4611325263977051,9,9,1,0,0.7795588970184326,0.35053110122680664,0.11060142517089844,0.23984737323757968,worker2,worker2,worker2,0,0.0,0.35053110122680664,0.0
model_1,1529,1,0.6183285713195801,2,2,1,1,0.8970164656639099,0.5316054821014404,0.08672308921813965,0.14025405462513757,worker2,worker2,worker2,0,0.0,0.5316054821014404,0.0
model_1,1530,1,0.5304431915283203,8,8,1,0,0.9979872703552246,0.3589491844177246,0.1714940071105957,0.3233032487729455,worker2,worker2,worker2,0,0.0,0.3589491844177246,0.0
model_1,1531,1,0.4500148296356201,9,9,1,0,0.9436226487159729,0.3411900997161865,0.1088247299194336,0.24182476388066962,worker2,worker2,worker2,0,0.0,0.3411900997161865,0.0
model_1,1532,1,0.48283815383911133,1,1,1,0,0.9301149249076843,0.33199357986450195,0.15084457397460938,0.31241229131381565,worker2,worker2,worker2,0,0.0,0.33199357986450195,0.0
model_1,1533,1,0.4860365390777588,2,2,1,0,0.800162672996521,0.3787045478820801,0.10733199119567871,0.22083111570035097,worker2,worker2,worker2,0,0.0,0.3787045478820801,0.0
model_1,1534,1,0.34929490089416504,7,7,1,0,0.9041650295257568,0.2584102153778076,0.09088468551635742,0.2601947102110578,worker2,worker2,worker2,0,0.0,0.2584102153778076,0.0
model_1,1535,1,0.4599742889404297,0,0,1,0,0.953930675983429,0.30795979499816895,0.15201449394226074,0.33048476316455117,worker2,worker2,worker2,0,0.0,0.30795979499816895,0.0
model_1,1536,1,0.672459602355957,6,6,1,1,0.8830375075340271,0.5850193500518799,0.08744025230407715,0.13003049104768657,worker2,worker2,worker2,0,0.0,0.5850193500518799,0.0
model_1,1537,1,0.9212872982025146,2,2,1,1,0.9881794452667236,0.8091866970062256,0.11210060119628906,0.12167822286815838,worker2,worker2,worker2,0,0.0,0.8091866970062256,0.0
model_1,1538,1,0.5856800079345703,1,1,1,0,0.9994903802871704,0.48119544982910156,0.10448455810546875,0.1783987103707684,worker2,worker2,worker2,0,0.0,0.48119544982910156,0.0
model_1,1539,1,0.3844773769378662,9,9,1,0,0.8359873294830322,0.30167222023010254,0.08280515670776367,0.21537068674172075,worker2,worker2,worker2,0,0.0,0.30167222023010254,0.0
model_1,1540,1,0.3418292999267578,2,2,1,0,0.8361095786094666,0.2591683864593506,0.08266091346740723,0.2418192749571748,worker2,worker2,worker2,0,0.0,0.2591683864593506,0.0
model_1,1541,1,0.4211575984954834,1,1,1,0,0.6738256216049194,0.3372054100036621,0.08395218849182129,0.19933675372764673,worker2,worker2,worker2,0,0.0,0.3372054100036621,0.0
model_1,1542,1,0.681304931640625,1,1,1,1,0.9734004139900208,0.5946862697601318,0.08661866188049316,0.12713640817469204,worker2,worker2,worker2,0,0.0,0.5946862697601318,0.0
model_1,1543,1,0.5292201042175293,7,7,1,0,0.9493915438652039,0.42841172218322754,0.10080838203430176,0.1904847930585527,worker2,worker2,worker2,0,0.0,0.42841172218322754,0.0
model_1,1544,1,0.41254639625549316,8,8,1,0,0.9975862503051758,0.2567117214202881,0.15583467483520508,0.3777385434696549,worker2,worker2,worker2,0,0.0,0.2567117214202881,0.0
model_1,1545,1,1.4296691417694092,1,1,1,3,0.6098158955574036,1.2693657875061035,0.16030335426330566,0.11212619030505797,worker2->worker3->worker3,worker2,worker3,0,0.0,0.8463215827941895,0.42304420471191406
model_1,1546,1,0.7900533676147461,9,9,1,1,0.8232402205467224,0.7002084255218506,0.08984494209289551,0.113720092560515,worker2,worker2,worker2,0,0.0,0.7002084255218506,0.0
model_1,1547,1,0.5603997707366943,8,8,1,0,0.9988381266593933,0.44472241401672363,0.1156773567199707,0.2064193505431002,worker2,worker2,worker2,0,0.0,0.44472241401672363,0.0
model_1,1548,1,1.1336824893951416,2,7,0,2,0.7041317820549011,0.9891717433929443,0.14451074600219727,0.1274702108870877,worker2->worker3,worker2,worker3,0,0.0,0.7678725719451904,0.2212991714477539
model_1,1549,1,0.3341786861419678,5,5,1,0,0.8432302474975586,0.2509627342224121,0.08321595191955566,0.24901633578211918,worker2,worker2,worker2,0,0.0,0.2509627342224121,0.0
model_1,1550,1,0.3377041816711426,1,1,1,0,0.5825769901275635,0.2526707649230957,0.08503341674804688,0.25179853067633223,worker2,worker2,worker2,0,0.0,0.2526707649230957,0.0
model_1,1551,1,0.3585841655731201,6,6,1,0,0.8819801807403564,0.25192880630493164,0.10665535926818848,0.29743465971990896,worker2,worker2,worker2,0,0.0,0.25192880630493164,0.0
model_1,1552,1,0.6427993774414062,5,5,1,1,0.9989262223243713,0.5573878288269043,0.08541154861450195,0.13287434868788056,worker2,worker2,worker2,0,0.0,0.5573878288269043,0.0
model_1,1553,1,0.9329395294189453,9,9,1,1,0.9986901879310608,0.7707068920135498,0.1622326374053955,0.17389405453367107,worker2,worker2,worker2,0,0.0,0.7707068920135498,0.0
model_1,1554,1,0.6495301723480225,4,7,0,0,0.761091411113739,0.5498731136322021,0.09965705871582031,0.15342945248496234,worker2,worker2,worker2,0,0.0,0.5498731136322021,0.0
model_1,1555,1,0.382718563079834,6,6,1,0,0.8582701683044434,0.3012397289276123,0.08147883415222168,0.21289491028744648,worker2,worker2,worker2,0,0.0,0.3012397289276123,0.0
model_1,1556,1,0.3363656997680664,8,8,1,0,0.8872750401496887,0.2543158531188965,0.08204984664916992,0.2439304801462979,worker2,worker2,worker2,0,0.0,0.2543158531188965,0.0
model_1,1557,1,0.40235090255737305,7,7,1,0,0.7392169833183289,0.3157219886779785,0.08662891387939453,0.21530687101426776,worker2,worker2,worker2,0,0.0,0.3157219886779785,0.0
model_1,1558,1,0.38655972480773926,3,3,1,0,0.7947140336036682,0.30281734466552734,0.08374238014221191,0.21663503662690758,worker2,worker2,worker2,0,0.0,0.30281734466552734,0.0
model_1,1559,1,0.5492053031921387,9,9,1,0,0.9711151123046875,0.3848562240600586,0.16434907913208008,0.29924889322232706,worker2,worker2,worker2,0,0.0,0.3848562240600586,0.0
model_1,1560,1,0.4354076385498047,5,5,1,0,0.9746940732002258,0.3347597122192383,0.1006479263305664,0.23115792517051503,worker2,worker2,worker2,0,0.0,0.3347597122192383,0.0
model_1,1561,1,0.5192220211029053,4,2,0,1,0.8221496939659119,0.43564391136169434,0.08357810974121094,0.16096796041831685,worker2,worker2,worker2,0,0.0,0.43564391136169434,0.0
model_1,1562,1,1.4733948707580566,2,2,1,3,0.696397602558136,1.3266017436981201,0.14679312705993652,0.0996291828981405,worker2->worker3->worker3,worker2,worker3,0,0.0,0.8750321865081787,0.4515695571899414
model_1,1563,1,0.33560991287231445,4,4,1,0,0.88558429479599,0.25139832496643066,0.08421158790588379,0.25092103861045006,worker2,worker2,worker2,0,0.0,0.25139832496643066,0.0
model_1,1564,1,0.38840413093566895,6,6,1,0,0.8064693808555603,0.29953646659851074,0.0888676643371582,0.2288020575967491,worker2,worker2,worker2,0,0.0,0.29953646659851074,0.0
model_1,1565,1,0.4047682285308838,3,3,1,0,0.7532058358192444,0.3060927391052246,0.09867548942565918,0.24378269456524365,worker2,worker2,worker2,0,0.0,0.3060927391052246,0.0
model_1,1566,1,0.8132059574127197,7,7,1,1,0.9435728788375854,0.7257072925567627,0.08749866485595703,0.10759717640822637,worker2,worker2,worker2,0,0.0,0.7257072925567627,0.0
model_1,1567,1,0.5038213729858398,4,4,1,0,0.9638373255729675,0.40108299255371094,0.1027383804321289,0.20391826536310206,worker2,worker2,worker2,0,0.0,0.40108299255371094,0.0
model_1,1568,1,0.3690462112426758,2,2,1,0,0.9357647895812988,0.28433728218078613,0.08470892906188965,0.22953474790230843,worker2,worker2,worker2,0,0.0,0.28433728218078613,0.0
model_1,1569,1,1.166750192642212,7,7,1,2,0.954889178276062,1.019376516342163,0.14737367630004883,0.1263112508825113,worker2->worker3,worker2,worker3,0,0.0,0.7995657920837402,0.21981072425842285
model_1,1570,1,0.39764881134033203,6,6,1,0,0.99854975938797,0.315258264541626,0.08239054679870605,0.20719424891777488,worker2,worker2,worker2,0,0.0,0.315258264541626,0.0
model_1,1571,1,0.6106970310211182,3,3,1,1,0.8805997371673584,0.5272090435028076,0.08348798751831055,0.13670933912797015,worker2,worker2,worker2,0,0.0,0.5272090435028076,0.0
model_1,1572,1,0.7417645454406738,7,7,1,1,0.9713873863220215,0.5775051116943359,0.1642594337463379,0.22144416952249077,worker2,worker2,worker2,0,0.0,0.5775051116943359,0.0
model_1,1573,1,0.7742986679077148,4,7,0,1,0.6786110997200012,0.6700863838195801,0.10421228408813477,0.13458925916756886,worker2,worker2,worker2,0,0.0,0.6700863838195801,0.0
model_1,1574,1,0.43604111671447754,1,1,1,0,0.9446596503257751,0.34334278106689453,0.09269833564758301,0.21259081332984123,worker2,worker2,worker2,0,0.0,0.34334278106689453,0.0
model_1,1575,1,0.3548097610473633,8,8,1,0,0.9762260317802429,0.271068811416626,0.0837409496307373,0.23601647650149848,worker2,worker2,worker2,0,0.0,0.271068811416626,0.0
model_1,1576,1,0.5759050846099854,7,7,1,1,0.9554250240325928,0.4907093048095703,0.08519577980041504,0.14793371699107563,worker2,worker2,worker2,0,0.0,0.4907093048095703,0.0
model_1,1577,1,0.8025479316711426,3,3,1,1,0.980543315410614,0.7099359035491943,0.09261202812194824,0.1153975039585518,worker2,worker2,worker2,0,0.0,0.7099359035491943,0.0
model_1,1578,1,0.5484328269958496,6,0,0,0,0.8506269454956055,0.45354413986206055,0.09488868713378906,0.17301788380094021,worker2,worker2,worker2,0,0.0,0.45354413986206055,0.0
model_1,1579,1,1.2537920475006104,0,9,0,2,0.7295401096343994,1.1055517196655273,0.148240327835083,0.11823358437357678,worker2->worker3,worker2,worker3,0,0.0,0.8835546970367432,0.22199702262878418
model_1,1580,1,0.42022252082824707,0,0,1,0,0.8544808030128479,0.2732973098754883,0.1469252109527588,0.3496366893025467,worker2,worker2,worker2,0,0.0,0.2732973098754883,0.0
model_1,1581,1,0.3600733280181885,4,6,0,0,0.5458435416221619,0.25925183296203613,0.10082149505615234,0.28000267504140025,worker2,worker2,worker2,0,0.0,0.25925183296203613,0.0
model_1,1582,1,0.423220157623291,9,9,1,0,0.7614892721176147,0.2872500419616699,0.1359701156616211,0.32127514063885476,worker2,worker2,worker2,0,0.0,0.2872500419616699,0.0
model_1,1583,1,0.6391220092773438,2,5,0,1,0.7453861236572266,0.5472676753997803,0.09185433387756348,0.1437195598715546,worker2,worker2,worker2,0,0.0,0.5472676753997803,0.0
model_1,1584,1,1.106691598892212,2,2,1,2,0.9063051342964172,0.9520213603973389,0.15467023849487305,0.13975911505038668,worker2->worker3,worker2,worker3,0,0.0,0.7292077541351318,0.22281360626220703
model_1,1585,1,0.41981983184814453,5,5,1,0,0.7521154284477234,0.3328068256378174,0.08701300621032715,0.20726273417641006,worker2,worker2,worker2,0,0.0,0.3328068256378174,0.0
model_1,1586,1,0.3907175064086914,3,4,0,0,0.7980620861053467,0.30492520332336426,0.08579230308532715,0.21957629662897216,worker2,worker2,worker2,0,0.0,0.30492520332336426,0.0
model_1,1587,1,0.6667985916137695,8,8,1,1,0.649177610874176,0.5805423259735107,0.08625626564025879,0.129358799981121,worker2,worker2,worker2,0,0.0,0.5805423259735107,0.0
model_1,1588,1,0.4375152587890625,8,8,1,0,0.9690528512001038,0.3277451992034912,0.10977005958557129,0.25089424284169776,worker2,worker2,worker2,0,0.0,0.3277451992034912,0.0
model_1,1589,1,0.7995176315307617,9,9,1,1,0.977421760559082,0.7154335975646973,0.08408403396606445,0.10516845489082786,worker2,worker2,worker2,0,0.0,0.7154335975646973,0.0
model_1,1590,1,0.4775509834289551,0,0,1,0,0.9047738313674927,0.3861563205718994,0.09139466285705566,0.191382001144287,worker2,worker2,worker2,0,0.0,0.3861563205718994,0.0
model_1,1591,1,0.3859701156616211,8,8,1,0,0.9685156941413879,0.3017885684967041,0.08418154716491699,0.21810379547290837,worker2,worker2,worker2,0,0.0,0.3017885684967041,0.0
model_1,1592,1,0.5686430931091309,0,8,0,1,0.9529512524604797,0.4849731922149658,0.08366990089416504,0.1471395712145009,worker2,worker2,worker2,0,0.0,0.4849731922149658,0.0
model_1,1593,1,0.6394662857055664,5,5,1,1,0.9973293542861938,0.5556015968322754,0.08386468887329102,0.13114794438421007,worker2,worker2,worker2,0,0.0,0.5556015968322754,0.0
model_1,1594,1,0.4674258232116699,1,1,1,0,0.7194088697433472,0.37239670753479004,0.09502911567687988,0.20330309314949152,worker2,worker2,worker2,0,0.0,0.37239670753479004,0.0
model_1,1595,1,0.39055705070495605,7,5,0,0,0.6821193099021912,0.297823429107666,0.09273362159729004,0.23743937391452982,worker2,worker2,worker2,0,0.0,0.297823429107666,0.0
model_1,1596,1,0.5822916030883789,4,4,1,0,0.9901092052459717,0.42380809783935547,0.15848350524902344,0.2721720601987956,worker2,worker2,worker2,0,0.0,0.42380809783935547,0.0
model_1,1597,1,0.49308252334594727,8,8,1,0,0.9916390776634216,0.3887038230895996,0.10437870025634766,0.21168606737074605,worker2,worker2,worker2,0,0.0,0.3887038230895996,0.0
model_1,1598,1,0.38051724433898926,7,7,1,0,0.7314134836196899,0.2937946319580078,0.08672261238098145,0.22790718074191496,worker2,worker2,worker2,0,0.0,0.2937946319580078,0.0
model_1,1599,1,0.6407957077026367,7,7,1,0,0.7312657237052917,0.47747206687927246,0.16332364082336426,0.25487630279064716,worker2,worker2,worker2,0,0.0,0.47747206687927246,0.0
model_1,1600,1,0.4793519973754883,6,6,1,0,0.9695591330528259,0.37467360496520996,0.10467839241027832,0.2183747913504179,worker2,worker2,worker2,0,0.0,0.37467360496520996,0.0
model_1,1601,1,0.3853154182434082,7,7,1,0,0.8723247647285461,0.3021996021270752,0.08311581611633301,0.21570851354779627,worker2,worker2,worker2,0,0.0,0.3021996021270752,0.0
model_1,1602,1,1.226494550704956,8,8,1,2,0.7897205948829651,1.0739405155181885,0.15255403518676758,0.12438215489753593,worker2->worker3,worker2,worker3,0,0.0,0.8388407230377197,0.23509979248046875
model_1,1603,1,0.3520691394805908,4,4,1,0,0.9351134300231934,0.2629828453063965,0.08908629417419434,0.25303636185103795,worker2,worker2,worker2,0,0.0,0.2629828453063965,0.0
model_1,1604,1,0.6104421615600586,6,6,1,1,0.5470981597900391,0.5261871814727783,0.08425498008728027,0.13802287160499613,worker2,worker2,worker2,0,0.0,0.5261871814727783,0.0
model_1,1605,1,0.41765642166137695,8,8,1,0,0.8807599544525146,0.3223137855529785,0.09534263610839844,0.2282800674514693,worker2,worker2,worker2,0,0.0,0.3223137855529785,0.0
model_1,1606,1,0.6486184597015381,4,4,1,1,0.9659236073493958,0.5615584850311279,0.08705997467041016,0.1342237078951944,worker2,worker2,worker2,0,0.0,0.5615584850311279,0.0
model_1,1607,1,0.45465946197509766,3,5,0,0,0.8335195183753967,0.3536052703857422,0.10105419158935547,0.22226347418431236,worker2,worker2,worker2,0,0.0,0.3536052703857422,0.0
model_1,1608,1,0.5976982116699219,6,6,1,1,0.680578351020813,0.5134546756744385,0.0842435359954834,0.14094660875781034,worker2,worker2,worker2,0,0.0,0.5134546756744385,0.0
model_1,1609,1,0.9067661762237549,3,7,0,1,0.577690839767456,0.7549874782562256,0.1517786979675293,0.16738460470549815,worker2,worker2,worker2,0,0.0,0.7549874782562256,0.0
model_1,1610,1,0.6099069118499756,9,9,1,0,0.4742256700992584,0.5056509971618652,0.10425591468811035,0.1709374212072467,worker2,worker2,worker2,0,0.0,0.5056509971618652,0.0
model_1,1611,1,0.3971269130706787,3,5,0,0,0.9658993482589722,0.3071572780609131,0.08996963500976562,0.22655134177157435,worker2,worker2,worker2,0,0.0,0.3071572780609131,0.0
model_1,1612,1,0.3876466751098633,4,3,0,0,0.8589063882827759,0.30603694915771484,0.08160972595214844,0.2105260568248634,worker2,worker2,worker2,0,0.0,0.30603694915771484,0.0
model_1,1613,1,0.3907289505004883,3,0,0,0,0.7234355211257935,0.30800437927246094,0.08272457122802734,0.21171856122272148,worker2,worker2,worker2,0,0.0,0.30800437927246094,0.0
model_1,1614,1,0.3792712688446045,6,6,1,0,0.9250279664993286,0.29111695289611816,0.08815431594848633,0.23243077762530182,worker2,worker2,worker2,0,0.0,0.29111695289611816,0.0
model_1,1615,1,0.5875492095947266,7,7,1,0,0.9920135140419006,0.43336987495422363,0.15417933464050293,0.2624109302212339,worker2,worker2,worker2,0,0.0,0.43336987495422363,0.0
model_1,1616,1,0.4883077144622803,4,2,0,0,0.7423095703125,0.3843083381652832,0.10399937629699707,0.21297917935111915,worker2,worker2,worker2,0,0.0,0.3843083381652832,0.0
model_1,1617,1,0.340465784072876,7,7,1,0,0.9754882454872131,0.2568960189819336,0.08356976509094238,0.24545716192454292,worker2,worker2,worker2,0,0.0,0.2568960189819336,0.0
model_1,1618,1,0.6505279541015625,0,0,1,1,0.8896672129631042,0.5663161277770996,0.08421182632446289,0.12945151056693172,worker2,worker2,worker2,0,0.0,0.5663161277770996,0.0
model_1,1619,1,0.37619686126708984,1,1,1,0,0.854465126991272,0.2643916606903076,0.11180520057678223,0.297198653386434,worker2,worker2,worker2,0,0.0,0.2643916606903076,0.0
model_1,1620,1,0.3943824768066406,4,4,1,0,0.9690644145011902,0.3038508892059326,0.09053158760070801,0.22955276394061033,worker2,worker2,worker2,0,0.0,0.3038508892059326,0.0
model_1,1621,1,0.6379733085632324,2,2,1,1,0.8075921535491943,0.5498242378234863,0.0881490707397461,0.13817046819445306,worker2,worker2,worker2,0,0.0,0.5498242378234863,0.0
model_1,1622,1,0.7626307010650635,7,7,1,1,0.9585278034210205,0.6722307205200195,0.09039998054504395,0.11853703295552419,worker2,worker2,worker2,0,0.0,0.6722307205200195,0.0
model_1,1623,1,0.6809515953063965,9,9,1,1,0.9857501983642578,0.5874981880187988,0.09345340728759766,0.13723942778274567,worker2,worker2,worker2,0,0.0,0.5874981880187988,0.0
model_1,1624,1,1.3912506103515625,2,0,0,3,0.4521917402744293,1.1947875022888184,0.19646310806274414,0.1412133131162464,worker2->worker3->worker3,worker2,worker3,0,0.0,0.809262752532959,0.3855247497558594
model_1,1625,1,0.38538312911987305,8,8,1,0,0.9582284688949585,0.2989366054534912,0.08644652366638184,0.2243132019396021,worker2,worker2,worker2,0,0.0,0.2989366054534912,0.0
model_1,1626,1,0.7340731620788574,5,5,1,1,0.9962573051452637,0.6486084461212158,0.0854647159576416,0.11642533792627689,worker2,worker2,worker2,0,0.0,0.6486084461212158,0.0
model_1,1627,1,0.41000914573669434,1,1,1,0,0.9998888969421387,0.3052964210510254,0.10471272468566895,0.25539119254894593,worker2,worker2,worker2,0,0.0,0.3052964210510254,0.0
model_1,1628,1,0.3610365390777588,2,4,0,0,0.7717006802558899,0.27562785148620605,0.08540868759155273,0.2365652180516768,worker2,worker2,worker2,0,0.0,0.27562785148620605,0.0
model_1,1629,1,0.39409685134887695,2,5,0,0,0.6835616827011108,0.30402541160583496,0.09007143974304199,0.22855153355007557,worker2,worker2,worker2,0,0.0,0.30402541160583496,0.0
model_1,1630,1,0.507380485534668,9,9,1,0,0.9662327766418457,0.3503119945526123,0.15706849098205566,0.3095674655609584,worker2,worker2,worker2,0,0.0,0.3503119945526123,0.0
model_1,1631,1,0.43762922286987305,0,0,1,0,0.8970127105712891,0.337723970413208,0.09990525245666504,0.22828743428400208,worker2,worker2,worker2,0,0.0,0.337723970413208,0.0
model_1,1632,1,0.5455026626586914,3,3,1,0,0.9793341159820557,0.38336181640625,0.1621408462524414,0.2972319978461576,worker2,worker2,worker2,0,0.0,0.38336181640625,0.0
model_1,1633,1,0.4631211757659912,0,0,1,0,0.9949136972427368,0.34389328956604004,0.11922788619995117,0.2574442552810312,worker2,worker2,worker2,0,0.0,0.34389328956604004,0.0
model_1,1634,1,0.36099958419799805,9,9,1,0,0.9970916509628296,0.27525830268859863,0.08574128150939941,0.23751074866161825,worker2,worker2,worker2,0,0.0,0.27525830268859863,0.0
model_1,1635,1,0.3722047805786133,4,2,0,0,0.9087993502616882,0.28745436668395996,0.08475041389465332,0.22769834864265856,worker2,worker2,worker2,0,0.0,0.28745436668395996,0.0
model_1,1636,1,0.5410842895507812,7,7,1,0,0.7913574576377869,0.3767209053039551,0.16436338424682617,0.3037666911070064,worker2,worker2,worker2,0,0.0,0.3767209053039551,0.0
model_1,1637,1,0.4407041072845459,0,9,0,0,0.9503553509712219,0.3402285575866699,0.10047554969787598,0.22798868455519689,worker2,worker2,worker2,0,0.0,0.3402285575866699,0.0
model_1,1638,1,0.3858463764190674,8,8,1,0,0.9967207312583923,0.30206918716430664,0.08377718925476074,0.21712576396926017,worker2,worker2,worker2,0,0.0,0.30206918716430664,0.0
model_1,1639,1,0.5778322219848633,7,7,1,0,0.866869330406189,0.4099397659301758,0.1678924560546875,0.29055571784829537,worker2,worker2,worker2,0,0.0,0.4099397659301758,0.0
model_1,1640,1,0.47919225692749023,4,3,0,0,0.6790704727172852,0.35785412788391113,0.1213381290435791,0.25321387666316064,worker2,worker2,worker2,0,0.0,0.35785412788391113,0.0
model_1,1641,1,0.4122445583343506,3,3,1,0,0.9040706157684326,0.3183159828186035,0.09392857551574707,0.2278467322777039,worker2,worker2,worker2,0,0.0,0.3183159828186035,0.0
model_1,1642,1,0.3884134292602539,1,1,1,0,0.8672501444816589,0.2531704902648926,0.13524293899536133,0.3481932621457912,worker2,worker2,worker2,0,0.0,0.2531704902648926,0.0
model_1,1643,1,0.40828752517700195,7,7,1,0,0.9709063768386841,0.3005514144897461,0.10773611068725586,0.2638731385205801,worker2,worker2,worker2,0,0.0,0.3005514144897461,0.0
model_1,1644,1,0.5734663009643555,8,8,1,1,0.9556950926780701,0.48821258544921875,0.08525371551513672,0.14866386284908442,worker2,worker2,worker2,0,0.0,0.48821258544921875,0.0
model_1,1645,1,0.8414552211761475,5,5,1,1,0.9880870580673218,0.7442266941070557,0.0972285270690918,0.11554807032178162,worker2,worker2,worker2,0,0.0,0.7442266941070557,0.0
model_1,1646,1,0.5765986442565918,6,6,1,0,0.7958359122276306,0.473876953125,0.1027216911315918,0.17815111456606145,worker2,worker2,worker2,0,0.0,0.473876953125,0.0
model_1,1647,1,0.383514404296875,0,0,1,0,0.9736829996109009,0.3017125129699707,0.0818018913269043,0.21329548619400016,worker2,worker2,worker2,0,0.0,0.3017125129699707,0.0
model_1,1648,1,1.2381744384765625,8,2,0,2,0.7895578742027283,1.0904371738433838,0.1477372646331787,0.11931861944666954,worker2->worker3,worker2,worker3,0,0.0,0.8383731842041016,0.2520639896392822
model_1,1649,1,0.5640261173248291,4,4,1,1,0.9058876037597656,0.48101115226745605,0.08301496505737305,0.14718283871518625,worker2,worker2,worker2,0,0.0,0.48101115226745605,0.0
model_1,1650,1,0.9237167835235596,4,7,0,1,0.7501326203346252,0.7744126319885254,0.14930415153503418,0.1616341222744776,worker2,worker2,worker2,0,0.0,0.7744126319885254,0.0
model_1,1651,1,0.6083712577819824,0,0,1,0,0.8715053200721741,0.5020158290863037,0.10635542869567871,0.17481994314365282,worker2,worker2,worker2,0,0.0,0.5020158290863037,0.0
model_1,1652,1,0.6160678863525391,4,4,1,1,0.9481287598609924,0.5358519554138184,0.0802159309387207,0.1302063177057372,worker2,worker2,worker2,0,0.0,0.5358519554138184,0.0
model_1,1653,1,1.4847416877746582,6,6,1,3,0.38210436701774597,1.3421075344085693,0.14263415336608887,0.09606664549162756,worker2->worker3->worker3,worker2,worker3,0,0.0,0.7812986373901367,0.5608088970184326
model_1,1654,1,0.33215785026550293,0,0,1,0,0.9993416666984558,0.2532370090484619,0.07892084121704102,0.23760040942569147,worker2,worker2,worker2,0,0.0,0.2532370090484619,0.0
model_1,1655,1,0.330049991607666,2,2,1,0,0.9192888140678406,0.2518918514251709,0.07815814018249512,0.2368069752154472,worker2,worker2,worker2,0,0.0,0.2518918514251709,0.0
model_1,1656,1,0.4593026638031006,3,3,1,0,0.9206173419952393,0.3066537380218506,0.15264892578125,0.3323493151929321,worker2,worker2,worker2,0,0.0,0.3066537380218506,0.0
model_1,1657,1,0.3837754726409912,8,8,1,0,0.9808469414710999,0.2886385917663574,0.09513688087463379,0.24789724111324613,worker2,worker2,worker2,0,0.0,0.2886385917663574,0.0
model_1,1658,1,0.4051346778869629,0,0,1,0,0.8992747068405151,0.2922847270965576,0.11284995079040527,0.278549225603175,worker2,worker2,worker2,0,0.0,0.2922847270965576,0.0
model_1,1659,1,0.7024245262145996,5,5,1,1,0.9986353516578674,0.620333194732666,0.0820913314819336,0.11686854376274107,worker2,worker2,worker2,0,0.0,0.620333194732666,0.0
model_1,1660,1,0.45313167572021484,0,0,1,0,0.9237616062164307,0.3642547130584717,0.08887696266174316,0.19613937277830043,worker2,worker2,worker2,0,0.0,0.3642547130584717,0.0
model_1,1661,1,0.3906569480895996,6,6,1,0,0.9928365349769592,0.3053135871887207,0.0853433609008789,0.2184611366013766,worker2,worker2,worker2,0,0.0,0.3053135871887207,0.0
model_1,1662,1,0.5251352787017822,9,9,1,0,0.844869077205658,0.36687326431274414,0.15826201438903809,0.30137379987169577,worker2,worker2,worker2,0,0.0,0.36687326431274414,0.0
model_1,1663,1,0.41559529304504395,5,5,1,0,0.8534082770347595,0.32469630241394043,0.09089899063110352,0.2187199714536986,worker2,worker2,worker2,0,0.0,0.32469630241394043,0.0
model_1,1664,1,1.2690844535827637,7,7,1,2,0.8231470584869385,1.1179146766662598,0.1511697769165039,0.11911719231114616,worker2->worker3,worker2,worker3,0,0.0,0.8711972236633301,0.2467174530029297
model_1,1665,1,0.518099308013916,2,7,0,1,0.6010808944702148,0.43386173248291016,0.08423757553100586,0.16258963142398805,worker2,worker2,worker2,0,0.0,0.43386173248291016,0.0
model_1,1666,1,0.7696793079376221,0,0,1,1,0.9873542189598083,0.6688938140869141,0.10078549385070801,0.13094478805824422,worker2,worker2,worker2,0,0.0,0.6688938140869141,0.0
model_1,1667,1,0.5249307155609131,0,0,1,0,0.9743451476097107,0.4266026020050049,0.0983281135559082,0.18731636507656063,worker2,worker2,worker2,0,0.0,0.4266026020050049,0.0
model_1,1668,1,0.34339284896850586,8,8,1,0,0.9799831509590149,0.2594907283782959,0.08390212059020996,0.24433275428488907,worker2,worker2,worker2,0,0.0,0.2594907283782959,0.0
model_1,1669,1,0.38510680198669434,6,6,1,0,0.9260777831077576,0.3024742603302002,0.08263254165649414,0.2145704548198272,worker2,worker2,worker2,0,0.0,0.3024742603302002,0.0
model_1,1670,1,0.42316627502441406,9,9,1,0,0.9810996651649475,0.3376152515411377,0.08555102348327637,0.2021688129053777,worker2,worker2,worker2,0,0.0,0.3376152515411377,0.0
model_1,1671,1,0.6885757446289062,0,0,1,1,0.9678084850311279,0.6026790142059326,0.08589673042297363,0.12474550707455707,worker2,worker2,worker2,0,0.0,0.6026790142059326,0.0
model_1,1672,1,0.4856302738189697,6,6,1,0,0.9369286298751831,0.38738203048706055,0.09824824333190918,0.20231078791544524,worker2,worker2,worker2,0,0.0,0.38738203048706055,0.0
model_1,1673,1,1.1884734630584717,0,0,1,2,0.6926508545875549,1.046360969543457,0.14211249351501465,0.11957565560554957,worker2->worker3,worker2,worker3,0,0.0,0.8269777297973633,0.21938323974609375
model_1,1674,1,0.35335493087768555,2,2,1,0,0.8972622752189636,0.268707275390625,0.08464765548706055,0.23955419350398563,worker2,worker2,worker2,0,0.0,0.268707275390625,0.0
model_1,1675,1,0.5025515556335449,4,3,0,0,0.9412870407104492,0.34094977378845215,0.16160178184509277,0.32156259399370163,worker2,worker2,worker2,0,0.0,0.34094977378845215,0.0
model_1,1676,1,0.379591703414917,0,0,1,0,0.9243246912956238,0.28731322288513184,0.09227848052978516,0.24309930828208626,worker2,worker2,worker2,0,0.0,0.28731322288513184,0.0
model_1,1677,1,0.615544319152832,3,3,1,1,0.9561663269996643,0.5207035541534424,0.09484076499938965,0.15407625746577944,worker2,worker2,worker2,0,0.0,0.5207035541534424,0.0
model_1,1678,1,0.4183695316314697,5,3,0,0,0.6667900681495667,0.32503247261047363,0.0933370590209961,0.2230971711946131,worker2,worker2,worker2,0,0.0,0.32503247261047363,0.0
model_1,1679,1,0.6277084350585938,5,5,1,1,0.967995822429657,0.53623366355896,0.09147477149963379,0.14572812215132178,worker2,worker2,worker2,0,0.0,0.53623366355896,0.0
model_1,1680,1,0.42238903045654297,3,5,0,0,0.6838850378990173,0.3226745128631592,0.09971451759338379,0.23607269697701774,worker2,worker2,worker2,0,0.0,0.3226745128631592,0.0
model_1,1681,1,0.3878920078277588,7,7,1,0,0.8004789352416992,0.3003404140472412,0.08755159378051758,0.225711259870542,worker2,worker2,worker2,0,0.0,0.3003404140472412,0.0
model_1,1682,1,0.47326231002807617,3,3,1,0,0.8562954664230347,0.3836500644683838,0.08961224555969238,0.1893500573801792,worker2,worker2,worker2,0,0.0,0.3836500644683838,0.0
model_1,1683,1,0.45961689949035645,5,5,1,0,0.9579223990440369,0.35877299308776855,0.10084390640258789,0.2194086129435364,worker2,worker2,worker2,0,0.0,0.35877299308776855,0.0
model_1,1684,1,0.453477144241333,4,4,1,0,0.884782612323761,0.2901268005371094,0.16335034370422363,0.36021736878825206,worker2,worker2,worker2,0,0.0,0.2901268005371094,0.0
model_1,1685,1,0.6510844230651855,6,8,0,1,0.943930983543396,0.5569093227386475,0.09417510032653809,0.14464345481217175,worker2,worker2,worker2,0,0.0,0.5569093227386475,0.0
model_1,1686,1,1.0970616340637207,2,2,1,2,0.7926763892173767,0.9424540996551514,0.15460753440856934,0.14092875879350025,worker2->worker3,worker2,worker3,0,0.0,0.7011532783508301,0.2413008213043213
model_1,1687,1,0.37845849990844727,4,2,0,0,0.8743557333946228,0.29105663299560547,0.0874018669128418,0.2309417464107297,worker2,worker2,worker2,0,0.0,0.29105663299560547,0.0
model_1,1688,1,0.33600926399230957,6,6,1,0,0.8966838121414185,0.25185155868530273,0.08415770530700684,0.2504624554307913,worker2,worker2,worker2,0,0.0,0.25185155868530273,0.0
model_1,1689,1,0.38362550735473633,7,7,1,0,0.9938887357711792,0.300398588180542,0.08322691917419434,0.21694834566158,worker2,worker2,worker2,0,0.0,0.300398588180542,0.0
model_1,1690,1,0.42795681953430176,8,8,1,0,0.9395003318786621,0.30406761169433594,0.12388920783996582,0.2894899723172557,worker2,worker2,worker2,0,0.0,0.30406761169433594,0.0
model_1,1691,1,0.6514952182769775,9,9,1,1,0.9329192042350769,0.5675463676452637,0.08394885063171387,0.1288556665906698,worker2,worker2,worker2,0,0.0,0.5675463676452637,0.0
model_1,1692,1,0.4779093265533447,2,2,1,0,0.9826739430427551,0.38479065895080566,0.09311866760253906,0.1948458890185418,worker2,worker2,worker2,0,0.0,0.38479065895080566,0.0
model_1,1693,1,0.460827112197876,4,4,1,0,0.9882944822311401,0.37515711784362793,0.08566999435424805,0.18590484823180703,worker2,worker2,worker2,0,0.0,0.37515711784362793,0.0
model_1,1694,1,0.40392374992370605,2,2,1,0,0.9901661276817322,0.3076140880584717,0.09630966186523438,0.23843525388993725,worker2,worker2,worker2,0,0.0,0.3076140880584717,0.0
model_1,1695,1,0.6394639015197754,3,3,1,1,0.9436377286911011,0.5511772632598877,0.0882866382598877,0.13806352172509215,worker2,worker2,worker2,0,0.0,0.5511772632598877,0.0
model_1,1696,1,0.9106931686401367,8,8,1,1,0.9956279993057251,0.8130781650543213,0.09761500358581543,0.10718758737542293,worker2,worker2,worker2,0,0.0,0.8130781650543213,0.0
model_1,1697,1,0.6041412353515625,0,0,1,0,0.9505205154418945,0.5071842670440674,0.09695696830749512,0.16048725469148586,worker2,worker2,worker2,0,0.0,0.5071842670440674,0.0
model_1,1698,1,0.3875312805175781,7,7,1,0,0.9997780919075012,0.29989051818847656,0.08764076232910156,0.2261514534053884,worker2,worker2,worker2,0,0.0,0.29989051818847656,0.0
model_1,1699,1,0.34058570861816406,9,9,1,0,0.8335537910461426,0.2563352584838867,0.08425045013427734,0.24736930529499063,worker2,worker2,worker2,0,0.0,0.2563352584838867,0.0
model_1,1700,1,0.36081719398498535,6,6,1,0,0.8238190412521362,0.27561402320861816,0.08520317077636719,0.23613944179143728,worker2,worker2,worker2,0,0.0,0.27561402320861816,0.0
model_1,1701,1,0.4148232936859131,4,2,0,0,0.7400569319725037,0.3288078308105469,0.08601546287536621,0.20735446679253633,worker2,worker2,worker2,0,0.0,0.3288078308105469,0.0
model_1,1702,1,0.570730447769165,3,2,0,1,0.9247952699661255,0.4856424331665039,0.08508801460266113,0.14908616656995918,worker2,worker2,worker2,0,0.0,0.4856424331665039,0.0
model_1,1703,1,0.9262838363647461,8,8,1,1,0.9393709301948547,0.8386344909667969,0.08764934539794922,0.09462471648208187,worker2,worker2,worker2,0,0.0,0.8386344909667969,0.0
model_1,1704,1,0.620551347732544,2,2,1,0,0.9469913244247437,0.517648458480835,0.10290288925170898,0.1658249387866286,worker2,worker2,worker2,0,0.0,0.517648458480835,0.0
model_1,1705,1,0.39641547203063965,0,0,1,0,0.9840070605278015,0.30965733528137207,0.08675813674926758,0.2188565857554669,worker2,worker2,worker2,0,0.0,0.30965733528137207,0.0
model_1,1706,1,0.3909265995025635,6,6,1,0,0.9036776423454285,0.3070347309112549,0.0838918685913086,0.21459749400029884,worker2,worker2,worker2,0,0.0,0.3070347309112549,0.0
model_1,1707,1,0.464385986328125,3,3,1,0,0.9023070335388184,0.3743610382080078,0.09002494812011719,0.19385802063481633,worker2,worker2,worker2,0,0.0,0.3743610382080078,0.0
model_1,1708,1,0.388441801071167,4,4,1,0,0.8925413489341736,0.29595184326171875,0.09248995780944824,0.23810505860697267,worker2,worker2,worker2,0,0.0,0.29595184326171875,0.0
model_1,1709,1,0.49954867362976074,1,1,1,0,0.9999009370803833,0.32938194274902344,0.1701667308807373,0.3406409422415081,worker2,worker2,worker2,0,0.0,0.32938194274902344,0.0
model_1,1710,1,0.4133141040802002,0,0,1,0,0.9415702819824219,0.3030836582183838,0.1102304458618164,0.26669897004150406,worker2,worker2,worker2,0,0.0,0.3030836582183838,0.0
model_1,1711,1,1.1800222396850586,3,3,1,2,0.8557179570198059,1.0309314727783203,0.14909076690673828,0.12634572628608234,worker2->worker3,worker2,worker3,0,0.0,0.7876851558685303,0.24324631690979004
model_1,1712,1,0.5000240802764893,2,2,1,0,0.7186373472213745,0.34839797019958496,0.1516261100769043,0.30323761606253513,worker2,worker2,worker2,0,0.0,0.34839797019958496,0.0
model_1,1713,1,0.4363095760345459,6,6,1,0,0.804830014705658,0.32401227951049805,0.11229729652404785,0.2573798575421513,worker2,worker2,worker2,0,0.0,0.32401227951049805,0.0
model_1,1714,1,0.41181182861328125,6,3,0,0,0.5315923690795898,0.2557802200317383,0.15603160858154297,0.3788905459732849,worker2,worker2,worker2,0,0.0,0.2557802200317383,0.0
model_1,1715,1,0.8471612930297852,4,4,1,1,0.9963776469230652,0.6959178447723389,0.1512434482574463,0.1785296961769106,worker2,worker2,worker2,0,0.0,0.6959178447723389,0.0
model_1,1716,1,0.5900907516479492,4,4,1,0,0.9132717847824097,0.4870119094848633,0.10307884216308594,0.1746830328643809,worker2,worker2,worker2,0,0.0,0.4870119094848633,0.0
model_1,1717,1,1.4500517845153809,2,2,1,3,0.8602219820022583,1.299156665802002,0.1508951187133789,0.10406188270290587,worker2->worker3->worker3,worker2,worker3,0,0.0,0.7283446788787842,0.5708119869232178
model_1,1718,1,0.3844146728515625,6,6,1,0,0.9866355061531067,0.3034703731536865,0.08094429969787598,0.21056506271583375,worker2,worker2,worker2,0,0.0,0.3034703731536865,0.0
model_1,1719,1,0.3328227996826172,1,1,1,0,0.9765903949737549,0.24937748908996582,0.08344531059265137,0.25071993466861514,worker2,worker2,worker2,0,0.0,0.24937748908996582,0.0
model_1,1720,1,0.33648133277893066,8,8,1,0,0.9899265766143799,0.2523651123046875,0.08411622047424316,0.24998777726997354,worker2,worker2,worker2,0,0.0,0.2523651123046875,0.0
model_1,1721,1,0.3280951976776123,9,9,1,0,0.9995429515838623,0.24486303329467773,0.08323216438293457,0.2536829705892826,worker2,worker2,worker2,0,0.0,0.24486303329467773,0.0
model_1,1722,1,0.7077546119689941,3,3,1,1,0.6291170120239258,0.6235556602478027,0.0841989517211914,0.11896630597283915,worker2,worker2,worker2,0,0.0,0.6235556602478027,0.0
model_1,1723,1,0.45122361183166504,3,3,1,0,0.9548850655555725,0.3523979187011719,0.09882569313049316,0.21901711377497993,worker2,worker2,worker2,0,0.0,0.3523979187011719,0.0
model_1,1724,1,0.3874027729034424,8,8,1,0,0.9821240305900574,0.30224609375,0.08515667915344238,0.2198143253214843,worker2,worker2,worker2,0,0.0,0.30224609375,0.0
model_1,1725,1,0.4214358329772949,4,3,0,0,0.5943838953971863,0.31938958168029785,0.10204625129699707,0.2421394748901071,worker2,worker2,worker2,0,0.0,0.31938958168029785,0.0
model_1,1726,1,0.4140613079071045,3,3,1,0,0.9291133880615234,0.2617805004119873,0.1522808074951172,0.36777357504092534,worker2,worker2,worker2,0,0.0,0.2617805004119873,0.0
model_1,1727,1,0.8425686359405518,5,5,1,1,0.990250825881958,0.7581799030303955,0.08438873291015625,0.100156508693151,worker2,worker2,worker2,0,0.0,0.7581799030303955,0.0
model_1,1728,1,0.5864148139953613,1,1,1,0,0.7296779155731201,0.48184943199157715,0.10456538200378418,0.17831299535453296,worker2,worker2,worker2,0,0.0,0.48184943199157715,0.0
model_1,1729,1,0.5276739597320557,3,3,1,1,0.9759497046470642,0.4439990520477295,0.08367490768432617,0.15857312293146877,worker2,worker2,worker2,0,0.0,0.4439990520477295,0.0
model_1,1730,1,0.3990013599395752,5,5,1,0,0.9804712533950806,0.3126204013824463,0.0863809585571289,0.2164928925811442,worker2,worker2,worker2,0,0.0,0.3126204013824463,0.0
model_1,1731,1,0.5623435974121094,9,9,1,0,0.826712429523468,0.4023406505584717,0.1600029468536377,0.28452879625546923,worker2,worker2,worker2,0,0.0,0.4023406505584717,0.0
model_1,1732,1,0.4489476680755615,9,9,1,0,0.9840669631958008,0.3577141761779785,0.09123349189758301,0.20321631759144737,worker2,worker2,worker2,0,0.0,0.3577141761779785,0.0
model_1,1733,1,0.39305758476257324,9,1,0,0,0.6909143328666687,0.30892515182495117,0.08413243293762207,0.21404607416097143,worker2,worker2,worker2,0,0.0,0.30892515182495117,0.0
model_1,1734,1,0.6406018733978271,6,1,0,1,0.8345860242843628,0.5561575889587402,0.08444428443908691,0.13182022711108315,worker2,worker2,worker2,0,0.0,0.5561575889587402,0.0
model_1,1735,1,0.42728757858276367,5,5,1,0,0.9605194330215454,0.33433961868286133,0.09294795989990234,0.2175302174900428,worker2,worker2,worker2,0,0.0,0.33433961868286133,0.0
model_1,1736,1,0.3475983142852783,2,2,1,0,0.9631199240684509,0.25730204582214355,0.09029626846313477,0.2597718825213504,worker2,worker2,worker2,0,0.0,0.25730204582214355,0.0
model_1,1737,1,0.4463775157928467,2,2,1,0,0.9208905100822449,0.3338150978088379,0.11256241798400879,0.2521686554576516,worker2,worker2,worker2,0,0.0,0.3338150978088379,0.0
model_1,1738,1,0.3942909240722656,9,9,1,0,0.5459772348403931,0.2960784435272217,0.09821248054504395,0.24908633333655827,worker2,worker2,worker2,0,0.0,0.2960784435272217,0.0
model_1,1739,1,0.34804821014404297,7,7,1,0,0.9979031085968018,0.2589375972747803,0.0891106128692627,0.25602951048759437,worker2,worker2,worker2,0,0.0,0.2589375972747803,0.0
model_1,1740,1,0.4524538516998291,9,9,1,0,0.9024357795715332,0.30033326148986816,0.15212059020996094,0.3362123885971074,worker2,worker2,worker2,0,0.0,0.30033326148986816,0.0
model_1,1741,1,1.441702127456665,5,5,1,3,0.35335880517959595,1.2842249870300293,0.15747714042663574,0.10923001182251443,worker2->worker3->worker3,worker2,worker3,0,0.0,0.9027986526489258,0.3814263343811035
model_1,1742,1,1.1821253299713135,6,6,1,2,0.7415719628334045,0.9940316677093506,0.1880936622619629,0.1591148226783427,worker2->worker3,worker2,worker3,0,0.0,0.7744085788726807,0.21962308883666992
model_1,1743,1,0.34973883628845215,1,1,1,0,0.9849586486816406,0.26314353942871094,0.08659529685974121,0.2475998884731248,worker2,worker2,worker2,0,0.0,0.26314353942871094,0.0
model_1,1744,1,1.4429285526275635,2,2,1,3,0.5611113905906677,1.290574550628662,0.15235400199890137,0.1055866568871104,worker2->worker3->worker3,worker2,worker3,0,0.0,0.7209694385528564,0.5696051120758057
model_1,1745,1,0.3381328582763672,8,7,0,0,0.8139492869377136,0.254443883895874,0.08368897438049316,0.24750322937290936,worker2,worker2,worker2,0,0.0,0.254443883895874,0.0
model_1,1746,1,0.3681454658508301,8,8,1,0,0.7561240196228027,0.28269386291503906,0.08545160293579102,0.23211369108757515,worker2,worker2,worker2,0,0.0,0.28269386291503906,0.0
model_1,1747,1,1.430971622467041,4,5,0,3,0.4107995927333832,1.2854595184326172,0.14551210403442383,0.10168762381433973,worker2->worker3->worker3,worker2,worker3,0,0.0,0.7938187122344971,0.4916408061981201
model_1,1748,1,0.5094611644744873,4,4,1,1,0.958626389503479,0.4243137836456299,0.08514738082885742,0.16713223061209687,worker2,worker2,worker2,0,0.0,0.4243137836456299,0.0
model_1,1749,1,0.6865010261535645,2,5,0,1,0.5094258785247803,0.6009573936462402,0.08554363250732422,0.1246081640789694,worker2,worker2,worker2,0,0.0,0.6009573936462402,0.0
model_1,1750,1,0.5160408020019531,0,8,0,0,0.616113007068634,0.4278237819671631,0.08821702003479004,0.17094969950545916,worker2,worker2,worker2,0,0.0,0.4278237819671631,0.0
model_1,1751,1,0.5322737693786621,4,4,1,1,0.9943732023239136,0.4488377571105957,0.0834360122680664,0.15675394330527234,worker2,worker2,worker2,0,0.0,0.4488377571105957,0.0
model_1,1752,1,0.5363140106201172,7,7,1,0,0.9444642663002014,0.3720986843109131,0.1642153263092041,0.306192497412717,worker2,worker2,worker2,0,0.0,0.3720986843109131,0.0
model_1,1753,1,0.45883631706237793,7,7,1,0,0.8107945919036865,0.3572196960449219,0.10161662101745605,0.2214659503590285,worker2,worker2,worker2,0,0.0,0.3572196960449219,0.0
model_1,1754,1,0.6984572410583496,4,3,0,1,0.9145722985267639,0.611384391784668,0.08707284927368164,0.12466453800628222,worker2,worker2,worker2,0,0.0,0.611384391784668,0.0
model_1,1755,1,0.41973066329956055,4,4,1,0,0.9950116872787476,0.3142831325531006,0.10544753074645996,0.25122665548788453,worker2,worker2,worker2,0,0.0,0.3142831325531006,0.0
model_1,1756,1,0.5038712024688721,9,1,0,0,0.7918848991394043,0.35260653495788574,0.15126466751098633,0.3002050261452104,worker2,worker2,worker2,0,0.0,0.35260653495788574,0.0
model_1,1757,1,0.37180638313293457,5,5,1,0,0.9931557774543762,0.26955699920654297,0.1022493839263916,0.2750070697141142,worker2,worker2,worker2,0,0.0,0.26955699920654297,0.0
model_1,1758,1,1.3332710266113281,5,5,1,2,0.6516733765602112,1.1781160831451416,0.15515494346618652,0.11637164565147107,worker2->worker3,worker2,worker3,0,0.0,0.9280807971954346,0.25003528594970703
model_1,1759,1,0.3388373851776123,9,9,1,0,0.9319689869880676,0.2545037269592285,0.08433365821838379,0.24889124372795418,worker2,worker2,worker2,0,0.0,0.2545037269592285,0.0
model_1,1760,1,0.694465160369873,7,7,1,1,0.652894914150238,0.6096220016479492,0.08484315872192383,0.12217050409949472,worker2,worker2,worker2,0,0.0,0.6096220016479492,0.0
model_1,1761,1,0.4416172504425049,9,1,0,0,0.8796164989471436,0.3431398868560791,0.09847736358642578,0.2229925653668431,worker2,worker2,worker2,0,0.0,0.3431398868560791,0.0
model_1,1762,1,0.3857114315032959,9,9,1,0,0.7613509893417358,0.300891637802124,0.08481979370117188,0.21990479610777908,worker2,worker2,worker2,0,0.0,0.300891637802124,0.0
model_1,1763,1,0.355029821395874,0,0,1,0,0.7651378512382507,0.25719594955444336,0.09783387184143066,0.27556522282206136,worker2,worker2,worker2,0,0.0,0.25719594955444336,0.0
model_1,1764,1,0.41727185249328613,9,0,0,0,0.9950798749923706,0.3018460273742676,0.11542582511901855,0.2766202043807298,worker2,worker2,worker2,0,0.0,0.3018460273742676,0.0
model_1,1765,1,0.8246402740478516,7,7,1,1,0.8440283536911011,0.7333292961120605,0.09131097793579102,0.11072825425755582,worker2,worker2,worker2,0,0.0,0.7333292961120605,0.0
model_1,1766,1,0.5444860458374023,5,5,1,0,0.9451159238815308,0.4441184997558594,0.10036754608154297,0.18433446889751023,worker2,worker2,worker2,0,0.0,0.4441184997558594,0.0
model_1,1767,1,0.3375260829925537,9,9,1,0,0.9994825124740601,0.255906343460083,0.0816197395324707,0.24181757690788996,worker2,worker2,worker2,0,0.0,0.255906343460083,0.0
model_1,1768,1,0.6359720230102539,5,6,0,1,0.9805934429168701,0.5522303581237793,0.08374166488647461,0.13167507666469225,worker2,worker2,worker2,0,0.0,0.5522303581237793,0.0
model_1,1769,1,0.7371819019317627,4,7,0,1,0.8835273385047913,0.6517305374145508,0.08545136451721191,0.11591625390326217,worker2,worker2,worker2,0,0.0,0.6517305374145508,0.0
model_1,1770,1,0.5228748321533203,9,9,1,0,0.9982251524925232,0.4315836429595947,0.09129118919372559,0.1745947281833536,worker2,worker2,worker2,0,0.0,0.4315836429595947,0.0
model_1,1771,1,0.38465166091918945,0,0,1,0,0.9910997748374939,0.3024759292602539,0.08217573165893555,0.21363675243872052,worker2,worker2,worker2,0,0.0,0.3024759292602539,0.0
model_1,1772,1,0.5373237133026123,7,7,1,0,0.9896680116653442,0.3726353645324707,0.1646883487701416,0.3064974515230295,worker2,worker2,worker2,0,0.0,0.3726353645324707,0.0
model_1,1773,1,0.507338285446167,9,9,1,0,0.9667803645133972,0.38773083686828613,0.11960744857788086,0.23575482475700574,worker2,worker2,worker2,0,0.0,0.38773083686828613,0.0
model_1,1774,1,0.5747408866882324,7,7,1,1,0.9826211333274841,0.49080777168273926,0.08393311500549316,0.1460364434643443,worker2,worker2,worker2,0,0.0,0.49080777168273926,0.0
model_1,1775,1,1.512772798538208,5,5,1,3,0.6367045044898987,1.316908359527588,0.19586443901062012,0.12947379751928637,worker2->worker3->worker3,worker2,worker3,0,0.0,0.9174966812133789,0.399411678314209
model_1,1776,1,0.346407413482666,8,1,0,0,0.4862293004989624,0.2583627700805664,0.08804464340209961,0.2541650091056879,worker2,worker2,worker2,0,0.0,0.2583627700805664,0.0
model_1,1777,1,0.359088659286499,9,1,0,0,0.7340708374977112,0.26839184761047363,0.09069681167602539,0.25257498205662604,worker2,worker2,worker2,0,0.0,0.26839184761047363,0.0
model_1,1778,1,0.7648382186889648,9,9,1,1,0.9662870168685913,0.6806843280792236,0.08415389060974121,0.11002835443290511,worker2,worker2,worker2,0,0.0,0.6806843280792236,0.0
model_1,1779,1,0.5002267360687256,4,4,1,0,0.9351606369018555,0.40172243118286133,0.09850430488586426,0.19691931235025162,worker2,worker2,worker2,0,0.0,0.40172243118286133,0.0
model_1,1780,1,0.3888418674468994,1,1,1,0,0.9958999752998352,0.30304574966430664,0.08579611778259277,0.2206452673060191,worker2,worker2,worker2,0,0.0,0.30304574966430664,0.0
model_1,1781,1,0.40648794174194336,0,0,1,0,0.974122941493988,0.2538430690765381,0.15264487266540527,0.3755212811756936,worker2,worker2,worker2,0,0.0,0.2538430690765381,0.0
model_1,1782,1,0.8803753852844238,2,2,1,1,0.992405354976654,0.796208381652832,0.0841670036315918,0.09560354030616142,worker2,worker2,worker2,0,0.0,0.796208381652832,0.0
model_1,1783,1,0.5961883068084717,1,1,1,0,0.8968921303749084,0.49044108390808105,0.10574722290039062,0.17737218541987007,worker2,worker2,worker2,0,0.0,0.49044108390808105,0.0
model_1,1784,1,0.3776283264160156,6,6,1,0,0.992890477180481,0.295635461807251,0.08199286460876465,0.2171258321295445,worker2,worker2,worker2,0,0.0,0.295635461807251,0.0
model_1,1785,1,0.36255764961242676,3,3,1,0,0.9517545700073242,0.27846217155456543,0.08409547805786133,0.23195063777514882,worker2,worker2,worker2,0,0.0,0.27846217155456543,0.0
model_1,1786,1,0.3429226875305176,4,4,1,0,0.9213130474090576,0.25605130195617676,0.08687138557434082,0.2533264456776716,worker2,worker2,worker2,0,0.0,0.25605130195617676,0.0
model_1,1787,1,0.4416627883911133,4,4,1,0,0.9430497884750366,0.2885613441467285,0.15310144424438477,0.3466478233362196,worker2,worker2,worker2,0,0.0,0.2885613441467285,0.0
model_1,1788,1,0.43113040924072266,4,5,0,0,0.8412351012229919,0.33440446853637695,0.0967259407043457,0.22435425252116362,worker2,worker2,worker2,0,0.0,0.33440446853637695,0.0
model_1,1789,1,0.38339924812316895,7,7,1,0,0.66164231300354,0.290905237197876,0.09249401092529297,0.24124724129761152,worker2,worker2,worker2,0,0.0,0.290905237197876,0.0
model_1,1790,1,0.7542300224304199,8,8,1,1,0.5855458974838257,0.6644003391265869,0.08982968330383301,0.11910117687223207,worker2,worker2,worker2,0,0.0,0.6644003391265869,0.0
model_1,1791,1,0.5265142917633057,6,6,1,0,0.8704654574394226,0.43419313430786133,0.09232115745544434,0.1753440673875331,worker2,worker2,worker2,0,0.0,0.43419313430786133,0.0
model_1,1792,1,0.3655409812927246,9,9,1,0,0.6228293776512146,0.27954888343811035,0.08599209785461426,0.2352461208330344,worker2,worker2,worker2,0,0.0,0.27954888343811035,0.0
model_1,1793,1,0.5406923294067383,4,4,1,0,0.9883210062980652,0.4470548629760742,0.09363746643066406,0.17318068213286017,worker2,worker2,worker2,0,0.0,0.4470548629760742,0.0
model_1,1794,1,0.43639564514160156,3,3,1,0,0.7604876160621643,0.3231518268585205,0.11324381828308105,0.259498048488398,worker2,worker2,worker2,0,0.0,0.3231518268585205,0.0
model_1,1795,1,0.4554600715637207,2,2,1,0,0.8170179128646851,0.3001110553741455,0.1553490161895752,0.341081525887042,worker2,worker2,worker2,0,0.0,0.3001110553741455,0.0
model_1,1796,1,0.3624439239501953,6,6,1,0,0.9021872878074646,0.2661283016204834,0.09631562232971191,0.2657393763978424,worker2,worker2,worker2,0,0.0,0.2661283016204834,0.0
model_1,1797,1,0.38750410079956055,1,1,1,0,0.997868537902832,0.30024266242980957,0.08726143836975098,0.22518842559265617,worker2,worker2,worker2,0,0.0,0.30024266242980957,0.0
model_1,1798,1,0.39850664138793945,6,6,1,0,0.9648234248161316,0.2690725326538086,0.12943410873413086,0.32479787108021857,worker2,worker2,worker2,0,0.0,0.2690725326538086,0.0
model_1,1799,1,0.8365774154663086,2,2,1,1,0.8003987073898315,0.7499167919158936,0.08666062355041504,0.10358948490392891,worker2,worker2,worker2,0,0.0,0.7499167919158936,0.0
model_1,1800,1,0.550480842590332,7,7,1,0,0.9934514760971069,0.4509847164154053,0.09949612617492676,0.18074403044934262,worker2,worker2,worker2,0,0.0,0.4509847164154053,0.0
model_1,1801,1,0.37996745109558105,6,6,1,0,0.974523663520813,0.295473575592041,0.08449387550354004,0.22237135117735532,worker2,worker2,worker2,0,0.0,0.295473575592041,0.0
model_1,1802,1,0.38441920280456543,3,5,0,0,0.7269309163093567,0.3003504276275635,0.08406877517700195,0.21869036344612997,worker2,worker2,worker2,0,0.0,0.3003504276275635,0.0
model_1,1803,1,0.8070404529571533,0,1,0,1,0.968837320804596,0.7174406051635742,0.0895998477935791,0.11102274671023964,worker2,worker2,worker2,0,0.0,0.7174406051635742,0.0
model_1,1804,1,0.4976789951324463,6,6,1,0,0.9059539437294006,0.40328407287597656,0.09439492225646973,0.1896702958728419,worker2,worker2,worker2,0,0.0,0.40328407287597656,0.0
model_1,1805,1,0.4263613224029541,0,0,1,0,0.9642245769500732,0.34381628036499023,0.08254504203796387,0.1936034947371482,worker2,worker2,worker2,0,0.0,0.34381628036499023,0.0
model_1,1806,1,0.4591996669769287,4,4,1,0,0.8506883382797241,0.37471652030944824,0.08448314666748047,0.18397911136056008,worker2,worker2,worker2,0,0.0,0.37471652030944824,0.0
model_1,1807,1,0.4682023525238037,8,8,1,0,0.9986141920089722,0.3734779357910156,0.09472441673278809,0.20231512341231184,worker2,worker2,worker2,0,0.0,0.3734779357910156,0.0
model_1,1808,1,0.5549037456512451,9,9,1,0,0.8507813811302185,0.37952136993408203,0.17538237571716309,0.3160590950982519,worker2,worker2,worker2,0,0.0,0.37952136993408203,0.0
model_1,1809,1,0.4326019287109375,7,7,1,0,0.9785438179969788,0.3347134590148926,0.09788846969604492,0.22627839406017425,worker2,worker2,worker2,0,0.0,0.3347134590148926,0.0
model_1,1810,1,0.44446730613708496,9,9,1,0,0.9817643761634827,0.2922687530517578,0.15219855308532715,0.3424291302955481,worker2,worker2,worker2,0,0.0,0.2922687530517578,0.0
model_1,1811,1,0.35561299324035645,4,6,0,0,0.8347752690315247,0.26482200622558594,0.09079098701477051,0.25530840756823947,worker2,worker2,worker2,0,0.0,0.26482200622558594,0.0
model_1,1812,1,0.4098975658416748,0,0,1,0,0.8525217771530151,0.3039243221282959,0.1059732437133789,0.2585359185916992,worker2,worker2,worker2,0,0.0,0.3039243221282959,0.0
model_1,1813,1,0.7513141632080078,4,4,1,1,0.9554936289787292,0.6579654216766357,0.09334874153137207,0.12424728043563804,worker2,worker2,worker2,0,0.0,0.6579654216766357,0.0
model_1,1814,1,0.5288643836975098,7,7,1,0,0.9014183282852173,0.43549537658691406,0.0933690071105957,0.17654621863135184,worker2,worker2,worker2,0,0.0,0.43549537658691406,0.0
model_1,1815,1,0.40178728103637695,9,1,0,0,0.6678369641304016,0.31685328483581543,0.08493399620056152,0.21139045512212662,worker2,worker2,worker2,0,0.0,0.31685328483581543,0.0
model_1,1816,1,0.4997382164001465,9,9,1,0,0.7115132808685303,0.34233760833740234,0.15740060806274414,0.3149661220560157,worker2,worker2,worker2,0,0.0,0.34233760833740234,0.0
model_1,1817,1,0.43007349967956543,9,9,1,0,0.999241828918457,0.31792783737182617,0.11214566230773926,0.26075929437943873,worker2,worker2,worker2,0,0.0,0.31792783737182617,0.0
model_1,1818,1,0.48486876487731934,3,3,1,0,0.9676355719566345,0.34758901596069336,0.13727974891662598,0.2831276396023577,worker2,worker2,worker2,0,0.0,0.34758901596069336,0.0
model_1,1819,1,0.35610485076904297,8,8,1,0,0.9917098879814148,0.26251912117004395,0.09358572959899902,0.2628038607081357,worker2,worker2,worker2,0,0.0,0.26251912117004395,0.0
model_1,1820,1,0.395798921585083,9,9,1,0,0.9990931749343872,0.30527639389038086,0.09052252769470215,0.22870837376762015,worker2,worker2,worker2,0,0.0,0.30527639389038086,0.0
model_1,1821,1,0.41407084465026855,6,6,1,0,0.9180291295051575,0.28992509841918945,0.1241457462310791,0.29981764675060557,worker2,worker2,worker2,0,0.0,0.28992509841918945,0.0
model_1,1822,1,0.43035888671875,4,4,1,0,0.9577369093894958,0.33606791496276855,0.09429097175598145,0.21909846564317118,worker2,worker2,worker2,0,0.0,0.33606791496276855,0.0
model_1,1823,1,0.44001054763793945,1,1,1,0,0.9995300769805908,0.28574562072753906,0.1542649269104004,0.3505937022158308,worker2,worker2,worker2,0,0.0,0.28574562072753906,0.0
model_1,1824,1,0.4044163227081299,3,0,0,0,0.8997759222984314,0.3073878288269043,0.09702849388122559,0.23992229896035067,worker2,worker2,worker2,0,0.0,0.3073878288269043,0.0
model_1,1825,1,0.40447354316711426,8,8,1,0,0.9768545031547546,0.30598926544189453,0.09848427772521973,0.24348756399260824,worker2,worker2,worker2,0,0.0,0.30598926544189453,0.0
model_1,1826,1,0.47545838356018066,6,6,1,0,0.8864215016365051,0.3169064521789551,0.15855193138122559,0.33347173351746573,worker2,worker2,worker2,0,0.0,0.3169064521789551,0.0
model_1,1827,1,0.965907096862793,3,3,1,1,0.9906477332115173,0.7977299690246582,0.16817712783813477,0.17411315061703528,worker2,worker2,worker2,0,0.0,0.7977299690246582,0.0
model_1,1828,1,0.6217687129974365,9,9,1,0,0.9709933996200562,0.5067722797393799,0.11499643325805664,0.18495049823861234,worker2,worker2,worker2,0,0.0,0.5067722797393799,0.0
model_1,1829,1,0.5508487224578857,0,8,0,1,0.9377926588058472,0.4589226245880127,0.09192609786987305,0.16688084064114556,worker2,worker2,worker2,0,0.0,0.4589226245880127,0.0
model_1,1830,1,0.3493518829345703,3,5,0,0,0.6603336334228516,0.2514021396636963,0.09794974327087402,0.2803755985171516,worker2,worker2,worker2,0,0.0,0.2514021396636963,0.0
model_1,1831,1,0.6375095844268799,3,3,1,1,0.8211320042610168,0.552762508392334,0.0847470760345459,0.1329345912669429,worker2,worker2,worker2,0,0.0,0.552762508392334,0.0
model_1,1832,1,0.4797983169555664,0,0,1,0,0.7781983613967896,0.3218536376953125,0.1579446792602539,0.3291897317657348,worker2,worker2,worker2,0,0.0,0.3218536376953125,0.0
model_1,1833,1,0.40363216400146484,5,3,0,0,0.8410595655441284,0.2903714179992676,0.11326074600219727,0.2806038668459192,worker2,worker2,worker2,0,0.0,0.2903714179992676,0.0
model_1,1834,1,0.40294551849365234,9,9,1,0,0.9989362359046936,0.2774314880371094,0.12551403045654297,0.3114913175502167,worker2,worker2,worker2,0,0.0,0.2774314880371094,0.0
model_1,1835,1,0.5761086940765381,2,2,1,1,0.9249035716056824,0.49167776107788086,0.08443093299865723,0.14655382546169365,worker2,worker2,worker2,0,0.0,0.49167776107788086,0.0
model_1,1836,1,0.6531245708465576,4,4,1,1,0.9918110370635986,0.5597269535064697,0.09339761734008789,0.14300123056008918,worker2,worker2,worker2,0,0.0,0.5597269535064697,0.0
model_1,1837,1,0.7349121570587158,5,5,1,1,0.5879268646240234,0.6313283443450928,0.10358381271362305,0.14094720262648644,worker2,worker2,worker2,0,0.0,0.6313283443450928,0.0
model_1,1838,1,0.9096293449401855,9,0,0,1,0.8236268162727356,0.8206155300140381,0.08901381492614746,0.09785723758944995,worker2,worker2,worker2,0,0.0,0.8206155300140381,0.0
model_1,1839,1,0.5814173221588135,3,3,1,0,0.8228225708007812,0.4865853786468506,0.09483194351196289,0.163104778440123,worker2,worker2,worker2,0,0.0,0.4865853786468506,0.0
model_1,1840,1,0.6039607524871826,3,3,1,1,0.9999470710754395,0.5209660530090332,0.08299469947814941,0.1374173721328204,worker2,worker2,worker2,0,0.0,0.5209660530090332,0.0
model_1,1841,1,0.5203633308410645,5,5,1,0,0.9382132887840271,0.36445069313049316,0.1559126377105713,0.2996226453131687,worker2,worker2,worker2,0,0.0,0.36445069313049316,0.0
model_1,1842,1,0.46138715744018555,3,3,1,0,0.8409488201141357,0.36426782608032227,0.09711933135986328,0.2104942233301192,worker2,worker2,worker2,0,0.0,0.36426782608032227,0.0
model_1,1843,1,0.4045863151550293,9,9,1,0,0.9997228980064392,0.25617361068725586,0.14841270446777344,0.36682581419221927,worker2,worker2,worker2,0,0.0,0.25617361068725586,0.0
model_1,1844,1,0.729863166809082,6,6,1,1,0.7982648015022278,0.644507646560669,0.08535552024841309,0.11694729112250218,worker2,worker2,worker2,0,0.0,0.644507646560669,0.0
model_1,1845,1,0.5400910377502441,4,5,0,0,0.8211985230445862,0.44296908378601074,0.0971219539642334,0.17982515386442274,worker2,worker2,worker2,0,0.0,0.44296908378601074,0.0
model_1,1846,1,1.4518918991088867,6,2,0,3,0.47130584716796875,1.3020236492156982,0.14986824989318848,0.1032227330321022,worker2->worker3->worker3,worker2,worker3,0,0.0,0.8415489196777344,0.46047472953796387
model_1,1847,1,0.4078030586242676,4,4,1,0,0.9387040138244629,0.3034532070159912,0.10434985160827637,0.2558829547779824,worker2,worker2,worker2,0,0.0,0.3034532070159912,0.0
model_1,1848,1,0.4051992893218994,9,9,1,0,0.7012901902198792,0.3158226013183594,0.08937668800354004,0.22057464156245643,worker2,worker2,worker2,0,0.0,0.3158226013183594,0.0
model_1,1849,1,0.48959946632385254,4,4,1,0,0.9227330684661865,0.32188844680786133,0.1677110195159912,0.3425473903704306,worker2,worker2,worker2,0,0.0,0.32188844680786133,0.0
model_1,1850,1,0.3856072425842285,5,3,0,0,0.8499209880828857,0.2825019359588623,0.10310530662536621,0.26738425848639197,worker2,worker2,worker2,0,0.0,0.2825019359588623,0.0
model_1,1851,1,0.5285849571228027,7,7,1,1,0.9887598752975464,0.4425041675567627,0.08608078956604004,0.16285137971877894,worker2,worker2,worker2,0,0.0,0.4425041675567627,0.0
model_1,1852,1,0.8056156635284424,5,7,0,1,0.8447838425636292,0.7150394916534424,0.090576171875,0.11243099653536241,worker2,worker2,worker2,0,0.0,0.7150394916534424,0.0
model_1,1853,1,0.5120604038238525,1,1,1,0,0.9989312291145325,0.41673803329467773,0.0953223705291748,0.18615454313074645,worker2,worker2,worker2,0,0.0,0.41673803329467773,0.0
model_1,1854,1,0.3947882652282715,0,0,1,0,0.841573178768158,0.3060634136199951,0.08872485160827637,0.22474034671971457,worker2,worker2,worker2,0,0.0,0.3060634136199951,0.0
model_1,1855,1,0.35426831245422363,8,8,1,0,0.9886736273765564,0.2641568183898926,0.09011149406433105,0.2543594526986511,worker2,worker2,worker2,0,0.0,0.2641568183898926,0.0
model_1,1856,1,0.7331557273864746,7,7,1,1,0.5934956669807434,0.646343469619751,0.08681225776672363,0.1184090289742244,worker2,worker2,worker2,0,0.0,0.646343469619751,0.0
model_1,1857,1,0.4987223148345947,8,8,1,0,0.9910445213317871,0.4039778709411621,0.09474444389343262,0.1899743425855235,worker2,worker2,worker2,0,0.0,0.4039778709411621,0.0
model_1,1858,1,0.39567017555236816,3,3,1,0,0.7475030422210693,0.3068726062774658,0.08879756927490234,0.22442320589601708,worker2,worker2,worker2,0,0.0,0.3068726062774658,0.0
model_1,1859,1,0.5827732086181641,4,4,1,1,0.8726400136947632,0.49547314643859863,0.08730006217956543,0.1498010905246759,worker2,worker2,worker2,0,0.0,0.49547314643859863,0.0
model_1,1860,1,1.2326371669769287,2,2,1,2,0.9734439849853516,1.0363552570343018,0.19628190994262695,0.15923737755207634,worker2->worker3,worker2,worker3,0,0.0,0.8026857376098633,0.23366951942443848
model_1,1861,1,0.8711144924163818,4,4,1,1,0.9906616806983948,0.7842040061950684,0.08691048622131348,0.09976930355071094,worker2,worker2,worker2,0,0.0,0.7842040061950684,0.0
model_1,1862,1,0.6343870162963867,7,7,1,0,0.7599820494651794,0.5294177532196045,0.10496926307678223,0.16546565484521267,worker2,worker2,worker2,0,0.0,0.5294177532196045,0.0
model_1,1863,1,0.38641357421875,1,1,1,0,0.788620114326477,0.30471253395080566,0.08170104026794434,0.2114341879244985,worker2,worker2,worker2,0,0.0,0.30471253395080566,0.0
model_1,1864,1,0.48154687881469727,1,1,1,0,0.8214215040206909,0.391904354095459,0.08964252471923828,0.18615534367056583,worker2,worker2,worker2,0,0.0,0.391904354095459,0.0
model_1,1865,1,0.39904117584228516,0,0,1,0,0.9161893725395203,0.3005712032318115,0.09846997261047363,0.2467664455995698,worker2,worker2,worker2,0,0.0,0.3005712032318115,0.0
model_1,1866,1,0.510246992111206,9,9,1,0,0.9997814297676086,0.3437981605529785,0.16644883155822754,0.32621227392154967,worker2,worker2,worker2,0,0.0,0.3437981605529785,0.0
model_1,1867,1,0.4310605525970459,5,5,1,0,0.8920447826385498,0.3265378475189209,0.104522705078125,0.2424780102201384,worker2,worker2,worker2,0,0.0,0.3265378475189209,0.0
model_1,1868,1,0.38579535484313965,3,3,1,0,0.8620888590812683,0.2951045036315918,0.09069085121154785,0.2350750211816879,worker2,worker2,worker2,0,0.0,0.2951045036315918,0.0
model_1,1869,1,0.662832498550415,5,5,1,1,0.9447901248931885,0.5745625495910645,0.08826994895935059,0.1331708224210385,worker2,worker2,worker2,0,0.0,0.5745625495910645,0.0
model_1,1870,1,0.4737687110900879,9,9,1,0,0.9962844848632812,0.3751988410949707,0.09856986999511719,0.2080548328493858,worker2,worker2,worker2,0,0.0,0.3751988410949707,0.0
model_1,1871,1,1.1878013610839844,8,5,0,2,0.821526288986206,1.036942720413208,0.15085864067077637,0.12700662384584505,worker2->worker3,worker2,worker3,0,0.0,0.8053905963897705,0.2315521240234375
model_1,1872,1,0.4145009517669678,2,2,1,0,0.9731190204620361,0.2625770568847656,0.15192389488220215,0.366522427112818,worker2,worker2,worker2,0,0.0,0.2625770568847656,0.0
model_1,1873,1,0.7518115043640137,0,0,1,1,0.9990750551223755,0.6652133464813232,0.08659815788269043,0.11518599726130441,worker2,worker2,worker2,0,0.0,0.6652133464813232,0.0
model_1,1874,1,0.4822051525115967,9,1,0,0,0.792637050151825,0.37733030319213867,0.10487484931945801,0.21749010514137102,worker2,worker2,worker2,0,0.0,0.37733030319213867,0.0
model_1,1875,1,0.3866281509399414,3,3,1,0,0.9678675532341003,0.30466532707214355,0.08196282386779785,0.21199393698709204,worker2,worker2,worker2,0,0.0,0.30466532707214355,0.0
model_1,1876,1,0.39198732376098633,7,7,1,0,0.9767580628395081,0.3066060543060303,0.08538126945495605,0.21781640445857162,worker2,worker2,worker2,0,0.0,0.3066060543060303,0.0
model_1,1877,1,0.5658993721008301,6,6,1,0,0.8700875639915466,0.40918636322021484,0.15671300888061523,0.27692734186793305,worker2,worker2,worker2,0,0.0,0.40918636322021484,0.0
model_1,1878,1,0.5112020969390869,5,5,1,0,0.8500989675521851,0.4085655212402344,0.10263657569885254,0.20077495048124258,worker2,worker2,worker2,0,0.0,0.4085655212402344,0.0
model_1,1879,1,0.3397998809814453,9,1,0,0,0.9983035326004028,0.2546873092651367,0.0851125717163086,0.2504785212710423,worker2,worker2,worker2,0,0.0,0.2546873092651367,0.0
model_1,1880,1,0.39156246185302734,5,7,0,0,0.5299491286277771,0.3058631420135498,0.08569931983947754,0.21886500415263174,worker2,worker2,worker2,0,0.0,0.3058631420135498,0.0
model_1,1881,1,0.3741295337677002,5,5,1,0,0.561154305934906,0.28719496726989746,0.08693456649780273,0.2323648860925827,worker2,worker2,worker2,0,0.0,0.28719496726989746,0.0
model_1,1882,1,1.2982983589172363,2,2,1,2,0.9978310465812683,1.1464381217956543,0.15186023712158203,0.11696867370935558,worker2->worker3,worker2,worker3,0,0.0,0.8932991027832031,0.25313901901245117
model_1,1883,1,0.34525418281555176,7,7,1,0,0.994330883026123,0.25841856002807617,0.08683562278747559,0.2515121528125455,worker2,worker2,worker2,0,0.0,0.25841856002807617,0.0
model_1,1884,1,0.38298940658569336,0,0,1,0,0.8356835246086121,0.30039238929748535,0.08259701728820801,0.21566397364499176,worker2,worker2,worker2,0,0.0,0.30039238929748535,0.0
model_1,1885,1,0.6733503341674805,9,9,1,1,0.9981174468994141,0.5794751644134521,0.09387516975402832,0.13941504888401676,worker2,worker2,worker2,0,0.0,0.5794751644134521,0.0
model_1,1886,1,0.4065256118774414,7,7,1,0,0.8311330080032349,0.31192946434020996,0.09459614753723145,0.2326941889352598,worker2,worker2,worker2,0,0.0,0.31192946434020996,0.0
model_1,1887,1,0.38864922523498535,3,5,0,0,0.8103694915771484,0.3059999942779541,0.08264923095703125,0.21265765011382645,worker2,worker2,worker2,0,0.0,0.3059999942779541,0.0
model_1,1888,1,0.3907010555267334,7,7,1,0,0.9777878522872925,0.2970585823059082,0.0936424732208252,0.2396780656110047,worker2,worker2,worker2,0,0.0,0.2970585823059082,0.0
model_1,1889,1,0.3618278503417969,5,5,1,0,0.8065717816352844,0.27097487449645996,0.09085297584533691,0.2510944797629967,worker2,worker2,worker2,0,0.0,0.27097487449645996,0.0
model_1,1890,1,0.8091166019439697,0,0,1,1,0.6560958027839661,0.7226274013519287,0.08648920059204102,0.10689337035508052,worker2,worker2,worker2,0,0.0,0.7226274013519287,0.0
model_1,1891,1,0.48765015602111816,8,8,1,0,0.9929681420326233,0.3915245532989502,0.09612560272216797,0.197120008135515,worker2,worker2,worker2,0,0.0,0.3915245532989502,0.0
model_1,1892,1,0.3454306125640869,2,2,1,0,0.8820740580558777,0.2610495090484619,0.084381103515625,0.2442780125631453,worker2,worker2,worker2,0,0.0,0.2610495090484619,0.0
model_1,1893,1,0.38204431533813477,4,4,1,0,0.7002601623535156,0.2959098815917969,0.08613443374633789,0.2254566559120325,worker2,worker2,worker2,0,0.0,0.2959098815917969,0.0
model_1,1894,1,0.604193925857544,9,9,1,1,0.9921368360519409,0.5181500911712646,0.0860438346862793,0.1424109561580839,worker2,worker2,worker2,0,0.0,0.5181500911712646,0.0
model_1,1895,1,0.9694490432739258,6,6,1,1,0.9985511898994446,0.8130900859832764,0.15635895729064941,0.1612864114679093,worker2,worker2,worker2,0,0.0,0.8130900859832764,0.0
model_1,1896,1,0.6240460872650146,4,4,1,0,0.972734808921814,0.5230751037597656,0.10097098350524902,0.1618005233359784,worker2,worker2,worker2,0,0.0,0.5230751037597656,0.0
model_1,1897,1,0.40134286880493164,5,3,0,0,0.854764461517334,0.31420135498046875,0.08714151382446289,0.21712485906113627,worker2,worker2,worker2,0,0.0,0.31420135498046875,0.0
model_1,1898,1,1.3010036945343018,0,2,0,3,0.5632382035255432,1.1436452865600586,0.15735840797424316,0.12095154582214318,worker2->worker3->worker3,worker2,worker3,0,0.0,0.5834112167358398,0.5602340698242188
model_1,1899,1,0.3411080837249756,0,0,1,0,0.9578691720962524,0.2543013095855713,0.0868067741394043,0.25448465832722333,worker2,worker2,worker2,0,0.0,0.2543013095855713,0.0
model_1,1900,1,1.0739285945892334,2,2,1,2,0.8221949934959412,0.8806180953979492,0.19331049919128418,0.18000312140419675,worker2->worker3,worker2,worker3,0,0.0,0.6567802429199219,0.22383785247802734
model_1,1901,1,0.34211230278015137,7,5,0,0,0.9496379494667053,0.2594897747039795,0.08262252807617188,0.24150703556915598,worker2,worker2,worker2,0,0.0,0.2594897747039795,0.0
model_1,1902,1,0.6133213043212891,0,0,1,1,0.9705402255058289,0.5306272506713867,0.08269405364990234,0.13482990573988438,worker2,worker2,worker2,0,0.0,0.5306272506713867,0.0
model_1,1903,1,0.7885537147521973,8,8,1,1,0.7227938175201416,0.6979272365570068,0.09062647819519043,0.11492746340516545,worker2,worker2,worker2,0,0.0,0.6979272365570068,0.0
model_1,1904,1,0.5308663845062256,4,4,1,0,0.9103391766548157,0.4195280075073242,0.11133837699890137,0.209729567078278,worker2,worker2,worker2,0,0.0,0.4195280075073242,0.0
model_1,1905,1,0.36586976051330566,1,1,1,0,0.9655936360359192,0.28174924850463867,0.08412051200866699,0.22991928026696748,worker2,worker2,worker2,0,0.0,0.28174924850463867,0.0
model_1,1906,1,0.34646058082580566,7,7,1,0,0.9353451132774353,0.2588498592376709,0.08761072158813477,0.25287356321839083,worker2,worker2,worker2,0,0.0,0.2588498592376709,0.0
model_1,1907,1,0.3834800720214844,8,8,1,0,0.9796841144561768,0.2607150077819824,0.12276506423950195,0.32013414306604193,worker2,worker2,worker2,0,0.0,0.2607150077819824,0.0
model_1,1908,1,0.34998559951782227,5,3,0,0,0.7672160863876343,0.26135849952697754,0.08862709999084473,0.2532307046716977,worker2,worker2,worker2,0,0.0,0.26135849952697754,0.0
model_1,1909,1,0.4710209369659424,3,3,1,0,0.9718604683876038,0.3502323627471924,0.12078857421875,0.2564399259973527,worker2,worker2,worker2,0,0.0,0.3502323627471924,0.0
model_1,1910,1,0.49360132217407227,4,4,1,0,0.9879022836685181,0.39769887924194336,0.0959024429321289,0.19429130073988776,worker2,worker2,worker2,0,0.0,0.39769887924194336,0.0
model_1,1911,1,0.4119088649749756,0,0,1,0,0.7780067920684814,0.30910491943359375,0.10280394554138184,0.24957934699372739,worker2,worker2,worker2,0,0.0,0.30910491943359375,0.0
model_1,1912,1,0.4205644130706787,2,2,1,0,0.9691025614738464,0.3107602596282959,0.10980415344238281,0.2610876004478522,worker2,worker2,worker2,0,0.0,0.3107602596282959,0.0
model_1,1913,1,0.41098475456237793,7,9,0,0,0.8328974843025208,0.31650400161743164,0.09448075294494629,0.22988870486339733,worker2,worker2,worker2,0,0.0,0.31650400161743164,0.0
model_1,1914,1,0.47245264053344727,7,7,1,0,0.9824432134628296,0.3104085922241211,0.16204404830932617,0.34298474472777185,worker2,worker2,worker2,0,0.0,0.3104085922241211,0.0
model_1,1915,1,0.36750197410583496,7,7,1,0,0.9997101426124573,0.2639272212982178,0.10357475280761719,0.28183454812623465,worker2,worker2,worker2,0,0.0,0.2639272212982178,0.0
model_1,1916,1,0.38956475257873535,0,0,1,0,0.990145742893219,0.3054525852203369,0.08411216735839844,0.21591318722141947,worker2,worker2,worker2,0,0.0,0.3054525852203369,0.0
model_1,1917,1,0.7846581935882568,3,3,1,1,0.9303693175315857,0.6973636150360107,0.0872945785522461,0.11125172624916631,worker2,worker2,worker2,0,0.0,0.6973636150360107,0.0
model_1,1918,1,0.5622172355651855,8,8,1,0,0.9969298243522644,0.47339797019958496,0.08881926536560059,0.15798033170632414,worker2,worker2,worker2,0,0.0,0.47339797019958496,0.0
model_1,1919,1,0.40494871139526367,8,8,1,0,0.9908109903335571,0.3207249641418457,0.08422374725341797,0.2079862088293166,worker2,worker2,worker2,0,0.0,0.3207249641418457,0.0
model_1,1920,1,0.4024794101715088,7,7,1,0,0.9972502589225769,0.30559206008911133,0.09688735008239746,0.2407262275630716,worker2,worker2,worker2,0,0.0,0.30559206008911133,0.0
model_1,1921,1,0.7377479076385498,7,7,1,1,0.9969885945320129,0.6481468677520752,0.08960103988647461,0.12145210980438795,worker2,worker2,worker2,0,0.0,0.6481468677520752,0.0
model_1,1922,1,0.5186114311218262,1,8,0,0,0.49501070380210876,0.41553807258605957,0.1030733585357666,0.19874872081551517,worker2,worker2,worker2,0,0.0,0.41553807258605957,0.0
model_1,1923,1,0.6239984035491943,3,3,1,1,0.9997081160545349,0.5409634113311768,0.08303499221801758,0.1330692382315868,worker2,worker2,worker2,0,0.0,0.5409634113311768,0.0
model_1,1924,1,0.7269883155822754,2,2,1,1,0.8892104029655457,0.6415696144104004,0.085418701171875,0.11749666307010669,worker2,worker2,worker2,0,0.0,0.6415696144104004,0.0
model_1,1925,1,0.545233964920044,7,7,1,0,0.9080207347869873,0.44051122665405273,0.10472273826599121,0.19206935921783289,worker2,worker2,worker2,0,0.0,0.44051122665405273,0.0
model_1,1926,1,0.4112541675567627,9,9,1,0,0.9968937635421753,0.3256649971008301,0.08558917045593262,0.20811745438207457,worker2,worker2,worker2,0,0.0,0.3256649971008301,0.0
model_1,1927,1,0.427034854888916,9,1,0,0,0.7825345396995544,0.33975648880004883,0.08727836608886719,0.2043823006240809,worker2,worker2,worker2,0,0.0,0.33975648880004883,0.0
model_1,1928,1,1.3931007385253906,8,9,0,3,0.5444834232330322,1.238276481628418,0.15482425689697266,0.1111364401836837,worker2->worker3->worker3,worker2,worker3,0,0.0,0.8581969738006592,0.3800795078277588
model_1,1929,1,0.34377622604370117,9,9,1,0,0.9861089587211609,0.25524187088012695,0.08853435516357422,0.25753483939962635,worker2,worker2,worker2,0,0.0,0.25524187088012695,0.0
model_1,1930,1,0.5798687934875488,5,5,1,1,0.9950279593467712,0.4915347099304199,0.0883340835571289,0.15233460491269848,worker2,worker2,worker2,0,0.0,0.4915347099304199,0.0
model_1,1931,1,0.674109697341919,8,0,0,1,0.663911759853363,0.5873973369598389,0.08671236038208008,0.1286324180233506,worker2,worker2,worker2,0,0.0,0.5873973369598389,0.0
model_1,1932,1,0.7314682006835938,4,4,1,1,0.9803589582443237,0.6311995983123779,0.10026860237121582,0.13707855280312908,worker2,worker2,worker2,0,0.0,0.6311995983123779,0.0
model_1,1933,1,0.8575880527496338,2,6,0,1,0.9097738265991211,0.7609009742736816,0.09668707847595215,0.11274303340158494,worker2,worker2,worker2,0,0.0,0.7609009742736816,0.0
model_1,1934,1,0.5521194934844971,8,8,1,0,0.6062305569648743,0.4493088722229004,0.10281062126159668,0.18621081572893874,worker2,worker2,worker2,0,0.0,0.4493088722229004,0.0
model_1,1935,1,0.39052820205688477,4,2,0,0,0.8077419996261597,0.3079962730407715,0.08253192901611328,0.21133410745094305,worker2,worker2,worker2,0,0.0,0.3079962730407715,0.0
model_1,1936,1,0.3941018581390381,5,5,1,0,0.9739968180656433,0.3099801540374756,0.0841217041015625,0.21345168099127457,worker2,worker2,worker2,0,0.0,0.3099801540374756,0.0
model_1,1937,1,0.6191506385803223,7,7,1,1,0.9938012957572937,0.533888578414917,0.08526206016540527,0.1377081034122914,worker2,worker2,worker2,0,0.0,0.533888578414917,0.0
model_1,1938,1,1.2691314220428467,1,1,1,2,0.797435462474823,1.06807279586792,0.20105862617492676,0.15842222695211064,worker2->worker3,worker2,worker3,0,0.0,0.826524019241333,0.24154877662658691
model_1,1939,1,1.0742511749267578,0,5,0,2,0.7517062425613403,0.9222383499145508,0.15201282501220703,0.14150584943281186,worker2->worker3,worker2,worker3,0,0.0,0.7030868530273438,0.21915149688720703
model_1,1940,1,0.5688245296478271,4,4,1,1,0.9712494015693665,0.48169898986816406,0.08712553977966309,0.15316769098126726,worker2,worker2,worker2,0,0.0,0.48169898986816406,0.0
model_1,1941,1,0.8959379196166992,4,4,1,1,0.9943687319755554,0.801954984664917,0.09398293495178223,0.10489893651559036,worker2,worker2,worker2,0,0.0,0.801954984664917,0.0
model_1,1942,1,0.6028876304626465,9,9,1,0,0.9987928867340088,0.504572868347168,0.09831476211547852,0.16307311204914474,worker2,worker2,worker2,0,0.0,0.504572868347168,0.0
model_1,1943,1,0.37950754165649414,0,0,1,0,0.9184367060661316,0.2933938503265381,0.08611369132995605,0.2269090383660956,worker2,worker2,worker2,0,0.0,0.2933938503265381,0.0
model_1,1944,1,0.37686705589294434,7,7,1,0,0.9933308959007263,0.29293036460876465,0.08393669128417969,0.222722283552488,worker2,worker2,worker2,0,0.0,0.29293036460876465,0.0
model_1,1945,1,0.5727272033691406,2,2,1,1,0.8583371639251709,0.4874100685119629,0.08531713485717773,0.14896644398116388,worker2,worker2,worker2,0,0.0,0.4874100685119629,0.0
model_1,1946,1,1.4652605056762695,0,3,0,3,0.5228296518325806,1.2801353931427002,0.18512511253356934,0.12634279830543002,worker2->worker3->worker3,worker2,worker3,0,0.0,0.8598504066467285,0.4202849864959717
model_1,1947,1,0.341916561126709,7,7,1,0,0.9391677975654602,0.2572011947631836,0.08471536636352539,0.2477661979412901,worker2,worker2,worker2,0,0.0,0.2572011947631836,0.0
model_1,1948,1,0.4549746513366699,6,6,1,0,0.9143998026847839,0.30107951164245605,0.15389513969421387,0.3382499206100502,worker2,worker2,worker2,0,0.0,0.30107951164245605,0.0
model_1,1949,1,0.7280182838439941,2,2,1,1,0.9453743100166321,0.6427571773529053,0.08526110649108887,0.11711396318359407,worker2,worker2,worker2,0,0.0,0.6427571773529053,0.0
model_1,1950,1,0.5380876064300537,0,0,1,0,0.9944249391555786,0.44396233558654785,0.09412527084350586,0.17492555063288054,worker2,worker2,worker2,0,0.0,0.44396233558654785,0.0
model_1,1951,1,0.3815884590148926,5,5,1,0,0.6082179546356201,0.3001279830932617,0.08146047592163086,0.21347730518875999,worker2,worker2,worker2,0,0.0,0.3001279830932617,0.0
model_1,1952,1,0.6085445880889893,4,4,1,1,0.9279145002365112,0.5143022537231445,0.09424233436584473,0.1548651260900925,worker2,worker2,worker2,0,0.0,0.5143022537231445,0.0
model_1,1953,1,0.46659374237060547,4,4,1,0,0.9880373477935791,0.3629946708679199,0.10359907150268555,0.22203270660325103,worker2,worker2,worker2,0,0.0,0.3629946708679199,0.0
model_1,1954,1,0.3844928741455078,9,9,1,0,0.8806365132331848,0.2907676696777344,0.09372520446777344,0.2437631768236724,worker2,worker2,worker2,0,0.0,0.2907676696777344,0.0
model_1,1955,1,0.42336153984069824,2,2,1,0,0.8356453776359558,0.26093578338623047,0.16242575645446777,0.38365732634944844,worker2,worker2,worker2,0,0.0,0.26093578338623047,0.0
model_1,1956,1,1.3655345439910889,3,6,0,3,0.4443945288658142,1.1932194232940674,0.17231512069702148,0.1261887672159438,worker2->worker3->worker3,worker2,worker3,0,0.0,0.8122274875640869,0.38099193572998047
model_1,1957,1,0.3365325927734375,7,7,1,0,0.5498101115226746,0.25066590309143066,0.08586668968200684,0.2551511845386534,worker2,worker2,worker2,0,0.0,0.25066590309143066,0.0
model_1,1958,1,0.6299152374267578,9,1,0,0,0.6007573008537292,0.47510361671447754,0.15481162071228027,0.24576579754554786,worker2,worker2,worker2,0,0.0,0.47510361671447754,0.0
model_1,1959,1,0.45722317695617676,9,9,1,0,0.9851765632629395,0.3491182327270508,0.10810494422912598,0.2364380234370478,worker2,worker2,worker2,0,0.0,0.3491182327270508,0.0
model_1,1960,1,0.38445568084716797,6,6,1,0,0.9989342093467712,0.30293703079223633,0.08151865005493164,0.2120365340298811,worker2,worker2,worker2,0,0.0,0.30293703079223633,0.0
model_1,1961,1,0.3498520851135254,4,2,0,0,0.9683416485786438,0.2650790214538574,0.08477306365966797,0.24231115739144302,worker2,worker2,worker2,0,0.0,0.2650790214538574,0.0
model_1,1962,1,0.38442063331604004,9,9,1,0,0.9984031319618225,0.2975475788116455,0.08687305450439453,0.2259843696604454,worker2,worker2,worker2,0,0.0,0.2975475788116455,0.0
model_1,1963,1,0.5870363712310791,9,1,0,1,0.9145392179489136,0.5018348693847656,0.08520150184631348,0.14513836965099225,worker2,worker2,worker2,0,0.0,0.5018348693847656,0.0
model_1,1964,1,0.4284939765930176,3,3,1,0,0.8253145217895508,0.3191690444946289,0.10932493209838867,0.2551376170270538,worker2,worker2,worker2,0,0.0,0.3191690444946289,0.0
model_1,1965,1,0.4116203784942627,0,7,0,0,0.9419671893119812,0.2608194351196289,0.1508009433746338,0.3663592748402657,worker2,worker2,worker2,0,0.0,0.2608194351196289,0.0
model_1,1966,1,0.72867751121521,6,6,1,1,0.996085524559021,0.6388707160949707,0.08980679512023926,0.12324628349030443,worker2,worker2,worker2,0,0.0,0.6388707160949707,0.0
model_1,1967,1,0.5051746368408203,8,8,1,0,0.4988536834716797,0.3980445861816406,0.10713005065917969,0.21206537867604028,worker2,worker2,worker2,0,0.0,0.3980445861816406,0.0
model_1,1968,1,0.3862771987915039,4,4,1,0,0.7305753827095032,0.30057811737060547,0.08569908142089844,0.22185902167928678,worker2,worker2,worker2,0,0.0,0.30057811737060547,0.0
model_1,1969,1,0.36037135124206543,8,8,1,0,0.739068329334259,0.2601902484893799,0.10018110275268555,0.27799408140352644,worker2,worker2,worker2,0,0.0,0.2601902484893799,0.0
model_1,1970,1,0.7114489078521729,6,6,1,1,0.996459424495697,0.6274220943450928,0.08402681350708008,0.11810660270848211,worker2,worker2,worker2,0,0.0,0.6274220943450928,0.0
model_1,1971,1,0.49262070655822754,3,6,0,0,0.6340110898017883,0.38435912132263184,0.1082615852355957,0.21976661515505994,worker2,worker2,worker2,0,0.0,0.38435912132263184,0.0
model_1,1972,1,0.6739490032196045,0,0,1,1,0.7937355041503906,0.5842671394348145,0.08968186378479004,0.13306921348107914,worker2,worker2,worker2,0,0.0,0.5842671394348145,0.0
model_1,1973,1,1.2100155353546143,0,0,1,2,0.9481796622276306,1.042959451675415,0.16705608367919922,0.13806110648838965,worker2->worker3,worker2,worker3,0,0.0,0.7845211029052734,0.2584383487701416
model_1,1974,1,0.7988500595092773,3,2,0,1,0.7795742750167847,0.646857738494873,0.1519923210144043,0.19026389145889416,worker2,worker2,worker2,0,0.0,0.646857738494873,0.0
model_1,1975,1,0.6593773365020752,1,1,1,1,0.9911893606185913,0.5634970664978027,0.09588027000427246,0.14541032076247393,worker2,worker2,worker2,0,0.0,0.5634970664978027,0.0
model_1,1976,1,0.44992566108703613,5,5,1,0,0.9770979881286621,0.35630369186401367,0.09362196922302246,0.20808319533682187,worker2,worker2,worker2,0,0.0,0.35630369186401367,0.0
model_1,1977,1,0.45594310760498047,6,6,1,0,0.7057221531867981,0.30371785163879395,0.15222525596618652,0.3338689705516314,worker2,worker2,worker2,0,0.0,0.30371785163879395,0.0
model_1,1978,1,1.4111545085906982,5,6,0,3,0.28236478567123413,1.2541320323944092,0.15702247619628906,0.11127234844971397,worker2->worker3->worker3,worker2,worker3,0,0.0,0.8638534545898438,0.39027857780456543
model_1,1979,1,0.37174367904663086,8,1,0,0,0.6568609476089478,0.28405046463012695,0.0876932144165039,0.23589698859547745,worker2,worker2,worker2,0,0.0,0.28405046463012695,0.0
model_1,1980,1,0.34730100631713867,8,8,1,0,0.8645617961883545,0.2609217166900635,0.0863792896270752,0.2487159209328572,worker2,worker2,worker2,0,0.0,0.2609217166900635,0.0
model_1,1981,1,0.6411068439483643,1,8,0,1,0.7896533012390137,0.555384635925293,0.08572220802307129,0.13370970663039045,worker2,worker2,worker2,0,0.0,0.555384635925293,0.0
model_1,1982,1,0.812446117401123,2,2,1,1,0.9773979783058167,0.6461796760559082,0.16626644134521484,0.2046491918468057,worker2,worker2,worker2,0,0.0,0.6461796760559082,0.0
model_1,1983,1,0.7206137180328369,0,4,0,1,0.784273624420166,0.6270599365234375,0.09355378150939941,0.12982514649427804,worker2,worker2,worker2,0,0.0,0.6270599365234375,0.0
model_1,1984,1,0.8118762969970703,9,0,0,1,0.929993748664856,0.7145333290100098,0.09734296798706055,0.11989876825707084,worker2,worker2,worker2,0,0.0,0.7145333290100098,0.0
model_1,1985,1,0.5426881313323975,3,3,1,0,0.9369903206825256,0.4425642490386963,0.10012388229370117,0.18449617102898297,worker2,worker2,worker2,0,0.0,0.4425642490386963,0.0
model_1,1986,1,1.19850492477417,1,1,1,2,0.7556972503662109,1.0473792552947998,0.15112566947937012,0.12609515935685137,worker2->worker3,worker2,worker3,0,0.0,0.7936866283416748,0.253692626953125
model_1,1987,1,0.3546409606933594,4,4,1,0,0.976434588432312,0.271944522857666,0.08269643783569336,0.2331835490012585,worker2,worker2,worker2,0,0.0,0.271944522857666,0.0
model_1,1988,1,0.44881415367126465,4,4,1,0,0.9776291847229004,0.29535913467407227,0.15345501899719238,0.3419121650730984,worker2,worker2,worker2,0,0.0,0.29535913467407227,0.0
model_1,1989,1,0.48738980293273926,9,1,0,0,0.8249476552009583,0.38980650901794434,0.09758329391479492,0.20021611721790905,worker2,worker2,worker2,0,0.0,0.38980650901794434,0.0
model_1,1990,1,0.3955540657043457,9,9,1,0,0.9728596806526184,0.3040001392364502,0.09155392646789551,0.23145742745652093,worker2,worker2,worker2,0,0.0,0.3040001392364502,0.0
model_1,1991,1,0.7649760246276855,3,3,1,1,0.9762141108512878,0.676175594329834,0.08880043029785156,0.11608263192440679,worker2,worker2,worker2,0,0.0,0.676175594329834,0.0
model_1,1992,1,0.45911693572998047,9,9,1,0,0.8943536281585693,0.3584411144256592,0.10067582130432129,0.21928143675260012,worker2,worker2,worker2,0,0.0,0.3584411144256592,0.0
model_1,1993,1,0.3922436237335205,9,9,1,0,0.9845948219299316,0.3085448741912842,0.08369874954223633,0.2133846020122916,worker2,worker2,worker2,0,0.0,0.3085448741912842,0.0
model_1,1994,1,0.38439393043518066,4,4,1,0,0.9905498623847961,0.29935789108276367,0.08503603935241699,0.22122107718024023,worker2,worker2,worker2,0,0.0,0.29935789108276367,0.0
model_1,1995,1,0.5460975170135498,9,9,1,0,0.9515076875686646,0.3734152317047119,0.1726822853088379,0.31621144562822334,worker2,worker2,worker2,0,0.0,0.3734152317047119,0.0
model_1,1996,1,0.47080159187316895,8,8,1,0,0.9989762306213379,0.3617589473724365,0.10904264450073242,0.23161061131269037,worker2,worker2,worker2,0,0.0,0.3617589473724365,0.0
model_1,1997,1,0.34365034103393555,1,0,0,0,0.9098419547080994,0.25984668731689453,0.08380365371704102,0.2438631472470018,worker2,worker2,worker2,0,0.0,0.25984668731689453,0.0
model_1,1998,1,0.5836460590362549,3,3,1,1,0.8951922059059143,0.49601221084594727,0.08763384819030762,0.15014895900267525,worker2,worker2,worker2,0,0.0,0.49601221084594727,0.0
model_1,1999,1,1.3146696090698242,5,5,1,2,0.67513108253479,1.1558246612548828,0.1588449478149414,0.12082499414231526,worker2->worker3,worker2,worker3,0,0.0,0.9035966396331787,0.2522280216217041
