sample_index,batch_size,latency_sec,predicted_class,true_class,correct,exit_id
0,1,0.22188115119934082,4,4,1,0
1,1,0.21530508995056152,3,3,1,0
2,1,0.3676271438598633,5,3,0,1
3,1,0.3757750988006592,4,4,1,1
4,1,0.38396453857421875,2,2,1,1
5,1,0.22866106033325195,8,8,1,0
6,1,0.3850390911102295,0,0,1,1
7,1,0.2337474822998047,2,2,1,0
8,1,0.2281055450439453,2,2,1,0
9,1,0.39987921714782715,2,2,1,1
10,1,0.7602248191833496,2,6,0,3
11,1,0.4114506244659424,6,6,1,1
12,1,0.6539711952209473,2,2,1,2
13,1,0.25598597526550293,0,0,1,0
14,1,0.24383234977722168,5,5,1,0
15,1,0.25470876693725586,4,4,1,0
16,1,0.2403092384338379,0,0,1,0
17,1,0.24813604354858398,8,8,1,0
18,1,0.24352145195007324,1,1,1,0
19,1,0.2533702850341797,0,0,1,0
20,1,0.4048612117767334,6,6,1,1
21,1,0.2478632926940918,9,9,1,0
22,1,0.2529621124267578,5,5,1,0
23,1,0.42302775382995605,9,1,0,1
24,1,0.43102478981018066,2,2,1,1
25,1,0.255110502243042,9,9,1,0
26,1,0.25972938537597656,4,5,0,0
27,1,0.4364962577819824,4,4,1,1
28,1,0.2483522891998291,4,6,0,0
29,1,0.25435495376586914,8,8,1,0
30,1,0.3031175136566162,6,6,1,0
31,1,0.4258236885070801,7,7,1,1
32,1,0.2556591033935547,1,1,1,0
33,1,0.4303615093231201,2,2,1,1
34,1,0.4372997283935547,5,5,1,1
35,1,0.26282501220703125,6,6,1,0
36,1,0.25656795501708984,1,1,1,0
37,1,0.25805091857910156,0,0,1,0
38,1,0.2579805850982666,1,1,1,0
39,1,0.2587566375732422,3,3,1,0
40,1,0.30252981185913086,2,2,1,0
41,1,0.2600514888763428,6,6,1,0
42,1,0.4359767436981201,3,3,1,1
43,1,0.4346437454223633,2,2,1,1
44,1,0.25504541397094727,0,0,1,0
45,1,0.26245760917663574,4,2,0,0
46,1,0.43314552307128906,6,6,1,1
47,1,0.4581279754638672,3,3,1,1
48,1,0.2692246437072754,6,6,1,0
49,1,0.2560701370239258,5,5,1,0
50,1,0.2584724426269531,6,6,1,0
51,1,0.2618894577026367,4,2,0,0
52,1,0.25461602210998535,1,1,1,0
53,1,0.2514350414276123,8,8,1,0
54,1,0.2606058120727539,4,4,1,0
55,1,0.25928735733032227,2,2,1,0
56,1,0.2589712142944336,1,1,1,0
57,1,0.26239967346191406,8,8,1,0
58,1,0.25673770904541016,0,0,1,0
59,1,0.42893528938293457,2,2,1,1
60,1,0.25838780403137207,0,0,1,0
61,1,0.7646768093109131,0,0,1,2
62,1,0.2588536739349365,4,4,1,0
63,1,0.48482799530029297,4,4,1,1
64,1,0.2588834762573242,6,6,1,0
65,1,0.25960636138916016,3,3,1,0
66,1,0.8507583141326904,3,7,0,3
67,1,0.2935912609100342,9,9,1,0
68,1,0.4362626075744629,5,5,1,1
69,1,0.2668468952178955,6,6,1,0
70,1,0.30184102058410645,9,9,1,0
71,1,0.897883415222168,3,7,0,3
72,1,0.2587621212005615,1,1,1,0
73,1,0.2595973014831543,6,6,1,0
74,1,0.258070707321167,4,4,1,0
75,1,0.49024319648742676,0,0,1,1
76,1,0.261354923248291,7,7,1,0
77,1,0.25399255752563477,8,8,1,0
78,1,0.5280153751373291,7,7,1,1
79,1,0.258098840713501,3,3,1,0
80,1,0.2609589099884033,3,5,0,0
81,1,0.6935913562774658,2,2,1,2
82,1,0.26398730278015137,8,8,1,0
83,1,0.29210400581359863,4,4,1,0
84,1,0.26907849311828613,4,4,1,0
85,1,0.2570970058441162,1,1,1,0
86,1,0.26021385192871094,6,6,1,0
87,1,0.25690340995788574,6,6,1,0
88,1,0.25942134857177734,4,5,0,0
89,1,0.26189517974853516,9,9,1,0
90,1,0.25510549545288086,5,5,1,0
91,1,0.30549025535583496,1,1,1,0
92,1,0.25817203521728516,0,0,1,0
93,1,0.2586326599121094,8,8,1,0
94,1,0.4387505054473877,9,9,1,1
95,1,0.4923534393310547,4,6,0,1
96,1,0.2836616039276123,4,4,1,0
97,1,0.26877927780151367,8,8,1,0
98,1,0.30507445335388184,3,3,1,0
99,1,0.2518439292907715,0,0,1,0
100,1,0.4775044918060303,5,5,1,1
101,1,0.25772786140441895,8,8,1,0
102,1,0.26467466354370117,3,3,1,0
103,1,0.2580111026763916,0,0,1,0
104,1,0.30116844177246094,7,7,1,0
105,1,0.26143908500671387,2,2,1,0
106,1,0.435931921005249,3,3,1,1
107,1,0.2621140480041504,1,1,1,0
108,1,0.25679612159729004,8,8,1,0
109,1,0.26007819175720215,9,9,1,0
110,1,0.2597346305847168,8,8,1,0
111,1,0.4928324222564697,8,8,1,1
112,1,0.4357295036315918,7,7,1,1
113,1,0.4860062599182129,7,7,1,1
114,1,0.2582828998565674,3,3,1,0
115,1,0.2610130310058594,2,2,1,0
116,1,0.3087794780731201,8,8,1,0
117,1,0.2580256462097168,2,2,1,0
118,1,0.2621424198150635,1,1,1,0
119,1,0.2921581268310547,4,4,1,0
120,1,0.4386277198791504,2,2,1,1
121,1,0.44393038749694824,0,0,1,1
122,1,0.2833709716796875,6,6,1,0
123,1,0.5092802047729492,4,4,1,1
124,1,0.764826774597168,6,6,1,2
125,1,0.3067457675933838,2,2,1,0
126,1,0.26021695137023926,3,3,1,0
127,1,0.2574276924133301,2,2,1,0
128,1,0.24764132499694824,3,3,1,0
129,1,0.3025929927825928,9,9,1,0
130,1,0.2941443920135498,8,8,1,0
131,1,0.2583773136138916,3,3,1,0
132,1,0.30670857429504395,9,9,1,0
133,1,0.2585742473602295,7,7,1,0
134,1,0.2594919204711914,6,6,1,0
135,1,0.48030829429626465,2,6,0,1
136,1,0.4455592632293701,4,4,1,1
137,1,0.30424046516418457,0,8,0,0
138,1,0.25685834884643555,3,3,1,0
139,1,0.2626922130584717,2,2,1,0
140,1,0.25844740867614746,2,2,1,0
141,1,0.26065611839294434,9,9,1,0
142,1,0.25229740142822266,3,6,0,0
143,1,0.48305654525756836,4,7,0,1
144,1,0.3026437759399414,7,7,1,0
145,1,0.2598099708557129,0,0,1,0
146,1,0.3031635284423828,6,6,1,0
147,1,0.44011926651000977,1,1,1,1
148,1,0.46775364875793457,3,3,1,1
149,1,0.29214954376220703,3,5,0,0
150,1,0.3085784912109375,8,8,1,0
151,1,0.2581052780151367,5,2,0,0
152,1,0.25888991355895996,3,3,1,0
153,1,0.7849197387695312,2,2,1,2
154,1,0.2682929039001465,0,0,1,0
155,1,0.30242204666137695,7,7,1,0
156,1,0.43737268447875977,2,4,0,1
157,1,0.3387148380279541,8,8,1,0
158,1,0.2564983367919922,4,4,1,0
159,1,0.2555665969848633,7,7,1,0
160,1,0.3051187992095947,7,7,1,0
161,1,0.2681102752685547,9,9,1,0
162,1,0.2874910831451416,1,1,1,0
163,1,0.30732131004333496,8,8,1,0
164,1,0.4802055358886719,5,3,0,1
165,1,0.2987051010131836,6,6,1,0
166,1,0.3043069839477539,1,1,1,0
167,1,0.8719511032104492,3,3,1,3
168,1,0.2664361000061035,9,9,1,0
169,1,0.44212913513183594,7,7,1,1
170,1,0.44123363494873047,8,8,1,1
171,1,0.26520371437072754,3,5,0,0
172,1,0.29929208755493164,6,6,1,0
173,1,0.2594027519226074,8,8,1,0
174,1,0.33284783363342285,6,6,1,0
175,1,0.2609739303588867,7,7,1,0
176,1,0.29620361328125,0,0,1,0
177,1,0.2612760066986084,0,0,1,0
178,1,0.3046860694885254,3,3,1,0
179,1,0.25645971298217773,9,9,1,0
180,1,0.5239748954772949,2,4,0,1
181,1,0.2674894332885742,7,7,1,0
182,1,0.5335309505462646,4,2,0,1
183,1,0.47430992126464844,7,7,1,1
184,1,0.7407958507537842,7,7,1,2
185,1,0.5232174396514893,3,3,1,1
186,1,0.49846839904785156,5,5,1,1
187,1,0.26349353790283203,1,9,0,0
188,1,0.2772681713104248,4,4,1,0
189,1,0.2983381748199463,9,9,1,0
190,1,0.3002500534057617,9,9,1,0
191,1,0.2631652355194092,1,1,1,0
192,1,0.48952150344848633,5,5,1,1
193,1,0.2580404281616211,4,4,1,0
194,1,0.7588186264038086,0,0,1,2
195,1,0.28255391120910645,5,5,1,0
196,1,0.26633739471435547,8,8,1,0
197,1,0.2647831439971924,5,5,1,0
198,1,0.808100700378418,2,2,1,2
199,1,0.5164806842803955,2,2,1,1
200,1,0.30957746505737305,3,3,1,0
201,1,0.2607283592224121,7,3,0,0
202,1,0.25889158248901367,7,7,1,0
203,1,0.263643741607666,3,3,1,0
204,1,0.4407687187194824,5,5,1,1
205,1,0.9227986335754395,3,5,0,3
206,1,0.30859827995300293,9,9,1,0
207,1,0.2668321132659912,3,3,1,0
208,1,0.510432243347168,4,3,0,1
209,1,0.30801963806152344,7,7,1,0
210,1,0.25129032135009766,4,4,1,0
211,1,0.26203298568725586,5,5,1,0
212,1,0.33658552169799805,9,9,1,0
213,1,0.2552456855773926,9,9,1,0
214,1,0.29946351051330566,1,1,1,0
215,1,0.2623753547668457,8,8,1,0
216,1,0.30024194717407227,0,0,1,0
217,1,0.322587251663208,2,2,1,0
218,1,0.2736818790435791,6,6,1,0
219,1,0.48972177505493164,0,7,0,1
220,1,0.2830338478088379,7,7,1,0
221,1,0.2880592346191406,9,9,1,0
222,1,0.5143179893493652,5,6,0,1
223,1,0.43665528297424316,2,2,1,1
224,1,0.2719554901123047,0,0,1,0
225,1,0.2786400318145752,9,9,1,0
226,1,0.29846858978271484,2,2,1,0
227,1,0.26550912857055664,3,5,0,0
228,1,0.29500675201416016,8,8,1,0
229,1,0.2584202289581299,7,7,1,0
230,1,0.3038642406463623,0,8,0,0
231,1,0.261030912399292,4,6,0,0
232,1,0.32445454597473145,7,7,1,0
233,1,0.25829100608825684,2,2,1,0
234,1,0.48396730422973633,5,3,0,1
235,1,0.3107333183288574,3,3,1,0
236,1,0.2547626495361328,8,8,1,0
237,1,0.3063368797302246,3,5,0,0
238,1,0.25702810287475586,0,0,1,0
239,1,0.48541975021362305,5,7,0,1
240,1,0.2611567974090576,2,2,1,0
241,1,0.34316492080688477,6,6,1,0
242,1,0.2581498622894287,3,3,1,0
243,1,0.29354047775268555,8,8,1,0
244,1,0.25582218170166016,3,3,1,0
245,1,0.30890536308288574,2,2,1,0
246,1,0.48531579971313477,3,3,1,1
247,1,0.2631669044494629,3,6,0,0
248,1,0.2607152462005615,9,9,1,0
249,1,0.5252780914306641,4,2,0,1
250,1,0.26207423210144043,1,1,1,0
251,1,0.26223063468933105,8,8,1,0
252,1,0.5117731094360352,5,5,1,1
253,1,0.2655625343322754,3,6,0,0
254,1,0.3353722095489502,6,6,1,0
255,1,0.47971653938293457,4,4,1,1
256,1,0.486403226852417,0,3,0,1
257,1,0.30590224266052246,2,2,1,0
258,1,0.34143710136413574,5,5,1,0
259,1,0.2546060085296631,9,9,1,0
260,1,0.7775139808654785,5,5,1,2
261,1,0.5114786624908447,2,2,1,1
262,1,0.3023190498352051,4,4,1,0
263,1,0.3063805103302002,7,7,1,0
264,1,0.29111433029174805,1,1,1,0
265,1,0.9512274265289307,0,6,0,3
266,1,0.2617056369781494,9,9,1,0
267,1,0.2640113830566406,3,3,1,0
268,1,0.3072357177734375,6,6,1,0
269,1,0.49678874015808105,6,6,1,1
270,1,0.541285514831543,7,7,1,1
271,1,0.43331217765808105,5,5,1,1
272,1,0.30768513679504395,9,9,1,0
273,1,0.26041603088378906,8,8,1,0
274,1,0.30150389671325684,1,1,1,0
275,1,0.29738831520080566,3,3,1,0
276,1,0.2986025810241699,8,8,1,0
277,1,0.26170802116394043,1,1,1,0
278,1,0.26088428497314453,2,2,1,0
279,1,0.2602412700653076,8,8,1,0
280,1,0.2628774642944336,3,5,0,0
281,1,0.26491689682006836,5,5,1,0
282,1,0.3061802387237549,9,9,1,0
283,1,0.2650454044342041,0,0,1,0
284,1,0.34996867179870605,9,9,1,0
285,1,0.5111944675445557,4,3,0,1
286,1,0.28015661239624023,9,9,1,0
287,1,0.24802637100219727,4,6,0,0
288,1,0.37355804443359375,5,5,1,0
289,1,0.735527515411377,3,3,1,2
290,1,0.3406260013580322,3,3,1,0
291,1,0.26160693168640137,9,9,1,0
292,1,0.3029215335845947,2,6,0,0
293,1,0.2990143299102783,0,0,1,0
294,1,0.2616417407989502,3,3,1,0
295,1,0.3050839900970459,9,9,1,0
296,1,0.488339900970459,3,3,1,1
297,1,0.28507018089294434,1,1,1,0
298,1,0.32134032249450684,4,2,0,0
299,1,0.4826624393463135,2,2,1,1
300,1,0.3076648712158203,7,7,1,0
301,1,0.8125791549682617,2,7,0,2
302,1,0.2703676223754883,6,6,1,0
303,1,0.27616143226623535,7,7,1,0
304,1,0.26309847831726074,4,3,0,0
305,1,0.2642183303833008,1,1,1,0
306,1,0.30240297317504883,8,8,1,0
307,1,0.4831714630126953,5,5,1,1
308,1,0.2651498317718506,5,5,1,0
309,1,0.7277321815490723,2,3,0,2
310,1,0.5624802112579346,3,3,1,1
311,1,0.27040958404541016,1,1,1,0
312,1,0.817251443862915,7,7,1,2
313,1,0.2648460865020752,7,7,1,0
314,1,0.30397868156433105,8,7,0,0
315,1,0.30361509323120117,8,8,1,0
316,1,0.7306568622589111,2,2,1,2
317,1,0.5337362289428711,2,2,1,1
318,1,0.2659175395965576,5,5,1,0
319,1,0.2627530097961426,3,3,1,0
320,1,0.30878591537475586,3,5,0,0
321,1,0.5038931369781494,3,5,0,1
322,1,0.37429308891296387,4,4,1,0
323,1,0.30974268913269043,1,1,1,0
324,1,0.30782294273376465,2,2,1,0
325,1,0.48632049560546875,7,7,1,1
326,1,0.30771732330322266,8,8,1,0
327,1,0.30925655364990234,9,9,1,0
328,1,0.4969921112060547,4,4,1,1
329,1,0.3354637622833252,3,3,1,0
330,1,0.2830033302307129,9,9,1,0
331,1,0.5079941749572754,4,4,1,1
332,1,0.30504631996154785,3,3,1,0
333,1,0.2564122676849365,7,7,1,0
334,1,0.30506157875061035,0,0,1,0
335,1,0.4910247325897217,4,0,0,1
336,1,0.26309680938720703,8,8,1,0
337,1,0.2602548599243164,8,8,1,0
338,1,0.30531740188598633,2,2,1,0
339,1,0.34432554244995117,6,6,1,0
340,1,0.257157564163208,4,4,1,0
341,1,0.30469202995300293,3,5,0,0
342,1,0.43473052978515625,5,5,1,1
343,1,0.3368244171142578,3,3,1,0
344,1,0.26389145851135254,6,6,1,0
345,1,0.30660080909729004,2,2,1,0
346,1,0.3058202266693115,3,5,0,0
347,1,0.5124049186706543,5,5,1,1
348,1,0.32663750648498535,7,7,1,0
349,1,0.25799083709716797,3,6,0,0
350,1,0.26286888122558594,6,6,1,0
351,1,0.2994375228881836,9,9,1,0
352,1,0.4691281318664551,2,2,1,1
353,1,0.30732178688049316,9,9,1,0
354,1,0.4903090000152588,7,7,1,1
355,1,0.2824411392211914,0,0,1,0
356,1,0.3037865161895752,9,9,1,0
357,1,0.28427600860595703,9,9,1,0
358,1,0.5309844017028809,8,8,1,1
359,1,0.48940300941467285,6,6,1,1
360,1,0.5149962902069092,6,6,1,1
361,1,0.3173031806945801,2,2,1,0
362,1,0.26253247261047363,5,5,1,0
363,1,0.2646653652191162,3,3,1,0
364,1,0.28130197525024414,3,3,1,0
365,1,0.5384061336517334,4,4,1,1
366,1,0.3074157238006592,1,1,1,0
367,1,0.34511852264404297,4,4,1,0
368,1,0.3072338104248047,7,7,1,0
369,1,0.2957596778869629,0,0,1,0
370,1,0.2856576442718506,5,5,1,0
371,1,0.3075542449951172,8,8,1,0
372,1,0.3030085563659668,3,3,1,0
373,1,0.25571537017822266,4,7,0,0
374,1,0.28441524505615234,4,4,1,0
375,1,0.2764921188354492,4,4,1,0
376,1,0.2604968547821045,7,7,1,0
377,1,0.3003206253051758,0,0,1,0
378,1,0.4803340435028076,3,6,0,1
379,1,0.4935126304626465,5,5,1,1
380,1,0.4860556125640869,3,3,1,1
381,1,0.2615492343902588,2,3,0,0
382,1,0.2686159610748291,1,9,0,0
383,1,0.30329442024230957,4,4,1,0
384,1,0.36019062995910645,0,0,1,0
385,1,0.3278954029083252,9,9,1,0
386,1,0.291658878326416,9,9,1,0
387,1,0.2620351314544678,1,1,1,0
388,1,0.26288604736328125,2,2,1,0
389,1,0.29752659797668457,8,8,1,0
390,1,0.2973747253417969,0,0,1,0
391,1,0.2626965045928955,9,9,1,0
392,1,0.30663013458251953,7,7,1,0
393,1,0.27315378189086914,9,1,0,0
394,1,0.47696852684020996,2,2,1,1
395,1,0.3284494876861572,0,0,1,0
396,1,0.27694153785705566,5,5,1,0
397,1,0.4622843265533447,2,2,1,1
398,1,0.31914782524108887,7,7,1,0
399,1,0.2888205051422119,8,8,1,0
400,1,0.28177428245544434,8,8,1,0
401,1,0.2641749382019043,4,4,1,0
402,1,0.3046908378601074,8,8,1,0
403,1,0.29637694358825684,4,4,1,0
404,1,0.26539039611816406,8,8,1,0
405,1,0.26111507415771484,6,6,1,0
406,1,0.2649049758911133,6,6,1,0
407,1,0.30539560317993164,9,1,0,0
408,1,0.30921268463134766,1,9,0,0
409,1,0.2610030174255371,4,4,1,0
410,1,0.2638411521911621,6,6,1,0
411,1,0.26862144470214844,9,9,1,0
412,1,0.29782867431640625,6,6,1,0
413,1,0.2599649429321289,8,8,1,0
414,1,0.27886271476745605,9,9,1,0
415,1,0.28352832794189453,1,1,1,0
416,1,0.30161499977111816,0,0,1,0
417,1,0.3048746585845947,9,9,1,0
418,1,0.25605201721191406,2,2,1,0
419,1,0.3078446388244629,9,9,1,0
420,1,0.26561903953552246,4,2,0,0
421,1,0.2628798484802246,8,8,1,0
422,1,0.30809593200683594,6,6,1,0
423,1,0.26941776275634766,3,3,1,0
424,1,0.5066850185394287,2,2,1,1
425,1,0.3250608444213867,9,9,1,0
426,1,0.2841815948486328,4,4,1,0
427,1,0.25841665267944336,5,5,1,0
428,1,0.306743860244751,0,0,1,0
429,1,0.30489063262939453,9,9,1,0
430,1,0.2539539337158203,1,1,1,0
431,1,0.7485547065734863,7,7,1,2
432,1,0.5393915176391602,5,5,1,1
433,1,0.4464602470397949,3,4,0,1
434,1,0.3041195869445801,0,0,1,0
435,1,0.44400453567504883,4,4,1,1
436,1,0.3063359260559082,3,6,0,0
437,1,0.2612152099609375,8,8,1,0
438,1,0.3071880340576172,0,0,1,0
439,1,0.3043789863586426,6,6,1,0
440,1,0.304720401763916,7,7,1,0
441,1,0.26089048385620117,9,9,1,0
442,1,0.2588469982147217,3,3,1,0
443,1,0.3085365295410156,1,1,1,0
444,1,0.2656593322753906,0,0,1,0
445,1,0.4904627799987793,7,7,1,1
446,1,0.26477694511413574,0,0,1,0
447,1,0.3016390800476074,9,9,1,0
448,1,0.3050861358642578,6,6,1,0
449,1,0.30486416816711426,9,9,1,0
450,1,0.2586956024169922,4,4,1,0
451,1,0.5138030052185059,7,7,1,1
452,1,0.2733645439147949,7,4,0,0
453,1,0.26136112213134766,4,6,0,0
454,1,0.2902987003326416,8,3,0,0
455,1,0.48883676528930664,2,2,1,1
456,1,0.30068087577819824,2,2,1,0
457,1,0.3121018409729004,0,0,1,0
458,1,0.5220470428466797,3,3,1,1
459,1,0.26513195037841797,4,5,0,0
460,1,0.2668576240539551,4,4,1,0
461,1,0.26091694831848145,4,4,1,0
462,1,0.3034987449645996,8,8,1,0
463,1,0.9569363594055176,9,2,0,3
464,1,0.3089604377746582,8,8,1,0
465,1,0.2617032527923584,4,4,1,0
466,1,0.2571561336517334,3,3,1,0
467,1,0.5255961418151855,3,6,0,1
468,1,0.25720715522766113,1,1,1,0
469,1,0.4856102466583252,4,5,0,1
470,1,0.34015822410583496,1,1,1,0
471,1,0.25553345680236816,7,7,1,0
472,1,0.48217225074768066,8,8,1,1
473,1,0.2645912170410156,1,1,1,0
474,1,0.2585713863372803,7,7,1,0
475,1,0.48372769355773926,6,6,1,1
476,1,0.295382022857666,2,2,1,0
477,1,0.3174598217010498,1,9,0,0
478,1,0.3069593906402588,3,5,0,0
479,1,0.31059765815734863,8,8,1,0
480,1,0.25704479217529297,6,2,0,0
481,1,0.2920105457305908,6,6,1,0
482,1,0.4889092445373535,6,2,0,1
483,1,0.26213741302490234,4,4,1,0
484,1,0.2591063976287842,7,7,1,0
485,1,0.29999756813049316,1,0,0,0
486,1,0.2935600280761719,8,8,1,0
487,1,0.28417253494262695,2,2,1,0
488,1,0.27440333366394043,3,3,1,0
489,1,0.3486776351928711,7,7,1,0
490,1,0.2568337917327881,3,3,1,0
491,1,0.35227227210998535,9,9,1,0
492,1,0.2999439239501953,5,5,1,0
493,1,0.5306923389434814,8,8,1,1
494,1,0.2629423141479492,9,9,1,0
495,1,0.2576284408569336,6,6,1,0
496,1,0.2856721878051758,2,2,1,0
497,1,0.28023815155029297,1,1,1,0
498,1,0.7678635120391846,2,2,1,2
499,1,0.26330113410949707,7,7,1,0
500,1,0.35121917724609375,9,9,1,0
501,1,0.2621345520019531,5,5,1,0
502,1,0.34232330322265625,0,0,1,0
503,1,0.47955322265625,2,2,1,1
504,1,0.534834623336792,4,7,0,1
505,1,0.2882571220397949,0,0,1,0
506,1,0.30474352836608887,1,1,1,0
507,1,0.3018348217010498,0,9,0,0
508,1,0.30152297019958496,9,9,1,0
509,1,0.7615694999694824,3,3,1,2
510,1,0.857365608215332,2,2,1,2
511,1,0.2620208263397217,8,8,1,0
512,1,0.306398868560791,1,1,1,0
513,1,0.3056201934814453,8,8,1,0
514,1,0.2577681541442871,5,5,1,0
515,1,0.2670118808746338,4,4,1,0
516,1,0.3066582679748535,0,0,1,0
517,1,0.2678334712982178,7,7,1,0
518,1,0.3091747760772705,6,6,1,0
519,1,0.2607896327972412,5,5,1,0
520,1,0.3032233715057373,6,6,1,0
521,1,0.30605602264404297,2,2,1,0
522,1,0.2962980270385742,4,4,1,0
523,1,0.3036682605743408,9,9,1,0
524,1,0.29517531394958496,3,3,1,0
525,1,0.3042483329772949,4,4,1,0
526,1,0.3102302551269531,6,6,1,0
527,1,0.31827354431152344,5,5,1,0
528,1,0.3026282787322998,6,6,1,0
529,1,0.4468836784362793,8,8,1,1
530,1,0.3101234436035156,1,1,1,0
531,1,0.46306371688842773,7,7,1,1
532,1,0.2984342575073242,2,3,0,0
533,1,0.31273865699768066,9,9,1,0
534,1,0.435863733291626,9,8,0,1
535,1,0.4833683967590332,1,1,1,1
536,1,0.29948902130126953,3,3,1,0
537,1,0.3039729595184326,7,7,1,0
538,1,0.30239176750183105,0,0,1,0
539,1,0.9720356464385986,8,7,0,3
540,1,0.49643778800964355,5,5,1,1
541,1,0.31141161918640137,4,4,1,0
542,1,0.2602567672729492,6,6,1,0
543,1,0.30542659759521484,3,3,1,0
544,1,0.3081777095794678,6,6,1,0
545,1,0.26484227180480957,8,8,1,0
546,1,0.30712080001831055,6,6,1,0
547,1,0.3094031810760498,1,1,1,0
548,1,0.31577610969543457,8,8,1,0
549,1,0.5464358329772949,5,3,0,1
550,1,0.2652428150177002,6,6,1,0
551,1,0.26422786712646484,4,4,1,0
552,1,0.26211118698120117,5,5,1,0
553,1,0.3013019561767578,7,7,1,0
554,1,0.2637908458709717,0,0,1,0
555,1,0.30927371978759766,2,2,1,0
556,1,0.2821497917175293,9,9,1,0
557,1,0.2984616756439209,2,2,1,0
558,1,0.31116533279418945,6,6,1,0
559,1,0.26577091217041016,5,5,1,0
560,1,0.26319313049316406,1,1,1,0
561,1,0.9576587677001953,2,2,1,3
562,1,0.7945458889007568,7,7,1,2
563,1,0.2684445381164551,8,8,1,0
564,1,0.31542515754699707,8,8,1,0
565,1,0.3284001350402832,1,1,1,0
566,1,0.47133564949035645,9,9,1,1
567,1,0.30837297439575195,0,0,1,0
568,1,0.2570071220397949,4,4,1,0
569,1,0.3132147789001465,0,0,1,0
570,1,0.262251615524292,4,4,1,0
571,1,0.256913423538208,3,3,1,0
572,1,0.39781689643859863,1,1,1,0
573,1,0.2579536437988281,3,3,1,0
574,1,0.2639291286468506,7,7,1,0
575,1,0.34953737258911133,5,5,1,0
576,1,0.2581217288970947,7,7,1,0
577,1,0.30596303939819336,9,9,1,0
578,1,0.25823283195495605,0,0,1,0
579,1,0.30509281158447266,1,1,1,0
580,1,0.3041672706604004,2,2,1,0
581,1,0.27428221702575684,5,5,1,0
582,1,0.5176291465759277,4,3,0,1
583,1,0.27773571014404297,6,6,1,0
584,1,0.2839679718017578,4,3,0,0
585,1,0.2662315368652344,7,7,1,0
586,1,0.2992417812347412,7,7,1,0
587,1,0.30114293098449707,5,5,1,0
588,1,0.2659127712249756,7,7,1,0
589,1,0.30100035667419434,0,0,1,0
590,1,0.48743557929992676,9,9,1,1
591,1,0.35261988639831543,2,2,1,0
592,1,0.47544145584106445,8,8,1,1
593,1,0.30225467681884766,1,1,1,0
594,1,0.2666049003601074,7,7,1,0
595,1,0.2621290683746338,5,5,1,0
596,1,0.32032203674316406,1,1,1,0
597,1,0.28006958961486816,0,0,1,0
598,1,0.30124735832214355,0,0,1,0
599,1,0.30560946464538574,6,6,1,0
600,1,0.26343703269958496,4,4,1,0
601,1,0.2637462615966797,8,8,1,0
602,1,0.3477141857147217,6,6,1,0
603,1,0.3022339344024658,8,8,1,0
604,1,0.2617030143737793,8,8,1,0
605,1,0.2622807025909424,6,6,1,0
606,1,0.3359198570251465,5,5,1,0
607,1,0.30401062965393066,2,2,1,0
608,1,0.47341346740722656,0,0,1,1
609,1,0.5223784446716309,5,5,1,1
610,1,0.5196688175201416,2,2,1,1
611,1,0.2966163158416748,5,5,1,0
612,1,0.25606298446655273,2,2,1,0
613,1,0.3031620979309082,9,9,1,0
614,1,0.3070676326751709,4,4,1,0
615,1,0.4812641143798828,5,5,1,1
616,1,0.2645559310913086,8,8,1,0
617,1,0.9201772212982178,7,7,1,3
618,1,0.3174164295196533,0,0,1,0
619,1,0.2656106948852539,0,0,1,0
620,1,0.5371806621551514,3,3,1,1
621,1,0.2607443332672119,2,2,1,0
622,1,0.33119869232177734,8,0,0,0
623,1,0.30473852157592773,4,4,1,0
624,1,0.26448535919189453,7,7,1,0
625,1,0.2593080997467041,2,2,1,0
626,1,0.300264835357666,2,6,0,0
627,1,0.3422274589538574,1,1,1,0
628,1,0.26193928718566895,0,0,1,0
629,1,0.2643117904663086,3,3,1,0
630,1,0.30434489250183105,1,1,1,0
631,1,0.2656550407409668,1,1,1,0
632,1,0.2578110694885254,1,1,1,0
633,1,0.583357572555542,4,4,1,1
634,1,0.5753540992736816,3,3,1,1
635,1,0.26015377044677734,0,0,1,0
636,1,0.2636396884918213,7,7,1,0
637,1,0.26596808433532715,0,2,0,0
638,1,0.7383863925933838,7,7,1,2
639,1,0.5328881740570068,6,6,1,1
640,1,0.2635965347290039,4,4,1,0
641,1,0.27802371978759766,0,0,1,0
642,1,0.5154657363891602,7,7,1,1
643,1,0.26218128204345703,2,2,1,0
644,1,0.9634969234466553,2,6,0,3
645,1,0.48949360847473145,6,6,1,1
646,1,0.26970815658569336,9,9,1,0
647,1,0.3337585926055908,8,8,1,0
648,1,0.3006582260131836,1,1,1,0
649,1,0.4454660415649414,4,3,0,1
650,1,0.305433988571167,0,0,1,0
651,1,0.5303201675415039,7,7,1,1
652,1,0.2569444179534912,8,0,0,0
653,1,0.3450798988342285,0,2,0,0
654,1,0.2633368968963623,0,0,1,0
655,1,0.5119926929473877,6,6,1,1
656,1,0.25862789154052734,3,3,1,0
657,1,0.2634589672088623,3,4,0,0
658,1,0.4924170970916748,6,6,1,1
659,1,0.7267601490020752,3,3,1,2
660,1,0.31000375747680664,1,1,1,0
661,1,0.3060131072998047,5,5,1,0
662,1,0.262096643447876,3,3,1,0
663,1,0.2650868892669678,4,4,1,0
664,1,0.3090088367462158,7,7,1,0
665,1,0.9183588027954102,7,7,1,3
666,1,0.29796934127807617,4,4,1,0
667,1,0.28386712074279785,0,0,1,0
668,1,0.30333495140075684,9,9,1,0
669,1,0.25606751441955566,3,5,0,0
670,1,0.2637522220611572,0,0,1,0
671,1,0.30654382705688477,5,5,1,0
672,1,0.30012011528015137,4,4,1,0
673,1,0.3020462989807129,5,5,1,0
674,1,0.26291799545288086,9,1,0,0
675,1,0.30982279777526855,1,1,1,0
676,1,0.30336833000183105,7,7,1,0
677,1,0.30167198181152344,1,1,1,0
678,1,0.2629561424255371,1,1,1,0
679,1,0.2561531066894531,2,2,1,0
680,1,0.25917816162109375,9,9,1,0
681,1,0.2826356887817383,7,7,1,0
682,1,0.26695847511291504,3,3,1,0
683,1,0.3066370487213135,5,5,1,0
684,1,0.30167531967163086,0,4,0,0
685,1,0.29122471809387207,6,6,1,0
686,1,0.3152275085449219,2,2,1,0
687,1,0.2597334384918213,0,0,1,0
688,1,0.2644181251525879,5,5,1,0
689,1,0.31534910202026367,9,9,1,0
690,1,0.5305378437042236,5,5,1,1
691,1,0.4761924743652344,1,8,0,1
692,1,0.3045637607574463,3,2,0,0
693,1,0.26467275619506836,0,0,1,0
694,1,0.302581787109375,7,7,1,0
695,1,0.311018705368042,6,4,0,0
696,1,0.25888705253601074,0,0,1,0
697,1,0.29441189765930176,4,4,1,0
698,1,0.7207431793212891,3,3,1,2
699,1,0.34706711769104004,5,4,0,0
700,1,0.9078631401062012,2,2,1,3
701,1,0.2648143768310547,9,9,1,0
702,1,0.26552295684814453,6,6,1,0
703,1,0.3036015033721924,0,9,0,0
704,1,0.29980039596557617,4,4,1,0
705,1,0.26729726791381836,1,1,1,0
706,1,0.3063473701477051,8,8,1,0
707,1,0.2629103660583496,7,7,1,0
708,1,0.3021214008331299,6,6,1,0
709,1,0.48741865158081055,5,5,1,1
710,1,0.31153273582458496,9,9,1,0
711,1,0.25980424880981445,5,5,1,0
712,1,0.29842066764831543,0,8,0,0
713,1,0.4928855895996094,7,7,1,1
714,1,0.309680700302124,1,1,1,0
715,1,0.29692506790161133,5,5,1,0
716,1,0.4755990505218506,3,2,0,1
717,1,0.3037700653076172,5,5,1,0
718,1,0.538578987121582,4,4,1,1
719,1,0.25648927688598633,3,5,0,0
720,1,0.3516194820404053,7,7,1,0
721,1,0.2547774314880371,0,0,1,0
722,1,0.29856157302856445,4,4,1,0
723,1,0.7726306915283203,2,4,0,2
724,1,0.285524845123291,8,8,1,0
725,1,0.3079230785369873,1,1,1,0
726,1,0.2592148780822754,9,9,1,0
727,1,0.30977344512939453,7,7,1,0
728,1,0.4874873161315918,1,1,1,1
729,1,0.3084721565246582,2,2,1,0
730,1,0.3062772750854492,2,3,0,0
731,1,0.28771114349365234,7,7,1,0
732,1,0.568371057510376,4,4,1,1
733,1,0.25916194915771484,7,7,1,0
734,1,0.3049619197845459,4,4,1,0
735,1,0.2597970962524414,6,2,0,0
736,1,0.308333158493042,0,0,1,0
737,1,0.30835437774658203,8,8,1,0
738,1,0.5394191741943359,7,7,1,1
739,1,0.3396117687225342,1,1,1,0
740,1,0.43912363052368164,6,6,1,1
741,1,0.26543402671813965,0,0,1,0
742,1,0.2642369270324707,1,1,1,0
743,1,0.3461766242980957,1,1,1,0
744,1,0.48617053031921387,4,4,1,1
745,1,0.2532017230987549,9,9,1,0
746,1,0.3066422939300537,0,0,1,0
747,1,0.44902729988098145,6,5,0,1
748,1,0.3387274742126465,8,8,1,0
749,1,0.26244068145751953,2,2,1,0
750,1,0.48771142959594727,5,5,1,1
751,1,0.4888932704925537,9,1,0,1
752,1,0.29938364028930664,7,7,1,0
753,1,0.29107046127319336,7,7,1,0
754,1,0.2631652355194092,4,4,1,0
755,1,0.26450467109680176,1,1,1,0
756,1,0.34438014030456543,5,3,0,0
757,1,0.4797396659851074,9,8,0,1
758,1,0.2662801742553711,5,5,1,0
759,1,0.3292214870452881,2,2,1,0
760,1,0.4838881492614746,7,7,1,1
761,1,0.302903413772583,0,0,1,0
762,1,0.5376627445220947,8,8,1,1
763,1,0.28278565406799316,4,6,0,0
764,1,0.5397598743438721,6,6,1,1
765,1,0.2909972667694092,6,6,1,0
766,1,0.2687721252441406,8,8,1,0
767,1,0.30646705627441406,6,6,1,0
768,1,0.2764089107513428,1,1,1,0
769,1,0.30931901931762695,4,4,1,0
770,1,0.30576276779174805,3,3,1,0
771,1,0.29064154624938965,4,4,1,0
772,1,0.5369954109191895,2,2,1,1
773,1,0.5324592590332031,2,2,1,1
774,1,0.2575812339782715,0,0,1,0
775,1,0.2957780361175537,2,2,1,0
776,1,0.25474119186401367,3,3,1,0
777,1,0.2610137462615967,7,7,1,0
778,1,0.265300989151001,2,2,1,0
779,1,0.2612111568450928,5,5,1,0
780,1,0.3068735599517822,9,3,0,0
781,1,0.5008914470672607,4,4,1,1
782,1,0.5104179382324219,2,2,1,1
783,1,0.30822110176086426,8,9,0,0
784,1,0.26197218894958496,4,4,1,0
785,1,0.30709147453308105,8,8,1,0
786,1,0.30509448051452637,5,5,1,0
787,1,0.2605400085449219,1,1,1,0
788,1,0.30881762504577637,3,3,1,0
789,1,0.29082393646240234,4,4,1,0
790,1,0.3063077926635742,8,8,1,0
791,1,0.2633399963378906,1,1,1,0
792,1,0.480776309967041,6,6,1,1
793,1,0.2810642719268799,4,4,1,0
794,1,0.28104186058044434,8,8,1,0
795,1,0.2649099826812744,1,1,1,0
796,1,0.9254961013793945,8,6,0,3
797,1,0.2624218463897705,4,4,1,0
798,1,0.5431613922119141,9,9,1,1
799,1,0.5286879539489746,2,2,1,1
800,1,0.48524904251098633,9,1,0,1
801,1,0.5363385677337646,4,6,0,1
802,1,0.9767153263092041,5,2,0,3
803,1,0.30459070205688477,4,4,1,0
804,1,0.261749267578125,3,3,1,0
805,1,0.29656553268432617,9,9,1,0
806,1,1.0209219455718994,4,2,0,3
807,1,0.49644970893859863,5,5,1,1
808,1,0.2660956382751465,7,7,1,0
809,1,0.4860057830810547,0,0,1,1
810,1,0.30688023567199707,4,4,1,0
811,1,0.26529741287231445,9,9,1,0
812,1,0.25811314582824707,1,1,1,0
813,1,0.298703670501709,1,1,1,0
814,1,0.5099761486053467,5,2,0,1
815,1,0.2634878158569336,1,1,1,0
816,1,0.27459144592285156,6,6,1,0
817,1,0.2857685089111328,2,2,1,0
818,1,0.5777847766876221,5,5,1,1
819,1,0.3012373447418213,0,0,1,0
820,1,0.3199484348297119,9,1,0,0
821,1,0.2868945598602295,3,6,0,0
822,1,0.520700216293335,4,4,1,1
823,1,0.49309301376342773,4,4,1,1
824,1,0.49208831787109375,6,6,1,1
825,1,0.26024436950683594,2,2,1,0
826,1,0.44770240783691406,2,2,1,1
827,1,0.29126667976379395,3,3,1,0
828,1,0.28795886039733887,1,1,1,0
829,1,0.3166515827178955,9,9,1,0
830,1,0.27961182594299316,0,0,1,0
831,1,0.5520663261413574,5,5,1,1
832,1,0.2821645736694336,8,8,1,0
833,1,0.5088109970092773,9,1,0,1
834,1,0.2802712917327881,7,7,1,0
835,1,0.28415584564208984,1,1,1,0
836,1,0.29003310203552246,3,3,1,0
837,1,0.47884249687194824,3,7,0,1
838,1,0.2973356246948242,1,1,1,0
839,1,0.29401445388793945,1,1,1,0
840,1,0.3097231388092041,5,5,1,0
841,1,0.3132650852203369,4,4,1,0
842,1,0.3090050220489502,3,3,1,0
843,1,0.4880800247192383,7,7,1,1
844,1,0.37358713150024414,6,6,1,0
845,1,0.29404282569885254,8,8,1,0
846,1,0.770287275314331,5,5,1,2
847,1,0.3155660629272461,1,1,1,0
848,1,0.26845574378967285,7,7,1,0
849,1,0.5225982666015625,2,2,1,1
850,1,0.3171992301940918,7,7,1,0
851,1,0.3106074333190918,3,3,1,0
852,1,0.3055891990661621,2,2,1,0
853,1,0.26842570304870605,8,8,1,0
854,1,0.472581148147583,0,0,1,1
855,1,0.30698513984680176,0,0,1,0
856,1,0.33116817474365234,9,9,1,0
857,1,0.26313090324401855,9,9,1,0
858,1,0.3482077121734619,6,6,1,0
859,1,0.9408364295959473,6,0,0,3
860,1,0.28525495529174805,5,5,1,0
861,1,0.2629890441894531,0,0,1,0
862,1,0.304793119430542,0,0,1,0
863,1,0.2607758045196533,4,4,1,0
864,1,0.299072265625,3,3,1,0
865,1,0.30039119720458984,7,7,1,0
866,1,0.48860955238342285,3,6,0,1
867,1,0.30215001106262207,6,6,1,0
868,1,0.25878310203552246,1,1,1,0
869,1,0.29799604415893555,6,6,1,0
870,1,0.3073582649230957,7,7,1,0
871,1,0.2601137161254883,3,4,0,0
872,1,0.49178266525268555,0,0,1,1
873,1,0.2998793125152588,0,0,1,0
874,1,0.305056095123291,5,5,1,0
875,1,0.2910888195037842,5,5,1,0
876,1,0.269223690032959,8,9,0,0
877,1,0.30562829971313477,0,0,1,0
878,1,0.5187523365020752,2,4,0,1
879,1,0.5305695533752441,3,3,1,1
880,1,0.302168607711792,4,4,1,0
881,1,0.30821704864501953,8,8,1,0
882,1,0.4954650402069092,2,2,1,1
883,1,0.3317677974700928,5,5,1,0
884,1,0.7254118919372559,3,5,0,2
885,1,0.5354738235473633,6,6,1,1
886,1,0.48572492599487305,4,2,0,1
887,1,0.5483574867248535,3,3,1,1
888,1,0.30010461807250977,0,0,1,0
889,1,0.2862279415130615,4,4,1,0
890,1,0.26528215408325195,7,4,0,0
891,1,0.3025829792022705,9,9,1,0
892,1,0.30948638916015625,8,8,1,0
893,1,0.29477715492248535,9,9,1,0
894,1,0.28913307189941406,1,1,1,0
895,1,0.30496931076049805,7,7,1,0
896,1,0.2620236873626709,3,7,0,0
897,1,0.28144121170043945,1,1,1,0
898,1,0.2776052951812744,1,1,1,0
899,1,0.3050961494445801,1,1,1,0
900,1,0.3529949188232422,2,2,1,0
901,1,0.2599146366119385,8,8,1,0
902,1,0.2987031936645508,4,4,1,0
903,1,0.26022911071777344,5,5,1,0
904,1,0.341855525970459,8,8,1,0
905,1,0.26312708854675293,7,7,1,0
906,1,0.2639029026031494,1,1,1,0
907,1,0.9490609169006348,2,3,0,3
908,1,0.7729806900024414,3,3,1,2
909,1,0.49617815017700195,2,2,1,1
910,1,0.559473991394043,4,2,0,1
911,1,0.7648918628692627,3,2,0,2
912,1,0.305694580078125,0,0,1,0
913,1,0.2635834217071533,0,0,1,0
914,1,0.29215502738952637,6,6,1,0
915,1,0.2968714237213135,4,4,1,0
916,1,0.2996368408203125,1,1,1,0
917,1,0.3087618350982666,5,3,0,0
918,1,0.4442002773284912,2,0,0,1
919,1,0.5117416381835938,9,1,0,1
920,1,0.3635830879211426,2,2,1,0
921,1,0.2615830898284912,9,9,1,0
922,1,0.3410625457763672,3,3,1,0
923,1,0.26299357414245605,9,9,1,0
924,1,0.3056528568267822,2,2,1,0
925,1,1.0117568969726562,8,0,0,3
926,1,0.9681665897369385,0,2,0,3
927,1,0.3062148094177246,3,3,1,0
928,1,0.25804948806762695,9,9,1,0
929,1,0.3032968044281006,0,0,1,0
930,1,0.30385279655456543,7,7,1,0
931,1,0.31076717376708984,0,0,1,0
932,1,0.30530500411987305,7,7,1,0
933,1,0.4844543933868408,7,2,0,1
934,1,0.2641940116882324,9,9,1,0
935,1,0.5328712463378906,7,7,1,1
936,1,0.5349416732788086,4,4,1,1
937,1,0.31651806831359863,4,4,1,0
938,1,0.29619503021240234,7,7,1,0
939,1,0.28467249870300293,3,5,0,0
940,1,0.3172760009765625,5,5,1,0
941,1,0.25894618034362793,7,7,1,0
942,1,0.30430102348327637,0,0,1,0
943,1,0.2575654983520508,2,2,1,0
944,1,0.3060736656188965,6,6,1,0
945,1,0.26097536087036133,3,5,0,0
946,1,0.3365776538848877,1,1,1,0
947,1,0.30412888526916504,2,2,1,0
948,1,0.3006584644317627,8,8,1,0
949,1,0.3013739585876465,8,8,1,0
950,1,0.4959380626678467,5,5,1,1
951,1,0.5189199447631836,6,6,1,1
952,1,0.5305495262145996,2,2,1,1
953,1,0.305433988571167,0,0,1,0
954,1,0.27726149559020996,6,6,1,0
955,1,0.8897202014923096,0,0,1,2
956,1,0.25841617584228516,7,7,1,0
957,1,0.34508466720581055,3,3,1,0
958,1,0.2637934684753418,1,1,1,0
959,1,0.3042471408843994,1,0,0,0
960,1,0.30730414390563965,1,1,1,0
961,1,0.3073594570159912,2,2,1,0
962,1,0.2582087516784668,2,2,1,0
963,1,0.3002042770385742,5,5,1,0
964,1,0.4850432872772217,5,5,1,1
965,1,0.26378560066223145,9,9,1,0
966,1,0.49646449089050293,0,0,1,1
967,1,0.29575109481811523,7,7,1,0
968,1,0.28328442573547363,0,0,1,0
969,1,0.3127315044403076,6,6,1,0
970,1,0.28234434127807617,0,0,1,0
971,1,0.2594614028930664,8,1,0,0
972,1,0.2606179714202881,6,6,1,0
973,1,0.2590916156768799,4,4,1,0
974,1,0.48920536041259766,5,5,1,1
975,1,0.26418209075927734,0,0,1,0
976,1,0.34589409828186035,5,5,1,0
977,1,0.9207239151000977,4,6,0,3
978,1,0.308319091796875,6,6,1,0
979,1,0.26423048973083496,6,6,1,0
980,1,0.30719733238220215,4,4,1,0
981,1,0.25595641136169434,9,9,1,0
982,1,0.2775125503540039,7,7,1,0
983,1,0.3046560287475586,6,6,1,0
984,1,0.5053503513336182,4,4,1,1
985,1,0.3017699718475342,4,4,1,0
986,1,0.3079953193664551,9,9,1,0
987,1,0.26171135902404785,8,8,1,0
988,1,0.30533409118652344,3,3,1,0
989,1,0.2642946243286133,7,7,1,0
990,1,0.26604795455932617,7,7,1,0
991,1,0.5236647129058838,3,3,1,1
992,1,0.3046138286590576,4,4,1,0
993,1,0.266007661819458,5,5,1,0
994,1,0.30473780632019043,2,2,1,0
995,1,0.3526308536529541,4,7,0,0
996,1,0.5287668704986572,9,9,1,1
997,1,0.48546767234802246,0,4,0,1
998,1,0.2644660472869873,3,5,0,0
999,1,0.3089942932128906,4,4,1,0
1000,1,0.4895203113555908,6,6,1,1
1001,1,0.34493470191955566,5,5,1,0
1002,1,0.26465797424316406,6,6,1,0
1003,1,0.30519652366638184,3,6,0,0
1004,1,0.2615017890930176,2,2,1,0
1005,1,0.2878997325897217,1,1,1,0
1006,1,0.27577972412109375,5,5,1,0
1007,1,0.284771203994751,3,6,0,0
1008,1,0.3163936138153076,0,0,1,0
1009,1,0.4441397190093994,3,4,0,1
1010,1,0.34436464309692383,7,7,1,0
1011,1,0.3059701919555664,4,4,1,0
1012,1,0.573805570602417,1,1,1,1
1013,1,0.2601926326751709,9,9,1,0
1014,1,0.3051571846008301,8,8,1,0
1015,1,0.5220794677734375,7,7,1,1
1016,1,0.26372528076171875,5,5,1,0
1017,1,0.3031749725341797,9,9,1,0
1018,1,0.3098766803741455,2,2,1,0
1019,1,0.3482954502105713,9,8,0,0
1020,1,0.31075477600097656,3,9,0,0
1021,1,0.34224605560302734,3,3,1,0
1022,1,0.467756986618042,4,7,0,1
1023,1,0.27695751190185547,1,1,1,0
1024,1,0.48366546630859375,2,2,1,1
1025,1,0.30511903762817383,1,1,1,0
1026,1,0.2599506378173828,1,1,1,0
1027,1,0.3437035083770752,8,9,0,0
1028,1,0.29628515243530273,1,1,1,0
1029,1,0.2571420669555664,8,8,1,0
1030,1,0.3368229866027832,8,8,1,0
1031,1,0.47892093658447266,5,5,1,1
1032,1,0.34331798553466797,3,3,1,0
1033,1,0.4648761749267578,3,3,1,1
1034,1,0.25748395919799805,7,7,1,0
1035,1,0.30138206481933594,1,1,1,0
1036,1,0.7688205242156982,7,7,1,2
1037,1,0.3150215148925781,4,7,0,0
1038,1,0.3029179573059082,3,3,1,0
1039,1,0.26280665397644043,9,9,1,0
1040,1,0.25656628608703613,1,1,1,0
1041,1,0.573951005935669,7,7,1,1
1042,1,0.2608051300048828,8,8,1,0
1043,1,0.3026235103607178,1,1,1,0
1044,1,0.2950594425201416,5,5,1,0
1045,1,0.2980082035064697,6,6,1,0
1046,1,0.2618732452392578,7,7,1,0
1047,1,0.3040435314178467,8,2,0,0
1048,1,0.515235185623169,0,0,1,1
1049,1,0.29906606674194336,3,7,0,0
1050,1,0.30402183532714844,2,2,1,0
1051,1,0.29753589630126953,2,2,1,0
1052,1,0.483705997467041,3,5,0,1
1053,1,0.26360559463500977,0,0,1,0
1054,1,0.3039848804473877,6,6,1,0
1055,1,0.43901801109313965,6,6,1,1
1056,1,0.48857665061950684,5,5,1,1
1057,1,0.3564586639404297,3,3,1,0
1058,1,0.286609411239624,3,3,1,0
1059,1,0.5198979377746582,6,6,1,1
1060,1,0.26181769371032715,0,0,1,0
1061,1,0.30953454971313477,1,1,1,0
1062,1,0.30551791191101074,1,1,1,0
1063,1,0.29997992515563965,5,5,1,0
1064,1,0.47705769538879395,4,6,0,1
1065,1,0.3427400588989258,1,1,1,0
1066,1,0.7656581401824951,8,8,1,2
1067,1,0.2603590488433838,7,7,1,0
1068,1,0.3184926509857178,6,6,1,0
1069,1,0.473862886428833,5,5,1,1
1070,1,0.5124869346618652,2,2,1,1
1071,1,0.3043208122253418,2,2,1,0
1072,1,0.3026266098022461,0,0,1,0
1073,1,0.26964735984802246,2,2,1,0
1074,1,0.28696227073669434,0,0,1,0
1075,1,0.3025095462799072,2,2,1,0
1076,1,0.49024367332458496,2,2,1,1
1077,1,0.27945876121520996,6,6,1,0
1078,1,0.29715943336486816,3,3,1,0
1079,1,0.30117201805114746,9,9,1,0
1080,1,0.30211925506591797,8,8,1,0
1081,1,0.25815796852111816,6,6,1,0
1082,1,0.27168989181518555,9,9,1,0
1083,1,0.49756646156311035,5,5,1,1
1084,1,0.2985248565673828,7,7,1,0
1085,1,0.2562112808227539,8,8,1,0
1086,1,0.2968485355377197,8,8,1,0
1087,1,0.2838718891143799,0,2,0,0
1088,1,0.2858562469482422,0,7,0,0
1089,1,0.31348109245300293,1,1,1,0
1090,1,0.25708460807800293,0,9,0,0
1091,1,0.25942134857177734,1,1,1,0
1092,1,0.33265089988708496,6,6,1,0
1093,1,0.9224820137023926,3,6,0,3
1094,1,0.2564265727996826,1,1,1,0
1095,1,0.507432222366333,3,3,1,1
1096,1,0.2519872188568115,1,1,1,0
1097,1,0.5636699199676514,2,2,1,1
1098,1,0.2602262496948242,5,5,1,0
1099,1,0.29158663749694824,9,9,1,0
1100,1,0.28972816467285156,9,9,1,0
1101,1,0.46026134490966797,2,2,1,1
1102,1,0.27112746238708496,8,8,1,0
1103,1,0.30732011795043945,0,0,1,0
1104,1,0.2603611946105957,8,8,1,0
1105,1,0.3044736385345459,7,7,1,0
1106,1,0.29125404357910156,7,7,1,0
1107,1,0.3402063846588135,1,1,1,0
1108,1,0.29416441917419434,3,3,1,0
1109,1,0.48534321784973145,0,0,1,1
1110,1,0.2554614543914795,3,5,0,0
1111,1,0.44205403327941895,3,3,1,1
1112,1,0.3191859722137451,1,1,1,0
1113,1,0.2782282829284668,0,0,1,0
1114,1,0.25600624084472656,3,3,1,0
1115,1,0.3072540760040283,3,3,1,0
1116,1,0.2580709457397461,1,1,1,0
1117,1,0.2581758499145508,8,8,1,0
1118,1,0.2539362907409668,1,1,1,0
1119,1,0.2937467098236084,4,4,1,0
1120,1,0.25443124771118164,6,6,1,0
1121,1,0.2959630489349365,4,4,1,0
1122,1,0.2587716579437256,0,0,1,0
1123,1,0.5276191234588623,5,5,1,1
1124,1,0.3040471076965332,3,3,1,0
1125,1,0.2492673397064209,8,8,1,0
1126,1,0.2566344738006592,3,3,1,0
1127,1,0.300518274307251,9,9,1,0
1128,1,0.30118799209594727,0,0,1,0
1129,1,0.25885009765625,2,2,1,0
1130,1,0.25564122200012207,3,3,1,0
1131,1,0.3381321430206299,8,8,1,0
1132,1,0.2616269588470459,3,3,1,0
1133,1,0.26357436180114746,0,0,1,0
1134,1,0.28591084480285645,1,1,1,0
1135,1,0.30176687240600586,6,6,1,0
1136,1,0.2549459934234619,4,4,1,0
1137,1,0.29680657386779785,1,1,1,0
1138,1,0.33868837356567383,5,5,1,0
1139,1,0.25648951530456543,9,1,0,0
1140,1,0.30460596084594727,3,3,1,0
1141,1,0.2509613037109375,7,7,1,0
1142,1,0.5343120098114014,7,7,1,1
1143,1,0.7238061428070068,7,7,1,2
1144,1,0.2606394290924072,2,2,1,0
1145,1,0.7332489490509033,5,5,1,2
1146,1,0.31008362770080566,4,2,0,0
1147,1,0.257230281829834,8,8,1,0
1148,1,0.4945220947265625,2,2,1,1
1149,1,0.5024058818817139,6,6,1,1
1150,1,0.3100574016571045,2,2,1,0
1151,1,0.26041364669799805,2,2,1,0
1152,1,0.29127073287963867,9,9,1,0
1153,1,0.3401472568511963,0,0,1,0
1154,1,0.246812105178833,7,7,1,0
1155,1,0.2608633041381836,6,6,1,0
1156,1,0.25680971145629883,4,4,1,0
1157,1,0.26294970512390137,8,8,1,0
1158,1,0.5254054069519043,5,3,0,1
1159,1,0.2583298683166504,6,6,1,0
1160,1,0.25904130935668945,3,3,1,0
1161,1,0.30822157859802246,4,4,1,0
1162,1,0.25696825981140137,4,4,1,0
1163,1,0.4753599166870117,4,4,1,1
1164,1,0.2654285430908203,1,1,1,0
1165,1,0.3294332027435303,8,8,1,0
1166,1,0.29815220832824707,4,2,0,0
1167,1,0.29995131492614746,4,4,1,0
1168,1,0.7296168804168701,7,7,1,2
1169,1,0.3113529682159424,9,9,1,0
1170,1,0.2997572422027588,8,8,1,0
1171,1,0.43771982192993164,5,5,1,1
1172,1,0.3098771572113037,2,2,1,0
1173,1,0.4958686828613281,2,2,1,1
1174,1,0.2742347717285156,1,1,1,0
1175,1,0.3247706890106201,8,8,1,0
1176,1,0.26549315452575684,9,8,0,0
1177,1,0.25848817825317383,5,5,1,0
1178,1,0.3044595718383789,1,1,1,0
1179,1,0.2562382221221924,6,6,1,0
1180,1,0.28615593910217285,5,5,1,0
1181,1,0.4697685241699219,5,7,0,1
1182,1,0.2902717590332031,6,6,1,0
1183,1,0.48726439476013184,4,2,0,1
1184,1,0.3391430377960205,9,9,1,0
1185,1,0.2584712505340576,0,0,1,0
1186,1,0.32517361640930176,3,3,1,0
1187,1,0.3141448497772217,1,1,1,0
1188,1,0.28417491912841797,6,6,1,0
1189,1,0.2624683380126953,5,5,1,0
1190,1,0.8015000820159912,6,6,1,2
1191,1,0.5242490768432617,4,4,1,1
1192,1,0.3076157569885254,2,2,1,0
1193,1,0.26601529121398926,8,8,1,0
1194,1,0.28885650634765625,7,7,1,0
1195,1,0.25517964363098145,1,1,1,0
1196,1,0.3050391674041748,6,6,1,0
1197,1,0.2721688747406006,7,7,1,0
1198,1,0.46504640579223633,5,5,1,1
1199,1,0.26711559295654297,5,5,1,0
1200,1,0.3477962017059326,9,9,1,0
1201,1,0.25812458992004395,5,3,0,0
1202,1,0.28780198097229004,4,4,1,0
1203,1,0.3098480701446533,5,5,1,0
1204,1,0.25896143913269043,8,8,1,0
1205,1,0.5244343280792236,6,6,1,1
1206,1,0.2657508850097656,5,5,1,0
1207,1,0.33769774436950684,8,8,1,0
1208,1,0.26438426971435547,5,5,1,0
1209,1,0.25988101959228516,9,9,1,0
1210,1,0.30005526542663574,4,2,0,0
1211,1,0.3053271770477295,8,8,1,0
1212,1,0.25919008255004883,0,0,1,0
1213,1,0.3440229892730713,5,5,1,0
1214,1,0.2551100254058838,7,7,1,0
1215,1,0.30335307121276855,1,1,1,0
1216,1,0.3043043613433838,4,4,1,0
1217,1,0.26409244537353516,9,9,1,0
1218,1,0.3090956211090088,9,9,1,0
1219,1,0.30170106887817383,3,3,1,0
1220,1,0.308074951171875,6,6,1,0
1221,1,0.2857067584991455,2,2,1,0
1222,1,0.31150221824645996,7,7,1,0
1223,1,0.26729464530944824,2,2,1,0
1224,1,0.26247262954711914,9,9,1,0
1225,1,0.3030734062194824,8,8,1,0
1226,1,0.30892038345336914,9,9,1,0
1227,1,0.5216150283813477,4,2,0,1
1228,1,0.5397682189941406,2,2,1,1
1229,1,0.3006632328033447,1,1,1,0
1230,1,0.3067502975463867,3,5,0,0
1231,1,0.2576167583465576,1,1,1,0
1232,1,0.5327010154724121,6,6,1,1
1233,1,0.30063629150390625,5,5,1,0
1234,1,0.26602840423583984,1,1,1,0
1235,1,0.5210530757904053,6,6,1,1
1236,1,0.3070507049560547,9,9,1,0
1237,1,0.26192164421081543,4,4,1,0
1238,1,0.30742907524108887,3,5,0,0
1239,1,0.2747809886932373,2,2,1,0
1240,1,0.37354445457458496,3,3,1,0
1241,1,0.2536966800689697,4,3,0,0
1242,1,0.3023498058319092,9,9,1,0
1243,1,0.2878835201263428,0,0,1,0
1244,1,0.4943382740020752,6,6,1,1
1245,1,0.3027307987213135,5,5,1,0
1246,1,0.28116440773010254,4,4,1,0
1247,1,0.27831101417541504,0,0,1,0
1248,1,0.2547338008880615,7,0,0,0
1249,1,0.30277562141418457,1,1,1,0
1250,1,0.2978959083557129,8,8,1,0
1251,1,0.2618439197540283,1,1,1,0
1252,1,0.7267246246337891,2,3,0,2
1253,1,0.3017079830169678,8,8,1,0
1254,1,0.305389404296875,8,8,1,0
1255,1,0.26664066314697266,3,3,1,0
1256,1,0.30600500106811523,1,1,1,0
1257,1,0.3040754795074463,8,8,1,0
1258,1,0.3530559539794922,9,9,1,0
1259,1,0.2554740905761719,4,4,1,0
1260,1,0.3005814552307129,7,7,1,0
1261,1,0.2864198684692383,8,8,1,0
1262,1,0.2711958885192871,0,3,0,0
1263,1,0.30902886390686035,1,1,1,0
1264,1,0.30286407470703125,9,9,1,0
1265,1,0.2538447380065918,8,8,1,0
1266,1,0.3060576915740967,2,2,1,0
1267,1,0.776989221572876,7,7,1,2
1268,1,0.3026144504547119,9,9,1,0
1269,1,0.25583338737487793,0,0,1,0
1270,1,0.26328134536743164,4,4,1,0
1271,1,0.3283059597015381,6,6,1,0
1272,1,0.32736968994140625,4,4,1,0
1273,1,0.5381736755371094,4,4,1,1
1274,1,0.549252986907959,2,6,0,1
1275,1,0.2801356315612793,9,9,1,0
1276,1,0.5334112644195557,9,9,1,1
1277,1,0.4942343235015869,4,4,1,1
1278,1,0.26456618309020996,3,6,0,0
1279,1,0.43386340141296387,8,8,1,1
1280,1,0.2638840675354004,6,6,1,0
1281,1,0.494917631149292,5,5,1,1
1282,1,0.2663602828979492,0,0,1,0
1283,1,0.3044443130493164,1,1,1,0
1284,1,0.3779754638671875,5,5,1,0
1285,1,0.26966071128845215,7,7,1,0
1286,1,0.26323723793029785,9,9,1,0
1287,1,0.26472973823547363,2,2,1,0
1288,1,0.2586500644683838,8,8,1,0
1289,1,0.2612924575805664,0,0,1,0
1290,1,0.2852141857147217,1,1,1,0
1291,1,0.5374219417572021,0,0,1,1
1292,1,0.48839497566223145,9,9,1,1
1293,1,0.30039048194885254,0,0,1,0
1294,1,0.26154494285583496,9,9,1,0
1295,1,0.30518102645874023,1,1,1,0
1296,1,0.5252788066864014,8,8,1,1
1297,1,0.2880973815917969,3,3,1,0
1298,1,0.2871437072753906,6,6,1,0
1299,1,0.46290016174316406,5,5,1,1
1300,1,0.4938385486602783,3,3,1,1
1301,1,0.30374979972839355,0,0,1,0
1302,1,0.279266357421875,9,9,1,0
1303,1,0.46122312545776367,3,3,1,1
1304,1,0.2932090759277344,5,5,1,0
1305,1,0.29822421073913574,6,6,1,0
1306,1,0.26274681091308594,4,4,1,0
1307,1,0.2606213092803955,1,1,1,0
1308,1,0.2635376453399658,0,0,1,0
1309,1,0.3047187328338623,1,1,1,0
1310,1,0.30288171768188477,2,2,1,0
1311,1,0.25222134590148926,3,3,1,0
1312,1,0.28149938583374023,3,3,1,0
1313,1,0.316861629486084,1,1,1,0
1314,1,0.9707388877868652,6,6,1,3
1315,1,0.33083200454711914,9,9,1,0
1316,1,0.2743515968322754,1,1,1,0
1317,1,0.2975187301635742,3,3,1,0
1318,1,0.26119399070739746,4,7,0,0
1319,1,0.3073089122772217,3,3,1,0
1320,1,0.2649686336517334,6,6,1,0
1321,1,0.4709169864654541,4,2,0,1
1322,1,0.4395468235015869,2,2,1,1
1323,1,0.3475058078765869,3,5,0,0
1324,1,0.25647759437561035,7,7,1,0
1325,1,0.30089569091796875,2,2,1,0
1326,1,0.2624936103820801,3,5,0,0
1327,1,0.532696008682251,0,0,1,1
1328,1,0.30345606803894043,1,9,0,0
1329,1,0.44095706939697266,4,4,1,1
1330,1,0.26220083236694336,2,2,1,0
1331,1,0.5298330783843994,9,3,0,1
1332,1,0.7727158069610596,2,6,0,2
1333,1,0.3003811836242676,3,5,0,0
1334,1,0.3042929172515869,9,1,0,0
1335,1,0.2582240104675293,4,4,1,0
1336,1,0.30510735511779785,3,3,1,0
1337,1,0.27850914001464844,9,9,1,0
1338,1,0.27737927436828613,3,3,1,0
1339,1,0.531933069229126,2,2,1,1
1340,1,0.3023238182067871,4,4,1,0
1341,1,0.27662134170532227,0,0,1,0
1342,1,0.27469396591186523,1,1,1,0
1343,1,0.3086121082305908,6,6,1,0
1344,1,0.30484986305236816,6,6,1,0
1345,1,0.30455565452575684,3,3,1,0
1346,1,0.3031628131866455,2,2,1,0
1347,1,0.259915828704834,8,8,1,0
1348,1,0.30248546600341797,3,3,1,0
1349,1,0.4882075786590576,6,6,1,1
1350,1,0.2999095916748047,1,1,1,0
1351,1,0.258420467376709,4,4,1,0
1352,1,0.8574187755584717,2,2,1,2
1353,1,0.25661134719848633,9,9,1,0
1354,1,0.484935998916626,0,0,1,1
1355,1,0.49544191360473633,4,7,0,1
1356,1,0.2829725742340088,4,6,0,0
1357,1,0.2587549686431885,7,7,1,0
1358,1,0.2598605155944824,4,7,0,0
1359,1,0.34720778465270996,6,6,1,0
1360,1,0.24454712867736816,6,6,1,0
1361,1,0.26223158836364746,7,4,0,0
1362,1,0.28253865242004395,8,8,1,0
1363,1,0.26405811309814453,3,3,1,0
1364,1,0.2629103660583496,1,1,1,0
1365,1,0.25939488410949707,7,7,1,0
1366,1,0.26467323303222656,1,1,1,0
1367,1,0.4920785427093506,3,3,1,1
1368,1,0.3069944381713867,0,0,1,0
1369,1,0.28379201889038086,4,5,0,0
1370,1,0.29712820053100586,6,6,1,0
1371,1,0.2755005359649658,1,1,1,0
1372,1,0.2570779323577881,8,8,1,0
1373,1,0.2989170551300049,9,1,0,0
1374,1,0.30166101455688477,8,8,1,0
1375,1,0.4384956359863281,9,3,0,1
1376,1,0.2606027126312256,2,2,1,0
1377,1,0.29663634300231934,0,0,1,0
1378,1,0.2615962028503418,1,1,1,0
1379,1,0.2596004009246826,3,3,1,0
1380,1,0.26009511947631836,6,6,1,0
1381,1,0.26375722885131836,8,8,1,0
1382,1,0.30529260635375977,8,8,1,0
1383,1,0.29785871505737305,7,7,1,0
1384,1,0.30677103996276855,1,1,1,0
1385,1,0.26175379753112793,3,9,0,0
1386,1,0.2656528949737549,9,9,1,0
1387,1,0.4602210521697998,7,7,1,1
1388,1,0.2702219486236572,0,0,1,0
1389,1,0.3047332763671875,8,8,1,0
1390,1,0.2579958438873291,5,3,0,0
1391,1,0.28806233406066895,1,1,1,0
1392,1,0.3053412437438965,4,4,1,0
1393,1,0.2538120746612549,8,8,1,0
1394,1,0.2768115997314453,4,4,1,0
1395,1,0.2767035961151123,3,3,1,0
1396,1,0.2575371265411377,4,3,0,0
1397,1,0.2621281147003174,9,9,1,0
1398,1,0.44370293617248535,6,6,1,1
1399,1,0.26547694206237793,1,1,1,0
1400,1,0.30271053314208984,7,7,1,0
1401,1,0.2763404846191406,2,2,1,0
1402,1,0.5087292194366455,3,2,0,1
1403,1,0.30483484268188477,2,2,1,0
1404,1,0.3033144474029541,8,8,1,0
1405,1,0.48732614517211914,6,6,1,1
1406,1,0.4783823490142822,0,3,0,1
1407,1,0.3076937198638916,1,1,1,0
1408,1,0.259014368057251,9,9,1,0
1409,1,0.2587461471557617,4,4,1,0
1410,1,0.2801339626312256,4,4,1,0
1411,1,0.284102201461792,2,2,1,0
1412,1,0.5508778095245361,2,2,1,1
1413,1,0.25641751289367676,8,8,1,0
1414,1,0.3444521427154541,3,4,0,0
1415,1,0.2568063735961914,5,5,1,0
1416,1,0.5078952312469482,3,3,1,1
1417,1,0.5417721271514893,9,9,1,1
1418,1,0.2595369815826416,6,6,1,0
1419,1,0.302809476852417,0,0,1,0
1420,1,0.2491929531097412,6,6,1,0
1421,1,0.25940465927124023,1,1,1,0
1422,1,0.2592811584472656,4,7,0,0
1423,1,0.3003058433532715,0,0,1,0
1424,1,0.261502742767334,4,7,0,0
1425,1,0.2593255043029785,6,6,1,0
1426,1,0.4842517375946045,2,2,1,1
1427,1,0.27094078063964844,8,8,1,0
1428,1,0.28617334365844727,5,6,0,0
1429,1,0.2577998638153076,6,6,1,0
1430,1,0.2919478416442871,1,1,1,0
1431,1,0.3028290271759033,4,4,1,0
1432,1,0.30602073669433594,3,2,0,0
1433,1,0.29169416427612305,8,8,1,0
1434,1,0.3009648323059082,1,1,1,0
1435,1,0.7196948528289795,7,7,1,2
1436,1,0.26511120796203613,5,5,1,0
1437,1,0.2590353488922119,9,9,1,0
1438,1,0.2623019218444824,7,7,1,0
1439,1,0.26003599166870117,6,6,1,0
1440,1,0.2729344367980957,1,1,1,0
1441,1,0.828697919845581,3,3,1,2
1442,1,0.263336181640625,4,4,1,0
1443,1,0.26152610778808594,1,9,0,0
1444,1,0.305591344833374,5,5,1,0
1445,1,0.26425957679748535,6,6,1,0
1446,1,0.26329779624938965,0,0,1,0
1447,1,0.7509381771087646,0,3,0,2
1448,1,0.28955841064453125,2,2,1,0
1449,1,0.4437553882598877,4,2,0,1
1450,1,0.2631947994232178,0,0,1,0
1451,1,0.2882089614868164,8,8,1,0
1452,1,0.2758359909057617,5,5,1,0
1453,1,0.2991330623626709,4,4,1,0
1454,1,0.5329632759094238,6,6,1,1
1455,1,0.25989842414855957,4,4,1,0
1456,1,0.2661879062652588,7,7,1,0
1457,1,0.2584569454193115,4,4,1,0
1458,1,0.3014981746673584,4,4,1,0
1459,1,0.5175924301147461,3,3,1,1
1460,1,0.2597320079803467,9,9,1,0
1461,1,0.2557380199432373,0,0,1,0
1462,1,0.30930209159851074,2,2,1,0
1463,1,0.2592313289642334,1,1,1,0
1464,1,0.343036413192749,1,1,1,0
1465,1,0.25398874282836914,8,8,1,0
1466,1,0.44276905059814453,9,9,1,1
1467,1,0.2671780586242676,3,2,0,0
1468,1,0.5140585899353027,9,9,1,1
1469,1,0.26183629035949707,4,4,1,0
1470,1,0.29065370559692383,1,1,1,0
1471,1,0.2965810298919678,8,8,1,0
1472,1,0.2731475830078125,3,3,1,0
1473,1,0.26029419898986816,7,7,1,0
1474,1,0.493396520614624,5,5,1,1
1475,1,0.2981572151184082,6,6,1,0
1476,1,0.3000454902648926,5,5,1,0
1477,1,0.29337549209594727,2,2,1,0
1478,1,0.47934460639953613,0,0,1,1
1479,1,0.9148685932159424,2,4,0,3
1480,1,0.3020668029785156,1,1,1,0
1481,1,0.26125383377075195,6,6,1,0
1482,1,0.3251314163208008,0,0,1,0
1483,1,0.4961531162261963,2,2,1,1
1484,1,0.266390323638916,1,1,1,0
1485,1,0.43735384941101074,4,4,1,1
1486,1,0.29762697219848633,6,6,1,0
1487,1,0.29795217514038086,6,6,1,0
1488,1,0.49101996421813965,2,2,1,1
1489,1,0.27553725242614746,3,3,1,0
1490,1,0.30503010749816895,1,1,1,0
1491,1,0.4820067882537842,6,6,1,1
1492,1,0.3076035976409912,0,0,1,0
1493,1,0.25469493865966797,9,9,1,0
1494,1,0.26207780838012695,6,6,1,0
1495,1,0.5719614028930664,7,7,1,1
1496,1,0.284771203994751,7,7,1,0
1497,1,0.25880002975463867,8,8,1,0
1498,1,0.2869875431060791,8,8,1,0
1499,1,0.3028299808502197,0,0,1,0
1500,1,0.2591261863708496,4,2,0,0
1501,1,0.29877376556396484,4,4,1,0
1502,1,0.30219125747680664,8,8,1,0
1503,1,0.2588491439819336,1,1,1,0
1504,1,0.7645854949951172,5,6,0,2
1505,1,0.258542537689209,6,6,1,0
1506,1,0.28530263900756836,5,5,1,0
1507,1,0.2994992733001709,4,7,0,0
1508,1,0.2585887908935547,0,0,1,0
1509,1,0.30155396461486816,6,6,1,0
1510,1,0.29907703399658203,6,6,1,0
1511,1,0.25998735427856445,8,8,1,0
1512,1,0.30130982398986816,3,3,1,0
1513,1,0.262542724609375,3,3,1,0
1514,1,0.30669116973876953,2,4,0,0
1515,1,0.29650306701660156,0,0,1,0
1516,1,0.2525157928466797,8,8,1,0
1517,1,0.3007228374481201,2,2,1,0
1518,1,0.2999396324157715,0,0,1,0
1519,1,0.2636556625366211,6,6,1,0
1520,1,0.25760984420776367,3,3,1,0
1521,1,0.46901535987854004,2,2,1,1
1522,1,0.26471614837646484,9,9,1,0
1523,1,0.3275573253631592,5,5,1,0
1524,1,0.294649600982666,3,3,1,0
1525,1,0.2829711437225342,2,2,1,0
1526,1,0.2511899471282959,8,8,1,0
1527,1,0.528374195098877,2,2,1,1
1528,1,0.2861297130584717,0,0,1,0
1529,1,0.28578925132751465,8,8,1,0
1530,1,0.28272485733032227,9,9,1,0
1531,1,0.2624785900115967,4,4,1,0
1532,1,0.2612447738647461,6,6,1,0
1533,1,0.2611227035522461,3,3,1,0
1534,1,0.5304660797119141,2,2,1,1
1535,1,0.7203915119171143,3,5,0,2
1536,1,0.2649660110473633,2,2,1,0
1537,1,0.5398681163787842,5,3,0,1
1538,1,0.263500452041626,9,9,1,0
1539,1,0.3078477382659912,8,0,0,0
1540,1,0.3191096782684326,1,1,1,0
1541,1,0.2589914798736572,0,0,1,0
1542,1,0.25972867012023926,4,0,0,0
1543,1,0.2574915885925293,9,9,1,0
1544,1,0.25742387771606445,3,3,1,0
1545,1,0.26079392433166504,1,1,1,0
1546,1,0.25789403915405273,4,4,1,0
1547,1,0.5318162441253662,3,3,1,1
1548,1,0.26383352279663086,8,8,1,0
1549,1,0.452117919921875,5,7,0,1
1550,1,0.2823653221130371,9,9,1,0
1551,1,0.30235910415649414,8,8,1,0
1552,1,0.2600088119506836,6,6,1,0
1553,1,0.2648801803588867,0,0,1,0
1554,1,0.25946736335754395,0,0,1,0
1555,1,0.26044487953186035,9,9,1,0
1556,1,0.5187420845031738,4,4,1,1
1557,1,0.2582967281341553,2,2,1,0
1558,1,0.5146911144256592,9,0,0,1
1559,1,0.3068511486053467,6,2,0,0
1560,1,0.2884340286254883,9,9,1,0
1561,1,0.2619807720184326,0,0,1,0
1562,1,0.2650611400604248,9,9,1,0
1563,1,0.32556605339050293,4,4,1,0
1564,1,0.26172518730163574,9,9,1,0
1565,1,0.25379395484924316,8,8,1,0
1566,1,0.2762589454650879,6,2,0,0
1567,1,0.27866601943969727,3,6,0,0
1568,1,0.25829410552978516,1,1,1,0
1569,1,0.29780125617980957,7,7,1,0
1570,1,0.29933762550354004,3,3,1,0
1571,1,0.30541062355041504,9,1,0,0
1572,1,0.43927907943725586,6,6,1,1
1573,1,0.3108999729156494,3,3,1,0
1574,1,0.2978031635284424,4,4,1,0
1575,1,0.4871327877044678,3,3,1,1
1576,1,0.8517398834228516,3,3,1,2
1577,1,0.5072727203369141,3,3,1,1
1578,1,0.26245617866516113,4,4,1,0
1579,1,0.25701022148132324,2,2,1,0
1580,1,0.2569763660430908,0,0,1,0
1581,1,0.30452942848205566,9,9,1,0
1582,1,0.9174470901489258,6,6,1,3
1583,1,0.30279541015625,8,8,1,0
1584,1,0.30655884742736816,1,1,1,0
1585,1,0.452669620513916,4,4,1,1
1586,1,0.2720208168029785,8,8,1,0
1587,1,0.3179895877838135,2,2,1,0
1588,1,0.45017218589782715,2,6,0,1
1589,1,0.31112194061279297,6,6,1,0
1590,1,0.2573401927947998,1,1,1,0
1591,1,0.48845624923706055,4,4,1,1
1592,1,0.25376152992248535,8,8,1,0
1593,1,0.47644948959350586,9,9,1,1
1594,1,0.2642953395843506,8,8,1,0
1595,1,0.25846147537231445,9,9,1,0
1596,1,0.5311846733093262,4,4,1,1
1597,1,0.30504298210144043,2,2,1,0
1598,1,0.2574160099029541,9,9,1,0
1599,1,0.2983238697052002,4,4,1,0
1600,1,0.3068718910217285,1,1,1,0
1601,1,0.4813048839569092,1,1,1,1
1602,1,0.296034574508667,5,5,1,0
1603,1,0.2978653907775879,9,9,1,0
1604,1,0.29110002517700195,3,5,0,0
1605,1,0.258389949798584,5,5,1,0
1606,1,0.30478787422180176,7,5,0,0
1607,1,0.5269632339477539,5,5,1,1
1608,1,0.30454301834106445,4,7,0,0
1609,1,0.5051164627075195,2,7,0,1
1610,1,0.26685190200805664,7,7,1,0
1611,1,0.3019833564758301,1,1,1,0
1612,1,0.2621760368347168,1,1,1,0
1613,1,0.4828026294708252,9,9,1,1
1614,1,0.29210805892944336,6,6,1,0
1615,1,0.2927515506744385,1,1,1,0
1616,1,0.48590731620788574,3,3,1,1
1617,1,0.3007640838623047,4,4,1,0
1618,1,0.4740269184112549,5,3,0,1
1619,1,0.25962018966674805,1,1,1,0
1620,1,0.3056678771972656,2,2,1,0
1621,1,0.26014184951782227,3,3,1,0
1622,1,0.5264244079589844,1,1,1,1
1623,1,0.25725817680358887,9,9,1,0
1624,1,0.4789848327636719,0,0,1,1
1625,1,0.5257034301757812,0,0,1,1
1626,1,0.3072316646575928,3,3,1,0
1627,1,0.27101850509643555,4,4,1,0
1628,1,0.3301572799682617,9,9,1,0
1629,1,0.29282283782958984,0,0,1,0
1630,1,0.258880615234375,9,9,1,0
1631,1,0.2614874839782715,4,7,0,0
1632,1,0.29631567001342773,1,1,1,0
1633,1,0.2616243362426758,0,0,1,0
1634,1,0.5225694179534912,5,5,1,1
1635,1,0.29282093048095703,5,5,1,0
1636,1,0.2754032611846924,3,3,1,0
1637,1,0.29352807998657227,3,5,0,0
1638,1,0.2646598815917969,8,8,1,0
1639,1,0.30797839164733887,4,2,0,0
1640,1,0.4825613498687744,2,2,1,1
1641,1,0.300734281539917,0,0,1,0
1642,1,0.2577800750732422,4,5,0,0
1643,1,0.27199697494506836,3,3,1,0
1644,1,0.3226175308227539,7,7,1,0
1645,1,0.2955923080444336,0,0,1,0
1646,1,0.25869250297546387,8,8,1,0
1647,1,0.47240614891052246,0,0,1,1
1648,1,0.3073842525482178,5,5,1,0
1649,1,0.24984192848205566,7,7,1,0
1650,1,0.2740616798400879,5,3,0,0
1651,1,0.2879045009613037,0,0,1,0
1652,1,0.28012537956237793,9,9,1,0
1653,1,0.3087482452392578,9,9,1,0
1654,1,0.2943878173828125,7,7,1,0
1655,1,0.2524750232696533,4,6,0,0
1656,1,0.28849172592163086,3,4,0,0
1657,1,0.30153512954711914,1,1,1,0
1658,1,0.28193235397338867,2,2,1,0
1659,1,0.27138829231262207,2,2,1,0
1660,1,0.2587437629699707,6,6,1,0
1661,1,0.4828033447265625,8,8,1,1
1662,1,0.3123905658721924,9,9,1,0
1663,1,0.4788227081298828,4,7,0,1
1664,1,0.3019134998321533,7,7,1,0
1665,1,0.43845295906066895,7,7,1,1
1666,1,0.4845304489135742,4,7,0,1
1667,1,0.34281134605407715,6,6,1,0
1668,1,0.4813680648803711,4,4,1,1
1669,1,0.3129904270172119,4,4,1,0
1670,1,0.3306007385253906,4,4,1,0
1671,1,0.434495210647583,5,5,1,1
1672,1,0.2587118148803711,8,8,1,0
1673,1,0.30832457542419434,7,7,1,0
1674,1,0.30236244201660156,1,1,1,0
1675,1,0.29883527755737305,2,2,1,0
1676,1,0.28965330123901367,5,5,1,0
1677,1,0.25948071479797363,2,2,1,0
1678,1,0.2868766784667969,5,3,0,0
1679,1,0.2593998908996582,4,7,0,0
1680,1,0.2622551918029785,1,1,1,0
1681,1,0.3317701816558838,5,5,1,0
1682,1,0.2891571521759033,9,9,1,0
1683,1,0.455366849899292,9,9,1,1
1684,1,0.28937244415283203,0,0,1,0
1685,1,0.2847144603729248,9,1,0,0
1686,1,0.28618407249450684,3,3,1,0
1687,1,0.3029778003692627,4,4,1,0
1688,1,0.2923300266265869,3,3,1,0
1689,1,0.3387563228607178,3,3,1,0
1690,1,0.867149829864502,0,4,0,3
1691,1,0.24925470352172852,8,8,1,0
1692,1,0.26052188873291016,8,8,1,0
1693,1,0.3044555187225342,1,1,1,0
1694,1,0.305966854095459,4,4,1,0
1695,1,0.2549397945404053,9,9,1,0
1696,1,0.3050997257232666,4,5,0,0
1697,1,0.25415754318237305,9,9,1,0
1698,1,0.30384254455566406,8,8,1,0
1699,1,0.5072226524353027,7,7,1,1
1700,1,0.2827296257019043,3,7,0,0
1701,1,0.30095982551574707,3,6,0,0
1702,1,0.2615799903869629,1,1,1,0
1703,1,0.2593991756439209,6,6,1,0
1704,1,0.29617977142333984,5,5,1,0
1705,1,0.30169224739074707,8,8,1,0
1706,1,0.25629591941833496,1,1,1,0
1707,1,0.25827550888061523,7,7,1,0
1708,1,0.30382776260375977,8,8,1,0
1709,1,0.299379825592041,4,4,1,0
1710,1,0.8123297691345215,3,7,0,2
1711,1,0.30452704429626465,9,9,1,0
1712,1,0.26244235038757324,5,5,1,0
1713,1,0.3414955139160156,3,3,1,0
1714,1,0.30352091789245605,3,3,1,0
1715,1,0.25736236572265625,4,4,1,0
1716,1,0.48700523376464844,4,3,0,1
1717,1,0.5291383266448975,0,8,0,1
1718,1,0.4362466335296631,3,3,1,1
1719,1,0.26117920875549316,9,9,1,0
1720,1,0.2616734504699707,5,5,1,0
1721,1,0.3058011531829834,9,0,0,0
1722,1,0.30599331855773926,0,0,1,0
1723,1,0.30525922775268555,9,9,1,0
1724,1,0.3476850986480713,2,2,1,0
1725,1,0.2576279640197754,6,6,1,0
1726,1,0.2602849006652832,2,2,1,0
1727,1,0.47924160957336426,5,5,1,1
1728,1,0.26431941986083984,5,5,1,0
1729,1,0.9056353569030762,9,7,0,3
1730,1,0.30197715759277344,4,4,1,0
1731,1,0.2561771869659424,0,0,1,0
1732,1,0.489804744720459,5,5,1,1
1733,1,0.33207154273986816,6,6,1,0
1734,1,0.30213499069213867,5,5,1,0
1735,1,0.2579987049102783,1,1,1,0
1736,1,0.4361085891723633,5,5,1,1
1737,1,0.26148271560668945,4,4,1,0
1738,1,0.30460071563720703,0,0,1,0
1739,1,0.44193291664123535,6,6,1,1
1740,1,0.2983369827270508,3,3,1,0
1741,1,0.30407214164733887,8,8,1,0
1742,1,0.26006054878234863,9,9,1,0
1743,1,0.2635512351989746,8,8,1,0
1744,1,0.30060577392578125,8,8,1,0
1745,1,0.5245418548583984,7,7,1,1
1746,1,0.26033616065979004,4,3,0,0
1747,1,0.29631781578063965,1,1,1,0
1748,1,0.5174927711486816,4,6,0,1
1749,1,0.2537424564361572,7,7,1,0
1750,1,0.2605447769165039,9,9,1,0
1751,1,0.3029365539550781,8,8,1,0
1752,1,0.2520108222961426,1,1,1,0
1753,1,0.4867062568664551,7,7,1,1
1754,1,0.3432910442352295,2,2,1,0
1755,1,0.2544372081756592,0,0,1,0
1756,1,0.30281710624694824,9,9,1,0
1757,1,0.3394157886505127,1,1,1,0
1758,1,0.2527275085449219,9,9,1,0
1759,1,0.5228900909423828,7,7,1,1
1760,1,0.5130519866943359,7,7,1,1
1761,1,0.5312464237213135,2,2,1,1
1762,1,0.30726027488708496,3,3,1,0
1763,1,0.29105639457702637,7,7,1,0
1764,1,0.30095672607421875,9,9,1,0
1765,1,0.2561910152435303,5,5,1,0
1766,1,0.4394114017486572,6,6,1,1
1767,1,0.5375444889068604,5,5,1,1
1768,1,0.2589602470397949,1,1,1,0
1769,1,0.2593097686767578,1,1,1,0
1770,1,0.510209321975708,3,3,1,1
1771,1,0.3108541965484619,8,8,1,0
1772,1,0.7195138931274414,3,3,1,2
1773,1,0.26386237144470215,3,3,1,0
1774,1,0.3057823181152344,1,1,1,0
1775,1,0.5183548927307129,5,5,1,1
1776,1,0.29531216621398926,1,1,1,0
1777,1,0.25697875022888184,5,5,1,0
1778,1,0.3305346965789795,9,9,1,0
1779,1,0.26539158821105957,3,3,1,0
1780,1,0.3065800666809082,8,8,1,0
1781,1,0.4325685501098633,6,6,1,1
1782,1,0.34528541564941406,0,0,1,0
1783,1,0.3011648654937744,0,0,1,0
1784,1,0.31147313117980957,0,0,1,0
1785,1,0.5110831260681152,0,7,0,1
1786,1,0.767594575881958,0,0,1,2
1787,1,0.2977149486541748,8,8,1,0
1788,1,0.26355743408203125,7,7,1,0
1789,1,0.34424304962158203,9,9,1,0
1790,1,0.4402449131011963,4,4,1,1
1791,1,0.3045523166656494,6,6,1,0
1792,1,0.2597229480743408,6,6,1,0
1793,1,0.259124755859375,6,6,1,0
1794,1,0.30416107177734375,7,7,1,0
1795,1,0.30116724967956543,9,9,1,0
1796,1,0.26192212104797363,3,3,1,0
1797,1,0.30309009552001953,5,5,1,0
1798,1,0.2559809684753418,1,1,1,0
1799,1,0.3014109134674072,3,3,1,0
1800,1,0.30350780487060547,4,4,1,0
1801,1,0.47870898246765137,4,4,1,1
1802,1,0.24915289878845215,8,8,1,0
1803,1,0.2946622371673584,6,6,1,0
1804,1,0.3041970729827881,5,5,1,0
1805,1,0.26041626930236816,0,0,1,0
1806,1,0.2608973979949951,8,8,1,0
1807,1,0.2572290897369385,6,6,1,0
1808,1,0.3016383647918701,9,9,1,0
1809,1,0.2957901954650879,7,7,1,0
1810,1,0.2523162364959717,7,7,1,0
1811,1,0.3019275665283203,9,9,1,0
1812,1,0.46822619438171387,8,8,1,1
1813,1,0.9668502807617188,5,5,1,3
1814,1,0.2620251178741455,9,9,1,0
1815,1,0.3420894145965576,1,1,1,0
1816,1,0.2498645782470703,5,5,1,0
1817,1,0.29950594902038574,3,3,1,0
1818,1,0.27059149742126465,4,4,1,0
1819,1,0.32132458686828613,7,7,1,0
1820,1,0.2991058826446533,8,8,1,0
1821,1,0.28533101081848145,7,7,1,0
1822,1,0.2668910026550293,5,5,1,0
1823,1,0.2614753246307373,1,1,1,0
1824,1,0.7829508781433105,5,5,1,2
1825,1,0.26270294189453125,4,3,0,0
1826,1,0.25740885734558105,4,2,0,0
1827,1,0.3026151657104492,4,4,1,0
1828,1,0.29822587966918945,0,0,1,0
1829,1,0.2641255855560303,7,7,1,0
1830,1,0.2783234119415283,3,3,1,0
1831,1,0.2794499397277832,7,7,1,0
1832,1,0.47995686531066895,9,2,0,1
1833,1,0.3087594509124756,5,5,1,0
1834,1,0.7785849571228027,5,5,1,2
1835,1,0.2642989158630371,8,8,1,0
1836,1,0.2568843364715576,5,5,1,0
1837,1,0.2594630718231201,4,4,1,0
1838,1,0.2896287441253662,5,5,1,0
1839,1,0.5309112071990967,5,3,0,1
1840,1,0.298231840133667,4,4,1,0
1841,1,0.4546952247619629,3,2,0,1
1842,1,0.3293266296386719,3,3,1,0
1843,1,0.30327582359313965,1,1,1,0
1844,1,0.2582590579986572,2,2,1,0
1845,1,0.24785661697387695,4,4,1,0
1846,1,0.2987096309661865,1,1,1,0
1847,1,0.2608323097229004,7,7,1,0
1848,1,0.29511499404907227,2,2,1,0
1849,1,0.49059629440307617,4,6,0,1
1850,1,0.30734777450561523,4,4,1,0
1851,1,0.24646520614624023,0,0,1,0
1852,1,0.29280638694763184,3,3,1,0
1853,1,0.2961599826812744,7,7,1,0
1854,1,0.4677159786224365,9,9,1,1
1855,1,0.47770023345947266,0,2,0,1
1856,1,0.26105332374572754,4,4,1,0
1857,1,0.2897961139678955,0,0,1,0
1858,1,0.46614789962768555,3,3,1,1
1859,1,0.26360559463500977,1,1,1,0
1860,1,0.3023860454559326,9,9,1,0
1861,1,0.47081780433654785,1,1,1,1
1862,1,0.4873836040496826,6,6,1,1
1863,1,0.2625551223754883,4,4,1,0
1864,1,0.2606172561645508,8,8,1,0
1865,1,0.3048591613769531,4,4,1,0
1866,1,0.524770975112915,3,3,1,1
1867,1,0.5449619293212891,4,3,0,1
1868,1,0.26422643661499023,0,0,1,0
1869,1,0.3062911033630371,3,3,1,0
1870,1,0.25921201705932617,5,5,1,0
1871,1,0.26349401473999023,9,9,1,0
1872,1,0.25783562660217285,7,7,1,0
1873,1,0.26462411880493164,1,1,1,0
1874,1,0.30356431007385254,3,3,1,0
1875,1,0.26018428802490234,6,6,1,0
1876,1,0.26396942138671875,2,2,1,0
1877,1,0.3542032241821289,0,0,1,0
1878,1,0.2588367462158203,7,7,1,0
1879,1,0.49802684783935547,3,3,1,1
1880,1,0.4803807735443115,2,2,1,1
1881,1,0.3077263832092285,4,4,1,0
1882,1,0.262798547744751,1,1,1,0
1883,1,0.3103923797607422,4,4,1,0
1884,1,0.4902830123901367,9,1,0,1
1885,1,0.30582761764526367,4,2,0,0
1886,1,0.4623270034790039,5,3,0,1
1887,1,0.5734686851501465,3,3,1,1
1888,1,0.3019065856933594,4,7,0,0
1889,1,0.26027631759643555,5,5,1,0
1890,1,1.0264310836791992,9,6,0,3
1891,1,0.43924713134765625,3,6,0,1
1892,1,0.30254483222961426,4,4,1,0
1893,1,0.30618977546691895,7,7,1,0
1894,1,0.28576016426086426,4,4,1,0
1895,1,0.9089417457580566,6,6,1,3
1896,1,0.30737733840942383,2,2,1,0
1897,1,0.26226806640625,6,6,1,0
1898,1,0.30478811264038086,5,5,1,0
1899,1,0.25191640853881836,4,4,1,0
1900,1,0.30069565773010254,9,9,1,0
1901,1,0.309051513671875,7,7,1,0
1902,1,0.4866445064544678,0,0,1,1
1903,1,0.4764988422393799,0,0,1,1
1904,1,1.0088129043579102,3,3,1,3
1905,1,0.26087141036987305,2,2,1,0
1906,1,0.3038914203643799,3,3,1,0
1907,1,0.30855250358581543,7,7,1,0
1908,1,0.4458656311035156,2,2,1,1
1909,1,0.992229700088501,3,2,0,3
1910,1,0.32735681533813477,7,7,1,0
1911,1,0.263533353805542,9,9,1,0
1912,1,0.26422834396362305,2,2,1,0
1913,1,0.33795928955078125,9,9,1,0
1914,1,0.2652547359466553,9,9,1,0
1915,1,0.2637016773223877,4,4,1,0
1916,1,0.4797224998474121,4,5,0,1
1917,1,0.33953094482421875,0,0,1,0
1918,1,0.3279154300689697,3,3,1,0
1919,1,0.25652170181274414,8,8,1,0
1920,1,0.3029170036315918,6,6,1,0
1921,1,0.31112194061279297,6,6,1,0
1922,1,0.26282334327697754,8,8,1,0
1923,1,0.29982948303222656,2,2,1,0
1924,1,0.5207676887512207,6,6,1,1
1925,1,0.26320552825927734,2,5,0,0
1926,1,0.34996581077575684,3,3,1,0
1927,1,0.449204683303833,2,3,0,1
1928,1,0.3104417324066162,7,7,1,0
1929,1,0.2576315402984619,3,3,1,0
1930,1,0.8271999359130859,2,5,0,2
1931,1,0.3103499412536621,9,9,1,0
1932,1,0.26338744163513184,9,9,1,0
1933,1,0.32861971855163574,1,1,1,0
1934,1,0.32394886016845703,0,0,1,0
1935,1,0.25921201705932617,8,8,1,0
1936,1,0.30643439292907715,0,0,1,0
1937,1,0.30332136154174805,1,1,1,0
1938,1,0.47719526290893555,3,3,1,1
1939,1,0.304976224899292,8,8,1,0
1940,1,0.2982656955718994,8,8,1,0
1941,1,0.2543978691101074,1,1,1,0
1942,1,0.4720475673675537,8,8,1,1
1943,1,0.307697057723999,3,3,1,0
1944,1,0.2754993438720703,5,5,1,0
1945,1,0.28753232955932617,0,0,1,0
1946,1,0.3242037296295166,0,0,1,0
1947,1,0.25971078872680664,4,2,0,0
1948,1,0.3055398464202881,1,1,1,0
1949,1,0.30411529541015625,6,6,1,0
1950,1,0.5294196605682373,4,6,0,1
1951,1,0.2716996669769287,0,0,1,0
1952,1,0.27863502502441406,8,8,1,0
1953,1,0.7535901069641113,7,7,1,2
1954,1,0.9796466827392578,2,3,0,3
1955,1,0.2564961910247803,7,7,1,0
1956,1,0.2895195484161377,7,7,1,0
1957,1,0.49144434928894043,3,3,1,1
1958,1,0.4807889461517334,5,5,1,1
1959,1,0.2983839511871338,9,9,1,0
1960,1,0.27746105194091797,6,6,1,0
1961,1,0.2847752571105957,4,4,1,0
1962,1,0.30309128761291504,1,1,1,0
1963,1,0.2584645748138428,3,3,1,0
1964,1,0.30898404121398926,8,8,1,0
1965,1,0.30881476402282715,9,9,1,0
1966,1,0.30030322074890137,0,0,1,0
1967,1,0.26436328887939453,7,7,1,0
1968,1,0.3470430374145508,7,4,0,0
1969,1,0.29965972900390625,0,0,1,0
1970,1,0.25977635383605957,7,7,1,0
1971,1,0.30001354217529297,6,6,1,0
1972,1,0.25839662551879883,9,9,1,0
1973,1,0.27835965156555176,2,2,1,0
1974,1,0.8458001613616943,0,0,1,2
1975,1,0.26213836669921875,5,5,1,0
1976,1,0.47976136207580566,2,2,1,1
1977,1,0.30481624603271484,1,8,0,0
1978,1,0.30556559562683105,0,8,0,0
1979,1,0.24852561950683594,3,3,1,0
1980,1,0.2955031394958496,9,9,1,0
1981,1,0.25939202308654785,3,3,1,0
1982,1,0.2586483955383301,8,8,1,0
1983,1,0.3049495220184326,0,0,1,0
1984,1,0.259472131729126,3,3,1,0
1985,1,0.8089189529418945,7,7,1,2
1986,1,0.292529821395874,9,9,1,0
1987,1,0.3059372901916504,3,3,1,0
1988,1,0.25780272483825684,5,5,1,0
1989,1,0.34469127655029297,7,7,1,0
1990,1,0.26090168952941895,6,6,1,0
1991,1,0.3012118339538574,1,1,1,0
1992,1,0.25782322883605957,1,1,1,0
1993,1,0.25583314895629883,0,0,1,0
1994,1,0.31844449043273926,9,9,1,0
1995,1,0.2549741268157959,3,5,0,0
1996,1,0.27358484268188477,5,5,1,0
1997,1,0.4662611484527588,5,5,1,1
1998,1,1.0303568840026855,0,7,0,3
1999,1,0.2582995891571045,8,8,1,0
2000,1,0.5334286689758301,8,8,1,1
2001,1,0.3076319694519043,1,1,1,0
2002,1,0.2576560974121094,9,9,1,0
2003,1,0.30742383003234863,8,8,1,0
2004,1,0.9658386707305908,2,2,1,3
2005,1,0.25983428955078125,0,0,1,0
2006,1,0.30536890029907227,8,8,1,0
2007,1,0.305631160736084,8,8,1,0
2008,1,0.5637836456298828,9,9,1,1
2009,1,0.26743388175964355,7,7,1,0
2010,1,0.3054661750793457,3,3,1,0
2011,1,0.4303257465362549,7,7,1,1
2012,1,0.4819650650024414,2,2,1,1
2013,1,0.30582427978515625,0,0,1,0
2014,1,0.34699583053588867,9,9,1,0
2015,1,0.34551262855529785,0,0,1,0
2016,1,0.30788326263427734,0,0,1,0
2017,1,0.8847064971923828,3,5,0,3
2018,1,0.30838489532470703,0,0,1,0
2019,1,0.2592198848724365,2,2,1,0
2020,1,0.30956435203552246,6,6,1,0
2021,1,0.301785945892334,6,6,1,0
2022,1,0.30778074264526367,7,7,1,0
2023,1,0.3028392791748047,8,0,0,0
2024,1,0.2969391345977783,6,6,1,0
2025,1,0.2632265090942383,1,1,1,0
2026,1,0.30303335189819336,1,1,1,0
2027,1,0.29729580879211426,0,0,1,0
2028,1,0.828615665435791,9,7,0,2
2029,1,0.26206374168395996,6,6,1,0
2030,1,0.3520357608795166,3,3,1,0
2031,1,0.3040757179260254,7,7,1,0
2032,1,0.3008613586425781,1,9,0,0
2033,1,0.26560258865356445,4,4,1,0
2034,1,0.2611813545227051,2,2,1,0
2035,1,0.2579479217529297,2,2,1,0
2036,1,0.3069460391998291,4,4,1,0
2037,1,0.7735579013824463,6,6,1,2
2038,1,0.5463125705718994,0,0,1,1
2039,1,0.5119733810424805,9,9,1,1
2040,1,0.30483555793762207,0,0,1,0
2041,1,0.9657022953033447,2,2,1,3
2042,1,0.49756503105163574,5,4,0,1
2043,1,0.2942512035369873,7,7,1,0
2044,1,0.29494786262512207,0,0,1,0
2045,1,0.2961273193359375,8,8,1,0
2046,1,0.5317471027374268,3,3,1,1
2047,1,0.30551648139953613,7,7,1,0
2048,1,0.3045008182525635,5,5,1,0
2049,1,0.3042771816253662,5,3,0,0
2050,1,0.48018550872802734,4,2,0,1
2051,1,0.29151344299316406,1,1,1,0
2052,1,0.5227813720703125,6,6,1,1
2053,1,0.30875396728515625,4,6,0,0
2054,1,0.44303035736083984,3,3,1,1
2055,1,0.2914421558380127,0,9,0,0
2056,1,0.4912858009338379,1,0,0,1
2057,1,0.2992563247680664,7,7,1,0
2058,1,0.35086894035339355,5,5,1,0
2059,1,0.2855489253997803,7,7,1,0
2060,1,0.30319952964782715,8,8,1,0
2061,1,0.28751444816589355,0,0,1,0
2062,1,0.30738162994384766,4,4,1,0
2063,1,0.4848315715789795,7,7,1,1
2064,1,0.3003106117248535,7,7,1,0
2065,1,0.2577173709869385,8,8,1,0
2066,1,0.3042905330657959,0,0,1,0
2067,1,0.47945570945739746,4,4,1,1
2068,1,0.30672788619995117,8,8,1,0
2069,1,0.2999997138977051,8,8,1,0
2070,1,0.30766844749450684,7,7,1,0
2071,1,0.2609214782714844,7,7,1,0
2072,1,0.26285862922668457,0,9,0,0
2073,1,0.30408239364624023,8,8,1,0
2074,1,0.30050230026245117,2,2,1,0
2075,1,0.26036572456359863,9,9,1,0
2076,1,0.3083484172821045,1,9,0,0
2077,1,0.35547614097595215,6,6,1,0
2078,1,0.25803136825561523,1,1,1,0
2079,1,0.2988746166229248,5,5,1,0
2080,1,0.29337406158447266,2,2,1,0
2081,1,0.30570316314697266,0,0,1,0
2082,1,0.2974996566772461,6,6,1,0
2083,1,0.30382704734802246,9,9,1,0
2084,1,0.3041977882385254,8,8,1,0
2085,1,0.2897045612335205,9,9,1,0
2086,1,0.30893731117248535,4,4,1,0
2087,1,0.3094141483306885,9,9,1,0
2088,1,0.30614376068115234,5,5,1,0
2089,1,0.4801466464996338,2,2,1,1
2090,1,0.26878976821899414,0,9,0,0
2091,1,0.3040797710418701,8,8,1,0
2092,1,0.2982354164123535,9,9,1,0
2093,1,0.3025341033935547,4,4,1,0
2094,1,0.3003215789794922,6,6,1,0
2095,1,0.33840012550354004,7,7,1,0
2096,1,0.2955360412597656,2,2,1,0
2097,1,0.3035898208618164,5,5,1,0
2098,1,0.2519373893737793,0,8,0,0
2099,1,0.26059484481811523,2,2,1,0
2100,1,0.30379438400268555,9,9,1,0
2101,1,0.2624392509460449,5,5,1,0
2102,1,0.30013108253479004,4,5,0,0
2103,1,0.2983675003051758,4,4,1,0
2104,1,0.29154014587402344,4,6,0,0
2105,1,0.3491237163543701,8,8,1,0
2106,1,0.2565929889678955,4,4,1,0
2107,1,0.3028292655944824,6,6,1,0
2108,1,0.2567296028137207,5,5,1,0
2109,1,0.3048365116119385,9,9,1,0
2110,1,0.2698802947998047,9,9,1,0
2111,1,0.5088870525360107,2,2,1,1
2112,1,0.306368350982666,1,1,1,0
2113,1,0.26024508476257324,8,8,1,0
2114,1,0.4805428981781006,4,6,0,1
2115,1,0.30602288246154785,4,4,1,0
2116,1,0.30312013626098633,5,5,1,0
2117,1,0.442781925201416,4,4,1,1
2118,1,0.26242876052856445,9,9,1,0
2119,1,0.2645726203918457,4,4,1,0
2120,1,0.523085355758667,4,4,1,1
2121,1,0.33858585357666016,0,0,1,0
2122,1,0.26099514961242676,9,9,1,0
2123,1,0.4792799949645996,5,5,1,1
2124,1,0.2901275157928467,5,5,1,0
2125,1,0.3094496726989746,2,2,1,0
2126,1,0.29649877548217773,2,2,1,0
2127,1,0.5294015407562256,9,9,1,1
2128,1,0.2642061710357666,4,4,1,0
2129,1,0.3020741939544678,9,9,1,0
2130,1,0.29983019828796387,0,0,1,0
2131,1,0.2799720764160156,5,6,0,0
2132,1,0.2833852767944336,1,1,1,0
2133,1,0.3379526138305664,3,3,1,0
2134,1,0.2686753273010254,2,0,0,0
2135,1,0.30698132514953613,9,9,1,0
2136,1,0.34784364700317383,9,9,1,0
2137,1,0.2618551254272461,8,8,1,0
2138,1,0.48709630966186523,9,9,1,1
2139,1,0.29680728912353516,1,1,1,0
2140,1,0.30710601806640625,1,1,1,0
2141,1,0.26372337341308594,8,8,1,0
2142,1,0.31615185737609863,7,7,1,0
2143,1,0.324216365814209,6,6,1,0
2144,1,0.28339362144470215,1,1,1,0
2145,1,0.2726612091064453,8,8,1,0
2146,1,0.8198010921478271,3,3,1,2
2147,1,0.26454830169677734,3,6,0,0
2148,1,0.5133302211761475,5,5,1,1
2149,1,0.32477569580078125,6,6,1,0
2150,1,0.3120615482330322,9,9,1,0
2151,1,0.5237362384796143,3,3,1,1
2152,1,0.2552063465118408,8,8,1,0
2153,1,0.4957139492034912,2,2,1,1
2154,1,0.5170741081237793,9,9,1,1
2155,1,0.26174020767211914,9,9,1,0
2156,1,0.30743885040283203,4,4,1,0
2157,1,0.8151974678039551,6,6,1,2
2158,1,0.3062927722930908,7,7,1,0
2159,1,0.33892273902893066,3,3,1,0
2160,1,0.45815253257751465,2,2,1,1
2161,1,0.2812080383300781,0,0,1,0
2162,1,0.26285743713378906,1,1,1,0
2163,1,0.2912602424621582,1,1,1,0
2164,1,0.3049013614654541,3,3,1,0
2165,1,0.25919342041015625,4,4,1,0
2166,1,0.3019387722015381,0,8,0,0
2167,1,0.299283504486084,5,5,1,0
2168,1,0.7632308006286621,2,2,1,2
2169,1,0.28277111053466797,3,5,0,0
2170,1,0.5140056610107422,0,0,1,1
2171,1,0.26317811012268066,3,3,1,0
2172,1,0.6021218299865723,2,2,1,1
2173,1,0.2696533203125,8,8,1,0
2174,1,0.3011667728424072,7,7,1,0
2175,1,0.2993431091308594,1,1,1,0
2176,1,0.30460667610168457,7,7,1,0
2177,1,0.30045628547668457,0,0,1,0
2178,1,0.27994704246520996,5,5,1,0
2179,1,0.4526684284210205,4,4,1,1
2180,1,0.30033230781555176,3,5,0,0
2181,1,0.47429561614990234,2,2,1,1
2182,1,0.5239560604095459,3,3,1,1
2183,1,0.34156084060668945,6,6,1,0
2184,1,0.2584981918334961,3,3,1,0
2185,1,0.30078125,2,2,1,0
2186,1,0.48291993141174316,2,2,1,1
2187,1,0.47542476654052734,2,2,1,1
2188,1,0.7766983509063721,3,5,0,2
2189,1,0.2998208999633789,7,7,1,0
2190,1,0.44489550590515137,1,1,1,1
2191,1,0.5362989902496338,1,8,0,1
2192,1,0.26874709129333496,4,2,0,0
2193,1,0.2779366970062256,0,0,1,0
2194,1,0.2972986698150635,9,9,1,0
2195,1,0.28829121589660645,1,1,1,0
2196,1,0.5305624008178711,6,6,1,1
2197,1,0.29830098152160645,9,9,1,0
2198,1,0.2553997039794922,6,6,1,0
2199,1,0.5294058322906494,8,8,1,1
2200,1,0.964792013168335,5,5,1,3
2201,1,0.315382719039917,8,8,1,0
2202,1,0.3099386692047119,2,3,0,0
2203,1,0.2586557865142822,9,9,1,0
2204,1,0.30446648597717285,3,3,1,0
2205,1,0.26605796813964844,6,6,1,0
2206,1,0.35267186164855957,1,1,1,0
2207,1,0.4516334533691406,3,3,1,1
2208,1,0.2861349582672119,6,6,1,0
2209,1,0.3284883499145508,2,2,1,0
2210,1,0.2744121551513672,9,9,1,0
2211,1,0.2918088436126709,3,5,0,0
2212,1,0.48139309883117676,4,5,0,1
2213,1,0.2964518070220947,4,4,1,0
2214,1,0.2602996826171875,9,9,1,0
2215,1,0.3032820224761963,8,8,1,0
2216,1,0.2549760341644287,3,3,1,0
2217,1,0.2626969814300537,1,9,0,0
2218,1,0.326906681060791,9,9,1,0
2219,1,0.301868200302124,1,1,1,0
2220,1,0.9927921295166016,3,5,0,3
2221,1,0.25649595260620117,2,2,1,0
2222,1,0.26079535484313965,0,0,1,0
2223,1,0.29673314094543457,4,4,1,0
2224,1,0.34723424911499023,5,5,1,0
2225,1,0.3008441925048828,6,6,1,0
2226,1,0.26148223876953125,7,7,1,0
2227,1,0.2983682155609131,4,3,0,0
2228,1,0.2871272563934326,7,7,1,0
2229,1,0.3090248107910156,4,4,1,0
2230,1,0.25470876693725586,5,5,1,0
2231,1,0.4906179904937744,4,4,1,1
2232,1,0.33093762397766113,0,0,1,0
2233,1,0.2717142105102539,2,2,1,0
2234,1,0.25125646591186523,7,7,1,0
2235,1,0.4737567901611328,2,2,1,1
2236,1,0.2987198829650879,9,9,1,0
2237,1,1.0084199905395508,2,7,0,3
2238,1,0.2584710121154785,2,2,1,0
2239,1,0.815847635269165,2,5,0,2
2240,1,0.32175517082214355,4,4,1,0
2241,1,0.27100300788879395,7,7,1,0
2242,1,0.303591251373291,9,9,1,0
2243,1,0.4368016719818115,5,5,1,1
2244,1,0.280048131942749,9,9,1,0
2245,1,0.2849407196044922,9,9,1,0
2246,1,0.3430793285369873,1,1,1,0
2247,1,0.2947733402252197,1,1,1,0
2248,1,0.3110971450805664,2,2,1,0
2249,1,0.2947959899902344,3,3,1,0
2250,1,0.26119303703308105,1,0,0,0
2251,1,0.25838184356689453,3,3,1,0
2252,1,0.3058326244354248,3,3,1,0
2253,1,0.3038604259490967,9,9,1,0
2254,1,0.7862021923065186,9,8,0,2
2255,1,0.2646167278289795,9,9,1,0
2256,1,1.020953893661499,2,3,0,3
2257,1,0.4490971565246582,5,5,1,1
2258,1,0.2842273712158203,8,8,1,0
2259,1,0.293057918548584,3,5,0,0
2260,1,0.2926485538482666,3,3,1,0
2261,1,0.3007230758666992,2,2,1,0
2262,1,0.3133983612060547,4,4,1,0
2263,1,0.3013782501220703,0,0,1,0
2264,1,0.30925941467285156,4,4,1,0
2265,1,0.3073904514312744,7,7,1,0
2266,1,0.32935452461242676,1,1,1,0
2267,1,0.30103111267089844,4,4,1,0
2268,1,0.3026149272918701,5,5,1,0
2269,1,0.3117353916168213,6,6,1,0
2270,1,0.301769495010376,3,3,1,0
2271,1,0.2583174705505371,9,9,1,0
2272,1,0.3054544925689697,7,7,1,0
2273,1,0.30879640579223633,7,7,1,0
2274,1,0.30373692512512207,0,0,1,0
2275,1,0.9215922355651855,2,7,0,3
2276,1,0.2654554843902588,9,9,1,0
2277,1,0.33085060119628906,7,8,0,0
2278,1,0.30784177780151367,1,9,0,0
2279,1,0.291975736618042,1,1,1,0
2280,1,0.30434679985046387,7,7,1,0
2281,1,0.25892066955566406,8,8,1,0
2282,1,0.3037252426147461,3,3,1,0
2283,1,0.304950475692749,0,0,1,0
2284,1,0.2837178707122803,5,5,1,0
2285,1,0.7433881759643555,2,2,1,2
2286,1,0.30312132835388184,7,7,1,0
2287,1,0.2907435894012451,3,3,1,0
2288,1,0.3037912845611572,3,5,0,0
2289,1,0.8026318550109863,4,7,0,2
2290,1,0.30226612091064453,9,9,1,0
2291,1,0.3082435131072998,9,1,0,0
2292,1,0.2569751739501953,9,0,0,0
2293,1,0.34540438652038574,0,0,1,0
2294,1,0.5611484050750732,7,7,1,1
2295,1,0.5430722236633301,4,4,1,1
2296,1,0.30184459686279297,5,6,0,0
2297,1,0.31020116806030273,8,8,1,0
2298,1,0.2813849449157715,1,1,1,0
2299,1,0.26317572593688965,2,2,1,0
2300,1,0.2997567653656006,4,4,1,0
2301,1,0.2968018054962158,8,8,1,0
2302,1,0.7706282138824463,2,2,1,2
2303,1,0.30951881408691406,7,7,1,0
2304,1,0.30553317070007324,1,1,1,0
2305,1,0.34929847717285156,5,5,1,0
2306,1,0.2992570400238037,6,6,1,0
2307,1,0.7737843990325928,5,5,1,2
2308,1,0.30240416526794434,4,4,1,0
2309,1,0.48149585723876953,2,2,1,1
2310,1,0.3496243953704834,5,7,0,0
2311,1,0.30525684356689453,8,8,1,0
2312,1,0.30532288551330566,5,5,1,0
2313,1,0.30825018882751465,8,8,1,0
2314,1,0.28439760208129883,8,8,1,0
2315,1,0.2635688781738281,1,1,1,0
2316,1,0.9841363430023193,5,6,0,3
2317,1,0.4924771785736084,0,0,1,1
2318,1,0.34534621238708496,0,0,1,0
2319,1,0.26235008239746094,7,7,1,0
2320,1,0.2721538543701172,5,5,1,0
2321,1,0.285968542098999,8,0,0,0
2322,1,0.5813827514648438,8,0,0,1
2323,1,0.26130223274230957,0,0,1,0
2324,1,0.2786588668823242,2,2,1,0
2325,1,0.5452849864959717,4,4,1,1
2326,1,0.46495652198791504,4,4,1,1
2327,1,0.30472731590270996,8,8,1,0
2328,1,0.27431631088256836,4,4,1,0
2329,1,0.2566986083984375,1,1,1,0
2330,1,0.5202550888061523,2,2,1,1
2331,1,0.24956178665161133,7,7,1,0
2332,1,0.3463737964630127,0,0,1,0
2333,1,0.3045308589935303,8,8,1,0
2334,1,0.7739784717559814,3,3,1,2
2335,1,0.29892659187316895,4,4,1,0
2336,1,0.9699532985687256,2,2,1,3
2337,1,0.5376060009002686,4,4,1,1
2338,1,0.2684030532836914,9,9,1,0
2339,1,0.30562400817871094,4,4,1,0
2340,1,0.3016483783721924,1,1,1,0
2341,1,0.8664159774780273,2,2,1,2
2342,1,0.26586341857910156,7,7,1,0
2343,1,0.5179545879364014,5,5,1,1
2344,1,0.34139156341552734,0,0,1,0
2345,1,0.4764711856842041,4,2,0,1
2346,1,0.30831336975097656,9,9,1,0
2347,1,0.32132434844970703,8,8,1,0
2348,1,0.9815924167633057,5,5,1,3
2349,1,0.2530245780944824,3,3,1,0
2350,1,0.34950685501098633,9,9,1,0
2351,1,0.2602522373199463,1,1,1,0
2352,1,0.3440423011779785,1,1,1,0
2353,1,0.26204490661621094,7,7,1,0
2354,1,0.3463103771209717,9,9,1,0
2355,1,0.25739073753356934,5,5,1,0
2356,1,0.48912572860717773,0,0,1,1
2357,1,0.6117541790008545,1,1,1,1
2358,1,0.3173637390136719,4,4,1,0
2359,1,0.254810094833374,3,3,1,0
2360,1,0.26247429847717285,9,9,1,0
2361,1,1.024911642074585,2,2,1,3
2362,1,0.30155086517333984,6,6,1,0
2363,1,0.2628316879272461,8,8,1,0
2364,1,0.34694361686706543,8,0,0,0
2365,1,0.30223751068115234,3,3,1,0
2366,1,0.2623002529144287,8,8,1,0
2367,1,0.5261337757110596,3,3,1,1
2368,1,0.2762162685394287,0,0,1,0
2369,1,0.30469179153442383,7,7,1,0
2370,1,0.30281829833984375,6,6,1,0
2371,1,0.3253655433654785,9,9,1,0
2372,1,0.5490462779998779,4,4,1,1
2373,1,0.29999375343322754,8,8,1,0
2374,1,0.43188953399658203,5,5,1,1
2375,1,0.30850863456726074,3,3,1,0
2376,1,0.5272364616394043,9,9,1,1
2377,1,0.30318236351013184,0,0,1,0
2378,1,0.2989223003387451,4,4,1,0
2379,1,0.30057811737060547,1,1,1,0
2380,1,0.4352436065673828,4,4,1,1
2381,1,0.26110148429870605,2,2,1,0
2382,1,0.537459135055542,2,5,0,1
2383,1,0.3069312572479248,0,0,1,0
2384,1,0.34612488746643066,1,1,1,0
2385,1,0.48384642601013184,4,4,1,1
2386,1,0.3108055591583252,9,9,1,0
2387,1,0.30306506156921387,3,5,0,0
2388,1,0.2610890865325928,7,7,1,0
2389,1,0.4810791015625,5,5,1,1
2390,1,0.2646951675415039,7,7,1,0
2391,1,0.5309817790985107,2,2,1,1
2392,1,0.29737043380737305,9,9,1,0
2393,1,0.29514598846435547,8,8,1,0
2394,1,0.2972555160522461,1,1,1,0
2395,1,0.3019900321960449,4,4,1,0
2396,1,0.2983238697052002,4,6,0,0
2397,1,0.3505899906158447,1,1,1,0
2398,1,0.2514946460723877,7,7,1,0
2399,1,0.5322902202606201,3,3,1,1
2400,1,0.316821813583374,5,5,1,0
2401,1,0.3218395709991455,2,2,1,0
2402,1,0.2552924156188965,5,5,1,0
2403,1,0.31583309173583984,4,4,1,0
2404,1,0.31435084342956543,4,4,1,0
2405,1,0.2677953243255615,0,0,1,0
2406,1,0.2807626724243164,2,2,1,0
2407,1,0.3648862838745117,1,1,1,0
2408,1,0.2933833599090576,4,4,1,0
2409,1,0.46047353744506836,0,0,1,1
2410,1,0.49821972846984863,6,6,1,1
2411,1,0.2605605125427246,1,1,1,0
2412,1,0.34836363792419434,3,3,1,0
2413,1,0.48361921310424805,6,6,1,1
2414,1,0.3006711006164551,8,8,1,0
2415,1,0.2556469440460205,7,7,1,0
2416,1,0.3024752140045166,4,4,1,0
2417,1,0.30199265480041504,2,3,0,0
2418,1,0.33144235610961914,5,5,1,0
2419,1,0.2597649097442627,7,7,1,0
2420,1,0.33576035499572754,4,4,1,0
2421,1,0.3148207664489746,1,1,1,0
2422,1,0.27434802055358887,7,7,1,0
2423,1,0.30075621604919434,1,1,1,0
2424,1,0.25263047218322754,6,6,1,0
2425,1,0.25852298736572266,4,4,1,0
2426,1,0.2563326358795166,1,1,1,0
2427,1,0.30125951766967773,0,0,1,0
2428,1,0.2581157684326172,6,6,1,0
2429,1,0.2881803512573242,5,5,1,0
2430,1,0.2941133975982666,8,8,1,0
2431,1,0.28986167907714844,8,8,1,0
2432,1,0.5260579586029053,0,4,0,1
2433,1,0.5310606956481934,8,8,1,1
2434,1,0.29441308975219727,6,6,1,0
2435,1,0.2946031093597412,8,8,1,0
2436,1,0.2839350700378418,1,1,1,0
2437,1,0.2620198726654053,3,3,1,0
2438,1,0.3345966339111328,3,3,1,0
2439,1,0.42208051681518555,8,8,1,1
2440,1,0.3061244487762451,8,8,1,0
2441,1,0.3062729835510254,9,9,1,0
2442,1,0.29884982109069824,9,9,1,0
2443,1,0.302382230758667,3,3,1,0
2444,1,0.2574481964111328,1,1,1,0
2445,1,0.2996382713317871,0,0,1,0
2446,1,0.5241978168487549,2,5,0,1
2447,1,0.4759235382080078,3,3,1,1
2448,1,0.299299955368042,3,3,1,0
2449,1,0.261915922164917,3,3,1,0
2450,1,0.2973906993865967,1,1,1,0
2451,1,0.5313546657562256,4,7,0,1
2452,1,0.3004734516143799,7,7,1,0
2453,1,0.30626583099365234,2,2,1,0
2454,1,0.25614094734191895,6,6,1,0
2455,1,0.30361008644104004,3,5,0,0
2456,1,0.5248234272003174,2,2,1,1
2457,1,0.29113101959228516,1,1,1,0
2458,1,0.4902961254119873,4,4,1,1
2459,1,0.2637166976928711,3,3,1,0
2460,1,0.30251240730285645,1,1,1,0
2461,1,0.2580139636993408,6,6,1,0
2462,1,1.047027349472046,0,8,0,3
2463,1,0.5286946296691895,2,2,1,1
2464,1,0.34627461433410645,1,8,0,0
2465,1,0.3086378574371338,1,1,1,0
2466,1,0.479020357131958,6,3,0,1
2467,1,0.515815258026123,2,2,1,1
2468,1,0.7496185302734375,3,2,0,2
2469,1,0.3117859363555908,0,0,1,0
2470,1,0.3492889404296875,9,9,1,0
2471,1,0.2596266269683838,3,3,1,0
2472,1,0.2629890441894531,4,4,1,0
2473,1,0.30390143394470215,3,5,0,0
2474,1,0.26367998123168945,8,8,1,0
2475,1,0.30582690238952637,5,5,1,0
2476,1,0.30261993408203125,2,2,1,0
2477,1,0.2870025634765625,7,7,1,0
2478,1,0.568455696105957,1,1,1,1
2479,1,0.30652666091918945,1,1,1,0
2480,1,0.2871859073638916,4,4,1,0
2481,1,0.2750544548034668,8,8,1,0
2482,1,0.2599761486053467,0,0,1,0
2483,1,0.48177409172058105,6,6,1,1
2484,1,0.30216145515441895,0,0,1,0
2485,1,0.29217982292175293,9,9,1,0
2486,1,0.3000972270965576,7,7,1,0
2487,1,0.30501604080200195,8,8,1,0
2488,1,0.2928905487060547,7,7,1,0
2489,1,0.3084843158721924,8,8,1,0
2490,1,0.34076619148254395,4,4,1,0
2491,1,0.4886667728424072,6,6,1,1
2492,1,0.4878401756286621,5,5,1,1
2493,1,0.6120514869689941,5,5,1,1
2494,1,0.29585981369018555,4,4,1,0
2495,1,0.30208873748779297,4,4,1,0
2496,1,0.4792344570159912,5,5,1,1
2497,1,0.2955312728881836,7,3,0,0
2498,1,0.9676244258880615,3,7,0,3
2499,1,0.33136844635009766,1,1,1,0
2500,1,0.48842811584472656,3,3,1,1
2501,1,0.27214550971984863,4,4,1,0
2502,1,0.28144168853759766,7,7,1,0
2503,1,0.26334309577941895,7,7,1,0
2504,1,0.29848647117614746,4,4,1,0
2505,1,0.47385597229003906,3,3,1,1
2506,1,0.30365610122680664,1,1,1,0
2507,1,0.5932350158691406,5,5,1,1
2508,1,0.3168778419494629,7,7,1,0
2509,1,0.2910923957824707,4,3,0,0
2510,1,0.3434138298034668,4,4,1,0
2511,1,0.25826048851013184,7,7,1,0
2512,1,0.29595494270324707,8,8,1,0
2513,1,0.2830982208251953,6,6,1,0
2514,1,0.2731747627258301,1,1,1,0
2515,1,0.3079187870025635,8,8,1,0
2516,1,0.4938015937805176,6,2,0,1
2517,1,0.505732536315918,3,3,1,1
2518,1,0.2918732166290283,6,6,1,0
2519,1,0.3122847080230713,8,8,1,0
2520,1,0.3510780334472656,7,7,1,0
2521,1,0.3075857162475586,9,9,1,0
2522,1,0.3015427589416504,5,5,1,0
2523,1,0.48479628562927246,5,5,1,1
2524,1,0.3391909599304199,1,9,0,0
2525,1,0.3519415855407715,4,4,1,0
2526,1,0.3069133758544922,0,0,1,0
2527,1,0.3033897876739502,4,4,1,0
2528,1,0.26139187812805176,9,9,1,0
2529,1,0.26198410987854004,9,9,1,0
2530,1,0.2668313980102539,1,1,1,0
2531,1,0.8166651725769043,5,5,1,2
2532,1,0.3075413703918457,4,4,1,0
2533,1,0.47955322265625,6,6,1,1
2534,1,0.30567288398742676,2,2,1,0
2535,1,0.30497312545776367,3,3,1,0
2536,1,0.25883913040161133,5,5,1,0
2537,1,0.3395085334777832,9,9,1,0
2538,1,0.3039376735687256,1,1,1,0
2539,1,0.25800061225891113,5,5,1,0
2540,1,0.2613980770111084,6,6,1,0
2541,1,0.30556678771972656,0,0,1,0
2542,1,0.2604217529296875,3,3,1,0
2543,1,0.34745311737060547,3,6,0,0
2544,1,0.8264789581298828,5,5,1,2
2545,1,0.5310530662536621,4,6,0,1
2546,1,0.3370344638824463,2,2,1,0
2547,1,0.31052231788635254,2,2,1,0
2548,1,0.3051321506500244,3,3,1,0
2549,1,0.2706291675567627,7,7,1,0
2550,1,0.5343749523162842,3,3,1,1
2551,1,0.31493616104125977,8,8,1,0
2552,1,0.2946004867553711,1,1,1,0
2553,1,0.26465916633605957,1,1,1,0
2554,1,0.30656981468200684,8,8,1,0
2555,1,0.26064109802246094,3,6,0,0
2556,1,0.300462007522583,9,9,1,0
2557,1,0.2610936164855957,9,9,1,0
2558,1,0.29967403411865234,0,0,1,0
2559,1,0.49203968048095703,9,2,0,1
2560,1,0.30871009826660156,0,8,0,0
2561,1,0.2624082565307617,0,0,1,0
2562,1,0.3080589771270752,8,8,1,0
2563,1,0.30971264839172363,3,3,1,0
2564,1,0.2873568534851074,4,4,1,0
2565,1,0.31723451614379883,3,6,0,0
2566,1,0.30561280250549316,9,9,1,0
2567,1,0.30393052101135254,7,7,1,0
2568,1,0.3000051975250244,9,9,1,0
2569,1,0.3070182800292969,8,8,1,0
2570,1,0.30662965774536133,6,6,1,0
2571,1,0.26131224632263184,5,5,1,0
2572,1,0.3509960174560547,4,4,1,0
2573,1,0.5706322193145752,3,6,0,1
2574,1,0.3455476760864258,1,1,1,0
2575,1,0.25681138038635254,6,6,1,0
2576,1,0.33746862411499023,4,4,1,0
2577,1,0.30242156982421875,2,6,0,0
2578,1,0.30155181884765625,6,6,1,0
2579,1,0.5246865749359131,3,3,1,1
2580,1,0.28043341636657715,0,0,1,0
2581,1,0.802072286605835,7,7,1,2
2582,1,0.3424649238586426,8,8,1,0
2583,1,0.30375242233276367,9,9,1,0
2584,1,0.978863000869751,4,7,0,3
2585,1,0.30449676513671875,9,9,1,0
2586,1,0.5282509326934814,6,4,0,1
2587,1,0.51849365234375,8,0,0,1
2588,1,0.5268373489379883,9,9,1,1
2589,1,0.2640953063964844,7,7,1,0
2590,1,0.3117387294769287,0,0,1,0
2591,1,0.292280912399292,3,2,0,0
2592,1,0.28626585006713867,9,9,1,0
2593,1,0.30550074577331543,9,9,1,0
2594,1,0.3024721145629883,6,6,1,0
2595,1,0.352755069732666,5,5,1,0
2596,1,0.3029768466949463,1,1,1,0
2597,1,0.8515994548797607,0,6,0,2
2598,1,0.2637367248535156,1,1,1,0
2599,1,0.30745434761047363,0,0,1,0
2600,1,0.30373477935791016,1,1,1,0
2601,1,1.0499069690704346,2,3,0,3
2602,1,0.48162221908569336,7,7,1,1
2603,1,0.31223464012145996,7,7,1,0
2604,1,0.30808067321777344,3,2,0,0
2605,1,0.33528828620910645,4,6,0,0
2606,1,0.2626376152038574,7,7,1,0
2607,1,0.30466771125793457,6,6,1,0
2608,1,0.3043980598449707,4,4,1,0
2609,1,0.31108760833740234,0,0,1,0
2610,1,0.2637922763824463,4,4,1,0
2611,1,0.3084750175476074,4,2,0,0
2612,1,0.30368614196777344,9,9,1,0
2613,1,0.30367088317871094,5,5,1,0
2614,1,0.3057847023010254,1,1,1,0
2615,1,0.25923919677734375,8,8,1,0
2616,1,0.3059103488922119,9,9,1,0
2617,1,0.30958127975463867,5,5,1,0
2618,1,0.3072028160095215,0,0,1,0
2619,1,0.30393338203430176,3,3,1,0
2620,1,0.2626676559448242,2,2,1,0
2621,1,0.3021109104156494,5,5,1,0
2622,1,0.3067324161529541,9,9,1,0
2623,1,0.3807408809661865,2,2,1,0
2624,1,0.2635838985443115,4,4,1,0
2625,1,0.2718045711517334,5,5,1,0
2626,1,0.32818603515625,5,5,1,0
2627,1,1.0672433376312256,3,3,1,3
2628,1,0.2631247043609619,0,0,1,0
2629,1,0.31106090545654297,0,0,1,0
2630,1,0.30191707611083984,8,8,1,0
2631,1,0.33875107765197754,9,9,1,0
2632,1,0.30720043182373047,7,7,1,0
2633,1,0.498812198638916,2,5,0,1
2634,1,0.8043231964111328,7,7,1,2
2635,1,0.3121638298034668,2,2,1,0
2636,1,0.55361008644104,4,4,1,1
2637,1,0.7365741729736328,7,7,1,2
2638,1,0.31922268867492676,3,3,1,0
2639,1,0.306720495223999,1,1,1,0
2640,1,0.5093221664428711,5,5,1,1
2641,1,0.8662805557250977,4,4,1,2
2642,1,0.30425333976745605,3,6,0,0
2643,1,0.2662365436553955,7,7,1,0
2644,1,0.31160640716552734,4,4,1,0
2645,1,0.2604217529296875,5,5,1,0
2646,1,0.3552825450897217,6,6,1,0
2647,1,0.5576741695404053,7,7,1,1
2648,1,0.2998816967010498,6,6,1,0
2649,1,0.3587367534637451,7,7,1,0
2650,1,0.3713526725769043,0,8,0,0
2651,1,0.5204651355743408,2,2,1,1
2652,1,0.2642345428466797,5,6,0,0
2653,1,0.26267123222351074,0,0,1,0
2654,1,0.3036942481994629,5,5,1,0
2655,1,0.30439090728759766,8,8,1,0
2656,1,0.3027222156524658,4,4,1,0
2657,1,0.3022332191467285,3,3,1,0
2658,1,0.2912912368774414,1,1,1,0
2659,1,0.3059515953063965,9,9,1,0
2660,1,0.514746904373169,3,6,0,1
2661,1,0.2643003463745117,0,0,1,0
2662,1,0.3055074214935303,9,9,1,0
2663,1,0.3004295825958252,0,0,1,0
2664,1,0.3411872386932373,9,9,1,0
2665,1,0.2982761859893799,6,6,1,0
2666,1,0.4829885959625244,6,6,1,1
2667,1,0.3035886287689209,6,6,1,0
2668,1,0.34734106063842773,0,0,1,0
2669,1,0.3202197551727295,4,4,1,0
2670,1,0.25989437103271484,0,0,1,0
2671,1,0.30094075202941895,9,9,1,0
2672,1,0.26043081283569336,8,8,1,0
2673,1,0.30103087425231934,1,1,1,0
2674,1,0.30190134048461914,3,3,1,0
2675,1,0.3036050796508789,9,9,1,0
2676,1,0.5288894176483154,4,5,0,1
2677,1,0.2633347511291504,9,0,0,0
2678,1,0.3058891296386719,5,5,1,0
2679,1,0.30475854873657227,8,8,1,0
2680,1,0.30175328254699707,4,3,0,0
2681,1,0.30277323722839355,0,0,1,0
2682,1,0.35131144523620605,1,1,1,0
2683,1,0.284149169921875,4,4,1,0
2684,1,0.4935121536254883,4,4,1,1
2685,1,0.2995719909667969,4,2,0,0
2686,1,0.2960350513458252,5,5,1,0
2687,1,0.32546472549438477,4,4,1,0
2688,1,0.30138611793518066,2,2,1,0
2689,1,0.49190688133239746,2,2,1,1
2690,1,0.3018941879272461,5,5,1,0
2691,1,0.34795260429382324,1,1,1,0
2692,1,0.48710036277770996,9,9,1,1
2693,1,0.536992073059082,9,9,1,1
2694,1,0.5798168182373047,6,6,1,1
2695,1,0.3057866096496582,8,8,1,0
2696,1,0.26485204696655273,3,3,1,0
2697,1,0.5386080741882324,4,4,1,1
2698,1,0.28717851638793945,9,9,1,0
2699,1,0.2949535846710205,1,1,1,0
2700,1,0.2935676574707031,7,7,1,0
2701,1,0.3436100482940674,8,8,1,0
2702,1,0.29823756217956543,9,9,1,0
2703,1,0.2583019733428955,3,3,1,0
2704,1,0.2998819351196289,6,6,1,0
2705,1,0.4788498878479004,0,0,1,1
2706,1,0.3514091968536377,9,9,1,0
2707,1,0.2596886157989502,7,7,1,0
2708,1,0.35759949684143066,1,1,1,0
2709,1,0.5522351264953613,6,6,1,1
2710,1,0.3040013313293457,9,9,1,0
2711,1,0.3017604351043701,1,1,1,0
2712,1,0.33600759506225586,4,4,1,0
2713,1,0.25713515281677246,8,8,1,0
2714,1,0.3048861026763916,9,9,1,0
2715,1,0.49042224884033203,9,8,0,1
2716,1,0.34496092796325684,8,8,1,0
2717,1,0.48503971099853516,1,1,1,1
2718,1,0.3082726001739502,4,4,1,0
2719,1,0.34328222274780273,9,9,1,0
2720,1,0.2945225238800049,7,7,1,0
2721,1,0.34755563735961914,9,9,1,0
2722,1,0.30561232566833496,8,8,1,0
2723,1,0.25824451446533203,2,2,1,0
2724,1,0.3031036853790283,0,0,1,0
2725,1,0.26226162910461426,7,7,1,0
2726,1,0.2941763401031494,3,7,0,0
2727,1,1.0164062976837158,2,3,0,3
2728,1,0.3019368648529053,9,9,1,0
2729,1,0.30039381980895996,9,1,0,0
2730,1,0.30015039443969727,0,0,1,0
2731,1,0.30447912216186523,0,0,1,0
2732,1,0.5213232040405273,4,4,1,1
2733,1,0.30797243118286133,2,2,1,0
2734,1,0.32508134841918945,8,8,1,0
2735,1,0.2571847438812256,7,7,1,0
2736,1,0.5430741310119629,4,7,0,1
2737,1,0.2898895740509033,7,7,1,0
2738,1,0.32990431785583496,3,5,0,0
2739,1,0.3300206661224365,0,9,0,0
2740,1,0.2985117435455322,4,4,1,0
2741,1,0.2488718032836914,8,8,1,0
2742,1,0.8188481330871582,5,5,1,2
2743,1,0.2692983150482178,3,3,1,0
2744,1,0.36493635177612305,5,5,1,0
2745,1,0.2919306755065918,7,9,0,0
2746,1,0.264021635055542,9,9,1,0
2747,1,0.30086374282836914,2,2,1,0
2748,1,1.0656487941741943,5,5,1,3
2749,1,0.31837987899780273,4,4,1,0
2750,1,0.32561492919921875,2,2,1,0
2751,1,0.2979719638824463,8,8,1,0
2752,1,0.5214018821716309,7,7,1,1
2753,1,0.34467506408691406,7,7,1,0
2754,1,0.30350661277770996,9,9,1,0
2755,1,0.3436591625213623,8,8,1,0
2756,1,0.25501012802124023,4,6,0,0
2757,1,0.2535665035247803,9,9,1,0
2758,1,0.3415412902832031,9,9,1,0
2759,1,0.3030688762664795,5,5,1,0
2760,1,0.26035094261169434,9,9,1,0
2761,1,0.5251603126525879,9,1,0,1
2762,1,0.2602810859680176,7,7,1,0
2763,1,0.27604031562805176,3,3,1,0
2764,1,0.3277277946472168,8,8,1,0
2765,1,0.26233506202697754,4,4,1,0
2766,1,0.2927865982055664,5,5,1,0
2767,1,0.32789015769958496,1,1,1,0
2768,1,0.294527530670166,9,9,1,0
2769,1,0.26790380477905273,7,7,1,0
2770,1,0.33019208908081055,0,0,1,0
2771,1,0.3030548095703125,1,1,1,0
2772,1,0.30275821685791016,5,5,1,0
2773,1,0.30196142196655273,2,4,0,0
2774,1,0.7750263214111328,7,7,1,2
2775,1,0.35227274894714355,4,4,1,0
2776,1,0.30599117279052734,1,1,1,0
2777,1,0.7583751678466797,3,5,0,2
2778,1,0.3197669982910156,0,0,1,0
2779,1,0.2578859329223633,7,7,1,0
2780,1,0.8677411079406738,2,2,1,2
2781,1,0.4887418746948242,4,4,1,1
2782,1,0.34363389015197754,8,0,0,0
2783,1,0.4993607997894287,8,8,1,1
2784,1,0.28117823600769043,8,8,1,0
2785,1,0.5342683792114258,5,5,1,1
2786,1,0.3035907745361328,8,8,1,0
2787,1,0.2600562572479248,1,1,1,0
2788,1,0.30586671829223633,8,8,1,0
2789,1,0.30584073066711426,0,0,1,0
2790,1,0.2594747543334961,2,2,1,0
2791,1,0.29825282096862793,7,7,1,0
2792,1,0.26084065437316895,9,9,1,0
2793,1,0.2993581295013428,5,5,1,0
2794,1,0.47708964347839355,2,2,1,1
2795,1,0.30548810958862305,3,3,1,0
2796,1,0.25106310844421387,2,2,1,0
2797,1,0.3473780155181885,3,3,1,0
2798,1,0.30423426628112793,5,5,1,0
2799,1,0.3256216049194336,7,7,1,0
2800,1,0.31722283363342285,0,0,1,0
2801,1,0.30143213272094727,2,6,0,0
2802,1,0.5305254459381104,5,5,1,1
2803,1,0.25586915016174316,1,1,1,0
2804,1,0.26177334785461426,4,4,1,0
2805,1,0.30300045013427734,6,6,1,0
2806,1,0.4372437000274658,9,9,1,1
2807,1,0.3035860061645508,5,5,1,0
2808,1,0.34456801414489746,3,3,1,0
2809,1,0.29742002487182617,7,7,1,0
2810,1,0.8205828666687012,6,6,1,2
2811,1,0.5748553276062012,5,5,1,1
2812,1,0.3110325336456299,9,9,1,0
2813,1,0.28564000129699707,9,9,1,0
2814,1,0.4880259037017822,4,4,1,1
2815,1,0.3461337089538574,8,8,1,0
2816,1,0.303119421005249,2,2,1,0
2817,1,0.5673949718475342,6,6,1,1
2818,1,0.3084902763366699,9,9,1,0
2819,1,0.3213081359863281,7,7,1,0
2820,1,0.3292367458343506,6,6,1,0
2821,1,0.2983880043029785,5,5,1,0
2822,1,0.30792951583862305,0,2,0,0
2823,1,0.2998473644256592,6,6,1,0
2824,1,0.8195984363555908,2,2,1,2
2825,1,0.3459317684173584,4,4,1,0
2826,1,0.26060009002685547,8,8,1,0
2827,1,1.0101921558380127,9,8,0,3
2828,1,0.2992832660675049,2,2,1,0
2829,1,0.3059225082397461,1,1,1,0
2830,1,0.5422158241271973,7,7,1,1
2831,1,0.5248639583587646,9,9,1,1
2832,1,0.30449438095092773,5,5,1,0
2833,1,0.5053231716156006,1,1,1,1
2834,1,0.2993640899658203,9,9,1,0
2835,1,0.31183862686157227,4,4,1,0
2836,1,0.30538463592529297,3,2,0,0
2837,1,0.3063805103302002,4,4,1,0
2838,1,0.7897703647613525,5,5,1,2
2839,1,0.2897007465362549,1,1,1,0
2840,1,0.30783581733703613,5,5,1,0
2841,1,0.3036673069000244,4,4,1,0
2842,1,0.31323933601379395,4,4,1,0
2843,1,0.32860302925109863,2,2,1,0
2844,1,0.6449968814849854,6,6,1,1
2845,1,0.36164331436157227,0,0,1,0
2846,1,0.31034350395202637,9,9,1,0
2847,1,0.35664892196655273,9,9,1,0
2848,1,0.47771120071411133,7,7,1,1
2849,1,0.5629489421844482,0,0,1,1
2850,1,0.3539450168609619,5,5,1,0
2851,1,0.5462121963500977,5,5,1,1
2852,1,0.2792701721191406,0,8,0,0
2853,1,0.30228543281555176,0,0,1,0
2854,1,0.25896668434143066,8,8,1,0
2855,1,0.7766847610473633,2,2,1,2
2856,1,0.3500680923461914,2,2,1,0
2857,1,0.307783842086792,3,3,1,0
2858,1,0.30276036262512207,4,4,1,0
2859,1,0.30609869956970215,9,9,1,0
2860,1,0.3088676929473877,0,0,1,0
2861,1,0.3360137939453125,7,7,1,0
2862,1,0.2742764949798584,3,3,1,0
2863,1,0.30948352813720703,9,9,1,0
2864,1,0.53157639503479,2,2,1,1
2865,1,0.5772202014923096,8,8,1,1
2866,1,0.30196309089660645,4,4,1,0
2867,1,0.34654784202575684,9,9,1,0
2868,1,0.30728721618652344,9,9,1,0
2869,1,0.30075645446777344,9,9,1,0
2870,1,0.2615926265716553,9,9,1,0
2871,1,0.34838223457336426,5,5,1,0
2872,1,0.30530428886413574,6,6,1,0
2873,1,0.2668898105621338,8,8,1,0
2874,1,0.29169249534606934,7,7,1,0
2875,1,0.3095104694366455,8,8,1,0
2876,1,0.30007505416870117,9,9,1,0
2877,1,0.3256664276123047,1,9,0,0
2878,1,0.37224674224853516,5,5,1,0
2879,1,0.32361841201782227,4,4,1,0
2880,1,0.2783389091491699,2,2,1,0
2881,1,0.2629861831665039,7,7,1,0
2882,1,0.34514474868774414,5,5,1,0
2883,1,0.26154184341430664,4,4,1,0
2884,1,0.3058631420135498,8,8,1,0
2885,1,0.30611491203308105,1,1,1,0
2886,1,0.3060617446899414,9,9,1,0
2887,1,0.34693050384521484,5,5,1,0
2888,1,0.30031776428222656,0,0,1,0
2889,1,0.3037424087524414,8,8,1,0
2890,1,0.298795223236084,8,8,1,0
2891,1,0.3445718288421631,9,9,1,0
2892,1,0.3480684757232666,1,1,1,0
2893,1,0.4851059913635254,5,5,1,1
2894,1,0.30641818046569824,4,4,1,0
2895,1,0.30698060989379883,0,0,1,0
2896,1,0.27924013137817383,9,9,1,0
2897,1,0.3323943614959717,0,7,0,0
2898,1,0.30280256271362305,5,5,1,0
2899,1,0.30576348304748535,1,1,1,0
2900,1,0.300067663192749,3,3,1,0
2901,1,0.3684988021850586,2,2,1,0
2902,1,0.27114415168762207,9,8,0,0
2903,1,0.30853843688964844,5,5,1,0
2904,1,0.3082437515258789,1,1,1,0
2905,1,0.2816190719604492,6,6,1,0
2906,1,0.32177019119262695,3,3,1,0
2907,1,0.345536470413208,5,5,1,0
2908,1,0.2943150997161865,2,2,1,0
2909,1,0.5346097946166992,4,4,1,1
2910,1,0.2623765468597412,4,4,1,0
2911,1,0.29608631134033203,0,0,1,0
2912,1,0.8433530330657959,9,7,0,2
2913,1,0.3058931827545166,6,6,1,0
2914,1,0.3261730670928955,4,2,0,0
2915,1,0.5253674983978271,4,3,0,1
2916,1,0.29669880867004395,7,7,1,0
2917,1,0.30535292625427246,6,6,1,0
2918,1,0.2959427833557129,7,7,1,0
2919,1,0.30490660667419434,4,3,0,0
2920,1,0.4855680465698242,4,4,1,1
2921,1,0.3793015480041504,3,3,1,0
2922,1,0.5006999969482422,5,5,1,1
2923,1,0.3059353828430176,9,9,1,0
2924,1,0.3001139163970947,1,1,1,0
2925,1,0.30541014671325684,8,8,1,0
2926,1,0.3027338981628418,1,1,1,0
2927,1,0.30929088592529297,9,9,1,0
2928,1,0.2895314693450928,8,8,1,0
2929,1,0.3500349521636963,4,4,1,0
2930,1,0.3035547733306885,8,8,1,0
2931,1,0.2650573253631592,9,9,1,0
2932,1,0.32288241386413574,8,8,1,0
2933,1,0.2719895839691162,7,7,1,0
2934,1,0.36977410316467285,5,6,0,0
2935,1,0.26398134231567383,8,8,1,0
2936,1,0.3054647445678711,5,5,1,0
2937,1,0.27751970291137695,0,0,1,0
2938,1,0.31726932525634766,1,1,1,0
2939,1,0.3444056510925293,0,0,1,0
2940,1,0.25780344009399414,1,1,1,0
2941,1,0.3103759288787842,9,9,1,0
2942,1,0.3007478713989258,4,4,1,0
2943,1,0.5309252738952637,0,0,1,1
2944,1,0.30439138412475586,5,5,1,0
2945,1,0.3501131534576416,3,3,1,0
2946,1,0.30745816230773926,4,4,1,0
2947,1,0.29485440254211426,9,9,1,0
2948,1,0.38346266746520996,4,4,1,0
2949,1,0.2741422653198242,6,6,1,0
2950,1,0.7740190029144287,2,2,1,2
2951,1,0.3093388080596924,5,5,1,0
2952,1,0.26351380348205566,4,4,1,0
2953,1,0.30828142166137695,7,7,1,0
2954,1,0.2625148296356201,3,3,1,0
2955,1,0.30777430534362793,3,5,0,0
2956,1,0.2964458465576172,7,7,1,0
2957,1,0.2687351703643799,1,1,1,0
2958,1,0.5276720523834229,7,7,1,1
2959,1,0.4888954162597656,1,1,1,1
2960,1,0.35834288597106934,9,9,1,0
2961,1,0.2646455764770508,7,7,1,0
2962,1,0.3573031425476074,5,5,1,0
2963,1,0.2882540225982666,6,6,1,0
2964,1,0.26085948944091797,4,4,1,0
2965,1,0.9055593013763428,2,2,1,2
2966,1,0.3497755527496338,9,9,1,0
2967,1,0.26160573959350586,4,4,1,0
2968,1,0.5372135639190674,2,2,1,1
2969,1,0.5372889041900635,0,4,0,1
2970,1,0.3043997287750244,9,1,0,0
2971,1,0.8622260093688965,3,5,0,2
2972,1,0.4801149368286133,9,8,0,1
2973,1,1.018021583557129,1,0,0,3
2974,1,0.5400106906890869,6,6,1,1
2975,1,0.26577019691467285,8,8,1,0
2976,1,0.3012998104095459,4,4,1,0
2977,1,0.29292964935302734,5,5,1,0
2978,1,0.3451859951019287,0,0,1,0
2979,1,0.3080403804779053,7,7,1,0
2980,1,0.30703020095825195,2,2,1,0
2981,1,0.3941915035247803,7,7,1,0
2982,1,0.35431385040283203,0,0,1,0
2983,1,0.3081488609313965,6,6,1,0
2984,1,0.2899351119995117,0,0,1,0
2985,1,0.3376288414001465,1,1,1,0
2986,1,0.5133600234985352,8,0,0,1
2987,1,0.3142850399017334,0,0,1,0
2988,1,0.30832481384277344,5,2,0,0
2989,1,0.3019864559173584,9,9,1,0
2990,1,0.3092520236968994,1,8,0,0
2991,1,0.3668653964996338,9,9,1,0
2992,1,0.30982184410095215,8,8,1,0
2993,1,0.3015141487121582,3,7,0,0
2994,1,0.53354811668396,9,1,0,1
2995,1,0.4913361072540283,4,4,1,1
2996,1,0.31945109367370605,0,0,1,0
2997,1,0.839707612991333,7,7,1,2
2998,1,0.30371665954589844,4,4,1,0
2999,1,0.3040626049041748,0,0,1,0
3000,1,0.2634737491607666,9,9,1,0
3001,1,0.5847263336181641,6,6,1,1
3002,1,0.5343835353851318,2,2,1,1
3003,1,0.3444809913635254,8,8,1,0
3004,1,0.5301461219787598,3,3,1,1
3005,1,0.49309849739074707,3,3,1,1
3006,1,0.29894018173217773,1,1,1,0
3007,1,0.289776086807251,3,5,0,0
3008,1,0.29299426078796387,0,8,0,0
3009,1,0.3375539779663086,8,0,0,0
3010,1,0.26578760147094727,3,3,1,0
3011,1,0.2982604503631592,7,7,1,0
3012,1,0.29494571685791016,3,3,1,0
3013,1,0.2857632637023926,1,1,1,0
3014,1,0.2670927047729492,2,2,1,0
3015,1,0.4880845546722412,9,9,1,1
3016,1,0.30344581604003906,9,9,1,0
3017,1,0.3480703830718994,4,4,1,0
3018,1,0.8174309730529785,7,7,1,2
3019,1,0.5725882053375244,9,3,0,1
3020,1,0.30531954765319824,3,3,1,0
3021,1,0.2661466598510742,1,1,1,0
3022,1,0.29392337799072266,9,9,1,0
3023,1,0.3086254596710205,6,6,1,0
3024,1,0.3767712116241455,5,5,1,0
3025,1,0.3003988265991211,8,8,1,0
3026,1,0.3149123191833496,4,4,1,0
3027,1,0.31128644943237305,9,9,1,0
3028,1,0.8309731483459473,8,8,1,2
3029,1,0.28873729705810547,1,1,1,0
3030,1,0.31093358993530273,8,8,1,0
3031,1,0.31031203269958496,4,5,0,0
3032,1,0.5845575332641602,4,2,0,1
3033,1,0.318591833114624,8,8,1,0
3034,1,0.3224620819091797,2,2,1,0
3035,1,0.5239198207855225,5,5,1,1
3036,1,0.31324172019958496,0,5,0,0
3037,1,0.30035853385925293,7,7,1,0
3038,1,0.5260708332061768,6,6,1,1
3039,1,0.3304305076599121,7,7,1,0
3040,1,0.36427927017211914,8,8,1,0
3041,1,0.3268575668334961,5,5,1,0
3042,1,0.35064125061035156,2,2,1,0
3043,1,0.25846338272094727,4,4,1,0
3044,1,0.30155324935913086,9,9,1,0
3045,1,0.5795443058013916,0,0,1,1
3046,1,0.3069441318511963,3,3,1,0
3047,1,0.2647209167480469,8,8,1,0
3048,1,0.3320741653442383,0,0,1,0
3049,1,0.4808535575866699,5,5,1,1
3050,1,1.0264887809753418,3,3,1,3
3051,1,0.34355974197387695,7,7,1,0
3052,1,0.8314926624298096,4,5,0,2
3053,1,0.8497779369354248,2,6,0,2
3054,1,0.3225064277648926,5,5,1,0
3055,1,0.2839629650115967,6,6,1,0
3056,1,0.3225526809692383,8,8,1,0
3057,1,0.35158562660217285,7,7,1,0
3058,1,0.26129603385925293,6,6,1,0
3059,1,0.34163951873779297,9,9,1,0
3060,1,0.26447629928588867,9,9,1,0
3061,1,0.3409082889556885,8,8,1,0
3062,1,0.30588340759277344,3,3,1,0
3063,1,0.3027768135070801,5,5,1,0
3064,1,0.305173397064209,6,6,1,0
3065,1,0.3501431941986084,0,0,1,0
3066,1,0.5301861763000488,1,1,1,1
3067,1,0.26198554039001465,2,0,0,0
3068,1,0.31946754455566406,9,9,1,0
3069,1,0.32613468170166016,9,9,1,0
3070,1,0.3899421691894531,8,8,1,0
3071,1,0.3367166519165039,4,4,1,0
3072,1,0.2674143314361572,8,8,1,0
3073,1,0.2719583511352539,8,8,1,0
3074,1,0.5418753623962402,0,0,1,1
3075,1,0.31656861305236816,0,0,1,0
3076,1,0.2969796657562256,7,7,1,0
3077,1,0.3701333999633789,8,8,1,0
3078,1,0.31269025802612305,4,4,1,0
3079,1,0.494279146194458,9,9,1,1
3080,1,0.49178481101989746,2,2,1,1
3081,1,0.4947230815887451,4,4,1,1
3082,1,0.3090486526489258,3,3,1,0
3083,1,0.3450803756713867,1,1,1,0
3084,1,0.2943549156188965,3,3,1,0
3085,1,0.3067007064819336,8,8,1,0
3086,1,0.29180312156677246,9,9,1,0
3087,1,0.5582423210144043,8,8,1,1
3088,1,0.5061655044555664,0,0,1,1
3089,1,0.35451722145080566,8,8,1,0
3090,1,0.3325157165527344,4,4,1,0
3091,1,0.34685516357421875,3,3,1,0
3092,1,0.311917781829834,9,9,1,0
3093,1,0.33364057540893555,8,8,1,0
3094,1,0.3067045211791992,0,0,1,0
3095,1,0.30246663093566895,6,6,1,0
3096,1,0.3061707019805908,8,8,1,0
3097,1,0.2854883670806885,4,4,1,0
3098,1,0.5431737899780273,9,9,1,1
3099,1,0.30049633979797363,4,4,1,0
3100,1,0.33895325660705566,5,5,1,0
3101,1,0.34232378005981445,0,0,1,0
3102,1,0.2658240795135498,8,8,1,0
3103,1,0.28266215324401855,7,8,0,0
3104,1,0.30243802070617676,0,0,1,0
3105,1,0.3087131977081299,4,2,0,0
3106,1,0.298628568649292,0,0,1,0
3107,1,0.31076908111572266,8,8,1,0
3108,1,0.5486509799957275,8,8,1,1
3109,1,0.8464438915252686,3,3,1,2
3110,1,0.30556797981262207,0,0,1,0
3111,1,0.3065152168273926,7,7,1,0
3112,1,0.3045051097869873,4,7,0,0
3113,1,0.3012552261352539,6,6,1,0
3114,1,0.26003050804138184,0,0,1,0
3115,1,0.26749229431152344,3,6,0,0
3116,1,0.36693692207336426,4,4,1,0
3117,1,0.2939269542694092,9,9,1,0
3118,1,0.25707244873046875,1,1,1,0
3119,1,0.3062472343444824,2,2,1,0
3120,1,0.305100679397583,0,0,1,0
3121,1,0.2987184524536133,0,8,0,0
3122,1,0.30574560165405273,8,8,1,0
3123,1,0.28369855880737305,6,6,1,0
3124,1,0.2750375270843506,2,2,1,0
3125,1,0.3474457263946533,7,7,1,0
3126,1,0.30346202850341797,1,1,1,0
3127,1,0.30274438858032227,2,2,1,0
3128,1,0.3055152893066406,4,4,1,0
3129,1,0.3041849136352539,3,3,1,0
3130,1,0.30850863456726074,1,1,1,0
3131,1,0.2561604976654053,6,6,1,0
3132,1,0.3563053607940674,5,5,1,0
3133,1,0.32273101806640625,3,3,1,0
3134,1,0.8607063293457031,6,6,1,2
3135,1,0.4820845127105713,3,3,1,1
3136,1,0.34234619140625,9,9,1,0
3137,1,0.26389288902282715,0,0,1,0
3138,1,0.8536591529846191,5,6,0,2
3139,1,0.33577895164489746,4,4,1,0
3140,1,0.29760289192199707,7,7,1,0
3141,1,0.5251758098602295,2,2,1,1
3142,1,0.28502368927001953,7,7,1,0
3143,1,0.36629748344421387,6,6,1,0
3144,1,0.274014949798584,3,5,0,0
3145,1,0.34366774559020996,5,5,1,0
3146,1,0.3461010456085205,0,0,1,0
3147,1,0.3040339946746826,2,2,1,0
3148,1,0.5175802707672119,5,5,1,1
3149,1,0.282703161239624,0,6,0,0
3150,1,0.3084299564361572,5,5,1,0
3151,1,0.3470494747161865,5,5,1,0
3152,1,0.3107280731201172,9,9,1,0
3153,1,0.5356845855712891,4,7,0,1
3154,1,0.5395286083221436,4,4,1,1
3155,1,0.36946535110473633,1,1,1,0
3156,1,0.8028254508972168,2,8,0,2
3157,1,0.3063175678253174,0,0,1,0
3158,1,0.3087127208709717,1,1,1,0
3159,1,0.31310033798217773,8,8,1,0
3160,1,0.5361709594726562,6,4,0,1
3161,1,0.30162596702575684,6,2,0,0
3162,1,0.30402278900146484,8,8,1,0
3163,1,0.3383505344390869,9,9,1,0
3164,1,0.30646586418151855,6,6,1,0
3165,1,0.3557884693145752,2,2,1,0
3166,1,0.32964539527893066,0,0,1,0
3167,1,0.3207530975341797,2,2,1,0
3168,1,0.31559276580810547,9,9,1,0
3169,1,0.31058382987976074,3,3,1,0
3170,1,0.3367640972137451,3,3,1,0
3171,1,0.3345463275909424,8,8,1,0
3172,1,0.5617847442626953,7,0,0,1
3173,1,0.2817263603210449,8,8,1,0
3174,1,0.3520197868347168,0,0,1,0
3175,1,0.3027365207672119,7,7,1,0
3176,1,0.2973368167877197,5,3,0,0
3177,1,0.2928431034088135,4,4,1,0
3178,1,0.29720449447631836,0,0,1,0
3179,1,0.42812085151672363,1,1,1,0
3180,1,0.5159456729888916,8,8,1,1
3181,1,0.37158870697021484,4,4,1,0
3182,1,0.2615830898284912,9,9,1,0
3183,1,0.2635993957519531,4,4,1,0
3184,1,0.34928369522094727,2,2,1,0
3185,1,0.26522135734558105,6,6,1,0
3186,1,0.3030858039855957,7,7,1,0
3187,1,0.3038208484649658,5,5,1,0
3188,1,0.5336465835571289,4,5,0,1
3189,1,0.3260526657104492,3,3,1,0
3190,1,0.3244903087615967,7,7,1,0
3191,1,0.3560771942138672,4,4,1,0
3192,1,0.589440107345581,4,4,1,1
3193,1,0.31800389289855957,6,6,1,0
3194,1,0.2952721118927002,9,9,1,0
3195,1,0.515815258026123,2,2,1,1
3196,1,0.31415247917175293,3,3,1,0
3197,1,0.3052949905395508,8,8,1,0
3198,1,0.5343246459960938,2,2,1,1
3199,1,0.30876755714416504,5,5,1,0
3200,1,0.3085005283355713,5,5,1,0
3201,1,0.3390164375305176,7,7,1,0
3202,1,0.5362701416015625,4,2,0,1
3203,1,0.35375428199768066,2,2,1,0
3204,1,0.4937012195587158,4,4,1,1
3205,1,0.3111231327056885,1,1,1,0
3206,1,0.3492286205291748,1,1,1,0
3207,1,0.3526742458343506,9,9,1,0
3208,1,0.2639942169189453,0,0,1,0
3209,1,0.2982468605041504,2,2,1,0
3210,1,0.3363785743713379,1,1,1,0
3211,1,0.30933117866516113,4,4,1,0
3212,1,0.5302934646606445,6,6,1,1
3213,1,0.39257216453552246,2,2,1,0
3214,1,0.5218608379364014,0,0,1,1
3215,1,0.39386558532714844,5,5,1,0
3216,1,0.31162548065185547,3,3,1,0
3217,1,0.5269784927368164,2,0,0,1
3218,1,0.30812811851501465,8,8,1,0
3219,1,0.31543898582458496,2,0,0,0
3220,1,0.2833669185638428,9,9,1,0
3221,1,0.3368041515350342,3,3,1,0
3222,1,0.27344250679016113,6,6,1,0
3223,1,0.3030881881713867,3,3,1,0
3224,1,0.3053600788116455,6,6,1,0
3225,1,0.2690606117248535,8,8,1,0
3226,1,0.37221717834472656,4,4,1,0
3227,1,0.2546980381011963,1,8,0,0
3228,1,0.3511195182800293,1,1,1,0
3229,1,0.5405762195587158,6,6,1,1
3230,1,0.5498502254486084,3,3,1,1
3231,1,0.309802770614624,6,4,0,0
3232,1,0.37009549140930176,1,1,1,0
3233,1,0.30349016189575195,4,4,1,0
3234,1,0.29599785804748535,0,0,1,0
3235,1,0.3050720691680908,7,7,1,0
3236,1,0.35130929946899414,9,9,1,0
3237,1,0.34769344329833984,8,8,1,0
3238,1,0.26241517066955566,0,0,1,0
3239,1,0.4869663715362549,0,8,0,1
3240,1,0.5884871482849121,9,9,1,1
3241,1,0.46399569511413574,5,5,1,1
3242,1,0.31379079818725586,3,3,1,0
3243,1,0.3069570064544678,6,6,1,0
3244,1,0.33187222480773926,8,8,1,0
3245,1,0.2590174674987793,9,9,1,0
3246,1,0.3966031074523926,8,8,1,0
3247,1,0.309586763381958,1,8,0,0
3248,1,0.3105342388153076,7,7,1,0
3249,1,0.5820813179016113,9,9,1,1
3250,1,0.2658703327178955,9,9,1,0
3251,1,0.5283322334289551,2,2,1,1
3252,1,0.34922027587890625,6,6,1,0
3253,1,0.33751797676086426,9,9,1,0
3254,1,0.3052065372467041,0,0,1,0
3255,1,0.36774253845214844,0,0,1,0
3256,1,0.27462267875671387,2,2,1,0
3257,1,0.2637162208557129,8,8,1,0
3258,1,0.33756589889526367,9,9,1,0
3259,1,0.30605006217956543,8,8,1,0
3260,1,0.28411173820495605,1,1,1,0
3261,1,0.3044288158416748,9,9,1,0
3262,1,0.5977976322174072,9,9,1,1
3263,1,0.30722618103027344,3,3,1,0
3264,1,0.2825798988342285,7,7,1,0
3265,1,0.30638813972473145,8,8,1,0
3266,1,0.30951619148254395,1,1,1,0
3267,1,0.26888012886047363,0,0,1,0
3268,1,0.34230995178222656,2,2,1,0
3269,1,0.25993824005126953,1,1,1,0
3270,1,0.30294275283813477,1,1,1,0
3271,1,0.2710256576538086,2,2,1,0
3272,1,0.3726940155029297,6,6,1,0
3273,1,0.3080737590789795,7,7,1,0
3274,1,0.2717728614807129,8,8,1,0
3275,1,0.34716272354125977,3,3,1,0
3276,1,0.31019163131713867,9,9,1,0
3277,1,0.3069756031036377,8,8,1,0
3278,1,0.2658390998840332,3,3,1,0
3279,1,0.5763885974884033,0,0,1,1
3280,1,0.3092987537384033,8,8,1,0
3281,1,0.5334389209747314,3,7,0,1
3282,1,0.37211060523986816,3,5,0,0
3283,1,0.3197362422943115,1,1,1,0
3284,1,0.32939887046813965,8,8,1,0
3285,1,0.30170345306396484,3,5,0,0
3286,1,0.30870914459228516,3,3,1,0
3287,1,0.3012845516204834,5,5,1,0
3288,1,0.2938194274902344,8,8,1,0
3289,1,0.26906800270080566,7,7,1,0
3290,1,0.26552438735961914,5,5,1,0
3291,1,0.3312089443206787,5,5,1,0
3292,1,0.5190014839172363,6,6,1,1
3293,1,0.2751171588897705,3,5,0,0
3294,1,0.4893467426300049,3,3,1,1
3295,1,0.3565688133239746,7,7,1,0
3296,1,0.30846714973449707,3,6,0,0
3297,1,0.5653359889984131,3,3,1,1
3298,1,0.355560302734375,3,3,1,0
3299,1,0.5595743656158447,1,1,1,1
3300,1,0.26764869689941406,1,1,1,0
3301,1,0.33817267417907715,5,5,1,0
3302,1,0.31108617782592773,1,1,1,0
3303,1,0.2971813678741455,5,5,1,0
3304,1,0.3413822650909424,6,6,1,0
3305,1,0.30825352668762207,2,2,1,0
3306,1,0.35619306564331055,4,4,1,0
3307,1,0.25794219970703125,6,6,1,0
3308,1,0.3593637943267822,3,3,1,0
3309,1,0.30438804626464844,4,4,1,0
3310,1,0.28809261322021484,4,4,1,0
3311,1,0.3472731113433838,5,5,1,0
3312,1,0.30618786811828613,2,2,1,0
3313,1,0.2914419174194336,1,1,1,0
3314,1,0.3026123046875,3,3,1,0
3315,1,0.3870656490325928,7,7,1,0
3316,1,0.2748384475708008,7,7,1,0
3317,1,0.28160810470581055,7,7,1,0
3318,1,0.3165304660797119,3,3,1,0
3319,1,0.8862650394439697,3,3,1,2
3320,1,0.5564148426055908,8,8,1,1
3321,1,0.503040075302124,5,5,1,1
3322,1,0.31130194664001465,1,1,1,0
3323,1,0.34795618057250977,5,5,1,0
3324,1,0.29921579360961914,7,7,1,0
3325,1,0.30399155616760254,8,8,1,0
3326,1,0.30412745475769043,9,9,1,0
3327,1,0.3239448070526123,1,1,1,0
3328,1,0.3106963634490967,8,8,1,0
3329,1,0.31106138229370117,3,3,1,0
3330,1,0.301846981048584,0,0,1,0
3331,1,0.2936427593231201,5,5,1,0
3332,1,0.2573428153991699,5,5,1,0
3333,1,0.34899163246154785,5,2,0,0
3334,1,0.29175686836242676,1,1,1,0
3335,1,0.2947216033935547,0,0,1,0
3336,1,0.3690178394317627,1,1,1,0
3337,1,0.2669668197631836,3,3,1,0
3338,1,0.30873751640319824,1,1,1,0
3339,1,0.3026258945465088,0,0,1,0
3340,1,0.3035719394683838,7,7,1,0
3341,1,0.34160900115966797,8,8,1,0
3342,1,0.3381383419036865,6,6,1,0
3343,1,0.3002448081970215,0,0,1,0
3344,1,0.31192946434020996,9,9,1,0
3345,1,0.27060627937316895,1,1,1,0
3346,1,0.3183867931365967,8,8,1,0
3347,1,0.3013932704925537,2,2,1,0
3348,1,0.3001821041107178,9,9,1,0
3349,1,0.25766754150390625,2,2,1,0
3350,1,0.3060624599456787,9,9,1,0
3351,1,0.3209695816040039,8,8,1,0
3352,1,0.32669544219970703,8,8,1,0
3353,1,0.29960179328918457,2,2,1,0
3354,1,0.30106568336486816,2,2,1,0
3355,1,0.34023237228393555,4,4,1,0
3356,1,0.34465813636779785,5,5,1,0
3357,1,0.4802238941192627,2,2,1,1
3358,1,0.3030552864074707,1,1,1,0
3359,1,0.261476993560791,4,7,0,0
3360,1,0.2933318614959717,5,5,1,0
3361,1,0.3862640857696533,4,4,1,0
3362,1,0.2995936870574951,8,8,1,0
3363,1,0.5744571685791016,7,7,1,1
3364,1,0.48366212844848633,2,2,1,1
3365,1,0.5320231914520264,3,3,1,1
3366,1,0.5276412963867188,3,2,0,1
3367,1,0.9006175994873047,5,5,1,2
3368,1,0.35735368728637695,7,7,1,0
3369,1,0.3018956184387207,4,3,0,0
3370,1,0.8734762668609619,8,8,1,2
3371,1,0.2998800277709961,9,9,1,0
3372,1,0.30371999740600586,3,3,1,0
3373,1,0.30161309242248535,9,9,1,0
3374,1,0.5318465232849121,0,0,1,1
3375,1,0.3466365337371826,8,8,1,0
3376,1,0.29267358779907227,4,6,0,0
3377,1,0.48940014839172363,2,2,1,1
3378,1,0.59490966796875,4,4,1,1
3379,1,0.32481980323791504,1,1,1,0
3380,1,0.34951257705688477,2,2,1,0
3381,1,0.4878067970275879,4,4,1,1
3382,1,0.312727689743042,7,7,1,0
3383,1,0.2845776081085205,5,5,1,0
3384,1,0.37273216247558594,8,8,1,0
3385,1,0.2549581527709961,1,1,1,0
3386,1,0.30588793754577637,8,8,1,0
3387,1,0.30157971382141113,1,9,0,0
3388,1,0.3043961524963379,6,6,1,0
3389,1,0.3446810245513916,9,9,1,0
3390,1,0.31952857971191406,6,6,1,0
3391,1,0.2949211597442627,0,0,1,0
3392,1,0.32514071464538574,8,8,1,0
3393,1,0.5994935035705566,9,8,0,1
3394,1,0.3110225200653076,0,0,1,0
3395,1,0.34842991828918457,0,0,1,0
3396,1,0.2593381404876709,3,3,1,0
3397,1,0.2997474670410156,4,4,1,0
3398,1,0.34610891342163086,7,7,1,0
3399,1,0.31709885597229004,6,6,1,0
3400,1,0.29858994483947754,7,7,1,0
3401,1,0.362659215927124,9,9,1,0
3402,1,0.5109398365020752,6,6,1,1
3403,1,0.5300672054290771,2,2,1,1
3404,1,0.3027365207672119,9,9,1,0
3405,1,0.3495819568634033,7,4,0,0
3406,1,0.29134392738342285,8,8,1,0
3407,1,0.30757951736450195,4,2,0,0
3408,1,0.8510608673095703,5,5,1,2
3409,1,0.25995707511901855,4,4,1,0
3410,1,0.3489534854888916,3,3,1,0
3411,1,0.2947568893432617,9,9,1,0
3412,1,0.30661487579345703,5,5,1,0
3413,1,0.34644126892089844,6,6,1,0
3414,1,0.8579497337341309,3,5,0,2
3415,1,0.29946303367614746,7,7,1,0
3416,1,0.3475759029388428,4,4,1,0
3417,1,0.25974488258361816,8,8,1,0
3418,1,0.3496983051300049,2,6,0,0
3419,1,0.26177239418029785,3,3,1,0
3420,1,0.36353015899658203,8,8,1,0
3421,1,0.29880547523498535,7,4,0,0
3422,1,0.3130466938018799,1,1,1,0
3423,1,0.2891509532928467,1,1,1,0
3424,1,0.303586483001709,4,4,1,0
3425,1,0.3009510040283203,7,7,1,0
3426,1,0.5784540176391602,5,5,1,1
3427,1,0.35828161239624023,3,3,1,0
3428,1,0.33052563667297363,5,5,1,0
3429,1,0.26111698150634766,0,0,1,0
3430,1,0.3053913116455078,3,3,1,0
3431,1,0.573026180267334,1,1,1,1
3432,1,0.2936704158782959,6,6,1,0
3433,1,0.30594635009765625,4,4,1,0
3434,1,0.32837963104248047,7,7,1,0
3435,1,0.3392512798309326,6,6,1,0
3436,1,0.30600905418395996,8,8,1,0
3437,1,0.3470609188079834,9,9,1,0
3438,1,0.29574060440063477,3,3,1,0
3439,1,0.26100754737854004,4,4,1,0
3440,1,0.5661320686340332,4,5,0,1
3441,1,0.30386972427368164,8,8,1,0
3442,1,0.9061639308929443,8,8,1,2
3443,1,0.2667403221130371,4,4,1,0
3444,1,0.33066844940185547,6,6,1,0
3445,1,0.33986496925354004,0,0,1,0
3446,1,0.30533766746520996,0,0,1,0
3447,1,0.3248276710510254,9,9,1,0
3448,1,0.29937005043029785,4,5,0,0
3449,1,0.30062437057495117,2,2,1,0
3450,1,0.3315868377685547,1,1,1,0
3451,1,0.3099198341369629,9,9,1,0
3452,1,0.2604203224182129,8,8,1,0
3453,1,0.5238902568817139,8,3,0,1
3454,1,0.3016622066497803,8,0,0,0
3455,1,1.104438066482544,0,0,1,3
3456,1,0.3431997299194336,0,0,1,0
3457,1,0.2971823215484619,3,5,0,0
3458,1,0.2949411869049072,3,3,1,0
3459,1,0.34316039085388184,6,6,1,0
3460,1,0.3358781337738037,1,1,1,0
3461,1,0.26343250274658203,0,0,1,0
3462,1,0.30472373962402344,9,9,1,0
3463,1,0.30161070823669434,2,2,1,0
3464,1,0.3376309871673584,1,1,1,0
3465,1,0.3118412494659424,8,8,1,0
3466,1,0.2940056324005127,1,1,1,0
3467,1,0.2880730628967285,4,4,1,0
3468,1,0.5339717864990234,6,6,1,1
3469,1,0.5365352630615234,2,5,0,1
3470,1,0.5375306606292725,4,6,0,1
3471,1,0.3364291191101074,9,9,1,0
3472,1,0.26073217391967773,0,0,1,0
3473,1,0.3849022388458252,7,7,1,0
3474,1,0.3505868911743164,5,4,0,0
3475,1,0.3060481548309326,4,4,1,0
3476,1,0.27632641792297363,5,5,1,0
3477,1,0.3259007930755615,5,5,1,0
3478,1,0.5270228385925293,9,9,1,1
3479,1,0.3749711513519287,6,3,0,0
3480,1,0.29108119010925293,5,5,1,0
3481,1,0.3147244453430176,6,6,1,0
3482,1,0.5323257446289062,9,9,1,1
3483,1,0.30419015884399414,4,4,1,0
3484,1,0.3459930419921875,3,5,0,0
3485,1,0.3044586181640625,4,4,1,0
3486,1,0.34888720512390137,9,9,1,0
3487,1,0.2636144161224365,3,3,1,0
3488,1,0.369110107421875,2,2,1,0
3489,1,0.3297455310821533,8,8,1,0
3490,1,0.3501400947570801,1,1,1,0
3491,1,0.5373783111572266,1,1,1,1
3492,1,0.5482282638549805,4,4,1,1
3493,1,0.3111131191253662,7,7,1,0
3494,1,0.3252897262573242,0,0,1,0
3495,1,0.3753988742828369,3,3,1,0
3496,1,0.8418505191802979,9,1,0,2
3497,1,0.5346016883850098,4,5,0,1
3498,1,0.34279656410217285,5,5,1,0
3499,1,0.2647225856781006,6,6,1,0
3500,1,0.34775781631469727,9,9,1,0
3501,1,0.34337472915649414,8,8,1,0
3502,1,0.3082702159881592,8,8,1,0
3503,1,0.31004881858825684,9,9,1,0
3504,1,0.264148473739624,8,8,1,0
3505,1,0.34425830841064453,8,8,1,0
3506,1,0.3482849597930908,9,9,1,0
3507,1,0.3044016361236572,7,7,1,0
3508,1,0.3092916011810303,0,0,1,0
3509,1,0.29894375801086426,0,0,1,0
3510,1,0.8748703002929688,0,4,0,2
3511,1,0.31058239936828613,8,8,1,0
3512,1,0.30376482009887695,7,7,1,0
3513,1,0.32006359100341797,3,3,1,0
3514,1,0.2628328800201416,8,8,1,0
3515,1,0.30716753005981445,3,3,1,0
3516,1,0.5183911323547363,2,2,1,1
3517,1,0.3125181198120117,8,8,1,0
3518,1,0.3452169895172119,9,9,1,0
3519,1,0.3037838935852051,3,3,1,0
3520,1,0.343411922454834,2,2,1,0
3521,1,0.30585169792175293,4,4,1,0
3522,1,0.3021984100341797,7,7,1,0
3523,1,1.0806026458740234,2,3,0,3
3524,1,0.3424549102783203,4,4,1,0
3525,1,0.2655191421508789,2,2,1,0
3526,1,0.30765771865844727,2,2,1,0
3527,1,0.3082001209259033,2,2,1,0
3528,1,0.3806610107421875,6,6,1,0
3529,1,0.840625524520874,3,3,1,2
3530,1,0.30127596855163574,1,1,1,0
3531,1,0.5354406833648682,3,5,0,1
3532,1,0.3243067264556885,0,0,1,0
3533,1,0.29152846336364746,9,9,1,0
3534,1,0.31758928298950195,4,4,1,0
3535,1,0.34820556640625,2,2,1,0
3536,1,0.30242133140563965,1,1,1,0
3537,1,0.49043965339660645,4,2,0,1
3538,1,0.3088967800140381,3,3,1,0
3539,1,0.39907336235046387,1,9,0,0
3540,1,0.30048108100891113,9,9,1,0
3541,1,0.3303523063659668,9,9,1,0
3542,1,0.805363655090332,8,0,0,2
3543,1,0.3028576374053955,7,7,1,0
3544,1,0.31520700454711914,8,8,1,0
3545,1,0.3725607395172119,6,6,1,0
3546,1,0.3015329837799072,1,1,1,0
3547,1,0.35903406143188477,8,8,1,0
3548,1,0.577622652053833,8,8,1,1
3549,1,0.30696535110473633,7,7,1,0
3550,1,1.0625007152557373,9,8,0,3
3551,1,0.3110044002532959,9,9,1,0
3552,1,0.5848932266235352,4,4,1,1
3553,1,0.5175800323486328,2,2,1,1
3554,1,0.32154059410095215,8,8,1,0
3555,1,0.3475923538208008,7,7,1,0
3556,1,0.538384199142456,5,5,1,1
3557,1,0.3030874729156494,0,5,0,0
3558,1,0.2814638614654541,0,0,1,0
3559,1,0.32550811767578125,1,1,1,0
3560,1,0.30715274810791016,9,1,0,0
3561,1,0.2987544536590576,2,2,1,0
3562,1,0.3597395420074463,1,1,1,0
3563,1,0.30930662155151367,5,5,1,0
3564,1,0.3089029788970947,1,1,1,0
3565,1,0.3021402359008789,4,2,0,0
3566,1,0.34831690788269043,5,5,1,0
3567,1,0.842278003692627,2,3,0,2
3568,1,0.3209080696105957,5,5,1,0
3569,1,0.28995513916015625,0,0,1,0
3570,1,0.5461728572845459,0,0,1,1
3571,1,0.3175187110900879,0,0,1,0
3572,1,0.32872700691223145,0,0,1,0
3573,1,0.30139923095703125,0,0,1,0
3574,1,0.30414676666259766,4,5,0,0
3575,1,0.34552645683288574,6,6,1,0
3576,1,0.30709314346313477,0,0,1,0
3577,1,0.2633800506591797,1,1,1,0
3578,1,0.4285144805908203,0,0,1,0
3579,1,0.3945343494415283,1,1,1,0
3580,1,0.39766550064086914,4,4,1,0
3581,1,0.3072776794433594,7,7,1,0
3582,1,0.262664794921875,3,3,1,0
3583,1,0.36089634895324707,5,5,1,0
3584,1,0.3870737552642822,1,1,1,0
3585,1,0.3976597785949707,4,2,0,0
3586,1,0.4970896244049072,4,4,1,1
3587,1,0.33980369567871094,4,4,1,0
3588,1,0.5266070365905762,3,3,1,1
3589,1,0.3340911865234375,2,2,1,0
3590,1,0.32840895652770996,3,3,1,0
3591,1,0.5775675773620605,3,6,0,1
3592,1,0.36048197746276855,8,8,1,0
3593,1,0.34056925773620605,1,1,1,0
3594,1,0.30559349060058594,6,6,1,0
3595,1,0.3494868278503418,6,6,1,0
3596,1,0.2600364685058594,9,7,0,0
3597,1,0.28461670875549316,0,3,0,0
3598,1,0.3227074146270752,1,1,1,0
3599,1,0.34395360946655273,0,0,1,0
3600,1,0.49404144287109375,5,5,1,1
3601,1,0.3067619800567627,0,8,0,0
3602,1,0.31954336166381836,1,1,1,0
3603,1,0.5127468109130859,3,3,1,1
3604,1,0.352963924407959,3,3,1,0
3605,1,0.29146504402160645,1,1,1,0
3606,1,0.6261377334594727,2,2,1,1
3607,1,0.29370903968811035,1,1,1,0
3608,1,1.0966897010803223,3,3,1,3
3609,1,0.3034381866455078,9,1,0,0
3610,1,0.3155956268310547,1,1,1,0
3611,1,0.30856776237487793,7,7,1,0
3612,1,0.5408778190612793,4,6,0,1
3613,1,0.3474907875061035,9,9,1,0
3614,1,0.3054838180541992,8,8,1,0
3615,1,0.3044776916503906,8,8,1,0
3616,1,0.30521297454833984,3,3,1,0
3617,1,0.33897829055786133,1,1,1,0
3618,1,0.2998952865600586,3,3,1,0
3619,1,0.29723262786865234,7,7,1,0
3620,1,1.0831525325775146,2,3,0,3
3621,1,0.3322112560272217,0,0,1,0
3622,1,0.28937387466430664,5,5,1,0
3623,1,0.31163763999938965,0,0,1,0
3624,1,0.3031597137451172,1,1,1,0
3625,1,0.3089592456817627,8,8,1,0
3626,1,0.3486948013305664,9,9,1,0
3627,1,0.34958457946777344,8,8,1,0
3628,1,0.3172316551208496,2,0,0,0
3629,1,0.3263680934906006,7,7,1,0
3630,1,0.3060493469238281,2,2,1,0
3631,1,0.31124043464660645,0,0,1,0
3632,1,0.5359396934509277,0,2,0,1
3633,1,0.3694498538970947,1,1,1,0
3634,1,0.37868189811706543,1,8,0,0
3635,1,0.31017160415649414,7,7,1,0
3636,1,0.3118283748626709,3,5,0,0
3637,1,0.5261664390563965,2,5,0,1
3638,1,0.30547142028808594,3,3,1,0
3639,1,0.3227968215942383,5,5,1,0
3640,1,0.3074178695678711,7,7,1,0
3641,1,0.550635576248169,7,7,1,1
3642,1,0.31179380416870117,0,2,0,0
3643,1,0.32930517196655273,7,7,1,0
3644,1,0.3479926586151123,3,2,0,0
3645,1,0.33249592781066895,6,6,1,0
3646,1,0.35314488410949707,2,2,1,0
3647,1,0.3068244457244873,8,0,0,0
3648,1,0.30897974967956543,9,9,1,0
3649,1,0.3312499523162842,6,6,1,0
3650,1,0.5812985897064209,3,3,1,1
3651,1,0.3040151596069336,0,0,1,0
3652,1,0.30336666107177734,3,6,0,0
3653,1,0.35030651092529297,4,4,1,0
3654,1,0.5767240524291992,9,9,1,1
3655,1,0.3085293769836426,1,1,1,0
3656,1,0.35587167739868164,3,3,1,0
3657,1,0.33417844772338867,2,3,0,0
3658,1,0.33764100074768066,0,0,1,0
3659,1,0.26571059226989746,2,2,1,0
3660,1,0.5320234298706055,1,1,1,1
3661,1,0.34336256980895996,4,6,0,0
3662,1,0.26214122772216797,1,1,1,0
3663,1,0.2999875545501709,9,9,1,0
3664,1,0.3355443477630615,1,1,1,0
3665,1,0.31350064277648926,7,7,1,0
3666,1,0.5749540328979492,2,2,1,1
3667,1,0.3239893913269043,4,6,0,0
3668,1,0.31998729705810547,7,7,1,0
3669,1,0.38706302642822266,8,8,1,0
3670,1,0.26876115798950195,3,3,1,0
3671,1,0.37334704399108887,1,1,1,0
3672,1,0.25867414474487305,7,7,1,0
3673,1,0.34928250312805176,5,5,1,0
3674,1,0.30864739418029785,5,5,1,0
3675,1,0.2562692165374756,6,6,1,0
3676,1,0.34887266159057617,3,3,1,0
3677,1,0.25456905364990234,9,9,1,0
3678,1,0.3623344898223877,5,5,1,0
3679,1,0.5473048686981201,2,2,1,1
3680,1,0.3094363212585449,2,2,1,0
3681,1,0.28294873237609863,3,3,1,0
3682,1,0.30222153663635254,7,1,0,0
3683,1,0.30617523193359375,6,6,1,0
3684,1,0.5787808895111084,0,7,0,1
3685,1,0.38843774795532227,3,7,0,0
3686,1,0.3486611843109131,1,1,1,0
3687,1,0.33288121223449707,9,9,1,0
3688,1,0.3068370819091797,9,0,0,0
3689,1,0.3494608402252197,0,0,1,0
3690,1,0.5837950706481934,9,9,1,1
3691,1,0.2918546199798584,8,8,1,0
3692,1,0.3105456829071045,4,4,1,0
3693,1,0.30434417724609375,7,7,1,0
3694,1,0.29751014709472656,8,8,1,0
3695,1,0.5613281726837158,6,6,1,1
3696,1,0.31864094734191895,4,4,1,0
3697,1,0.30600690841674805,6,6,1,0
3698,1,0.30283117294311523,6,6,1,0
3699,1,0.28934812545776367,7,7,1,0
3700,1,0.29889702796936035,5,5,1,0
3701,1,0.3108086585998535,1,1,1,0
3702,1,0.3412590026855469,9,9,1,0
3703,1,0.30678534507751465,2,2,1,0
3704,1,0.5059874057769775,7,7,1,1
3705,1,0.29955267906188965,9,9,1,0
3706,1,0.596794605255127,1,1,1,1
3707,1,0.5130422115325928,0,0,1,1
3708,1,0.3720061779022217,0,0,1,0
3709,1,0.3307676315307617,7,4,0,0
3710,1,0.3159353733062744,3,3,1,0
3711,1,0.30257272720336914,8,8,1,0
3712,1,0.5494451522827148,9,0,0,1
3713,1,0.3306612968444824,6,6,1,0
3714,1,0.8566863536834717,2,5,0,2
3715,1,0.3553915023803711,1,1,1,0
3716,1,0.30249547958374023,1,1,1,0
3717,1,0.5767326354980469,5,2,0,1
3718,1,0.4907653331756592,9,9,1,1
3719,1,0.5797383785247803,5,5,1,1
3720,1,0.2650761604309082,2,2,1,0
3721,1,0.6014950275421143,2,2,1,1
3722,1,0.32457685470581055,0,0,1,0
3723,1,0.309767484664917,8,8,1,0
3724,1,0.3710958957672119,0,0,1,0
3725,1,0.3119778633117676,9,9,1,0
3726,1,0.3032093048095703,0,0,1,0
3727,1,0.3111886978149414,6,6,1,0
3728,1,0.33761167526245117,6,6,1,0
3729,1,0.353696346282959,8,8,1,0
3730,1,0.3831746578216553,4,4,1,0
3731,1,0.5272643566131592,6,6,1,1
3732,1,0.2932319641113281,8,8,1,0
3733,1,0.30783534049987793,4,4,1,0
3734,1,0.3633899688720703,4,4,1,0
3735,1,0.35640811920166016,7,7,1,0
3736,1,0.3084282875061035,1,1,1,0
3737,1,0.35372304916381836,8,8,1,0
3738,1,0.4790976047515869,6,6,1,1
3739,1,0.3528914451599121,1,1,1,0
3740,1,0.3064694404602051,2,0,0,0
3741,1,0.5366919040679932,8,8,1,1
3742,1,0.3562777042388916,3,3,1,0
3743,1,0.6026935577392578,0,0,1,1
3744,1,0.5340163707733154,0,0,1,1
3745,1,1.1363739967346191,4,7,0,3
3746,1,0.3245208263397217,0,0,1,0
3747,1,0.36881446838378906,6,6,1,0
3748,1,0.30226778984069824,1,1,1,0
3749,1,0.5348784923553467,3,3,1,1
3750,1,0.26574277877807617,9,9,1,0
3751,1,0.34786367416381836,1,1,1,0
3752,1,0.5117173194885254,2,3,0,1
3753,1,0.2631049156188965,2,2,1,0
3754,1,0.3895251750946045,3,3,1,0
3755,1,0.34447312355041504,0,0,1,0
3756,1,0.32860350608825684,7,7,1,0
3757,1,0.49811601638793945,4,2,0,1
3758,1,0.35402607917785645,2,2,1,0
3759,1,0.35372185707092285,4,4,1,0
3760,1,0.356182336807251,9,9,1,0
3761,1,0.33551716804504395,4,4,1,0
3762,1,1.0835764408111572,4,5,0,3
3763,1,0.3030385971069336,0,0,1,0
3764,1,0.49424004554748535,6,6,1,1
3765,1,0.5173468589782715,1,1,1,1
3766,1,0.34780263900756836,3,3,1,0
3767,1,0.3021965026855469,9,1,0,0
3768,1,0.3073282241821289,8,8,1,0
3769,1,0.8256001472473145,3,3,1,2
3770,1,0.30322742462158203,1,1,1,0
3771,1,0.3333015441894531,5,3,0,0
3772,1,0.3526344299316406,7,7,1,0
3773,1,0.26369619369506836,7,7,1,0
3774,1,0.6081948280334473,4,4,1,1
3775,1,0.31165409088134766,3,5,0,0
3776,1,0.29115915298461914,7,7,1,0
3777,1,0.3653268814086914,7,7,1,0
3778,1,0.3067967891693115,9,9,1,0
3779,1,0.5535743236541748,2,0,0,1
3780,1,0.8419461250305176,4,4,1,2
3781,1,0.3665766716003418,0,0,1,0
3782,1,0.2998182773590088,8,0,0,0
3783,1,0.32780027389526367,8,8,1,0
3784,1,0.3185884952545166,8,8,1,0
3785,1,0.3016083240509033,8,8,1,0
3786,1,0.5534420013427734,3,5,0,1
3787,1,0.37606072425842285,4,4,1,0
3788,1,0.2621018886566162,0,0,1,0
3789,1,0.30200743675231934,3,3,1,0
3790,1,0.2939574718475342,6,6,1,0
3791,1,0.3130307197570801,3,3,1,0
3792,1,0.35125088691711426,3,3,1,0
3793,1,0.31185150146484375,1,1,1,0
3794,1,0.36063098907470703,4,3,0,0
3795,1,0.6160049438476562,4,2,0,1
3796,1,0.3302016258239746,6,6,1,0
3797,1,0.3054771423339844,9,9,1,0
3798,1,0.539259672164917,1,1,1,1
3799,1,0.2703361511230469,4,4,1,0
3800,1,0.39004993438720703,4,4,1,0
3801,1,0.5842690467834473,2,2,1,1
3802,1,0.35480260848999023,3,3,1,0
3803,1,0.30672478675842285,6,6,1,0
3804,1,0.3519101142883301,7,7,1,0
3805,1,0.2814970016479492,8,8,1,0
3806,1,0.325977087020874,1,1,1,0
3807,1,0.29036617279052734,1,1,1,0
3808,1,0.31616735458374023,8,8,1,0
3809,1,0.5869424343109131,2,2,1,1
3810,1,0.34778428077697754,2,2,1,0
3811,1,0.32280564308166504,9,9,1,0
3812,1,0.32891297340393066,2,2,1,0
3813,1,0.2984757423400879,1,1,1,0
3814,1,0.35308003425598145,8,8,1,0
3815,1,0.2671051025390625,0,8,0,0
3816,1,0.29860830307006836,7,7,1,0
3817,1,0.3058173656463623,0,0,1,0
3818,1,0.6126453876495361,5,5,1,1
3819,1,0.26445913314819336,4,4,1,0
3820,1,0.3571207523345947,9,9,1,0
3821,1,0.37619590759277344,1,1,1,0
3822,1,0.567725419998169,3,5,0,1
3823,1,0.3654787540435791,9,9,1,0
3824,1,0.30873918533325195,9,9,1,0
3825,1,0.3086211681365967,7,7,1,0
3826,1,0.35532402992248535,3,6,0,0
3827,1,0.43172669410705566,9,9,1,0
3828,1,0.35295820236206055,9,9,1,0
3829,1,0.5527310371398926,6,6,1,1
3830,1,0.28698158264160156,0,3,0,0
3831,1,0.3513948917388916,4,6,0,0
3832,1,0.30536913871765137,6,6,1,0
3833,1,0.3508293628692627,4,2,0,0
3834,1,0.3092818260192871,5,5,1,0
3835,1,0.3547523021697998,3,3,1,0
3836,1,0.3899221420288086,1,1,1,0
3837,1,0.29811906814575195,7,2,0,0
3838,1,0.9246797561645508,3,3,1,2
3839,1,0.29825687408447266,9,9,1,0
3840,1,0.334808349609375,4,4,1,0
3841,1,0.5153627395629883,6,6,1,1
3842,1,0.9156286716461182,6,6,1,2
3843,1,0.32633185386657715,1,1,1,0
3844,1,0.5413663387298584,7,7,1,1
3845,1,0.3099381923675537,1,1,1,0
3846,1,0.5904550552368164,7,7,1,1
3847,1,0.3742856979370117,9,1,0,0
3848,1,0.4947187900543213,5,5,1,1
3849,1,0.5376121997833252,5,5,1,1
3850,1,0.9922232627868652,8,8,1,2
3851,1,0.2642629146575928,5,5,1,0
3852,1,0.3518030643463135,8,8,1,0
3853,1,0.5654873847961426,7,7,1,1
3854,1,0.30785560607910156,0,0,1,0
3855,1,0.3048129081726074,4,4,1,0
3856,1,0.35291051864624023,8,8,1,0
3857,1,0.3533174991607666,3,3,1,0
3858,1,0.29229283332824707,5,5,1,0
3859,1,0.5670430660247803,8,8,1,1
3860,1,1.0566439628601074,3,5,0,3
3861,1,0.29398322105407715,1,1,1,0
3862,1,0.2993631362915039,8,8,1,0
3863,1,0.3779020309448242,5,5,1,0
3864,1,0.3016393184661865,3,5,0,0
3865,1,0.34528326988220215,1,1,1,0
3866,1,0.3087468147277832,3,3,1,0
3867,1,0.3012838363647461,6,6,1,0
3868,1,0.5219323635101318,7,7,1,1
3869,1,0.31455397605895996,1,1,1,0
3870,1,0.9211771488189697,3,2,0,2
3871,1,0.38024234771728516,9,9,1,0
3872,1,0.2995340824127197,9,9,1,0
3873,1,0.3099379539489746,2,2,1,0
3874,1,0.5330238342285156,8,8,1,1
3875,1,0.3436288833618164,3,3,1,0
3876,1,0.3097093105316162,4,4,1,0
3877,1,0.353771448135376,7,7,1,0
3878,1,0.31119728088378906,5,2,0,0
3879,1,0.30621814727783203,6,3,0,0
3880,1,0.306790828704834,1,1,1,0
3881,1,0.3494856357574463,2,2,1,0
3882,1,0.3042144775390625,2,2,1,0
3883,1,0.3123486042022705,0,2,0,0
3884,1,0.5940191745758057,1,6,0,1
3885,1,0.3306884765625,9,9,1,0
3886,1,0.3112339973449707,3,3,1,0
3887,1,0.35455918312072754,8,8,1,0
3888,1,0.34439611434936523,1,1,1,0
3889,1,0.30214858055114746,7,7,1,0
3890,1,0.6122617721557617,5,5,1,1
3891,1,0.29738569259643555,1,0,0,0
3892,1,0.3021268844604492,7,7,1,0
3893,1,0.5350167751312256,3,5,0,1
3894,1,0.30076050758361816,0,0,1,0
3895,1,0.29043102264404297,8,8,1,0
3896,1,0.5693902969360352,5,5,1,1
3897,1,0.35305190086364746,8,8,1,0
3898,1,0.32468724250793457,0,2,0,0
3899,1,0.36404991149902344,3,3,1,0
3900,1,0.2627878189086914,1,1,1,0
3901,1,0.3081037998199463,7,7,1,0
3902,1,1.1186935901641846,3,5,0,3
3903,1,0.30379652976989746,9,9,1,0
3904,1,0.39190673828125,0,7,0,0
3905,1,0.3460655212402344,8,8,1,0
3906,1,0.2621304988861084,8,8,1,0
3907,1,0.3472433090209961,9,9,1,0
3908,1,0.3344411849975586,7,7,1,0
3909,1,0.3179194927215576,0,0,1,0
3910,1,0.3521552085876465,4,4,1,0
3911,1,0.34406232833862305,5,5,1,0
3912,1,0.38313889503479004,4,4,1,0
3913,1,0.26553964614868164,0,2,0,0
3914,1,0.3493022918701172,9,9,1,0
3915,1,0.3424065113067627,0,0,1,0
3916,1,0.31441378593444824,6,6,1,0
3917,1,0.3500678539276123,5,5,1,0
3918,1,0.5516009330749512,4,4,1,1
3919,1,0.3388991355895996,8,8,1,0
3920,1,0.5843839645385742,3,5,0,1
3921,1,0.302384614944458,0,0,1,0
3922,1,0.28430724143981934,7,7,1,0
3923,1,0.32378172874450684,1,1,1,0
3924,1,0.30471134185791016,3,3,1,0
3925,1,0.3478567600250244,1,1,1,0
3926,1,0.340867280960083,3,3,1,0
3927,1,0.30565857887268066,2,2,1,0
3928,1,0.3476877212524414,6,6,1,0
3929,1,0.34056782722473145,5,5,1,0
3930,1,0.35178565979003906,4,7,0,0
3931,1,0.3096153736114502,4,4,1,0
3932,1,0.30642127990722656,9,9,1,0
3933,1,0.35587620735168457,7,7,1,0
3934,1,0.26482200622558594,8,8,1,0
3935,1,0.3622119426727295,9,9,1,0
3936,1,0.30350232124328613,7,7,1,0
3937,1,0.8953297138214111,2,6,0,2
3938,1,0.30859971046447754,0,0,1,0
3939,1,0.3428361415863037,5,5,1,0
3940,1,0.3055894374847412,0,0,1,0
3941,1,0.6139891147613525,4,2,0,1
3942,1,0.3056449890136719,7,7,1,0
3943,1,0.26155781745910645,9,9,1,0
3944,1,0.26215600967407227,9,9,1,0
3945,1,0.3383791446685791,0,0,1,0
3946,1,0.6326510906219482,0,5,0,1
3947,1,0.334791898727417,6,6,1,0
3948,1,0.30751967430114746,2,2,1,0
3949,1,0.3076930046081543,7,7,1,0
3950,1,0.6021437644958496,7,7,1,1
3951,1,0.32709479331970215,6,6,1,0
3952,1,0.34299635887145996,3,5,0,0
3953,1,0.527864933013916,3,5,0,1
3954,1,0.31107568740844727,3,3,1,0
3955,1,0.3060128688812256,1,1,1,0
3956,1,0.5889613628387451,2,2,1,1
3957,1,1.0845601558685303,7,5,0,3
3958,1,0.3331773281097412,2,2,1,0
3959,1,0.3087470531463623,3,3,1,0
3960,1,0.28571081161499023,3,3,1,0
3961,1,0.9458515644073486,6,6,1,2
3962,1,0.3128533363342285,4,4,1,0
3963,1,0.386136531829834,0,0,1,0
3964,1,0.2944064140319824,3,5,0,0
3965,1,0.26012372970581055,0,0,1,0
3966,1,0.3566584587097168,6,6,1,0
3967,1,0.2661900520324707,8,8,1,0
3968,1,0.3589949607849121,8,8,1,0
3969,1,0.37305212020874023,8,8,1,0
3970,1,0.3069417476654053,7,7,1,0
3971,1,0.32470202445983887,5,5,1,0
3972,1,0.37601351737976074,0,0,1,0
3973,1,0.3287539482116699,1,1,1,0
3974,1,0.34714460372924805,1,1,1,0
3975,1,0.2648584842681885,8,8,1,0
3976,1,0.30251479148864746,3,3,1,0
3977,1,0.30517029762268066,5,5,1,0
3978,1,0.3083679676055908,1,1,1,0
3979,1,0.6283097267150879,0,9,0,1
3980,1,0.5676944255828857,7,7,1,1
3981,1,0.3021275997161865,3,3,1,0
3982,1,0.34445977210998535,5,5,1,0
3983,1,0.8749072551727295,2,2,1,2
3984,1,0.8627736568450928,7,7,1,2
3985,1,0.33194971084594727,4,4,1,0
3986,1,0.31557559967041016,0,0,1,0
3987,1,0.36113595962524414,1,1,1,0
3988,1,0.2914550304412842,3,3,1,0
3989,1,0.3784172534942627,1,1,1,0
3990,1,0.32447361946105957,9,9,1,0
3991,1,0.3061041831970215,9,9,1,0
3992,1,0.34603023529052734,9,9,1,0
3993,1,0.5656452178955078,5,6,0,1
3994,1,0.3372616767883301,3,3,1,0
3995,1,0.2925848960876465,8,8,1,0
3996,1,0.3583378791809082,8,8,1,0
3997,1,0.30010533332824707,3,3,1,0
3998,1,0.2630178928375244,3,3,1,0
3999,1,0.5819015502929688,5,5,1,1
4000,1,0.5345008373260498,0,0,1,1
4001,1,0.3091166019439697,2,6,0,0
4002,1,0.530418872833252,3,3,1,1
4003,1,0.30562257766723633,9,9,1,0
4004,1,0.3438453674316406,1,1,1,0
4005,1,0.30884766578674316,2,2,1,0
4006,1,0.5815818309783936,4,2,0,1
4007,1,0.5776658058166504,8,8,1,1
4008,1,0.537022590637207,3,5,0,1
4009,1,0.30892157554626465,8,8,1,0
4010,1,0.575387716293335,7,7,1,1
4011,1,0.5774185657501221,9,9,1,1
4012,1,0.34142565727233887,4,4,1,0
4013,1,0.32146549224853516,9,9,1,0
4014,1,0.592496395111084,4,4,1,1
4015,1,0.34940171241760254,4,4,1,0
4016,1,0.5326244831085205,3,3,1,1
4017,1,0.38350582122802734,5,6,0,0
4018,1,0.3426680564880371,7,7,1,0
4019,1,0.2999091148376465,4,4,1,0
4020,1,0.5321002006530762,4,3,0,1
4021,1,0.5822594165802002,6,6,1,1
4022,1,0.25577664375305176,1,1,1,0
4023,1,0.6226575374603271,3,3,1,1
4024,1,0.31069183349609375,3,3,1,0
4025,1,0.4806509017944336,0,0,1,1
4026,1,0.29816317558288574,1,1,1,0
4027,1,0.3652684688568115,6,6,1,0
4028,1,0.38034605979919434,3,4,0,0
4029,1,0.6373772621154785,5,7,0,1
4030,1,0.5478315353393555,4,2,0,1
4031,1,0.30866098403930664,7,7,1,0
4032,1,0.8624086380004883,0,0,1,2
4033,1,0.524040699005127,4,7,0,1
4034,1,0.30332374572753906,0,0,1,0
4035,1,0.3696730136871338,9,9,1,0
4036,1,0.3621029853820801,6,6,1,0
4037,1,0.3265554904937744,6,6,1,0
4038,1,0.3124203681945801,9,9,1,0
4039,1,0.2903151512145996,9,9,1,0
4040,1,0.3152618408203125,9,9,1,0
4041,1,0.2945425510406494,0,0,1,0
4042,1,0.30681514739990234,0,0,1,0
4043,1,0.3408317565917969,0,0,1,0
4044,1,0.30741381645202637,7,7,1,0
4045,1,0.34632349014282227,9,9,1,0
4046,1,0.2636103630065918,6,6,1,0
4047,1,0.5328407287597656,8,8,1,1
4048,1,0.6660916805267334,2,2,1,1
4049,1,0.33797430992126465,7,7,1,0
4050,1,0.31331300735473633,1,1,1,0
4051,1,0.3708617687225342,9,9,1,0
4052,1,0.30591392517089844,8,8,1,0
4053,1,0.35686826705932617,3,3,1,0
4054,1,0.5116231441497803,0,0,1,1
4055,1,0.3089416027069092,7,7,1,0
4056,1,0.5685927867889404,2,2,1,1
4057,1,0.36338257789611816,4,4,1,0
4058,1,0.3050537109375,2,6,0,0
4059,1,0.29859328269958496,7,7,1,0
4060,1,0.5690367221832275,0,9,0,1
4061,1,0.3044321537017822,5,5,1,0
4062,1,0.3491034507751465,3,3,1,0
4063,1,1.0040271282196045,7,7,1,3
4064,1,0.6198024749755859,7,7,1,1
4065,1,0.33086395263671875,1,1,1,0
4066,1,0.30666613578796387,9,9,1,0
4067,1,0.8921444416046143,3,9,0,2
4068,1,0.3235797882080078,4,4,1,0
4069,1,0.348339319229126,0,0,1,0
4070,1,0.33014893531799316,9,1,0,0
4071,1,0.26236748695373535,6,6,1,0
4072,1,0.8590939044952393,7,7,1,2
4073,1,0.30164194107055664,5,5,1,0
4074,1,0.30249476432800293,8,8,1,0
4075,1,0.34881114959716797,1,1,1,0
4076,1,0.6012096405029297,0,2,0,1
4077,1,0.29083776473999023,4,4,1,0
4078,1,0.3047919273376465,1,1,1,0
4079,1,0.32186079025268555,7,7,1,0
4080,1,0.5506019592285156,6,6,1,1
4081,1,0.2994425296783447,0,0,1,0
4082,1,0.3051462173461914,9,9,1,0
4083,1,0.5212242603302002,5,5,1,1
4084,1,0.3028547763824463,0,0,1,0
4085,1,0.35037994384765625,1,1,1,0
4086,1,0.3555033206939697,0,0,1,0
4087,1,0.4978973865509033,1,1,1,1
4088,1,0.293914794921875,5,5,1,0
4089,1,0.2934715747833252,2,2,1,0
4090,1,0.31357359886169434,8,8,1,0
4091,1,0.40397191047668457,0,0,1,0
4092,1,0.34502506256103516,9,9,1,0
4093,1,0.3100578784942627,6,6,1,0
4094,1,0.3109159469604492,8,8,1,0
4095,1,0.36815381050109863,4,4,1,0
4096,1,0.2945990562438965,4,4,1,0
4097,1,0.3519573211669922,7,7,1,0
4098,1,0.3339848518371582,7,7,1,0
4099,1,0.30591773986816406,6,6,1,0
4100,1,0.30866050720214844,4,4,1,0
4101,1,0.3452138900756836,7,7,1,0
4102,1,0.5346345901489258,0,2,0,1
4103,1,0.9633936882019043,2,2,1,2
4104,1,0.5333006381988525,3,3,1,1
4105,1,0.3505265712738037,2,2,1,0
4106,1,0.3460268974304199,0,0,1,0
4107,1,0.30060434341430664,6,6,1,0
4108,1,0.2629847526550293,7,7,1,0
4109,1,0.3367781639099121,3,3,1,0
4110,1,0.3052186965942383,8,8,1,0
4111,1,0.3059227466583252,9,9,1,0
4112,1,0.34329724311828613,8,0,0,0
4113,1,0.3061809539794922,0,0,1,0
4114,1,0.311187744140625,7,7,1,0
4115,1,0.5462119579315186,8,8,1,1
4116,1,0.31622791290283203,4,4,1,0
4117,1,0.3034093379974365,9,9,1,0
4118,1,0.3447229862213135,7,7,1,0
4119,1,0.2599318027496338,4,3,0,0
4120,1,0.6161885261535645,0,0,1,1
4121,1,0.3348217010498047,4,4,1,0
4122,1,0.5778560638427734,0,0,1,1
4123,1,0.3237426280975342,0,0,1,0
4124,1,0.5557312965393066,7,7,1,1
4125,1,0.30573368072509766,3,3,1,0
4126,1,0.30758166313171387,8,8,1,0
4127,1,0.2920384407043457,4,4,1,0
4128,1,0.29579710960388184,0,0,1,0
4129,1,0.6182866096496582,5,5,1,1
4130,1,0.3050038814544678,5,5,1,0
4131,1,0.3312714099884033,0,0,1,0
4132,1,0.5978405475616455,9,3,0,1
4133,1,0.3557746410369873,9,9,1,0
4134,1,0.2870900630950928,9,9,1,0
4135,1,0.8264789581298828,3,4,0,2
4136,1,0.5328772068023682,5,5,1,1
4137,1,0.35202765464782715,7,7,1,0
4138,1,0.6184079647064209,1,1,1,1
4139,1,0.8300457000732422,3,3,1,2
4140,1,0.36664509773254395,7,7,1,0
4141,1,0.3042452335357666,4,4,1,0
4142,1,0.6051449775695801,1,1,1,1
4143,1,0.26186513900756836,5,5,1,0
4144,1,0.34297609329223633,1,1,1,0
4145,1,0.39487195014953613,4,4,1,0
4146,1,0.3059866428375244,0,0,1,0
4147,1,0.30403852462768555,9,9,1,0
4148,1,0.2592325210571289,8,8,1,0
4149,1,0.3397207260131836,8,8,1,0
4150,1,0.31791210174560547,9,9,1,0
4151,1,0.2725257873535156,7,7,1,0
4152,1,0.3341183662414551,3,3,1,0
4153,1,0.3511199951171875,0,0,1,0
4154,1,0.5761194229125977,6,5,0,1
4155,1,0.2845187187194824,3,6,0,0
4156,1,0.8304243087768555,4,4,1,2
4157,1,0.3507227897644043,8,8,1,0
4158,1,0.5347335338592529,6,6,1,1
4159,1,0.3516407012939453,3,3,1,0
4160,1,0.3111391067504883,9,9,1,0
4161,1,0.33022117614746094,1,1,1,0
4162,1,0.340287446975708,4,4,1,0
4163,1,0.373852014541626,8,8,1,0
4164,1,0.30907702445983887,5,5,1,0
4165,1,0.5288724899291992,5,3,0,1
4166,1,0.2909383773803711,9,9,1,0
4167,1,0.33385729789733887,0,0,1,0
4168,1,0.2611348628997803,8,8,1,0
4169,1,0.3329801559448242,5,5,1,0
4170,1,0.9735167026519775,2,5,0,3
4171,1,0.6141409873962402,6,6,1,1
4172,1,0.3503756523132324,8,8,1,0
4173,1,0.5747020244598389,6,6,1,1
4174,1,0.2664148807525635,0,4,0,0
4175,1,0.3661470413208008,8,8,1,0
4176,1,0.31434202194213867,7,7,1,0
4177,1,0.34596896171569824,7,7,1,0
4178,1,0.3023555278778076,2,2,1,0
4179,1,0.26049065589904785,0,2,0,0
4180,1,0.5492620468139648,3,3,1,1
4181,1,0.41739511489868164,9,9,1,0
4182,1,0.35392117500305176,0,0,1,0
4183,1,0.3465540409088135,4,4,1,0
4184,1,0.27581119537353516,5,5,1,0
4185,1,0.32117342948913574,2,2,1,0
4186,1,0.25910186767578125,1,1,1,0
4187,1,0.5798962116241455,4,4,1,1
4188,1,0.5360715389251709,3,3,1,1
4189,1,0.5805099010467529,3,3,1,1
4190,1,0.5379617214202881,7,7,1,1
4191,1,0.31770825386047363,7,7,1,0
4192,1,0.3909153938293457,8,8,1,0
4193,1,0.26883435249328613,8,8,1,0
4194,1,0.6070075035095215,4,4,1,1
4195,1,0.30301451683044434,9,9,1,0
4196,1,0.30518555641174316,4,4,1,0
4197,1,0.3049604892730713,0,0,1,0
4198,1,0.5277602672576904,9,9,1,1
4199,1,0.33731770515441895,9,9,1,0
4200,1,0.2907271385192871,4,4,1,0
4201,1,0.3627967834472656,8,8,1,0
4202,1,0.34414052963256836,1,1,1,0
4203,1,0.3078877925872803,9,9,1,0
4204,1,0.3281900882720947,4,4,1,0
4205,1,1.1550369262695312,3,3,1,3
4206,1,0.5377874374389648,7,7,1,1
4207,1,0.32864856719970703,6,6,1,0
4208,1,0.5231459140777588,6,6,1,1
4209,1,0.33663344383239746,0,0,1,0
4210,1,0.3056485652923584,4,4,1,0
4211,1,0.332080602645874,2,2,1,0
4212,1,0.2995576858520508,3,7,0,0
4213,1,0.571211576461792,3,3,1,1
4214,1,0.33947014808654785,9,9,1,0
4215,1,0.8490138053894043,6,6,1,2
4216,1,0.3351714611053467,1,1,1,0
4217,1,0.3153235912322998,7,7,1,0
4218,1,0.30678677558898926,0,0,1,0
4219,1,0.5705528259277344,6,3,0,1
4220,1,0.3074355125427246,3,3,1,0
4221,1,0.34830260276794434,0,0,1,0
4222,1,0.30358171463012695,9,9,1,0
4223,1,0.2604396343231201,0,0,1,0
4224,1,0.6157655715942383,2,2,1,1
4225,1,0.30352354049682617,4,4,1,0
4226,1,0.3025968074798584,6,6,1,0
4227,1,0.36472392082214355,4,4,1,0
4228,1,0.3166062831878662,5,5,1,0
4229,1,0.29690051078796387,4,4,1,0
4230,1,0.5415112972259521,9,9,1,1
4231,1,0.28119349479675293,4,4,1,0
4232,1,0.5325174331665039,3,3,1,1
4233,1,0.6269078254699707,8,8,1,1
4234,1,0.34714794158935547,2,2,1,0
4235,1,0.5405623912811279,0,0,1,1
4236,1,0.3233926296234131,7,7,1,0
4237,1,0.3380711078643799,4,4,1,0
4238,1,0.29073357582092285,1,1,1,0
4239,1,0.3351912498474121,3,3,1,0
4240,1,0.5818793773651123,9,9,1,1
4241,1,0.6279048919677734,5,5,1,1
4242,1,0.5364439487457275,0,0,1,1
4243,1,0.5997271537780762,6,6,1,1
4244,1,0.2998204231262207,4,4,1,0
4245,1,0.27120280265808105,3,3,1,0
4246,1,0.8294467926025391,3,0,0,2
4247,1,0.30574798583984375,9,9,1,0
4248,1,0.5813794136047363,2,2,1,1
4249,1,0.30879974365234375,0,0,1,0
4250,1,0.30683231353759766,8,8,1,0
4251,1,0.34592151641845703,2,2,1,0
4252,1,0.3028440475463867,6,3,0,0
4253,1,0.3325767517089844,5,5,1,0
4254,1,0.39621734619140625,9,9,1,0
4255,1,0.30526018142700195,9,9,1,0
4256,1,0.33628153800964355,2,2,1,0
4257,1,0.3111765384674072,7,7,1,0
4258,1,0.5470993518829346,0,8,0,1
4259,1,0.28841614723205566,4,4,1,0
4260,1,0.5785622596740723,0,0,1,1
4261,1,0.33813977241516113,6,6,1,0
4262,1,0.33931398391723633,6,6,1,0
4263,1,0.3487699031829834,0,0,1,0
4264,1,0.2564389705657959,4,4,1,0
4265,1,0.3482503890991211,7,7,1,0
4266,1,0.5005073547363281,5,5,1,1
4267,1,0.3762245178222656,6,6,1,0
4268,1,0.3214535713195801,7,7,1,0
4269,1,0.5537722110748291,8,8,1,1
4270,1,0.3083915710449219,2,2,1,0
4271,1,0.5693120956420898,0,0,1,1
4272,1,0.304049015045166,3,3,1,0
4273,1,0.3072690963745117,9,9,1,0
4274,1,0.3493843078613281,0,0,1,0
4275,1,0.5802822113037109,4,4,1,1
4276,1,0.32418227195739746,4,4,1,0
4277,1,0.5991792678833008,2,2,1,1
4278,1,0.34255552291870117,4,6,0,0
4279,1,0.8400857448577881,3,3,1,2
4280,1,0.30536317825317383,6,6,1,0
4281,1,0.3958284854888916,2,2,1,0
4282,1,0.3056209087371826,4,4,1,0
4283,1,0.3687915802001953,2,2,1,0
4284,1,0.3539619445800781,9,9,1,0
4285,1,0.3494713306427002,6,6,1,0
4286,1,0.34694337844848633,5,5,1,0
4287,1,0.303236722946167,1,1,1,0
4288,1,0.33789515495300293,9,9,1,0
4289,1,0.3016941547393799,4,4,1,0
4290,1,0.30528950691223145,2,2,1,0
4291,1,0.38328051567077637,7,7,1,0
4292,1,0.313077449798584,7,7,1,0
4293,1,0.3422095775604248,7,7,1,0
4294,1,0.3114962577819824,9,9,1,0
4295,1,0.30626392364501953,5,5,1,0
4296,1,0.30542731285095215,7,7,1,0
4297,1,0.3081343173980713,6,6,1,0
4298,1,0.3892977237701416,9,1,0,0
4299,1,0.28365564346313477,0,0,1,0
4300,1,0.3076930046081543,5,5,1,0
4301,1,0.3062286376953125,1,1,1,0
4302,1,0.30475306510925293,4,4,1,0
4303,1,0.30983972549438477,1,9,0,0
4304,1,0.3068807125091553,8,8,1,0
4305,1,0.5186643600463867,3,3,1,1
4306,1,0.3373901844024658,4,2,0,0
4307,1,0.3859670162200928,2,2,1,0
4308,1,0.36221837997436523,5,5,1,0
4309,1,0.3203411102294922,1,1,1,0
4310,1,0.29736757278442383,9,9,1,0
4311,1,0.28517985343933105,2,2,1,0
4312,1,0.26154184341430664,7,7,1,0
4313,1,0.344144344329834,4,4,1,0
4314,1,0.5334393978118896,6,6,1,1
4315,1,0.3583519458770752,0,0,1,0
4316,1,1.098310947418213,3,2,0,3
4317,1,0.35204601287841797,2,2,1,0
4318,1,0.3462963104248047,3,3,1,0
4319,1,1.0702905654907227,2,3,0,3
4320,1,0.35642337799072266,0,6,0,0
4321,1,0.3048515319824219,7,7,1,0
4322,1,0.6248807907104492,5,5,1,1
4323,1,0.3075113296508789,0,0,1,0
4324,1,0.355330228805542,7,7,1,0
4325,1,0.2669248580932617,5,5,1,0
4326,1,0.9214410781860352,5,6,0,2
4327,1,0.550652027130127,5,5,1,1
4328,1,0.30094075202941895,7,7,1,0
4329,1,0.30503273010253906,5,5,1,0
4330,1,0.26485252380371094,0,0,1,0
4331,1,0.5694284439086914,4,4,1,1
4332,1,0.30421900749206543,0,0,1,0
4333,1,0.3058297634124756,5,5,1,0
4334,1,0.3036160469055176,5,5,1,0
4335,1,0.2905576229095459,5,5,1,0
4336,1,0.30684447288513184,0,0,1,0
4337,1,0.3151578903198242,1,1,1,0
4338,1,0.368023157119751,7,7,1,0
4339,1,0.3067748546600342,6,6,1,0
4340,1,0.30704641342163086,5,5,1,0
4341,1,0.49002981185913086,1,1,1,1
4342,1,0.5736019611358643,6,6,1,1
4343,1,0.2785968780517578,5,5,1,0
4344,1,0.3778088092803955,1,1,1,0
4345,1,0.30889129638671875,6,6,1,0
4346,1,0.48442578315734863,5,5,1,1
4347,1,0.5257728099822998,8,8,1,1
4348,1,0.3400900363922119,1,1,1,0
4349,1,0.3611948490142822,0,0,1,0
4350,1,0.3352210521697998,8,8,1,0
4351,1,0.3169536590576172,8,8,1,0
4352,1,0.26151013374328613,3,3,1,0
4353,1,0.30928778648376465,3,3,1,0
4354,1,0.30190014839172363,0,0,1,0
4355,1,0.31063032150268555,5,5,1,0
4356,1,0.3654046058654785,9,9,1,0
4357,1,0.30969667434692383,7,7,1,0
4358,1,0.31820058822631836,8,8,1,0
4359,1,0.30681347846984863,7,7,1,0
4360,1,0.34988999366760254,4,4,1,0
4361,1,0.26660943031311035,4,4,1,0
4362,1,0.29514026641845703,8,8,1,0
4363,1,0.37520933151245117,8,8,1,0
4364,1,0.5563104152679443,2,2,1,1
4365,1,0.32826852798461914,6,6,1,0
4366,1,0.34172725677490234,8,8,1,0
4367,1,0.3480820655822754,0,0,1,0
4368,1,0.35569310188293457,4,4,1,0
4369,1,0.5636796951293945,1,1,1,1
4370,1,0.3024160861968994,0,0,1,0
4371,1,0.342958927154541,1,1,1,0
4372,1,0.9182324409484863,0,0,1,2
4373,1,0.3198537826538086,0,0,1,0
4374,1,0.3199753761291504,0,0,1,0
4375,1,0.35035109519958496,7,7,1,0
4376,1,0.30619359016418457,5,5,1,0
4377,1,0.40140748023986816,4,4,1,0
4378,1,0.35215044021606445,1,1,1,0
4379,1,0.360262393951416,8,8,1,0
4380,1,0.8137764930725098,1,1,1,2
4381,1,0.3719213008880615,0,0,1,0
4382,1,0.2642090320587158,4,4,1,0
4383,1,0.30538034439086914,0,2,0,0
4384,1,0.30933427810668945,6,6,1,0
4385,1,0.30123305320739746,5,5,1,0
4386,1,0.5783092975616455,5,3,0,1
4387,1,0.38164854049682617,9,9,1,0
4388,1,0.31435346603393555,3,3,1,0
4389,1,0.5766341686248779,9,0,0,1
4390,1,0.5118296146392822,7,7,1,1
4391,1,0.3957393169403076,4,4,1,0
4392,1,0.3167905807495117,2,2,1,0
4393,1,1.0199604034423828,0,5,0,3
4394,1,0.30008649826049805,4,4,1,0
4395,1,0.34610772132873535,1,1,1,0
4396,1,0.3480343818664551,9,9,1,0
4397,1,0.31012654304504395,4,4,1,0
4398,1,0.31911182403564453,8,8,1,0
4399,1,0.9004666805267334,0,0,1,2
4400,1,1.158395528793335,2,2,1,3
4401,1,0.3282639980316162,6,6,1,0
4402,1,0.963233232498169,8,8,1,2
4403,1,0.3533933162689209,8,8,1,0
4404,1,0.3502767086029053,9,9,1,0
4405,1,0.31200456619262695,9,9,1,0
4406,1,0.30798959732055664,3,3,1,0
4407,1,0.3458712100982666,9,9,1,0
4408,1,0.33506155014038086,9,9,1,0
4409,1,0.3095877170562744,7,7,1,0
4410,1,0.30625224113464355,0,0,1,0
4411,1,0.30521464347839355,6,6,1,0
4412,1,0.9634730815887451,3,2,0,2
4413,1,0.5528914928436279,4,4,1,1
4414,1,0.36563634872436523,1,1,1,0
4415,1,0.32672572135925293,6,6,1,0
4416,1,0.5499417781829834,0,3,0,1
4417,1,0.3038780689239502,0,0,1,0
4418,1,0.5693333148956299,4,4,1,1
4419,1,0.3105607032775879,2,2,1,0
4420,1,0.5390887260437012,4,6,0,1
4421,1,0.3548450469970703,9,9,1,0
4422,1,0.30852651596069336,1,1,1,0
4423,1,0.29527974128723145,8,8,1,0
4424,1,0.31676173210144043,6,6,1,0
4425,1,0.30632662773132324,0,0,1,0
4426,1,0.30578064918518066,6,6,1,0
4427,1,0.3411109447479248,5,7,0,0
4428,1,0.2722311019897461,4,4,1,0
4429,1,0.324446439743042,7,7,1,0
4430,1,0.34721875190734863,3,3,1,0
4431,1,0.9358062744140625,0,0,1,2
4432,1,0.3022298812866211,7,7,1,0
4433,1,0.37506747245788574,4,4,1,0
4434,1,0.3137335777282715,8,8,1,0
4435,1,0.3743021488189697,9,9,1,0
4436,1,0.5346052646636963,4,3,0,1
4437,1,0.3261725902557373,4,3,0,0
4438,1,0.30107736587524414,0,0,1,0
4439,1,0.35727667808532715,9,9,1,0
4440,1,0.37434959411621094,0,2,0,0
4441,1,0.31849169731140137,4,4,1,0
4442,1,0.3706958293914795,0,0,1,0
4443,1,0.2632145881652832,0,0,1,0
4444,1,0.5810697078704834,5,3,0,1
4445,1,0.5844228267669678,1,1,1,1
4446,1,0.5342867374420166,2,2,1,1
4447,1,0.34915900230407715,9,9,1,0
4448,1,0.56477952003479,5,5,1,1
4449,1,0.5994682312011719,9,3,0,1
4450,1,0.3709239959716797,2,2,1,0
4451,1,0.2617459297180176,7,3,0,0
4452,1,0.3473978042602539,9,9,1,0
4453,1,0.30762386322021484,1,1,1,0
4454,1,0.6253306865692139,9,9,1,1
4455,1,0.9561676979064941,8,8,1,2
4456,1,0.3124830722808838,4,6,0,0
4457,1,0.336655855178833,6,6,1,0
4458,1,0.34983110427856445,0,2,0,0
4459,1,1.1030926704406738,6,6,1,3
4460,1,0.30678510665893555,7,7,1,0
4461,1,0.3414754867553711,0,8,0,0
4462,1,0.3347592353820801,7,7,1,0
4463,1,0.37739086151123047,7,7,1,0
4464,1,0.36159515380859375,1,1,1,0
4465,1,0.9818339347839355,3,3,1,3
4466,1,0.30127453804016113,3,3,1,0
4467,1,0.3702986240386963,5,5,1,0
4468,1,1.1347930431365967,8,8,1,3
4469,1,0.30803513526916504,8,8,1,0
4470,1,0.5334932804107666,0,0,1,1
4471,1,0.3151209354400635,8,8,1,0
4472,1,0.369251012802124,0,0,1,0
4473,1,0.3095848560333252,0,8,0,0
4474,1,0.3501589298248291,3,3,1,0
4475,1,0.3490903377532959,1,1,1,0
4476,1,0.3074069023132324,2,2,1,0
4477,1,0.3982412815093994,6,6,1,0
4478,1,0.2637960910797119,7,7,1,0
4479,1,0.30171799659729004,2,2,1,0
4480,1,0.3480522632598877,2,2,1,0
4481,1,0.3323640823364258,4,4,1,0
4482,1,0.8919858932495117,8,8,1,2
4483,1,0.3049299716949463,1,1,1,0
4484,1,0.3054065704345703,1,1,1,0
4485,1,0.352571964263916,1,1,1,0
4486,1,0.30161142349243164,0,8,0,0
4487,1,0.3118772506713867,8,3,0,0
4488,1,0.6105797290802002,2,2,1,1
4489,1,0.5326051712036133,0,0,1,1
4490,1,0.3439490795135498,9,9,1,0
4491,1,0.3428506851196289,4,4,1,0
4492,1,0.2620999813079834,3,5,0,0
4493,1,0.3402218818664551,0,0,1,0
4494,1,0.3055002689361572,0,0,1,0
4495,1,0.5816621780395508,5,5,1,1
4496,1,0.32323431968688965,6,6,1,0
4497,1,0.34575462341308594,8,8,1,0
4498,1,0.3124551773071289,8,8,1,0
4499,1,0.5617837905883789,0,8,0,1
4500,1,0.38961124420166016,6,6,1,0
4501,1,0.35188746452331543,8,8,1,0
4502,1,0.30788254737854004,6,6,1,0
4503,1,0.3757205009460449,3,2,0,0
4504,1,0.3087022304534912,8,8,1,0
4505,1,0.3959674835205078,1,1,1,0
4506,1,0.5374255180358887,7,7,1,1
4507,1,1.0712320804595947,5,3,0,3
4508,1,0.3076660633087158,8,0,0,0
4509,1,0.34206128120422363,7,7,1,0
4510,1,0.3088967800140381,3,3,1,0
4511,1,0.34923529624938965,1,1,1,0
4512,1,0.3137345314025879,6,6,1,0
4513,1,0.3327610492706299,8,9,0,0
4514,1,0.306713342666626,9,9,1,0
4515,1,0.3071115016937256,0,0,1,0
4516,1,0.528188943862915,4,7,0,1
4517,1,0.3489704132080078,0,0,1,0
4518,1,0.34242677688598633,3,3,1,0
4519,1,0.29734110832214355,0,0,1,0
4520,1,0.3045377731323242,9,1,0,0
4521,1,0.37961816787719727,2,2,1,0
4522,1,0.3044459819793701,9,9,1,0
4523,1,0.26099133491516113,9,9,1,0
4524,1,0.34779930114746094,2,7,0,0
4525,1,0.302232027053833,6,6,1,0
4526,1,0.33380675315856934,8,8,1,0
4527,1,0.3434715270996094,7,7,1,0
4528,1,0.30744147300720215,1,1,1,0
4529,1,0.30121493339538574,8,8,1,0
4530,1,0.3747830390930176,5,5,1,0
4531,1,0.31352996826171875,7,7,1,0
4532,1,0.5640153884887695,7,7,1,1
4533,1,0.35237646102905273,3,5,0,0
4534,1,0.33138108253479004,6,6,1,0
4535,1,0.2643849849700928,6,6,1,0
4536,1,0.33664870262145996,4,4,1,0
4537,1,0.5333251953125,6,6,1,1
4538,1,0.5383787155151367,4,4,1,1
4539,1,0.3359496593475342,0,0,1,0
4540,1,0.3514876365661621,5,5,1,0
4541,1,0.3085200786590576,8,8,1,0
4542,1,0.30846500396728516,7,7,1,0
4543,1,0.32577967643737793,0,0,1,0
4544,1,0.6206560134887695,3,3,1,1
4545,1,0.549135684967041,5,5,1,1
4546,1,1.056443214416504,7,6,0,3
4547,1,0.28844213485717773,8,8,1,0
4548,1,0.2808949947357178,4,4,1,0
4549,1,0.3451247215270996,1,1,1,0
4550,1,0.5814168453216553,5,5,1,1
4551,1,0.31054019927978516,6,6,1,0
4552,1,0.3092172145843506,7,7,1,0
4553,1,0.37245869636535645,3,3,1,0
4554,1,0.3877999782562256,8,8,1,0
4555,1,0.561647891998291,2,2,1,1
4556,1,0.3514273166656494,4,4,1,0
4557,1,0.34812235832214355,7,7,1,0
4558,1,0.3044161796569824,4,4,1,0
4559,1,0.34209203720092773,5,5,1,0
4560,1,0.30326342582702637,0,0,1,0
4561,1,0.5362422466278076,2,2,1,1
4562,1,0.39576029777526855,9,9,1,0
4563,1,0.30005717277526855,6,6,1,0
4564,1,0.30285143852233887,6,6,1,0
4565,1,0.30722951889038086,1,9,0,0
4566,1,0.37839460372924805,3,3,1,0
4567,1,0.3569059371948242,1,1,1,0
4568,1,0.3056654930114746,5,5,1,0
4569,1,0.3424568176269531,2,2,1,0
4570,1,0.2650291919708252,1,1,1,0
4571,1,0.39551353454589844,1,1,1,0
4572,1,0.3034212589263916,5,5,1,0
4573,1,0.30670976638793945,6,6,1,0
4574,1,0.3005642890930176,5,5,1,0
4575,1,0.3489387035369873,0,0,1,0
4576,1,0.3516249656677246,4,4,1,0
4577,1,0.3108072280883789,2,2,1,0
4578,1,0.30499887466430664,0,3,0,0
4579,1,0.3479604721069336,4,4,1,0
4580,1,0.3315145969390869,3,3,1,0
4581,1,0.3634798526763916,9,9,1,0
4582,1,0.328563928604126,0,0,1,0
4583,1,0.3179314136505127,5,5,1,0
4584,1,0.6325685977935791,5,5,1,1
4585,1,0.31055688858032227,6,6,1,0
4586,1,0.3384263515472412,3,3,1,0
4587,1,0.3106536865234375,8,8,1,0
4588,1,0.34506916999816895,2,2,1,0
4589,1,0.839226484298706,3,5,0,2
4590,1,0.5956239700317383,4,4,1,1
4591,1,0.35353946685791016,4,4,1,0
4592,1,0.30436182022094727,4,4,1,0
4593,1,0.5321385860443115,4,3,0,1
4594,1,0.32297658920288086,5,5,1,0
4595,1,0.6005220413208008,5,5,1,1
4596,1,0.3427269458770752,4,4,1,0
4597,1,1.0862200260162354,8,5,0,3
4598,1,0.3931248188018799,8,8,1,0
4599,1,0.3034183979034424,4,4,1,0
4600,1,0.34055185317993164,4,4,1,0
4601,1,0.2936594486236572,6,6,1,0
4602,1,0.34867143630981445,0,0,1,0
4603,1,0.353806734085083,4,4,1,0
4604,1,0.5221264362335205,4,4,1,1
4605,1,0.30364131927490234,7,7,1,0
4606,1,0.3659381866455078,1,1,1,0
4607,1,0.31090354919433594,6,6,1,0
4608,1,0.30347609519958496,4,4,1,0
4609,1,0.3895895481109619,0,0,1,0
4610,1,0.30053186416625977,6,6,1,0
4611,1,0.36616086959838867,1,1,1,0
4612,1,0.29601359367370605,2,2,1,0
4613,1,0.31187939643859863,1,1,1,0
4614,1,0.2999684810638428,8,8,1,0
4615,1,0.5317277908325195,5,5,1,1
4616,1,0.31067728996276855,8,8,1,0
4617,1,0.3718841075897217,3,3,1,0
4618,1,0.29731249809265137,9,9,1,0
4619,1,0.6162283420562744,2,2,1,1
4620,1,0.34946560859680176,5,5,1,0
4621,1,0.30741238594055176,3,3,1,0
4622,1,0.34821438789367676,3,3,1,0
4623,1,0.3978152275085449,9,9,1,0
4624,1,0.2600407600402832,9,9,1,0
4625,1,0.3929598331451416,3,3,1,0
4626,1,0.27415919303894043,0,0,1,0
4627,1,0.35988306999206543,2,2,1,0
4628,1,0.3064100742340088,9,9,1,0
4629,1,0.3128676414489746,2,2,1,0
4630,1,0.5439190864562988,5,3,0,1
4631,1,0.618690013885498,7,7,1,1
4632,1,0.3759481906890869,2,2,1,0
4633,1,0.2765066623687744,9,9,1,0
4634,1,0.3492558002471924,7,7,1,0
4635,1,0.3025991916656494,6,6,1,0
4636,1,0.36772847175598145,6,6,1,0
4637,1,0.30295538902282715,4,4,1,0
4638,1,0.3129265308380127,7,7,1,0
4639,1,0.29813098907470703,4,4,1,0
4640,1,0.365816593170166,9,9,1,0
4641,1,0.5308091640472412,3,3,1,1
4642,1,0.29742884635925293,1,1,1,0
4643,1,0.2957186698913574,9,9,1,0
4644,1,0.2630653381347656,2,2,1,0
4645,1,0.3548717498779297,3,6,0,0
4646,1,0.36632442474365234,4,4,1,0
4647,1,0.3043935298919678,4,4,1,0
4648,1,0.5451645851135254,2,2,1,1
4649,1,0.3332376480102539,8,8,1,0
4650,1,0.2594733238220215,0,7,0,0
4651,1,0.34915709495544434,0,0,1,0
4652,1,0.30597496032714844,9,9,1,0
4653,1,0.305156946182251,6,6,1,0
4654,1,0.38878870010375977,8,8,1,0
4655,1,0.3460397720336914,1,1,1,0
4656,1,0.2601001262664795,3,3,1,0
4657,1,0.2999279499053955,1,1,1,0
4658,1,0.3476221561431885,0,0,1,0
4659,1,0.3489389419555664,0,0,1,0
4660,1,0.294464111328125,5,5,1,0
4661,1,0.8700728416442871,5,5,1,2
4662,1,0.34946727752685547,6,6,1,0
4663,1,0.30479955673217773,4,4,1,0
4664,1,0.3422579765319824,5,5,1,0
4665,1,0.26027941703796387,8,8,1,0
4666,1,0.6181116104125977,6,6,1,1
4667,1,0.3479194641113281,0,0,1,0
4668,1,0.5762951374053955,0,0,1,1
4669,1,0.3550732135772705,0,0,1,0
4670,1,0.30286574363708496,1,1,1,0
4671,1,0.3604419231414795,9,9,1,0
4672,1,0.3134136199951172,5,5,1,0
4673,1,0.38104891777038574,0,0,1,0
4674,1,0.3731861114501953,5,5,1,0
4675,1,0.2882828712463379,2,2,1,0
4676,1,0.3478717803955078,9,9,1,0
4677,1,0.30406761169433594,0,0,1,0
4678,1,0.2952859401702881,6,6,1,0
4679,1,0.35756778717041016,3,3,1,0
4680,1,0.37288904190063477,3,3,1,0
4681,1,0.3110935688018799,4,4,1,0
4682,1,0.5352227687835693,5,5,1,1
4683,1,0.4015815258026123,5,5,1,0
4684,1,0.31221485137939453,5,5,1,0
4685,1,0.3644745349884033,8,8,1,0
4686,1,0.29297375679016113,8,8,1,0
4687,1,0.3108375072479248,1,1,1,0
4688,1,0.5529830455780029,4,4,1,1
4689,1,0.350111722946167,8,8,1,0
4690,1,0.2934119701385498,6,6,1,0
4691,1,0.3683791160583496,3,3,1,0
4692,1,0.33793020248413086,9,9,1,0
4693,1,0.3505427837371826,9,9,1,0
4694,1,0.30069756507873535,3,3,1,0
4695,1,0.5777082443237305,7,7,1,1
4696,1,0.5327925682067871,2,2,1,1
4697,1,0.34808969497680664,8,8,1,0
4698,1,0.3062458038330078,1,1,1,0
4699,1,0.35383033752441406,3,3,1,0
4700,1,0.34238553047180176,4,4,1,0
4701,1,0.34059882164001465,6,8,0,0
4702,1,0.3151671886444092,7,7,1,0
4703,1,0.3723933696746826,5,5,1,0
4704,1,0.360379695892334,9,9,1,0
4705,1,0.33136439323425293,8,8,1,0
4706,1,0.28833556175231934,0,0,1,0
4707,1,0.40226054191589355,4,4,1,0
4708,1,0.2994418144226074,3,3,1,0
4709,1,0.3456449508666992,9,9,1,0
4710,1,0.3060421943664551,5,5,1,0
4711,1,0.3357226848602295,1,1,1,0
4712,1,0.3433840274810791,1,1,1,0
4713,1,0.2943534851074219,1,1,1,0
4714,1,0.3427767753601074,1,1,1,0
4715,1,0.581533670425415,5,5,1,1
4716,1,0.3970508575439453,8,8,1,0
4717,1,0.3059084415435791,0,0,1,0
4718,1,0.3457372188568115,1,1,1,0
4719,1,1.0189292430877686,5,4,0,3
4720,1,0.5354983806610107,4,2,0,1
4721,1,0.2991936206817627,1,1,1,0
4722,1,0.6173768043518066,9,9,1,1
4723,1,0.3102548122406006,9,9,1,0
4724,1,0.5710132122039795,2,2,1,1
4725,1,0.35385870933532715,0,0,1,0
4726,1,0.3262197971343994,0,0,1,0
4727,1,0.30528688430786133,0,0,1,0
4728,1,0.350848913192749,0,0,1,0
4729,1,0.3175671100616455,1,1,1,0
4730,1,0.6205694675445557,7,7,1,1
4731,1,0.3220803737640381,0,0,1,0
4732,1,0.5118145942687988,5,5,1,1
4733,1,0.30774402618408203,8,8,1,0
4734,1,0.34512829780578613,6,6,1,0
4735,1,0.53415846824646,6,6,1,1
4736,1,0.34386682510375977,4,4,1,0
4737,1,0.3186836242675781,0,0,1,0
4738,1,0.6174261569976807,2,2,1,1
4739,1,0.6229104995727539,7,7,1,1
4740,1,0.345477819442749,1,1,1,0
4741,1,0.5816454887390137,6,6,1,1
4742,1,0.3702263832092285,8,8,1,0
4743,1,0.3121652603149414,1,1,1,0
4744,1,0.5796890258789062,6,6,1,1
4745,1,0.5401372909545898,4,4,1,1
4746,1,0.3113100528717041,1,9,0,0
4747,1,0.3337695598602295,6,2,0,0
4748,1,0.39313316345214844,0,0,1,0
4749,1,0.34808993339538574,1,1,1,0
4750,1,0.5661709308624268,0,5,0,1
4751,1,1.0602350234985352,5,5,1,3
4752,1,0.3812870979309082,5,5,1,0
4753,1,0.5776028633117676,8,8,1,1
4754,1,0.30639219284057617,3,3,1,0
4755,1,0.3089747428894043,5,5,1,0
4756,1,0.35372400283813477,5,3,0,0
4757,1,0.3811328411102295,7,7,1,0
4758,1,0.3169724941253662,0,8,0,0
4759,1,0.3703176975250244,9,9,1,0
4760,1,0.2962205410003662,3,3,1,0
4761,1,0.3431565761566162,6,6,1,0
4762,1,0.30457520484924316,2,2,1,0
4763,1,0.35082030296325684,2,2,1,0
4764,1,0.30069780349731445,3,3,1,0
4765,1,0.37944865226745605,4,4,1,0
4766,1,0.30466747283935547,6,6,1,0
4767,1,0.570831298828125,5,2,0,1
4768,1,0.3544011116027832,6,6,1,0
4769,1,0.5785565376281738,9,8,0,1
4770,1,0.3231947422027588,0,1,0,0
4771,1,0.5695428848266602,9,9,1,1
4772,1,0.5409910678863525,5,5,1,1
4773,1,0.3225407600402832,1,1,1,0
4774,1,0.33084559440612793,6,6,1,0
4775,1,0.3889503479003906,6,6,1,0
4776,1,0.31035542488098145,9,1,0,0
4777,1,0.35819411277770996,1,1,1,0
4778,1,0.6045799255371094,3,7,0,1
4779,1,0.35565638542175293,6,6,1,0
4780,1,0.29980921745300293,6,6,1,0
4781,1,0.35007762908935547,9,9,1,0
4782,1,0.3111612796783447,8,8,1,0
4783,1,0.3085019588470459,8,8,1,0
4784,1,0.3515357971191406,4,4,1,0
4785,1,0.3401648998260498,3,3,1,0
4786,1,0.26084446907043457,6,6,1,0
4787,1,0.33579254150390625,8,8,1,0
4788,1,0.8630149364471436,4,4,1,2
4789,1,0.3388404846191406,8,8,1,0
4790,1,0.2625603675842285,3,3,1,0
4791,1,0.36098384857177734,4,4,1,0
4792,1,0.31262636184692383,5,5,1,0
4793,1,1.120295763015747,4,4,1,3
4794,1,0.36518001556396484,6,6,1,0
4795,1,0.32269859313964844,5,3,0,0
4796,1,0.3534550666809082,8,8,1,0
4797,1,0.35169553756713867,3,2,0,0
4798,1,0.30948901176452637,1,1,1,0
4799,1,0.33878159523010254,0,0,1,0
4800,1,0.30266666412353516,9,9,1,0
4801,1,0.5092277526855469,9,9,1,1
4802,1,0.6039843559265137,0,4,0,1
4803,1,0.3069729804992676,3,8,0,0
4804,1,0.26418471336364746,4,4,1,0
4805,1,0.5644230842590332,7,7,1,1
4806,1,0.30417370796203613,9,9,1,0
4807,1,0.3017995357513428,3,5,0,0
4808,1,0.2962815761566162,5,5,1,0
4809,1,0.3425908088684082,1,1,1,0
4810,1,0.3470795154571533,2,2,1,0
4811,1,0.6168489456176758,2,2,1,1
4812,1,0.3024120330810547,4,3,0,0
4813,1,0.3692913055419922,6,6,1,0
4814,1,0.5438647270202637,6,6,1,1
4815,1,0.5389652252197266,1,1,1,1
4816,1,0.3262906074523926,6,6,1,0
4817,1,0.5286276340484619,4,5,0,1
4818,1,0.3037376403808594,0,0,1,0
4819,1,0.5665225982666016,4,4,1,1
4820,1,0.29782533645629883,8,8,1,0
4821,1,0.6157526969909668,3,5,0,1
4822,1,0.3021705150604248,4,4,1,0
4823,1,0.3679351806640625,5,5,1,0
4824,1,0.6072144508361816,3,3,1,1
4825,1,0.30573010444641113,0,0,1,0
4826,1,0.5853831768035889,5,2,0,1
4827,1,0.3036482334136963,9,1,0,0
4828,1,0.3473167419433594,2,2,1,0
4829,1,0.30608224868774414,0,0,1,0
4830,1,0.3142383098602295,6,6,1,0
4831,1,0.32892513275146484,4,4,1,0
4832,1,0.3492426872253418,3,3,1,0
4833,1,0.3329122066497803,1,1,1,0
4834,1,0.3509800434112549,5,5,1,0
4835,1,0.3644237518310547,7,7,1,0
4836,1,0.5119783878326416,7,7,1,1
4837,1,0.3001883029937744,1,8,0,0
4838,1,0.5802919864654541,2,2,1,1
4839,1,0.3437662124633789,4,4,1,0
4840,1,0.3051910400390625,3,3,1,0
4841,1,0.386211633682251,1,1,1,0
4842,1,0.34544825553894043,6,6,1,0
4843,1,0.32016539573669434,4,2,0,0
4844,1,0.32684779167175293,3,3,1,0
4845,1,0.29618334770202637,0,0,1,0
4846,1,0.3452136516571045,1,1,1,0
4847,1,0.9275691509246826,2,2,1,2
4848,1,0.257216215133667,7,7,1,0
4849,1,0.6056404113769531,2,2,1,1
4850,1,0.35198163986206055,1,1,1,0
4851,1,0.3029303550720215,2,2,1,0
4852,1,0.348055362701416,8,8,1,0
4853,1,0.5374138355255127,5,5,1,1
4854,1,0.33063817024230957,6,6,1,0
4855,1,0.5528254508972168,0,7,0,1
4856,1,0.4890413284301758,6,6,1,1
4857,1,0.36261725425720215,5,5,1,0
4858,1,0.8385047912597656,3,3,1,2
4859,1,0.3495168685913086,7,7,1,0
4860,1,0.3030588626861572,2,2,1,0
4861,1,0.33357691764831543,5,5,1,0
4862,1,0.9153256416320801,0,0,1,2
4863,1,0.3674743175506592,1,1,1,0
4864,1,1.1340465545654297,0,0,1,3
4865,1,0.3086888790130615,8,8,1,0
4866,1,0.39596128463745117,6,6,1,0
4867,1,0.3379528522491455,0,4,0,0
4868,1,0.33675622940063477,8,8,1,0
4869,1,0.6299352645874023,5,5,1,1
4870,1,0.3069491386413574,4,4,1,0
4871,1,0.30878710746765137,0,0,1,0
4872,1,0.295121431350708,0,0,1,0
4873,1,0.3076925277709961,9,9,1,0
4874,1,0.6216397285461426,3,3,1,1
4875,1,0.30458998680114746,6,6,1,0
4876,1,0.3493943214416504,4,7,0,0
4877,1,0.3489954471588135,5,5,1,0
4878,1,0.3146693706512451,6,2,0,0
4879,1,0.9064192771911621,2,8,0,2
4880,1,0.31216955184936523,6,6,1,0
4881,1,0.29781198501586914,1,1,1,0
4882,1,0.33096909523010254,9,9,1,0
4883,1,0.34857821464538574,0,0,1,0
4884,1,0.30861616134643555,9,9,1,0
4885,1,1.1373426914215088,4,3,0,3
4886,1,0.32776737213134766,9,1,0,0
4887,1,0.3090085983276367,7,7,1,0
4888,1,0.3096308708190918,7,7,1,0
4889,1,0.30610108375549316,8,8,1,0
4890,1,0.3403925895690918,9,9,1,0
4891,1,0.30057740211486816,1,1,1,0
4892,1,0.3026137351989746,4,2,0,0
4893,1,0.3412795066833496,0,0,1,0
4894,1,0.29697370529174805,8,8,1,0
4895,1,0.3083457946777344,4,4,1,0
4896,1,0.37647414207458496,4,4,1,0
4897,1,0.3514406681060791,8,8,1,0
4898,1,0.3935360908508301,3,3,1,0
4899,1,0.34725356101989746,1,1,1,0
4900,1,0.5711612701416016,0,0,1,1
4901,1,0.3073387145996094,7,7,1,0
4902,1,0.3067662715911865,0,0,1,0
4903,1,0.5835154056549072,6,6,1,1
4904,1,0.5611128807067871,5,5,1,1
4905,1,0.36736583709716797,0,0,1,0
4906,1,0.30632615089416504,8,8,1,0
4907,1,0.31523680686950684,0,0,1,0
4908,1,0.3018529415130615,5,5,1,0
4909,1,0.36147046089172363,7,7,1,0
4910,1,0.37125062942504883,5,5,1,0
4911,1,0.3058757781982422,9,9,1,0
4912,1,0.32156991958618164,2,2,1,0
4913,1,0.32728099822998047,1,1,1,0
4914,1,0.298112154006958,9,9,1,0
4915,1,0.34381866455078125,9,9,1,0
4916,1,0.5752956867218018,4,4,1,1
4917,1,0.30912017822265625,1,1,1,0
4918,1,0.33909153938293457,1,1,1,0
4919,1,0.3207259178161621,6,6,1,0
4920,1,0.3651149272918701,1,1,1,0
4921,1,0.30105161666870117,6,6,1,0
4922,1,0.30296993255615234,2,2,1,0
4923,1,0.6278588771820068,2,2,1,1
4924,1,0.3525223731994629,4,4,1,0
4925,1,0.3039891719818115,3,3,1,0
4926,1,0.3041415214538574,2,2,1,0
4927,1,0.9331254959106445,2,2,1,2
4928,1,0.37584853172302246,1,1,1,0
4929,1,0.5346276760101318,1,1,1,1
4930,1,0.5879561901092529,6,6,1,1
4931,1,0.3510732650756836,3,3,1,0
4932,1,0.3484923839569092,2,2,1,0
4933,1,0.5588283538818359,5,5,1,1
4934,1,0.34653282165527344,7,7,1,0
4935,1,0.35008835792541504,9,1,0,0
4936,1,0.29918932914733887,1,1,1,0
4937,1,0.3037896156311035,1,1,1,0
4938,1,0.2622976303100586,3,7,0,0
4939,1,0.30649495124816895,7,7,1,0
4940,1,0.3030130863189697,4,4,1,0
4941,1,0.4129319190979004,8,8,1,0
4942,1,0.32344889640808105,7,7,1,0
4943,1,0.8732316493988037,4,4,1,2
4944,1,0.3411858081817627,2,4,0,0
4945,1,0.30501723289489746,2,2,1,0
4946,1,0.30452704429626465,0,0,1,0
4947,1,0.6073110103607178,9,1,0,1
4948,1,0.3040902614593506,2,4,0,0
4949,1,0.3777036666870117,9,9,1,0
4950,1,0.3041682243347168,0,0,1,0
4951,1,0.31036829948425293,1,1,1,0
4952,1,0.5364735126495361,2,2,1,1
4953,1,0.2866854667663574,8,8,1,0
4954,1,0.3261427879333496,3,3,1,0
4955,1,0.3186302185058594,3,6,0,0
4956,1,0.5235769748687744,4,4,1,1
4957,1,0.6390388011932373,2,2,1,1
4958,1,0.29286885261535645,4,5,0,0
4959,1,0.2901017665863037,8,8,1,0
4960,1,0.9141135215759277,2,2,1,2
4961,1,0.30516648292541504,5,5,1,0
4962,1,0.3072514533996582,9,9,1,0
4963,1,0.3241393566131592,3,5,0,0
4964,1,0.38782691955566406,9,9,1,0
4965,1,0.38519716262817383,5,5,1,0
4966,1,0.3366365432739258,0,0,1,0
4967,1,0.4291093349456787,1,1,1,0
4968,1,0.3045530319213867,5,5,1,0
4969,1,0.35152125358581543,2,2,1,0
4970,1,0.32166004180908203,0,0,1,0
4971,1,0.3717677593231201,7,7,1,0
4972,1,0.36423206329345703,3,3,1,0
4973,1,0.3328068256378174,8,8,1,0
4974,1,0.8443639278411865,3,5,0,2
4975,1,0.5476417541503906,7,7,1,1
4976,1,0.3766317367553711,5,5,1,0
4977,1,0.32270097732543945,6,2,0,0
4978,1,0.3801138401031494,1,9,0,0
4979,1,0.3654515743255615,7,7,1,0
4980,1,0.5533039569854736,4,2,0,1
4981,1,0.40715813636779785,4,4,1,0
4982,1,0.5150775909423828,5,5,1,1
4983,1,0.35698986053466797,9,9,1,0
4984,1,0.48571181297302246,5,5,1,1
4985,1,0.36296844482421875,6,6,1,0
4986,1,0.2718973159790039,8,8,1,0
4987,1,0.34357571601867676,5,5,1,0
4988,1,0.3657660484313965,0,0,1,0
4989,1,0.3050882816314697,9,1,0,0
4990,1,0.31753039360046387,1,1,1,0
4991,1,0.34589576721191406,6,0,0,0
4992,1,0.3433499336242676,1,1,1,0
4993,1,0.29796314239501953,4,4,1,0
4994,1,0.6136319637298584,5,3,0,1
4995,1,0.3338778018951416,4,2,0,0
4996,1,0.33452892303466797,5,5,1,0
4997,1,0.26210570335388184,6,6,1,0
4998,1,0.3530106544494629,0,0,1,0
4999,1,0.5510013103485107,3,3,1,1
5000,1,0.6257448196411133,4,4,1,1
5001,1,0.32230043411254883,0,0,1,0
5002,1,0.2954213619232178,9,9,1,0
5003,1,0.34944581985473633,7,7,1,0
5004,1,0.3002355098724365,9,9,1,0
5005,1,0.41299939155578613,3,3,1,0
5006,1,0.5504095554351807,5,3,0,1
5007,1,0.5289855003356934,2,2,1,1
5008,1,0.5854289531707764,7,7,1,1
5009,1,0.3513936996459961,1,9,0,0
5010,1,0.39571213722229004,7,7,1,0
5011,1,0.5319042205810547,3,3,1,1
5012,1,0.35016727447509766,4,4,1,0
5013,1,0.3009188175201416,9,9,1,0
5014,1,0.30714869499206543,6,6,1,0
5015,1,0.3492715358734131,9,1,0,0
5016,1,0.30815958976745605,0,0,1,0
5017,1,0.3781239986419678,5,5,1,0
5018,1,0.3150753974914551,7,7,1,0
5019,1,0.3051431179046631,6,6,1,0
5020,1,0.3396925926208496,8,8,1,0
5021,1,0.32404518127441406,1,1,1,0
5022,1,0.323516845703125,2,2,1,0
5023,1,0.3012404441833496,1,1,1,0
5024,1,0.30310750007629395,4,6,0,0
5025,1,0.3448331356048584,0,0,1,0
5026,1,0.3369414806365967,9,9,1,0
5027,1,0.30506396293640137,0,2,0,0
5028,1,0.3645343780517578,5,5,1,0
5029,1,0.6209986209869385,4,4,1,1
5030,1,0.311906099319458,6,6,1,0
5031,1,0.30691099166870117,2,2,1,0
5032,1,0.958824872970581,3,4,0,2
5033,1,0.3373589515686035,0,0,1,0
5034,1,0.30520033836364746,4,4,1,0
5035,1,0.36242246627807617,8,8,1,0
5036,1,0.327120304107666,2,2,1,0
5037,1,0.30237889289855957,3,3,1,0
5038,1,0.3029651641845703,6,6,1,0
5039,1,0.34456658363342285,9,9,1,0
5040,1,0.353391170501709,6,6,1,0
5041,1,0.8584585189819336,2,2,1,2
5042,1,0.30745983123779297,5,5,1,0
5043,1,0.6231522560119629,4,4,1,1
5044,1,0.3490872383117676,6,6,1,0
5045,1,0.34087371826171875,1,9,0,0
5046,1,0.3467373847961426,6,6,1,0
5047,1,0.3472621440887451,4,4,1,0
5048,1,0.5837857723236084,4,5,0,1
5049,1,0.32470011711120605,4,4,1,0
5050,1,0.3533799648284912,9,9,1,0
5051,1,0.5345253944396973,6,6,1,1
5052,1,0.38019728660583496,7,7,1,0
5053,1,0.5802242755889893,3,3,1,1
5054,1,0.5351269245147705,0,0,1,1
5055,1,0.33010363578796387,1,1,1,0
5056,1,0.3377699851989746,4,4,1,0
5057,1,0.5464849472045898,5,5,1,1
5058,1,0.3299899101257324,2,2,1,0
5059,1,0.3758070468902588,6,6,1,0
5060,1,0.3699636459350586,4,4,1,0
5061,1,0.8560769557952881,0,0,1,2
5062,1,0.6309225559234619,8,8,1,1
5063,1,0.3141441345214844,7,7,1,0
5064,1,0.34453439712524414,7,7,1,0
5065,1,0.34151387214660645,9,9,1,0
5066,1,0.29645681381225586,5,5,1,0
5067,1,0.30396604537963867,7,7,1,0
5068,1,0.30561161041259766,7,7,1,0
5069,1,0.6547238826751709,5,3,0,1
5070,1,0.3093400001525879,9,9,1,0
5071,1,0.3499410152435303,2,2,1,0
5072,1,0.5517370700836182,5,5,1,1
5073,1,1.1798672676086426,5,5,1,3
5074,1,0.33211565017700195,9,9,1,0
5075,1,0.6002311706542969,0,7,0,1
5076,1,0.32416486740112305,3,3,1,0
5077,1,0.5359656810760498,0,0,1,1
5078,1,0.3713674545288086,8,8,1,0
5079,1,0.3441329002380371,8,8,1,0
5080,1,0.32636356353759766,3,3,1,0
5081,1,0.31571435928344727,1,1,1,0
5082,1,0.3416874408721924,5,5,1,0
5083,1,0.2590935230255127,3,3,1,0
5084,1,0.6257107257843018,4,4,1,1
5085,1,0.4073331356048584,8,9,0,0
5086,1,0.3122422695159912,8,8,1,0
5087,1,0.2959315776824951,4,4,1,0
5088,1,0.37299036979675293,9,9,1,0
5089,1,0.3098618984222412,3,5,0,0
5090,1,0.2626807689666748,8,8,1,0
5091,1,0.34883904457092285,8,8,1,0
5092,1,0.3321237564086914,6,6,1,0
5093,1,0.37067079544067383,7,5,0,0
5094,1,0.34013867378234863,4,4,1,0
5095,1,0.6423883438110352,4,4,1,1
5096,1,0.28649115562438965,3,5,0,0
5097,1,0.28508448600769043,4,3,0,0
5098,1,0.3415718078613281,4,4,1,0
5099,1,0.3070995807647705,1,1,1,0
5100,1,0.584125280380249,8,8,1,1
5101,1,0.3428051471710205,0,2,0,0
5102,1,0.3133821487426758,8,8,1,0
5103,1,0.38129615783691406,3,5,0,0
5104,1,0.3602871894836426,2,2,1,0
5105,1,0.3105885982513428,0,0,1,0
5106,1,0.35028600692749023,1,1,1,0
5107,1,0.26033854484558105,8,8,1,0
5108,1,0.34305739402770996,2,2,1,0
5109,1,0.3519876003265381,4,4,1,0
5110,1,0.5347182750701904,2,2,1,1
5111,1,0.3119933605194092,1,1,1,0
5112,1,0.3394184112548828,4,4,1,0
5113,1,0.42765307426452637,0,0,1,0
5114,1,0.2755868434906006,0,2,0,0
5115,1,0.27643704414367676,2,2,1,0
5116,1,0.3711681365966797,1,1,1,0
5117,1,0.28998827934265137,3,3,1,0
5118,1,0.37483716011047363,4,4,1,0
5119,1,0.34459590911865234,3,3,1,0
5120,1,0.30960965156555176,9,9,1,0
5121,1,0.3528759479522705,7,7,1,0
5122,1,0.30211496353149414,7,7,1,0
5123,1,0.29544544219970703,3,8,0,0
5124,1,0.3248875141143799,6,6,1,0
5125,1,0.32703065872192383,6,6,1,0
5126,1,0.5721573829650879,2,2,1,1
5127,1,0.34633350372314453,6,6,1,0
5128,1,0.3522775173187256,6,6,1,0
5129,1,0.353743314743042,8,8,1,0
5130,1,0.2996785640716553,8,8,1,0
5131,1,0.4938626289367676,6,6,1,1
5132,1,0.3489952087402344,8,8,1,0
5133,1,0.3350348472595215,9,9,1,0
5134,1,0.30952978134155273,0,0,1,0
5135,1,0.35339832305908203,1,1,1,0
5136,1,0.34551548957824707,8,8,1,0
5137,1,0.3483002185821533,8,8,1,0
5138,1,0.3979949951171875,6,6,1,0
5139,1,0.33272767066955566,5,5,1,0
5140,1,0.3142125606536865,3,3,1,0
5141,1,0.2653980255126953,2,2,1,0
5142,1,0.3516347408294678,4,4,1,0
5143,1,0.33563995361328125,8,8,1,0
5144,1,0.30501890182495117,4,4,1,0
5145,1,0.6038415431976318,9,9,1,1
5146,1,0.3726499080657959,2,2,1,0
5147,1,0.3089909553527832,9,8,0,0
5148,1,0.30932092666625977,8,8,1,0
5149,1,0.34412431716918945,1,1,1,0
5150,1,0.3521115779876709,3,3,1,0
5151,1,0.3441917896270752,8,8,1,0
5152,1,0.3051173686981201,8,8,1,0
5153,1,0.3131744861602783,6,6,1,0
5154,1,0.9147131443023682,6,6,1,2
5155,1,0.38270068168640137,7,7,1,0
5156,1,0.3019716739654541,4,4,1,0
5157,1,0.3330662250518799,2,2,1,0
5158,1,0.6694087982177734,1,1,1,1
5159,1,0.30266904830932617,2,2,1,0
5160,1,0.312544584274292,0,0,1,0
5161,1,0.3046422004699707,1,1,1,0
5162,1,0.36811351776123047,7,7,1,0
5163,1,0.33327388763427734,7,7,1,0
5164,1,0.3101844787597656,4,4,1,0
5165,1,0.3517160415649414,5,5,1,0
5166,1,0.3150153160095215,8,8,1,0
5167,1,0.29991793632507324,2,2,1,0
5168,1,0.2952239513397217,1,1,1,0
5169,1,0.3273444175720215,3,5,0,0
5170,1,0.348710298538208,7,7,1,0
5171,1,0.5206973552703857,0,1,0,1
5172,1,0.35656023025512695,6,6,1,0
5173,1,0.30191779136657715,9,9,1,0
5174,1,0.6193835735321045,6,6,1,1
5175,1,0.34098076820373535,8,8,1,0
5176,1,0.33956074714660645,8,8,1,0
5177,1,0.35454678535461426,1,1,1,0
5178,1,0.35923218727111816,7,7,1,0
5179,1,0.3035569190979004,8,8,1,0
5180,1,0.53574538230896,3,3,1,1
5181,1,0.35254573822021484,9,9,1,0
5182,1,0.3670055866241455,5,5,1,0
5183,1,0.5460708141326904,2,2,1,1
5184,1,0.537135124206543,7,7,1,1
5185,1,0.3551445007324219,6,6,1,0
5186,1,0.3533899784088135,7,7,1,0
5187,1,0.3440542221069336,8,8,1,0
5188,1,0.27135396003723145,2,4,0,0
5189,1,0.35175037384033203,0,0,1,0
5190,1,1.1144561767578125,3,5,0,3
5191,1,0.29871582984924316,3,5,0,0
5192,1,0.3735694885253906,0,0,1,0
5193,1,0.3520522117614746,7,7,1,0
5194,1,0.3431072235107422,7,7,1,0
5195,1,0.3090548515319824,0,0,1,0
5196,1,0.3066699504852295,1,1,1,0
5197,1,0.3114349842071533,6,6,1,0
5198,1,0.3083968162536621,1,1,1,0
5199,1,0.5459015369415283,3,3,1,1
5200,1,0.31177306175231934,7,7,1,0
5201,1,0.3704521656036377,8,8,1,0
5202,1,0.32326364517211914,5,5,1,0
5203,1,0.5833024978637695,4,4,1,1
5204,1,0.3582634925842285,0,0,1,0
5205,1,0.3398854732513428,8,8,1,0
5206,1,0.36163997650146484,1,9,0,0
5207,1,0.6530966758728027,5,5,1,1
5208,1,0.3083622455596924,6,6,1,0
5209,1,0.4357748031616211,7,7,1,0
5210,1,0.3321816921234131,2,2,1,0
5211,1,0.3484976291656494,4,4,1,0
5212,1,0.26212644577026367,6,3,0,0
5213,1,0.9517335891723633,3,3,1,2
5214,1,0.5803534984588623,9,9,1,1
5215,1,0.5436882972717285,6,2,0,1
5216,1,0.391355037689209,9,9,1,0
5217,1,0.3112800121307373,1,1,1,0
5218,1,0.32770848274230957,9,9,1,0
5219,1,0.3816511631011963,1,1,1,0
5220,1,0.3037376403808594,7,7,1,0
5221,1,0.3767266273498535,6,6,1,0
5222,1,0.5574359893798828,4,7,0,1
5223,1,0.6961698532104492,1,8,0,1
5224,1,0.35365748405456543,4,4,1,0
5225,1,0.3062431812286377,9,9,1,0
5226,1,0.37650465965270996,4,2,0,0
5227,1,0.3157021999359131,2,2,1,0
5228,1,0.29033327102661133,0,0,1,0
5229,1,0.8031668663024902,2,3,0,2
5230,1,0.39975476264953613,1,9,0,0
5231,1,0.3699228763580322,9,9,1,0
5232,1,0.55228590965271,2,4,0,1
5233,1,0.33942604064941406,9,9,1,0
5234,1,0.5805456638336182,2,2,1,1
5235,1,0.5249180793762207,7,7,1,1
5236,1,0.3177831172943115,0,0,1,0
5237,1,0.6267261505126953,1,5,0,1
5238,1,0.3541879653930664,3,3,1,0
5239,1,0.3514134883880615,8,8,1,0
5240,1,0.3733937740325928,3,4,0,0
5241,1,0.2637040615081787,2,2,1,0
5242,1,0.3089878559112549,1,1,1,0
5243,1,0.43779587745666504,4,7,0,0
5244,1,0.37004590034484863,8,8,1,0
5245,1,0.35910582542419434,0,0,1,0
5246,1,0.344804048538208,3,3,1,0
5247,1,0.30800533294677734,0,0,1,0
5248,1,0.378568172454834,6,6,1,0
5249,1,0.3155553340911865,3,3,1,0
5250,1,0.31133103370666504,6,6,1,0
5251,1,0.2951791286468506,4,4,1,0
5252,1,0.33644938468933105,5,5,1,0
5253,1,0.5372612476348877,2,2,1,1
5254,1,0.5773580074310303,5,5,1,1
5255,1,0.357586145401001,5,5,1,0
5256,1,0.34745049476623535,2,2,1,0
5257,1,0.30615687370300293,9,0,0,0
5258,1,0.34861087799072266,6,6,1,0
5259,1,0.26634764671325684,0,0,1,0
5260,1,0.367351770401001,9,9,1,0
5261,1,0.3245875835418701,9,9,1,0
5262,1,0.5278825759887695,0,0,1,1
5263,1,0.31229209899902344,1,1,1,0
5264,1,0.5521745681762695,4,3,0,1
5265,1,0.3993823528289795,6,6,1,0
5266,1,0.6106777191162109,9,9,1,1
5267,1,0.31882786750793457,9,9,1,0
5268,1,0.35039854049682617,9,9,1,0
5269,1,0.34549760818481445,8,8,1,0
5270,1,0.30983567237854004,6,6,1,0
5271,1,0.3781759738922119,8,8,1,0
5272,1,0.31075549125671387,2,2,1,0
5273,1,0.306591272354126,2,2,1,0
5274,1,0.3414113521575928,8,8,1,0
5275,1,0.31225085258483887,1,1,1,0
5276,1,0.5830259323120117,4,4,1,1
5277,1,0.3122901916503906,1,1,1,0
5278,1,0.3077993392944336,9,9,1,0
5279,1,0.3963756561279297,1,1,1,0
5280,1,0.592857837677002,3,3,1,1
5281,1,0.35209035873413086,8,8,1,0
5282,1,0.3739182949066162,4,6,0,0
5283,1,0.3028595447540283,0,0,1,0
5284,1,0.3011326789855957,9,9,1,0
5285,1,0.6287746429443359,7,7,1,1
5286,1,0.3375563621520996,4,4,1,0
5287,1,0.6032280921936035,8,8,1,1
5288,1,0.3178544044494629,4,4,1,0
5289,1,0.3470573425292969,0,0,1,0
5290,1,0.33269476890563965,7,7,1,0
5291,1,0.3516123294830322,8,8,1,0
5292,1,0.2912135124206543,0,0,1,0
5293,1,0.36527562141418457,8,8,1,0
5294,1,0.3848857879638672,1,1,1,0
5295,1,0.5447196960449219,8,8,1,1
5296,1,0.5808885097503662,4,3,0,1
5297,1,0.531219482421875,3,3,1,1
5298,1,0.33928918838500977,1,1,1,0
5299,1,0.35097789764404297,2,2,1,0
5300,1,0.3426342010498047,7,7,1,0
5301,1,0.3091776371002197,3,3,1,0
5302,1,0.3502829074859619,5,5,1,0
5303,1,0.3396880626678467,8,8,1,0
5304,1,0.3487563133239746,7,7,1,0
5305,1,0.34965991973876953,9,9,1,0
5306,1,0.33029818534851074,7,7,1,0
5307,1,0.31651830673217773,3,3,1,0
5308,1,0.2936379909515381,8,8,1,0
5309,1,0.37470173835754395,2,2,1,0
5310,1,0.9003634452819824,3,3,1,2
5311,1,0.3274998664855957,6,6,1,0
5312,1,0.363372802734375,2,2,1,0
5313,1,0.3670322895050049,2,2,1,0
5314,1,0.30379629135131836,9,9,1,0
5315,1,0.6394035816192627,4,6,0,1
5316,1,0.8681690692901611,3,3,1,2
5317,1,0.37575435638427734,1,1,1,0
5318,1,0.3160250186920166,9,9,1,0
5319,1,0.5743272304534912,4,4,1,1
5320,1,0.35321760177612305,8,8,1,0
5321,1,0.3517448902130127,7,7,1,0
5322,1,0.3515181541442871,8,8,1,0
5323,1,0.9252476692199707,0,0,1,2
5324,1,0.33457350730895996,2,2,1,0
5325,1,0.3482515811920166,1,1,1,0
5326,1,0.32430410385131836,5,2,0,0
5327,1,0.5185651779174805,4,4,1,1
5328,1,0.428436279296875,1,1,1,0
5329,1,0.3079390525817871,0,0,1,0
5330,1,0.29390406608581543,2,2,1,0
5331,1,0.3482542037963867,4,4,1,0
5332,1,0.3079702854156494,4,4,1,0
5333,1,0.30866408348083496,0,0,1,0
5334,1,0.5865516662597656,8,8,1,1
5335,1,0.3099520206451416,1,1,1,0
5336,1,0.3075084686279297,4,4,1,0
5337,1,0.3339383602142334,0,0,1,0
5338,1,0.369093656539917,6,6,1,0
5339,1,0.36469483375549316,1,1,1,0
5340,1,0.30589842796325684,6,6,1,0
5341,1,0.581214427947998,4,4,1,1
5342,1,0.3062911033630371,2,2,1,0
5343,1,0.33628153800964355,4,4,1,0
5344,1,0.3542163372039795,7,7,1,0
5345,1,0.38245439529418945,9,9,1,0
5346,1,0.5517191886901855,2,2,1,1
5347,1,0.3675353527069092,0,0,1,0
5348,1,0.3055245876312256,3,3,1,0
5349,1,0.382598876953125,7,7,1,0
5350,1,0.3049759864807129,1,1,1,0
5351,1,0.3388361930847168,2,2,1,0
5352,1,0.35561680793762207,0,0,1,0
5353,1,0.3516383171081543,4,2,0,0
5354,1,0.3341031074523926,4,4,1,0
5355,1,0.3063335418701172,1,9,0,0
5356,1,0.2993943691253662,5,5,1,0
5357,1,0.3030366897583008,3,3,1,0
5358,1,0.6467809677124023,3,3,1,1
5359,1,0.32939982414245605,3,5,0,0
5360,1,0.5722441673278809,6,6,1,1
5361,1,0.338472843170166,9,9,1,0
5362,1,0.3093240261077881,8,8,1,0
5363,1,0.2601015567779541,0,0,1,0
5364,1,0.35138821601867676,7,7,1,0
5365,1,0.35930657386779785,1,1,1,0
5366,1,0.5432991981506348,3,3,1,1
5367,1,0.6112663745880127,1,1,1,1
5368,1,0.34600305557250977,0,0,1,0
5369,1,0.2758457660675049,4,4,1,0
5370,1,0.3660402297973633,8,8,1,0
5371,1,0.5519275665283203,6,6,1,1
5372,1,0.6201674938201904,0,0,1,1
5373,1,0.370699405670166,4,5,0,0
5374,1,0.9301831722259521,3,6,0,2
5375,1,0.4288475513458252,6,6,1,0
5376,1,0.3422207832336426,0,0,1,0
5377,1,0.3290524482727051,9,9,1,0
5378,1,0.29805874824523926,7,7,1,0
5379,1,0.30748772621154785,6,6,1,0
5380,1,0.3429858684539795,4,4,1,0
5381,1,0.3070027828216553,2,4,0,0
5382,1,0.30192089080810547,2,2,1,0
5383,1,1.1213362216949463,3,3,1,3
5384,1,0.31090831756591797,6,6,1,0
5385,1,0.3425328731536865,5,5,1,0
5386,1,0.3076341152191162,4,4,1,0
5387,1,0.3697550296783447,5,5,1,0
5388,1,0.3020775318145752,0,0,1,0
5389,1,0.3751411437988281,2,2,1,0
5390,1,0.5506534576416016,5,5,1,1
5391,1,0.29433774948120117,3,3,1,0
5392,1,0.3354482650756836,2,2,1,0
5393,1,0.2673211097717285,4,4,1,0
5394,1,0.3668081760406494,8,8,1,0
5395,1,0.3659377098083496,3,3,1,0
5396,1,0.36463260650634766,1,1,1,0
5397,1,0.3053896427154541,1,1,1,0
5398,1,0.2576432228088379,1,1,1,0
5399,1,0.3631627559661865,8,8,1,0
5400,1,0.3286473751068115,9,9,1,0
5401,1,0.3010685443878174,0,2,0,0
5402,1,0.2989821434020996,5,5,1,0
5403,1,0.3488452434539795,4,4,1,0
5404,1,0.26085519790649414,4,7,0,0
5405,1,0.38228416442871094,2,2,1,0
5406,1,0.3117823600769043,3,3,1,0
5407,1,0.6276464462280273,8,8,1,1
5408,1,0.3224482536315918,8,8,1,0
5409,1,0.5993585586547852,9,8,0,1
5410,1,0.33188843727111816,8,8,1,0
5411,1,0.3694908618927002,1,1,1,0
5412,1,0.6070718765258789,8,1,0,1
5413,1,0.33603429794311523,4,4,1,0
5414,1,0.3063011169433594,1,1,1,0
5415,1,0.3449394702911377,0,0,1,0
5416,1,0.5805177688598633,4,6,0,1
5417,1,0.30376195907592773,9,9,1,0
5418,1,0.5578887462615967,1,1,1,1
5419,1,0.5569779872894287,4,4,1,1
5420,1,0.334367036819458,2,2,1,0
5421,1,0.3027994632720947,1,1,1,0
5422,1,0.3025321960449219,8,8,1,0
5423,1,0.5324456691741943,2,2,1,1
5424,1,0.34490275382995605,7,7,1,0
5425,1,0.33733224868774414,9,9,1,0
5426,1,0.844733715057373,0,0,1,2
5427,1,0.3161485195159912,4,4,1,0
5428,1,0.329357385635376,8,8,1,0
5429,1,0.3910098075866699,6,6,1,0
5430,1,0.8854150772094727,6,6,1,2
5431,1,0.2950093746185303,8,8,1,0
5432,1,0.293353796005249,9,9,1,0
5433,1,0.28337526321411133,2,2,1,0
5434,1,0.3685011863708496,1,1,1,0
5435,1,0.5573246479034424,1,1,1,1
5436,1,0.37821507453918457,0,0,1,0
5437,1,0.29682207107543945,2,6,0,0
5438,1,0.33066415786743164,4,4,1,0
5439,1,0.34912943840026855,2,2,1,0
5440,1,0.371549129486084,7,7,1,0
5441,1,0.37575864791870117,3,3,1,0
5442,1,0.3056023120880127,7,7,1,0
5443,1,0.9393713474273682,0,4,0,2
5444,1,0.576941728591919,7,7,1,1
5445,1,0.3492543697357178,0,9,0,0
5446,1,0.3057088851928711,7,7,1,0
5447,1,0.2911500930786133,6,2,0,0
5448,1,0.3527700901031494,4,4,1,0
5449,1,0.3531677722930908,7,7,1,0
5450,1,0.5155754089355469,0,3,0,1
5451,1,0.33203983306884766,9,9,1,0
5452,1,0.359647274017334,4,2,0,0
5453,1,0.5726559162139893,3,3,1,1
5454,1,0.309340238571167,9,9,1,0
5455,1,0.5297260284423828,5,5,1,1
5456,1,0.6697778701782227,3,3,1,1
5457,1,0.3032083511352539,4,6,0,0
5458,1,0.34297776222229004,9,9,1,0
5459,1,0.30611634254455566,8,8,1,0
5460,1,0.2646186351776123,6,6,1,0
5461,1,0.9556729793548584,8,8,1,2
5462,1,0.9261910915374756,0,0,1,2
5463,1,0.30608463287353516,9,9,1,0
5464,1,0.3498537540435791,7,7,1,0
5465,1,0.5608253479003906,1,1,1,1
5466,1,0.31611061096191406,8,0,0,0
5467,1,0.3421192169189453,8,8,1,0
5468,1,0.30536985397338867,6,4,0,0
5469,1,0.6344857215881348,4,4,1,1
5470,1,0.3517000675201416,0,2,0,0
5471,1,0.32403135299682617,9,9,1,0
5472,1,0.28142690658569336,0,0,1,0
5473,1,0.32950735092163086,3,3,1,0
5474,1,0.36033177375793457,9,9,1,0
5475,1,0.3233058452606201,7,7,1,0
5476,1,0.37035417556762695,0,0,1,0
5477,1,0.33133792877197266,1,1,1,0
5478,1,0.3470902442932129,6,6,1,0
5479,1,0.3081166744232178,9,9,1,0
5480,1,0.33232808113098145,9,1,0,0
5481,1,0.30770039558410645,4,4,1,0
5482,1,0.3051483631134033,6,6,1,0
5483,1,0.4253559112548828,5,5,1,0
5484,1,0.2972536087036133,3,2,0,0
5485,1,0.30545926094055176,0,0,1,0
5486,1,0.5391054153442383,4,6,0,1
5487,1,0.5960657596588135,4,2,0,1
5488,1,0.3043828010559082,5,5,1,0
5489,1,0.3080408573150635,7,7,1,0
5490,1,0.35125041007995605,8,8,1,0
5491,1,0.3432502746582031,7,7,1,0
5492,1,0.33562612533569336,7,7,1,0
5493,1,0.3088221549987793,9,9,1,0
5494,1,0.3446938991546631,2,2,1,0
5495,1,0.39309239387512207,8,8,1,0
5496,1,0.5269289016723633,5,5,1,1
5497,1,0.3559255599975586,3,3,1,0
5498,1,0.29717421531677246,6,6,1,0
5499,1,0.303025484085083,8,8,1,0
5500,1,0.6084253787994385,2,2,1,1
5501,1,0.5823493003845215,7,7,1,1
5502,1,0.5453269481658936,4,4,1,1
5503,1,0.3266868591308594,4,2,0,0
5504,1,0.5493974685668945,4,4,1,1
5505,1,0.34942173957824707,8,8,1,0
5506,1,0.31014299392700195,4,4,1,0
5507,1,0.3570091724395752,8,8,1,0
5508,1,0.2916841506958008,5,5,1,0
5509,1,0.3858797550201416,2,2,1,0
5510,1,0.38367557525634766,8,8,1,0
5511,1,0.3113572597503662,7,7,1,0
5512,1,0.29897522926330566,5,5,1,0
5513,1,1.0629279613494873,2,2,1,3
5514,1,0.34935712814331055,7,2,0,0
5515,1,0.3418576717376709,9,9,1,0
5516,1,0.3501930236816406,7,7,1,0
5517,1,0.37184762954711914,5,5,1,0
5518,1,0.31761622428894043,0,0,1,0
5519,1,0.3541097640991211,9,9,1,0
5520,1,0.34016942977905273,6,6,1,0
5521,1,0.3071908950805664,7,7,1,0
5522,1,0.3912332057952881,3,3,1,0
5523,1,0.35234594345092773,1,1,1,0
5524,1,0.5495576858520508,3,3,1,1
5525,1,0.34657907485961914,4,4,1,0
5526,1,0.33127641677856445,7,7,1,0
5527,1,0.354628324508667,5,5,1,0
5528,1,0.3060953617095947,9,9,1,0
5529,1,0.3140547275543213,8,8,1,0
5530,1,0.30697154998779297,1,1,1,0
5531,1,0.37317967414855957,3,3,1,0
5532,1,0.30637335777282715,9,9,1,0
5533,1,0.3303341865539551,5,5,1,0
5534,1,0.3628513813018799,4,4,1,0
5535,1,0.3047013282775879,5,5,1,0
5536,1,0.3310513496398926,3,5,0,0
5537,1,0.31873035430908203,4,4,1,0
5538,1,0.3490619659423828,0,0,1,0
5539,1,0.3081941604614258,7,7,1,0
5540,1,0.3522071838378906,6,6,1,0
5541,1,0.3637576103210449,1,1,1,0
5542,1,0.311290979385376,3,3,1,0
5543,1,0.5614132881164551,5,3,0,1
5544,1,0.3864145278930664,1,1,1,0
5545,1,0.3305020332336426,1,1,1,0
5546,1,0.3024022579193115,6,6,1,0
5547,1,0.346451997756958,0,0,1,0
5548,1,0.8291263580322266,4,3,0,2
5549,1,0.499298095703125,4,5,0,1
5550,1,0.5855672359466553,6,6,1,1
5551,1,0.3726491928100586,6,6,1,0
5552,1,0.5914294719696045,5,2,0,1
5553,1,0.3478739261627197,1,1,1,0
5554,1,0.3407306671142578,3,5,0,0
5555,1,0.33918070793151855,2,2,1,0
5556,1,0.5369439125061035,6,6,1,1
5557,1,0.30594396591186523,3,3,1,0
5558,1,0.35234928131103516,9,9,1,0
5559,1,0.49640965461730957,2,2,1,1
5560,1,0.31023430824279785,0,0,1,0
5561,1,0.9688496589660645,3,3,1,2
5562,1,0.5878543853759766,9,6,0,1
5563,1,0.2661447525024414,5,5,1,0
5564,1,0.4008316993713379,7,7,1,0
5565,1,0.31059885025024414,7,7,1,0
5566,1,0.31098437309265137,7,7,1,0
5567,1,0.3792152404785156,1,1,1,0
5568,1,0.6311945915222168,4,4,1,1
5569,1,0.3344581127166748,4,4,1,0
5570,1,0.9595925807952881,4,4,1,2
5571,1,0.40360164642333984,1,1,1,0
5572,1,0.30596351623535156,1,1,1,0
5573,1,0.26099324226379395,4,4,1,0
5574,1,0.3075828552246094,7,7,1,0
5575,1,0.6150331497192383,4,4,1,1
5576,1,0.34740209579467773,8,8,1,0
5577,1,0.584456205368042,7,7,1,1
5578,1,0.3859431743621826,1,1,1,0
5579,1,0.5543105602264404,2,6,0,1
5580,1,0.3738062381744385,8,8,1,0
5581,1,0.5376994609832764,3,3,1,1
5582,1,0.3758280277252197,5,5,1,0
5583,1,0.5865554809570312,4,4,1,1
5584,1,0.3544166088104248,7,4,0,0
5585,1,0.36371302604675293,0,0,1,0
5586,1,0.3675687313079834,8,8,1,0
5587,1,0.31714677810668945,2,2,1,0
5588,1,0.37466955184936523,1,1,1,0
5589,1,0.25802135467529297,2,3,0,0
5590,1,0.3498563766479492,0,0,1,0
5591,1,0.3317911624908447,7,7,1,0
5592,1,0.3581066131591797,4,4,1,0
5593,1,0.33216094970703125,1,1,1,0
5594,1,0.3060009479522705,9,9,1,0
5595,1,1.1591951847076416,2,2,1,3
5596,1,0.3021047115325928,6,6,1,0
5597,1,0.370516300201416,7,7,1,0
5598,1,0.5848462581634521,4,4,1,1
5599,1,0.6706042289733887,6,6,1,1
5600,1,0.31400251388549805,3,4,0,0
5601,1,0.3317551612854004,3,3,1,0
5602,1,0.2834651470184326,5,5,1,0
5603,1,0.31758880615234375,3,3,1,0
5604,1,0.3460109233856201,4,4,1,0
5605,1,0.9213745594024658,6,6,1,2
5606,1,0.3044283390045166,4,4,1,0
5607,1,0.3386261463165283,2,2,1,0
5608,1,0.3537287712097168,6,6,1,0
5609,1,0.8731708526611328,7,7,1,2
5610,1,0.531033992767334,4,4,1,1
5611,1,0.3267664909362793,2,2,1,0
5612,1,0.32654428482055664,6,6,1,0
5613,1,0.35165953636169434,0,0,1,0
5614,1,0.35552120208740234,6,6,1,0
5615,1,0.6216447353363037,1,1,1,1
5616,1,0.2946312427520752,5,5,1,0
5617,1,0.37711429595947266,2,2,1,0
5618,1,0.6183021068572998,8,8,1,1
5619,1,0.36982011795043945,7,7,1,0
5620,1,0.2774970531463623,9,9,1,0
5621,1,0.42313623428344727,1,1,1,0
5622,1,0.3165445327758789,8,8,1,0
5623,1,0.30739498138427734,0,0,1,0
5624,1,0.36530399322509766,0,0,1,0
5625,1,0.3063321113586426,5,5,1,0
5626,1,0.3444998264312744,1,1,1,0
5627,1,0.26620960235595703,9,8,0,0
5628,1,0.5805838108062744,5,5,1,1
5629,1,0.5777401924133301,5,6,0,1
5630,1,0.6608903408050537,6,6,1,1
5631,1,0.30646371841430664,4,4,1,0
5632,1,0.6207151412963867,4,4,1,1
5633,1,0.31154298782348633,6,6,1,0
5634,1,0.3072376251220703,9,8,0,0
5635,1,0.39718079566955566,8,8,1,0
5636,1,0.30986833572387695,0,0,1,0
5637,1,0.3347189426422119,4,4,1,0
5638,1,0.3622105121612549,1,1,1,0
5639,1,0.33042287826538086,7,5,0,0
5640,1,0.27571606636047363,4,2,0,0
5641,1,0.3430626392364502,1,1,1,0
5642,1,0.5829484462738037,2,2,1,1
5643,1,0.35117077827453613,2,2,1,0
5644,1,0.30509114265441895,5,5,1,0
5645,1,0.30904674530029297,6,6,1,0
5646,1,0.4080619812011719,1,1,1,0
5647,1,0.33403801918029785,3,2,0,0
5648,1,0.36215829849243164,9,9,1,0
5649,1,0.3036322593688965,1,1,1,0
5650,1,0.26363301277160645,6,6,1,0
5651,1,0.2909998893737793,4,2,0,0
5652,1,0.38538575172424316,2,2,1,0
5653,1,0.6676185131072998,4,4,1,1
5654,1,0.3547518253326416,0,0,1,0
5655,1,0.29454874992370605,9,9,1,0
5656,1,0.33919596672058105,8,1,0,0
5657,1,0.3461112976074219,6,6,1,0
5658,1,0.34621238708496094,7,7,1,0
5659,1,0.34760355949401855,6,6,1,0
5660,1,0.2977104187011719,6,6,1,0
5661,1,0.3055691719055176,2,2,1,0
5662,1,0.6295831203460693,0,0,1,1
5663,1,0.3284938335418701,3,5,0,0
5664,1,0.35004663467407227,5,5,1,0
5665,1,0.347766637802124,7,7,1,0
5666,1,0.5242335796356201,5,5,1,1
5667,1,0.37319207191467285,8,8,1,0
5668,1,0.37805771827697754,4,4,1,0
5669,1,1.0338451862335205,7,4,0,3
5670,1,0.3663167953491211,4,4,1,0
5671,1,0.30508875846862793,3,3,1,0
5672,1,0.33292579650878906,9,9,1,0
5673,1,0.35285210609436035,4,4,1,0
5674,1,0.8775105476379395,5,7,0,2
5675,1,0.5809555053710938,4,4,1,1
5676,1,0.35782909393310547,7,7,1,0
5677,1,0.3300960063934326,7,7,1,0
5678,1,0.5928192138671875,6,6,1,1
5679,1,0.3313026428222656,4,4,1,0
5680,1,0.3470723628997803,9,1,0,0
5681,1,0.6563835144042969,1,1,1,1
5682,1,0.3689730167388916,5,5,1,0
5683,1,0.8732168674468994,3,7,0,2
5684,1,0.3064553737640381,7,7,1,0
5685,1,0.3427903652191162,1,9,0,0
5686,1,0.30786919593811035,4,4,1,0
5687,1,0.34657835960388184,0,0,1,0
5688,1,0.3079357147216797,6,6,1,0
5689,1,0.3977775573730469,2,2,1,0
5690,1,0.3207578659057617,3,3,1,0
5691,1,0.32926416397094727,4,4,1,0
5692,1,0.3093297481536865,5,4,0,0
5693,1,0.3641507625579834,8,8,1,0
5694,1,0.29852843284606934,9,8,0,0
5695,1,0.37402820587158203,7,7,1,0
5696,1,0.2618379592895508,3,3,1,0
5697,1,0.31040096282958984,4,4,1,0
5698,1,0.3847172260284424,4,4,1,0
5699,1,0.3847014904022217,2,2,1,0
5700,1,0.38523125648498535,8,8,1,0
5701,1,0.3038055896759033,9,9,1,0
5702,1,0.3108682632446289,0,0,1,0
5703,1,0.3670840263366699,7,7,1,0
5704,1,0.3239455223083496,9,9,1,0
5705,1,0.29553747177124023,4,4,1,0
5706,1,0.3588411808013916,8,8,1,0
5707,1,0.35089635848999023,5,5,1,0
5708,1,0.31198573112487793,1,1,1,0
5709,1,0.34282898902893066,7,7,1,0
5710,1,0.34151744842529297,3,2,0,0
5711,1,0.30631375312805176,1,1,1,0
5712,1,0.34348440170288086,3,3,1,0
5713,1,0.5439164638519287,4,4,1,1
5714,1,0.3711879253387451,4,4,1,0
5715,1,0.3659367561340332,6,6,1,0
5716,1,0.30614495277404785,3,5,0,0
5717,1,0.5774288177490234,6,6,1,1
5718,1,0.345928430557251,9,9,1,0
5719,1,0.5983068943023682,4,4,1,1
5720,1,0.33015918731689453,5,5,1,0
5721,1,0.3679349422454834,3,3,1,0
5722,1,0.3751382827758789,1,1,1,0
5723,1,0.31836843490600586,9,9,1,0
5724,1,0.33330273628234863,8,8,1,0
5725,1,0.28476691246032715,5,5,1,0
5726,1,0.3752906322479248,2,2,1,0
5727,1,0.3232302665710449,8,8,1,0
5728,1,0.5767261981964111,2,2,1,1
5729,1,0.5889377593994141,5,5,1,1
5730,1,0.6098949909210205,2,2,1,1
5731,1,0.3540496826171875,8,8,1,0
5732,1,0.3063685894012451,6,6,1,0
5733,1,0.34581470489501953,7,7,1,0
5734,1,0.3542780876159668,8,0,0,0
5735,1,0.29763150215148926,2,6,0,0
5736,1,0.37115955352783203,6,6,1,0
5737,1,0.6047425270080566,5,5,1,1
5738,1,0.9103028774261475,0,6,0,2
5739,1,0.586803674697876,6,6,1,1
5740,1,0.3779141902923584,1,1,1,0
5741,1,0.342181921005249,8,9,0,0
5742,1,0.5962164402008057,3,6,0,1
5743,1,0.5516386032104492,7,7,1,1
5744,1,0.5693111419677734,5,5,1,1
5745,1,0.349088191986084,0,0,1,0
5746,1,0.30753660202026367,3,3,1,0
5747,1,0.3207564353942871,5,5,1,0
5748,1,0.3012971878051758,0,0,1,0
5749,1,0.3614528179168701,9,9,1,0
5750,1,0.373305082321167,8,8,1,0
5751,1,0.3503232002258301,4,4,1,0
5752,1,0.30188727378845215,8,8,1,0
5753,1,0.3405911922454834,9,9,1,0
5754,1,0.3038489818572998,5,5,1,0
5755,1,0.2998013496398926,9,9,1,0
5756,1,1.1709468364715576,3,6,0,3
5757,1,0.9818515777587891,3,3,1,2
5758,1,0.3276550769805908,2,2,1,0
5759,1,1.096947193145752,4,2,0,3
5760,1,0.5706000328063965,3,5,0,1
5761,1,0.30504465103149414,3,5,0,0
5762,1,0.29784488677978516,1,1,1,0
5763,1,0.36791110038757324,1,1,1,0
5764,1,0.31659364700317383,8,8,1,0
5765,1,0.35343003273010254,9,9,1,0
5766,1,0.5328183174133301,3,3,1,1
5767,1,0.3078639507293701,9,9,1,0
5768,1,0.3470730781555176,1,9,0,0
5769,1,0.37256669998168945,8,8,1,0
5770,1,0.3568727970123291,5,5,1,0
5771,1,0.32138586044311523,9,9,1,0
5772,1,0.3691980838775635,4,4,1,0
5773,1,0.3244297504425049,1,1,1,0
5774,1,0.3407711982727051,0,0,1,0
5775,1,0.3446025848388672,9,9,1,0
5776,1,0.3464484214782715,0,0,1,0
5777,1,0.30945396423339844,1,1,1,0
5778,1,0.30063700675964355,1,1,1,0
5779,1,0.347348690032959,7,7,1,0
5780,1,0.3418121337890625,3,4,0,0
5781,1,0.3067448139190674,5,7,0,0
5782,1,0.34856152534484863,6,6,1,0
5783,1,0.354616641998291,2,2,1,0
5784,1,0.35451817512512207,9,9,1,0
5785,1,0.543513298034668,6,6,1,1
5786,1,0.25652551651000977,1,1,1,0
5787,1,0.3511672019958496,2,2,1,0
5788,1,0.32784485816955566,4,4,1,0
5789,1,0.34687185287475586,7,7,1,0
5790,1,0.5542619228363037,2,2,1,1
5791,1,0.3185305595397949,6,6,1,0
5792,1,0.3547799587249756,3,3,1,0
5793,1,0.6382672786712646,7,7,1,1
5794,1,0.30808162689208984,2,2,1,0
5795,1,0.38385486602783203,0,0,1,0
5796,1,0.8682069778442383,3,3,1,2
5797,1,0.554861307144165,0,3,0,1
5798,1,0.35135698318481445,0,0,1,0
5799,1,0.3933694362640381,0,0,1,0
5800,1,0.3066825866699219,6,6,1,0
5801,1,0.30484652519226074,1,1,1,0
5802,1,0.3039381504058838,3,3,1,0
5803,1,0.3011295795440674,9,9,1,0
5804,1,0.3498399257659912,6,6,1,0
5805,1,0.9176383018493652,2,2,1,2
5806,1,0.3539602756500244,5,5,1,0
5807,1,0.37105274200439453,9,1,0,0
5808,1,0.3080418109893799,2,2,1,0
5809,1,0.6178908348083496,5,5,1,1
5810,1,0.5772807598114014,2,2,1,1
5811,1,0.36309266090393066,4,4,1,0
5812,1,0.3182861804962158,2,2,1,0
5813,1,0.3393266201019287,8,8,1,0
5814,1,0.3081650733947754,3,3,1,0
5815,1,0.3473224639892578,4,6,0,0
5816,1,0.3012669086456299,1,1,1,0
5817,1,0.34908151626586914,3,3,1,0
5818,1,0.29158830642700195,9,9,1,0
5819,1,0.3701138496398926,6,6,1,0
5820,1,0.5419352054595947,2,2,1,1
5821,1,0.2994658946990967,0,0,1,0
5822,1,0.374492883682251,2,2,1,0
5823,1,0.39364147186279297,5,5,1,0
5824,1,0.30982470512390137,6,6,1,0
5825,1,0.5613336563110352,3,4,0,1
5826,1,0.3547205924987793,2,2,1,0
5827,1,0.3642568588256836,3,3,1,0
5828,1,0.3099551200866699,0,0,1,0
5829,1,0.27770447731018066,2,2,1,0
5830,1,0.3448793888092041,3,3,1,0
5831,1,0.3418550491333008,3,6,0,0
5832,1,0.35644102096557617,8,8,1,0
5833,1,0.3037269115447998,3,3,1,0
5834,1,0.6003272533416748,2,2,1,1
5835,1,0.3188776969909668,4,5,0,0
5836,1,0.3470907211303711,7,7,1,0
5837,1,0.34670400619506836,0,2,0,0
5838,1,0.3525259494781494,9,9,1,0
5839,1,0.30508852005004883,8,8,1,0
5840,1,0.3086130619049072,2,2,1,0
5841,1,0.33306288719177246,5,5,1,0
5842,1,0.34779930114746094,9,9,1,0
5843,1,1.003063678741455,2,2,1,3
5844,1,0.37561845779418945,3,4,0,0
5845,1,0.3112599849700928,7,7,1,0
5846,1,0.3436312675476074,0,0,1,0
5847,1,0.307802677154541,1,1,1,0
5848,1,0.34390687942504883,6,6,1,0
5849,1,1.1787025928497314,2,7,0,3
5850,1,0.3201332092285156,8,8,1,0
5851,1,0.36017799377441406,2,2,1,0
5852,1,0.3010404109954834,6,6,1,0
5853,1,0.33727121353149414,4,4,1,0
5854,1,0.5547037124633789,9,9,1,1
5855,1,0.32935547828674316,0,0,1,0
5856,1,0.6610071659088135,4,4,1,1
5857,1,0.5464789867401123,9,9,1,1
5858,1,0.35486745834350586,1,1,1,0
5859,1,0.6852080821990967,6,4,0,1
5860,1,0.628293514251709,8,8,1,1
5861,1,0.372802734375,2,2,1,0
5862,1,1.1660380363464355,4,7,0,3
5863,1,0.5770606994628906,4,4,1,1
5864,1,0.8693358898162842,0,0,1,2
5865,1,0.34711766242980957,0,0,1,0
5866,1,0.2916254997253418,0,0,1,0
5867,1,0.3679616451263428,4,7,0,0
5868,1,1.114210844039917,4,3,0,3
5869,1,0.5436489582061768,0,0,1,1
5870,1,0.3663673400878906,1,1,1,0
5871,1,0.369783878326416,3,3,1,0
5872,1,0.3685147762298584,1,1,1,0
5873,1,0.48864030838012695,4,6,0,1
5874,1,0.34736037254333496,8,8,1,0
5875,1,0.48714661598205566,3,3,1,1
5876,1,0.3091723918914795,6,6,1,0
5877,1,0.3519020080566406,0,7,0,0
5878,1,0.3716700077056885,0,0,1,0
5879,1,0.37296462059020996,3,5,0,0
5880,1,0.8899586200714111,3,3,1,2
5881,1,0.34593725204467773,8,8,1,0
5882,1,0.30555200576782227,7,7,1,0
5883,1,0.576094388961792,4,4,1,1
5884,1,0.35088229179382324,1,1,1,0
5885,1,0.9779989719390869,5,3,0,2
5886,1,0.3129870891571045,6,6,1,0
5887,1,0.348172664642334,7,7,1,0
5888,1,0.5307755470275879,0,0,1,1
5889,1,0.34709906578063965,6,6,1,0
5890,1,0.37609100341796875,7,7,1,0
5891,1,0.30785512924194336,8,8,1,0
5892,1,0.29245877265930176,4,4,1,0
5893,1,0.3476879596710205,3,3,1,0
5894,1,0.34326648712158203,3,3,1,0
5895,1,0.37993645668029785,5,5,1,0
5896,1,0.31285572052001953,6,6,1,0
5897,1,0.9211549758911133,0,0,1,2
5898,1,0.30504274368286133,3,3,1,0
5899,1,0.33348536491394043,9,9,1,0
5900,1,0.62772536277771,3,3,1,1
5901,1,0.5373435020446777,3,3,1,1
5902,1,0.35288405418395996,9,9,1,0
5903,1,0.33913326263427734,9,9,1,0
5904,1,0.37300682067871094,1,1,1,0
5905,1,0.38226938247680664,1,1,1,0
5906,1,0.37136340141296387,7,7,1,0
5907,1,0.3130817413330078,7,2,0,0
5908,1,0.328948974609375,8,8,1,0
5909,1,0.6715676784515381,3,3,1,1
5910,1,0.3371748924255371,4,5,0,0
5911,1,0.3662543296813965,8,8,1,0
5912,1,0.30347275733947754,6,6,1,0
5913,1,0.3106880187988281,4,4,1,0
5914,1,0.31098008155822754,6,6,1,0
5915,1,0.5951902866363525,7,7,1,1
5916,1,0.38408517837524414,1,1,1,0
5917,1,0.28646397590637207,1,1,1,0
5918,1,0.3329908847808838,2,2,1,0
5919,1,0.3191564083099365,9,9,1,0
5920,1,0.3072497844696045,9,1,0,0
5921,1,0.34616541862487793,9,9,1,0
5922,1,0.31032395362854004,2,2,1,0
5923,1,0.34932374954223633,7,7,1,0
5924,1,0.3402888774871826,4,4,1,0
5925,1,1.1168313026428223,6,6,1,3
5926,1,0.3134002685546875,9,9,1,0
5927,1,0.5935688018798828,0,0,1,1
5928,1,0.3478872776031494,1,1,1,0
5929,1,0.3077874183654785,2,2,1,0
5930,1,0.6241748332977295,5,5,1,1
5931,1,0.3759932518005371,7,7,1,0
5932,1,0.3059065341949463,9,9,1,0
5933,1,0.5681109428405762,5,5,1,1
5934,1,0.3560526371002197,0,0,1,0
5935,1,0.33329248428344727,8,8,1,0
5936,1,0.5342557430267334,4,4,1,1
5937,1,0.34619617462158203,9,9,1,0
5938,1,0.35094547271728516,3,3,1,0
5939,1,0.29671263694763184,2,2,1,0
5940,1,0.5446505546569824,2,6,0,1
5941,1,0.3350062370300293,0,0,1,0
5942,1,0.40303587913513184,9,9,1,0
5943,1,0.30469632148742676,7,7,1,0
5944,1,0.35447072982788086,7,7,1,0
5945,1,0.6047179698944092,5,5,1,1
5946,1,0.3326888084411621,8,8,1,0
5947,1,0.30072832107543945,0,0,1,0
5948,1,0.620244026184082,2,6,0,1
5949,1,0.3527975082397461,0,0,1,0
5950,1,0.3423304557800293,8,8,1,0
5951,1,0.3874969482421875,4,4,1,0
5952,1,0.3012232780456543,9,9,1,0
5953,1,0.2832963466644287,8,8,1,0
5954,1,0.34963488578796387,6,6,1,0
5955,1,0.49037933349609375,6,6,1,1
5956,1,0.7148714065551758,5,5,1,1
5957,1,0.31104207038879395,0,0,1,0
5958,1,0.33690953254699707,1,1,1,0
5959,1,0.8986001014709473,2,6,0,2
5960,1,0.30858755111694336,5,5,1,0
5961,1,0.3174448013305664,5,5,1,0
5962,1,0.34789037704467773,9,9,1,0
5963,1,0.33196592330932617,9,9,1,0
5964,1,0.3609476089477539,8,8,1,0
5965,1,0.37430548667907715,7,5,0,0
5966,1,0.6146163940429688,0,0,1,1
5967,1,0.49129295349121094,9,9,1,1
5968,1,0.6266472339630127,3,3,1,1
5969,1,0.39239931106567383,4,4,1,0
5970,1,0.31180787086486816,8,8,1,0
5971,1,0.296459436416626,5,5,1,0
5972,1,0.37816715240478516,8,8,1,0
5973,1,0.3032526969909668,9,9,1,0
5974,1,0.983043909072876,2,5,0,2
5975,1,1.125697374343872,5,2,0,3
5976,1,0.3655409812927246,1,1,1,0
5977,1,0.32471346855163574,5,5,1,0
5978,1,0.2939319610595703,1,1,1,0
5979,1,0.31603407859802246,8,8,1,0
5980,1,0.36353230476379395,9,9,1,0
5981,1,0.5417816638946533,8,8,1,1
5982,1,0.3093585968017578,1,1,1,0
5983,1,0.3323545455932617,0,0,1,0
5984,1,0.39368772506713867,0,0,1,0
5985,1,0.3436415195465088,4,4,1,0
5986,1,0.28833961486816406,9,9,1,0
5987,1,0.30394506454467773,9,9,1,0
5988,1,0.3449380397796631,0,0,1,0
5989,1,0.3381211757659912,6,6,1,0
5990,1,1.1854796409606934,2,2,1,3
5991,1,0.3459658622741699,6,8,0,0
5992,1,0.8464326858520508,3,3,1,2
5993,1,0.6131064891815186,9,9,1,1
5994,1,0.30870866775512695,9,9,1,0
5995,1,0.41740965843200684,6,6,1,0
5996,1,0.8895843029022217,2,4,0,2
5997,1,0.3535153865814209,9,9,1,0
5998,1,0.3678712844848633,8,8,1,0
5999,1,0.3671536445617676,7,7,1,0
6000,1,0.6242241859436035,6,6,1,1
6001,1,0.34340906143188477,9,9,1,0
6002,1,0.3047361373901367,3,3,1,0
6003,1,0.38907289505004883,7,7,1,0
6004,1,0.34545063972473145,4,4,1,0
6005,1,0.5853779315948486,9,1,0,1
6006,1,0.3064894676208496,8,0,0,0
6007,1,0.3011653423309326,9,9,1,0
6008,1,0.30309438705444336,4,4,1,0
6009,1,0.31696367263793945,9,9,1,0
6010,1,0.3270249366760254,0,0,1,0
6011,1,0.43023037910461426,4,4,1,0
6012,1,0.5797607898712158,6,6,1,1
6013,1,0.5279762744903564,0,6,0,1
6014,1,0.3804950714111328,4,4,1,0
6015,1,0.30959033966064453,8,8,1,0
6016,1,0.3750159740447998,4,4,1,0
6017,1,0.3617985248565674,7,5,0,0
6018,1,0.2587931156158447,5,5,1,0
6019,1,0.6240770816802979,0,0,1,1
6020,1,0.34877538681030273,0,0,1,0
6021,1,0.30541229248046875,1,1,1,0
6022,1,0.30327463150024414,0,0,1,0
6023,1,0.35193347930908203,5,5,1,0
6024,1,0.3062291145324707,6,6,1,0
6025,1,0.32544708251953125,9,9,1,0
6026,1,0.5097627639770508,0,0,1,1
6027,1,0.356281042098999,9,9,1,0
6028,1,0.5344529151916504,5,5,1,1
6029,1,0.35779309272766113,9,9,1,0
6030,1,0.34171128273010254,4,4,1,0
6031,1,0.35476136207580566,1,1,1,0
6032,1,0.38133764266967773,2,2,1,0
6033,1,0.3578963279724121,6,6,1,0
6034,1,0.5866410732269287,6,6,1,1
6035,1,0.549943208694458,9,9,1,1
6036,1,0.37635064125061035,2,2,1,0
6037,1,0.325817346572876,0,0,1,0
6038,1,0.2943289279937744,9,9,1,0
6039,1,0.31198930740356445,2,2,1,0
6040,1,0.4486856460571289,8,8,1,0
6041,1,0.3321197032928467,5,5,1,0
6042,1,0.34595489501953125,2,2,1,0
6043,1,0.3661155700683594,2,2,1,0
6044,1,0.3071722984313965,2,2,1,0
6045,1,0.2603328227996826,7,7,1,0
6046,1,0.2995951175689697,4,4,1,0
6047,1,0.34745168685913086,5,5,1,0
6048,1,0.39479494094848633,6,6,1,0
6049,1,0.37230825424194336,0,0,1,0
6050,1,0.3073451519012451,8,8,1,0
6051,1,0.26435303688049316,2,2,1,0
6052,1,0.602888822555542,3,3,1,1
6053,1,0.32051944732666016,2,2,1,0
6054,1,0.3592233657836914,7,7,1,0
6055,1,0.3099708557128906,3,3,1,0
6056,1,0.3746345043182373,7,7,1,0
6057,1,0.3205220699310303,7,7,1,0
6058,1,0.9251494407653809,7,7,1,2
6059,1,0.3501155376434326,3,7,0,0
6060,1,0.3082926273345947,9,9,1,0
6061,1,0.34822702407836914,6,6,1,0
6062,1,0.36509227752685547,6,6,1,0
6063,1,0.36661672592163086,9,9,1,0
6064,1,0.5767560005187988,5,5,1,1
6065,1,0.3525383472442627,6,6,1,0
6066,1,0.6759533882141113,2,2,1,1
6067,1,0.3129904270172119,6,6,1,0
6068,1,0.27843761444091797,4,4,1,0
6069,1,0.37190818786621094,7,7,1,0
6070,1,0.6395256519317627,4,4,1,1
6071,1,0.31329870223999023,1,1,1,0
6072,1,0.31139445304870605,3,5,0,0
6073,1,0.5829439163208008,5,5,1,1
6074,1,0.5550622940063477,4,4,1,1
6075,1,0.3172762393951416,7,7,1,0
6076,1,0.3630378246307373,1,1,1,0
6077,1,0.32524991035461426,1,1,1,0
6078,1,0.34853363037109375,3,5,0,0
6079,1,0.31620335578918457,8,8,1,0
6080,1,1.1750528812408447,6,6,1,3
6081,1,0.3038661479949951,7,7,1,0
6082,1,0.3422088623046875,1,1,1,0
6083,1,0.3444521427154541,6,6,1,0
6084,1,0.3007478713989258,1,1,1,0
6085,1,0.37937021255493164,6,6,1,0
6086,1,0.6356081962585449,5,5,1,1
6087,1,0.388216495513916,3,3,1,0
6088,1,0.5364112854003906,3,3,1,1
6089,1,0.2640223503112793,8,8,1,0
6090,1,0.3770124912261963,4,4,1,0
6091,1,0.9208641052246094,3,3,1,2
6092,1,0.6330797672271729,3,3,1,1
6093,1,0.301555871963501,0,0,1,0
6094,1,0.35871100425720215,6,6,1,0
6095,1,0.5432238578796387,5,6,0,1
6096,1,0.367495059967041,1,9,0,0
6097,1,0.30512523651123047,0,1,0,0
6098,1,0.2966742515563965,8,8,1,0
6099,1,0.34328675270080566,4,4,1,0
6100,1,0.3044006824493408,5,3,0,0
6101,1,0.3066897392272949,3,3,1,0
6102,1,0.3435659408569336,7,7,1,0
6103,1,0.5537874698638916,4,4,1,1
6104,1,0.37223005294799805,8,8,1,0
6105,1,0.3461034297943115,5,5,1,0
6106,1,0.34504270553588867,0,0,1,0
6107,1,0.31354331970214844,7,7,1,0
6108,1,0.3675422668457031,9,9,1,0
6109,1,0.29411840438842773,0,0,1,0
6110,1,0.6146161556243896,6,6,1,1
6111,1,0.3351874351501465,2,2,1,0
6112,1,0.5987133979797363,4,4,1,1
6113,1,0.32854461669921875,1,1,1,0
6114,1,0.36229515075683594,1,1,1,0
6115,1,0.3699331283569336,8,8,1,0
6116,1,1.0404062271118164,2,2,1,3
6117,1,0.3562004566192627,1,1,1,0
6118,1,0.29511404037475586,1,1,1,0
6119,1,0.531827449798584,1,9,0,1
6120,1,0.3058791160583496,9,9,1,0
6121,1,0.32662439346313477,9,9,1,0
6122,1,1.0647938251495361,6,6,1,3
6123,1,0.38060975074768066,1,1,1,0
6124,1,0.6239392757415771,0,2,0,1
6125,1,1.07851243019104,5,5,1,3
6126,1,0.35790586471557617,7,7,1,0
6127,1,0.3486216068267822,3,3,1,0
6128,1,0.36971473693847656,0,0,1,0
6129,1,0.39137721061706543,6,6,1,0
6130,1,0.3255455493927002,7,7,1,0
6131,1,0.3026704788208008,7,7,1,0
6132,1,1.1405730247497559,2,6,0,3
6133,1,0.3578531742095947,7,4,0,0
6134,1,0.341019868850708,3,5,0,0
6135,1,0.37770676612854004,4,4,1,0
6136,1,0.3041234016418457,1,1,1,0
6137,1,0.40192341804504395,4,4,1,0
6138,1,0.34288835525512695,0,8,0,0
6139,1,0.305647611618042,8,8,1,0
6140,1,0.3518714904785156,7,7,1,0
6141,1,0.3499114513397217,8,8,1,0
6142,1,0.561084508895874,2,2,1,1
6143,1,0.3693232536315918,8,8,1,0
6144,1,0.3629148006439209,0,2,0,0
6145,1,0.3189373016357422,8,8,1,0
6146,1,0.5999801158905029,8,8,1,1
6147,1,0.30954670906066895,8,8,1,0
6148,1,0.3558812141418457,0,0,1,0
6149,1,0.3103830814361572,4,4,1,0
6150,1,0.5483956336975098,2,2,1,1
6151,1,0.3693540096282959,7,7,1,0
6152,1,0.37853145599365234,0,0,1,0
6153,1,0.37474608421325684,0,0,1,0
6154,1,0.3003823757171631,2,2,1,0
6155,1,0.986037015914917,0,0,1,2
6156,1,0.3117854595184326,7,7,1,0
6157,1,0.36931681632995605,1,1,1,0
6158,1,0.5464684963226318,5,5,1,1
6159,1,0.3746769428253174,1,1,1,0
6160,1,0.5652890205383301,0,0,1,1
6161,1,0.9119915962219238,3,3,1,2
6162,1,0.3684408664703369,3,3,1,0
6163,1,0.3050994873046875,8,8,1,0
6164,1,0.9181118011474609,2,3,0,2
6165,1,0.3073084354400635,1,9,0,0
6166,1,0.3433568477630615,0,0,1,0
6167,1,0.3540961742401123,1,1,1,0
6168,1,0.34604835510253906,5,5,1,0
6169,1,0.37114381790161133,3,5,0,0
6170,1,0.3194003105163574,9,9,1,0
6171,1,0.3513050079345703,0,0,1,0
6172,1,0.4993457794189453,6,6,1,1
6173,1,0.4207584857940674,6,6,1,0
6174,1,0.27215123176574707,6,6,1,0
6175,1,0.3723599910736084,2,2,1,0
6176,1,0.33878350257873535,0,8,0,0
6177,1,0.5977077484130859,5,5,1,1
6178,1,0.3291440010070801,1,1,1,0
6179,1,0.3458893299102783,7,7,1,0
6180,1,0.3530561923980713,9,9,1,0
6181,1,0.35167503356933594,9,9,1,0
6182,1,0.3353092670440674,3,6,0,0
6183,1,0.350261926651001,8,8,1,0
6184,1,0.26445579528808594,8,8,1,0
6185,1,0.34479308128356934,6,6,1,0
6186,1,0.5736451148986816,4,4,1,1
6187,1,0.31274938583374023,7,7,1,0
6188,1,0.34139466285705566,4,4,1,0
6189,1,0.6812393665313721,3,5,0,1
6190,1,0.326387882232666,5,5,1,0
6191,1,0.372805118560791,0,0,1,0
6192,1,0.32782793045043945,1,1,1,0
6193,1,0.28240251541137695,8,8,1,0
6194,1,0.39707016944885254,8,8,1,0
6195,1,0.8557820320129395,7,7,1,2
6196,1,0.36037635803222656,9,9,1,0
6197,1,0.3528001308441162,5,5,1,0
6198,1,0.3065145015716553,2,2,1,0
6199,1,0.30425214767456055,3,3,1,0
6200,1,0.37473034858703613,3,3,1,0
6201,1,0.35528063774108887,4,4,1,0
6202,1,0.3498117923736572,5,5,1,0
6203,1,0.4877762794494629,3,5,0,1
6204,1,0.35154294967651367,9,9,1,0
6205,1,0.363924503326416,3,2,0,0
6206,1,0.3489537239074707,3,5,0,0
6207,1,0.35460472106933594,6,6,1,0
6208,1,0.36415934562683105,1,1,1,0
6209,1,0.30649542808532715,6,6,1,0
6210,1,0.3854334354400635,9,9,1,0
6211,1,0.32738518714904785,1,1,1,0
6212,1,0.5309181213378906,3,5,0,1
6213,1,0.3419070243835449,8,8,1,0
6214,1,0.35541296005249023,4,4,1,0
6215,1,0.37642431259155273,3,3,1,0
6216,1,0.31195902824401855,1,1,1,0
6217,1,0.30040907859802246,0,0,1,0
6218,1,0.3021998405456543,7,2,0,0
6219,1,0.36428260803222656,1,1,1,0
6220,1,0.3647880554199219,7,7,1,0
6221,1,0.3328416347503662,0,0,1,0
6222,1,0.36374425888061523,6,6,1,0
6223,1,0.34288811683654785,9,9,1,0
6224,1,0.5919995307922363,0,0,1,1
6225,1,0.28261446952819824,3,3,1,0
6226,1,0.3628551959991455,9,9,1,0
6227,1,0.2597692012786865,8,0,0,0
6228,1,0.6180555820465088,4,4,1,1
6229,1,0.626807689666748,6,6,1,1
6230,1,0.30647873878479004,0,0,1,0
6231,1,0.32941293716430664,1,1,1,0
6232,1,0.6290469169616699,1,1,1,1
6233,1,0.5810294151306152,3,3,1,1
6234,1,0.3062765598297119,7,7,1,0
6235,1,0.5937912464141846,4,3,0,1
6236,1,1.1298213005065918,5,7,0,3
6237,1,0.3045358657836914,1,1,1,0
6238,1,0.3513619899749756,4,4,1,0
6239,1,0.570732831954956,5,7,0,1
6240,1,0.2963070869445801,1,1,1,0
6241,1,0.34868621826171875,8,8,1,0
6242,1,0.3068826198577881,9,9,1,0
6243,1,0.8717410564422607,3,3,1,2
6244,1,0.37575793266296387,4,4,1,0
6245,1,0.9635186195373535,3,3,1,2
6246,1,0.3073465824127197,2,2,1,0
6247,1,0.2912027835845947,3,3,1,0
6248,1,0.6269338130950928,1,1,1,1
6249,1,0.32416772842407227,0,0,1,0
6250,1,0.34668970108032227,7,7,1,0
6251,1,0.31941866874694824,0,0,1,0
6252,1,0.3299105167388916,5,5,1,0
6253,1,0.3426523208618164,3,3,1,0
6254,1,0.6128060817718506,9,9,1,1
6255,1,0.2627425193786621,7,7,1,0
6256,1,0.5672640800476074,0,0,1,1
6257,1,0.35011720657348633,7,5,0,0
6258,1,0.29464244842529297,6,6,1,0
6259,1,0.3694019317626953,7,7,1,0
6260,1,0.6210477352142334,0,8,0,1
6261,1,0.30823826789855957,8,8,1,0
6262,1,0.28417348861694336,6,6,1,0
6263,1,0.33742284774780273,4,4,1,0
6264,1,0.34874749183654785,1,1,1,0
6265,1,0.3734009265899658,7,7,1,0
6266,1,0.313784122467041,6,6,1,0
6267,1,0.3465549945831299,8,8,1,0
6268,1,0.343228816986084,9,9,1,0
6269,1,0.34946346282958984,1,1,1,0
6270,1,0.3228263854980469,6,6,1,0
6271,1,0.32584571838378906,6,6,1,0
6272,1,0.3006703853607178,6,6,1,0
6273,1,0.363208532333374,0,9,0,0
6274,1,0.36541080474853516,1,1,1,0
6275,1,0.26145052909851074,6,6,1,0
6276,1,0.34192442893981934,9,9,1,0
6277,1,0.34946513175964355,1,1,1,0
6278,1,0.5293431282043457,2,2,1,1
6279,1,0.3485398292541504,9,9,1,0
6280,1,0.2682034969329834,0,8,0,0
6281,1,0.38425230979919434,6,6,1,0
6282,1,0.30971789360046387,1,1,1,0
6283,1,0.37534284591674805,1,1,1,0
6284,1,0.38847804069519043,1,1,1,0
6285,1,0.4412806034088135,1,1,1,0
6286,1,0.3287038803100586,4,4,1,0
6287,1,0.3537170886993408,2,2,1,0
6288,1,0.3522634506225586,4,4,1,0
6289,1,1.090047836303711,3,3,1,3
6290,1,0.3789947032928467,0,0,1,0
6291,1,0.3754730224609375,3,4,0,0
6292,1,0.30995941162109375,6,6,1,0
6293,1,0.5730605125427246,4,4,1,1
6294,1,0.3041555881500244,6,6,1,0
6295,1,0.34277892112731934,6,6,1,0
6296,1,0.3172729015350342,4,4,1,0
6297,1,0.3707590103149414,9,9,1,0
6298,1,0.31912779808044434,6,6,1,0
6299,1,0.3294038772583008,7,7,1,0
6300,1,0.3518202304840088,9,9,1,0
6301,1,0.39867186546325684,3,3,1,0
6302,1,0.31447315216064453,2,2,1,0
6303,1,0.5470449924468994,4,4,1,1
6304,1,0.6052885055541992,6,6,1,1
6305,1,0.38813114166259766,3,3,1,0
6306,1,0.5496530532836914,4,4,1,1
6307,1,0.5679845809936523,2,2,1,1
6308,1,0.6191737651824951,4,4,1,1
6309,1,0.31104350090026855,3,3,1,0
6310,1,0.3757309913635254,3,4,0,0
6311,1,0.2990882396697998,1,1,1,0
6312,1,0.2666494846343994,0,0,1,0
6313,1,0.9213438034057617,3,3,1,2
6314,1,0.34616589546203613,7,7,1,0
6315,1,0.3808107376098633,7,7,1,0
6316,1,0.3111751079559326,7,7,1,0
6317,1,0.9717807769775391,7,7,1,2
6318,1,0.31624293327331543,4,4,1,0
6319,1,0.4337341785430908,6,6,1,0
6320,1,0.39158177375793457,6,6,1,0
6321,1,0.3046700954437256,1,1,1,0
6322,1,0.3714640140533447,3,5,0,0
6323,1,0.2989225387573242,0,0,1,0
6324,1,0.35201382637023926,4,4,1,0
6325,1,0.4006326198577881,1,1,1,0
6326,1,0.334139347076416,4,4,1,0
6327,1,0.30999207496643066,0,0,1,0
6328,1,0.30859971046447754,3,3,1,0
6329,1,0.3752756118774414,7,7,1,0
6330,1,0.2693605422973633,1,1,1,0
6331,1,0.34709882736206055,0,2,0,0
6332,1,0.3701205253601074,5,5,1,0
6333,1,0.5533814430236816,3,3,1,1
6334,1,0.33313632011413574,4,4,1,0
6335,1,0.30550098419189453,9,9,1,0
6336,1,0.35523009300231934,7,7,1,0
6337,1,1.130324125289917,5,3,0,3
6338,1,0.32535314559936523,1,1,1,0
6339,1,0.32164692878723145,5,5,1,0
6340,1,0.5861318111419678,2,2,1,1
6341,1,0.35837483406066895,1,1,1,0
6342,1,0.3761758804321289,0,0,1,0
6343,1,0.8462896347045898,5,5,1,2
6344,1,0.3831918239593506,4,4,1,0
6345,1,0.3197774887084961,8,8,1,0
6346,1,0.38265490531921387,8,8,1,0
6347,1,0.38068318367004395,2,2,1,0
6348,1,0.3750159740447998,4,4,1,0
6349,1,0.34840989112854004,4,4,1,0
6350,1,0.31044912338256836,9,9,1,0
6351,1,0.31020236015319824,3,3,1,0
6352,1,0.30743908882141113,5,5,1,0
6353,1,0.39256739616394043,4,4,1,0
6354,1,0.604205846786499,8,8,1,1
6355,1,0.3129560947418213,4,4,1,0
6356,1,0.36948633193969727,5,5,1,0
6357,1,0.3229248523712158,0,0,1,0
6358,1,0.8984308242797852,6,6,1,2
6359,1,0.32898616790771484,5,5,1,0
6360,1,0.672499418258667,0,0,1,1
6361,1,0.3114457130432129,4,4,1,0
6362,1,0.35019803047180176,5,5,1,0
6363,1,0.3345766067504883,1,1,1,0
6364,1,0.3508286476135254,0,0,1,0
6365,1,0.3541433811187744,7,7,1,0
6366,1,0.34662675857543945,8,8,1,0
6367,1,0.308459997177124,7,3,0,0
6368,1,0.3097574710845947,9,9,1,0
6369,1,0.3222980499267578,9,9,1,0
6370,1,0.30394530296325684,0,0,1,0
6371,1,0.3588850498199463,4,4,1,0
6372,1,0.39478206634521484,0,0,1,0
6373,1,0.35213494300842285,3,3,1,0
6374,1,0.35533905029296875,0,0,1,0
6375,1,0.30205464363098145,3,7,0,0
6376,1,0.31528139114379883,3,3,1,0
6377,1,0.33451008796691895,0,0,1,0
6378,1,0.3552231788635254,6,6,1,0
6379,1,0.3733386993408203,1,1,1,0
6380,1,0.6508369445800781,0,7,0,1
6381,1,0.32486915588378906,4,7,0,0
6382,1,0.34545350074768066,5,5,1,0
6383,1,0.3277289867401123,4,6,0,0
6384,1,0.3692152500152588,2,2,1,0
6385,1,0.3485903739929199,1,1,1,0
6386,1,0.28197693824768066,7,7,1,0
6387,1,0.5572590827941895,0,0,1,1
6388,1,0.29851508140563965,7,7,1,0
6389,1,1.1987543106079102,2,2,1,3
6390,1,0.3104534149169922,5,5,1,0
6391,1,0.34420061111450195,8,8,1,0
6392,1,0.34754061698913574,2,2,1,0
6393,1,0.30516767501831055,7,7,1,0
6394,1,0.34000158309936523,9,9,1,0
6395,1,0.27512645721435547,1,1,1,0
6396,1,0.3855559825897217,1,1,1,0
6397,1,0.28935694694519043,8,8,1,0
6398,1,0.383042573928833,4,4,1,0
6399,1,0.347883939743042,6,6,1,0
6400,1,0.3009059429168701,1,1,1,0
6401,1,0.3446991443634033,4,4,1,0
6402,1,0.34664011001586914,1,1,1,0
6403,1,0.344066858291626,0,0,1,0
6404,1,0.3056759834289551,1,1,1,0
6405,1,0.34816718101501465,9,9,1,0
6406,1,0.5881972312927246,6,6,1,1
6407,1,0.3303549289703369,3,2,0,0
6408,1,0.3156876564025879,5,5,1,0
6409,1,0.3118422031402588,8,8,1,0
6410,1,0.3099174499511719,7,7,1,0
6411,1,0.6395478248596191,6,6,1,1
6412,1,0.37464284896850586,8,8,1,0
6413,1,0.3978846073150635,3,5,0,0
6414,1,0.29851841926574707,6,6,1,0
6415,1,0.4270212650299072,4,4,1,0
6416,1,0.3494880199432373,9,9,1,0
6417,1,0.3157923221588135,0,0,1,0
6418,1,0.65972900390625,3,5,0,1
6419,1,0.5351409912109375,0,8,0,1
6420,1,0.3803529739379883,9,9,1,0
6421,1,0.31746363639831543,9,9,1,0
6422,1,0.31647706031799316,9,1,0,0
6423,1,0.31023716926574707,9,9,1,0
6424,1,0.3477768898010254,7,7,1,0
6425,1,0.3294847011566162,9,9,1,0
6426,1,0.3760840892791748,4,4,1,0
6427,1,0.30551862716674805,9,9,1,0
6428,1,0.33991074562072754,1,1,1,0
6429,1,0.5836412906646729,4,4,1,1
6430,1,1.121201515197754,6,6,1,3
6431,1,0.3800933361053467,2,2,1,0
6432,1,0.30062341690063477,3,3,1,0
6433,1,0.3869800567626953,8,8,1,0
6434,1,0.3794722557067871,9,9,1,0
6435,1,0.3731973171234131,1,1,1,0
6436,1,0.32308506965637207,0,0,1,0
6437,1,0.6694846153259277,1,1,1,1
6438,1,0.26335906982421875,7,7,1,0
6439,1,0.2930021286010742,7,7,1,0
6440,1,0.3168296813964844,0,0,1,0
6441,1,0.37931227684020996,7,7,1,0
6442,1,0.38313889503479004,4,4,1,0
6443,1,0.3500657081604004,4,4,1,0
6444,1,0.9592318534851074,7,7,1,2
6445,1,0.3673133850097656,1,1,1,0
6446,1,0.329256534576416,0,0,1,0
6447,1,0.6212191581726074,6,6,1,1
6448,1,0.37294602394104004,7,7,1,0
6449,1,0.639972448348999,4,2,0,1
6450,1,0.3120095729827881,1,1,1,0
6451,1,0.30806970596313477,7,7,1,0
6452,1,0.35426831245422363,9,9,1,0
6453,1,0.2661867141723633,8,8,1,0
6454,1,0.34938883781433105,9,9,1,0
6455,1,0.30672740936279297,1,1,1,0
6456,1,1.0508863925933838,7,7,1,2
6457,1,0.5923233032226562,0,9,0,1
6458,1,0.2678565979003906,9,9,1,0
6459,1,0.5586683750152588,4,4,1,1
6460,1,0.3750290870666504,4,4,1,0
6461,1,0.40818190574645996,7,7,1,0
6462,1,0.382565975189209,3,3,1,0
6463,1,0.36729860305786133,7,7,1,0
6464,1,0.6490311622619629,7,7,1,1
6465,1,1.1008634567260742,6,6,1,3
6466,1,0.5742223262786865,4,4,1,1
6467,1,0.27528882026672363,0,0,1,0
6468,1,0.3511621952056885,3,3,1,0
6469,1,0.30916428565979004,3,3,1,0
6470,1,0.26252031326293945,4,7,0,0
6471,1,0.34798502922058105,8,8,1,0
6472,1,0.9743258953094482,2,2,1,2
6473,1,0.6190361976623535,3,3,1,1
6474,1,0.3763742446899414,9,9,1,0
6475,1,0.6356077194213867,7,3,0,1
6476,1,0.32296013832092285,8,8,1,0
6477,1,0.375199556350708,8,8,1,0
6478,1,0.3260059356689453,0,0,1,0
6479,1,0.3302292823791504,2,2,1,0
6480,1,0.3076796531677246,8,8,1,0
6481,1,0.36821699142456055,4,2,0,0
6482,1,0.3096768856048584,9,9,1,0
6483,1,0.3609588146209717,7,7,1,0
6484,1,0.35544800758361816,9,9,1,0
6485,1,0.3101797103881836,0,0,1,0
6486,1,0.3459334373474121,0,0,1,0
6487,1,1.0440130233764648,6,6,1,2
6488,1,0.2740211486816406,6,6,1,0
6489,1,0.3601839542388916,1,1,1,0
6490,1,0.33395910263061523,8,8,1,0
6491,1,0.33798837661743164,3,3,1,0
6492,1,0.30766844749450684,1,1,1,0
6493,1,0.6154005527496338,2,2,1,1
6494,1,0.6338975429534912,5,5,1,1
6495,1,0.3064439296722412,5,5,1,0
6496,1,0.34398984909057617,6,6,1,0
6497,1,0.2986183166503906,9,9,1,0
6498,1,0.3080770969390869,8,8,1,0
6499,1,0.34137940406799316,1,1,1,0
6500,1,0.3048577308654785,2,2,1,0
6501,1,0.32991623878479004,5,5,1,0
6502,1,0.35282230377197266,4,4,1,0
6503,1,0.32743287086486816,3,2,0,0
6504,1,0.37341833114624023,8,8,1,0
6505,1,0.36949944496154785,0,0,1,0
6506,1,0.34734511375427246,8,8,1,0
6507,1,0.30356574058532715,1,1,1,0
6508,1,0.34153199195861816,5,5,1,0
6509,1,0.9128692150115967,5,5,1,2
6510,1,0.30438828468322754,2,2,1,0
6511,1,0.6147880554199219,5,3,0,1
6512,1,0.5342738628387451,0,0,1,1
6513,1,0.31885266304016113,3,3,1,0
6514,1,0.3050045967102051,7,7,1,0
6515,1,0.3178071975708008,7,7,1,0
6516,1,0.2632579803466797,0,0,1,0
6517,1,0.3443458080291748,9,9,1,0
6518,1,0.33357787132263184,3,3,1,0
6519,1,0.3412933349609375,0,0,1,0
6520,1,0.9848079681396484,9,9,1,2
6521,1,0.3567805290222168,1,1,1,0
6522,1,0.3195805549621582,0,0,1,0
6523,1,0.32063889503479004,6,6,1,0
6524,1,0.34632420539855957,2,2,1,0
6525,1,0.3103775978088379,5,5,1,0
6526,1,0.5460476875305176,4,4,1,1
6527,1,0.3525075912475586,1,1,1,0
6528,1,0.33052492141723633,1,1,1,0
6529,1,0.3189413547515869,7,7,1,0
6530,1,0.34403228759765625,7,7,1,0
6531,1,0.2596621513366699,0,0,1,0
6532,1,0.3476262092590332,1,1,1,0
6533,1,0.337571382522583,2,2,1,0
6534,1,0.3579888343811035,4,0,0,0
6535,1,0.3279733657836914,8,8,1,0
6536,1,0.36678314208984375,1,1,1,0
6537,1,0.32557225227355957,0,0,1,0
6538,1,0.35123109817504883,9,9,1,0
6539,1,0.5703878402709961,9,9,1,1
6540,1,0.35872888565063477,2,2,1,0
6541,1,0.35309386253356934,4,4,1,0
6542,1,0.3453829288482666,6,6,1,0
6543,1,0.5859794616699219,6,6,1,1
6544,1,0.37512850761413574,0,0,1,0
6545,1,0.3031432628631592,6,6,1,0
6546,1,1.0963773727416992,3,5,0,3
6547,1,0.35369062423706055,2,2,1,0
6548,1,0.34354519844055176,5,5,1,0
6549,1,0.5506794452667236,4,3,0,1
6550,1,0.37471437454223633,2,2,1,0
6551,1,0.30811595916748047,4,4,1,0
6552,1,0.35004353523254395,4,4,1,0
6553,1,0.3452155590057373,8,8,1,0
6554,1,0.2913835048675537,0,9,0,0
6555,1,0.32070493698120117,6,3,0,0
6556,1,0.372042179107666,4,4,1,0
6557,1,0.3805263042449951,1,1,1,0
6558,1,0.3387281894683838,2,2,1,0
6559,1,0.35482072830200195,9,9,1,0
6560,1,0.3013794422149658,4,5,0,0
6561,1,0.6248908042907715,7,7,1,1
6562,1,0.33693456649780273,7,7,1,0
6563,1,0.603262186050415,9,9,1,1
6564,1,0.32263660430908203,2,2,1,0
6565,1,0.3580474853515625,1,1,1,0
6566,1,0.32945799827575684,2,2,1,0
6567,1,0.3534119129180908,3,3,1,0
6568,1,0.37857508659362793,8,8,1,0
6569,1,0.31105971336364746,6,6,1,0
6570,1,0.6271965503692627,9,9,1,1
6571,1,0.5600605010986328,7,7,1,1
6572,1,0.35226964950561523,6,6,1,0
6573,1,0.3466219902038574,4,4,1,0
6574,1,0.8930463790893555,5,5,1,2
6575,1,0.349475622177124,0,0,1,0
6576,1,0.3353102207183838,7,7,1,0
6577,1,0.30712008476257324,2,2,1,0
6578,1,0.3771979808807373,1,1,1,0
6579,1,0.35853004455566406,1,1,1,0
6580,1,0.3506767749786377,1,1,1,0
6581,1,0.6006641387939453,4,4,1,1
6582,1,0.38481616973876953,1,1,1,0
6583,1,0.3053295612335205,5,5,1,0
6584,1,0.3580045700073242,0,7,0,0
6585,1,0.3947441577911377,8,8,1,0
6586,1,0.3045766353607178,8,8,1,0
6587,1,0.327298641204834,5,5,1,0
6588,1,0.37505650520324707,5,5,1,0
6589,1,0.8997011184692383,5,5,1,2
6590,1,0.37378406524658203,4,4,1,0
6591,1,0.3046109676361084,1,1,1,0
6592,1,0.3387315273284912,9,9,1,0
6593,1,0.34471702575683594,5,5,1,0
6594,1,0.5390579700469971,2,2,1,1
6595,1,0.3273921012878418,5,5,1,0
6596,1,0.39281511306762695,4,4,1,0
6597,1,0.3492112159729004,5,5,1,0
6598,1,0.2634766101837158,8,8,1,0
6599,1,0.3923046588897705,9,9,1,0
6600,1,0.35031557083129883,9,9,1,0
6601,1,0.3080909252166748,7,7,1,0
6602,1,0.4278099536895752,4,4,1,0
6603,1,0.3334314823150635,1,1,1,0
6604,1,0.3189821243286133,5,5,1,0
6605,1,0.3730340003967285,9,9,1,0
6606,1,0.35518312454223633,9,9,1,0
6607,1,0.5621979236602783,2,2,1,1
6608,1,0.37218403816223145,0,0,1,0
6609,1,0.2785220146179199,7,7,1,0
6610,1,0.3468756675720215,5,3,0,0
6611,1,0.307481050491333,7,7,1,0
6612,1,0.30916380882263184,5,5,1,0
6613,1,0.5195603370666504,3,7,0,1
6614,1,0.6336047649383545,0,0,1,1
6615,1,0.5972175598144531,0,0,1,1
6616,1,0.37447476387023926,0,0,1,0
6617,1,0.37726330757141113,9,9,1,0
6618,1,0.8925008773803711,3,3,1,2
6619,1,0.3482484817504883,1,1,1,0
6620,1,0.3423347473144531,1,1,1,0
6621,1,0.30916333198547363,7,7,1,0
6622,1,0.3050963878631592,9,9,1,0
6623,1,0.34149742126464844,7,7,1,0
6624,1,0.395061731338501,8,8,1,0
6625,1,0.3409440517425537,3,5,0,0
6626,1,0.31013989448547363,1,1,1,0
6627,1,0.3111884593963623,1,1,1,0
6628,1,0.33591294288635254,8,8,1,0
6629,1,0.35189366340637207,2,2,1,0
6630,1,0.36925792694091797,7,7,1,0
6631,1,0.3570117950439453,4,4,1,0
6632,1,0.3358430862426758,0,0,1,0
6633,1,0.3129575252532959,8,8,1,0
6634,1,0.3092985153198242,0,0,1,0
6635,1,0.38474178314208984,8,8,1,0
6636,1,0.30161070823669434,4,6,0,0
6637,1,0.5513033866882324,5,5,1,1
6638,1,0.30487942695617676,9,9,1,0
6639,1,0.3697659969329834,9,9,1,0
6640,1,0.3235597610473633,9,9,1,0
6641,1,0.3020610809326172,6,6,1,0
6642,1,0.3234395980834961,3,3,1,0
6643,1,0.36307311058044434,9,9,1,0
6644,1,0.3688535690307617,9,9,1,0
6645,1,0.3013801574707031,4,5,0,0
6646,1,0.31876397132873535,0,0,1,0
6647,1,0.3261857032775879,0,0,1,0
6648,1,0.6018860340118408,5,3,0,1
6649,1,0.31647706031799316,1,1,1,0
6650,1,0.370105504989624,8,8,1,0
6651,1,0.30049991607666016,1,1,1,0
6652,1,0.3229546546936035,9,9,1,0
6653,1,0.3476119041442871,8,8,1,0
6654,1,0.6233227252960205,5,5,1,1
6655,1,0.3547396659851074,3,3,1,0
6656,1,0.5384283065795898,3,3,1,1
6657,1,0.3737785816192627,6,6,1,0
6658,1,0.37549734115600586,5,5,1,0
6659,1,0.5598204135894775,5,5,1,1
6660,1,0.5475766658782959,8,8,1,1
6661,1,0.39062952995300293,8,8,1,0
6662,1,0.5609843730926514,5,5,1,1
6663,1,0.3655531406402588,8,8,1,0
6664,1,0.5379965305328369,1,1,1,1
6665,1,0.34874987602233887,4,4,1,0
6666,1,0.9632914066314697,5,7,0,2
6667,1,0.34146714210510254,8,8,1,0
6668,1,0.30506157875061035,4,4,1,0
6669,1,0.34742259979248047,3,5,0,0
6670,1,0.27007126808166504,7,7,1,0
6671,1,0.3724398612976074,3,3,1,0
6672,1,0.3418862819671631,1,1,1,0
6673,1,0.5839433670043945,8,0,0,1
6674,1,0.26686811447143555,9,1,0,0
6675,1,0.3497805595397949,0,0,1,0
6676,1,0.5892360210418701,3,5,0,1
6677,1,0.338881254196167,1,1,1,0
6678,1,0.35162878036499023,3,4,0,0
6679,1,0.3053581714630127,2,2,1,0
6680,1,0.3487396240234375,6,6,1,0
6681,1,0.5756371021270752,4,2,0,1
6682,1,0.3510265350341797,8,8,1,0
6683,1,0.5773739814758301,4,4,1,1
6684,1,0.6040244102478027,9,9,1,1
6685,1,0.32017993927001953,1,1,1,0
6686,1,0.35131263732910156,0,0,1,0
6687,1,0.373380184173584,9,9,1,0
6688,1,0.9038186073303223,2,5,0,2
6689,1,0.30351710319519043,4,6,0,0
6690,1,0.5760829448699951,2,2,1,1
6691,1,0.2992537021636963,0,0,1,0
6692,1,0.346341609954834,0,0,1,0
6693,1,0.581434965133667,3,3,1,1
6694,1,0.3757972717285156,2,0,0,0
6695,1,0.2751803398132324,1,1,1,0
6696,1,0.30609655380249023,4,7,0,0
6697,1,0.3556215763092041,0,0,1,0
6698,1,0.37652158737182617,9,9,1,0
6699,1,0.3468813896179199,5,5,1,0
6700,1,0.3529982566833496,4,4,1,0
6701,1,0.4371016025543213,5,5,1,0
6702,1,0.9231324195861816,3,3,1,2
6703,1,0.26249217987060547,3,3,1,0
6704,1,0.3162693977355957,8,8,1,0
6705,1,0.3243846893310547,6,6,1,0
6706,1,0.5581598281860352,4,4,1,1
6707,1,0.35200023651123047,8,8,1,0
6708,1,0.35326671600341797,3,3,1,0
6709,1,0.3536539077758789,4,4,1,0
6710,1,0.5882754325866699,6,6,1,1
6711,1,0.6307432651519775,5,5,1,1
6712,1,0.3142058849334717,9,9,1,0
6713,1,0.3088860511779785,7,7,1,0
6714,1,0.30292224884033203,7,7,1,0
6715,1,0.3765552043914795,1,1,1,0
6716,1,1.1139717102050781,7,3,0,3
6717,1,0.36113715171813965,4,4,1,0
6718,1,0.8789515495300293,3,3,1,2
6719,1,0.360870361328125,9,9,1,0
6720,1,0.3774096965789795,1,1,1,0
6721,1,0.591930627822876,0,0,1,1
6722,1,0.3433558940887451,7,7,1,0
6723,1,0.311809778213501,0,0,1,0
6724,1,0.37226033210754395,7,7,1,0
6725,1,0.3081233501434326,9,9,1,0
6726,1,0.3512234687805176,5,5,1,0
6727,1,0.5377063751220703,1,1,1,1
6728,1,0.34615111351013184,7,7,1,0
6729,1,0.3206908702850342,4,4,1,0
6730,1,0.5997135639190674,2,2,1,1
6731,1,0.3072056770324707,1,1,1,0
6732,1,0.3531482219696045,7,7,1,0
6733,1,0.3460409641265869,7,7,1,0
6734,1,0.34967970848083496,5,5,1,0
6735,1,0.6683921813964844,4,6,0,1
6736,1,0.33756375312805176,9,9,1,0
6737,1,0.3058478832244873,4,4,1,0
6738,1,0.3850376605987549,9,9,1,0
6739,1,0.3580350875854492,1,1,1,0
6740,1,0.33600831031799316,8,8,1,0
6741,1,0.3053476810455322,8,8,1,0
6742,1,0.582984447479248,4,4,1,1
6743,1,0.30864453315734863,3,6,0,0
6744,1,0.6654486656188965,3,3,1,1
6745,1,0.33475303649902344,4,4,1,0
6746,1,0.30309391021728516,1,1,1,0
6747,1,0.3159611225128174,9,9,1,0
6748,1,0.344771146774292,2,2,1,0
6749,1,1.140324592590332,6,6,1,3
6750,1,0.6013116836547852,6,6,1,1
6751,1,0.3068232536315918,9,9,1,0
6752,1,0.3529813289642334,4,4,1,0
6753,1,0.37024664878845215,1,1,1,0
6754,1,0.3086845874786377,1,1,1,0
6755,1,0.29737305641174316,8,8,1,0
6756,1,0.33498716354370117,5,5,1,0
6757,1,0.34598851203918457,9,9,1,0
6758,1,0.548952579498291,0,0,1,1
6759,1,0.33249521255493164,1,1,1,0
6760,1,0.35279369354248047,2,2,1,0
6761,1,0.5819804668426514,8,2,0,1
6762,1,0.5858113765716553,4,7,0,1
6763,1,1.2128493785858154,2,6,0,3
6764,1,0.3584420680999756,6,6,1,0
6765,1,0.33305859565734863,3,3,1,0
6766,1,1.1701693534851074,7,5,0,3
6767,1,0.3130044937133789,1,1,1,0
6768,1,0.33196020126342773,0,0,1,0
6769,1,0.35263657569885254,3,3,1,0
6770,1,0.3674032688140869,5,5,1,0
6771,1,0.31337618827819824,6,6,1,0
6772,1,0.6136810779571533,2,2,1,1
6773,1,0.3883328437805176,4,4,1,0
6774,1,0.3697516918182373,7,7,1,0
6775,1,1.1133108139038086,5,6,0,3
6776,1,0.3563358783721924,1,1,1,0
6777,1,0.32678723335266113,6,6,1,0
6778,1,0.32253026962280273,1,1,1,0
6779,1,0.35074543952941895,6,6,1,0
6780,1,0.5949714183807373,3,3,1,1
6781,1,0.3276667594909668,9,9,1,0
6782,1,0.30451536178588867,7,7,1,0
6783,1,0.3567521572113037,8,4,0,0
6784,1,0.29132556915283203,9,9,1,0
6785,1,0.5762157440185547,6,6,1,1
6786,1,0.35031628608703613,1,1,1,0
6787,1,0.31033945083618164,8,8,1,0
6788,1,0.34792208671569824,2,2,1,0
6789,1,0.3739910125732422,0,0,1,0
6790,1,0.3607513904571533,9,9,1,0
6791,1,0.31125712394714355,1,1,1,0
6792,1,0.35017967224121094,7,7,1,0
6793,1,0.29904890060424805,0,2,0,0
6794,1,0.2981534004211426,9,9,1,0
6795,1,0.3353734016418457,3,3,1,0
6796,1,0.9596896171569824,2,2,1,2
6797,1,0.30788183212280273,0,0,1,0
6798,1,1.0197908878326416,4,5,0,2
6799,1,0.3110544681549072,8,8,1,0
6800,1,0.3054537773132324,1,1,1,0
6801,1,0.3505244255065918,2,2,1,0
6802,1,0.3488438129425049,9,9,1,0
6803,1,0.3192176818847656,3,3,1,0
6804,1,0.3335609436035156,9,9,1,0
6805,1,0.3499274253845215,7,7,1,0
6806,1,0.5693116188049316,6,3,0,1
6807,1,0.9613368511199951,7,7,1,2
6808,1,0.353440523147583,4,4,1,0
6809,1,0.36891794204711914,0,0,1,0
6810,1,0.36354875564575195,9,9,1,0
6811,1,0.324235200881958,0,0,1,0
6812,1,0.3582191467285156,5,5,1,0
6813,1,0.2991600036621094,1,1,1,0
6814,1,0.38372111320495605,5,5,1,0
6815,1,0.5777373313903809,5,5,1,1
6816,1,0.3502194881439209,4,4,1,0
6817,1,0.30094289779663086,4,4,1,0
6818,1,0.3321645259857178,0,0,1,0
6819,1,0.3079056739807129,4,4,1,0
6820,1,0.3443949222564697,3,3,1,0
6821,1,0.5423555374145508,0,0,1,1
6822,1,0.35088682174682617,0,0,1,0
6823,1,0.3686704635620117,0,0,1,0
6824,1,0.36823177337646484,3,5,0,0
6825,1,0.5110974311828613,2,2,1,1
6826,1,0.3378143310546875,8,8,1,0
6827,1,0.3520948886871338,1,1,1,0
6828,1,0.5789589881896973,4,4,1,1
6829,1,0.6422100067138672,7,7,1,1
6830,1,0.3304471969604492,8,8,1,0
6831,1,0.35410261154174805,2,2,1,0
6832,1,0.5991928577423096,0,8,0,1
6833,1,0.30983996391296387,2,2,1,0
6834,1,0.34445905685424805,9,9,1,0
6835,1,0.356090784072876,9,9,1,0
6836,1,0.5874347686767578,6,6,1,1
6837,1,0.5751304626464844,5,7,0,1
6838,1,0.5538578033447266,3,3,1,1
6839,1,0.6307680606842041,2,2,1,1
6840,1,0.37648963928222656,7,7,1,0
6841,1,0.3669106960296631,1,1,1,0
6842,1,0.5785114765167236,8,8,1,1
6843,1,0.5417001247406006,9,9,1,1
6844,1,0.3336062431335449,1,1,1,0
6845,1,0.600071907043457,2,2,1,1
6846,1,0.6213712692260742,2,2,1,1
6847,1,0.3595860004425049,8,8,1,0
6848,1,0.3034079074859619,3,6,0,0
6849,1,0.3415813446044922,4,4,1,0
6850,1,0.55794358253479,0,0,1,1
6851,1,0.3741786479949951,0,0,1,0
6852,1,0.2991461753845215,5,5,1,0
6853,1,0.3761923313140869,9,9,1,0
6854,1,0.375352144241333,3,3,1,0
6855,1,0.30949831008911133,3,3,1,0
6856,1,0.30135345458984375,2,2,1,0
6857,1,0.5783751010894775,6,6,1,1
6858,1,0.3545684814453125,8,8,1,0
6859,1,0.31992459297180176,6,6,1,0
6860,1,0.3832130432128906,1,1,1,0
6861,1,0.3271965980529785,9,9,1,0
6862,1,0.3483858108520508,5,5,1,0
6863,1,0.3389890193939209,6,6,1,0
6864,1,0.8797240257263184,5,3,0,2
6865,1,0.28437280654907227,8,8,1,0
6866,1,0.3722391128540039,9,1,0,0
6867,1,0.31220078468322754,2,4,0,0
6868,1,0.3772561550140381,9,9,1,0
6869,1,0.35530734062194824,4,3,0,0
6870,1,0.34045863151550293,4,6,0,0
6871,1,0.5363759994506836,6,3,0,1
6872,1,0.3067049980163574,4,7,0,0
6873,1,0.32166600227355957,6,6,1,0
6874,1,0.36853456497192383,0,0,1,0
6875,1,0.5291135311126709,0,7,0,1
6876,1,0.3779270648956299,6,6,1,0
6877,1,0.5611858367919922,2,2,1,1
6878,1,0.3731369972229004,1,1,1,0
6879,1,0.38003039360046387,9,9,1,0
6880,1,0.2948927879333496,6,6,1,0
6881,1,0.3115720748901367,7,7,1,0
6882,1,0.38202357292175293,4,4,1,0
6883,1,0.3222982883453369,8,8,1,0
6884,1,0.3484780788421631,6,6,1,0
6885,1,0.4216318130493164,0,0,1,0
6886,1,0.31070947647094727,0,0,1,0
6887,1,0.9591639041900635,8,8,1,2
6888,1,0.9564144611358643,5,5,1,2
6889,1,0.327953577041626,9,9,1,0
6890,1,0.35815930366516113,2,2,1,0
6891,1,0.3277144432067871,1,1,1,0
6892,1,0.32619810104370117,6,6,1,0
6893,1,0.34856557846069336,1,1,1,0
6894,1,0.343966007232666,3,6,0,0
6895,1,0.5573468208312988,8,8,1,1
6896,1,0.378812313079834,6,6,1,0
6897,1,0.32844996452331543,9,9,1,0
6898,1,0.2671501636505127,2,2,1,0
6899,1,0.37403392791748047,7,7,1,0
6900,1,0.34351253509521484,4,4,1,0
6901,1,0.304779052734375,1,1,1,0
6902,1,0.3500983715057373,5,5,1,0
6903,1,0.3039834499359131,4,4,1,0
6904,1,0.37647366523742676,9,9,1,0
6905,1,0.35247254371643066,5,5,1,0
6906,1,0.5342721939086914,2,2,1,1
6907,1,0.35315680503845215,0,0,1,0
6908,1,0.5497777462005615,6,6,1,1
6909,1,0.317807674407959,8,8,1,0
6910,1,0.3071019649505615,1,1,1,0
6911,1,0.3776528835296631,0,0,1,0
6912,1,0.5827488899230957,9,8,0,1
6913,1,0.6252925395965576,6,6,1,1
6914,1,0.3467094898223877,0,0,1,0
6915,1,0.3230576515197754,5,5,1,0
6916,1,0.2995431423187256,9,9,1,0
6917,1,0.3723626136779785,1,1,1,0
6918,1,0.6061084270477295,9,5,0,1
6919,1,0.3311588764190674,4,4,1,0
6920,1,0.37891387939453125,9,9,1,0
6921,1,0.2984917163848877,2,2,1,0
6922,1,0.37445592880249023,5,5,1,0
6923,1,0.3343782424926758,9,9,1,0
6924,1,0.6077685356140137,9,9,1,1
6925,1,0.37644338607788086,9,9,1,0
6926,1,0.5525712966918945,5,5,1,1
6927,1,0.38388657569885254,5,5,1,0
6928,1,0.36094236373901367,6,6,1,0
6929,1,0.3036463260650635,4,6,0,0
6930,1,0.34534740447998047,1,1,1,0
6931,1,0.3483462333679199,9,9,1,0
6932,1,0.3033156394958496,9,9,1,0
6933,1,0.3085005283355713,6,6,1,0
6934,1,0.3538224697113037,4,4,1,0
6935,1,0.3490874767303467,3,3,1,0
6936,1,0.5844452381134033,0,0,1,1
6937,1,0.5772602558135986,3,3,1,1
6938,1,0.3509247303009033,8,8,1,0
6939,1,0.5813355445861816,7,7,1,1
6940,1,0.3329958915710449,1,1,1,0
6941,1,0.34905076026916504,6,6,1,0
6942,1,0.3743407726287842,8,8,1,0
6943,1,0.29923057556152344,1,1,1,0
6944,1,0.3443875312805176,6,6,1,0
6945,1,0.3407580852508545,9,9,1,0
6946,1,0.3508143424987793,9,9,1,0
6947,1,0.3949778079986572,7,4,0,0
6948,1,0.2645580768585205,3,3,1,0
6949,1,0.3081240653991699,5,5,1,0
6950,1,0.611621618270874,2,2,1,1
6951,1,0.6086561679840088,2,5,0,1
6952,1,0.32980942726135254,3,3,1,0
6953,1,0.3707277774810791,1,1,1,0
6954,1,0.3065476417541504,6,6,1,0
6955,1,0.34969115257263184,0,0,1,0
6956,1,0.29260706901550293,2,2,1,0
6957,1,0.31456565856933594,2,2,1,0
6958,1,0.6209585666656494,5,5,1,1
6959,1,0.3115537166595459,9,9,1,0
6960,1,0.325899600982666,5,5,1,0
6961,1,0.3694925308227539,1,1,1,0
6962,1,0.3935408592224121,6,6,1,0
6963,1,0.3080098628997803,8,8,1,0
6964,1,0.28971099853515625,1,1,1,0
6965,1,0.3724381923675537,1,9,0,0
6966,1,0.582991361618042,6,6,1,1
6967,1,0.34771728515625,5,5,1,0
6968,1,0.3274962902069092,1,1,1,0
6969,1,0.32760000228881836,0,0,1,0
6970,1,0.3015620708465576,4,4,1,0
6971,1,0.36084914207458496,1,1,1,0
6972,1,0.36609625816345215,2,2,1,0
6973,1,0.37760066986083984,6,6,1,0
6974,1,0.3756258487701416,8,8,1,0
6975,1,0.3174319267272949,0,0,1,0
6976,1,0.35306739807128906,6,6,1,0
6977,1,0.33437085151672363,4,4,1,0
6978,1,0.3119845390319824,3,3,1,0
6979,1,0.30191564559936523,4,4,1,0
6980,1,0.636528491973877,8,8,1,1
6981,1,0.3860018253326416,8,8,1,0
6982,1,0.3387637138366699,0,0,1,0
6983,1,0.30733752250671387,2,2,1,0
6984,1,0.35311198234558105,6,6,1,0
6985,1,0.35059356689453125,9,9,1,0
6986,1,0.3571183681488037,5,5,1,0
6987,1,0.6093635559082031,7,7,1,1
6988,1,0.33261919021606445,7,7,1,0
6989,1,0.3251967430114746,2,2,1,0
6990,1,0.6276917457580566,2,2,1,1
6991,1,0.31461048126220703,9,9,1,0
6992,1,0.35458970069885254,3,3,1,0
6993,1,0.3508298397064209,9,9,1,0
6994,1,0.3229367733001709,8,8,1,0
6995,1,0.5736913681030273,9,9,1,1
6996,1,0.5590486526489258,7,7,1,1
6997,1,0.3718585968017578,9,9,1,0
6998,1,0.5496113300323486,3,3,1,1
6999,1,0.37525272369384766,2,2,1,0
7000,1,0.34995245933532715,0,0,1,0
7001,1,0.9487388134002686,0,8,0,2
7002,1,0.30855822563171387,3,3,1,0
7003,1,0.31420230865478516,7,7,1,0
7004,1,0.3745908737182617,9,9,1,0
7005,1,0.3050863742828369,4,4,1,0
7006,1,0.3074023723602295,3,3,1,0
7007,1,0.3028106689453125,5,5,1,0
7008,1,0.5728504657745361,2,2,1,1
7009,1,0.3114969730377197,9,9,1,0
7010,1,0.3664834499359131,5,5,1,0
7011,1,0.2991173267364502,9,9,1,0
7012,1,0.3790740966796875,5,5,1,0
7013,1,0.30199408531188965,1,1,1,0
7014,1,0.38344669342041016,1,1,1,0
7015,1,0.3760857582092285,8,8,1,0
7016,1,0.342254638671875,8,8,1,0
7017,1,0.6623499393463135,4,4,1,1
7018,1,0.36730432510375977,6,6,1,0
7019,1,0.3211395740509033,2,2,1,0
7020,1,0.37793588638305664,1,1,1,0
7021,1,0.3073258399963379,6,6,1,0
7022,1,0.3722550868988037,4,4,1,0
7023,1,0.32020044326782227,0,0,1,0
7024,1,0.3001830577850342,1,1,1,0
7025,1,0.6201913356781006,0,0,1,1
7026,1,0.37653565406799316,3,3,1,0
7027,1,0.35532355308532715,6,6,1,0
7028,1,0.3496556282043457,2,2,1,0
7029,1,0.35191774368286133,6,6,1,0
7030,1,0.6285631656646729,4,4,1,1
7031,1,0.39771223068237305,7,7,1,0
7032,1,0.3083004951477051,1,1,1,0
7033,1,0.3517305850982666,6,6,1,0
7034,1,0.2617528438568115,3,3,1,0
7035,1,0.3926055431365967,1,1,1,0
7036,1,0.3507084846496582,1,1,1,0
7037,1,0.3072943687438965,0,0,1,0
7038,1,0.5807452201843262,3,3,1,1
7039,1,0.36911773681640625,1,1,1,0
7040,1,0.3021252155303955,0,0,1,0
7041,1,0.6027429103851318,5,5,1,1
7042,1,0.3193373680114746,3,3,1,0
7043,1,0.6203999519348145,2,2,1,1
7044,1,0.5502622127532959,3,3,1,1
7045,1,0.32609009742736816,0,0,1,0
7046,1,0.3505373001098633,1,1,1,0
7047,1,0.3285951614379883,6,6,1,0
7048,1,0.9049489498138428,1,1,1,2
7049,1,0.3033735752105713,1,1,1,0
7050,1,0.3526589870452881,4,4,1,0
7051,1,0.34647226333618164,4,4,1,0
7052,1,0.30149292945861816,2,2,1,0
7053,1,0.6325712203979492,3,3,1,1
7054,1,1.1422579288482666,2,3,0,3
7055,1,0.30382227897644043,1,1,1,0
7056,1,0.3668484687805176,4,4,1,0
7057,1,0.32208800315856934,8,8,1,0
7058,1,0.25893115997314453,9,9,1,0
7059,1,0.34351062774658203,2,2,1,0
7060,1,0.3454093933105469,7,7,1,0
7061,1,0.31726717948913574,7,7,1,0
7062,1,0.30717039108276367,1,0,0,0
7063,1,0.4258310794830322,3,3,1,0
7064,1,0.5407817363739014,6,6,1,1
7065,1,0.4524414539337158,4,4,1,0
7066,1,0.6204700469970703,5,3,0,1
7067,1,0.3646810054779053,9,9,1,0
7068,1,0.2985358238220215,2,2,1,0
7069,1,0.5403416156768799,6,6,1,1
7070,1,0.624279260635376,2,2,1,1
7071,1,0.32936668395996094,4,4,1,0
7072,1,0.5259461402893066,1,1,1,1
7073,1,0.6290957927703857,4,4,1,1
7074,1,0.5348751544952393,2,2,1,1
7075,1,0.3083615303039551,2,2,1,0
7076,1,0.3446981906890869,1,1,1,0
7077,1,0.34713220596313477,0,0,1,0
7078,1,0.5798130035400391,2,2,1,1
7079,1,0.37735843658447266,1,1,1,0
7080,1,0.3718278408050537,8,8,1,0
7081,1,0.3161036968231201,8,8,1,0
7082,1,0.3650386333465576,7,7,1,0
7083,1,0.32353973388671875,3,3,1,0
7084,1,0.3108823299407959,6,6,1,0
7085,1,0.5743973255157471,4,2,0,1
7086,1,0.3510103225708008,0,0,1,0
7087,1,0.26424431800842285,4,4,1,0
7088,1,0.338026762008667,2,2,1,0
7089,1,0.3346421718597412,5,5,1,0
7090,1,0.5868449211120605,0,0,1,1
7091,1,0.3291044235229492,1,1,1,0
7092,1,0.3442351818084717,2,2,1,0
7093,1,0.3668949604034424,0,0,1,0
7094,1,0.31005024909973145,6,6,1,0
7095,1,0.38043832778930664,4,4,1,0
7096,1,0.30597949028015137,3,3,1,0
7097,1,0.8297662734985352,0,0,1,2
7098,1,0.3841402530670166,0,0,1,0
7099,1,0.37111949920654297,1,1,1,0
7100,1,0.3144702911376953,4,4,1,0
7101,1,0.3540818691253662,2,2,1,0
7102,1,0.6099398136138916,4,4,1,1
7103,1,0.3085758686065674,3,3,1,0
7104,1,0.36785054206848145,8,8,1,0
7105,1,0.34726476669311523,0,0,1,0
7106,1,0.572871208190918,7,7,1,1
7107,1,0.5389060974121094,9,0,0,1
7108,1,0.3070681095123291,2,2,1,0
7109,1,0.3658132553100586,0,0,1,0
7110,1,0.3686652183532715,0,0,1,0
7111,1,0.31497812271118164,7,7,1,0
7112,1,0.3714413642883301,0,0,1,0
7113,1,0.33908605575561523,7,7,1,0
7114,1,0.5832045078277588,5,5,1,1
7115,1,0.6595690250396729,5,5,1,1
7116,1,0.3041346073150635,9,9,1,0
7117,1,0.3614997863769531,7,4,0,0
7118,1,0.3682825565338135,7,7,1,0
7119,1,0.3067808151245117,9,9,1,0
7120,1,0.3281066417694092,7,7,1,0
7121,1,0.6416723728179932,2,2,1,1
7122,1,0.3097093105316162,5,5,1,0
7123,1,0.3809666633605957,5,5,1,0
7124,1,0.30562472343444824,6,6,1,0
7125,1,0.5316705703735352,1,4,0,1
7126,1,0.33450770378112793,0,0,1,0
7127,1,0.3482024669647217,7,7,1,0
7128,1,0.33587050437927246,1,1,1,0
7129,1,0.5835340023040771,0,0,1,1
7130,1,0.29030537605285645,5,5,1,0
7131,1,0.3921480178833008,2,2,1,0
7132,1,0.5772998332977295,6,6,1,1
7133,1,0.9618570804595947,5,5,1,2
7134,1,0.3360781669616699,5,5,1,0
7135,1,0.587317705154419,4,7,0,1
7136,1,0.3103508949279785,1,1,1,0
7137,1,0.35317468643188477,5,3,0,0
7138,1,0.37276768684387207,0,7,0,0
7139,1,0.31545042991638184,0,0,1,0
7140,1,0.3631777763366699,8,8,1,0
7141,1,0.3231942653656006,9,9,1,0
7142,1,0.36229491233825684,2,2,1,0
7143,1,0.3706634044647217,2,2,1,0
7144,1,0.33193421363830566,3,3,1,0
7145,1,0.34563255310058594,5,5,1,0
7146,1,0.559683084487915,6,6,1,1
7147,1,0.37184858322143555,4,4,1,0
7148,1,0.5763919353485107,9,0,0,1
7149,1,0.3502464294433594,0,9,0,0
7150,1,0.5758993625640869,5,5,1,1
7151,1,0.3513298034667969,5,5,1,0
7152,1,0.34653759002685547,6,6,1,0
7153,1,0.31598424911499023,5,5,1,0
7154,1,0.6007800102233887,4,4,1,1
7155,1,0.6242997646331787,0,0,1,1
7156,1,0.37340450286865234,5,5,1,0
7157,1,0.34651851654052734,1,1,1,0
7158,1,0.30454587936401367,3,3,1,0
7159,1,0.3067774772644043,6,6,1,0
7160,1,0.357208251953125,0,0,1,0
7161,1,0.32715702056884766,7,7,1,0
7162,1,0.3448312282562256,7,7,1,0
7163,1,0.3182544708251953,7,7,1,0
7164,1,0.6073901653289795,5,3,0,1
7165,1,0.39948105812072754,4,4,1,0
7166,1,0.6232678890228271,0,8,0,1
7167,1,0.29941558837890625,3,3,1,0
7168,1,0.5943484306335449,2,6,0,1
7169,1,0.38434910774230957,9,9,1,0
7170,1,0.37467288970947266,6,6,1,0
7171,1,0.32565736770629883,5,5,1,0
7172,1,0.34980273246765137,7,7,1,0
7173,1,0.3433551788330078,9,9,1,0
7174,1,0.320432186126709,8,0,0,0
7175,1,0.3217813968658447,6,6,1,0
7176,1,0.6163411140441895,2,2,1,1
7177,1,0.34398794174194336,4,4,1,0
7178,1,0.32221102714538574,2,2,1,0
7179,1,0.36862945556640625,1,0,0,0
7180,1,0.31563568115234375,7,7,1,0
7181,1,0.3686535358428955,9,1,0,0
7182,1,0.3676426410675049,2,2,1,0
7183,1,0.5433039665222168,4,4,1,1
7184,1,0.7048883438110352,2,2,1,1
7185,1,0.3280909061431885,7,7,1,0
7186,1,0.551513671875,2,2,1,1
7187,1,0.2973146438598633,1,1,1,0
7188,1,0.3452432155609131,4,4,1,0
7189,1,0.32770800590515137,5,3,0,0
7190,1,0.31647443771362305,9,9,1,0
7191,1,0.3378276824951172,6,6,1,0
7192,1,0.32158994674682617,0,0,1,0
7193,1,0.3690049648284912,8,8,1,0
7194,1,0.3137052059173584,5,5,1,0
7195,1,0.3254368305206299,7,7,1,0
7196,1,0.3051738739013672,4,4,1,0
7197,1,0.3491189479827881,9,9,1,0
7198,1,0.32977867126464844,2,2,1,0
7199,1,0.3326089382171631,8,8,1,0
7200,1,0.8158812522888184,6,6,1,2
7201,1,0.34177255630493164,2,2,1,0
7202,1,0.40686798095703125,4,4,1,0
7203,1,0.3285834789276123,7,7,1,0
7204,1,0.3386414051055908,4,4,1,0
7205,1,0.719637393951416,9,9,1,1
7206,1,0.319394588470459,8,8,1,0
7207,1,0.6115531921386719,9,3,0,1
7208,1,0.37651896476745605,3,3,1,0
7209,1,0.516718864440918,4,4,1,1
7210,1,0.34018778800964355,4,4,1,0
7211,1,0.4923686981201172,0,0,1,1
7212,1,0.6665143966674805,5,5,1,1
7213,1,0.5757954120635986,2,2,1,1
7214,1,1.2068822383880615,1,1,1,3
7215,1,0.30532050132751465,5,5,1,0
7216,1,0.34282803535461426,8,8,1,0
7217,1,0.5787467956542969,7,7,1,1
7218,1,0.39452552795410156,7,7,1,0
7219,1,0.9511175155639648,3,4,0,2
7220,1,0.30773234367370605,2,2,1,0
7221,1,0.2611868381500244,7,7,1,0
7222,1,0.3018195629119873,0,0,1,0
7223,1,0.30034899711608887,0,0,1,0
7224,1,0.36659955978393555,9,9,1,0
7225,1,0.36478614807128906,8,8,1,0
7226,1,0.32273149490356445,2,2,1,0
7227,1,0.3690643310546875,3,3,1,0
7228,1,0.36977696418762207,0,0,1,0
7229,1,0.36745738983154297,4,4,1,0
7230,1,0.38040924072265625,6,6,1,0
7231,1,0.5084865093231201,3,3,1,1
7232,1,0.30413103103637695,0,0,1,0
7233,1,0.3409576416015625,6,6,1,0
7234,1,0.30185484886169434,3,4,0,0
7235,1,0.6065289974212646,4,4,1,1
7236,1,0.5887649059295654,0,0,1,1
7237,1,0.606987714767456,4,4,1,1
7238,1,0.3492887020111084,2,6,0,0
7239,1,0.3045616149902344,0,0,1,0
7240,1,0.3426856994628906,7,0,0,0
7241,1,0.29818201065063477,4,6,0,0
7242,1,0.3707106113433838,5,5,1,0
7243,1,0.3553774356842041,8,8,1,0
7244,1,0.5832350254058838,2,2,1,1
7245,1,0.9184062480926514,4,4,1,2
7246,1,0.37874841690063477,9,9,1,0
7247,1,0.30119919776916504,0,0,1,0
7248,1,0.30344080924987793,5,5,1,0
7249,1,0.34439611434936523,8,8,1,0
7250,1,0.33414292335510254,1,1,1,0
7251,1,0.298128604888916,4,4,1,0
7252,1,0.6319541931152344,2,2,1,1
7253,1,0.30864381790161133,1,1,1,0
7254,1,0.3775608539581299,5,3,0,0
7255,1,0.5677444934844971,4,4,1,1
7256,1,0.3570432662963867,5,5,1,0
7257,1,0.36580777168273926,3,3,1,0
7258,1,0.625044584274292,4,4,1,1
7259,1,0.3038768768310547,1,1,1,0
7260,1,0.5317997932434082,6,6,1,1
7261,1,0.3053131103515625,7,7,1,0
7262,1,0.34085750579833984,2,2,1,0
7263,1,0.34171485900878906,5,5,1,0
7264,1,0.33451104164123535,9,7,0,0
7265,1,0.361483097076416,7,7,1,0
7266,1,0.39594459533691406,7,7,1,0
7267,1,0.34988832473754883,4,2,0,0
7268,1,0.535449743270874,0,3,0,1
7269,1,0.3074686527252197,8,8,1,0
7270,1,0.39322566986083984,8,8,1,0
7271,1,0.28887057304382324,2,6,0,0
7272,1,0.39119648933410645,7,7,1,0
7273,1,0.36731386184692383,0,0,1,0
7274,1,0.31496596336364746,8,8,1,0
7275,1,0.31291985511779785,4,4,1,0
7276,1,0.34073400497436523,3,2,0,0
7277,1,0.31172752380371094,0,0,1,0
7278,1,0.36037182807922363,1,8,0,0
7279,1,0.33769845962524414,7,7,1,0
7280,1,0.3618888854980469,8,8,1,0
7281,1,0.3781578540802002,3,2,0,0
7282,1,0.3187720775604248,5,5,1,0
7283,1,0.29535889625549316,6,6,1,0
7284,1,0.376129150390625,2,2,1,0
7285,1,0.6038370132446289,4,4,1,1
7286,1,0.9344608783721924,8,8,1,2
7287,1,1.1475799083709717,7,7,1,3
7288,1,0.5333847999572754,3,3,1,1
7289,1,0.39353346824645996,2,2,1,0
7290,1,0.305804967880249,5,5,1,0
7291,1,0.3627748489379883,7,7,1,0
7292,1,0.36956286430358887,4,4,1,0
7293,1,0.3078629970550537,6,6,1,0
7294,1,0.3061037063598633,9,1,0,0
7295,1,0.350008487701416,9,9,1,0
7296,1,0.624279260635376,7,7,1,1
7297,1,0.3699641227722168,6,6,1,0
7298,1,0.37188720703125,0,0,1,0
7299,1,0.32016849517822266,2,2,1,0
7300,1,0.35263752937316895,7,7,1,0
7301,1,0.32121920585632324,7,7,1,0
7302,1,0.3711848258972168,8,8,1,0
7303,1,0.3737964630126953,5,3,0,0
7304,1,0.3391876220703125,9,9,1,0
7305,1,0.3437952995300293,8,8,1,0
7306,1,0.3672666549682617,4,4,1,0
7307,1,0.32277750968933105,4,4,1,0
7308,1,0.36023902893066406,8,8,1,0
7309,1,0.369340181350708,2,0,0,0
7310,1,0.31215333938598633,4,4,1,0
7311,1,0.29381418228149414,9,9,1,0
7312,1,0.646740198135376,6,6,1,1
7313,1,0.3437044620513916,9,9,1,0
7314,1,0.3645060062408447,8,8,1,0
7315,1,0.3432135581970215,1,1,1,0
7316,1,0.2619152069091797,3,5,0,0
7317,1,0.36874938011169434,5,5,1,0
7318,1,0.3612697124481201,4,4,1,0
7319,1,0.3222064971923828,4,4,1,0
7320,1,0.5393857955932617,5,5,1,1
7321,1,0.3063814640045166,1,1,1,0
7322,1,0.37561655044555664,4,4,1,0
7323,1,0.3525991439819336,4,4,1,0
7324,1,0.5866348743438721,7,7,1,1
7325,1,0.3336637020111084,6,6,1,0
7326,1,1.2269775867462158,8,8,1,3
7327,1,0.36913299560546875,4,4,1,0
7328,1,0.31476402282714844,3,3,1,0
7329,1,0.32182788848876953,8,8,1,0
7330,1,0.3451676368713379,7,7,1,0
7331,1,0.8737714290618896,2,2,1,2
7332,1,0.35759401321411133,5,5,1,0
7333,1,0.3627138137817383,3,3,1,0
7334,1,0.307645320892334,4,7,0,0
7335,1,0.33406567573547363,4,4,1,0
7336,1,0.34932708740234375,2,2,1,0
7337,1,0.30902767181396484,7,7,1,0
7338,1,0.3334927558898926,3,3,1,0
7339,1,0.3478713035583496,3,3,1,0
7340,1,0.3072521686553955,3,3,1,0
7341,1,0.3656461238861084,1,1,1,0
7342,1,0.5883641242980957,5,5,1,1
7343,1,0.3515448570251465,4,4,1,0
7344,1,0.3164360523223877,4,3,0,0
7345,1,0.3234841823577881,2,2,1,0
7346,1,0.302504301071167,9,9,1,0
7347,1,0.7031149864196777,2,2,1,1
7348,1,0.37478041648864746,1,1,1,0
7349,1,0.3266909122467041,9,9,1,0
7350,1,0.34660840034484863,5,5,1,0
7351,1,0.32012343406677246,2,2,1,0
7352,1,0.3719923496246338,3,3,1,0
7353,1,0.32025671005249023,3,3,1,0
7354,1,0.37514376640319824,2,2,1,0
7355,1,0.8416335582733154,5,5,1,2
7356,1,0.3875861167907715,3,3,1,0
7357,1,0.3789241313934326,8,8,1,0
7358,1,0.33631277084350586,3,0,0,0
7359,1,1.1598827838897705,0,0,1,3
7360,1,0.3058955669403076,3,3,1,0
7361,1,0.26529908180236816,6,6,1,0
7362,1,0.3512547016143799,2,2,1,0
7363,1,0.5758123397827148,5,3,0,1
7364,1,0.6255984306335449,4,7,0,1
7365,1,0.5860393047332764,4,4,1,1
7366,1,0.41014790534973145,1,1,1,0
7367,1,0.3102748394012451,9,9,1,0
7368,1,0.39942479133605957,4,5,0,0
7369,1,1.1096868515014648,3,6,0,3
7370,1,0.33137989044189453,9,9,1,0
7371,1,0.5760018825531006,9,9,1,1
7372,1,0.6161010265350342,7,7,1,1
7373,1,0.3519856929779053,4,4,1,0
7374,1,0.310596227645874,9,9,1,0
7375,1,0.3501253128051758,8,8,1,0
7376,1,0.3082578182220459,0,0,1,0
7377,1,0.5850913524627686,6,6,1,1
7378,1,0.392932653427124,1,1,1,0
7379,1,0.3417980670928955,2,2,1,0
7380,1,1.0106513500213623,1,1,1,2
7381,1,0.3570683002471924,2,2,1,0
7382,1,0.6465094089508057,0,0,1,1
7383,1,0.3773465156555176,8,8,1,0
7384,1,0.32923316955566406,9,9,1,0
7385,1,0.3518390655517578,3,3,1,0
7386,1,0.335740327835083,7,7,1,0
7387,1,0.30475878715515137,0,0,1,0
7388,1,0.3519570827484131,1,1,1,0
7389,1,0.4278590679168701,9,9,1,0
7390,1,0.3398902416229248,1,1,1,0
7391,1,0.6293652057647705,2,2,1,1
7392,1,0.3061947822570801,5,5,1,0
7393,1,0.3523998260498047,3,3,1,0
7394,1,0.3529667854309082,1,1,1,0
7395,1,0.3234283924102783,1,1,1,0
7396,1,0.32996463775634766,5,5,1,0
7397,1,0.3521449565887451,0,0,1,0
7398,1,0.378781795501709,4,2,0,0
7399,1,0.2909247875213623,0,0,1,0
7400,1,0.33736467361450195,4,4,1,0
7401,1,0.34737300872802734,6,6,1,0
7402,1,0.30211424827575684,9,9,1,0
7403,1,0.3509805202484131,4,4,1,0
7404,1,0.34983158111572266,3,3,1,0
7405,1,0.3441348075866699,7,7,1,0
7406,1,0.3013589382171631,5,5,1,0
7407,1,0.33964967727661133,9,9,1,0
7408,1,0.34775757789611816,3,3,1,0
7409,1,0.581676721572876,7,7,1,1
7410,1,0.3737316131591797,3,3,1,0
7411,1,0.29871129989624023,1,1,1,0
7412,1,0.36789917945861816,0,0,1,0
7413,1,0.361269474029541,1,1,1,0
7414,1,0.3193686008453369,1,9,0,0
7415,1,0.3653123378753662,3,3,1,0
7416,1,0.3212418556213379,6,3,0,0
7417,1,0.3302443027496338,4,4,1,0
7418,1,0.38495326042175293,8,8,1,0
7419,1,1.1592493057250977,3,7,0,3
7420,1,0.3034701347351074,3,3,1,0
7421,1,0.34394168853759766,3,2,0,0
7422,1,0.3081550598144531,7,7,1,0
7423,1,0.3477346897125244,3,5,0,0
7424,1,0.3417184352874756,8,8,1,0
7425,1,0.42542219161987305,4,4,1,0
7426,1,0.6004042625427246,4,2,0,1
7427,1,0.592219352722168,3,3,1,1
7428,1,0.3113136291503906,0,0,1,0
7429,1,0.3165261745452881,8,8,1,0
7430,1,0.36486053466796875,0,1,0,0
7431,1,0.40874147415161133,3,3,1,0
7432,1,0.5844242572784424,0,7,0,1
7433,1,0.5090126991271973,5,5,1,1
7434,1,0.41190075874328613,5,5,1,0
7435,1,0.34558796882629395,8,8,1,0
7436,1,0.30460262298583984,3,5,0,0
7437,1,0.3176875114440918,7,7,1,0
7438,1,0.3778526782989502,5,5,1,0
7439,1,0.37242794036865234,4,4,1,0
7440,1,0.3862748146057129,4,4,1,0
7441,1,0.3027987480163574,4,4,1,0
7442,1,0.3086819648742676,4,4,1,0
7443,1,0.7194521427154541,4,6,0,1
7444,1,0.29175424575805664,1,9,0,0
7445,1,0.6187527179718018,6,6,1,1
7446,1,0.32019639015197754,2,2,1,0
7447,1,0.32735514640808105,4,4,1,0
7448,1,0.6940884590148926,2,2,1,1
7449,1,0.5503692626953125,2,2,1,1
7450,1,0.3076517581939697,9,9,1,0
7451,1,0.5881531238555908,2,2,1,1
7452,1,0.30077147483825684,9,9,1,0
7453,1,0.3815286159515381,3,3,1,0
7454,1,0.5426268577575684,0,0,1,1
7455,1,0.3498725891113281,0,0,1,0
7456,1,0.35668253898620605,9,3,0,0
7457,1,0.29891419410705566,8,0,0,0
7458,1,0.37719297409057617,8,0,0,0
7459,1,0.6045377254486084,6,2,0,1
7460,1,0.36287999153137207,8,8,1,0
7461,1,0.5794119834899902,6,6,1,1
7462,1,0.3537559509277344,9,9,1,0
7463,1,0.35263800621032715,7,5,0,0
7464,1,0.34882640838623047,0,8,0,0
7465,1,0.3153977394104004,0,0,1,0
7466,1,0.29729199409484863,3,3,1,0
7467,1,0.42356348037719727,3,3,1,0
7468,1,0.49384093284606934,5,5,1,1
7469,1,0.3462553024291992,7,7,1,0
7470,1,0.3904759883880615,9,9,1,0
7471,1,1.137756109237671,3,5,0,3
7472,1,0.6179747581481934,4,2,0,1
7473,1,0.3712930679321289,4,4,1,0
7474,1,0.3480849266052246,0,0,1,0
7475,1,0.3587980270385742,6,6,1,0
7476,1,0.35330748558044434,3,3,1,0
7477,1,0.5322048664093018,2,2,1,1
7478,1,0.36063194274902344,6,6,1,0
7479,1,0.3658430576324463,4,4,1,0
7480,1,0.3172643184661865,5,5,1,0
7481,1,0.6412434577941895,3,3,1,1
7482,1,0.3128783702850342,7,7,1,0
7483,1,0.34874391555786133,2,2,1,0
7484,1,0.3395881652832031,1,1,1,0
7485,1,0.37719035148620605,9,9,1,0
7486,1,0.37500953674316406,1,1,1,0
7487,1,0.6401853561401367,0,2,0,1
7488,1,0.32065629959106445,1,1,1,0
7489,1,0.6177024841308594,5,5,1,1
7490,1,1.005985975265503,7,7,1,2
7491,1,0.37687182426452637,6,6,1,0
7492,1,0.8726730346679688,2,5,0,2
7493,1,0.6023671627044678,2,2,1,1
7494,1,0.5580000877380371,4,4,1,1
7495,1,0.3494877815246582,4,4,1,0
7496,1,0.534930944442749,6,6,1,1
7497,1,0.3652377128601074,5,5,1,0
7498,1,0.894538402557373,8,8,1,2
7499,1,0.311981201171875,4,4,1,0
7500,1,0.3728609085083008,5,5,1,0
7501,1,0.35416698455810547,7,7,1,0
7502,1,0.3464322090148926,3,3,1,0
7503,1,0.6591191291809082,0,0,1,1
7504,1,0.6357827186584473,4,2,0,1
7505,1,0.2980320453643799,3,3,1,0
7506,1,0.3388655185699463,6,6,1,0
7507,1,0.3514671325683594,6,6,1,0
7508,1,0.6188638210296631,7,7,1,1
7509,1,0.32169127464294434,0,0,1,0
7510,1,0.36818432807922363,4,4,1,0
7511,1,0.37392497062683105,3,3,1,0
7512,1,0.3475825786590576,9,9,1,0
7513,1,0.35206127166748047,7,7,1,0
7514,1,0.34879088401794434,8,8,1,0
7515,1,0.5779201984405518,6,5,0,1
7516,1,0.30933141708374023,4,4,1,0
7517,1,0.29765820503234863,4,4,1,0
7518,1,0.44983816146850586,7,7,1,0
7519,1,0.311342716217041,4,4,1,0
7520,1,0.30457019805908203,9,9,1,0
7521,1,0.385333776473999,4,4,1,0
7522,1,0.3444690704345703,4,4,1,0
7523,1,0.34640026092529297,1,1,1,0
7524,1,0.29851317405700684,6,6,1,0
7525,1,0.3906993865966797,4,4,1,0
7526,1,0.340470552444458,9,9,1,0
7527,1,0.2983226776123047,0,8,0,0
7528,1,0.30707311630249023,3,3,1,0
7529,1,0.6194911003112793,6,6,1,1
7530,1,0.3310050964355469,2,2,1,0
7531,1,0.34815311431884766,9,9,1,0
7532,1,0.4886515140533447,7,7,1,1
7533,1,0.29960131645202637,3,5,0,0
7534,1,0.29624056816101074,8,8,1,0
7535,1,0.7006709575653076,5,5,1,1
7536,1,0.5536370277404785,2,4,0,1
7537,1,0.37334465980529785,1,1,1,0
7538,1,0.6149301528930664,5,3,0,1
7539,1,0.3528754711151123,1,1,1,0
7540,1,0.29872703552246094,9,8,0,0
7541,1,0.34938478469848633,0,0,1,0
7542,1,0.3775143623352051,6,6,1,0
7543,1,0.3640270233154297,3,3,1,0
7544,1,0.37134242057800293,5,5,1,0
7545,1,0.38187432289123535,4,4,1,0
7546,1,0.290799617767334,4,4,1,0
7547,1,0.34768009185791016,2,2,1,0
7548,1,0.5607929229736328,2,2,1,1
7549,1,0.5966522693634033,1,1,1,1
7550,1,0.3342928886413574,6,6,1,0
7551,1,0.30782508850097656,1,1,1,0
7552,1,0.3948509693145752,9,9,1,0
7553,1,0.31028008460998535,2,2,1,0
7554,1,0.36814236640930176,4,4,1,0
7555,1,0.38478565216064453,0,0,1,0
7556,1,0.3736603260040283,1,1,1,0
7557,1,0.5841948986053467,0,0,1,1
7558,1,0.3130345344543457,7,7,1,0
7559,1,0.32741665840148926,9,9,1,0
7560,1,0.31470799446105957,8,8,1,0
7561,1,0.3737454414367676,9,9,1,0
7562,1,0.34096860885620117,9,9,1,0
7563,1,0.3908228874206543,1,1,1,0
7564,1,0.6039350032806396,6,6,1,1
7565,1,0.3044109344482422,9,9,1,0
7566,1,0.38852763175964355,4,4,1,0
7567,1,0.39087843894958496,4,7,0,0
7568,1,0.3494575023651123,6,6,1,0
7569,1,0.2942171096801758,8,8,1,0
7570,1,0.3417212963104248,9,9,1,0
7571,1,0.34293293952941895,8,8,1,0
7572,1,0.29172587394714355,0,0,1,0
7573,1,0.3075528144836426,0,0,1,0
7574,1,0.3396265506744385,4,7,0,0
7575,1,0.6750445365905762,0,0,1,1
7576,1,0.33979105949401855,9,1,0,0
7577,1,0.35149407386779785,1,1,1,0
7578,1,0.3861052989959717,3,4,0,0
7579,1,0.3016664981842041,9,1,0,0
7580,1,0.38866686820983887,8,8,1,0
7581,1,0.3011603355407715,4,4,1,0
7582,1,0.5269217491149902,0,7,0,1
7583,1,0.3765678405761719,4,4,1,0
7584,1,1.175832748413086,7,7,1,3
7585,1,0.38539862632751465,3,5,0,0
7586,1,0.29494476318359375,6,6,1,0
7587,1,0.33429789543151855,5,5,1,0
7588,1,1.2093837261199951,3,7,0,3
7589,1,0.34192681312561035,5,5,1,0
7590,1,0.5546472072601318,4,6,0,1
7591,1,0.3618588447570801,8,8,1,0
7592,1,0.6071574687957764,2,2,1,1
7593,1,0.3221280574798584,4,4,1,0
7594,1,0.558218240737915,5,5,1,1
7595,1,0.4335517883300781,3,3,1,0
7596,1,0.32104015350341797,3,3,1,0
7597,1,0.3302626609802246,8,8,1,0
7598,1,0.3007009029388428,0,8,0,0
7599,1,0.3446378707885742,4,4,1,0
7600,1,0.3504805564880371,8,8,1,0
7601,1,0.34839963912963867,0,8,0,0
7602,1,0.6205904483795166,3,3,1,1
7603,1,0.3051919937133789,3,3,1,0
7604,1,0.37811708450317383,6,6,1,0
7605,1,0.32018399238586426,0,0,1,0
7606,1,0.3451383113861084,7,7,1,0
7607,1,0.3371882438659668,4,4,1,0
7608,1,0.3416438102722168,8,8,1,0
7609,1,0.36753368377685547,5,5,1,0
7610,1,0.3640143871307373,4,4,1,0
7611,1,0.3104269504547119,9,9,1,0
7612,1,0.3747749328613281,7,7,1,0
7613,1,0.37283921241760254,6,6,1,0
7614,1,0.47591471672058105,2,4,0,1
7615,1,0.6269943714141846,5,5,1,1
7616,1,0.8706486225128174,3,0,0,2
7617,1,0.3063938617706299,8,8,1,0
7618,1,0.34661865234375,3,3,1,0
7619,1,0.296328067779541,0,0,1,0
7620,1,0.3718273639678955,9,9,1,0
7621,1,0.29980897903442383,4,4,1,0
7622,1,0.3395209312438965,0,0,1,0
7623,1,0.26750683784484863,2,2,1,0
7624,1,0.3764936923980713,0,0,1,0
7625,1,0.3798494338989258,7,7,1,0
7626,1,0.3062608242034912,1,1,1,0
7627,1,0.3694627285003662,3,5,0,0
7628,1,0.30711793899536133,2,2,1,0
7629,1,0.3613564968109131,2,2,1,0
7630,1,0.32909488677978516,9,9,1,0
7631,1,0.3571774959564209,8,8,1,0
7632,1,0.3277275562286377,5,5,1,0
7633,1,0.9280712604522705,2,2,1,2
7634,1,0.348588228225708,6,6,1,0
7635,1,0.31302714347839355,7,7,1,0
7636,1,0.371248722076416,3,3,1,0
7637,1,0.3516504764556885,8,8,1,0
7638,1,0.34464335441589355,4,4,1,0
7639,1,0.36638307571411133,2,2,1,0
7640,1,0.3624606132507324,3,3,1,0
7641,1,0.9675953388214111,5,2,0,2
7642,1,0.361067533493042,0,0,1,0
7643,1,0.5158698558807373,2,2,1,1
7644,1,0.34780287742614746,6,6,1,0
7645,1,0.5695524215698242,2,2,1,1
7646,1,0.3126070499420166,1,1,1,0
7647,1,0.3712618350982666,0,0,1,0
7648,1,0.3231968879699707,1,1,1,0
7649,1,0.36610937118530273,1,1,1,0
7650,1,0.6041040420532227,5,5,1,1
7651,1,0.3518364429473877,4,4,1,0
7652,1,0.6189894676208496,2,2,1,1
7653,1,0.5690350532531738,7,7,1,1
7654,1,0.3153235912322998,4,3,0,0
7655,1,0.3723137378692627,9,9,1,0
7656,1,0.3567657470703125,7,7,1,0
7657,1,0.3199739456176758,8,8,1,0
7658,1,0.5457417964935303,0,5,0,1
7659,1,0.7055521011352539,2,2,1,1
7660,1,0.5545191764831543,3,5,0,1
7661,1,0.3744392395019531,0,8,0,0
7662,1,0.3489847183227539,9,9,1,0
7663,1,0.6264784336090088,0,0,1,1
7664,1,0.5606024265289307,0,7,0,1
7665,1,0.3320636749267578,9,9,1,0
7666,1,0.3726356029510498,0,0,1,0
7667,1,0.5123918056488037,6,6,1,1
7668,1,0.3503546714782715,3,3,1,0
7669,1,0.613802433013916,5,5,1,1
7670,1,0.6096327304840088,4,4,1,1
7671,1,0.307034969329834,8,8,1,0
7672,1,0.32277917861938477,9,9,1,0
7673,1,0.3705916404724121,9,9,1,0
7674,1,0.34494614601135254,0,0,1,0
7675,1,0.31017565727233887,0,0,1,0
7676,1,0.35786986351013184,9,9,1,0
7677,1,0.37081265449523926,1,1,1,0
7678,1,0.33414649963378906,4,4,1,0
7679,1,0.5885114669799805,6,6,1,1
7680,1,0.3335232734680176,0,0,1,0
7681,1,0.5478999614715576,5,5,1,1
7682,1,0.3144509792327881,7,7,1,0
7683,1,0.37502312660217285,2,2,1,0
7684,1,0.33284425735473633,9,9,1,0
7685,1,0.30878210067749023,4,4,1,0
7686,1,0.34305357933044434,5,5,1,0
7687,1,0.3022594451904297,1,1,1,0
7688,1,0.3697521686553955,6,6,1,0
7689,1,0.35663390159606934,0,0,1,0
7690,1,0.32910966873168945,5,5,1,0
7691,1,0.35518741607666016,9,9,1,0
7692,1,0.6458635330200195,4,6,0,1
7693,1,0.5488038063049316,0,6,0,1
7694,1,0.3108639717102051,0,0,1,0
7695,1,0.371868371963501,5,5,1,0
7696,1,0.34856414794921875,0,0,1,0
7697,1,0.3417994976043701,4,4,1,0
7698,1,0.3455469608306885,1,1,1,0
7699,1,0.3461489677429199,1,1,1,0
7700,1,0.30362486839294434,7,7,1,0
7701,1,0.3611161708831787,4,4,1,0
7702,1,0.36872434616088867,0,0,1,0
7703,1,0.6124980449676514,0,0,1,1
7704,1,0.3500494956970215,4,4,1,0
7705,1,0.3447723388671875,2,2,1,0
7706,1,0.5556755065917969,3,3,1,1
7707,1,0.34686899185180664,9,9,1,0
7708,1,0.30409812927246094,1,1,1,0
7709,1,0.39371514320373535,6,6,1,0
7710,1,0.37870192527770996,8,8,1,0
7711,1,0.36623048782348633,2,4,0,0
7712,1,0.37472081184387207,0,0,1,0
7713,1,0.36995792388916016,0,0,1,0
7714,1,0.3026745319366455,3,3,1,0
7715,1,0.38001203536987305,2,2,1,0
7716,1,0.3044426441192627,3,3,1,0
7717,1,0.29814624786376953,9,8,0,0
7718,1,0.3711519241333008,1,1,1,0
7719,1,0.30588388442993164,1,1,1,0
7720,1,1.1856050491333008,0,2,0,3
7721,1,0.3090953826904297,0,0,1,0
7722,1,0.31435084342956543,8,8,1,0
7723,1,0.36684298515319824,5,5,1,0
7724,1,0.37017321586608887,2,2,1,0
7725,1,0.6547019481658936,2,2,1,1
7726,1,0.5415463447570801,9,9,1,1
7727,1,0.30805325508117676,6,6,1,0
7728,1,0.5851225852966309,2,5,0,1
7729,1,0.3873419761657715,1,1,1,0
7730,1,0.36298155784606934,6,6,1,0
7731,1,0.31467103958129883,5,5,1,0
7732,1,0.5479891300201416,2,2,1,1
7733,1,0.6212561130523682,5,5,1,1
7734,1,0.63539719581604,4,8,0,1
7735,1,0.511054277420044,5,5,1,1
7736,1,0.3031134605407715,9,9,1,0
7737,1,0.3492238521575928,0,0,1,0
7738,1,0.3300137519836426,0,0,1,0
7739,1,0.36649060249328613,9,9,1,0
7740,1,0.32454466819763184,7,7,1,0
7741,1,0.37293028831481934,1,1,1,0
7742,1,0.32210397720336914,8,8,1,0
7743,1,0.5557620525360107,3,3,1,1
7744,1,0.38499927520751953,1,1,1,0
7745,1,0.3093414306640625,0,0,1,0
7746,1,0.3763437271118164,7,7,1,0
7747,1,0.312192440032959,1,1,1,0
7748,1,0.3910949230194092,0,0,1,0
7749,1,0.37007617950439453,6,6,1,0
7750,1,0.30691981315612793,8,8,1,0
7751,1,0.3637995719909668,6,6,1,0
7752,1,0.40014100074768066,2,4,0,0
7753,1,0.33426928520202637,0,8,0,0
7754,1,0.37596631050109863,8,8,1,0
7755,1,0.3662240505218506,3,3,1,0
7756,1,0.3524491786956787,2,2,1,0
7757,1,0.3510615825653076,4,4,1,0
7758,1,0.3536558151245117,5,3,0,0
7759,1,0.2658236026763916,9,9,1,0
7760,1,0.6671357154846191,1,1,1,1
7761,1,0.5468072891235352,5,5,1,1
7762,1,0.30313754081726074,1,1,1,0
7763,1,0.8938288688659668,8,8,1,2
7764,1,0.348463773727417,1,1,1,0
7765,1,0.3784327507019043,1,1,1,0
7766,1,0.58551025390625,8,8,1,1
7767,1,0.3537633419036865,6,6,1,0
7768,1,0.3863952159881592,7,7,1,0
7769,1,0.821173906326294,7,7,1,2
7770,1,0.3813450336456299,3,3,1,0
7771,1,0.4024770259857178,6,6,1,0
7772,1,0.3098726272583008,3,3,1,0
7773,1,0.3052482604980469,2,2,1,0
7774,1,0.9184026718139648,6,6,1,2
7775,1,0.387073278427124,4,4,1,0
7776,1,0.3628225326538086,9,9,1,0
7777,1,0.6275193691253662,4,3,0,1
7778,1,0.37841129302978516,1,9,0,0
7779,1,0.3289048671722412,2,2,1,0
7780,1,0.959130048751831,6,6,1,2
7781,1,0.32724523544311523,2,2,1,0
7782,1,0.3147459030151367,3,3,1,0
7783,1,0.3159775733947754,9,9,1,0
7784,1,0.34835100173950195,9,9,1,0
7785,1,0.26107048988342285,7,7,1,0
7786,1,0.3008286952972412,1,1,1,0
7787,1,0.3824172019958496,2,2,1,0
7788,1,0.6280100345611572,0,0,1,1
7789,1,0.4293241500854492,9,9,1,0
7790,1,0.30783915519714355,9,9,1,0
7791,1,0.9622008800506592,6,6,1,2
7792,1,0.3110790252685547,1,1,1,0
7793,1,0.3758203983306885,1,1,1,0
7794,1,0.29685163497924805,9,9,1,0
7795,1,0.3498392105102539,8,8,1,0
7796,1,0.5366995334625244,8,8,1,1
7797,1,1.160949945449829,3,3,1,3
7798,1,0.5835988521575928,4,4,1,1
7799,1,0.35309648513793945,4,4,1,0
7800,1,0.30681300163269043,2,2,1,0
7801,1,0.6667459011077881,6,6,1,1
7802,1,0.3362860679626465,0,0,1,0
7803,1,0.5899083614349365,9,9,1,1
7804,1,0.8948647975921631,7,7,1,2
7805,1,0.34778428077697754,3,5,0,0
7806,1,0.3498997688293457,0,0,1,0
7807,1,0.3416635990142822,6,6,1,0
7808,1,0.35399627685546875,3,3,1,0
7809,1,0.3740065097808838,3,6,0,0
7810,1,0.3712010383605957,3,9,0,0
7811,1,0.5501790046691895,5,5,1,1
7812,1,0.26694798469543457,8,8,1,0
7813,1,0.3900911808013916,9,9,1,0
7814,1,0.5766844749450684,5,5,1,1
7815,1,0.3383607864379883,4,4,1,0
7816,1,0.3636043071746826,9,9,1,0
7817,1,0.5912177562713623,4,4,1,1
7818,1,0.3363382816314697,6,6,1,0
7819,1,0.35547733306884766,4,4,1,0
7820,1,1.1002545356750488,5,5,1,3
7821,1,0.3836703300476074,6,6,1,0
7822,1,0.6253161430358887,5,5,1,1
7823,1,0.31227612495422363,8,8,1,0
7824,1,0.37852001190185547,4,3,0,0
7825,1,1.2291970252990723,2,2,1,3
7826,1,0.3027775287628174,1,1,1,0
7827,1,0.37419867515563965,0,8,0,0
7828,1,0.30585169792175293,5,5,1,0
7829,1,0.35430121421813965,9,9,1,0
7830,1,0.35925936698913574,0,0,1,0
7831,1,0.31207776069641113,5,5,1,0
7832,1,0.3347494602203369,6,6,1,0
7833,1,0.39473390579223633,4,6,0,0
7834,1,0.6046304702758789,3,3,1,1
7835,1,0.9105429649353027,7,7,1,2
7836,1,0.37007808685302734,1,1,1,0
7837,1,0.6208019256591797,8,8,1,1
7838,1,0.37828803062438965,9,9,1,0
7839,1,0.34839749336242676,4,7,0,0
7840,1,0.6228766441345215,7,7,1,1
7841,1,0.3461775779724121,7,7,1,0
7842,1,0.3367950916290283,7,7,1,0
7843,1,0.37851738929748535,7,7,1,0
7844,1,0.3693678379058838,7,7,1,0
7845,1,0.3085486888885498,9,9,1,0
7846,1,0.32897019386291504,0,0,1,0
7847,1,0.38250017166137695,9,9,1,0
7848,1,0.3834340572357178,5,5,1,0
7849,1,0.37811970710754395,9,9,1,0
7850,1,0.320789098739624,0,0,1,0
7851,1,0.6531360149383545,5,5,1,1
7852,1,0.36237215995788574,6,6,1,0
7853,1,0.3719460964202881,1,1,1,0
7854,1,0.32137322425842285,8,4,0,0
7855,1,0.3748209476470947,1,1,1,0
7856,1,0.379772424697876,9,1,0,0
7857,1,0.5463497638702393,2,2,1,1
7858,1,0.3326089382171631,9,9,1,0
7859,1,0.387951135635376,2,2,1,0
7860,1,0.34403133392333984,2,2,1,0
7861,1,0.6394774913787842,9,2,0,1
7862,1,0.32721662521362305,4,4,1,0
7863,1,0.35195350646972656,6,6,1,0
7864,1,0.3299448490142822,1,1,1,0
7865,1,0.34764552116394043,3,3,1,0
7866,1,0.3533751964569092,3,3,1,0
7867,1,0.3527381420135498,5,5,1,0
7868,1,0.5643017292022705,7,7,1,1
7869,1,0.3495666980743408,8,8,1,0
7870,1,1.1387648582458496,5,5,1,3
7871,1,0.5612103939056396,2,2,1,1
7872,1,0.3098735809326172,7,7,1,0
7873,1,0.4299583435058594,4,4,1,0
7874,1,0.3428518772125244,7,7,1,0
7875,1,0.3520832061767578,0,0,1,0
7876,1,0.3101308345794678,8,8,1,0
7877,1,0.970695972442627,2,3,0,2
7878,1,0.35315799713134766,7,7,1,0
7879,1,0.35495901107788086,3,3,1,0
7880,1,0.3526465892791748,5,5,1,0
7881,1,0.3524484634399414,3,3,1,0
7882,1,0.3399341106414795,7,7,1,0
7883,1,0.3108038902282715,6,6,1,0
7884,1,0.43149733543395996,0,0,1,0
7885,1,0.5454854965209961,4,2,0,1
7886,1,0.37066054344177246,1,1,1,0
7887,1,0.5790154933929443,9,3,0,1
7888,1,1.1237030029296875,6,2,0,3
7889,1,0.5626416206359863,6,6,1,1
7890,1,0.41432642936706543,8,8,1,0
7891,1,0.3099241256713867,0,0,1,0
7892,1,0.3505864143371582,3,3,1,0
7893,1,0.37471890449523926,4,3,0,0
7894,1,0.3304586410522461,2,2,1,0
7895,1,0.3294203281402588,8,8,1,0
7896,1,0.3454141616821289,7,7,1,0
7897,1,0.49396395683288574,3,3,1,1
7898,1,0.3775486946105957,6,6,1,0
7899,1,0.34778475761413574,5,5,1,0
7900,1,0.32446932792663574,4,4,1,0
7901,1,0.5938236713409424,5,5,1,1
7902,1,0.6111593246459961,3,3,1,1
7903,1,0.3755319118499756,4,4,1,0
7904,1,0.3322873115539551,3,3,1,0
7905,1,0.30490541458129883,3,6,0,0
7906,1,0.5315349102020264,7,7,1,1
7907,1,0.3923048973083496,4,4,1,0
7908,1,0.6189744472503662,1,1,1,1
7909,1,0.3759124279022217,9,9,1,0
7910,1,0.26801633834838867,8,8,1,0
7911,1,0.3961508274078369,1,1,1,0
7912,1,0.3038945198059082,8,8,1,0
7913,1,0.3456096649169922,9,9,1,0
7914,1,0.62998366355896,2,2,1,1
7915,1,0.4834723472595215,4,6,0,1
7916,1,0.3492128849029541,2,2,1,0
7917,1,0.6430644989013672,5,5,1,1
7918,1,1.1796715259552002,3,0,0,3
7919,1,0.600750207901001,4,4,1,1
7920,1,0.33173036575317383,0,0,1,0
7921,1,0.3190906047821045,9,9,1,0
7922,1,0.4412693977355957,8,8,1,0
7923,1,0.33008551597595215,8,8,1,0
7924,1,0.3014953136444092,8,0,0,0
7925,1,0.3513643741607666,6,6,1,0
7926,1,0.5652086734771729,4,3,0,1
7927,1,0.9347426891326904,4,4,1,2
7928,1,0.36989665031433105,1,1,1,0
7929,1,0.30993008613586426,3,3,1,0
7930,1,0.3146512508392334,5,5,1,0
7931,1,0.3507049083709717,0,0,1,0
7932,1,0.3451387882232666,9,9,1,0
7933,1,0.3459444046020508,2,2,1,0
7934,1,0.34057044982910156,1,1,1,0
7935,1,0.615760087966919,3,3,1,1
7936,1,0.5807070732116699,7,7,1,1
7937,1,0.3590879440307617,0,0,1,0
7938,1,0.33404016494750977,0,1,0,0
7939,1,0.3467679023742676,0,0,1,0
7940,1,0.3856790065765381,6,6,1,0
7941,1,0.36983370780944824,1,1,1,0
7942,1,0.2782628536224365,9,9,1,0
7943,1,0.3481130599975586,5,5,1,0
7944,1,0.5518465042114258,5,3,0,1
7945,1,0.33115649223327637,4,4,1,0
7946,1,0.2881033420562744,0,8,0,0
7947,1,0.3601834774017334,9,9,1,0
7948,1,0.5116164684295654,5,5,1,1
7949,1,0.33496952056884766,6,6,1,0
7950,1,0.36260271072387695,8,8,1,0
7951,1,0.3304564952850342,2,2,1,0
7952,1,0.5878889560699463,1,8,0,1
7953,1,0.35395240783691406,3,3,1,0
7954,1,0.5660278797149658,2,2,1,1
7955,1,0.5875351428985596,2,2,1,1
7956,1,0.348646879196167,5,5,1,0
7957,1,0.36756348609924316,1,1,1,0
7958,1,0.6419951915740967,5,5,1,1
7959,1,0.3326289653778076,6,6,1,0
7960,1,0.3525550365447998,6,6,1,0
7961,1,0.5738511085510254,2,2,1,1
7962,1,0.39638352394104004,1,1,1,0
7963,1,0.35066771507263184,0,0,1,0
7964,1,0.6107656955718994,4,7,0,1
7965,1,0.2628798484802246,9,8,0,0
7966,1,0.35097742080688477,6,6,1,0
7967,1,0.37624597549438477,5,5,1,0
7968,1,0.3359544277191162,4,4,1,0
7969,1,0.596621036529541,5,5,1,1
7970,1,0.3329896926879883,1,1,1,0
7971,1,0.34725284576416016,2,2,1,0
7972,1,0.37425684928894043,4,4,1,0
7973,1,0.307481050491333,1,1,1,0
7974,1,0.5583450794219971,0,0,1,1
7975,1,0.31867122650146484,6,6,1,0
7976,1,0.39511919021606445,2,2,1,0
7977,1,0.36453723907470703,4,4,1,0
7978,1,0.5508942604064941,2,4,0,1
7979,1,0.37828540802001953,2,2,1,0
7980,1,0.9382872581481934,7,7,1,2
7981,1,0.36949992179870605,7,7,1,0
7982,1,0.3188343048095703,4,2,0,0
7983,1,0.3464512825012207,2,2,1,0
7984,1,0.3236212730407715,4,4,1,0
7985,1,0.32569408416748047,3,5,0,0
7986,1,0.6147797107696533,4,5,0,1
7987,1,0.31105470657348633,1,1,1,0
7988,1,0.5635321140289307,4,4,1,1
7989,1,0.3511948585510254,6,6,1,0
7990,1,0.2970139980316162,2,2,1,0
7991,1,0.9774737358093262,2,2,1,2
7992,1,0.30526280403137207,8,8,1,0
7993,1,0.36960506439208984,4,4,1,0
7994,1,0.29277896881103516,0,0,1,0
7995,1,0.3200349807739258,3,3,1,0
7996,1,1.0065059661865234,3,3,1,2
7997,1,0.3536856174468994,2,2,1,0
7998,1,0.3226635456085205,5,5,1,0
7999,1,0.3489079475402832,4,6,0,0
8000,1,0.30684995651245117,8,8,1,0
8001,1,0.3038783073425293,7,7,1,0
8002,1,0.31973791122436523,1,1,1,0
8003,1,0.30456066131591797,9,9,1,0
8004,1,0.6124916076660156,4,3,0,1
8005,1,0.6311633586883545,6,6,1,1
8006,1,0.3084297180175781,9,9,1,0
8007,1,0.3720052242279053,0,0,1,0
8008,1,0.3149268627166748,0,0,1,0
8009,1,0.3452162742614746,5,5,1,0
8010,1,0.35036206245422363,8,8,1,0
8011,1,0.3402717113494873,4,4,1,0
8012,1,0.3103368282318115,7,7,1,0
8013,1,0.33202123641967773,4,4,1,0
8014,1,0.3450906276702881,9,9,1,0
8015,1,0.359513521194458,4,4,1,0
8016,1,0.3798964023590088,0,0,1,0
8017,1,0.37418508529663086,8,8,1,0
8018,1,0.3280353546142578,0,0,1,0
8019,1,0.3445775508880615,0,0,1,0
8020,1,0.29147791862487793,4,4,1,0
8021,1,0.29227471351623535,3,3,1,0
8022,1,0.291348934173584,6,6,1,0
8023,1,0.30381155014038086,0,0,1,0
8024,1,0.42620038986206055,3,3,1,0
8025,1,0.3512852191925049,0,0,1,0
8026,1,0.3084723949432373,5,5,1,0
8027,1,0.3909745216369629,8,8,1,0
8028,1,0.343184232711792,8,8,1,0
8029,1,0.3528749942779541,5,5,1,0
8030,1,0.34443140029907227,4,4,1,0
8031,1,0.30397748947143555,0,2,0,0
8032,1,0.3244600296020508,9,9,1,0
8033,1,0.5447056293487549,5,5,1,1
8034,1,0.3825235366821289,1,1,1,0
8035,1,0.30651402473449707,8,8,1,0
8036,1,0.3659346103668213,2,2,1,0
8037,1,0.3183588981628418,1,1,1,0
8038,1,0.3584885597229004,8,8,1,0
8039,1,0.41428279876708984,7,7,1,0
8040,1,0.33948206901550293,8,8,1,0
8041,1,0.34408020973205566,7,7,1,0
8042,1,0.5725500583648682,7,5,0,1
8043,1,0.3373289108276367,8,8,1,0
8044,1,0.34932804107666016,4,2,0,0
8045,1,0.3472914695739746,0,0,1,0
8046,1,0.3079349994659424,5,5,1,0
8047,1,0.3400561809539795,4,7,0,0
8048,1,0.3656795024871826,6,6,1,0
8049,1,0.3103921413421631,3,3,1,0
8050,1,0.6350717544555664,7,7,1,1
8051,1,0.30982518196105957,5,5,1,0
8052,1,0.30457282066345215,1,1,1,0
8053,1,0.3184504508972168,8,8,1,0
8054,1,0.30365562438964844,4,4,1,0
8055,1,0.3247087001800537,9,9,1,0
8056,1,0.3479905128479004,9,9,1,0
8057,1,0.3083200454711914,9,9,1,0
8058,1,0.33310532569885254,7,7,1,0
8059,1,0.3792695999145508,9,9,1,0
8060,1,0.31969380378723145,0,0,1,0
8061,1,0.35259175300598145,4,4,1,0
8062,1,0.3300750255584717,3,3,1,0
8063,1,0.3486649990081787,7,7,1,0
8064,1,0.7095999717712402,4,4,1,1
8065,1,0.28876829147338867,0,0,1,0
8066,1,1.1791141033172607,2,3,0,3
8067,1,0.5524230003356934,6,6,1,1
8068,1,0.291048526763916,3,3,1,0
8069,1,0.3756248950958252,0,0,1,0
8070,1,0.3397960662841797,5,2,0,0
8071,1,0.3053429126739502,7,7,1,0
8072,1,0.34447312355041504,9,9,1,0
8073,1,0.34863853454589844,8,8,1,0
8074,1,0.35021209716796875,7,7,1,0
8075,1,0.34629344940185547,8,8,1,0
8076,1,0.5766968727111816,4,4,1,1
8077,1,0.3344554901123047,5,5,1,0
8078,1,0.3522176742553711,3,3,1,0
8079,1,0.6206169128417969,3,3,1,1
8080,1,0.3505077362060547,6,6,1,0
8081,1,0.3053910732269287,4,4,1,0
8082,1,0.3520841598510742,1,1,1,0
8083,1,0.37152600288391113,3,3,1,0
8084,1,0.34671783447265625,8,8,1,0
8085,1,0.3333396911621094,6,6,1,0
8086,1,0.5342369079589844,3,3,1,1
8087,1,0.3054180145263672,8,8,1,0
8088,1,0.3724708557128906,3,3,1,0
8089,1,0.3827183246612549,0,0,1,0
8090,1,0.3128359317779541,0,0,1,0
8091,1,0.3034322261810303,4,4,1,0
8092,1,0.36922311782836914,1,1,1,0
8093,1,0.2992415428161621,9,9,1,0
8094,1,0.31882715225219727,3,3,1,0
8095,1,0.3440876007080078,2,2,1,0
8096,1,0.6191699504852295,6,6,1,1
8097,1,0.34009838104248047,7,7,1,0
8098,1,0.3080472946166992,7,7,1,0
8099,1,0.6163609027862549,5,3,0,1
8100,1,0.7039017677307129,2,2,1,1
8101,1,0.3392214775085449,3,3,1,0
8102,1,0.5151386260986328,5,5,1,1
8103,1,0.5088107585906982,3,3,1,1
8104,1,0.3476743698120117,8,8,1,0
8105,1,0.37273716926574707,2,2,1,0
8106,1,0.3043808937072754,1,1,1,0
8107,1,0.6132321357727051,0,0,1,1
8108,1,0.3992457389831543,5,5,1,0
8109,1,0.316936731338501,7,7,1,0
8110,1,0.29977893829345703,5,5,1,0
8111,1,0.3823573589324951,6,6,1,0
8112,1,0.29353833198547363,9,9,1,0
8113,1,0.3342154026031494,2,2,1,0
8114,1,0.3578662872314453,5,5,1,0
8115,1,0.5563681125640869,4,2,0,1
8116,1,0.3966562747955322,8,8,1,0
8117,1,0.3970942497253418,8,8,1,0
8118,1,0.36419057846069336,8,8,1,0
8119,1,0.5368921756744385,6,6,1,1
8120,1,0.3045809268951416,5,5,1,0
8121,1,0.3501150608062744,0,0,1,0
8122,1,0.3572812080383301,6,6,1,0
8123,1,0.3022782802581787,2,2,1,0
8124,1,0.43262553215026855,2,2,1,0
8125,1,0.37560486793518066,9,9,1,0
8126,1,0.3494565486907959,6,6,1,0
8127,1,0.3437337875366211,0,0,1,0
8128,1,0.30560755729675293,6,6,1,0
8129,1,0.3824753761291504,5,5,1,0
8130,1,0.38283443450927734,9,9,1,0
8131,1,0.3845188617706299,4,2,0,0
8132,1,0.3216571807861328,3,3,1,0
8133,1,0.37494492530822754,5,5,1,0
8134,1,0.3860185146331787,2,2,1,0
8135,1,0.3698716163635254,2,2,1,0
8136,1,0.5800285339355469,3,3,1,1
8137,1,0.3049921989440918,4,6,0,0
8138,1,0.3799407482147217,9,9,1,0
8139,1,0.918189287185669,4,2,0,2
8140,1,0.3045845031738281,4,4,1,0
8141,1,0.3775908946990967,0,0,1,0
8142,1,0.3830411434173584,7,5,0,0
8143,1,0.5849306583404541,1,1,1,1
8144,1,0.3550548553466797,0,0,1,0
8145,1,0.6246886253356934,0,0,1,1
8146,1,0.6320924758911133,4,2,0,1
8147,1,0.369060754776001,0,0,1,0
8148,1,0.3547956943511963,6,6,1,0
8149,1,0.35010385513305664,0,0,1,0
8150,1,0.3346245288848877,2,2,1,0
8151,1,0.31128883361816406,5,5,1,0
8152,1,0.3749082088470459,8,8,1,0
8153,1,0.3811795711517334,3,7,0,0
8154,1,0.2986612319946289,2,2,1,0
8155,1,0.32567262649536133,8,8,1,0
8156,1,0.3483703136444092,8,8,1,0
8157,1,0.581329345703125,7,7,1,1
8158,1,0.31557583808898926,9,9,1,0
8159,1,0.5649175643920898,0,0,1,1
8160,1,0.3724699020385742,3,3,1,0
8161,1,0.3862597942352295,9,9,1,0
8162,1,0.3732578754425049,5,5,1,0
8163,1,0.5717298984527588,2,2,1,1
8164,1,0.3799107074737549,0,8,0,0
8165,1,0.44879961013793945,2,2,1,0
8166,1,0.327714204788208,7,7,1,0
8167,1,0.32914113998413086,4,4,1,0
8168,1,0.35652589797973633,8,8,1,0
8169,1,0.33452463150024414,3,5,0,0
8170,1,0.3454172611236572,0,0,1,0
8171,1,0.39613914489746094,1,1,1,0
8172,1,0.3353438377380371,7,7,1,0
8173,1,0.356334924697876,3,3,1,0
8174,1,0.6361327171325684,9,9,1,1
8175,1,0.3057739734649658,4,4,1,0
8176,1,0.5923619270324707,2,6,0,1
8177,1,0.5389983654022217,7,4,0,1
8178,1,0.3564767837524414,9,9,1,0
8179,1,0.7101738452911377,2,2,1,1
8180,1,0.9524412155151367,1,1,1,2
8181,1,0.3090047836303711,3,3,1,0
8182,1,0.6213042736053467,7,7,1,1
8183,1,0.3006324768066406,1,1,1,0
8184,1,0.39209747314453125,2,2,1,0
8185,1,0.6168320178985596,5,3,0,1
8186,1,0.36551952362060547,3,3,1,0
8187,1,0.9882185459136963,3,5,0,2
8188,1,0.30295681953430176,5,7,0,0
8189,1,0.3390326499938965,4,6,0,0
8190,1,0.31870293617248535,5,5,1,0
8191,1,0.3711717128753662,5,3,0,0
8192,1,0.3621065616607666,0,0,1,0
8193,1,0.3488919734954834,7,7,1,0
8194,1,0.6212666034698486,5,5,1,1
8195,1,0.3807251453399658,9,9,1,0
8196,1,1.0861835479736328,3,3,1,3
8197,1,0.3506968021392822,7,7,1,0
8198,1,0.3727991580963135,3,3,1,0
8199,1,0.6345691680908203,2,6,0,1
8200,1,0.31932711601257324,5,5,1,0
8201,1,0.5602555274963379,3,3,1,1
8202,1,0.3632030487060547,1,1,1,0
8203,1,0.5975213050842285,4,5,0,1
8204,1,0.3037996292114258,5,5,1,0
8205,1,0.3727383613586426,0,0,1,0
8206,1,0.38837599754333496,3,5,0,0
8207,1,0.9150528907775879,5,3,0,2
8208,1,0.3006622791290283,4,4,1,0
8209,1,0.3902609348297119,7,7,1,0
8210,1,0.3484678268432617,7,7,1,0
8211,1,0.42506933212280273,0,0,1,0
8212,1,0.31754302978515625,3,5,0,0
8213,1,0.34650444984436035,4,4,1,0
8214,1,0.5354950428009033,5,5,1,1
8215,1,0.3459281921386719,1,1,1,0
8216,1,0.37148451805114746,8,8,1,0
8217,1,0.30399227142333984,6,6,1,0
8218,1,0.344437837600708,1,1,1,0
8219,1,0.34914565086364746,5,5,1,0
8220,1,0.3777651786804199,2,2,1,0
8221,1,0.3047635555267334,3,6,0,0
8222,1,0.35053205490112305,6,6,1,0
8223,1,0.40111374855041504,2,2,1,0
8224,1,0.5972843170166016,5,5,1,1
8225,1,0.5643095970153809,6,6,1,1
8226,1,0.38114404678344727,1,1,1,0
8227,1,0.3649885654449463,6,6,1,0
8228,1,0.3513660430908203,9,9,1,0
8229,1,0.3481433391571045,3,6,0,0
8230,1,0.41159558296203613,8,8,1,0
8231,1,0.2846713066101074,9,9,1,0
8232,1,0.3358724117279053,7,7,1,0
8233,1,0.5431618690490723,6,6,1,1
8234,1,0.5421900749206543,6,6,1,1
8235,1,0.3634152412414551,4,4,1,0
8236,1,0.32650279998779297,1,1,1,0
8237,1,0.3706960678100586,1,9,0,0
8238,1,0.3081996440887451,1,1,1,0
8239,1,0.3237121105194092,0,0,1,0
8240,1,0.3271753787994385,5,5,1,0
8241,1,0.3716609477996826,0,2,0,0
8242,1,0.37837839126586914,0,0,1,0
8243,1,0.3763620853424072,7,7,1,0
8244,1,0.333904504776001,6,6,1,0
8245,1,0.34699296951293945,1,9,0,0
8246,1,0.30544495582580566,0,0,1,0
8247,1,0.4280366897583008,5,5,1,0
8248,1,0.9219765663146973,2,2,1,2
8249,1,0.3554379940032959,6,6,1,0
8250,1,0.3489382266998291,9,9,1,0
8251,1,0.3467113971710205,3,5,0,0
8252,1,0.30709147453308105,7,7,1,0
8253,1,0.353701114654541,7,7,1,0
8254,1,0.3514213562011719,8,8,1,0
8255,1,0.39786529541015625,4,4,1,0
8256,1,0.30724048614501953,8,8,1,0
8257,1,0.3689899444580078,1,1,1,0
8258,1,0.3083078861236572,2,2,1,0
8259,1,0.37087368965148926,9,9,1,0
8260,1,0.30365633964538574,9,9,1,0
8261,1,0.31043004989624023,5,5,1,0
8262,1,0.35204243659973145,3,3,1,0
8263,1,0.3485860824584961,7,7,1,0
8264,1,0.29964280128479004,0,0,1,0
8265,1,0.3401913642883301,3,3,1,0
8266,1,0.39530420303344727,5,5,1,0
8267,1,0.3349268436431885,1,1,1,0
8268,1,0.6400060653686523,4,4,1,1
8269,1,0.35219335556030273,1,1,1,0
8270,1,0.35315990447998047,4,7,0,0
8271,1,0.37036681175231934,6,6,1,0
8272,1,0.6200692653656006,6,6,1,1
8273,1,0.387923002243042,5,5,1,0
8274,1,0.30722546577453613,0,0,1,0
8275,1,0.5723667144775391,5,5,1,1
8276,1,0.3625631332397461,8,8,1,0
8277,1,0.6233360767364502,6,6,1,1
8278,1,0.5498883724212646,2,2,1,1
8279,1,0.37590527534484863,9,8,0,0
8280,1,0.6151823997497559,0,0,1,1
8281,1,0.6294491291046143,1,1,1,1
8282,1,0.3250260353088379,3,3,1,0
8283,1,0.33127641677856445,3,3,1,0
8284,1,0.34827184677124023,5,3,0,0
8285,1,0.5393664836883545,8,8,1,1
8286,1,0.35332465171813965,7,7,1,0
8287,1,0.372880220413208,2,2,1,0
8288,1,0.4354827404022217,4,4,1,0
8289,1,0.32660865783691406,4,6,0,0
8290,1,0.5419650077819824,1,1,1,1
8291,1,0.4384279251098633,0,2,0,0
8292,1,0.5825073719024658,4,4,1,1
8293,1,0.3154280185699463,0,0,1,0
8294,1,0.28638792037963867,8,8,1,0
8295,1,0.6184916496276855,5,5,1,1
8296,1,1.0651626586914062,2,3,0,3
8297,1,0.34799861907958984,8,8,1,0
8298,1,0.6299624443054199,4,7,0,1
8299,1,0.6015324592590332,3,6,0,1
8300,1,0.37058591842651367,6,6,1,0
8301,1,0.2962801456451416,8,8,1,0
8302,1,0.33575892448425293,9,9,1,0
8303,1,0.5313835144042969,5,5,1,1
8304,1,0.34955525398254395,0,2,0,0
8305,1,0.33878350257873535,4,4,1,0
8306,1,0.37255024909973145,1,1,1,0
8307,1,0.3227083683013916,8,8,1,0
8308,1,0.3465695381164551,6,6,1,0
8309,1,0.30603694915771484,5,5,1,0
8310,1,0.3351130485534668,8,8,1,0
8311,1,0.30592870712280273,1,1,1,0
8312,1,0.3705573081970215,8,8,1,0
8313,1,0.3706543445587158,2,2,1,0
8314,1,0.4933493137359619,2,2,1,1
8315,1,0.3764150142669678,4,4,1,0
8316,1,0.3083462715148926,2,2,1,0
8317,1,0.5709145069122314,3,3,1,1
8318,1,0.36151885986328125,2,2,1,0
8319,1,0.37379932403564453,2,2,1,0
8320,1,0.3490879535675049,5,5,1,0
8321,1,0.35216832160949707,1,1,1,0
8322,1,0.33380770683288574,3,3,1,0
8323,1,0.3471856117248535,6,6,1,0
8324,1,0.34105753898620605,5,5,1,0
8325,1,0.3539304733276367,0,0,1,0
8326,1,0.35257601737976074,1,1,1,0
8327,1,0.5348522663116455,5,5,1,1
8328,1,0.3545525074005127,1,1,1,0
8329,1,0.5790190696716309,0,0,1,1
8330,1,0.38878750801086426,5,5,1,0
8331,1,0.30371832847595215,1,9,0,0
8332,1,0.34929752349853516,0,0,1,0
8333,1,0.352611780166626,9,9,1,0
8334,1,0.3432300090789795,4,3,0,0
8335,1,0.3404669761657715,6,6,1,0
8336,1,0.30916500091552734,6,6,1,0
8337,1,0.3435328006744385,9,9,1,0
8338,1,0.2649693489074707,3,3,1,0
8339,1,0.5668039321899414,5,5,1,1
8340,1,0.36135029792785645,6,6,1,0
8341,1,1.237830638885498,5,5,1,3
8342,1,0.5152356624603271,2,2,1,1
8343,1,0.3662722110748291,4,4,1,0
8344,1,1.2695326805114746,2,6,0,3
8345,1,0.30527591705322266,1,1,1,0
8346,1,0.36921167373657227,9,9,1,0
8347,1,0.30739760398864746,0,0,1,0
8348,1,0.40776610374450684,2,2,1,0
8349,1,0.5755274295806885,5,5,1,1
8350,1,0.31171298027038574,1,1,1,0
8351,1,1.1226167678833008,4,3,0,3
8352,1,0.3482072353363037,3,3,1,0
8353,1,0.9602570533752441,3,3,1,2
8354,1,0.3576979637145996,4,4,1,0
8355,1,0.3707582950592041,4,4,1,0
8356,1,0.3567373752593994,7,7,1,0
8357,1,0.3065972328186035,8,8,1,0
8358,1,0.35825252532958984,8,8,1,0
8359,1,0.3723561763763428,4,4,1,0
8360,1,0.29712533950805664,7,7,1,0
8361,1,0.3715536594390869,3,6,0,0
8362,1,0.3287928104400635,0,9,0,0
8363,1,0.5582642555236816,0,0,1,1
8364,1,0.4588618278503418,4,4,1,0
8365,1,0.3040440082550049,7,7,1,0
8366,1,0.37796974182128906,7,7,1,0
8367,1,0.34813761711120605,9,9,1,0
8368,1,0.3105463981628418,4,4,1,0
8369,1,0.9620797634124756,4,4,1,2
8370,1,0.5773270130157471,3,3,1,1
8371,1,0.3922922611236572,4,4,1,0
8372,1,0.2840273380279541,4,6,0,0
8373,1,0.6069395542144775,1,1,1,1
8374,1,0.3130331039428711,9,9,1,0
8375,1,0.9745945930480957,6,6,1,2
8376,1,0.33790063858032227,3,3,1,0
8377,1,0.6047203540802002,3,3,1,1
8378,1,0.32259559631347656,3,3,1,0
8379,1,0.38729143142700195,8,8,1,0
8380,1,0.6143217086791992,5,5,1,1
8381,1,0.3131093978881836,7,7,1,0
8382,1,0.6238811016082764,4,4,1,1
8383,1,0.36974167823791504,9,9,1,0
8384,1,0.3158128261566162,3,3,1,0
8385,1,0.3721797466278076,5,7,0,0
8386,1,0.3177773952484131,3,5,0,0
8387,1,0.3800063133239746,2,2,1,0
8388,1,0.5806357860565186,3,3,1,1
8389,1,0.4338672161102295,0,0,1,0
8390,1,0.34139204025268555,4,4,1,0
8391,1,0.29943156242370605,5,5,1,0
8392,1,0.5956747531890869,3,3,1,1
8393,1,0.31441497802734375,5,5,1,0
8394,1,0.43618321418762207,0,0,1,0
8395,1,0.39296555519104004,0,0,1,0
8396,1,0.3668220043182373,4,4,1,0
8397,1,0.31178927421569824,0,0,1,0
8398,1,0.5908827781677246,3,3,1,1
8399,1,0.3133730888366699,2,2,1,0
8400,1,0.5604820251464844,3,5,0,1
8401,1,0.6016738414764404,1,1,1,1
8402,1,0.3107874393463135,3,3,1,0
8403,1,0.29033470153808594,9,9,1,0
8404,1,0.29350900650024414,1,1,1,0
8405,1,0.9928474426269531,2,2,1,2
8406,1,0.29644346237182617,3,3,1,0
8407,1,0.36593008041381836,4,4,1,0
8408,1,0.37734079360961914,9,9,1,0
8409,1,0.3712785243988037,7,7,1,0
8410,1,0.3628089427947998,0,8,0,0
8411,1,0.3100776672363281,0,0,1,0
8412,1,0.3909742832183838,0,0,1,0
8413,1,0.2866363525390625,6,6,1,0
8414,1,0.30840468406677246,3,3,1,0
8415,1,0.4336507320404053,1,1,1,0
8416,1,0.25942468643188477,1,1,1,0
8417,1,0.3417375087738037,0,0,1,0
8418,1,0.3168911933898926,7,7,1,0
8419,1,0.37497472763061523,6,2,0,0
8420,1,0.28766560554504395,4,4,1,0
8421,1,0.28920507431030273,7,7,1,0
8422,1,0.3643631935119629,6,6,1,0
8423,1,0.3760404586791992,5,5,1,0
8424,1,0.5575056076049805,4,4,1,1
8425,1,0.6646020412445068,6,6,1,1
8426,1,0.30400729179382324,3,3,1,0
8427,1,0.3068249225616455,5,5,1,0
8428,1,0.34331846237182617,3,3,1,0
8429,1,0.34532999992370605,9,9,1,0
8430,1,0.3440876007080078,8,8,1,0
8431,1,0.7037558555603027,9,9,1,1
8432,1,0.33695030212402344,0,0,1,0
8433,1,0.397876501083374,3,5,0,0
8434,1,0.3061504364013672,9,9,1,0
8435,1,0.3394956588745117,7,3,0,0
8436,1,0.628699541091919,6,3,0,1
8437,1,0.8318197727203369,6,6,1,2
8438,1,0.6108222007751465,3,3,1,1
8439,1,0.353177547454834,4,4,1,0
8440,1,0.362943172454834,2,2,1,0
8441,1,0.37250804901123047,0,0,1,0
8442,1,0.3273046016693115,1,1,1,0
8443,1,0.41865086555480957,2,3,0,0
8444,1,0.532719612121582,4,2,0,1
8445,1,0.9720718860626221,7,7,1,2
8446,1,0.40171217918395996,3,3,1,0
8447,1,0.30711960792541504,8,8,1,0
8448,1,0.34922194480895996,1,1,1,0
8449,1,0.3063037395477295,4,4,1,0
8450,1,0.29497218132019043,7,7,1,0
8451,1,0.36774563789367676,5,5,1,0
8452,1,0.5466125011444092,3,3,1,1
8453,1,0.33147430419921875,7,7,1,0
8454,1,0.3517873287200928,3,3,1,0
8455,1,0.37355875968933105,5,7,0,0
8456,1,0.5709490776062012,4,4,1,1
8457,1,0.3498091697692871,8,8,1,0
8458,1,0.2910192012786865,8,8,1,0
8459,1,0.368182897567749,6,6,1,0
8460,1,0.3020508289337158,1,1,1,0
8461,1,0.38981080055236816,9,9,1,0
8462,1,0.35955381393432617,2,6,0,0
8463,1,0.6222751140594482,2,2,1,1
8464,1,0.32332372665405273,3,3,1,0
8465,1,0.3665294647216797,1,1,1,0
8466,1,0.36019349098205566,4,2,0,0
8467,1,0.3482391834259033,4,4,1,0
8468,1,0.34778690338134766,4,4,1,0
8469,1,0.3416929244995117,6,6,1,0
8470,1,0.5882534980773926,8,8,1,1
8471,1,0.3760344982147217,0,2,0,0
8472,1,0.552823543548584,3,3,1,1
8473,1,0.36871957778930664,0,0,1,0
8474,1,0.34589505195617676,0,0,1,0
8475,1,0.5311534404754639,2,2,1,1
8476,1,0.3641397953033447,3,3,1,0
8477,1,0.3766815662384033,1,9,0,0
8478,1,0.9285452365875244,0,0,1,2
8479,1,0.3673677444458008,3,3,1,0
8480,1,0.5386960506439209,4,4,1,1
8481,1,0.6240100860595703,4,3,0,1
8482,1,0.3522641658782959,3,3,1,0
8483,1,0.3982274532318115,5,5,1,0
8484,1,0.3742086887359619,4,4,1,0
8485,1,0.34391045570373535,0,0,1,0
8486,1,0.30304741859436035,5,5,1,0
8487,1,0.5806822776794434,5,5,1,1
8488,1,0.3160533905029297,7,7,1,0
8489,1,0.3018488883972168,5,5,1,0
8490,1,0.328427791595459,2,2,1,0
8491,1,0.5961587429046631,6,6,1,1
8492,1,0.3669149875640869,8,8,1,0
8493,1,0.3520214557647705,9,9,1,0
8494,1,0.3507273197174072,9,9,1,0
8495,1,0.6615157127380371,0,8,0,1
8496,1,0.26680707931518555,3,3,1,0
8497,1,0.398242712020874,1,1,1,0
8498,1,0.35051822662353516,7,7,1,0
8499,1,0.3130795955657959,9,9,1,0
8500,1,0.3312678337097168,0,0,1,0
8501,1,0.6817963123321533,3,3,1,1
8502,1,0.5867137908935547,7,7,1,1
8503,1,0.3778340816497803,3,5,0,0
8504,1,0.3100156784057617,5,5,1,0
8505,1,0.3784055709838867,9,9,1,0
8506,1,0.3128173351287842,1,1,1,0
8507,1,0.3017916679382324,6,6,1,0
8508,1,0.34480810165405273,3,3,1,0
8509,1,0.342975378036499,8,8,1,0
8510,1,0.9082925319671631,3,4,0,2
8511,1,0.30853748321533203,2,2,1,0
8512,1,0.9101707935333252,5,5,1,2
8513,1,0.393265962600708,2,2,1,0
8514,1,0.3530433177947998,6,6,1,0
8515,1,0.33588075637817383,4,4,1,0
8516,1,0.579615592956543,4,4,1,1
8517,1,0.5973029136657715,5,5,1,1
8518,1,0.374281644821167,0,0,1,0
8519,1,0.3391602039337158,7,7,1,0
8520,1,0.392672061920166,1,1,1,0
8521,1,0.34872007369995117,3,3,1,0
8522,1,0.31021976470947266,8,8,1,0
8523,1,1.1039600372314453,5,4,0,3
8524,1,0.4366750717163086,8,8,1,0
8525,1,0.30784130096435547,8,8,1,0
8526,1,0.34673237800598145,4,4,1,0
8527,1,0.30739331245422363,8,8,1,0
8528,1,0.3769803047180176,4,4,1,0
8529,1,0.8861527442932129,5,5,1,2
8530,1,0.282559871673584,1,1,1,0
8531,1,0.37714052200317383,8,8,1,0
8532,1,0.37758302688598633,1,9,0,0
8533,1,0.6131124496459961,4,3,0,1
8534,1,0.3678450584411621,7,7,1,0
8535,1,0.26725029945373535,1,1,1,0
8536,1,0.597827672958374,3,3,1,1
8537,1,0.376523494720459,0,0,1,0
8538,1,0.3510270118713379,8,8,1,0
8539,1,0.34677648544311523,4,7,0,0
8540,1,0.31935834884643555,8,8,1,0
8541,1,0.3749244213104248,0,9,0,0
8542,1,0.35114431381225586,7,7,1,0
8543,1,0.30224013328552246,4,4,1,0
8544,1,0.6098711490631104,2,2,1,1
8545,1,0.6478922367095947,0,0,1,1
8546,1,0.6149280071258545,4,4,1,1
8547,1,0.3240516185760498,9,9,1,0
8548,1,0.37668299674987793,4,4,1,0
8549,1,0.30415797233581543,0,0,1,0
8550,1,0.3800337314605713,5,5,1,0
8551,1,0.6264934539794922,2,4,0,1
8552,1,0.5862240791320801,2,2,1,1
8553,1,0.3262453079223633,8,8,1,0
8554,1,0.37974023818969727,7,7,1,0
8555,1,0.3770582675933838,4,4,1,0
8556,1,0.3468942642211914,7,7,1,0
8557,1,0.30985450744628906,4,4,1,0
8558,1,0.3063235282897949,6,6,1,0
8559,1,0.2801370620727539,6,6,1,0
8560,1,1.198227882385254,2,2,1,3
8561,1,0.3244743347167969,5,5,1,0
8562,1,0.5488369464874268,5,5,1,1
8563,1,0.432905912399292,4,4,1,0
8564,1,0.26345372200012207,4,2,0,0
8565,1,0.36865925788879395,1,1,1,0
8566,1,0.5766534805297852,3,5,0,1
8567,1,0.37609052658081055,4,4,1,0
8568,1,0.6246519088745117,9,9,1,1
8569,1,0.39667820930480957,2,2,1,0
8570,1,0.32326364517211914,9,9,1,0
8571,1,0.31815481185913086,5,5,1,0
8572,1,0.348923921585083,1,1,1,0
8573,1,0.5306746959686279,4,4,1,1
8574,1,0.34287524223327637,3,3,1,0
8575,1,1.0902457237243652,2,6,0,3
8576,1,0.30384206771850586,4,4,1,0
8577,1,0.6822860240936279,7,7,1,1
8578,1,0.6064980030059814,5,3,0,1
8579,1,0.33889222145080566,0,0,1,0
8580,1,0.37912797927856445,4,4,1,0
8581,1,0.36847925186157227,5,5,1,0
8582,1,0.30599021911621094,1,1,1,0
8583,1,0.33524107933044434,7,7,1,0
8584,1,0.6352870464324951,2,6,0,1
8585,1,0.3134176731109619,5,5,1,0
8586,1,0.3792867660522461,3,3,1,0
8587,1,0.26644372940063477,8,8,1,0
8588,1,0.34628868103027344,6,6,1,0
8589,1,0.32555127143859863,0,0,1,0
8590,1,0.6032326221466064,2,2,1,1
8591,1,0.340900182723999,4,3,0,0
8592,1,0.35279393196105957,9,1,0,0
8593,1,0.30412745475769043,9,9,1,0
8594,1,0.34441494941711426,4,4,1,0
8595,1,0.36952996253967285,2,5,0,0
8596,1,0.3235645294189453,9,9,1,0
8597,1,0.3725252151489258,1,1,1,0
8598,1,0.6872830390930176,4,2,0,1
8599,1,0.3420071601867676,4,4,1,0
8600,1,0.6254239082336426,6,6,1,1
8601,1,0.3087139129638672,6,6,1,0
8602,1,0.9877374172210693,6,6,1,2
8603,1,0.3126339912414551,5,5,1,0
8604,1,0.3871009349822998,6,6,1,0
8605,1,0.709068775177002,5,2,0,1
8606,1,0.3100924491882324,0,0,1,0
8607,1,0.33670926094055176,3,3,1,0
8608,1,0.6094622611999512,9,9,1,1
8609,1,0.3287513256072998,8,8,1,0
8610,1,0.3004150390625,4,4,1,0
8611,1,0.36079907417297363,4,4,1,0
8612,1,0.27425622940063477,4,4,1,0
8613,1,0.35091328620910645,3,3,1,0
8614,1,0.35212182998657227,9,9,1,0
8615,1,0.37105298042297363,7,5,0,0
8616,1,0.2935781478881836,8,8,1,0
8617,1,0.3476676940917969,8,8,1,0
8618,1,0.3433973789215088,3,5,0,0
8619,1,0.8988893032073975,3,2,0,2
8620,1,1.1335561275482178,4,7,0,3
8621,1,0.33968067169189453,7,7,1,0
8622,1,0.5390174388885498,2,2,1,1
8623,1,0.3466041088104248,0,0,1,0
8624,1,0.9939620494842529,5,6,0,2
8625,1,0.3794698715209961,4,4,1,0
8626,1,0.58363938331604,4,3,0,1
8627,1,0.3072323799133301,1,1,1,0
8628,1,0.3483262062072754,1,1,1,0
8629,1,0.29629945755004883,9,9,1,0
8630,1,0.31910109519958496,4,7,0,0
8631,1,0.344834566116333,1,1,1,0
8632,1,0.3477497100830078,4,2,0,0
8633,1,0.34007716178894043,5,5,1,0
8634,1,0.6249935626983643,2,2,1,1
8635,1,0.3500809669494629,5,5,1,0
8636,1,0.8687682151794434,7,7,1,2
8637,1,0.36266541481018066,0,0,1,0
8638,1,0.39758896827697754,7,7,1,0
8639,1,0.3519589900970459,6,6,1,0
8640,1,0.32790541648864746,7,7,1,0
8641,1,0.34192609786987305,0,0,1,0
8642,1,0.3817155361175537,9,9,1,0
8643,1,0.2924671173095703,7,7,1,0
8644,1,0.3639540672302246,4,4,1,0
8645,1,0.3814680576324463,8,8,1,0
8646,1,0.32883548736572266,0,0,1,0
8647,1,0.341768741607666,4,4,1,0
8648,1,0.3031778335571289,5,5,1,0
8649,1,0.48691487312316895,0,2,0,1
8650,1,0.9560816287994385,6,3,0,2
8651,1,0.5367729663848877,3,3,1,1
8652,1,0.6814682483673096,6,6,1,1
8653,1,0.3178427219390869,7,7,1,0
8654,1,0.3438851833343506,1,1,1,0
8655,1,0.3053169250488281,2,2,1,0
8656,1,0.421459436416626,7,7,1,0
8657,1,0.33786535263061523,7,0,0,0
8658,1,0.3964214324951172,3,2,0,0
8659,1,0.3466298580169678,2,2,1,0
8660,1,0.36958956718444824,0,2,0,0
8661,1,0.3095383644104004,8,8,1,0
8662,1,0.3074321746826172,0,0,1,0
8663,1,0.5540149211883545,5,5,1,1
8664,1,0.35857224464416504,9,9,1,0
8665,1,0.32146334648132324,7,7,1,0
8666,1,0.381833553314209,3,3,1,0
8667,1,0.32514405250549316,9,9,1,0
8668,1,0.35825610160827637,0,2,0,0
8669,1,0.3700394630432129,0,0,1,0
8670,1,0.35695981979370117,1,1,1,0
8671,1,0.6312057971954346,0,0,1,1
8672,1,0.3951883316040039,0,8,0,0
8673,1,0.3019545078277588,9,9,1,0
8674,1,0.30411195755004883,1,1,1,0
8675,1,0.3953983783721924,0,0,1,0
8676,1,0.3461287021636963,5,5,1,0
8677,1,0.4976937770843506,5,5,1,1
8678,1,0.29425621032714844,2,2,1,0
8679,1,0.3704671859741211,3,3,1,0
8680,1,0.30799365043640137,3,3,1,0
8681,1,0.9516408443450928,2,2,1,2
8682,1,0.5839884281158447,2,2,1,1
8683,1,0.32128024101257324,2,2,1,0
8684,1,0.32013487815856934,1,1,1,0
8685,1,0.3877086639404297,6,6,1,0
8686,1,0.3490476608276367,3,6,0,0
8687,1,0.34104061126708984,8,8,1,0
8688,1,0.30533480644226074,7,3,0,0
8689,1,0.3425483703613281,6,6,1,0
8690,1,1.2176485061645508,3,3,1,3
8691,1,0.5545876026153564,5,3,0,1
8692,1,0.3696002960205078,7,7,1,0
8693,1,0.6070473194122314,4,4,1,1
8694,1,0.5749144554138184,2,2,1,1
8695,1,0.3789381980895996,7,7,1,0
8696,1,0.5839653015136719,3,3,1,1
8697,1,0.3429243564605713,1,1,1,0
8698,1,0.6628737449645996,7,7,1,1
8699,1,0.3488481044769287,5,3,0,0
8700,1,0.3051168918609619,9,9,1,0
8701,1,0.37027502059936523,1,1,1,0
8702,1,0.3723030090332031,4,5,0,0
8703,1,0.3610875606536865,9,9,1,0
8704,1,0.303149938583374,0,0,1,0
8705,1,0.30375051498413086,3,3,1,0
8706,1,0.33561038970947266,4,4,1,0
8707,1,0.30587053298950195,7,7,1,0
8708,1,0.3378303050994873,1,1,1,0
8709,1,0.3150162696838379,3,3,1,0
8710,1,0.37316441535949707,9,1,0,0
8711,1,0.9022855758666992,3,3,1,2
8712,1,0.29527783393859863,5,5,1,0
8713,1,0.3818976879119873,5,5,1,0
8714,1,0.6195454597473145,3,3,1,1
8715,1,0.3675663471221924,9,9,1,0
8716,1,0.36977291107177734,0,0,1,0
8717,1,0.32860779762268066,6,6,1,0
8718,1,0.3036637306213379,1,1,1,0
8719,1,0.3553588390350342,9,9,1,0
8720,1,0.5553669929504395,3,3,1,1
8721,1,0.34779953956604004,2,2,1,0
8722,1,0.5779588222503662,4,4,1,1
8723,1,0.5377798080444336,6,6,1,1
8724,1,0.6813249588012695,4,4,1,1
8725,1,0.31970643997192383,0,0,1,0
8726,1,0.37542271614074707,8,8,1,0
8727,1,0.3298189640045166,0,0,1,0
8728,1,0.3156259059906006,6,6,1,0
8729,1,0.3887460231781006,5,5,1,0
8730,1,0.30721330642700195,1,1,1,0
8731,1,0.6688988208770752,2,2,1,1
8732,1,0.3735949993133545,6,6,1,0
8733,1,0.3637270927429199,6,6,1,0
8734,1,0.3074684143066406,9,9,1,0
8735,1,0.6247634887695312,5,5,1,1
8736,1,0.3083837032318115,2,2,1,0
8737,1,0.3642303943634033,3,3,1,0
8738,1,0.30753207206726074,0,0,1,0
8739,1,0.3852999210357666,0,0,1,0
8740,1,0.34417176246643066,4,2,0,0
8741,1,0.30158376693725586,1,1,1,0
8742,1,0.6252646446228027,9,9,1,1
8743,1,0.4104588031768799,9,9,1,0
8744,1,0.3013732433319092,5,5,1,0
8745,1,0.31853175163269043,4,4,1,0
8746,1,0.34539031982421875,4,4,1,0
8747,1,0.34381961822509766,7,7,1,0
8748,1,0.3465287685394287,3,2,0,0
8749,1,0.379194974899292,8,8,1,0
8750,1,0.29533934593200684,1,9,0,0
8751,1,0.29837942123413086,9,9,1,0
8752,1,0.30852365493774414,2,2,1,0
8753,1,0.32982444763183594,8,8,1,0
8754,1,0.34645843505859375,4,4,1,0
8755,1,0.34807467460632324,7,4,0,0
8756,1,0.5915122032165527,3,8,0,1
8757,1,0.3732912540435791,9,9,1,0
8758,1,0.37237048149108887,2,2,1,0
8759,1,0.34425854682922363,7,7,1,0
8760,1,0.33155345916748047,3,3,1,0
8761,1,0.3827626705169678,8,8,1,0
8762,1,0.3607923984527588,1,1,1,0
8763,1,0.5634932518005371,4,4,1,1
8764,1,0.3776216506958008,1,1,1,0
8765,1,0.2808389663696289,7,7,1,0
8766,1,0.308368444442749,4,4,1,0
8767,1,0.3416588306427002,8,8,1,0
8768,1,0.6300327777862549,8,8,1,1
8769,1,0.373187780380249,1,1,1,0
8770,1,0.3011586666107178,0,0,1,0
8771,1,0.3703298568725586,3,3,1,0
8772,1,0.3599886894226074,7,7,1,0
8773,1,0.33591771125793457,6,6,1,0
8774,1,0.3565952777862549,9,9,1,0
8775,1,0.39284300804138184,8,8,1,0
8776,1,0.39183545112609863,3,3,1,0
8777,1,0.3067953586578369,8,8,1,0
8778,1,0.29793334007263184,0,0,1,0
8779,1,0.5799345970153809,5,5,1,1
8780,1,0.6259968280792236,3,3,1,1
8781,1,0.3790559768676758,9,1,0,0
8782,1,0.388836145401001,8,8,1,0
8783,1,0.303051233291626,3,3,1,0
8784,1,0.30924201011657715,3,3,1,0
8785,1,0.3822968006134033,3,3,1,0
8786,1,0.39379072189331055,6,6,1,0
8787,1,0.3611595630645752,9,9,1,0
8788,1,0.3051619529724121,9,9,1,0
8789,1,0.3758363723754883,6,6,1,0
8790,1,0.31949567794799805,0,1,0,0
8791,1,0.3560144901275635,1,1,1,0
8792,1,0.3294825553894043,0,0,1,0
8793,1,0.3071146011352539,9,9,1,0
8794,1,0.3126242160797119,8,8,1,0
8795,1,0.34758853912353516,8,8,1,0
8796,1,0.34177494049072266,6,6,1,0
8797,1,0.3803975582122803,4,4,1,0
8798,1,0.6395690441131592,3,3,1,1
8799,1,0.302415132522583,2,7,0,0
8800,1,0.34020137786865234,0,0,1,0
8801,1,0.34861063957214355,3,3,1,0
8802,1,0.3848235607147217,6,6,1,0
8803,1,0.3035316467285156,3,3,1,0
8804,1,0.34801506996154785,4,4,1,0
8805,1,0.3077981472015381,0,0,1,0
8806,1,0.3474109172821045,7,7,1,0
8807,1,0.30994200706481934,7,7,1,0
8808,1,0.29683470726013184,8,8,1,0
8809,1,0.36881041526794434,3,3,1,0
8810,1,0.30464863777160645,2,2,1,0
8811,1,0.9051282405853271,7,7,1,2
8812,1,0.3824577331542969,7,7,1,0
8813,1,0.3123741149902344,2,2,1,0
8814,1,0.37421441078186035,8,0,0,0
8815,1,0.3650636672973633,9,9,1,0
8816,1,0.33784008026123047,8,8,1,0
8817,1,0.37314796447753906,0,0,1,0
8818,1,0.9774987697601318,6,6,1,2
8819,1,0.29552721977233887,1,1,1,0
8820,1,0.37020230293273926,9,9,1,0
8821,1,0.26249098777770996,1,1,1,0
8822,1,0.917346715927124,2,2,1,2
8823,1,0.35446953773498535,1,1,1,0
8824,1,0.36869096755981445,2,2,1,0
8825,1,0.5573303699493408,3,5,0,1
8826,1,0.32764530181884766,0,0,1,0
8827,1,0.34681153297424316,8,8,1,0
8828,1,0.3493785858154297,8,8,1,0
8829,1,0.3452162742614746,1,1,1,0
8830,1,0.3365905284881592,8,8,1,0
8831,1,0.3105740547180176,3,3,1,0
8832,1,0.34941554069519043,0,0,1,0
8833,1,0.5383431911468506,6,2,0,1
8834,1,0.30489516258239746,4,4,1,0
8835,1,0.3536393642425537,8,8,1,0
8836,1,0.43252110481262207,0,0,1,0
8837,1,0.6731126308441162,4,4,1,1
8838,1,0.3097555637359619,8,8,1,0
8839,1,0.37235045433044434,6,2,0,0
8840,1,0.25739026069641113,2,2,1,0
8841,1,0.3081784248352051,3,3,1,0
8842,1,0.9538497924804688,7,7,1,2
8843,1,0.3672761917114258,4,2,0,0
8844,1,0.32092928886413574,4,4,1,0
8845,1,0.3061189651489258,6,6,1,0
8846,1,0.3719453811645508,4,4,1,0
8847,1,0.3097665309906006,9,9,1,0
8848,1,0.5398609638214111,6,6,1,1
8849,1,0.3358900547027588,8,8,1,0
8850,1,0.6231818199157715,2,2,1,1
8851,1,0.34414005279541016,9,9,1,0
8852,1,0.3029513359069824,1,1,1,0
8853,1,0.6530013084411621,2,2,1,1
8854,1,0.5565035343170166,0,0,1,1
8855,1,0.38144588470458984,5,2,0,0
8856,1,0.30924129486083984,9,9,1,0
8857,1,0.36908936500549316,1,1,1,0
8858,1,0.3068981170654297,2,2,1,0
8859,1,0.3778090476989746,3,3,1,0
8860,1,0.2646183967590332,7,7,1,0
8861,1,0.6826817989349365,7,7,1,1
8862,1,0.3793759346008301,1,1,1,0
8863,1,0.3196702003479004,4,4,1,0
8864,1,0.2899160385131836,5,5,1,0
8865,1,0.36888694763183594,2,2,1,0
8866,1,0.3775293827056885,9,9,1,0
8867,1,0.37978553771972656,2,2,1,0
8868,1,0.37645649909973145,1,1,1,0
8869,1,0.6050901412963867,2,2,1,1
8870,1,0.34631943702697754,7,7,1,0
8871,1,0.6239988803863525,5,5,1,1
8872,1,0.6472764015197754,1,1,1,1
8873,1,0.3143429756164551,4,4,1,0
8874,1,0.3757200241088867,1,1,1,0
8875,1,0.5939590930938721,7,7,1,1
8876,1,0.35401272773742676,9,9,1,0
8877,1,0.36463212966918945,7,7,1,0
8878,1,0.30110621452331543,9,9,1,0
8879,1,0.5464959144592285,0,0,1,1
8880,1,0.39453577995300293,9,9,1,0
8881,1,0.30585169792175293,2,2,1,0
8882,1,0.5292165279388428,3,3,1,1
8883,1,0.3753702640533447,2,2,1,0
8884,1,0.3276984691619873,6,6,1,0
8885,1,0.30311059951782227,4,4,1,0
8886,1,0.5883290767669678,7,7,1,1
8887,1,0.589698076248169,6,2,0,1
8888,1,0.33846259117126465,5,5,1,0
8889,1,0.30882740020751953,5,5,1,0
8890,1,0.34940099716186523,8,8,1,0
8891,1,0.3080868721008301,4,4,1,0
8892,1,0.3261542320251465,7,7,1,0
8893,1,0.3689417839050293,1,1,1,0
8894,1,0.26381635665893555,6,6,1,0
8895,1,0.3455522060394287,9,1,0,0
8896,1,0.3987891674041748,3,3,1,0
8897,1,0.3530313968658447,8,8,1,0
8898,1,0.37355637550354004,0,0,1,0
8899,1,0.5888030529022217,6,6,1,1
8900,1,0.34552979469299316,0,3,0,0
8901,1,0.3481733798980713,0,0,1,0
8902,1,0.5839240550994873,8,8,1,1
8903,1,0.325162410736084,4,4,1,0
8904,1,0.3748164176940918,8,8,1,0
8905,1,0.32616686820983887,0,0,1,0
8906,1,0.40994763374328613,9,9,1,0
8907,1,0.3087015151977539,4,4,1,0
8908,1,0.353076696395874,0,0,1,0
8909,1,0.3197202682495117,9,9,1,0
8910,1,1.1427066326141357,2,2,1,3
8911,1,0.31057286262512207,4,4,1,0
8912,1,0.3093879222869873,7,7,1,0
8913,1,0.365725040435791,1,1,1,0
8914,1,0.3270845413208008,0,0,1,0
8915,1,0.3056175708770752,2,6,0,0
8916,1,0.3679656982421875,7,7,1,0
8917,1,0.3664717674255371,1,1,1,0
8918,1,0.3080883026123047,0,0,1,0
8919,1,0.5050652027130127,6,6,1,1
8920,1,0.6362018585205078,4,3,0,1
8921,1,0.5051429271697998,2,2,1,1
8922,1,0.30394554138183594,2,2,1,0
8923,1,0.35620665550231934,1,1,1,0
8924,1,0.3794527053833008,8,8,1,0
8925,1,1.0506141185760498,6,6,1,2
8926,1,0.5279161930084229,5,5,1,1
8927,1,0.5510280132293701,3,1,0,1
8928,1,0.3813819885253906,4,4,1,0
8929,1,0.30351805686950684,6,6,1,0
8930,1,0.31076526641845703,6,6,1,0
8931,1,0.9545094966888428,0,7,0,2
8932,1,0.31388330459594727,3,3,1,0
8933,1,1.077239751815796,0,0,1,3
8934,1,0.3459742069244385,0,0,1,0
8935,1,0.650496244430542,8,8,1,1
8936,1,0.5993084907531738,3,3,1,1
8937,1,0.3488612174987793,9,9,1,0
8938,1,0.357144832611084,6,6,1,0
8939,1,0.3767385482788086,8,8,1,0
8940,1,0.3796370029449463,0,0,1,0
8941,1,0.3136587142944336,0,0,1,0
8942,1,0.5607562065124512,0,0,1,1
8943,1,0.29674601554870605,0,0,1,0
8944,1,0.5765233039855957,3,5,0,1
8945,1,0.339367151260376,8,8,1,0
8946,1,0.35313987731933594,3,3,1,0
8947,1,0.3426046371459961,4,4,1,0
8948,1,0.308870792388916,0,0,1,0
8949,1,0.6334726810455322,5,7,0,1
8950,1,0.3295125961303711,0,0,1,0
8951,1,0.6207139492034912,7,7,1,1
8952,1,0.3584170341491699,3,4,0,0
8953,1,0.33231282234191895,6,6,1,0
8954,1,0.3023183345794678,1,1,1,0
8955,1,0.3579847812652588,1,1,1,0
8956,1,0.4045379161834717,8,8,1,0
8957,1,0.3082301616668701,7,7,1,0
8958,1,0.5461878776550293,3,3,1,1
8959,1,0.6322789192199707,3,5,0,1
8960,1,0.3581373691558838,8,8,1,0
8961,1,0.3529775142669678,4,7,0,0
8962,1,0.41510868072509766,9,9,1,0
8963,1,0.3277912139892578,0,0,1,0
8964,1,0.5432877540588379,8,8,1,1
8965,1,0.37018251419067383,1,1,1,0
8966,1,1.2742011547088623,2,5,0,3
8967,1,0.5734312534332275,7,7,1,1
8968,1,0.3522758483886719,5,5,1,0
8969,1,0.30530738830566406,6,6,1,0
8970,1,0.39436888694763184,5,5,1,0
8971,1,0.3072514533996582,8,8,1,0
8972,1,0.3491098880767822,5,5,1,0
8973,1,0.37370848655700684,9,9,1,0
8974,1,0.3104665279388428,4,4,1,0
8975,1,0.37774157524108887,6,6,1,0
8976,1,0.31040167808532715,7,7,1,0
8977,1,0.37706732749938965,4,4,1,0
8978,1,0.5468690395355225,3,3,1,1
8979,1,0.3488755226135254,7,7,1,0
8980,1,0.6113810539245605,0,0,1,1
8981,1,0.5501558780670166,3,3,1,1
8982,1,0.3672308921813965,3,3,1,0
8983,1,0.3008384704589844,8,8,1,0
8984,1,0.2964310646057129,4,6,0,0
8985,1,0.429398775100708,6,6,1,0
8986,1,0.3224468231201172,8,8,1,0
8987,1,0.6174421310424805,3,3,1,1
8988,1,1.011106252670288,7,7,1,2
8989,1,0.360213041305542,9,9,1,0
8990,1,0.3030362129211426,9,9,1,0
8991,1,0.3268866539001465,6,6,1,0
8992,1,0.32328200340270996,4,4,1,0
8993,1,0.5739617347717285,5,5,1,1
8994,1,0.34918785095214844,9,9,1,0
8995,1,0.5684866905212402,7,7,1,1
8996,1,0.3503408432006836,5,5,1,0
8997,1,0.36661767959594727,9,9,1,0
8998,1,0.2949368953704834,0,0,1,0
8999,1,0.523247241973877,8,8,1,1
9000,1,0.45287156105041504,9,9,1,0
9001,1,0.3150815963745117,8,8,1,0
9002,1,0.3420560359954834,6,6,1,0
9003,1,0.3041558265686035,1,1,1,0
9004,1,0.347611665725708,5,5,1,0
9005,1,0.34827423095703125,5,5,1,0
9006,1,0.3749227523803711,1,1,1,0
9007,1,0.34291982650756836,6,6,1,0
9008,1,0.33663034439086914,1,1,1,0
9009,1,0.35974621772766113,2,2,1,0
9010,1,0.37225890159606934,6,2,0,0
9011,1,0.5676844120025635,5,7,0,1
9012,1,0.3801853656768799,7,7,1,0
9013,1,0.3913607597351074,5,5,1,0
9014,1,0.55074143409729,7,7,1,1
9015,1,0.3124818801879883,6,6,1,0
9016,1,0.37248873710632324,9,9,1,0
9017,1,0.374316930770874,5,5,1,0
9018,1,0.542320966720581,0,1,0,1
9019,1,0.3341031074523926,0,0,1,0
9020,1,0.34963226318359375,0,0,1,0
9021,1,1.1083674430847168,4,5,0,3
9022,1,0.3055093288421631,0,0,1,0
9023,1,0.3702058792114258,8,8,1,0
9024,1,0.31647729873657227,7,7,1,0
9025,1,0.3904874324798584,5,5,1,0
9026,1,0.30209898948669434,6,6,1,0
9027,1,0.345548152923584,7,7,1,0
9028,1,0.34883594512939453,6,6,1,0
9029,1,0.3520786762237549,9,9,1,0
9030,1,0.5558581352233887,1,1,1,1
9031,1,0.38672614097595215,4,4,1,0
9032,1,0.34478259086608887,2,2,1,0
9033,1,1.015645980834961,7,7,1,2
9034,1,0.3255128860473633,7,7,1,0
9035,1,0.4587104320526123,4,2,0,0
9036,1,0.3520212173461914,2,2,1,0
9037,1,0.3744773864746094,7,7,1,0
9038,1,0.37236809730529785,3,3,1,0
9039,1,0.31493449211120605,0,0,1,0
9040,1,0.3729074001312256,8,8,1,0
9041,1,0.37537503242492676,5,5,1,0
9042,1,0.3049907684326172,9,9,1,0
9043,1,0.39351558685302734,2,2,1,0
9044,1,0.2888801097869873,5,5,1,0
9045,1,0.31421375274658203,4,2,0,0
9046,1,0.38211941719055176,3,3,1,0
9047,1,0.3014523983001709,7,7,1,0
9048,1,0.3759877681732178,4,4,1,0
9049,1,0.6435670852661133,3,2,0,1
9050,1,0.3530552387237549,3,3,1,0
9051,1,0.35716915130615234,8,8,1,0
9052,1,0.3090958595275879,2,0,0,0
9053,1,0.311786413192749,6,6,1,0
9054,1,0.3364734649658203,7,7,1,0
9055,1,0.3158228397369385,6,6,1,0
9056,1,0.3085165023803711,9,9,1,0
9057,1,0.3948092460632324,1,1,1,0
9058,1,0.30603814125061035,5,5,1,0
9059,1,0.3424184322357178,8,8,1,0
9060,1,0.6738753318786621,5,3,0,1
9061,1,0.31792593002319336,1,9,0,0
9062,1,0.3722412586212158,8,8,1,0
9063,1,0.5633025169372559,3,3,1,1
9064,1,0.38568758964538574,3,3,1,0
9065,1,0.3081545829772949,6,6,1,0
9066,1,0.34636926651000977,8,8,1,0
9067,1,0.9234185218811035,5,5,1,2
9068,1,0.3253793716430664,1,9,0,0
9069,1,0.3680143356323242,5,5,1,0
9070,1,0.3743431568145752,1,1,1,0
9071,1,0.3119544982910156,0,0,1,0
9072,1,0.3200056552886963,4,4,1,0
9073,1,0.3788316249847412,5,5,1,0
9074,1,0.3345925807952881,3,3,1,0
9075,1,0.34846997261047363,1,1,1,0
9076,1,0.5460278987884521,2,2,1,1
9077,1,0.376117467880249,6,6,1,0
9078,1,0.551091194152832,4,4,1,1
9079,1,0.35429930686950684,6,0,0,0
9080,1,0.33497118949890137,3,4,0,0
9081,1,0.3515760898590088,1,1,1,0
9082,1,0.3067455291748047,6,6,1,0
9083,1,0.5813841819763184,4,4,1,1
9084,1,0.5792834758758545,4,4,1,1
9085,1,0.39170050621032715,7,7,1,0
9086,1,0.2859010696411133,8,8,1,0
9087,1,0.320188045501709,1,1,1,0
9088,1,0.30242466926574707,7,7,1,0
9089,1,0.36553311347961426,0,2,0,0
9090,1,0.3711273670196533,8,8,1,0
9091,1,0.30794596672058105,8,8,1,0
9092,1,0.5047657489776611,6,6,1,1
9093,1,0.37673521041870117,1,1,1,0
9094,1,0.2627401351928711,5,5,1,0
9095,1,0.37054944038391113,0,0,1,0
9096,1,0.32480692863464355,0,0,1,0
9097,1,0.30092692375183105,7,7,1,0
9098,1,0.342620849609375,0,0,1,0
9099,1,0.32505083084106445,1,1,1,0
9100,1,0.3678627014160156,9,9,1,0
9101,1,0.33704352378845215,4,4,1,0
9102,1,0.3462977409362793,0,0,1,0
9103,1,0.31633758544921875,7,7,1,0
9104,1,0.32871007919311523,3,5,0,0
9105,1,0.30517029762268066,8,8,1,0
9106,1,0.3484523296356201,8,8,1,0
9107,1,0.38050293922424316,0,0,1,0
9108,1,0.436450719833374,0,0,1,0
9109,1,0.2593047618865967,3,3,1,0
9110,1,0.5783579349517822,0,8,0,1
9111,1,0.30100584030151367,6,6,1,0
9112,1,0.3490455150604248,7,7,1,0
9113,1,0.3807830810546875,3,3,1,0
9114,1,0.9088268280029297,2,2,1,2
9115,1,0.34566283226013184,2,2,1,0
9116,1,0.2644948959350586,4,4,1,0
9117,1,0.3759922981262207,8,8,1,0
9118,1,0.624741792678833,4,4,1,1
9119,1,0.3547229766845703,7,7,1,0
9120,1,0.2797384262084961,1,1,1,0
9121,1,0.41439223289489746,6,6,1,0
9122,1,0.5996077060699463,4,4,1,1
9123,1,0.6354081630706787,7,7,1,1
9124,1,0.3782215118408203,9,9,1,0
9125,1,0.3643002510070801,2,2,1,0
9126,1,0.3074209690093994,8,8,1,0
9127,1,0.871065616607666,7,7,1,2
9128,1,0.6234533786773682,7,7,1,1
9129,1,0.3201298713684082,3,3,1,0
9130,1,0.3264739513397217,6,6,1,0
9131,1,0.5781159400939941,3,3,1,1
9132,1,0.3090975284576416,3,2,0,0
9133,1,0.3482058048248291,3,3,1,0
9134,1,0.3013186454772949,0,0,1,0
9135,1,0.386549711227417,7,7,1,0
9136,1,0.30466485023498535,6,6,1,0
9137,1,0.3474271297454834,0,0,1,0
9138,1,0.5865089893341064,0,0,1,1
9139,1,0.6510918140411377,2,2,1,1
9140,1,0.3237946033477783,0,0,1,0
9141,1,0.37312841415405273,2,6,0,0
9142,1,0.31755852699279785,5,5,1,0
9143,1,0.3510551452636719,4,4,1,0
9144,1,0.5396316051483154,6,6,1,1
9145,1,0.3556802272796631,3,3,1,0
9146,1,0.32769107818603516,5,5,1,0
9147,1,0.352062463760376,1,1,1,0
9148,1,0.30582118034362793,9,9,1,0
9149,1,0.9192254543304443,3,3,1,2
9150,1,0.325559139251709,9,9,1,0
9151,1,0.37538814544677734,3,3,1,0
9152,1,0.6221582889556885,6,6,1,1
9153,1,0.3751645088195801,9,9,1,0
9154,1,0.3252434730529785,3,3,1,0
9155,1,0.6034772396087646,8,8,1,1
9156,1,0.3974156379699707,0,1,0,0
9157,1,0.5380194187164307,3,3,1,1
9158,1,0.34654974937438965,9,9,1,0
9159,1,0.6064536571502686,4,4,1,1
9160,1,0.3465409278869629,0,0,1,0
9161,1,0.6151483058929443,2,2,1,1
9162,1,0.550161600112915,2,4,0,1
9163,1,0.3756840229034424,8,8,1,0
9164,1,0.3303539752960205,3,3,1,0
9165,1,0.35269689559936523,1,1,1,0
9166,1,0.3696320056915283,9,9,1,0
9167,1,0.2812988758087158,6,6,1,0
9168,1,0.3462953567504883,0,0,1,0
9169,1,0.30469608306884766,8,8,1,0
9170,1,0.29886341094970703,6,6,1,0
9171,1,0.3712646961212158,6,6,1,0
9172,1,0.37487053871154785,6,6,1,0
9173,1,0.3207993507385254,2,9,0,0
9174,1,0.3426179885864258,1,1,1,0
9175,1,0.3160364627838135,6,6,1,0
9176,1,0.3681755065917969,4,4,1,0
9177,1,0.33429646492004395,2,2,1,0
9178,1,0.3041529655456543,9,9,1,0
9179,1,0.3965611457824707,6,6,1,0
9180,1,0.29993462562561035,1,1,1,0
9181,1,0.33349061012268066,9,9,1,0
9182,1,0.2957777976989746,1,9,0,0
9183,1,0.5518765449523926,7,7,1,1
9184,1,0.3731412887573242,4,4,1,0
9185,1,0.34603071212768555,5,5,1,0
9186,1,0.3008766174316406,7,7,1,0
9187,1,0.39390087127685547,3,3,1,0
9188,1,0.34037232398986816,4,6,0,0
9189,1,0.35096025466918945,3,3,1,0
9190,1,0.5798139572143555,2,2,1,1
9191,1,0.38439154624938965,1,1,1,0
9192,1,0.375626802444458,0,0,1,0
9193,1,0.36533641815185547,8,8,1,0
9194,1,0.3142075538635254,3,3,1,0
9195,1,0.3503236770629883,7,4,0,0
9196,1,0.3096940517425537,5,5,1,0
9197,1,0.605311393737793,4,4,1,1
9198,1,0.3421595096588135,7,7,1,0
9199,1,0.925112247467041,3,3,1,2
9200,1,0.3561415672302246,8,8,1,0
9201,1,0.3758249282836914,2,2,1,0
9202,1,0.34691381454467773,3,3,1,0
9203,1,0.3487546443939209,8,8,1,0
9204,1,0.3691847324371338,4,4,1,0
9205,1,0.29999279975891113,5,5,1,0
9206,1,0.3619849681854248,9,9,1,0
9207,1,0.292705774307251,1,1,1,0
9208,1,0.36572694778442383,9,9,1,0
9209,1,0.3042571544647217,9,9,1,0
9210,1,0.30539608001708984,0,0,1,0
9211,1,0.3322434425354004,9,9,1,0
9212,1,0.38051700592041016,9,9,1,0
9213,1,0.2763833999633789,4,4,1,0
9214,1,0.3958292007446289,3,5,0,0
9215,1,0.3043553829193115,4,4,1,0
9216,1,0.6236860752105713,5,5,1,1
9217,1,0.3430335521697998,8,8,1,0
9218,1,0.2978506088256836,5,5,1,0
9219,1,0.37176060676574707,4,4,1,0
9220,1,0.31415486335754395,6,6,1,0
9221,1,0.2963089942932129,7,3,0,0
9222,1,0.35237646102905273,7,7,1,0
9223,1,0.3256559371948242,7,7,1,0
9224,1,0.633535623550415,6,3,0,1
9225,1,1.1114234924316406,3,5,0,3
9226,1,0.3035862445831299,6,6,1,0
9227,1,0.33954930305480957,1,1,1,0
9228,1,0.574500322341919,4,3,0,1
9229,1,0.3005518913269043,5,5,1,0
9230,1,0.30866217613220215,4,7,0,0
9231,1,0.3243865966796875,1,1,1,0
9232,1,0.3058457374572754,1,1,1,0
9233,1,0.35857486724853516,6,6,1,0
9234,1,0.3736546039581299,5,4,0,0
9235,1,0.2947211265563965,3,5,0,0
9236,1,0.30148768424987793,3,3,1,0
9237,1,0.3479907512664795,6,6,1,0
9238,1,0.3345041275024414,6,6,1,0
9239,1,0.31304025650024414,2,2,1,0
9240,1,0.3815603256225586,9,9,1,0
9241,1,0.3681960105895996,5,5,1,0
9242,1,0.3583357334136963,9,9,1,0
9243,1,0.32839322090148926,9,1,0,0
9244,1,0.32487010955810547,3,3,1,0
9245,1,0.3523111343383789,0,0,1,0
9246,1,0.3874645233154297,1,1,1,0
9247,1,0.38360118865966797,0,0,1,0
9248,1,0.34195828437805176,0,0,1,0
9249,1,0.3515806198120117,3,3,1,0
9250,1,0.5299098491668701,1,8,0,1
9251,1,0.3487670421600342,2,2,1,0
9252,1,0.38451504707336426,3,6,0,0
9253,1,0.5609862804412842,8,8,1,1
9254,1,0.4161863327026367,8,8,1,0
9255,1,0.3360908031463623,3,3,1,0
9256,1,0.36284685134887695,3,3,1,0
9257,1,0.36733174324035645,8,8,1,0
9258,1,0.330580472946167,1,1,1,0
9259,1,0.34844136238098145,4,6,0,0
9260,1,0.31351447105407715,5,7,0,0
9261,1,0.37369847297668457,1,1,1,0
9262,1,0.380922794342041,0,9,0,0
9263,1,0.6114983558654785,0,0,1,1
9264,1,0.5353209972381592,3,3,1,1
9265,1,1.1253361701965332,5,2,0,3
9266,1,0.3195829391479492,4,4,1,0
9267,1,0.3721492290496826,6,6,1,0
9268,1,0.34624218940734863,0,0,1,0
9269,1,0.35387372970581055,1,1,1,0
9270,1,0.36519956588745117,4,4,1,0
9271,1,0.3730475902557373,7,7,1,0
9272,1,0.3184957504272461,0,0,1,0
9273,1,0.30500054359436035,5,5,1,0
9274,1,0.3658308982849121,6,6,1,0
9275,1,0.30274462699890137,7,7,1,0
9276,1,0.44710850715637207,3,3,1,0
9277,1,0.3503377437591553,9,8,0,0
9278,1,0.306041955947876,3,3,1,0
9279,1,0.5272369384765625,6,6,1,1
9280,1,0.552680253982544,4,4,1,1
9281,1,0.3730356693267822,0,0,1,0
9282,1,0.3336670398712158,1,1,1,0
9283,1,0.33803558349609375,5,5,1,0
9284,1,0.5761268138885498,3,3,1,1
9285,1,0.35155773162841797,1,1,1,0
9286,1,0.3507540225982666,2,2,1,0
9287,1,0.344679594039917,9,9,1,0
9288,1,0.3653891086578369,0,0,1,0
9289,1,0.36115026473999023,8,0,0,0
9290,1,0.5798113346099854,0,0,1,1
9291,1,0.319439172744751,8,8,1,0
9292,1,0.349733829498291,5,3,0,0
9293,1,0.35346364974975586,4,4,1,0
9294,1,0.3519291877746582,6,6,1,0
9295,1,0.5286531448364258,6,6,1,1
9296,1,0.4277980327606201,3,3,1,0
9297,1,0.3044304847717285,3,3,1,0
9298,1,0.3396306037902832,4,4,1,0
9299,1,0.3031575679779053,1,1,1,0
9300,1,0.30538034439086914,9,9,1,0
9301,1,0.9531900882720947,7,3,0,2
9302,1,0.34030699729919434,6,6,1,0
9303,1,0.63484787940979,3,5,0,1
9304,1,0.6615679264068604,4,7,0,1
9305,1,0.32426881790161133,7,7,1,0
9306,1,0.5252046585083008,2,2,1,1
9307,1,0.32314229011535645,7,7,1,0
9308,1,0.3735044002532959,0,0,1,0
9309,1,0.36705446243286133,9,9,1,0
9310,1,0.3041355609893799,0,0,1,0
9311,1,0.389162540435791,0,7,0,0
9312,1,0.3610196113586426,0,0,1,0
9313,1,0.5622010231018066,4,4,1,1
9314,1,0.3192434310913086,4,2,0,0
9315,1,0.3704094886779785,8,8,1,0
9316,1,0.3357577323913574,9,9,1,0
9317,1,0.354172945022583,4,4,1,0
9318,1,0.6144242286682129,2,2,1,1
9319,1,0.31195831298828125,1,1,1,0
9320,1,0.36321330070495605,8,8,1,0
9321,1,0.9854631423950195,7,7,1,2
9322,1,0.32458019256591797,3,4,0,0
9323,1,0.5294671058654785,3,3,1,1
9324,1,0.45354390144348145,3,3,1,0
9325,1,0.4051666259765625,1,1,1,0
9326,1,0.9873471260070801,3,0,0,2
9327,1,0.3238651752471924,5,5,1,0
9328,1,0.42993736267089844,1,1,1,0
9329,1,0.31238722801208496,5,5,1,0
9330,1,0.36659789085388184,4,4,1,0
9331,1,0.350872278213501,2,5,0,0
9332,1,0.3062899112701416,4,4,1,0
9333,1,0.3070409297943115,4,4,1,0
9334,1,0.3526954650878906,5,5,1,0
9335,1,0.2926671504974365,7,7,1,0
9336,1,0.33722543716430664,7,4,0,0
9337,1,0.5957362651824951,8,8,1,1
9338,1,0.37306904792785645,9,9,1,0
9339,1,0.3051276206970215,7,7,1,0
9340,1,0.9187257289886475,2,2,1,2
9341,1,0.32886672019958496,6,6,1,0
9342,1,0.9328188896179199,2,2,1,2
9343,1,0.39441847801208496,8,8,1,0
9344,1,0.43061113357543945,0,0,1,0
9345,1,0.30211305618286133,7,7,1,0
9346,1,0.39348578453063965,1,1,1,0
9347,1,0.30815982818603516,9,9,1,0
9348,1,0.35120391845703125,5,5,1,0
9349,1,0.3575708866119385,1,1,1,0
9350,1,0.29352855682373047,3,5,0,0
9351,1,0.37517261505126953,4,4,1,0
9352,1,0.8736793994903564,3,3,1,2
9353,1,0.3984251022338867,0,0,1,0
9354,1,0.3523383140563965,7,7,1,0
9355,1,1.1201648712158203,5,5,1,3
9356,1,0.3009028434753418,1,1,1,0
9357,1,0.37278127670288086,1,1,1,0
9358,1,0.3578979969024658,8,8,1,0
9359,1,0.5973625183105469,4,6,0,1
9360,1,0.3328826427459717,9,9,1,0
9361,1,0.3072545528411865,3,3,1,0
9362,1,0.9241130352020264,7,7,1,2
9363,1,1.2176485061645508,5,5,1,3
9364,1,0.35482168197631836,0,0,1,0
9365,1,0.2940809726715088,4,4,1,0
9366,1,0.3751485347747803,4,4,1,0
9367,1,0.37013959884643555,0,0,1,0
9368,1,0.30930519104003906,6,2,0,0
9369,1,0.3024942874908447,5,3,0,0
9370,1,0.3473327159881592,9,9,1,0
9371,1,0.3502066135406494,6,6,1,0
9372,1,0.31000328063964844,2,2,1,0
9373,1,0.3446640968322754,0,0,1,0
9374,1,0.35119128227233887,8,0,0,0
9375,1,0.3653998374938965,6,6,1,0
9376,1,0.36165547370910645,8,8,1,0
9377,1,0.3395569324493408,7,7,1,0
9378,1,0.3546426296234131,8,8,1,0
9379,1,0.3296971321105957,8,8,1,0
9380,1,0.31602048873901367,4,4,1,0
9381,1,0.3689885139465332,7,7,1,0
9382,1,0.32563209533691406,5,5,1,0
9383,1,0.36416149139404297,8,8,1,0
9384,1,0.36617159843444824,0,0,1,0
9385,1,0.2954113483428955,3,5,0,0
9386,1,0.29396915435791016,5,5,1,0
9387,1,0.6255831718444824,2,2,1,1
9388,1,0.6417026519775391,8,8,1,1
9389,1,0.3614184856414795,7,7,1,0
9390,1,0.34322595596313477,7,7,1,0
9391,1,0.31154465675354004,6,6,1,0
9392,1,0.37209105491638184,2,2,1,0
9393,1,0.3128793239593506,6,6,1,0
9394,1,0.3481600284576416,0,0,1,0
9395,1,0.9307436943054199,2,2,1,2
9396,1,0.3501574993133545,7,7,1,0
9397,1,0.9399905204772949,2,2,1,2
9398,1,0.38080382347106934,1,8,0,0
9399,1,0.3728909492492676,8,8,1,0
9400,1,0.30968332290649414,7,7,1,0
9401,1,0.34781527519226074,0,0,1,0
9402,1,0.3411991596221924,4,4,1,0
9403,1,0.3523426055908203,8,8,1,0
9404,1,0.3419818878173828,6,6,1,0
9405,1,0.3847196102142334,2,2,1,0
9406,1,0.27795982360839844,6,6,1,0
9407,1,0.970238447189331,6,6,1,2
9408,1,0.33801794052124023,5,5,1,0
9409,1,0.5906856060028076,2,2,1,1
9410,1,0.6237292289733887,1,1,1,1
9411,1,0.35095906257629395,1,1,1,0
9412,1,0.6330513954162598,1,1,1,1
9413,1,0.33103322982788086,5,5,1,0
9414,1,0.6051313877105713,3,3,1,1
9415,1,0.6941192150115967,6,3,0,1
9416,1,0.346142053604126,7,7,1,0
9417,1,0.3095078468322754,1,1,1,0
9418,1,0.3361539840698242,9,9,1,0
9419,1,0.34307432174682617,6,6,1,0
9420,1,0.9894769191741943,3,3,1,2
9421,1,0.28993988037109375,4,4,1,0
9422,1,0.3163456916809082,8,8,1,0
9423,1,0.6183121204376221,3,3,1,1
9424,1,1.0235302448272705,6,3,0,3
9425,1,0.334942102432251,5,5,1,0
9426,1,0.3490331172943115,5,5,1,0
9427,1,0.5328397750854492,9,9,1,1
9428,1,0.3574981689453125,3,5,0,0
9429,1,0.3491706848144531,1,1,1,0
9430,1,0.33116912841796875,4,4,1,0
9431,1,0.31031036376953125,8,8,1,0
9432,1,0.35968589782714844,5,5,1,0
9433,1,0.3609960079193115,9,9,1,0
9434,1,0.3809959888458252,5,5,1,0
9435,1,0.35527896881103516,3,3,1,0
9436,1,0.3393416404724121,1,1,1,0
9437,1,0.3011152744293213,8,8,1,0
9438,1,0.2895967960357666,0,0,1,0
9439,1,0.34518933296203613,1,1,1,0
9440,1,0.3066401481628418,1,1,1,0
9441,1,0.33857178688049316,7,7,1,0
9442,1,0.35184407234191895,9,9,1,0
9443,1,0.3510167598724365,0,0,1,0
9444,1,0.30780649185180664,2,2,1,0
9445,1,0.3632073402404785,6,6,1,0
9446,1,0.32110095024108887,9,9,1,0
9447,1,0.5336458683013916,4,7,0,1
9448,1,0.6510934829711914,6,6,1,1
9449,1,0.533566951751709,4,4,1,1
9450,1,0.3610241413116455,4,4,1,0
9451,1,0.3312187194824219,7,7,1,0
9452,1,0.3483724594116211,4,2,0,0
9453,1,0.6030869483947754,4,3,0,1
9454,1,0.5662634372711182,6,6,1,1
9455,1,0.3141672611236572,2,2,1,0
9456,1,0.38770174980163574,7,4,0,0
9457,1,0.3616175651550293,4,4,1,0
9458,1,0.36385464668273926,4,4,1,0
9459,1,0.3483552932739258,3,5,0,0
9460,1,0.35131025314331055,6,6,1,0
9461,1,0.3481318950653076,1,1,1,0
9462,1,0.6271638870239258,4,4,1,1
9463,1,0.6036431789398193,9,1,0,1
9464,1,0.3053719997406006,1,1,1,0
9465,1,0.36106181144714355,8,8,1,0
9466,1,0.37181949615478516,9,9,1,0
9467,1,0.6549487113952637,5,7,0,1
9468,1,0.3506460189819336,8,8,1,0
9469,1,0.3023364543914795,6,6,1,0
9470,1,0.3020918369293213,6,6,1,0
9471,1,0.30541563034057617,6,6,1,0
9472,1,0.35172200202941895,6,6,1,0
9473,1,0.5708978176116943,0,0,1,1
9474,1,0.3095831871032715,3,5,0,0
9475,1,0.34711122512817383,5,5,1,0
9476,1,0.3680229187011719,4,5,0,0
9477,1,0.5863528251647949,7,7,1,1
9478,1,0.3070948123931885,8,8,1,0
9479,1,0.6659126281738281,1,8,0,1
9480,1,0.5574774742126465,5,5,1,1
9481,1,0.3018927574157715,3,3,1,0
9482,1,0.3065047264099121,1,1,1,0
9483,1,0.3686368465423584,8,8,1,0
9484,1,0.37938356399536133,1,1,1,0
9485,1,0.36600351333618164,9,9,1,0
9486,1,0.30509066581726074,8,8,1,0
9487,1,0.3491349220275879,1,1,1,0
9488,1,0.5217208862304688,3,3,1,1
9489,1,0.3886909484863281,1,1,1,0
9490,1,0.30788207054138184,7,7,1,0
9491,1,0.3629605770111084,3,3,1,0
9492,1,0.3795011043548584,4,7,0,0
9493,1,0.37020015716552734,0,0,1,0
9494,1,0.30216360092163086,7,0,0,0
9495,1,0.9523377418518066,3,3,1,2
9496,1,0.3420999050140381,9,9,1,0
9497,1,0.5794179439544678,5,4,0,1
9498,1,0.3489551544189453,9,9,1,0
9499,1,0.3145153522491455,8,8,1,0
9500,1,0.3276712894439697,1,1,1,0
9501,1,0.5785043239593506,2,2,1,1
9502,1,0.9361329078674316,8,8,1,2
9503,1,0.3083012104034424,1,9,0,0
9504,1,1.1374120712280273,3,7,0,3
9505,1,0.43157339096069336,4,4,1,0
9506,1,0.8755886554718018,2,2,1,2
9507,1,0.3521132469177246,7,7,1,0
9508,1,0.3546779155731201,3,3,1,0
9509,1,0.3512461185455322,9,9,1,0
9510,1,1.157250165939331,2,0,0,3
9511,1,0.295121431350708,6,6,1,0
9512,1,0.35192227363586426,7,7,1,0
9513,1,0.37249088287353516,1,1,1,0
9514,1,0.3449442386627197,6,6,1,0
9515,1,0.31295299530029297,7,7,1,0
9516,1,0.35056567192077637,2,2,1,0
9517,1,0.33576083183288574,6,6,1,0
9518,1,0.5871622562408447,2,2,1,1
9519,1,0.37387824058532715,1,1,1,0
9520,1,0.37636470794677734,6,6,1,0
9521,1,0.5757348537445068,0,0,1,1
9522,1,0.6004180908203125,6,6,1,1
9523,1,0.3522069454193115,6,6,1,0
9524,1,0.5914909839630127,3,3,1,1
9525,1,0.30850791931152344,4,4,1,0
9526,1,0.6443653106689453,6,6,1,1
9527,1,0.40178418159484863,3,3,1,0
9528,1,0.6264936923980713,7,7,1,1
9529,1,0.3029468059539795,0,0,1,0
9530,1,0.3172333240509033,9,9,1,0
9531,1,0.5562729835510254,2,2,1,1
9532,1,0.40741872787475586,3,3,1,0
9533,1,0.2891983985900879,1,1,1,0
9534,1,0.3188302516937256,1,1,1,0
9535,1,0.6700732707977295,0,7,0,1
9536,1,0.35330867767333984,3,3,1,0
9537,1,0.3710815906524658,4,4,1,0
9538,1,0.360335111618042,1,1,1,0
9539,1,0.3413996696472168,9,9,1,0
9540,1,0.29807114601135254,8,8,1,0
9541,1,0.3716859817504883,0,0,1,0
9542,1,0.5851502418518066,6,6,1,1
9543,1,0.6005420684814453,2,2,1,1
9544,1,0.701441764831543,4,7,0,1
9545,1,0.3078906536102295,7,7,1,0
9546,1,0.35422658920288086,0,0,1,0
9547,1,0.30660271644592285,3,3,1,0
9548,1,0.29546427726745605,6,6,1,0
9549,1,0.30771923065185547,7,7,1,0
9550,1,0.35999512672424316,1,1,1,0
9551,1,0.2971816062927246,5,5,1,0
9552,1,0.3803999423980713,1,1,1,0
9553,1,0.29895687103271484,0,0,1,0
9554,1,0.35809874534606934,6,6,1,0
9555,1,0.3361802101135254,7,7,1,0
9556,1,0.3685271739959717,5,5,1,0
9557,1,0.32115793228149414,7,7,1,0
9558,1,0.3489670753479004,1,1,1,0
9559,1,0.34816598892211914,4,7,0,0
9560,1,0.3510398864746094,5,3,0,0
9561,1,0.3688993453979492,8,8,1,0
9562,1,0.5419402122497559,6,6,1,1
9563,1,0.5406618118286133,0,0,1,1
9564,1,0.37755274772644043,6,6,1,0
9565,1,0.28684473037719727,3,3,1,0
9566,1,0.3498525619506836,8,8,1,0
9567,1,0.3430962562561035,9,9,1,0
9568,1,0.3038768768310547,4,4,1,0
9569,1,0.3499753475189209,2,2,1,0
9570,1,0.30077552795410156,9,9,1,0
9571,1,0.6166853904724121,2,2,1,1
9572,1,0.3887138366699219,3,3,1,0
9573,1,0.29116344451904297,7,7,1,0
9574,1,0.6183154582977295,0,0,1,1
9575,1,0.2991352081298828,9,9,1,0
9576,1,0.5769221782684326,5,5,1,1
9577,1,0.35271787643432617,0,0,1,0
9578,1,0.38479185104370117,9,9,1,0
9579,1,0.36661195755004883,3,3,1,0
9580,1,0.32285261154174805,7,7,1,0
9581,1,0.5962283611297607,9,9,1,1
9582,1,0.38907885551452637,1,1,1,0
9583,1,0.31864380836486816,4,4,1,0
9584,1,0.35759544372558594,0,0,1,0
9585,1,0.3279874324798584,8,8,1,0
9586,1,0.3888671398162842,7,7,1,0
9587,1,0.3457951545715332,4,4,1,0
9588,1,0.30788111686706543,6,6,1,0
9589,1,0.3704826831817627,8,8,1,0
9590,1,0.29984307289123535,8,8,1,0
9591,1,0.3812999725341797,7,7,1,0
9592,1,0.5437788963317871,4,4,1,1
9593,1,0.3759486675262451,8,8,1,0
9594,1,0.30377984046936035,3,3,1,0
9595,1,0.31166768074035645,1,1,1,0
9596,1,0.3664729595184326,9,9,1,0
9597,1,0.5340056419372559,3,3,1,1
9598,1,0.30264902114868164,7,7,1,0
9599,1,0.30774879455566406,8,8,1,0
9600,1,0.33246445655822754,9,9,1,0
9601,1,0.3675081729888916,6,6,1,0
9602,1,0.3383462429046631,9,9,1,0
9603,1,1.1116602420806885,5,2,0,3
9604,1,1.0036849975585938,6,6,1,2
9605,1,0.5960021018981934,7,7,1,1
9606,1,0.2681605815887451,2,2,1,0
9607,1,0.3673534393310547,5,5,1,0
9608,1,0.30194711685180664,0,0,1,0
9609,1,0.3464028835296631,3,6,0,0
9610,1,0.3492014408111572,0,0,1,0
9611,1,0.5450425148010254,4,2,0,1
9612,1,0.6350729465484619,4,4,1,1
9613,1,0.5453917980194092,2,2,1,1
9614,1,0.38807082176208496,3,3,1,0
9615,1,0.3889741897583008,3,6,0,0
9616,1,0.6208899021148682,2,2,1,1
9617,1,0.6256473064422607,3,3,1,1
9618,1,0.3105924129486084,1,9,0,0
9619,1,0.3492162227630615,1,1,1,0
9620,1,0.34552502632141113,7,5,0,0
9621,1,0.31850361824035645,0,0,1,0
9622,1,0.32634687423706055,4,6,0,0
9623,1,0.2752220630645752,2,2,1,0
9624,1,0.36002588272094727,3,6,0,0
9625,1,0.34885406494140625,8,8,1,0
9626,1,0.3890399932861328,3,3,1,0
9627,1,0.33493566513061523,2,2,1,0
9628,1,0.3087773323059082,2,2,1,0
9629,1,0.3006596565246582,8,8,1,0
9630,1,0.3756237030029297,0,0,1,0
9631,1,0.3054337501525879,8,8,1,0
9632,1,0.3005058765411377,6,6,1,0
9633,1,0.5672798156738281,1,1,1,1
9634,1,1.2096269130706787,9,7,0,3
9635,1,0.6803646087646484,2,2,1,1
9636,1,0.3228719234466553,9,9,1,0
9637,1,0.33306264877319336,6,6,1,0
9638,1,0.2999396324157715,8,8,1,0
9639,1,0.30809831619262695,5,3,0,0
9640,1,0.36276912689208984,8,0,0,0
9641,1,0.3720231056213379,2,2,1,0
9642,1,0.6270060539245605,0,2,0,1
9643,1,0.30740928649902344,5,5,1,0
9644,1,0.34297633171081543,0,0,1,0
9645,1,0.37917017936706543,8,8,1,0
9646,1,0.31180620193481445,7,7,1,0
9647,1,0.36850619316101074,6,6,1,0
9648,1,0.305370569229126,4,4,1,0
9649,1,0.55523681640625,4,4,1,1
9650,1,0.37428903579711914,8,8,1,0
9651,1,0.5452790260314941,9,0,0,1
9652,1,0.36052966117858887,0,0,1,0
9653,1,0.626507043838501,0,7,0,1
9654,1,0.32941555976867676,4,4,1,0
9655,1,0.3464369773864746,9,9,1,0
9656,1,0.38065314292907715,9,9,1,0
9657,1,0.2998390197753906,2,2,1,0
9658,1,0.34646034240722656,3,5,0,0
9659,1,0.30587291717529297,0,0,1,0
9660,1,0.306506872177124,2,2,1,0
9661,1,0.6208400726318359,2,2,1,1
9662,1,0.34790682792663574,9,9,1,0
9663,1,0.31069087982177734,1,1,1,0
9664,1,0.6458694934844971,3,2,0,1
9665,1,0.3480494022369385,1,9,0,0
9666,1,0.3099710941314697,5,5,1,0
9667,1,0.2958409786224365,2,2,1,0
9668,1,0.36792492866516113,5,5,1,0
9669,1,0.35131096839904785,8,8,1,0
9670,1,0.35225963592529297,3,3,1,0
9671,1,0.387509822845459,3,3,1,0
9672,1,0.3041059970855713,5,5,1,0
9673,1,0.3059215545654297,1,1,1,0
9674,1,0.3837871551513672,1,9,0,0
9675,1,0.3381476402282715,7,7,1,0
9676,1,0.32227540016174316,0,0,1,0
9677,1,0.3668665885925293,6,6,1,0
9678,1,0.36548447608947754,7,7,1,0
9679,1,0.3504776954650879,0,0,1,0
9680,1,0.3979806900024414,3,3,1,0
9681,1,0.3103046417236328,4,4,1,0
9682,1,0.30690431594848633,6,6,1,0
9683,1,0.5250921249389648,2,5,0,1
9684,1,0.3585476875305176,9,9,1,0
9685,1,0.537477970123291,4,7,0,1
9686,1,0.35111403465270996,8,8,1,0
9687,1,0.29758238792419434,0,0,1,0
9688,1,0.3716614246368408,8,0,0,0
9689,1,0.619398832321167,6,6,1,1
9690,1,0.4210994243621826,3,3,1,0
9691,1,0.34082937240600586,8,8,1,0
9692,1,0.30943894386291504,9,9,1,0
9693,1,0.36617136001586914,0,0,1,0
9694,1,0.37023425102233887,7,7,1,0
9695,1,0.33083510398864746,9,9,1,0
9696,1,0.34999847412109375,0,3,0,0
9697,1,0.32099246978759766,3,3,1,0
9698,1,0.31848788261413574,0,0,1,0
9699,1,0.34317922592163086,6,6,1,0
9700,1,0.30054521560668945,2,2,1,0
9701,1,0.5828042030334473,0,2,0,1
9702,1,0.3490884304046631,6,6,1,0
9703,1,0.3088679313659668,0,0,1,0
9704,1,0.33992743492126465,3,3,1,0
9705,1,0.37161707878112793,0,8,0,0
9706,1,0.2977616786956787,4,2,0,0
9707,1,0.318878173828125,8,8,1,0
9708,1,0.3903374671936035,8,8,1,0
9709,1,0.372983455657959,5,5,1,0
9710,1,0.5920376777648926,8,8,1,1
9711,1,0.33829355239868164,8,8,1,0
9712,1,0.3072545528411865,5,7,0,0
9713,1,0.6180109977722168,5,3,0,1
9714,1,0.3569204807281494,9,9,1,0
9715,1,0.37201690673828125,7,7,1,0
9716,1,0.32808899879455566,7,7,1,0
9717,1,0.34701013565063477,3,3,1,0
9718,1,0.34543633460998535,3,4,0,0
9719,1,0.3512732982635498,7,4,0,0
9720,1,0.3626828193664551,8,8,1,0
9721,1,0.5453183650970459,6,6,1,1
9722,1,0.6200177669525146,5,5,1,1
9723,1,0.9194087982177734,3,3,1,2
9724,1,0.3402280807495117,8,8,1,0
9725,1,0.3886439800262451,4,4,1,0
9726,1,0.31213998794555664,4,4,1,0
9727,1,0.4311408996582031,7,7,1,0
9728,1,0.30272912979125977,7,7,1,0
9729,1,0.3223574161529541,7,5,0,0
9730,1,0.31140899658203125,8,8,1,0
9731,1,0.3022797107696533,5,5,1,0
9732,1,0.30143284797668457,5,3,0,0
9733,1,0.30126166343688965,3,3,1,0
9734,1,0.389284610748291,1,1,1,0
9735,1,0.3528308868408203,4,3,0,0
9736,1,0.4160435199737549,1,9,0,0
9737,1,0.42157959938049316,7,7,1,0
9738,1,0.30344200134277344,1,1,1,0
9739,1,0.578047513961792,3,3,1,1
9740,1,0.3549079895019531,3,3,1,0
9741,1,0.3590397834777832,0,0,1,0
9742,1,0.3043937683105469,0,0,1,0
9743,1,0.37075138092041016,1,9,0,0
9744,1,0.9148359298706055,5,7,0,2
9745,1,0.5888688564300537,2,2,1,1
9746,1,0.3481588363647461,3,3,1,0
9747,1,0.3641822338104248,7,7,1,0
9748,1,1.1315040588378906,4,3,0,3
9749,1,0.3662545680999756,9,9,1,0
9750,1,0.3685574531555176,1,1,1,0
9751,1,0.5411911010742188,5,5,1,1
9752,1,0.3897395133972168,6,6,1,0
9753,1,0.32221102714538574,0,0,1,0
9754,1,0.6183350086212158,4,3,0,1
9755,1,0.30910325050354004,4,4,1,0
9756,1,0.3070101737976074,8,8,1,0
9757,1,0.3050990104675293,4,6,0,0
9758,1,0.3505408763885498,4,3,0,0
9759,1,0.2751922607421875,2,2,1,0
9760,1,0.3280344009399414,8,8,1,0
9761,1,0.3613591194152832,0,0,1,0
9762,1,0.3747572898864746,6,6,1,0
9763,1,0.32900571823120117,5,5,1,0
9764,1,0.6292908191680908,3,3,1,1
9765,1,0.34384799003601074,1,1,1,0
9766,1,0.3298327922821045,9,9,1,0
9767,1,0.3632233142852783,2,2,1,0
9768,1,0.3173089027404785,4,3,0,0
9769,1,0.3276968002319336,2,2,1,0
9770,1,0.6875827312469482,2,2,1,1
9771,1,0.5969803333282471,2,2,1,1
9772,1,0.3194870948791504,4,2,0,0
9773,1,0.5536947250366211,7,7,1,1
9774,1,0.30045151710510254,8,8,1,0
9775,1,0.36725521087646484,7,7,1,0
9776,1,0.3090183734893799,1,1,1,0
9777,1,0.37771129608154297,1,1,1,0
9778,1,0.3609023094177246,9,9,1,0
9779,1,0.26689887046813965,4,7,0,0
9780,1,0.9056665897369385,6,6,1,2
9781,1,0.37053775787353516,1,1,1,0
9782,1,0.30953168869018555,0,0,1,0
9783,1,0.36171483993530273,9,9,1,0
9784,1,1.0080173015594482,3,5,0,2
9785,1,0.6843061447143555,7,7,1,1
9786,1,0.3024623394012451,8,8,1,0
9787,1,0.3070950508117676,3,3,1,0
9788,1,0.39675402641296387,6,6,1,0
9789,1,0.32474398612976074,1,1,1,0
9790,1,0.3583054542541504,2,2,1,0
9791,1,0.3944826126098633,3,3,1,0
9792,1,0.31151771545410156,4,4,1,0
9793,1,0.6565079689025879,4,7,0,1
9794,1,0.5945749282836914,4,4,1,1
9795,1,0.34758830070495605,5,5,1,0
9796,1,0.3505375385284424,4,6,0,0
9797,1,0.34598803520202637,9,1,0,0
9798,1,0.2997620105743408,8,8,1,0
9799,1,0.3699774742126465,1,1,1,0
9800,1,0.37880825996398926,4,4,1,0
9801,1,0.3607301712036133,2,2,1,0
9802,1,0.36676907539367676,3,3,1,0
9803,1,0.2962527275085449,1,1,1,0
9804,1,0.30676746368408203,5,5,1,0
9805,1,0.5641193389892578,0,0,1,1
9806,1,0.35133910179138184,2,2,1,0
9807,1,0.3025946617126465,9,9,1,0
9808,1,0.32216835021972656,0,0,1,0
9809,1,0.36849093437194824,3,3,1,0
9810,1,0.32076430320739746,4,4,1,0
9811,1,0.6576137542724609,7,7,1,1
9812,1,0.39452385902404785,7,7,1,0
9813,1,0.9496195316314697,5,5,1,2
9814,1,0.3455510139465332,2,2,1,0
9815,1,0.6294121742248535,9,8,0,1
9816,1,0.3589205741882324,7,7,1,0
9817,1,0.586367130279541,4,4,1,1
9818,1,0.8846664428710938,9,9,1,2
9819,1,0.34081363677978516,9,3,0,0
9820,1,0.34879302978515625,3,3,1,0
9821,1,0.3053314685821533,7,7,1,0
9822,1,0.3089776039123535,8,8,1,0
9823,1,0.37886905670166016,5,3,0,0
9824,1,0.3694181442260742,7,7,1,0
9825,1,0.3620872497558594,1,1,1,0
9826,1,0.3508467674255371,5,5,1,0
9827,1,0.35019445419311523,9,9,1,0
9828,1,0.3371737003326416,2,2,1,0
9829,1,0.6769874095916748,0,6,0,1
9830,1,0.3471384048461914,0,0,1,0
9831,1,0.5222325325012207,0,0,1,1
9832,1,0.3570845127105713,0,0,1,0
9833,1,0.3525815010070801,5,5,1,0
9834,1,0.5808267593383789,1,8,0,1
9835,1,0.37055397033691406,8,8,1,0
9836,1,0.35613059997558594,7,7,1,0
9837,1,0.6484267711639404,6,6,1,1
9838,1,0.535193681716919,0,1,0,1
9839,1,0.3785402774810791,2,2,1,0
9840,1,0.6299831867218018,7,7,1,1
9841,1,0.34444499015808105,5,5,1,0
9842,1,0.35803866386413574,7,7,1,0
9843,1,0.623507022857666,4,5,0,1
9844,1,0.3011586666107178,3,3,1,0
9845,1,1.1468615531921387,1,1,1,3
9846,1,0.42735934257507324,0,0,1,0
9847,1,0.31713128089904785,8,8,1,0
9848,1,0.3074049949645996,8,8,1,0
9849,1,0.5646255016326904,5,5,1,1
9850,1,1.2319986820220947,7,7,1,3
9851,1,0.3398890495300293,8,8,1,0
9852,1,0.3191795349121094,5,5,1,0
9853,1,0.6232788562774658,5,5,1,1
9854,1,0.2700951099395752,8,8,1,0
9855,1,0.35430097579956055,0,0,1,0
9856,1,0.3779873847961426,0,0,1,0
9857,1,0.3128221035003662,0,0,1,0
9858,1,0.6734528541564941,8,8,1,1
9859,1,0.34943222999572754,0,0,1,0
9860,1,0.5672414302825928,5,3,0,1
9861,1,0.5724234580993652,6,6,1,1
9862,1,0.2533705234527588,7,7,1,0
9863,1,0.34691524505615234,8,8,1,0
9864,1,0.3364558219909668,0,0,1,0
9865,1,0.36052918434143066,1,1,1,0
9866,1,0.30782437324523926,0,0,1,0
9867,1,0.3424062728881836,8,8,1,0
9868,1,0.34854960441589355,4,4,1,0
9869,1,0.33365440368652344,8,8,1,0
9870,1,0.30913734436035156,2,2,1,0
9871,1,0.6182248592376709,8,8,1,1
9872,1,0.3382601737976074,0,0,1,0
9873,1,0.3415095806121826,9,9,1,0
9874,1,0.31031274795532227,9,9,1,0
9875,1,0.38077616691589355,1,1,1,0
9876,1,0.30750417709350586,8,8,1,0
9877,1,0.36382603645324707,1,1,1,0
9878,1,0.32356762886047363,0,0,1,0
9879,1,0.3874039649963379,5,5,1,0
9880,1,0.2966008186340332,6,6,1,0
9881,1,0.3174619674682617,9,9,1,0
9882,1,0.569068193435669,3,3,1,1
9883,1,0.622183084487915,9,6,0,1
9884,1,0.309093713760376,5,5,1,0
9885,1,0.3478686809539795,4,4,1,0
9886,1,0.3623466491699219,9,9,1,0
9887,1,0.38224244117736816,1,1,1,0
9888,1,0.30912089347839355,1,1,1,0
9889,1,0.3010592460632324,5,5,1,0
9890,1,0.5336053371429443,2,2,1,1
9891,1,0.3977327346801758,8,8,1,0
9892,1,0.37425994873046875,0,0,1,0
9893,1,0.30135107040405273,2,2,1,0
9894,1,0.38100576400756836,5,5,1,0
9895,1,0.37283968925476074,6,6,1,0
9896,1,0.3811228275299072,5,5,1,0
9897,1,0.375593900680542,2,2,1,0
9898,1,0.3028898239135742,8,8,1,0
9899,1,0.31693172454833984,7,7,1,0
9900,1,0.545720100402832,2,2,1,1
9901,1,0.30878686904907227,2,2,1,0
9902,1,0.3801147937774658,1,1,1,0
9903,1,0.4950125217437744,3,4,0,1
9904,1,0.34736180305480957,0,0,1,0
9905,1,0.3237037658691406,1,1,1,0
9906,1,0.6051235198974609,5,5,1,1
9907,1,0.4241518974304199,7,7,1,0
9908,1,0.6402273178100586,6,6,1,1
9909,1,0.3517179489135742,2,2,1,0
9910,1,0.3480954170227051,4,4,1,0
9911,1,0.31177353858947754,7,7,1,0
9912,1,0.34998607635498047,1,1,1,0
9913,1,0.34700822830200195,6,6,1,0
9914,1,0.37155961990356445,0,0,1,0
9915,1,0.3538362979888916,2,2,1,0
9916,1,0.33753252029418945,5,5,1,0
9917,1,0.3067586421966553,5,5,1,0
9918,1,0.37821245193481445,4,6,0,0
9919,1,0.3017454147338867,5,5,1,0
9920,1,0.3051469326019287,4,4,1,0
9921,1,0.6205391883850098,0,0,1,1
9922,1,0.31063294410705566,1,1,1,0
9923,1,0.6093418598175049,4,4,1,1
9924,1,0.3180656433105469,0,0,1,0
9925,1,0.36986565589904785,2,2,1,0
9926,1,0.5778458118438721,8,8,1,1
9927,1,0.3447582721710205,0,9,0,0
9928,1,0.3306412696838379,9,9,1,0
9929,1,0.3527646064758301,4,4,1,0
9930,1,0.2856605052947998,1,1,1,0
9931,1,0.42771220207214355,4,4,1,0
9932,1,0.3252544403076172,8,8,1,0
9933,1,0.3610706329345703,2,2,1,0
9934,1,0.5279111862182617,5,5,1,1
9935,1,0.348707914352417,6,6,1,0
9936,1,0.4341244697570801,9,9,1,0
9937,1,0.3281562328338623,1,5,0,0
9938,1,0.45180320739746094,1,1,1,0
9939,1,0.2970442771911621,1,1,1,0
9940,1,0.3677217960357666,2,2,1,0
9941,1,0.5500624179840088,0,0,1,1
9942,1,0.3711247444152832,5,5,1,0
9943,1,0.36802172660827637,4,4,1,0
9944,1,0.3142662048339844,9,9,1,0
9945,1,0.3391444683074951,0,0,1,0
9946,1,0.5757482051849365,2,2,1,1
9947,1,0.3137972354888916,5,5,1,0
9948,1,0.6180930137634277,2,2,1,1
9949,1,0.3786180019378662,4,7,0,0
9950,1,0.3417234420776367,9,9,1,0
9951,1,0.30516815185546875,7,7,1,0
9952,1,0.3060626983642578,8,8,1,0
9953,1,0.34136533737182617,4,4,1,0
9954,1,0.3685166835784912,6,2,0,0
9955,1,0.35720324516296387,3,5,0,0
9956,1,0.35281872749328613,4,6,0,0
9957,1,0.981046199798584,7,7,1,2
9958,1,0.364579439163208,9,9,1,0
9959,1,0.3926584720611572,8,8,1,0
9960,1,0.5232982635498047,4,3,0,1
9961,1,0.3256800174713135,9,9,1,0
9962,1,0.361250638961792,7,7,1,0
9963,1,0.5683262348175049,2,2,1,1
9964,1,0.3746523857116699,9,9,1,0
9965,1,0.3199656009674072,8,8,1,0
9966,1,0.5693948268890381,5,5,1,1
9967,1,0.3423283100128174,1,1,1,0
9968,1,0.5833592414855957,4,4,1,1
9969,1,0.3019108772277832,9,9,1,0
9970,1,0.35439562797546387,4,4,1,0
9971,1,0.3742563724517822,6,6,1,0
9972,1,0.44762396812438965,6,6,1,0
9973,1,0.29668164253234863,6,6,1,0
9974,1,0.32544803619384766,5,5,1,0
9975,1,0.29691171646118164,4,4,1,0
9976,1,0.3050971031188965,3,3,1,0
9977,1,0.3615748882293701,0,0,1,0
9978,1,0.5503189563751221,0,0,1,1
9979,1,0.6244301795959473,2,2,1,1
9980,1,0.30802011489868164,7,7,1,0
9981,1,0.5779695510864258,0,0,1,1
9982,1,0.6202020645141602,4,4,1,1
9983,1,0.34039783477783203,4,4,1,0
9984,1,0.3421602249145508,9,9,1,0
9985,1,0.37488365173339844,1,1,1,0
9986,1,0.3655519485473633,6,6,1,0
9987,1,0.34749722480773926,5,5,1,0
9988,1,0.6159389019012451,2,2,1,1
9989,1,0.30092954635620117,1,1,1,0
9990,1,0.3536863327026367,8,8,1,0
9991,1,0.5830388069152832,3,3,1,1
9992,1,0.3785064220428467,7,7,1,0
9993,1,0.30138540267944336,4,4,1,0
9994,1,0.35257840156555176,3,3,1,0
9995,1,0.584200382232666,4,4,1,1
9996,1,0.5843913555145264,8,8,1,1
9997,1,0.26434826850891113,0,0,1,0
9998,1,0.38870906829833984,7,7,1,0
9999,1,0.3462953567504883,0,0,1,0
