model_instance_id,sample_index,batch_size,inference_time_sec,predicted_class,true_class,correct,exit_id,confidence,remote_compute_time_sec,communication_overhead_sec,communication_overhead_ratio,path,entry_worker_id,terminal_worker_id,assigned_partition_id,worker1_compute_time_sec,worker2_compute_time_sec,worker3_compute_time_sec
model_0,0,1,0.38030004501342773,1,1,1,0,0.9988794922828674,0.20826244354248047,0.17203760147094727,0.4523733397530177,worker1,worker1,worker1,0,0.20826244354248047,0.0,0.0
model_0,1,1,0.28131771087646484,4,4,1,0,0.8723108768463135,0.18651533126831055,0.0948023796081543,0.3369939962641915,worker1,worker1,worker1,0,0.18651533126831055,0.0,0.0
model_0,2,1,0.8125371932983398,3,2,0,3,0.6412728428840637,0.5321915149688721,0.2803456783294678,0.3450250408740773,worker1->worker3->worker2,worker1,worker2,0,0.2820253372192383,0.10483789443969727,0.14532828330993652
model_0,3,1,0.3576200008392334,3,3,1,1,0.9815324544906616,0.27072715759277344,0.08689284324645996,0.24297534545760008,worker1,worker1,worker1,0,0.27072715759277344,0.0,0.0
model_0,4,1,0.2661144733428955,0,0,1,0,0.8155949115753174,0.18115448951721191,0.0849599838256836,0.31926104115430964,worker1,worker1,worker1,0,0.18115448951721191,0.0,0.0
model_0,5,1,0.526500940322876,2,2,1,2,0.8241358995437622,0.3774890899658203,0.14901185035705566,0.2830229519925916,worker1->worker3,worker1,worker3,0,0.2768106460571289,0.0,0.1006784439086914
model_0,6,1,0.2746553421020508,4,4,1,0,0.7399641871452332,0.17990970611572266,0.09474563598632812,0.3449619266867363,worker1,worker1,worker1,0,0.17990970611572266,0.0,0.0
model_0,7,1,0.26259517669677734,7,7,1,0,0.9921424388885498,0.17814874649047852,0.08444643020629883,0.3215840872195852,worker1,worker1,worker1,0,0.17814874649047852,0.0,0.0
model_0,8,1,0.35213732719421387,3,4,0,1,0.9545087814331055,0.2678654193878174,0.08427190780639648,0.2393154638784377,worker1,worker1,worker1,0,0.2678654193878174,0.0,0.0
model_0,9,1,0.35471653938293457,6,1,0,1,0.6541396379470825,0.26940035820007324,0.08531618118286133,0.24051932095209738,worker1,worker1,worker1,0,0.26940035820007324,0.0,0.0
model_0,10,1,0.35479092597961426,3,5,0,1,0.8310816884040833,0.2688615322113037,0.08592939376831055,0.24219727021216975,worker1,worker1,worker1,0,0.2688615322113037,0.0,0.0
model_0,11,1,0.2665257453918457,9,9,1,0,0.9904139637947083,0.18056511878967285,0.08596062660217285,0.32252278846755944,worker1,worker1,worker1,0,0.18056511878967285,0.0,0.0
model_0,12,1,0.3592214584350586,0,0,1,1,0.9434777498245239,0.27466297149658203,0.08455848693847656,0.23539375210727664,worker1,worker1,worker1,0,0.27466297149658203,0.0,0.0
model_0,13,1,0.2663078308105469,9,9,1,0,0.9857732653617859,0.1814274787902832,0.08488035202026367,0.3187302144361204,worker1,worker1,worker1,0,0.1814274787902832,0.0,0.0
model_0,14,1,0.3606562614440918,6,6,1,1,0.6908254027366638,0.27582693099975586,0.08482933044433594,0.23520825648409271,worker1,worker1,worker1,0,0.27582693099975586,0.0,0.0
model_0,15,1,0.6300077438354492,3,2,0,3,0.46417224407196045,0.43834948539733887,0.19165825843811035,0.3042157184788022,worker1->worker3->worker2,worker1,worker2,0,0.2670156955718994,0.09314227104187012,0.07819151878356934
model_0,16,1,0.2697575092315674,6,6,1,0,0.8747805953025818,0.1836249828338623,0.08613252639770508,0.3192961213315716,worker1,worker1,worker1,0,0.1836249828338623,0.0,0.0
model_0,17,1,0.2682960033416748,8,8,1,0,0.9924821257591248,0.1840040683746338,0.08429193496704102,0.3141751420713311,worker1,worker1,worker1,0,0.1840040683746338,0.0,0.0
model_0,18,1,0.5370371341705322,2,2,1,2,0.907489538192749,0.3874359130859375,0.14960122108459473,0.2785677406007644,worker1->worker3,worker1,worker3,0,0.27741384506225586,0.0,0.11002206802368164
model_0,19,1,0.2798044681549072,3,3,1,0,0.9396432638168335,0.19178485870361328,0.08801960945129395,0.31457542487335816,worker1,worker1,worker1,0,0.19178485870361328,0.0,0.0
model_0,20,1,0.3384881019592285,3,3,1,0,0.9190186858177185,0.1816260814666748,0.1568620204925537,0.46341959904826435,worker1,worker1,worker1,0,0.1816260814666748,0.0,0.0
model_0,21,1,0.44861483573913574,0,0,1,1,0.8941956162452698,0.28231263160705566,0.16630220413208008,0.37070152586033256,worker1,worker1,worker1,0,0.28231263160705566,0.0,0.0
model_0,22,1,0.3958253860473633,9,9,1,1,0.5688800811767578,0.27384471893310547,0.12198066711425781,0.30816787253676037,worker1,worker1,worker1,0,0.27384471893310547,0.0,0.0
model_0,23,1,0.36307406425476074,8,8,1,0,0.9971152544021606,0.2103877067565918,0.15268635749816895,0.42053777047272767,worker1,worker1,worker1,0,0.2103877067565918,0.0,0.0
model_0,24,1,0.5721182823181152,6,6,1,2,0.9863215088844299,0.35272836685180664,0.2193899154663086,0.3834695066505865,worker1->worker3,worker1,worker3,0,0.2710757255554199,0.0,0.08165264129638672
model_0,25,1,0.3423881530761719,2,5,0,0,0.7633412480354309,0.18297982215881348,0.1594083309173584,0.46557782296250905,worker1,worker1,worker1,0,0.18297982215881348,0.0,0.0
model_0,26,1,0.36339282989501953,3,3,1,1,0.9359797239303589,0.27767252922058105,0.08572030067443848,0.23588880578409374,worker1,worker1,worker1,0,0.27767252922058105,0.0,0.0
model_0,27,1,0.422640323638916,1,1,1,1,0.9080682992935181,0.26848864555358887,0.15415167808532715,0.36473490451192037,worker1,worker1,worker1,0,0.26848864555358887,0.0,0.0
model_0,28,1,0.28118133544921875,5,5,1,0,0.9461036324501038,0.17967867851257324,0.10150265693664551,0.3609864672364672,worker1,worker1,worker1,0,0.17967867851257324,0.0,0.0
model_0,29,1,0.35272789001464844,7,7,1,1,0.8310999274253845,0.26895570755004883,0.08377218246459961,0.23749803980944245,worker1,worker1,worker1,0,0.26895570755004883,0.0,0.0
model_0,30,1,0.2660703659057617,3,3,1,0,0.8359655737876892,0.1812143325805664,0.08485603332519531,0.31892327819494976,worker1,worker1,worker1,0,0.1812143325805664,0.0,0.0
model_0,31,1,0.2630147933959961,8,8,1,0,0.9852295517921448,0.17798781394958496,0.08502697944641113,0.3232783158261147,worker1,worker1,worker1,0,0.17798781394958496,0.0,0.0
model_0,32,1,0.26781463623046875,0,0,1,0,0.9930550456047058,0.18323183059692383,0.08458280563354492,0.31582592655898356,worker1,worker1,worker1,0,0.18323183059692383,0.0,0.0
model_0,33,1,0.525629997253418,8,8,1,2,0.5512314438819885,0.37380528450012207,0.1518247127532959,0.288843318582706,worker1->worker3,worker1,worker3,0,0.2732820510864258,0.0,0.10052323341369629
model_0,34,1,0.27454185485839844,9,9,1,0,0.9607568383216858,0.18663811683654785,0.08790373802185059,0.32018337629134563,worker1,worker1,worker1,0,0.18663811683654785,0.0,0.0
model_0,35,1,0.27354001998901367,9,9,1,0,0.9967693090438843,0.18860244750976562,0.08493757247924805,0.31051241599916324,worker1,worker1,worker1,0,0.18860244750976562,0.0,0.0
model_0,36,1,0.2716865539550781,6,6,1,0,0.9264715909957886,0.1828751564025879,0.08881139755249023,0.3268891899860996,worker1,worker1,worker1,0,0.1828751564025879,0.0,0.0
model_0,37,1,0.3590826988220215,4,4,1,1,0.8471298813819885,0.275148868560791,0.08393383026123047,0.23374512483218268,worker1,worker1,worker1,0,0.275148868560791,0.0,0.0
model_0,38,1,0.2704594135284424,5,5,1,0,0.8069315552711487,0.1838839054107666,0.08657550811767578,0.3201053606831519,worker1,worker1,worker1,0,0.1838839054107666,0.0,0.0
model_0,39,1,0.2683076858520508,8,8,1,0,0.9888613820075989,0.18238329887390137,0.08592438697814941,0.3202457160527616,worker1,worker1,worker1,0,0.18238329887390137,0.0,0.0
model_0,40,1,0.36391329765319824,3,5,0,1,0.569166362285614,0.2778358459472656,0.08607745170593262,0.23653285620786144,worker1,worker1,worker1,0,0.2778358459472656,0.0,0.0
model_0,41,1,0.2709975242614746,9,9,1,0,0.995202898979187,0.1832869052886963,0.08771061897277832,0.323658377366392,worker1,worker1,worker1,0,0.1832869052886963,0.0,0.0
model_0,42,1,0.36590075492858887,9,2,0,1,0.815803587436676,0.2767930030822754,0.08910775184631348,0.24352983875013928,worker1,worker1,worker1,0,0.2767930030822754,0.0,0.0
model_0,43,1,0.4467916488647461,1,1,1,1,0.9799195528030396,0.2929229736328125,0.1538686752319336,0.3443857458457401,worker1,worker1,worker1,0,0.2929229736328125,0.0,0.0
model_0,44,1,0.3645930290222168,0,0,1,1,0.8023911118507385,0.27950239181518555,0.08509063720703125,0.23338525543187547,worker1,worker1,worker1,0,0.27950239181518555,0.0,0.0
model_0,45,1,0.3423192501068115,7,3,0,0,0.8207148909568787,0.18558812141418457,0.15673112869262695,0.457850759616128,worker1,worker1,worker1,0,0.18558812141418457,0.0,0.0
model_0,46,1,0.27435874938964844,6,5,0,0,0.754905104637146,0.18668246269226074,0.0876762866973877,0.31956803598367667,worker1,worker1,worker1,0,0.18668246269226074,0.0,0.0
model_0,47,1,0.42821598052978516,3,6,0,1,0.7348257303237915,0.27459001541137695,0.1536259651184082,0.35875813165203096,worker1,worker1,worker1,0,0.27459001541137695,0.0,0.0
model_0,48,1,0.39441370964050293,3,2,0,0,0.7285758256912231,0.22833847999572754,0.1660752296447754,0.4210686028032553,worker1,worker1,worker1,0,0.22833847999572754,0.0,0.0
model_0,49,1,0.39070653915405273,6,6,1,1,0.9904948472976685,0.28199076652526855,0.10871577262878418,0.2782542950629202,worker1,worker1,worker1,0,0.28199076652526855,0.0,0.0
model_0,50,1,0.27072787284851074,6,6,1,0,0.9183809161186218,0.18496251106262207,0.08576536178588867,0.3167954628516576,worker1,worker1,worker1,0,0.18496251106262207,0.0,0.0
model_0,51,1,0.27192091941833496,7,7,1,0,0.9987502098083496,0.1827542781829834,0.08916664123535156,0.3279138707904033,worker1,worker1,worker1,0,0.1827542781829834,0.0,0.0
model_0,52,1,0.2702333927154541,3,5,0,0,0.6259307265281677,0.18564987182617188,0.08458352088928223,0.31300173542337006,worker1,worker1,worker1,0,0.18564987182617188,0.0,0.0
model_0,53,1,0.5093591213226318,3,4,0,2,0.9906754493713379,0.35577940940856934,0.1535797119140625,0.30151558200286743,worker1->worker3,worker1,worker3,0,0.2730062007904053,0.0,0.08277320861816406
model_0,54,1,0.2846674919128418,6,6,1,0,0.9830332398414612,0.19440913200378418,0.09025835990905762,0.3170659189167006,worker1,worker1,worker1,0,0.19440913200378418,0.0,0.0
model_0,55,1,0.49648475646972656,0,0,1,2,0.7716735601425171,0.3516874313354492,0.14479732513427734,0.29164505706854754,worker1->worker3,worker1,worker3,0,0.273298978805542,0.0,0.07838845252990723
model_0,56,1,0.33278965950012207,2,2,1,0,0.8297075629234314,0.23432087898254395,0.09846878051757812,0.29588894277991235,worker1,worker1,worker1,0,0.23432087898254395,0.0,0.0
model_0,57,1,0.4997117519378662,2,2,1,2,0.9589126110076904,0.35724353790283203,0.14246821403503418,0.2851007875691276,worker1->worker3,worker1,worker3,0,0.2753734588623047,0.0,0.08187007904052734
model_0,58,1,0.35439300537109375,3,3,1,0,0.7348867058753967,0.23410582542419434,0.12028717994689941,0.33941747755699553,worker1,worker1,worker1,0,0.23410582542419434,0.0,0.0
model_0,59,1,0.3640015125274658,0,0,1,1,0.7390989661216736,0.27389001846313477,0.09011149406433105,0.24755802095061807,worker1,worker1,worker1,0,0.27389001846313477,0.0,0.0
model_0,60,1,0.36264634132385254,3,3,1,1,0.7163835763931274,0.2766842842102051,0.08596205711364746,0.23704101577266742,worker1,worker1,worker1,0,0.2766842842102051,0.0,0.0
model_0,61,1,0.2701103687286377,9,9,1,0,0.9870331287384033,0.18490004539489746,0.08521032333374023,0.3154648365955381,worker1,worker1,worker1,0,0.18490004539489746,0.0,0.0
model_0,62,1,0.4994087219238281,2,2,1,2,0.5345557332038879,0.3561742305755615,0.1432344913482666,0.28680814943819366,worker1->worker3,worker1,worker3,0,0.27573466300964355,0.0,0.08043956756591797
model_0,63,1,0.3647615909576416,8,8,1,0,0.904219388961792,0.23775386810302734,0.12700772285461426,0.3481937956273559,worker1,worker1,worker1,0,0.23775386810302734,0.0,0.0
model_0,64,1,0.3652641773223877,9,9,1,1,0.7362514734268188,0.2762141227722168,0.0890500545501709,0.24379629889512536,worker1,worker1,worker1,0,0.2762141227722168,0.0,0.0
model_0,65,1,0.636772632598877,0,0,1,3,0.5678153038024902,0.45669007301330566,0.1800825595855713,0.2828051181323475,worker1->worker3->worker2,worker1,worker2,0,0.2755126953125,0.09994006156921387,0.0812373161315918
model_0,66,1,0.30180859565734863,1,1,1,0,0.9827102422714233,0.19010281562805176,0.11170578002929688,0.37012126770610415,worker1,worker1,worker1,0,0.19010281562805176,0.0,0.0
model_0,67,1,0.27155113220214844,9,1,0,0,0.6945714950561523,0.18238425254821777,0.08916687965393066,0.3283612884646452,worker1,worker1,worker1,0,0.18238425254821777,0.0,0.0
model_0,68,1,0.35562658309936523,5,5,1,1,0.7130683660507202,0.2728087902069092,0.08281779289245605,0.23287852153987046,worker1,worker1,worker1,0,0.2728087902069092,0.0,0.0
model_0,69,1,0.2767047882080078,5,5,1,0,0.9124339818954468,0.18634295463562012,0.0903618335723877,0.3265640401728785,worker1,worker1,worker1,0,0.18634295463562012,0.0,0.0
model_0,70,1,0.35792016983032227,0,1,0,1,0.9133583307266235,0.2726321220397949,0.08528804779052734,0.23828790601814784,worker1,worker1,worker1,0,0.2726321220397949,0.0,0.0
model_0,71,1,0.2653319835662842,4,4,1,0,0.9418591260910034,0.18215012550354004,0.08318185806274414,0.3135010598598415,worker1,worker1,worker1,0,0.18215012550354004,0.0,0.0
model_0,72,1,0.265153169631958,6,6,1,0,0.7936818599700928,0.18279552459716797,0.08235764503479004,0.3106040374667418,worker1,worker1,worker1,0,0.18279552459716797,0.0,0.0
model_0,73,1,0.5041029453277588,7,7,1,2,0.9941891431808472,0.3576977252960205,0.14640522003173828,0.2904272260035065,worker1->worker3,worker1,worker3,0,0.2734198570251465,0.0,0.08427786827087402
model_0,74,1,0.38495659828186035,0,0,1,0,0.6996145248413086,0.2669498920440674,0.11800670623779297,0.3065454826972207,worker1,worker1,worker1,0,0.2669498920440674,0.0,0.0
model_0,75,1,0.3800933361053467,2,2,1,1,0.8881168961524963,0.28693294525146484,0.09316039085388184,0.24509872182568732,worker1,worker1,worker1,0,0.28693294525146484,0.0,0.0
model_0,76,1,0.3630359172821045,6,1,0,1,0.9096251726150513,0.2784569263458252,0.0845789909362793,0.23297692297083503,worker1,worker1,worker1,0,0.2784569263458252,0.0,0.0
model_0,77,1,0.36054039001464844,1,1,1,1,0.988720715045929,0.27661752700805664,0.0839228630065918,0.23276965724473223,worker1,worker1,worker1,0,0.27661752700805664,0.0,0.0
model_0,78,1,0.5019567012786865,2,2,1,2,0.8577776551246643,0.36005234718322754,0.14190435409545898,0.28270237997415165,worker1->worker3,worker1,worker3,0,0.276949405670166,0.0,0.08310294151306152
model_0,79,1,0.40141963958740234,2,2,1,0,0.9059289693832397,0.2720823287963867,0.12933731079101562,0.3221997581482423,worker1,worker1,worker1,0,0.2720823287963867,0.0,0.0
model_0,80,1,0.5420935153961182,5,7,0,2,0.8100273013114929,0.39196252822875977,0.1501309871673584,0.27694665754792286,worker1->worker3,worker1,worker3,0,0.2783067226409912,0.0,0.11365580558776855
model_0,81,1,0.472611665725708,3,3,1,1,0.976478099822998,0.3873097896575928,0.08530187606811523,0.18049041581978703,worker1,worker1,worker1,0,0.3873097896575928,0.0,0.0
model_0,82,1,0.2715427875518799,3,3,1,0,0.7804386615753174,0.18329524993896484,0.08824753761291504,0.32498575421030035,worker1,worker1,worker1,0,0.18329524993896484,0.0,0.0
model_0,83,1,0.27726268768310547,1,1,1,0,0.7939394116401672,0.18169021606445312,0.09557247161865234,0.3447000835824181,worker1,worker1,worker1,0,0.18169021606445312,0.0,0.0
model_0,84,1,0.2670896053314209,4,4,1,0,0.9187469482421875,0.18287014961242676,0.08421945571899414,0.31532285060097925,worker1,worker1,worker1,0,0.18287014961242676,0.0,0.0
model_0,85,1,0.2705354690551758,4,4,1,0,0.957038164138794,0.1822812557220459,0.08825421333312988,0.32622049020540966,worker1,worker1,worker1,0,0.1822812557220459,0.0,0.0
model_0,86,1,0.37160396575927734,4,7,0,1,0.5412805080413818,0.2756330966949463,0.09597086906433105,0.25826115409785577,worker1,worker1,worker1,0,0.2756330966949463,0.0,0.0
model_0,87,1,0.26659250259399414,7,7,1,0,0.6543970108032227,0.18304181098937988,0.08355069160461426,0.31340225547099276,worker1,worker1,worker1,0,0.18304181098937988,0.0,0.0
model_0,88,1,0.26907873153686523,6,6,1,0,0.9666780829429626,0.1816082000732422,0.08747053146362305,0.32507411850809587,worker1,worker1,worker1,0,0.1816082000732422,0.0,0.0
model_0,89,1,0.27335405349731445,9,1,0,0,0.9181298613548279,0.18372297286987305,0.0896310806274414,0.3278937315203265,worker1,worker1,worker1,0,0.18372297286987305,0.0,0.0
model_0,90,1,0.27025437355041504,0,9,0,0,0.8387606739997864,0.1819140911102295,0.08834028244018555,0.3268782713102179,worker1,worker1,worker1,0,0.1819140911102295,0.0,0.0
model_0,91,1,0.3575429916381836,2,2,1,1,0.8341140151023865,0.27155280113220215,0.08599019050598145,0.24050307939751034,worker1,worker1,worker1,0,0.27155280113220215,0.0,0.0
model_0,92,1,0.27036523818969727,4,8,0,0,0.7451170086860657,0.18567919731140137,0.0846860408782959,0.3132282886858308,worker1,worker1,worker1,0,0.18567919731140137,0.0,0.0
model_0,93,1,0.359128475189209,0,0,1,1,0.9962627291679382,0.2723958492279053,0.08673262596130371,0.24150862978940366,worker1,worker1,worker1,0,0.2723958492279053,0.0,0.0
model_0,94,1,0.26616907119750977,8,8,1,0,0.8438474535942078,0.18297576904296875,0.08319330215454102,0.31255811120446725,worker1,worker1,worker1,0,0.18297576904296875,0.0,0.0
model_0,95,1,0.26967763900756836,3,3,1,0,0.9838665723800659,0.18142294883728027,0.08825469017028809,0.3272599481924835,worker1,worker1,worker1,0,0.18142294883728027,0.0,0.0
model_0,96,1,0.5589978694915771,3,3,1,2,0.8937127590179443,0.41330409049987793,0.14569377899169922,0.2606338716893705,worker1->worker3,worker1,worker3,0,0.27270054817199707,0.0,0.14060354232788086
model_0,97,1,0.3359501361846924,7,7,1,0,0.7245311141014099,0.23383092880249023,0.10211920738220215,0.30397132307176966,worker1,worker1,worker1,0,0.23383092880249023,0.0,0.0
model_0,98,1,0.35985875129699707,4,4,1,1,0.9024940133094788,0.2747650146484375,0.08509373664855957,0.23646426922192695,worker1,worker1,worker1,0,0.2747650146484375,0.0,0.0
model_0,99,1,0.3607161045074463,0,0,1,1,0.9939223527908325,0.27640223503112793,0.08431386947631836,0.23374024176560673,worker1,worker1,worker1,0,0.27640223503112793,0.0,0.0
model_0,100,1,0.2662544250488281,1,1,1,0,0.7888223528862,0.18291664123535156,0.08333778381347656,0.31300055876327065,worker1,worker1,worker1,0,0.18291664123535156,0.0,0.0
model_0,101,1,0.36156320571899414,9,1,0,1,0.6067662835121155,0.27912092208862305,0.0824422836303711,0.22801624259976552,worker1,worker1,worker1,0,0.27912092208862305,0.0,0.0
model_0,102,1,0.3586087226867676,3,5,0,1,0.8083117008209229,0.2739388942718506,0.08466982841491699,0.23610643874068055,worker1,worker1,worker1,0,0.2739388942718506,0.0,0.0
model_0,103,1,0.35836195945739746,9,0,0,1,0.5668742656707764,0.27322888374328613,0.08513307571411133,0.23756169835384566,worker1,worker1,worker1,0,0.27322888374328613,0.0,0.0
model_0,104,1,0.357943058013916,4,4,1,1,0.9716349244117737,0.27469635009765625,0.08324670791625977,0.23256969524192678,worker1,worker1,worker1,0,0.27469635009765625,0.0,0.0
model_0,105,1,0.2691688537597656,0,0,1,0,0.985191285610199,0.18553638458251953,0.0836324691772461,0.3107063391958731,worker1,worker1,worker1,0,0.18553638458251953,0.0,0.0
model_0,106,1,0.2657806873321533,7,7,1,0,0.9164149761199951,0.1829547882080078,0.08282589912414551,0.3116324965351442,worker1,worker1,worker1,0,0.1829547882080078,0.0,0.0
model_0,107,1,0.6385252475738525,7,7,1,3,0.4800994098186493,0.4591803550720215,0.17934489250183105,0.2808736117847679,worker1->worker3->worker2,worker1,worker2,0,0.27968311309814453,0.10025191307067871,0.07924532890319824
model_0,108,1,0.37665867805480957,9,1,0,1,0.9753615856170654,0.2807762622833252,0.09588241577148438,0.2545604850169734,worker1,worker1,worker1,0,0.2807762622833252,0.0,0.0
model_0,109,1,0.6345100402832031,6,0,0,3,0.598260760307312,0.44884300231933594,0.1856670379638672,0.2926148148593484,worker1->worker3->worker2,worker1,worker2,0,0.27618408203125,0.0910794734954834,0.08157944679260254
model_0,110,1,0.2742452621459961,9,9,1,0,0.88752281665802,0.18921875953674316,0.08502650260925293,0.3100381824061871,worker1,worker1,worker1,0,0.18921875953674316,0.0,0.0
model_0,111,1,0.26879096031188965,4,4,1,0,0.9336035251617432,0.18102312088012695,0.0877678394317627,0.32652824086763155,worker1,worker1,worker1,0,0.18102312088012695,0.0,0.0
model_0,112,1,0.5100610256195068,5,3,0,2,0.989531397819519,0.36136293411254883,0.148698091506958,0.2915300013882715,worker1->worker3,worker1,worker3,0,0.2735104560852051,0.0,0.08785247802734375
model_0,113,1,0.7646791934967041,8,1,0,3,0.9255660772323608,0.5399684906005859,0.22471070289611816,0.29386271368070993,worker1->worker3->worker2,worker1,worker2,0,0.33602213859558105,0.11922383308410645,0.08472251892089844
model_0,114,1,0.2967672348022461,4,4,1,0,0.6924506425857544,0.20212578773498535,0.09464144706726074,0.31890800590006524,worker1,worker1,worker1,0,0.20212578773498535,0.0,0.0
model_0,115,1,0.2752087116241455,9,9,1,0,0.9913133978843689,0.18313169479370117,0.09207701683044434,0.3345715921819894,worker1,worker1,worker1,0,0.18313169479370117,0.0,0.0
model_0,116,1,0.33188652992248535,3,3,1,0,0.7642244100570679,0.18582701683044434,0.14605951309204102,0.4400887047936364,worker1,worker1,worker1,0,0.18582701683044434,0.0,0.0
model_0,117,1,0.3647019863128662,4,4,1,1,0.9994981288909912,0.27909016609191895,0.08561182022094727,0.23474459540646322,worker1,worker1,worker1,0,0.27909016609191895,0.0,0.0
model_0,118,1,0.6873760223388672,7,0,0,3,0.7059827446937561,0.5006203651428223,0.18675565719604492,0.27169358710039043,worker1->worker3->worker2,worker1,worker2,0,0.2765367031097412,0.14268016815185547,0.08140349388122559
model_0,119,1,0.32178330421447754,4,4,1,0,0.9919629096984863,0.22600960731506348,0.09577369689941406,0.2976341396369596,worker1,worker1,worker1,0,0.22600960731506348,0.0,0.0
model_0,120,1,0.49973225593566895,3,3,1,2,0.928432047367096,0.3566768169403076,0.14305543899536133,0.28626416905491286,worker1->worker3,worker1,worker3,0,0.27572035789489746,0.0,0.08095645904541016
model_0,121,1,0.6635055541992188,5,5,1,2,0.9174639582633972,0.522939920425415,0.1405656337738037,0.21185298734002553,worker1->worker3,worker1,worker3,0,0.40385890007019043,0.0,0.11908102035522461
model_0,122,1,0.4880969524383545,0,0,1,1,0.9928672313690186,0.40256476402282715,0.08553218841552734,0.1752360632211279,worker1,worker1,worker1,0,0.40256476402282715,0.0,0.0
model_0,123,1,0.35977768898010254,9,1,0,1,0.49256885051727295,0.27466702461242676,0.08511066436767578,0.23656459801314367,worker1,worker1,worker1,0,0.27466702461242676,0.0,0.0
model_0,124,1,0.267535924911499,9,1,0,0,0.5954744219779968,0.18294739723205566,0.08458852767944336,0.3161763329819174,worker1,worker1,worker1,0,0.18294739723205566,0.0,0.0
model_0,125,1,0.4110445976257324,0,0,1,1,0.9778253436088562,0.279543399810791,0.1315011978149414,0.31991953810977203,worker1,worker1,worker1,0,0.279543399810791,0.0,0.0
model_0,126,1,0.2672102451324463,7,5,0,0,0.7950559258460999,0.1825733184814453,0.08463692665100098,0.31674282028014894,worker1,worker1,worker1,0,0.1825733184814453,0.0,0.0
model_0,127,1,0.26752161979675293,4,4,1,0,0.931409478187561,0.18167328834533691,0.08584833145141602,0.32090240600605846,worker1,worker1,worker1,0,0.18167328834533691,0.0,0.0
model_0,128,1,0.2746138572692871,8,8,1,0,0.9386671185493469,0.18665027618408203,0.08796358108520508,0.3203173429043231,worker1,worker1,worker1,0,0.18665027618408203,0.0,0.0
model_0,129,1,0.4979109764099121,5,5,1,2,0.6421955823898315,0.3557891845703125,0.1421217918395996,0.28543614937822914,worker1->worker3,worker1,worker3,0,0.272815465927124,0.0,0.08297371864318848
model_0,130,1,0.6134746074676514,3,5,0,2,0.8582600355148315,0.4661977291107178,0.1472768783569336,0.240070047829485,worker1->worker3,worker1,worker3,0,0.37972235679626465,0.0,0.08647537231445312
model_0,131,1,0.48781657218933105,9,9,1,1,0.8308514952659607,0.3884434700012207,0.09937310218811035,0.20370997594879112,worker1,worker1,worker1,0,0.3884434700012207,0.0,0.0
model_0,132,1,0.358536958694458,5,2,0,1,0.6738492250442505,0.27364420890808105,0.08489274978637695,0.2367754501390798,worker1,worker1,worker1,0,0.27364420890808105,0.0,0.0
model_0,133,1,0.267528772354126,7,5,0,0,0.887203574180603,0.18364906311035156,0.08387970924377441,0.3135352826003456,worker1,worker1,worker1,0,0.18364906311035156,0.0,0.0
model_0,134,1,0.36554718017578125,6,2,0,1,0.8116304278373718,0.27735400199890137,0.08819317817687988,0.2412634618996932,worker1,worker1,worker1,0,0.27735400199890137,0.0,0.0
model_0,135,1,0.3562774658203125,3,3,1,1,0.9878002405166626,0.27296924591064453,0.08330821990966797,0.23382960726369437,worker1,worker1,worker1,0,0.27296924591064453,0.0,0.0
model_0,136,1,0.2689037322998047,6,6,1,0,0.9388352036476135,0.18364810943603516,0.08525562286376953,0.3170488640474383,worker1,worker1,worker1,0,0.18364810943603516,0.0,0.0
model_0,137,1,0.2695653438568115,8,8,1,0,0.7659785747528076,0.18631315231323242,0.0832521915435791,0.30883863019053825,worker1,worker1,worker1,0,0.18631315231323242,0.0,0.0
model_0,138,1,0.3605937957763672,9,1,0,1,0.5194798707962036,0.2732694149017334,0.08732438087463379,0.2421682843616937,worker1,worker1,worker1,0,0.2732694149017334,0.0,0.0
model_0,139,1,0.358060359954834,6,8,0,1,0.9025586247444153,0.27480483055114746,0.08325552940368652,0.23251814139434043,worker1,worker1,worker1,0,0.27480483055114746,0.0,0.0
model_0,140,1,0.35865235328674316,5,5,1,1,0.982573926448822,0.2749021053314209,0.08375024795532227,0.23351372767478762,worker1,worker1,worker1,0,0.2749021053314209,0.0,0.0
model_0,141,1,0.2673935890197754,1,1,1,0,0.8583043813705444,0.18284869194030762,0.08454489707946777,0.3161814663896641,worker1,worker1,worker1,0,0.18284869194030762,0.0,0.0
model_0,142,1,0.36197900772094727,2,2,1,1,0.9686550498008728,0.27874255180358887,0.0832364559173584,0.22994829573522146,worker1,worker1,worker1,0,0.27874255180358887,0.0,0.0
model_0,143,1,0.35779285430908203,4,4,1,1,0.9225872755050659,0.27265405654907227,0.08513879776000977,0.2379555565032665,worker1,worker1,worker1,0,0.27265405654907227,0.0,0.0
model_0,144,1,0.26988697052001953,5,4,0,0,0.8111891746520996,0.1830432415008545,0.08684372901916504,0.3217781460580854,worker1,worker1,worker1,0,0.1830432415008545,0.0,0.0
model_0,145,1,0.276256799697876,0,0,1,0,0.6918227672576904,0.18853402137756348,0.0877227783203125,0.3175407027673135,worker1,worker1,worker1,0,0.18853402137756348,0.0,0.0
model_0,146,1,0.26642823219299316,2,2,1,0,0.7088483572006226,0.18303728103637695,0.08339095115661621,0.31299592565779644,worker1,worker1,worker1,0,0.18303728103637695,0.0,0.0
model_0,147,1,0.26974916458129883,0,8,0,0,0.7755029797554016,0.18506574630737305,0.08468341827392578,0.31393394083488746,worker1,worker1,worker1,0,0.18506574630737305,0.0,0.0
model_0,148,1,0.26743412017822266,8,8,1,0,0.8609852194786072,0.18413090705871582,0.08330321311950684,0.3114905946331461,worker1,worker1,worker1,0,0.18413090705871582,0.0,0.0
model_0,149,1,0.26795339584350586,4,4,1,0,0.8304460644721985,0.18361496925354004,0.08433842658996582,0.31475035546562885,worker1,worker1,worker1,0,0.18361496925354004,0.0,0.0
model_0,150,1,0.5406732559204102,3,5,0,2,0.7783602476119995,0.3931000232696533,0.14757323265075684,0.2729434663816262,worker1->worker3,worker1,worker3,0,0.27779150009155273,0.0,0.11530852317810059
model_0,151,1,0.3768155574798584,8,7,0,1,0.8476609587669373,0.284679651260376,0.09213590621948242,0.24451194859280004,worker1,worker1,worker1,0,0.284679651260376,0.0,0.0
model_0,152,1,0.3607938289642334,0,0,1,1,0.9278719425201416,0.27405762672424316,0.08673620223999023,0.24040378542225194,worker1,worker1,worker1,0,0.27405762672424316,0.0,0.0
model_0,153,1,0.2719883918762207,9,1,0,0,0.9823237657546997,0.18601274490356445,0.08597564697265625,0.31610042759392076,worker1,worker1,worker1,0,0.18601274490356445,0.0,0.0
model_0,154,1,0.26979875564575195,2,2,1,0,0.9125319719314575,0.18334150314331055,0.0864572525024414,0.3204508942063488,worker1,worker1,worker1,0,0.18334150314331055,0.0,0.0
model_0,155,1,0.36202335357666016,3,3,1,1,0.9865829348564148,0.27700042724609375,0.0850229263305664,0.23485481113461482,worker1,worker1,worker1,0,0.27700042724609375,0.0,0.0
model_0,156,1,0.271822452545166,4,4,1,0,0.8272078633308411,0.1860964298248291,0.08572602272033691,0.31537506161707773,worker1,worker1,worker1,0,0.1860964298248291,0.0,0.0
model_0,157,1,0.2684018611907959,6,6,1,0,0.6963979005813599,0.1831340789794922,0.08526778221130371,0.3176870005036602,worker1,worker1,worker1,0,0.1831340789794922,0.0,0.0
model_0,158,1,0.2683558464050293,7,7,1,0,0.974668025970459,0.18371319770812988,0.08464264869689941,0.31541197939525534,worker1,worker1,worker1,0,0.18371319770812988,0.0,0.0
model_0,159,1,0.2694263458251953,7,7,1,0,0.9217821955680847,0.18381690979003906,0.08560943603515625,0.31774708510020744,worker1,worker1,worker1,0,0.18381690979003906,0.0,0.0
model_0,160,1,0.26962947845458984,9,9,1,0,0.9742995500564575,0.18351984024047852,0.08610963821411133,0.31936284825998223,worker1,worker1,worker1,0,0.18351984024047852,0.0,0.0
model_0,161,1,0.26906871795654297,1,1,1,0,0.9334373474121094,0.18430876731872559,0.08475995063781738,0.31501228118055286,worker1,worker1,worker1,0,0.18430876731872559,0.0,0.0
model_0,162,1,0.36179161071777344,1,1,1,1,0.958581268787384,0.27536916732788086,0.08642244338989258,0.23887354164579852,worker1,worker1,worker1,0,0.27536916732788086,0.0,0.0
model_0,163,1,0.3437674045562744,1,1,1,0,0.722163736820221,0.18487238883972168,0.15889501571655273,0.4622166430283002,worker1,worker1,worker1,0,0.18487238883972168,0.0,0.0
model_0,164,1,0.28399085998535156,4,3,0,0,0.9629872441291809,0.1874380111694336,0.09655284881591797,0.3399857615871801,worker1,worker1,worker1,0,0.1874380111694336,0.0,0.0
model_0,165,1,0.34392333030700684,9,9,1,0,0.5741621255874634,0.18705391883850098,0.15686941146850586,0.45611738909504834,worker1,worker1,worker1,0,0.18705391883850098,0.0,0.0
model_0,166,1,0.3328275680541992,8,8,1,0,0.9947197437286377,0.19206523895263672,0.1407623291015625,0.4229286952535137,worker1,worker1,worker1,0,0.19206523895263672,0.0,0.0
model_0,167,1,0.3750452995300293,7,7,1,1,0.9996211528778076,0.27823948860168457,0.09680581092834473,0.2581176488537584,worker1,worker1,worker1,0,0.27823948860168457,0.0,0.0
model_0,168,1,0.343397855758667,7,7,1,0,0.969474196434021,0.1841895580291748,0.1592082977294922,0.4636263595116346,worker1,worker1,worker1,0,0.1841895580291748,0.0,0.0
model_0,169,1,0.44245100021362305,9,1,0,0,0.5972409248352051,0.26728296279907227,0.17516803741455078,0.3959038115632615,worker1,worker1,worker1,0,0.26728296279907227,0.0,0.0
model_0,170,1,0.5692684650421143,6,2,0,2,0.5784951448440552,0.40279102325439453,0.16647744178771973,0.2924410045713735,worker1->worker3,worker1,worker3,0,0.2983584403991699,0.0,0.10443258285522461
model_0,171,1,0.3021507263183594,6,6,1,0,0.966378390789032,0.20697784423828125,0.09517288208007812,0.3149847866981454,worker1,worker1,worker1,0,0.20697784423828125,0.0,0.0
model_0,172,1,0.36733245849609375,6,6,1,1,0.9921878576278687,0.2819979190826416,0.08533453941345215,0.23230873678526182,worker1,worker1,worker1,0,0.2819979190826416,0.0,0.0
model_0,173,1,0.269930362701416,6,6,1,0,0.7924689054489136,0.18434643745422363,0.08558392524719238,0.3170592755504915,worker1,worker1,worker1,0,0.18434643745422363,0.0,0.0
model_0,174,1,0.36644721031188965,4,4,1,1,0.6980289220809937,0.2815825939178467,0.08486461639404297,0.23158756297206684,worker1,worker1,worker1,0,0.2815825939178467,0.0,0.0
model_0,175,1,0.5055954456329346,2,2,1,2,0.992027223110199,0.3592994213104248,0.14629602432250977,0.289353920384642,worker1->worker3,worker1,worker3,0,0.2742044925689697,0.0,0.08509492874145508
model_0,176,1,0.6781995296478271,6,2,0,3,0.5242972373962402,0.48796868324279785,0.1902308464050293,0.28049392264222245,worker1->worker3->worker2,worker1,worker2,0,0.3034815788269043,0.0925595760345459,0.09192752838134766
model_0,177,1,0.27433037757873535,2,2,1,0,0.7998575568199158,0.1893155574798584,0.08501482009887695,0.30989940249864206,worker1,worker1,worker1,0,0.1893155574798584,0.0,0.0
model_0,178,1,0.3666698932647705,4,2,0,1,0.956047773361206,0.28136563301086426,0.08530426025390625,0.23264593526992539,worker1,worker1,worker1,0,0.28136563301086426,0.0,0.0
model_0,179,1,0.2705056667327881,2,6,0,0,0.9111018776893616,0.1859138011932373,0.08459186553955078,0.3127175358700069,worker1,worker1,worker1,0,0.1859138011932373,0.0,0.0
model_0,180,1,0.27266740798950195,1,0,0,0,0.8954302072525024,0.18926048278808594,0.08340692520141602,0.30589253705241987,worker1,worker1,worker1,0,0.18926048278808594,0.0,0.0
model_0,181,1,0.3675708770751953,6,6,1,1,0.9930194020271301,0.2840280532836914,0.0835428237915039,0.22728357713283484,worker1,worker1,worker1,0,0.2840280532836914,0.0,0.0
model_0,182,1,0.26682114601135254,8,8,1,0,0.9114236235618591,0.1833178997039795,0.08350324630737305,0.31295587908096384,worker1,worker1,worker1,0,0.1833178997039795,0.0,0.0
model_0,183,1,0.27108144760131836,0,0,1,0,0.9448944926261902,0.1876513957977295,0.08343005180358887,0.30776747188649406,worker1,worker1,worker1,0,0.1876513957977295,0.0,0.0
model_0,184,1,0.2746083736419678,5,6,0,0,0.7874189019203186,0.19063282012939453,0.08397555351257324,0.30580113926919034,worker1,worker1,worker1,0,0.19063282012939453,0.0,0.0
model_0,185,1,0.34509730339050293,4,4,1,0,0.9564212560653687,0.18834137916564941,0.15675592422485352,0.4542368853212182,worker1,worker1,worker1,0,0.18834137916564941,0.0,0.0
model_0,186,1,0.6942815780639648,6,6,1,2,0.9548245072364807,0.46247100830078125,0.2318105697631836,0.33388552582598796,worker1->worker3,worker1,worker3,0,0.34868359565734863,0.0,0.11378741264343262
model_0,187,1,0.27350807189941406,8,8,1,0,0.9973862767219543,0.18755507469177246,0.0859529972076416,0.31426128161677025,worker1,worker1,worker1,0,0.18755507469177246,0.0,0.0
model_0,188,1,0.35930681228637695,4,4,1,1,0.7265541553497314,0.27447032928466797,0.08483648300170898,0.2361115350468003,worker1,worker1,worker1,0,0.27447032928466797,0.0,0.0
model_0,189,1,0.49790215492248535,6,6,1,2,0.8273019194602966,0.3529164791107178,0.14498567581176758,0.29119310767863477,worker1->worker3,worker1,worker3,0,0.27384305000305176,0.0,0.07907342910766602
model_0,190,1,0.3486919403076172,6,6,1,0,0.9908714890480042,0.23249435424804688,0.11619758605957031,0.33323851981511365,worker1,worker1,worker1,0,0.23249435424804688,0.0,0.0
model_0,191,1,0.2722485065460205,5,5,1,0,0.764976441860199,0.18732428550720215,0.08492422103881836,0.311936407351652,worker1,worker1,worker1,0,0.18732428550720215,0.0,0.0
model_0,192,1,0.5093889236450195,2,2,1,2,0.7010464668273926,0.36450648307800293,0.1448824405670166,0.2844240104992577,worker1->worker3,worker1,worker3,0,0.28177499771118164,0.0,0.08273148536682129
model_0,193,1,0.3307607173919678,0,0,1,0,0.9800129532814026,0.23408722877502441,0.09667348861694336,0.29227620915569763,worker1,worker1,worker1,0,0.23408722877502441,0.0,0.0
model_0,194,1,0.26777124404907227,9,9,1,0,0.991310715675354,0.18265891075134277,0.08511233329772949,0.317854643428895,worker1,worker1,worker1,0,0.18265891075134277,0.0,0.0
model_0,195,1,0.27167534828186035,1,1,1,0,0.8993833661079407,0.1884140968322754,0.08326125144958496,0.30647334024286327,worker1,worker1,worker1,0,0.1884140968322754,0.0,0.0
model_0,196,1,0.26790380477905273,5,5,1,0,0.7875169515609741,0.18480134010314941,0.08310246467590332,0.3101951640606228,worker1,worker1,worker1,0,0.18480134010314941,0.0,0.0
model_0,197,1,0.26787352561950684,2,2,1,0,0.8913811445236206,0.1846153736114502,0.08325815200805664,0.3108114242178537,worker1,worker1,worker1,0,0.1846153736114502,0.0,0.0
model_0,198,1,0.26819658279418945,6,6,1,0,0.875029444694519,0.18478775024414062,0.08340883255004883,0.3109988638969933,worker1,worker1,worker1,0,0.18478775024414062,0.0,0.0
model_0,199,1,0.5040686130523682,2,2,1,2,0.6087788939476013,0.3636360168457031,0.14043259620666504,0.27859817606234366,worker1->worker3,worker1,worker3,0,0.2825016975402832,0.0,0.08113431930541992
model_0,200,1,0.3249056339263916,6,6,1,0,0.9857023358345032,0.23006963729858398,0.09483599662780762,0.29188781826200344,worker1,worker1,worker1,0,0.23006963729858398,0.0,0.0
model_0,201,1,0.35994601249694824,4,4,1,1,0.7512853741645813,0.27448272705078125,0.08546328544616699,0.2374336219293208,worker1,worker1,worker1,0,0.27448272705078125,0.0,0.0
model_0,202,1,0.2679109573364258,8,8,1,0,0.9931735396385193,0.18177247047424316,0.08613848686218262,0.3215190887247486,worker1,worker1,worker1,0,0.18177247047424316,0.0,0.0
model_0,203,1,0.26985669136047363,7,7,1,0,0.9924690127372742,0.18459153175354004,0.0852651596069336,0.3159645928254441,worker1,worker1,worker1,0,0.18459153175354004,0.0,0.0
model_0,204,1,0.26672959327697754,8,8,1,0,0.8502863645553589,0.18029069900512695,0.08643889427185059,0.3240693813156707,worker1,worker1,worker1,0,0.18029069900512695,0.0,0.0
model_0,205,1,0.26848673820495605,1,1,1,0,0.6936465501785278,0.18523597717285156,0.08325076103210449,0.31007401553127345,worker1,worker1,worker1,0,0.18523597717285156,0.0,0.0
model_0,206,1,0.2633793354034424,9,9,1,0,0.9790665507316589,0.1799759864807129,0.08340334892272949,0.3166662593136736,worker1,worker1,worker1,0,0.1799759864807129,0.0,0.0
model_0,207,1,0.35968780517578125,9,1,0,1,0.841544508934021,0.27625107765197754,0.08343672752380371,0.23196985364301623,worker1,worker1,worker1,0,0.27625107765197754,0.0,0.0
model_0,208,1,0.3554999828338623,3,4,0,1,0.9144152998924255,0.27213001251220703,0.08336997032165527,0.2345146957731838,worker1,worker1,worker1,0,0.27213001251220703,0.0,0.0
model_0,209,1,0.26695919036865234,1,1,1,0,0.93719881772995,0.18373560905456543,0.08322358131408691,0.3117464553258528,worker1,worker1,worker1,0,0.18373560905456543,0.0,0.0
model_0,210,1,0.3571603298187256,9,9,1,1,0.9353556632995605,0.272843599319458,0.08431673049926758,0.23607529577000333,worker1,worker1,worker1,0,0.272843599319458,0.0,0.0
model_0,211,1,0.26622748374938965,7,7,1,0,0.99664306640625,0.18193888664245605,0.0842885971069336,0.31660366510573246,worker1,worker1,worker1,0,0.18193888664245605,0.0,0.0
model_0,212,1,0.26538562774658203,5,5,1,0,0.8780298233032227,0.18095731735229492,0.08442831039428711,0.3181344487686729,worker1,worker1,worker1,0,0.18095731735229492,0.0,0.0
model_0,213,1,0.2653038501739502,3,3,1,0,0.9679815173149109,0.18162965774536133,0.08367419242858887,0.31539004192259823,worker1,worker1,worker1,0,0.18162965774536133,0.0,0.0
model_0,214,1,0.3558661937713623,9,9,1,1,0.6754277348518372,0.2722454071044922,0.08362078666687012,0.23497816912779015,worker1,worker1,worker1,0,0.2722454071044922,0.0,0.0
model_0,215,1,0.2687196731567383,6,4,0,0,0.854827880859375,0.18536639213562012,0.08335328102111816,0.3101867460686439,worker1,worker1,worker1,0,0.18536639213562012,0.0,0.0
model_0,216,1,0.35454535484313965,5,5,1,1,0.9099974036216736,0.27076005935668945,0.0837852954864502,0.2363175665452423,worker1,worker1,worker1,0,0.27076005935668945,0.0,0.0
model_0,217,1,0.2666208744049072,6,6,1,0,0.8032706379890442,0.18187737464904785,0.08474349975585938,0.31784270434565665,worker1,worker1,worker1,0,0.18187737464904785,0.0,0.0
model_0,218,1,0.26867079734802246,4,5,0,0,0.8758665919303894,0.17948246002197266,0.0891883373260498,0.3319614122800245,worker1,worker1,worker1,0,0.17948246002197266,0.0,0.0
model_0,219,1,0.27028679847717285,5,5,1,0,0.8400465846061707,0.1815192699432373,0.08876752853393555,0.3284197712728187,worker1,worker1,worker1,0,0.1815192699432373,0.0,0.0
model_0,220,1,0.357161283493042,7,7,1,1,0.9323136806488037,0.27246999740600586,0.08469128608703613,0.23712336695275102,worker1,worker1,worker1,0,0.27246999740600586,0.0,0.0
model_0,221,1,0.26621079444885254,9,1,0,0,0.5712605118751526,0.1818380355834961,0.08437275886535645,0.31693966069271134,worker1,worker1,worker1,0,0.1818380355834961,0.0,0.0
model_0,222,1,0.2658395767211914,4,2,0,0,0.8082110285758972,0.1824817657470703,0.0833578109741211,0.31356433832102254,worker1,worker1,worker1,0,0.1824817657470703,0.0,0.0
model_0,223,1,0.2744326591491699,9,1,0,0,0.954020619392395,0.18183231353759766,0.09260034561157227,0.33742465601092564,worker1,worker1,worker1,0,0.18183231353759766,0.0,0.0
model_0,224,1,0.3631899356842041,9,9,1,1,0.9933792352676392,0.2728443145751953,0.09034562110900879,0.24875584985252694,worker1,worker1,worker1,0,0.2728443145751953,0.0,0.0
model_0,225,1,0.26712727546691895,8,8,1,0,0.7053479552268982,0.18327736854553223,0.08384990692138672,0.3138949655171798,worker1,worker1,worker1,0,0.18327736854553223,0.0,0.0
model_0,226,1,0.5252416133880615,1,1,1,2,0.9897035956382751,0.3796863555908203,0.1455552577972412,0.27712057477384483,worker1->worker3,worker1,worker3,0,0.27108073234558105,0.0,0.10860562324523926
model_0,227,1,0.3884773254394531,7,5,0,0,0.5809204578399658,0.302959680557251,0.08551764488220215,0.22013548611997605,worker1,worker1,worker1,0,0.302959680557251,0.0,0.0
model_0,228,1,0.27481722831726074,6,6,1,0,0.6500727534294128,0.18259024620056152,0.09222698211669922,0.3355938879138554,worker1,worker1,worker1,0,0.18259024620056152,0.0,0.0
model_0,229,1,0.35846614837646484,0,0,1,1,0.9686385989189148,0.2762289047241211,0.08223724365234375,0.2294142529909891,worker1,worker1,worker1,0,0.2762289047241211,0.0,0.0
model_0,230,1,0.3603208065032959,0,0,1,1,0.9785587787628174,0.2747170925140381,0.08560371398925781,0.23757638316807772,worker1,worker1,worker1,0,0.2747170925140381,0.0,0.0
model_0,231,1,0.26654553413391113,1,1,1,0,0.628746509552002,0.18086814880371094,0.0856773853302002,0.3214362064200119,worker1,worker1,worker1,0,0.18086814880371094,0.0,0.0
model_0,232,1,0.2671198844909668,4,4,1,0,0.7669958472251892,0.1841566562652588,0.08296322822570801,0.3105842471585584,worker1,worker1,worker1,0,0.1841566562652588,0.0,0.0
model_0,233,1,0.3627665042877197,7,7,1,1,0.9515343904495239,0.2730247974395752,0.08974170684814453,0.24738145828636926,worker1,worker1,worker1,0,0.2730247974395752,0.0,0.0
model_0,234,1,0.35607051849365234,5,5,1,1,0.9085812568664551,0.2726743221282959,0.08339619636535645,0.234212584400871,worker1,worker1,worker1,0,0.2726743221282959,0.0,0.0
model_0,235,1,0.356992244720459,2,2,1,1,0.9815497994422913,0.27375221252441406,0.08324003219604492,0.23317042156259057,worker1,worker1,worker1,0,0.27375221252441406,0.0,0.0
model_0,236,1,0.26966023445129395,1,1,1,0,0.9266133904457092,0.1820354461669922,0.08762478828430176,0.3249451609452211,worker1,worker1,worker1,0,0.1820354461669922,0.0,0.0
model_0,237,1,0.33531856536865234,8,8,1,0,0.9968640804290771,0.18500995635986328,0.15030860900878906,0.44825614962159455,worker1,worker1,worker1,0,0.18500995635986328,0.0,0.0
model_0,238,1,0.2718169689178467,4,4,1,0,0.9449906349182129,0.1842036247253418,0.08761334419250488,0.32232477810826055,worker1,worker1,worker1,0,0.1842036247253418,0.0,0.0
model_0,239,1,0.3218097686767578,7,7,1,0,0.8738455772399902,0.18253540992736816,0.13927435874938965,0.4327847452302914,worker1,worker1,worker1,0,0.18253540992736816,0.0,0.0
model_0,240,1,0.26842761039733887,0,0,1,0,0.7988569736480713,0.18285346031188965,0.08557415008544922,0.3187978686647712,worker1,worker1,worker1,0,0.18285346031188965,0.0,0.0
model_0,241,1,0.2684006690979004,3,3,1,0,0.9421294927597046,0.18419742584228516,0.08420324325561523,0.3137221808672232,worker1,worker1,worker1,0,0.18419742584228516,0.0,0.0
model_0,242,1,0.3779289722442627,6,7,0,1,0.9840599298477173,0.27207207679748535,0.10585689544677734,0.28009732838994944,worker1,worker1,worker1,0,0.27207207679748535,0.0,0.0
model_0,243,1,0.26991724967956543,2,2,1,0,0.8716019988059998,0.18192172050476074,0.08799552917480469,0.3260092835091841,worker1,worker1,worker1,0,0.18192172050476074,0.0,0.0
model_0,244,1,0.30063557624816895,7,7,1,0,0.8900086879730225,0.18318605422973633,0.11744952201843262,0.390670736591335,worker1,worker1,worker1,0,0.18318605422973633,0.0,0.0
model_0,245,1,0.5133235454559326,5,5,1,2,0.9658426642417908,0.364638090133667,0.14868545532226562,0.2896525137770635,worker1->worker3,worker1,worker3,0,0.27251148223876953,0.0,0.09212660789489746
model_0,246,1,0.6169528961181641,6,6,1,2,0.4952607750892639,0.47560977935791016,0.1413431167602539,0.2290987166922751,worker1->worker3,worker1,worker3,0,0.3943290710449219,0.0,0.08128070831298828
model_0,247,1,0.47320055961608887,5,3,0,1,0.8807210326194763,0.3862168788909912,0.08698368072509766,0.18381990248631186,worker1,worker1,worker1,0,0.3862168788909912,0.0,0.0
model_0,248,1,0.49709534645080566,5,7,0,2,0.7855634689331055,0.35564470291137695,0.1414506435394287,0.2845543506881877,worker1->worker3,worker1,worker3,0,0.27440786361694336,0.0,0.0812368392944336
model_0,249,1,0.47380542755126953,6,6,1,1,0.9880453944206238,0.3858673572540283,0.08793807029724121,0.18559954188731959,worker1,worker1,worker1,0,0.3858673572540283,0.0,0.0
model_0,250,1,0.35833120346069336,4,4,1,1,0.8844412565231323,0.27243518829345703,0.08589601516723633,0.23971123457200838,worker1,worker1,worker1,0,0.27243518829345703,0.0,0.0
model_0,251,1,0.27466511726379395,6,6,1,0,0.9920486807823181,0.18535161018371582,0.08931350708007812,0.3251723697927743,worker1,worker1,worker1,0,0.18535161018371582,0.0,0.0
model_0,252,1,0.33419275283813477,4,2,0,0,0.8731738328933716,0.18375825881958008,0.1504344940185547,0.4501428972980069,worker1,worker1,worker1,0,0.18375825881958008,0.0,0.0
model_0,253,1,0.36349964141845703,7,7,1,1,0.9477939605712891,0.2735471725463867,0.08995246887207031,0.2474623317950346,worker1,worker1,worker1,0,0.2735471725463867,0.0,0.0
model_0,254,1,0.27031922340393066,3,3,1,0,0.7609851956367493,0.18393397331237793,0.08638525009155273,0.3195675431579263,worker1,worker1,worker1,0,0.18393397331237793,0.0,0.0
model_0,255,1,0.2790517807006836,5,5,1,0,0.9535663723945618,0.18330955505371094,0.09574222564697266,0.3430984221156705,worker1,worker1,worker1,0,0.18330955505371094,0.0,0.0
model_0,256,1,0.2708582878112793,4,4,1,0,0.792890727519989,0.18396711349487305,0.08689117431640625,0.3207993929908755,worker1,worker1,worker1,0,0.18396711349487305,0.0,0.0
model_0,257,1,0.3692338466644287,8,8,1,1,0.903340220451355,0.2763979434967041,0.09283590316772461,0.2514284754942761,worker1,worker1,worker1,0,0.2763979434967041,0.0,0.0
model_0,258,1,0.2680187225341797,7,7,1,0,0.9999908208847046,0.18339896202087402,0.08461976051330566,0.3157233185547862,worker1,worker1,worker1,0,0.18339896202087402,0.0,0.0
model_0,259,1,0.37595081329345703,3,3,1,1,0.9979478716850281,0.27574801445007324,0.10020279884338379,0.26653167196414124,worker1,worker1,worker1,0,0.27574801445007324,0.0,0.0
model_0,260,1,0.3587758541107178,3,3,1,1,0.9808760285377502,0.2754170894622803,0.0833587646484375,0.2323421815970734,worker1,worker1,worker1,0,0.2754170894622803,0.0,0.0
model_0,261,1,0.26774120330810547,4,4,1,0,0.7561643123626709,0.1834416389465332,0.08429956436157227,0.31485465561519804,worker1,worker1,worker1,0,0.1834416389465332,0.0,0.0
model_0,262,1,0.39710068702697754,0,0,1,1,0.9926257729530334,0.27602577209472656,0.12107491493225098,0.3048972688481539,worker1,worker1,worker1,0,0.27602577209472656,0.0,0.0
model_0,263,1,0.3594355583190918,7,5,0,1,0.638232409954071,0.2754950523376465,0.08394050598144531,0.23353422898389606,worker1,worker1,worker1,0,0.2754950523376465,0.0,0.0
model_0,264,1,0.26979684829711914,7,3,0,0,0.5076311230659485,0.18369579315185547,0.08610105514526367,0.3191329168176315,worker1,worker1,worker1,0,0.18369579315185547,0.0,0.0
model_0,265,1,0.40252065658569336,6,6,1,1,0.6787997484207153,0.277163028717041,0.12535762786865234,0.3114315397673628,worker1,worker1,worker1,0,0.277163028717041,0.0,0.0
model_0,266,1,0.2691919803619385,8,8,1,0,0.9954082369804382,0.1854078769683838,0.08378410339355469,0.311242940004765,worker1,worker1,worker1,0,0.1854078769683838,0.0,0.0
model_0,267,1,0.2682526111602783,5,5,1,0,0.8924344182014465,0.18231654167175293,0.08593606948852539,0.32035501580702014,worker1,worker1,worker1,0,0.18231654167175293,0.0,0.0
model_0,268,1,0.5149917602539062,0,0,1,2,0.964388370513916,0.36980104446411133,0.14519071578979492,0.28192823069287865,worker1->worker3,worker1,worker3,0,0.2734694480895996,0.0,0.09633159637451172
model_0,269,1,0.6264817714691162,0,0,1,2,0.857879102230072,0.4695732593536377,0.15690851211547852,0.25045982063855415,worker1->worker3,worker1,worker3,0,0.3820321559906006,0.0,0.08754110336303711
model_0,270,1,0.6195383071899414,7,7,1,2,0.8073718547821045,0.46229076385498047,0.15724754333496094,0.2538140765632288,worker1->worker3,worker1,worker3,0,0.38284778594970703,0.0,0.07944297790527344
model_0,271,1,0.38726139068603516,8,8,1,0,0.9466353058815002,0.2932319641113281,0.09402942657470703,0.24280609644078774,worker1,worker1,worker1,0,0.2932319641113281,0.0,0.0
model_0,272,1,0.287952184677124,1,1,1,0,0.9932369589805603,0.18334722518920898,0.10460495948791504,0.3632719772736117,worker1,worker1,worker1,0,0.18334722518920898,0.0,0.0
model_0,273,1,0.2826530933380127,3,3,1,0,0.8470706343650818,0.1843266487121582,0.09832644462585449,0.3478696923662184,worker1,worker1,worker1,0,0.1843266487121582,0.0,0.0
model_0,274,1,0.5169479846954346,4,3,0,2,0.6917656660079956,0.3578190803527832,0.15912890434265137,0.30782382184235396,worker1->worker3,worker1,worker3,0,0.276918888092041,0.0,0.08090019226074219
model_0,275,1,0.38780713081359863,0,0,1,0,0.9975518584251404,0.30266594886779785,0.08514118194580078,0.21954516866974347,worker1,worker1,worker1,0,0.30266594886779785,0.0,0.0
model_0,276,1,0.27266359329223633,6,6,1,0,0.8051875829696655,0.18704724311828613,0.0856163501739502,0.3139999335451727,worker1,worker1,worker1,0,0.18704724311828613,0.0,0.0
model_0,277,1,0.31539225578308105,7,7,1,0,0.6746562719345093,0.18544220924377441,0.12995004653930664,0.4120267513121281,worker1,worker1,worker1,0,0.18544220924377441,0.0,0.0
model_0,278,1,0.29430127143859863,4,2,0,0,0.6363417506217957,0.18627309799194336,0.10802817344665527,0.36706662162413956,worker1,worker1,worker1,0,0.18627309799194336,0.0,0.0
model_0,279,1,0.3624088764190674,6,2,0,1,0.9805353283882141,0.27887988090515137,0.08352899551391602,0.23048275290401057,worker1,worker1,worker1,0,0.27887988090515137,0.0,0.0
model_0,280,1,0.5045709609985352,6,2,0,2,0.9991177916526794,0.36367225646972656,0.1408987045288086,0.279244576917334,worker1->worker3,worker1,worker3,0,0.2787914276123047,0.0,0.08488082885742188
model_0,281,1,0.3880484104156494,7,7,1,0,0.9819155931472778,0.2999544143676758,0.08809399604797363,0.22701805672548359,worker1,worker1,worker1,0,0.2999544143676758,0.0,0.0
model_0,282,1,0.594562292098999,4,4,1,2,0.8449755311012268,0.37253332138061523,0.2220289707183838,0.37343264729175646,worker1->worker3,worker1,worker3,0,0.27660679817199707,0.0,0.09592652320861816
model_0,283,1,0.8696424961090088,2,2,1,3,0.9701681137084961,0.6291236877441406,0.24051880836486816,0.2765720505161691,worker1->worker3->worker2,worker1,worker2,0,0.38760828971862793,0.15869975090026855,0.08281564712524414
model_0,284,1,0.4074728488922119,5,5,1,1,0.9855685830116272,0.3169825077056885,0.09049034118652344,0.22207698361384734,worker1,worker1,worker1,0,0.3169825077056885,0.0,0.0
model_0,285,1,0.36174726486206055,3,3,1,1,0.8397790193557739,0.2757081985473633,0.08603906631469727,0.2378430320613625,worker1,worker1,worker1,0,0.2757081985473633,0.0,0.0
model_0,286,1,0.7029151916503906,2,3,0,3,0.5793378949165344,0.5211441516876221,0.18177103996276855,0.2585959759042683,worker1->worker3->worker2,worker1,worker2,0,0.276813268661499,0.1621551513671875,0.08217573165893555
model_0,287,1,0.5090768337249756,1,1,1,1,0.7350632548332214,0.37546205520629883,0.13361477851867676,0.2624648573006192,worker1,worker1,worker1,0,0.37546205520629883,0.0,0.0
model_0,288,1,0.5229136943817139,6,6,1,2,0.9493933320045471,0.3619539737701416,0.16095972061157227,0.307813167528322,worker1->worker3,worker1,worker3,0,0.28005504608154297,0.0,0.08189892768859863
model_0,289,1,0.40349555015563965,5,5,1,0,0.7317176461219788,0.31211042404174805,0.0913851261138916,0.22648360329783507,worker1,worker1,worker1,0,0.31211042404174805,0.0,0.0
model_0,290,1,0.4457881450653076,2,2,1,1,0.9460141062736511,0.2933337688446045,0.15245437622070312,0.34198840392753976,worker1,worker1,worker1,0,0.2933337688446045,0.0,0.0
model_0,291,1,0.5048067569732666,3,3,1,2,0.9510514140129089,0.3575453758239746,0.147261381149292,0.29171832412118565,worker1->worker3,worker1,worker3,0,0.2713501453399658,0.0,0.08619523048400879
model_0,292,1,0.3933603763580322,8,8,1,0,0.8037562370300293,0.28971290588378906,0.10364747047424316,0.26349240214246794,worker1,worker1,worker1,0,0.28971290588378906,0.0,0.0
model_0,293,1,0.2704017162322998,0,0,1,0,0.8942689895629883,0.1829988956451416,0.0874028205871582,0.32323323167102674,worker1,worker1,worker1,0,0.1829988956451416,0.0,0.0
model_0,294,1,0.2731814384460449,7,7,1,0,0.9163609147071838,0.18361830711364746,0.08956313133239746,0.3278521844011988,worker1,worker1,worker1,0,0.18361830711364746,0.0,0.0
model_0,295,1,0.2667527198791504,7,7,1,0,0.9861412048339844,0.183793306350708,0.08295941352844238,0.31099744199806584,worker1,worker1,worker1,0,0.183793306350708,0.0,0.0
model_0,296,1,0.2681007385253906,8,8,1,0,0.9501193761825562,0.1831815242767334,0.08491921424865723,0.3167436789459456,worker1,worker1,worker1,0,0.1831815242767334,0.0,0.0
model_0,297,1,0.325531005859375,6,2,0,0,0.8138397336006165,0.1851491928100586,0.1403818130493164,0.43123945345457954,worker1,worker1,worker1,0,0.1851491928100586,0.0,0.0
model_0,298,1,0.4124116897583008,0,0,1,1,0.9930754899978638,0.2736325263977051,0.1387791633605957,0.336506376533432,worker1,worker1,worker1,0,0.2736325263977051,0.0,0.0
model_0,299,1,0.27108025550842285,1,1,1,0,0.9490270018577576,0.1831212043762207,0.08795905113220215,0.3244760521832588,worker1,worker1,worker1,0,0.1831212043762207,0.0,0.0
model_0,300,1,0.29265546798706055,9,9,1,0,0.9368136525154114,0.18285703659057617,0.10979843139648438,0.37517983911832803,worker1,worker1,worker1,0,0.18285703659057617,0.0,0.0
model_0,301,1,0.26714181900024414,1,1,1,0,0.9651023745536804,0.18336939811706543,0.08377242088317871,0.3135878208686681,worker1,worker1,worker1,0,0.18336939811706543,0.0,0.0
model_0,302,1,0.3666825294494629,5,5,1,1,0.5990620851516724,0.27501916885375977,0.09166336059570312,0.2499801687670435,worker1,worker1,worker1,0,0.27501916885375977,0.0,0.0
model_0,303,1,0.2683999538421631,9,9,1,0,0.9943406581878662,0.18293237686157227,0.08546757698059082,0.31843365007004215,worker1,worker1,worker1,0,0.18293237686157227,0.0,0.0
model_0,304,1,0.2919166088104248,3,5,0,0,0.5851868391036987,0.1835620403289795,0.10835456848144531,0.371183294170879,worker1,worker1,worker1,0,0.1835620403289795,0.0,0.0
model_0,305,1,0.266843318939209,7,7,1,0,0.8118190765380859,0.18207192420959473,0.08477139472961426,0.31768228287149464,worker1,worker1,worker1,0,0.18207192420959473,0.0,0.0
model_0,306,1,0.5383522510528564,0,0,1,2,0.9195435047149658,0.3695499897003174,0.16880226135253906,0.3135535535003563,worker1->worker3,worker1,worker3,0,0.2740294933319092,0.0,0.0955204963684082
model_0,307,1,0.3695685863494873,9,9,1,0,0.9988168478012085,0.28406357765197754,0.08550500869750977,0.2313643850038998,worker1,worker1,worker1,0,0.28406357765197754,0.0,0.0
model_0,308,1,0.2853240966796875,3,3,1,0,0.6360058784484863,0.18199872970581055,0.10332536697387695,0.3621333360072731,worker1,worker1,worker1,0,0.18199872970581055,0.0,0.0
model_0,309,1,0.2804419994354248,4,4,1,0,0.9458763003349304,0.1828761100769043,0.09756588935852051,0.3479004198905173,worker1,worker1,worker1,0,0.1828761100769043,0.0,0.0
model_0,310,1,0.5221202373504639,5,5,1,2,0.9356955885887146,0.36122918128967285,0.16089105606079102,0.30814943484520746,worker1->worker3,worker1,worker3,0,0.2746846675872803,0.0,0.08654451370239258
model_0,311,1,0.3760242462158203,0,8,0,0,0.843970775604248,0.28668713569641113,0.08933711051940918,0.23758337771690888,worker1,worker1,worker1,0,0.28668713569641113,0.0,0.0
model_0,312,1,0.2714653015136719,2,2,1,0,0.8910220265388489,0.18604302406311035,0.08542227745056152,0.31467107204586653,worker1,worker1,worker1,0,0.18604302406311035,0.0,0.0
model_0,313,1,0.3564283847808838,4,4,1,1,0.5631533265113831,0.2722787857055664,0.08414959907531738,0.23609118316165753,worker1,worker1,worker1,0,0.2722787857055664,0.0,0.0
model_0,314,1,0.493297815322876,3,3,1,2,0.9960858821868896,0.35273241996765137,0.1405653953552246,0.28495037072730794,worker1->worker3,worker1,worker3,0,0.2736546993255615,0.0,0.07907772064208984
model_0,315,1,0.6130144596099854,4,4,1,2,0.8942907452583313,0.47338390350341797,0.13963055610656738,0.2277769372608335,worker1->worker3,worker1,worker3,0,0.389737606048584,0.0,0.08364629745483398
model_0,316,1,0.3788340091705322,6,6,1,0,0.9686569571495056,0.2922208309173584,0.08661317825317383,0.22863094694907626,worker1,worker1,worker1,0,0.2922208309173584,0.0,0.0
model_0,317,1,0.2777688503265381,4,4,1,0,0.9813499450683594,0.18435287475585938,0.09341597557067871,0.3363083206085248,worker1,worker1,worker1,0,0.18435287475585938,0.0,0.0
model_0,318,1,0.28109049797058105,0,8,0,0,0.7439790368080139,0.18358969688415527,0.09750080108642578,0.3468662291694763,worker1,worker1,worker1,0,0.18358969688415527,0.0,0.0
model_0,319,1,0.27468442916870117,5,5,1,0,0.985015869140625,0.18574786186218262,0.08893656730651855,0.32377724349237486,worker1,worker1,worker1,0,0.18574786186218262,0.0,0.0
model_0,320,1,0.35831165313720703,4,2,0,1,0.8844645619392395,0.27278995513916016,0.08552169799804688,0.23867964451967838,worker1,worker1,worker1,0,0.27278995513916016,0.0,0.0
model_0,321,1,0.35805249214172363,9,9,1,1,0.9767935276031494,0.27445268630981445,0.08359980583190918,0.23348477574293455,worker1,worker1,worker1,0,0.27445268630981445,0.0,0.0
model_0,322,1,0.26770734786987305,3,3,1,0,0.7527929544448853,0.18291234970092773,0.08479499816894531,0.3167451280050871,worker1,worker1,worker1,0,0.18291234970092773,0.0,0.0
model_0,323,1,0.2970426082611084,0,0,1,0,0.8217611908912659,0.18337535858154297,0.11366724967956543,0.3826631147126505,worker1,worker1,worker1,0,0.18337535858154297,0.0,0.0
model_0,324,1,0.2751610279083252,8,8,1,0,0.9219440817832947,0.1828916072845459,0.0922694206237793,0.33532881209660437,worker1,worker1,worker1,0,0.1828916072845459,0.0,0.0
model_0,325,1,0.3592240810394287,2,2,1,1,0.9305416941642761,0.2729778289794922,0.08624625205993652,0.24009039653015374,worker1,worker1,worker1,0,0.2729778289794922,0.0,0.0
model_0,326,1,0.2688291072845459,9,9,1,0,0.8999121785163879,0.18407678604125977,0.08475232124328613,0.3152646753894059,worker1,worker1,worker1,0,0.18407678604125977,0.0,0.0
model_0,327,1,0.28510546684265137,4,4,1,0,0.8272407054901123,0.18242216110229492,0.10268330574035645,0.36015902072136335,worker1,worker1,worker1,0,0.18242216110229492,0.0,0.0
model_0,328,1,0.3692197799682617,3,5,0,1,0.9513121843338013,0.2731478214263916,0.09607195854187012,0.2602026320207669,worker1,worker1,worker1,0,0.2731478214263916,0.0,0.0
model_0,329,1,0.2672450542449951,7,7,1,0,0.7831828594207764,0.18233871459960938,0.08490633964538574,0.31770967618187773,worker1,worker1,worker1,0,0.18233871459960938,0.0,0.0
model_0,330,1,0.36302661895751953,4,4,1,1,0.9942628741264343,0.2732250690460205,0.08980154991149902,0.2473690501522352,worker1,worker1,worker1,0,0.2732250690460205,0.0,0.0
model_0,331,1,0.7576203346252441,6,3,0,3,0.718873918056488,0.5603539943695068,0.1972663402557373,0.2603762481551064,worker1->worker3->worker2,worker1,worker2,0,0.2738783359527588,0.17426490783691406,0.11221075057983398
model_0,332,1,0.3966059684753418,7,7,1,0,0.5918135046958923,0.28125858306884766,0.11534738540649414,0.29083623186489094,worker1,worker1,worker1,0,0.28125858306884766,0.0,0.0
model_0,333,1,0.2719542980194092,4,4,1,0,0.9064950346946716,0.18425679206848145,0.08769750595092773,0.3224714835897494,worker1,worker1,worker1,0,0.18425679206848145,0.0,0.0
model_0,334,1,0.27413415908813477,9,1,0,0,0.9057693481445312,0.18566346168518066,0.0884706974029541,0.32272773921075104,worker1,worker1,worker1,0,0.18566346168518066,0.0,0.0
model_0,335,1,0.4977114200592041,2,8,0,2,0.8322958946228027,0.3534388542175293,0.1442725658416748,0.2898719218146797,worker1->worker3,worker1,worker3,0,0.2725207805633545,0.0,0.0809180736541748
model_0,336,1,0.37709856033325195,8,0,0,0,0.8638614416122437,0.29016590118408203,0.08693265914916992,0.23053033952806723,worker1,worker1,worker1,0,0.29016590118408203,0.0,0.0
model_0,337,1,0.37164950370788574,6,6,1,1,0.9998677968978882,0.27527642250061035,0.09637308120727539,0.2593117446566646,worker1,worker1,worker1,0,0.27527642250061035,0.0,0.0
model_0,338,1,0.2750418186187744,0,0,1,0,0.7867236137390137,0.1850733757019043,0.08996844291687012,0.3271082316452108,worker1,worker1,worker1,0,0.1850733757019043,0.0,0.0
model_0,339,1,0.29192495346069336,8,8,1,0,0.9902136921882629,0.1847069263458252,0.10721802711486816,0.3672794183704638,worker1,worker1,worker1,0,0.1847069263458252,0.0,0.0
model_0,340,1,0.2915184497833252,7,7,1,0,0.7851971387863159,0.18291473388671875,0.10860371589660645,0.3725449143178675,worker1,worker1,worker1,0,0.18291473388671875,0.0,0.0
model_0,341,1,0.3742196559906006,3,7,0,1,0.7802218198776245,0.2773923873901367,0.09682726860046387,0.2587444754716356,worker1,worker1,worker1,0,0.2773923873901367,0.0,0.0
model_0,342,1,0.2700674533843994,8,8,1,0,0.7924173474311829,0.18453621864318848,0.08553123474121094,0.3167032297648632,worker1,worker1,worker1,0,0.18453621864318848,0.0,0.0
model_0,343,1,0.5102381706237793,6,6,1,2,0.8150565028190613,0.3629875183105469,0.14725065231323242,0.2885919964263252,worker1->worker3,worker1,worker3,0,0.27547502517700195,0.0,0.08751249313354492
model_0,344,1,0.4849421977996826,0,0,1,1,0.9612110257148743,0.38858842849731445,0.09635376930236816,0.19869124555370096,worker1,worker1,worker1,0,0.38858842849731445,0.0,0.0
model_0,345,1,0.36274075508117676,4,4,1,1,0.9881261587142944,0.27475953102111816,0.0879812240600586,0.2425457377690288,worker1,worker1,worker1,0,0.27475953102111816,0.0,0.0
model_0,346,1,0.53385329246521,3,2,0,2,0.7489118576049805,0.38956475257873535,0.1442885398864746,0.2702775124232798,worker1->worker3,worker1,worker3,0,0.27656984329223633,0.0,0.11299490928649902
model_0,347,1,0.8164389133453369,3,3,1,3,0.8127151131629944,0.6344377994537354,0.18200111389160156,0.22292067528464168,worker1->worker3->worker2,worker1,worker2,0,0.3767118453979492,0.16980314254760742,0.08792281150817871
model_0,348,1,0.5803318023681641,2,2,1,2,0.9488623142242432,0.41555190086364746,0.1647799015045166,0.28394084355208193,worker1->worker3,worker1,worker3,0,0.33368873596191406,0.0,0.0818631649017334
model_0,349,1,0.38692355155944824,8,8,1,0,0.7661771774291992,0.30093860626220703,0.08598494529724121,0.2222272202110452,worker1,worker1,worker1,0,0.30093860626220703,0.0,0.0
model_0,350,1,0.43094325065612793,0,0,1,1,0.8005309104919434,0.2831418514251709,0.14780139923095703,0.3429718391132095,worker1,worker1,worker1,0,0.2831418514251709,0.0,0.0
model_0,351,1,0.36025047302246094,2,2,1,1,0.8981663584709167,0.27580928802490234,0.0844411849975586,0.23439576439444076,worker1,worker1,worker1,0,0.27580928802490234,0.0,0.0
model_0,352,1,0.27640199661254883,8,0,0,0,0.8055834174156189,0.19272160530090332,0.08368039131164551,0.30274886700238246,worker1,worker1,worker1,0,0.19272160530090332,0.0,0.0
model_0,353,1,0.2732057571411133,1,1,1,0,0.884669303894043,0.18583035469055176,0.08737540245056152,0.3198153778488325,worker1,worker1,worker1,0,0.18583035469055176,0.0,0.0
model_0,354,1,0.27364563941955566,1,1,1,0,0.8818809986114502,0.1894063949584961,0.08423924446105957,0.307840624245809,worker1,worker1,worker1,0,0.1894063949584961,0.0,0.0
model_0,355,1,0.3654787540435791,3,3,1,1,0.9543235301971436,0.2805302143096924,0.08494853973388672,0.23243085622360854,worker1,worker1,worker1,0,0.2805302143096924,0.0,0.0
model_0,356,1,0.26462841033935547,7,7,1,0,0.8314897418022156,0.18070387840270996,0.08392453193664551,0.3171410500823474,worker1,worker1,worker1,0,0.18070387840270996,0.0,0.0
model_0,357,1,0.27537989616394043,9,9,1,0,0.9816600680351257,0.18946313858032227,0.08591675758361816,0.31199357244462683,worker1,worker1,worker1,0,0.18946313858032227,0.0,0.0
model_0,358,1,0.4164438247680664,3,3,1,1,0.9996788501739502,0.28098607063293457,0.13545775413513184,0.325272572382538,worker1,worker1,worker1,0,0.28098607063293457,0.0,0.0
model_0,359,1,0.26686954498291016,6,6,1,0,0.9771362543106079,0.18287897109985352,0.08399057388305664,0.31472521110805374,worker1,worker1,worker1,0,0.18287897109985352,0.0,0.0
model_0,360,1,0.29658055305480957,1,9,0,0,0.8262816667556763,0.19033145904541016,0.10624909400939941,0.35824700208770616,worker1,worker1,worker1,0,0.19033145904541016,0.0,0.0
model_0,361,1,0.27321791648864746,9,1,0,0,0.9452653527259827,0.18902850151062012,0.08418941497802734,0.30814016906364017,worker1,worker1,worker1,0,0.18902850151062012,0.0,0.0
model_0,362,1,0.4227120876312256,6,6,1,1,0.9815388321876526,0.2778482437133789,0.14486384391784668,0.3427009734441898,worker1,worker1,worker1,0,0.2778482437133789,0.0,0.0
model_0,363,1,0.2677299976348877,9,9,1,0,0.9717594981193542,0.1840500831604004,0.0836799144744873,0.3125533754667431,worker1,worker1,worker1,0,0.1840500831604004,0.0,0.0
model_0,364,1,0.3618428707122803,6,6,1,1,0.9453852772712708,0.2780132293701172,0.08382964134216309,0.23167415507495326,worker1,worker1,worker1,0,0.2780132293701172,0.0,0.0
model_0,365,1,0.36473512649536133,2,2,1,1,0.6850305199623108,0.27369046211242676,0.09104466438293457,0.24961858008510862,worker1,worker1,worker1,0,0.27369046211242676,0.0,0.0
model_0,366,1,0.2913961410522461,6,6,1,0,0.9818949103355408,0.18459439277648926,0.10680174827575684,0.36651737353175085,worker1,worker1,worker1,0,0.18459439277648926,0.0,0.0
model_0,367,1,0.27582573890686035,6,6,1,0,0.9874275922775269,0.18660306930541992,0.08922266960144043,0.3234747777892068,worker1,worker1,worker1,0,0.18660306930541992,0.0,0.0
model_0,368,1,0.2721292972564697,6,6,1,0,0.7034197449684143,0.1888420581817627,0.08328723907470703,0.30605759804028937,worker1,worker1,worker1,0,0.1888420581817627,0.0,0.0
model_0,369,1,0.38548898696899414,3,5,0,1,0.8760392665863037,0.2802150249481201,0.10527396202087402,0.27309200931683547,worker1,worker1,worker1,0,0.2802150249481201,0.0,0.0
model_0,370,1,0.5329153537750244,2,2,1,2,0.6071071028709412,0.385667085647583,0.1472482681274414,0.27630704779732007,worker1->worker3,worker1,worker3,0,0.27228522300720215,0.0,0.11338186264038086
model_0,371,1,0.3866581916809082,2,2,1,0,0.7879716753959656,0.3023490905761719,0.08430910110473633,0.21804555785620824,worker1,worker1,worker1,0,0.3023490905761719,0.0,0.0
model_0,372,1,0.2726008892059326,9,9,1,0,0.9992629885673523,0.18724679946899414,0.08535408973693848,0.3131100928744913,worker1,worker1,worker1,0,0.18724679946899414,0.0,0.0
model_0,373,1,0.27912139892578125,8,8,1,0,0.9443404078483582,0.18900442123413086,0.09011697769165039,0.32285943692770264,worker1,worker1,worker1,0,0.18900442123413086,0.0,0.0
model_0,374,1,0.280271053314209,8,8,1,0,0.9169052243232727,0.18700051307678223,0.09327054023742676,0.3327869187149417,worker1,worker1,worker1,0,0.18700051307678223,0.0,0.0
model_0,375,1,0.503394365310669,5,5,1,2,0.9997606873512268,0.3590226173400879,0.14437174797058105,0.2867965116802257,worker1->worker3,worker1,worker3,0,0.2782583236694336,0.0,0.0807642936706543
model_0,376,1,0.4812500476837158,3,3,1,1,0.9916879534721375,0.39670538902282715,0.08454465866088867,0.17567719539521498,worker1,worker1,worker1,0,0.39670538902282715,0.0,0.0
model_0,377,1,0.358076810836792,4,4,1,1,0.7936490178108215,0.2732679843902588,0.0848088264465332,0.23684534680797373,worker1,worker1,worker1,0,0.2732679843902588,0.0,0.0
model_0,378,1,0.37028002738952637,2,2,1,1,0.775168776512146,0.2732830047607422,0.09699702262878418,0.2619558589552157,worker1,worker1,worker1,0,0.2732830047607422,0.0,0.0
model_0,379,1,0.3651859760284424,8,8,1,1,0.8459663391113281,0.2744302749633789,0.09075570106506348,0.24851913003908727,worker1,worker1,worker1,0,0.2744302749633789,0.0,0.0
model_0,380,1,0.2658977508544922,5,5,1,0,0.9639618396759033,0.1814563274383545,0.0844414234161377,0.31757103301842804,worker1,worker1,worker1,0,0.1814563274383545,0.0,0.0
model_0,381,1,0.2708141803741455,9,9,1,0,0.9610302448272705,0.18706130981445312,0.08375287055969238,0.30926323888942203,worker1,worker1,worker1,0,0.18706130981445312,0.0,0.0
model_0,382,1,0.5063595771789551,2,7,0,2,0.7975831627845764,0.3613903522491455,0.14496922492980957,0.2862969941982064,worker1->worker3,worker1,worker3,0,0.27809810638427734,0.0,0.08329224586486816
model_0,383,1,0.3124725818634033,3,3,1,0,0.6976746320724487,0.22518062591552734,0.08729195594787598,0.27935876942328164,worker1,worker1,worker1,0,0.22518062591552734,0.0,0.0
model_0,384,1,0.27830958366394043,8,8,1,0,0.75807124376297,0.19308757781982422,0.08522200584411621,0.3062129759319464,worker1,worker1,worker1,0,0.19308757781982422,0.0,0.0
model_0,385,1,0.2755167484283447,5,5,1,0,0.9732699394226074,0.19216060638427734,0.08335614204406738,0.30254473646180646,worker1,worker1,worker1,0,0.19216060638427734,0.0,0.0
model_0,386,1,0.27457427978515625,8,8,1,0,0.7880262732505798,0.19085049629211426,0.08372378349304199,0.30492216371669123,worker1,worker1,worker1,0,0.19085049629211426,0.0,0.0
model_0,387,1,0.2763845920562744,8,0,0,0,0.616523802280426,0.19245076179504395,0.08393383026123047,0.30368491107543644,worker1,worker1,worker1,0,0.19245076179504395,0.0,0.0
model_0,388,1,0.37030577659606934,5,5,1,1,0.9934694766998291,0.28673386573791504,0.0835719108581543,0.22568351924284127,worker1,worker1,worker1,0,0.28673386573791504,0.0,0.0
model_0,389,1,0.36553525924682617,4,4,1,1,0.9927091598510742,0.2786543369293213,0.08688092231750488,0.23768137305418982,worker1,worker1,worker1,0,0.2786543369293213,0.0,0.0
model_0,390,1,0.2710402011871338,0,0,1,0,0.8576487898826599,0.18758869171142578,0.08345150947570801,0.30789347524904886,worker1,worker1,worker1,0,0.18758869171142578,0.0,0.0
model_0,391,1,0.37124204635620117,8,8,1,1,0.9593281149864197,0.28755784034729004,0.08368420600891113,0.22541683203797824,worker1,worker1,worker1,0,0.28755784034729004,0.0,0.0
model_0,392,1,0.27365612983703613,8,1,0,0,0.9490959048271179,0.18729567527770996,0.08636045455932617,0.3155801940587055,worker1,worker1,worker1,0,0.18729567527770996,0.0,0.0
model_0,393,1,0.28412437438964844,5,5,1,0,0.8732824325561523,0.191786527633667,0.09233784675598145,0.32499093734685797,worker1,worker1,worker1,0,0.191786527633667,0.0,0.0
model_0,394,1,0.2746257781982422,9,9,1,0,0.9998069405555725,0.1907041072845459,0.08392167091369629,0.3055855552391602,worker1,worker1,worker1,0,0.1907041072845459,0.0,0.0
model_0,395,1,0.2798182964324951,9,9,1,0,0.9976413249969482,0.19044780731201172,0.0893704891204834,0.3193875820841602,worker1,worker1,worker1,0,0.19044780731201172,0.0,0.0
model_0,396,1,0.27483201026916504,6,6,1,0,0.934687077999115,0.19068622589111328,0.08414578437805176,0.30617170210864825,worker1,worker1,worker1,0,0.19068622589111328,0.0,0.0
model_0,397,1,0.2928197383880615,8,0,0,0,0.5518804788589478,0.18880534172058105,0.10401439666748047,0.35521647973619397,worker1,worker1,worker1,0,0.18880534172058105,0.0,0.0
model_0,398,1,0.27788591384887695,1,1,1,0,0.6150550246238708,0.19408535957336426,0.0838005542755127,0.30156459935240204,worker1,worker1,worker1,0,0.19408535957336426,0.0,0.0
model_0,399,1,0.33988261222839355,8,8,1,0,0.8818361163139343,0.1928112506866455,0.14707136154174805,0.43271222548719074,worker1,worker1,worker1,0,0.1928112506866455,0.0,0.0
model_0,400,1,0.28702664375305176,4,7,0,0,0.6578866839408875,0.19135093688964844,0.09567570686340332,0.33333388709976186,worker1,worker1,worker1,0,0.19135093688964844,0.0,0.0
model_0,401,1,0.36815476417541504,0,0,1,1,0.9830158352851868,0.28345155715942383,0.08470320701599121,0.23007499904478376,worker1,worker1,worker1,0,0.28345155715942383,0.0,0.0
model_0,402,1,0.2734549045562744,8,8,1,0,0.9934953451156616,0.18952393531799316,0.08393096923828125,0.30692800838395295,worker1,worker1,worker1,0,0.18952393531799316,0.0,0.0
model_0,403,1,0.2750065326690674,4,4,1,0,0.7800998687744141,0.18945574760437012,0.08555078506469727,0.31108637396496286,worker1,worker1,worker1,0,0.18945574760437012,0.0,0.0
model_0,404,1,0.2915785312652588,1,1,1,0,0.9955695271492004,0.19096851348876953,0.10061001777648926,0.3450528999508573,worker1,worker1,worker1,0,0.19096851348876953,0.0,0.0
model_0,405,1,0.7632825374603271,4,4,1,3,0.6698585152626038,0.5610520839691162,0.20223045349121094,0.26494835603614497,worker1->worker3->worker2,worker1,worker2,0,0.28047895431518555,0.16809964179992676,0.1124734878540039
model_0,406,1,0.30873560905456543,9,9,1,0,0.9988082647323608,0.21777701377868652,0.0909585952758789,0.2946164699122965,worker1,worker1,worker1,0,0.21777701377868652,0.0,0.0
model_0,407,1,0.4356262683868408,2,0,0,1,0.837785005569458,0.28238868713378906,0.15323758125305176,0.35176386819027894,worker1,worker1,worker1,0,0.28238868713378906,0.0,0.0
model_0,408,1,0.36406850814819336,6,6,1,1,0.9794019460678101,0.2797427177429199,0.08432579040527344,0.231620666215241,worker1,worker1,worker1,0,0.2797427177429199,0.0,0.0
model_0,409,1,0.4998633861541748,4,4,1,2,0.9953758716583252,0.3598761558532715,0.13998723030090332,0.28005097828414766,worker1->worker3,worker1,worker3,0,0.27803564071655273,0.0,0.08184051513671875
model_0,410,1,0.3815598487854004,3,3,1,0,0.7391653656959534,0.29584336280822754,0.08571648597717285,0.22464755201583625,worker1,worker1,worker1,0,0.29584336280822754,0.0,0.0
model_0,411,1,0.3721647262573242,0,0,1,1,0.9946521520614624,0.28513169288635254,0.08703303337097168,0.2338562126674918,worker1,worker1,worker1,0,0.28513169288635254,0.0,0.0
model_0,412,1,0.4978444576263428,8,8,1,2,0.9523360133171082,0.35733914375305176,0.14050531387329102,0.28222733370017206,worker1->worker3,worker1,worker3,0,0.2783973217010498,0.0,0.07894182205200195
model_0,413,1,0.2736201286315918,5,5,1,0,0.8281877040863037,0.1888582706451416,0.0847618579864502,0.3097793221951717,worker1,worker1,worker1,0,0.1888582706451416,0.0,0.0
model_0,414,1,0.5014641284942627,4,4,1,2,0.9892880916595459,0.3621082305908203,0.13935589790344238,0.2778980389322838,worker1->worker3,worker1,worker3,0,0.2785325050354004,0.0,0.08357572555541992
model_0,415,1,0.3849048614501953,7,1,0,0,0.8900291919708252,0.28228330612182617,0.10262155532836914,0.2666153785164593,worker1,worker1,worker1,0,0.28228330612182617,0.0,0.0
model_0,416,1,0.3697521686553955,3,3,1,1,0.6567863821983337,0.2819688320159912,0.0877833366394043,0.23741128269410447,worker1,worker1,worker1,0,0.2819688320159912,0.0,0.0
model_0,417,1,0.7153418064117432,9,1,0,3,0.718619167804718,0.5292370319366455,0.18610477447509766,0.2601620271693973,worker1->worker3->worker2,worker1,worker2,0,0.2819380760192871,0.15836024284362793,0.08893871307373047
model_0,418,1,0.3686082363128662,1,1,1,0,0.9653748273849487,0.24947810173034668,0.11913013458251953,0.32318901979554415,worker1,worker1,worker1,0,0.24947810173034668,0.0,0.0
model_0,419,1,0.28647351264953613,2,2,1,0,0.9709251523017883,0.18813228607177734,0.09834122657775879,0.3432820914862965,worker1,worker1,worker1,0,0.18813228607177734,0.0,0.0
model_0,420,1,0.27214884757995605,8,8,1,0,0.7373992800712585,0.19053196907043457,0.08161687850952148,0.29989793907006285,worker1,worker1,worker1,0,0.19053196907043457,0.0,0.0
model_0,421,1,0.36697983741760254,4,4,1,1,0.9998831748962402,0.27820920944213867,0.08877062797546387,0.24189510955188487,worker1,worker1,worker1,0,0.27820920944213867,0.0,0.0
model_0,422,1,0.5070638656616211,8,8,1,2,0.8479437232017517,0.36191534996032715,0.14514851570129395,0.28625292696000526,worker1->worker3,worker1,worker3,0,0.2794017791748047,0.0,0.08251357078552246
model_0,423,1,0.3908216953277588,7,7,1,0,0.9938173890113831,0.2941300868988037,0.09669160842895508,0.2474059387820464,worker1,worker1,worker1,0,0.2941300868988037,0.0,0.0
model_0,424,1,0.36724233627319336,3,3,1,1,0.9234434962272644,0.27871131896972656,0.0885310173034668,0.24106974757291638,worker1,worker1,worker1,0,0.27871131896972656,0.0,0.0
model_0,425,1,0.2709975242614746,6,6,1,0,0.9039909839630127,0.18751788139343262,0.08347964286804199,0.30804577678538436,worker1,worker1,worker1,0,0.18751788139343262,0.0,0.0
model_0,426,1,0.39019107818603516,5,5,1,1,0.5528219938278198,0.27706074714660645,0.11313033103942871,0.2899357196104071,worker1,worker1,worker1,0,0.27706074714660645,0.0,0.0
model_0,427,1,0.35680508613586426,8,8,1,1,0.7814939618110657,0.27353906631469727,0.08326601982116699,0.2333655630386977,worker1,worker1,worker1,0,0.27353906631469727,0.0,0.0
model_0,428,1,0.36068105697631836,9,0,0,1,0.7904924154281616,0.2769508361816406,0.08373022079467773,0.23214476938880466,worker1,worker1,worker1,0,0.2769508361816406,0.0,0.0
model_0,429,1,0.26488637924194336,6,6,1,0,0.9609513878822327,0.18155431747436523,0.08333206176757812,0.3145954956463195,worker1,worker1,worker1,0,0.18155431747436523,0.0,0.0
model_0,430,1,0.27915167808532715,6,6,1,0,0.9316254258155823,0.1895129680633545,0.08963871002197266,0.32111112724378166,worker1,worker1,worker1,0,0.1895129680633545,0.0,0.0
model_0,431,1,0.3661081790924072,6,6,1,1,0.9964370727539062,0.2790873050689697,0.0870208740234375,0.23769169604231397,worker1,worker1,worker1,0,0.2790873050689697,0.0,0.0
model_0,432,1,0.2687242031097412,4,4,1,0,0.9411604404449463,0.18191885948181152,0.08680534362792969,0.3230276343678662,worker1,worker1,worker1,0,0.18191885948181152,0.0,0.0
model_0,433,1,0.3666665554046631,5,5,1,1,0.7016101479530334,0.27752208709716797,0.08914446830749512,0.24312135097544657,worker1,worker1,worker1,0,0.27752208709716797,0.0,0.0
model_0,434,1,0.2731614112854004,7,7,1,0,0.9607855677604675,0.1836705207824707,0.08949089050292969,0.3276117592225688,worker1,worker1,worker1,0,0.1836705207824707,0.0,0.0
model_0,435,1,0.6753504276275635,5,5,1,3,0.8105118274688721,0.49422740936279297,0.1811230182647705,0.2681911654384184,worker1->worker3->worker2,worker1,worker2,0,0.28012657165527344,0.10093808174133301,0.11316275596618652
model_0,436,1,0.5143496990203857,5,4,0,2,0.9275607466697693,0.36679959297180176,0.14755010604858398,0.2868672934573565,worker1->worker3,worker1,worker3,0,0.2805020809173584,0.0,0.08629751205444336
model_0,437,1,0.3142063617706299,9,9,1,0,0.8843291401863098,0.22106432914733887,0.09314203262329102,0.29643585858164306,worker1,worker1,worker1,0,0.22106432914733887,0.0,0.0
model_0,438,1,0.3664531707763672,5,5,1,1,0.7513871788978577,0.28217339515686035,0.08427977561950684,0.22998784658064717,worker1,worker1,worker1,0,0.28217339515686035,0.0,0.0
model_0,439,1,0.27330875396728516,8,8,1,0,0.9930832386016846,0.18531060218811035,0.0879981517791748,0.3219734110298864,worker1,worker1,worker1,0,0.18531060218811035,0.0,0.0
model_0,440,1,0.5057692527770996,2,2,1,2,0.9801661372184753,0.3636760711669922,0.14209318161010742,0.2809446814528484,worker1->worker3,worker1,worker3,0,0.279529333114624,0.0,0.08414673805236816
model_0,441,1,0.40700411796569824,9,9,1,0,0.9903342127799988,0.27493953704833984,0.1320645809173584,0.32447971675925064,worker1,worker1,worker1,0,0.27493953704833984,0.0,0.0
model_0,442,1,0.3703348636627197,6,6,1,1,0.9985445737838745,0.2850956916809082,0.08523917198181152,0.23016783010589734,worker1,worker1,worker1,0,0.2850956916809082,0.0,0.0
model_0,443,1,0.3669421672821045,4,4,1,1,0.7790113091468811,0.2819821834564209,0.0849599838256836,0.23153507936951412,worker1,worker1,worker1,0,0.2819821834564209,0.0,0.0
model_0,444,1,0.27913475036621094,6,6,1,0,0.8709195852279663,0.1890397071838379,0.09009504318237305,0.3227654137085147,worker1,worker1,worker1,0,0.1890397071838379,0.0,0.0
model_0,445,1,0.2792246341705322,9,1,0,0,0.800979495048523,0.19532275199890137,0.08390188217163086,0.3004816620885572,worker1,worker1,worker1,0,0.19532275199890137,0.0,0.0
model_0,446,1,0.28159022331237793,3,3,1,0,0.8726353049278259,0.19037866592407227,0.09121155738830566,0.32391592405224057,worker1,worker1,worker1,0,0.19037866592407227,0.0,0.0
model_0,447,1,0.7619650363922119,3,3,1,3,0.7915768027305603,0.5705299377441406,0.1914350986480713,0.2512386914161931,worker1->worker3->worker2,worker1,worker2,0,0.2953298091888428,0.19572687149047852,0.07947325706481934
model_0,448,1,0.3954339027404785,6,4,0,0,0.5406804084777832,0.26204657554626465,0.13338732719421387,0.33731889519284686,worker1,worker1,worker1,0,0.26204657554626465,0.0,0.0
model_0,449,1,0.2716965675354004,9,9,1,0,0.9967051148414612,0.18830227851867676,0.08339428901672363,0.3069390598976112,worker1,worker1,worker1,0,0.18830227851867676,0.0,0.0
model_0,450,1,0.2716376781463623,9,9,1,0,0.9675123691558838,0.18813371658325195,0.08350396156311035,0.30740934811744786,worker1,worker1,worker1,0,0.18813371658325195,0.0,0.0
model_0,451,1,0.2828030586242676,6,6,1,0,0.934094250202179,0.1923520565032959,0.09045100212097168,0.3198374252420833,worker1,worker1,worker1,0,0.1923520565032959,0.0,0.0
model_0,452,1,0.27486658096313477,1,1,1,0,0.9621107578277588,0.190047025680542,0.08481955528259277,0.308584459359826,worker1,worker1,worker1,0,0.190047025680542,0.0,0.0
model_0,453,1,0.37685632705688477,5,5,1,1,0.780223548412323,0.291975736618042,0.08488059043884277,0.22523329010217316,worker1,worker1,worker1,0,0.291975736618042,0.0,0.0
model_0,454,1,0.3666727542877197,9,9,1,1,0.9376912117004395,0.28093838691711426,0.08573436737060547,0.23381711994704593,worker1,worker1,worker1,0,0.28093838691711426,0.0,0.0
model_0,455,1,0.27701663970947266,7,7,1,0,0.9752328991889954,0.18754839897155762,0.08946824073791504,0.3229706375463468,worker1,worker1,worker1,0,0.18754839897155762,0.0,0.0
model_0,456,1,0.37413811683654785,3,3,1,1,0.9338865876197815,0.2893331050872803,0.08480501174926758,0.22666766077276454,worker1,worker1,worker1,0,0.2893331050872803,0.0,0.0
model_0,457,1,0.2773613929748535,3,3,1,0,0.7394968271255493,0.18748927116394043,0.08987212181091309,0.32402534774932135,worker1,worker1,worker1,0,0.18748927116394043,0.0,0.0
model_0,458,1,0.3719205856323242,0,0,1,1,0.9737575650215149,0.28354716300964355,0.08837342262268066,0.23761368968709212,worker1,worker1,worker1,0,0.28354716300964355,0.0,0.0
model_0,459,1,0.2740781307220459,7,7,1,0,0.9207509160041809,0.18925762176513672,0.08482050895690918,0.3094756547465263,worker1,worker1,worker1,0,0.18925762176513672,0.0,0.0
model_0,460,1,0.3740518093109131,9,9,1,1,0.9474978446960449,0.283907413482666,0.09014439582824707,0.24099441196211072,worker1,worker1,worker1,0,0.283907413482666,0.0,0.0
model_0,461,1,0.2752704620361328,3,5,0,0,0.6799286603927612,0.18734169006347656,0.08792877197265625,0.3194268332397919,worker1,worker1,worker1,0,0.18734169006347656,0.0,0.0
model_0,462,1,0.36794137954711914,9,9,1,1,0.9990884065628052,0.28429269790649414,0.083648681640625,0.22734241455414456,worker1,worker1,worker1,0,0.28429269790649414,0.0,0.0
model_0,463,1,0.36888813972473145,5,5,1,1,0.4851587414741516,0.28083348274230957,0.08805465698242188,0.23870286815978758,worker1,worker1,worker1,0,0.28083348274230957,0.0,0.0
model_0,464,1,0.3652775287628174,1,1,1,1,0.7849307656288147,0.2813434600830078,0.08393406867980957,0.22978163744178684,worker1,worker1,worker1,0,0.2813434600830078,0.0,0.0
model_0,465,1,0.27185773849487305,3,6,0,0,0.7640421986579895,0.18758273124694824,0.0842750072479248,0.30999672002904616,worker1,worker1,worker1,0,0.18758273124694824,0.0,0.0
model_0,466,1,0.549781084060669,7,7,1,2,0.9984777569770813,0.3941481113433838,0.15563297271728516,0.2830817160310137,worker1->worker3,worker1,worker3,0,0.2826426029205322,0.0,0.11150550842285156
model_0,467,1,0.6214399337768555,4,4,1,2,0.6925893425941467,0.4768848419189453,0.14455509185791016,0.23261313604255196,worker1->worker3,worker1,worker3,0,0.3960292339324951,0.0,0.0808556079864502
model_0,468,1,0.3915274143218994,3,3,1,0,0.9763904809951782,0.3042018413543701,0.0873255729675293,0.22303820824084986,worker1,worker1,worker1,0,0.3042018413543701,0.0,0.0
model_0,469,1,0.28008532524108887,8,8,1,0,0.99513840675354,0.19140172004699707,0.0886836051940918,0.3166306735911839,worker1,worker1,worker1,0,0.19140172004699707,0.0,0.0
model_0,470,1,0.28093576431274414,0,0,1,0,0.970171332359314,0.19326305389404297,0.08767271041870117,0.31207386725280695,worker1,worker1,worker1,0,0.19326305389404297,0.0,0.0
model_0,471,1,0.3061561584472656,6,6,1,0,0.9881018400192261,0.19064593315124512,0.11551022529602051,0.37729185616207933,worker1,worker1,worker1,0,0.19064593315124512,0.0,0.0
model_0,472,1,0.2878124713897705,8,8,1,0,0.639806866645813,0.19713187217712402,0.09068059921264648,0.3150683456306594,worker1,worker1,worker1,0,0.19713187217712402,0.0,0.0
model_0,473,1,0.298236608505249,4,5,0,0,0.894088864326477,0.19115853309631348,0.10707807540893555,0.3590373292722411,worker1,worker1,worker1,0,0.19115853309631348,0.0,0.0
model_0,474,1,0.7263190746307373,5,3,0,3,0.6235042810440063,0.5513098239898682,0.17500925064086914,0.24095367553143823,worker1->worker3->worker2,worker1,worker2,0,0.2824363708496094,0.1856861114501953,0.08318734169006348
model_0,475,1,0.4836862087249756,6,6,1,1,0.9963333606719971,0.39196062088012695,0.09172558784484863,0.18963862560117747,worker1,worker1,worker1,0,0.39196062088012695,0.0,0.0
model_0,476,1,0.31059861183166504,1,8,0,0,0.858575165271759,0.18948888778686523,0.1211097240447998,0.38992358443133535,worker1,worker1,worker1,0,0.18948888778686523,0.0,0.0
model_0,477,1,0.27645230293273926,6,6,1,0,0.8974407911300659,0.18988490104675293,0.08656740188598633,0.3131368448287014,worker1,worker1,worker1,0,0.18988490104675293,0.0,0.0
model_0,478,1,0.42330217361450195,3,5,0,1,0.7022168040275574,0.28197598457336426,0.1413261890411377,0.33386596585219136,worker1,worker1,worker1,0,0.28197598457336426,0.0,0.0
model_0,479,1,0.2736027240753174,8,8,1,0,0.9567612409591675,0.18929481506347656,0.08430790901184082,0.30813987432607776,worker1,worker1,worker1,0,0.18929481506347656,0.0,0.0
model_0,480,1,0.36888718605041504,7,7,1,1,0.9461796283721924,0.28372788429260254,0.0851593017578125,0.2308545945159883,worker1,worker1,worker1,0,0.28372788429260254,0.0,0.0
model_0,481,1,0.40585875511169434,3,3,1,1,0.5328146815299988,0.27788448333740234,0.127974271774292,0.31531726287159395,worker1,worker1,worker1,0,0.27788448333740234,0.0,0.0
model_0,482,1,0.3885233402252197,3,3,1,1,0.9582280516624451,0.2883298397064209,0.10019350051879883,0.2578828352003731,worker1,worker1,worker1,0,0.2883298397064209,0.0,0.0
model_0,483,1,0.5344667434692383,9,8,0,2,0.9386211037635803,0.37973451614379883,0.15473222732543945,0.2895076807231603,worker1->worker3,worker1,worker3,0,0.28250551223754883,0.0,0.09722900390625
model_0,484,1,0.3653428554534912,3,6,0,0,0.8003507256507874,0.2776448726654053,0.08769798278808594,0.24004296643280068,worker1,worker1,worker1,0,0.2776448726654053,0.0,0.0
model_0,485,1,0.3636507987976074,8,8,1,1,0.99901282787323,0.27692174911499023,0.08672904968261719,0.23849541914766118,worker1,worker1,worker1,0,0.27692174911499023,0.0,0.0
model_0,486,1,0.283475399017334,9,9,1,0,0.8816770911216736,0.18225455284118652,0.10122084617614746,0.35707100696225846,worker1,worker1,worker1,0,0.18225455284118652,0.0,0.0
model_0,487,1,0.2698032855987549,7,7,1,0,0.9789791703224182,0.18634390830993652,0.08345937728881836,0.30933417694896864,worker1,worker1,worker1,0,0.18634390830993652,0.0,0.0
model_0,488,1,0.2718534469604492,7,7,1,0,0.9919690489768982,0.1880340576171875,0.08381938934326172,0.3083256448665013,worker1,worker1,worker1,0,0.1880340576171875,0.0,0.0
model_0,489,1,0.2824525833129883,8,8,1,0,0.6641188859939575,0.18986940383911133,0.09258317947387695,0.3277830862367603,worker1,worker1,worker1,0,0.18986940383911133,0.0,0.0
model_0,490,1,0.36524176597595215,2,2,1,1,0.8753125667572021,0.2792789936065674,0.08596277236938477,0.23535854980792267,worker1,worker1,worker1,0,0.2792789936065674,0.0,0.0
model_0,491,1,0.3567211627960205,2,2,1,1,0.7710504531860352,0.2732086181640625,0.08351254463195801,0.2341115508185085,worker1,worker1,worker1,0,0.2732086181640625,0.0,0.0
model_0,492,1,0.3580288887023926,6,0,0,1,0.9783132076263428,0.2742180824279785,0.08381080627441406,0.23408950763210853,worker1,worker1,worker1,0,0.2742180824279785,0.0,0.0
model_0,493,1,0.2764756679534912,7,0,0,0,0.8411685228347778,0.18709683418273926,0.08937883377075195,0.32327920367222795,worker1,worker1,worker1,0,0.18709683418273926,0.0,0.0
model_0,494,1,0.2745990753173828,4,4,1,0,0.8928217887878418,0.18634676933288574,0.08825230598449707,0.32138602754759704,worker1,worker1,worker1,0,0.18634676933288574,0.0,0.0
model_0,495,1,0.2820131778717041,5,3,0,0,0.5903990268707275,0.18846893310546875,0.09354424476623535,0.33170167958885705,worker1,worker1,worker1,0,0.18846893310546875,0.0,0.0
model_0,496,1,0.27349042892456055,4,4,1,0,0.7852674722671509,0.18964791297912598,0.08384251594543457,0.3065647169998832,worker1,worker1,worker1,0,0.18964791297912598,0.0,0.0
model_0,497,1,0.27767109870910645,0,0,1,0,0.8267244696617126,0.18701791763305664,0.0906531810760498,0.32647683355414603,worker1,worker1,worker1,0,0.18701791763305664,0.0,0.0
model_0,498,1,0.35998010635375977,3,5,0,1,0.82499760389328,0.27919554710388184,0.08078455924987793,0.22441395461584007,worker1,worker1,worker1,0,0.27919554710388184,0.0,0.0
model_0,499,1,0.26482486724853516,8,8,1,0,0.971230149269104,0.18293428421020508,0.08189058303833008,0.3092254284469316,worker1,worker1,worker1,0,0.18293428421020508,0.0,0.0
model_0,500,1,0.30905675888061523,1,1,1,0,0.5941914916038513,0.18713760375976562,0.12191915512084961,0.39448791077222634,worker1,worker1,worker1,0,0.18713760375976562,0.0,0.0
model_0,501,1,0.3777012825012207,9,9,1,1,0.6686700582504272,0.2801535129547119,0.09754776954650879,0.2582669799279634,worker1,worker1,worker1,0,0.2801535129547119,0.0,0.0
model_0,502,1,0.2713949680328369,5,4,0,0,0.9195156693458557,0.1823253631591797,0.08906960487365723,0.3281918066472051,worker1,worker1,worker1,0,0.1823253631591797,0.0,0.0
model_0,503,1,0.5783343315124512,7,7,1,2,0.7113820910453796,0.3721625804901123,0.20617175102233887,0.3564923259581731,worker1->worker3,worker1,worker3,0,0.2786064147949219,0.0,0.09355616569519043
model_0,504,1,0.4755990505218506,3,5,0,1,0.8273095488548279,0.3904740810394287,0.08512496948242188,0.17898473386147132,worker1,worker1,worker1,0,0.3904740810394287,0.0,0.0
model_0,505,1,0.7119302749633789,9,7,0,3,0.9036950469017029,0.5317926406860352,0.18013763427734375,0.2530270738754717,worker1->worker3->worker2,worker1,worker2,0,0.27285265922546387,0.1794266700744629,0.0795133113861084
model_0,506,1,0.40329599380493164,1,1,1,0,0.9938254356384277,0.2711052894592285,0.13219070434570312,0.32777589258583567,worker1,worker1,worker1,0,0.2711052894592285,0.0,0.0
model_0,507,1,0.36856603622436523,3,3,1,1,0.8992002606391907,0.2817039489746094,0.08686208724975586,0.23567577777806528,worker1,worker1,worker1,0,0.2817039489746094,0.0,0.0
model_0,508,1,0.2686898708343506,8,8,1,0,0.9934877157211304,0.18381357192993164,0.08487629890441895,0.31588946260183304,worker1,worker1,worker1,0,0.18381357192993164,0.0,0.0
model_0,509,1,0.28124260902404785,3,3,1,0,0.9230615496635437,0.1906747817993164,0.09056782722473145,0.32202740380988065,worker1,worker1,worker1,0,0.1906747817993164,0.0,0.0
model_0,510,1,0.43210411071777344,9,9,1,1,0.7515973448753357,0.28069448471069336,0.15140962600708008,0.35040079983403005,worker1,worker1,worker1,0,0.28069448471069336,0.0,0.0
model_0,511,1,0.3589644432067871,6,6,1,1,0.8205158710479736,0.27491307258605957,0.08405137062072754,0.23414957166748804,worker1,worker1,worker1,0,0.27491307258605957,0.0,0.0
model_0,512,1,0.2674295902252197,0,0,1,0,0.9064449667930603,0.1830151081085205,0.08441448211669922,0.3156512413065747,worker1,worker1,worker1,0,0.1830151081085205,0.0,0.0
model_0,513,1,0.7543578147888184,7,0,0,3,0.6755045056343079,0.5315155982971191,0.22284221649169922,0.29540651945666346,worker1->worker3->worker2,worker1,worker2,0,0.2851698398590088,0.16430306434631348,0.08204269409179688
model_0,514,1,0.4039759635925293,3,3,1,1,0.9925480484962463,0.31565070152282715,0.08832526206970215,0.21863989452301053,worker1,worker1,worker1,0,0.31565070152282715,0.0,0.0
model_0,515,1,0.27008509635925293,0,0,1,0,0.9375258088111877,0.18249297142028809,0.08759212493896484,0.32431306325194054,worker1,worker1,worker1,0,0.18249297142028809,0.0,0.0
model_0,516,1,0.3030848503112793,3,5,0,0,0.9202197194099426,0.19034385681152344,0.11274099349975586,0.37197832020956084,worker1,worker1,worker1,0,0.19034385681152344,0.0,0.0
model_0,517,1,0.2835097312927246,6,6,1,0,0.9768009185791016,0.1876821517944336,0.09582757949829102,0.3380045512418364,worker1,worker1,worker1,0,0.1876821517944336,0.0,0.0
model_0,518,1,0.37726759910583496,6,6,1,1,0.8685495853424072,0.27862977981567383,0.09863781929016113,0.2614531953550833,worker1,worker1,worker1,0,0.27862977981567383,0.0,0.0
model_0,519,1,0.35936713218688965,2,2,1,1,0.8567764163017273,0.27532315254211426,0.08404397964477539,0.2338666286294322,worker1,worker1,worker1,0,0.27532315254211426,0.0,0.0
model_0,520,1,0.5375759601593018,0,5,0,2,0.8606057167053223,0.38778233528137207,0.1497936248779297,0.2786464350703867,worker1->worker3,worker1,worker3,0,0.2747056484222412,0.0,0.11307668685913086
model_0,521,1,0.4746263027191162,0,0,1,1,0.9512172341346741,0.38905978202819824,0.08556652069091797,0.18028187692235048,worker1,worker1,worker1,0,0.38905978202819824,0.0,0.0
model_0,522,1,0.7233927249908447,2,5,0,3,0.9052050113677979,0.544086217880249,0.1793065071105957,0.24786882825351197,worker1->worker3->worker2,worker1,worker2,0,0.27431440353393555,0.18797993659973145,0.08179187774658203
model_0,523,1,0.388735294342041,3,4,0,0,0.7299677729606628,0.2928495407104492,0.0958857536315918,0.24666078698587038,worker1,worker1,worker1,0,0.2928495407104492,0.0,0.0
model_0,524,1,0.37956976890563965,6,6,1,1,0.9814313650131226,0.2859804630279541,0.09358930587768555,0.24656680680212886,worker1,worker1,worker1,0,0.2859804630279541,0.0,0.0
model_0,525,1,0.5099339485168457,5,5,1,2,0.9881691932678223,0.3652479648590088,0.14468598365783691,0.2837347544297832,worker1->worker3,worker1,worker3,0,0.2834036350250244,0.0,0.08184432983398438
model_0,526,1,0.6126198768615723,7,4,0,2,0.7143769264221191,0.47246789932250977,0.1401519775390625,0.22877477997784795,worker1->worker3,worker1,worker3,0,0.3916609287261963,0.0,0.08080697059631348
model_0,527,1,0.37485289573669434,0,8,0,0,0.56706303358078,0.28938770294189453,0.0854651927947998,0.2279966188518725,worker1,worker1,worker1,0,0.28938770294189453,0.0,0.0
model_0,528,1,0.2904033660888672,1,9,0,0,0.916043221950531,0.18984222412109375,0.10056114196777344,0.3462809103149322,worker1,worker1,worker1,0,0.18984222412109375,0.0,0.0
model_0,529,1,0.2765934467315674,0,0,1,0,0.8963152170181274,0.19085025787353516,0.08574318885803223,0.3099971813187808,worker1,worker1,worker1,0,0.19085025787353516,0.0,0.0
model_0,530,1,0.366239070892334,3,5,0,1,0.6208823323249817,0.2836315631866455,0.08260750770568848,0.225556239820118,worker1,worker1,worker1,0,0.2836315631866455,0.0,0.0
model_0,531,1,0.2711296081542969,9,9,1,0,0.9513118267059326,0.1875147819519043,0.08361482620239258,0.3083943017938797,worker1,worker1,worker1,0,0.1875147819519043,0.0,0.0
model_0,532,1,0.30132341384887695,9,9,1,0,0.9574810266494751,0.1909632682800293,0.11036014556884766,0.3662514776372363,worker1,worker1,worker1,0,0.1909632682800293,0.0,0.0
model_0,533,1,0.28177475929260254,1,1,1,0,0.9310102462768555,0.19238758087158203,0.08938717842102051,0.3172291891772976,worker1,worker1,worker1,0,0.19238758087158203,0.0,0.0
model_0,534,1,0.3717060089111328,9,1,0,1,0.9001811146736145,0.28327417373657227,0.08843183517456055,0.23790800539816606,worker1,worker1,worker1,0,0.28327417373657227,0.0,0.0
model_0,535,1,0.5259265899658203,4,4,1,2,0.9805504083633423,0.3789365291595459,0.14699006080627441,0.2794877909022003,worker1->worker3,worker1,worker3,0,0.28235745429992676,0.0,0.09657907485961914
model_0,536,1,0.4364500045776367,3,2,0,1,0.7680737972259521,0.3495023250579834,0.08694767951965332,0.1992156687082515,worker1,worker1,worker1,0,0.3495023250579834,0.0,0.0
model_0,537,1,0.2707216739654541,7,7,1,0,0.9924418926239014,0.18360233306884766,0.08711934089660645,0.3218040861690426,worker1,worker1,worker1,0,0.18360233306884766,0.0,0.0
model_0,538,1,0.3711361885070801,3,5,0,1,0.9692856669425964,0.2853100299835205,0.08582615852355957,0.2312524652171511,worker1,worker1,worker1,0,0.2853100299835205,0.0,0.0
model_0,539,1,0.2672853469848633,7,7,1,0,0.9898760914802551,0.18360471725463867,0.08368062973022461,0.3130760091198099,worker1,worker1,worker1,0,0.18360471725463867,0.0,0.0
model_0,540,1,0.2710764408111572,4,4,1,0,0.9397600889205933,0.18731403350830078,0.08376240730285645,0.3089992145839362,worker1,worker1,worker1,0,0.18731403350830078,0.0,0.0
model_0,541,1,0.2730860710144043,4,2,0,0,0.956506073474884,0.18926405906677246,0.08382201194763184,0.30694356411613,worker1,worker1,worker1,0,0.18926405906677246,0.0,0.0
model_0,542,1,0.3644683361053467,9,1,0,1,0.9301323890686035,0.28076624870300293,0.08370208740234375,0.22965530640266738,worker1,worker1,worker1,0,0.28076624870300293,0.0,0.0
model_0,543,1,0.49920201301574707,2,2,1,2,0.996733546257019,0.35901546478271484,0.14018654823303223,0.28082127991861705,worker1->worker3,worker1,worker3,0,0.2756814956665039,0.0,0.08333396911621094
model_0,544,1,0.47417354583740234,2,5,0,1,0.7079333662986755,0.3896033763885498,0.08457016944885254,0.17835277862137902,worker1,worker1,worker1,0,0.3896033763885498,0.0,0.0
model_0,545,1,0.35973191261291504,6,2,0,1,0.9784247875213623,0.2743213176727295,0.08541059494018555,0.23742846254535815,worker1,worker1,worker1,0,0.2743213176727295,0.0,0.0
model_0,546,1,0.35703563690185547,6,6,1,1,0.8691080808639526,0.2723116874694824,0.08472394943237305,0.23729829931700228,worker1,worker1,worker1,0,0.2723116874694824,0.0,0.0
model_0,547,1,0.4962005615234375,1,0,0,2,0.7398634552955627,0.35543012619018555,0.14077043533325195,0.283696646575848,worker1->worker3,worker1,worker3,0,0.2737302780151367,0.0,0.08169984817504883
model_0,548,1,0.473163366317749,6,2,0,1,0.9792320728302002,0.3870735168457031,0.0860898494720459,0.18194529754493496,worker1,worker1,worker1,0,0.3870735168457031,0.0,0.0
model_0,549,1,0.3971090316772461,3,3,1,1,0.8048291802406311,0.2742753028869629,0.1228337287902832,0.3093199071083264,worker1,worker1,worker1,0,0.2742753028869629,0.0,0.0
model_0,550,1,0.2719149589538574,8,8,1,0,0.8406434059143066,0.18128013610839844,0.09063482284545898,0.33332047340889126,worker1,worker1,worker1,0,0.18128013610839844,0.0,0.0
model_0,551,1,0.3603169918060303,3,2,0,1,0.8397007584571838,0.277172327041626,0.0831446647644043,0.23075421546914898,worker1,worker1,worker1,0,0.277172327041626,0.0,0.0
model_0,552,1,0.5318052768707275,6,4,0,2,0.9132354259490967,0.3862128257751465,0.14559245109558105,0.27377022648643634,worker1->worker3,worker1,worker3,0,0.2784416675567627,0.0,0.10777115821838379
model_0,553,1,0.7887907028198242,8,1,0,3,0.5235583186149597,0.5776777267456055,0.21111297607421875,0.26764130880285136,worker1->worker3->worker2,worker1,worker2,0,0.344529390335083,0.1510148048400879,0.08213353157043457
model_0,554,1,0.3278326988220215,4,2,0,0,0.8505160212516785,0.2325456142425537,0.09528708457946777,0.29065765837836266,worker1,worker1,worker1,0,0.2325456142425537,0.0,0.0
model_0,555,1,0.2842710018157959,3,3,1,0,0.8316918015480042,0.19273161888122559,0.09153938293457031,0.32201449444318175,worker1,worker1,worker1,0,0.19273161888122559,0.0,0.0
model_0,556,1,0.36369752883911133,9,1,0,1,0.9487174153327942,0.2799203395843506,0.08377718925476074,0.23034852483647533,worker1,worker1,worker1,0,0.2799203395843506,0.0,0.0
model_0,557,1,0.5037734508514404,2,5,0,2,0.8282008767127991,0.36400532722473145,0.13976812362670898,0.27744241660707464,worker1->worker3,worker1,worker3,0,0.28201794624328613,0.0,0.08198738098144531
model_0,558,1,0.3879685401916504,1,1,1,0,0.9968687891960144,0.3025085926055908,0.08545994758605957,0.22027545724156833,worker1,worker1,worker1,0,0.3025085926055908,0.0,0.0
model_0,559,1,0.3719179630279541,3,3,1,1,0.9647925496101379,0.2813239097595215,0.09059405326843262,0.24358611918301828,worker1,worker1,worker1,0,0.2813239097595215,0.0,0.0
model_0,560,1,0.7270636558532715,2,2,1,3,0.7000983357429504,0.5371685028076172,0.1898951530456543,0.26118091795249493,worker1->worker3->worker2,worker1,worker2,0,0.27989768981933594,0.17386794090270996,0.08340287208557129
model_0,561,1,0.37679338455200195,6,6,1,0,0.9264360666275024,0.29129791259765625,0.0854954719543457,0.22690279463371607,worker1,worker1,worker1,0,0.29129791259765625,0.0,0.0
model_0,562,1,0.37707948684692383,0,0,1,1,0.8806735873222351,0.28826069831848145,0.08881878852844238,0.2355439413348373,worker1,worker1,worker1,0,0.28826069831848145,0.0,0.0
model_0,563,1,0.2708139419555664,9,9,1,0,0.9695863723754883,0.18537235260009766,0.08544158935546875,0.3154992270283024,worker1,worker1,worker1,0,0.18537235260009766,0.0,0.0
model_0,564,1,0.36369776725769043,7,7,1,1,0.9825652837753296,0.27843570709228516,0.08526206016540527,0.23443107943248556,worker1,worker1,worker1,0,0.27843570709228516,0.0,0.0
model_0,565,1,0.26975321769714355,8,8,1,0,0.9689936637878418,0.18527626991271973,0.08447694778442383,0.31316381878813215,worker1,worker1,worker1,0,0.18527626991271973,0.0,0.0
model_0,566,1,0.3075721263885498,6,6,1,0,0.9186210036277771,0.18500685691833496,0.12256526947021484,0.398492772766348,worker1,worker1,worker1,0,0.18500685691833496,0.0,0.0
model_0,567,1,0.36557626724243164,6,6,1,1,0.9988320469856262,0.277695894241333,0.08788037300109863,0.24038861620855936,worker1,worker1,worker1,0,0.277695894241333,0.0,0.0
model_0,568,1,0.27013444900512695,6,6,1,0,0.9252210259437561,0.18680024147033691,0.08333420753479004,0.3084915968389075,worker1,worker1,worker1,0,0.18680024147033691,0.0,0.0
model_0,569,1,0.785475492477417,6,5,0,3,0.49677520990371704,0.5620293617248535,0.22344613075256348,0.2844724410787237,worker1->worker3->worker2,worker1,worker2,0,0.27559781074523926,0.17569398880004883,0.11073756217956543
model_0,570,1,0.30533289909362793,8,8,1,0,0.6920551657676697,0.21319198608398438,0.09214091300964355,0.3017719783330301,worker1,worker1,worker1,0,0.21319198608398438,0.0,0.0
model_0,571,1,0.3654055595397949,4,4,1,1,0.990632176399231,0.27898263931274414,0.08642292022705078,0.2365123298504132,worker1,worker1,worker1,0,0.27898263931274414,0.0,0.0
model_0,572,1,0.2755622863769531,4,4,1,0,0.7500193119049072,0.18394970893859863,0.09161257743835449,0.3324568780541828,worker1,worker1,worker1,0,0.18394970893859863,0.0,0.0
model_0,573,1,0.2723119258880615,4,4,1,0,0.8288077712059021,0.18578195571899414,0.08652997016906738,0.3177604869374579,worker1,worker1,worker1,0,0.18578195571899414,0.0,0.0
model_0,574,1,0.27473926544189453,8,8,1,0,0.9828153252601624,0.18467187881469727,0.09006738662719727,0.32782859225575783,worker1,worker1,worker1,0,0.18467187881469727,0.0,0.0
model_0,575,1,0.36247730255126953,8,8,1,1,0.9682856202125549,0.27567481994628906,0.08680248260498047,0.23947011852611916,worker1,worker1,worker1,0,0.27567481994628906,0.0,0.0
model_0,576,1,0.27136898040771484,9,9,1,0,0.9011932611465454,0.1856098175048828,0.08575916290283203,0.31602419249976277,worker1,worker1,worker1,0,0.1856098175048828,0.0,0.0
model_0,577,1,0.4063568115234375,9,8,0,1,0.6921806931495667,0.27487874031066895,0.13147807121276855,0.3235532602981488,worker1,worker1,worker1,0,0.27487874031066895,0.0,0.0
model_0,578,1,0.3674952983856201,6,2,0,1,0.7833697199821472,0.2824289798736572,0.08506631851196289,0.2314759369321267,worker1,worker1,worker1,0,0.2824289798736572,0.0,0.0
model_0,579,1,0.2767348289489746,8,8,1,0,0.8743783831596375,0.1838524341583252,0.09288239479064941,0.3356368085051391,worker1,worker1,worker1,0,0.1838524341583252,0.0,0.0
model_0,580,1,0.364717960357666,9,9,1,1,0.9642518162727356,0.27549266815185547,0.08922529220581055,0.2446418929254552,worker1,worker1,worker1,0,0.27549266815185547,0.0,0.0
model_0,581,1,0.35867881774902344,0,0,1,1,0.9923185110092163,0.2747206687927246,0.08395814895629883,0.2340761282843484,worker1,worker1,worker1,0,0.2747206687927246,0.0,0.0
model_0,582,1,0.2736015319824219,3,3,1,0,0.8059354424476624,0.1869957447052002,0.08660578727722168,0.3165398477475845,worker1,worker1,worker1,0,0.1869957447052002,0.0,0.0
model_0,583,1,0.5815024375915527,6,2,0,2,0.5785545706748962,0.3609950542449951,0.22050738334655762,0.37920285297486916,worker1->worker3,worker1,worker3,0,0.2756080627441406,0.0,0.08538699150085449
model_0,584,1,0.37653040885925293,4,4,1,0,0.9333646297454834,0.2915151119232178,0.08501529693603516,0.22578600542144758,worker1,worker1,worker1,0,0.2915151119232178,0.0,0.0
model_0,585,1,0.3665468692779541,6,6,1,1,0.9747092723846436,0.27494359016418457,0.09160327911376953,0.24990877508847678,worker1,worker1,worker1,0,0.27494359016418457,0.0,0.0
model_0,586,1,0.3682363033294678,8,8,1,1,0.8619253039360046,0.2768096923828125,0.09142661094665527,0.24828244830834675,worker1,worker1,worker1,0,0.2768096923828125,0.0,0.0
model_0,587,1,0.27730679512023926,5,7,0,0,0.5271373391151428,0.18674731254577637,0.09055948257446289,0.32656784531802263,worker1,worker1,worker1,0,0.18674731254577637,0.0,0.0
model_0,588,1,0.2656116485595703,8,1,0,0,0.8143686056137085,0.18252301216125488,0.08308863639831543,0.31282000186705156,worker1,worker1,worker1,0,0.18252301216125488,0.0,0.0
model_0,589,1,0.27454376220703125,7,7,1,0,0.9846723675727844,0.18452668190002441,0.09001708030700684,0.3278788036681951,worker1,worker1,worker1,0,0.18452668190002441,0.0,0.0
model_0,590,1,0.28219079971313477,9,9,1,0,0.8429169058799744,0.1861860752105713,0.09600472450256348,0.34021209975718025,worker1,worker1,worker1,0,0.1861860752105713,0.0,0.0
model_0,591,1,0.3658921718597412,4,4,1,1,0.8266454339027405,0.276275634765625,0.08961653709411621,0.24492608474955088,worker1,worker1,worker1,0,0.276275634765625,0.0,0.0
model_0,592,1,0.3697338104248047,1,1,1,1,0.9917516112327576,0.2787811756134033,0.09095263481140137,0.24599490835555876,worker1,worker1,worker1,0,0.2787811756134033,0.0,0.0
model_0,593,1,0.3044474124908447,9,9,1,0,0.9976646900177002,0.19251275062561035,0.11193466186523438,0.3676650129801988,worker1,worker1,worker1,0,0.19251275062561035,0.0,0.0
model_0,594,1,0.2698800563812256,6,6,1,0,0.9804450273513794,0.1850872039794922,0.0847928524017334,0.3141871746238159,worker1,worker1,worker1,0,0.1850872039794922,0.0,0.0
model_0,595,1,0.36716628074645996,3,3,1,1,0.9931572079658508,0.2774684429168701,0.08969783782958984,0.2442975908551065,worker1,worker1,worker1,0,0.2774684429168701,0.0,0.0
model_0,596,1,0.7499797344207764,2,2,1,3,0.9264647364616394,0.5717432498931885,0.1782364845275879,0.2376550676602526,worker1->worker3->worker2,worker1,worker2,0,0.2802612781524658,0.2101726531982422,0.08130931854248047
model_0,597,1,0.3913917541503906,8,8,1,0,0.7993808388710022,0.30111241340637207,0.09027934074401855,0.23066234734554245,worker1,worker1,worker1,0,0.30111241340637207,0.0,0.0
model_0,598,1,0.3730792999267578,3,3,1,1,0.9988306164741516,0.28478074073791504,0.08829855918884277,0.2366750425611321,worker1,worker1,worker1,0,0.28478074073791504,0.0,0.0
model_0,599,1,0.2739269733428955,7,7,1,0,0.805944561958313,0.19049525260925293,0.08343172073364258,0.30457650707221395,worker1,worker1,worker1,0,0.19049525260925293,0.0,0.0
model_0,600,1,0.3728055953979492,4,7,0,1,0.7003825902938843,0.2892160415649414,0.08358955383300781,0.2242175408976376,worker1,worker1,worker1,0,0.2892160415649414,0.0,0.0
model_0,601,1,0.2782013416290283,9,9,1,0,0.6901160478591919,0.19118499755859375,0.08701634407043457,0.3127818994721736,worker1,worker1,worker1,0,0.19118499755859375,0.0,0.0
model_0,602,1,0.37236690521240234,6,6,1,1,0.9874677658081055,0.2886052131652832,0.08376169204711914,0.22494397561818905,worker1,worker1,worker1,0,0.2886052131652832,0.0,0.0
model_0,603,1,0.37868380546569824,5,5,1,1,0.7527730464935303,0.2948336601257324,0.08385014533996582,0.2214252210676094,worker1,worker1,worker1,0,0.2948336601257324,0.0,0.0
model_0,604,1,0.27781176567077637,9,9,1,0,0.9725545644760132,0.19328570365905762,0.08452606201171875,0.3042565954959849,worker1,worker1,worker1,0,0.19328570365905762,0.0,0.0
model_0,605,1,0.3585236072540283,0,0,1,1,0.9954577684402466,0.27582621574401855,0.08269739151000977,0.23066093790419595,worker1,worker1,worker1,0,0.27582621574401855,0.0,0.0
model_0,606,1,0.3619382381439209,6,6,1,1,0.9919949769973755,0.2785482406616211,0.0833899974822998,0.23039841800064423,worker1,worker1,worker1,0,0.2785482406616211,0.0,0.0
model_0,607,1,0.3602426052093506,3,3,1,1,0.9800187945365906,0.2764565944671631,0.0837860107421875,0.23258218081533216,worker1,worker1,worker1,0,0.2764565944671631,0.0,0.0
model_0,608,1,0.3616790771484375,7,7,1,1,0.9933757185935974,0.2777585983276367,0.08392047882080078,0.2320302282411509,worker1,worker1,worker1,0,0.2777585983276367,0.0,0.0
model_0,609,1,0.2902336120605469,2,2,1,0,0.7927160263061523,0.20167160034179688,0.08856201171875,0.30514043873138547,worker1,worker1,worker1,0,0.20167160034179688,0.0,0.0
model_0,610,1,0.27654576301574707,7,2,0,0,0.7691748738288879,0.18805789947509766,0.08848786354064941,0.3199754810042443,worker1,worker1,worker1,0,0.18805789947509766,0.0,0.0
model_0,611,1,0.2719607353210449,6,6,1,0,0.9470726847648621,0.1889348030090332,0.08302593231201172,0.3052864679675213,worker1,worker1,worker1,0,0.1889348030090332,0.0,0.0
model_0,612,1,0.2808990478515625,7,7,1,0,0.9532581567764282,0.1881561279296875,0.092742919921875,0.33016459340539955,worker1,worker1,worker1,0,0.1881561279296875,0.0,0.0
model_0,613,1,0.3086361885070801,0,0,1,0,0.7662228941917419,0.18859314918518066,0.12004303932189941,0.3889467398575836,worker1,worker1,worker1,0,0.18859314918518066,0.0,0.0
model_0,614,1,0.5516834259033203,1,1,1,2,0.795357882976532,0.3962223529815674,0.15546107292175293,0.28179398840413356,worker1->worker3,worker1,worker3,0,0.2805178165435791,0.0,0.11570453643798828
model_0,615,1,0.373213529586792,7,0,0,0,0.8836100101470947,0.2875368595123291,0.08567667007446289,0.22956474854842718,worker1,worker1,worker1,0,0.2875368595123291,0.0,0.0
model_0,616,1,0.2864978313446045,1,9,0,0,0.8425337672233582,0.19562315940856934,0.09087467193603516,0.3171914827750635,worker1,worker1,worker1,0,0.19562315940856934,0.0,0.0
model_0,617,1,0.27258729934692383,8,8,1,0,0.7915925979614258,0.18563556671142578,0.08695173263549805,0.3189867350526627,worker1,worker1,worker1,0,0.18563556671142578,0.0,0.0
model_0,618,1,0.3700754642486572,4,6,0,1,0.6775137186050415,0.27986907958984375,0.09020638465881348,0.2437513247249565,worker1,worker1,worker1,0,0.27986907958984375,0.0,0.0
model_0,619,1,0.26741671562194824,1,9,0,0,0.8599125742912292,0.18404388427734375,0.08337283134460449,0.31177120379591433,worker1,worker1,worker1,0,0.18404388427734375,0.0,0.0
model_0,620,1,0.3672049045562744,9,1,0,1,0.9228540658950806,0.2782168388366699,0.08898806571960449,0.24233899007186874,worker1,worker1,worker1,0,0.2782168388366699,0.0,0.0
model_0,621,1,0.36275649070739746,6,6,1,1,0.9961413741111755,0.27332329750061035,0.08943319320678711,0.24653781668354682,worker1,worker1,worker1,0,0.27332329750061035,0.0,0.0
model_0,622,1,0.3567516803741455,4,4,1,1,0.8737890124320984,0.27428698539733887,0.08246469497680664,0.23115432810385445,worker1,worker1,worker1,0,0.27428698539733887,0.0,0.0
model_0,623,1,0.3655579090118408,0,0,1,1,0.9908832907676697,0.2758042812347412,0.08975362777709961,0.24552506063873014,worker1,worker1,worker1,0,0.2758042812347412,0.0,0.0
model_0,624,1,0.27190661430358887,9,9,1,0,0.811642587184906,0.1830902099609375,0.08881640434265137,0.3266430445987098,worker1,worker1,worker1,0,0.1830902099609375,0.0,0.0
model_0,625,1,0.27100086212158203,0,1,0,0,0.6118773221969604,0.18735480308532715,0.08364605903625488,0.30865606249890026,worker1,worker1,worker1,0,0.18735480308532715,0.0,0.0
model_0,626,1,0.2678227424621582,3,3,1,0,0.8236808776855469,0.18439006805419922,0.08343267440795898,0.3115219926468625,worker1,worker1,worker1,0,0.18439006805419922,0.0,0.0
model_0,627,1,0.5032124519348145,4,4,1,2,0.9999340772628784,0.3635547161102295,0.13965773582458496,0.2775323529606856,worker1->worker3,worker1,worker3,0,0.28228068351745605,0.0,0.08127403259277344
model_0,628,1,0.47303080558776855,4,4,1,1,0.983470618724823,0.37687039375305176,0.0961604118347168,0.2032857283263652,worker1,worker1,worker1,0,0.37687039375305176,0.0,0.0
model_0,629,1,0.2691769599914551,4,4,1,0,0.8383715152740479,0.18344378471374512,0.08573317527770996,0.31850116473724766,worker1,worker1,worker1,0,0.18344378471374512,0.0,0.0
model_0,630,1,0.5782475471496582,0,0,1,2,0.9852627515792847,0.3918459415435791,0.1864016056060791,0.3223560679589634,worker1->worker3,worker1,worker3,0,0.279308557510376,0.0,0.11253738403320312
model_0,631,1,0.39226293563842773,9,9,1,0,0.9353673458099365,0.3045060634613037,0.08775687217712402,0.22371951108328725,worker1,worker1,worker1,0,0.3045060634613037,0.0,0.0
model_0,632,1,0.8046681880950928,4,6,0,3,0.4091918468475342,0.5483686923980713,0.2562994956970215,0.31851575530003795,worker1->worker3->worker2,worker1,worker2,0,0.27981138229370117,0.18741798400878906,0.08113932609558105
model_0,633,1,0.3415200710296631,8,8,1,0,0.8177432417869568,0.2517991065979004,0.0897209644317627,0.26271066342092053,worker1,worker1,worker1,0,0.2517991065979004,0.0,0.0
model_0,634,1,0.27716684341430664,0,0,1,0,0.7010943293571472,0.18297076225280762,0.09419608116149902,0.3398533533128835,worker1,worker1,worker1,0,0.18297076225280762,0.0,0.0
model_0,635,1,0.2728390693664551,4,4,1,0,0.993286669254303,0.18332767486572266,0.08951139450073242,0.3280739620926798,worker1,worker1,worker1,0,0.18332767486572266,0.0,0.0
model_0,636,1,0.4997596740722656,4,4,1,2,0.7254289984703064,0.3589761257171631,0.14078354835510254,0.28170249753833704,worker1->worker3,worker1,worker3,0,0.2759830951690674,0.0,0.0829930305480957
model_0,637,1,0.48796725273132324,3,3,1,1,0.930839478969574,0.375777006149292,0.11219024658203125,0.22991347463187997,worker1,worker1,worker1,0,0.375777006149292,0.0,0.0
model_0,638,1,0.2718472480773926,9,9,1,0,0.9955540299415588,0.18648695945739746,0.08536028861999512,0.3140009296533095,worker1,worker1,worker1,0,0.18648695945739746,0.0,0.0
model_0,639,1,0.2844369411468506,7,2,0,0,0.8053174018859863,0.1826159954071045,0.1018209457397461,0.35797370527612815,worker1,worker1,worker1,0,0.1826159954071045,0.0,0.0
model_0,640,1,0.282027006149292,9,9,1,0,0.9987335801124573,0.19435787200927734,0.08766913414001465,0.3108536850318749,worker1,worker1,worker1,0,0.19435787200927734,0.0,0.0
model_0,641,1,0.3190627098083496,9,9,1,0,0.9118841886520386,0.18236589431762695,0.13669681549072266,0.42843244067234276,worker1,worker1,worker1,0,0.18236589431762695,0.0,0.0
model_0,642,1,0.35813450813293457,5,5,1,1,0.9051987528800964,0.27302074432373047,0.0851137638092041,0.23765865024548558,worker1,worker1,worker1,0,0.27302074432373047,0.0,0.0
model_0,643,1,0.31216979026794434,5,5,1,0,0.8967678546905518,0.18439364433288574,0.1277761459350586,0.4093161795873478,worker1,worker1,worker1,0,0.18439364433288574,0.0,0.0
model_0,644,1,0.2743349075317383,5,5,1,0,0.7905774116516113,0.18678832054138184,0.08754658699035645,0.319123030233504,worker1,worker1,worker1,0,0.18678832054138184,0.0,0.0
model_0,645,1,0.3630244731903076,4,4,1,1,0.8758522272109985,0.27819156646728516,0.08483290672302246,0.23368371277423677,worker1,worker1,worker1,0,0.27819156646728516,0.0,0.0
model_0,646,1,0.2677650451660156,4,4,1,0,0.9072713255882263,0.18416357040405273,0.08360147476196289,0.3122195233142906,worker1,worker1,worker1,0,0.18416357040405273,0.0,0.0
model_0,647,1,0.27334070205688477,2,2,1,0,0.7608509063720703,0.18231558799743652,0.09102511405944824,0.3330097324492313,worker1,worker1,worker1,0,0.18231558799743652,0.0,0.0
model_0,648,1,0.2707827091217041,9,9,1,0,0.7711929678916931,0.1832718849182129,0.08751082420349121,0.3231772977208792,worker1,worker1,worker1,0,0.1832718849182129,0.0,0.0
model_0,649,1,0.37297654151916504,6,2,0,1,0.6367029547691345,0.28042030334472656,0.09255623817443848,0.248155655574072,worker1,worker1,worker1,0,0.28042030334472656,0.0,0.0
model_0,650,1,0.27094388008117676,3,3,1,0,0.694382905960083,0.18658852577209473,0.08435535430908203,0.31133884361517433,worker1,worker1,worker1,0,0.18658852577209473,0.0,0.0
model_0,651,1,0.26752257347106934,9,9,1,0,0.9650021195411682,0.1829075813293457,0.08461499214172363,0.3162910368416972,worker1,worker1,worker1,0,0.1829075813293457,0.0,0.0
model_0,652,1,0.2673032283782959,6,2,0,0,0.753976047039032,0.18422651290893555,0.08307671546936035,0.310795780407813,worker1,worker1,worker1,0,0.18422651290893555,0.0,0.0
model_0,653,1,0.2713634967803955,2,2,1,0,0.9368650317192078,0.18732857704162598,0.08403491973876953,0.30967658043843643,worker1,worker1,worker1,0,0.18732857704162598,0.0,0.0
model_0,654,1,0.3602912425994873,9,1,0,1,0.5183879137039185,0.2753880023956299,0.08490324020385742,0.2356516899808162,worker1,worker1,worker1,0,0.2753880023956299,0.0,0.0
model_0,655,1,0.3608570098876953,5,5,1,1,0.826951801776886,0.2773103713989258,0.08354663848876953,0.2315228364685797,worker1,worker1,worker1,0,0.2773103713989258,0.0,0.0
model_0,656,1,0.2725958824157715,9,9,1,0,0.9910463690757751,0.18319392204284668,0.0894019603729248,0.3279651900118074,worker1,worker1,worker1,0,0.18319392204284668,0.0,0.0
model_0,657,1,0.27692365646362305,9,9,1,0,0.7943278551101685,0.1835005283355713,0.09342312812805176,0.3373605899946793,worker1,worker1,worker1,0,0.1835005283355713,0.0,0.0
model_0,658,1,0.2705209255218506,1,1,1,0,0.867413341999054,0.1842188835144043,0.08630204200744629,0.31902168692113053,worker1,worker1,worker1,0,0.1842188835144043,0.0,0.0
model_0,659,1,0.35779428482055664,6,6,1,1,0.9103296995162964,0.2740020751953125,0.08379220962524414,0.2341910231105792,worker1,worker1,worker1,0,0.2740020751953125,0.0,0.0
model_0,660,1,0.5515029430389404,2,2,1,2,0.975197970867157,0.4056706428527832,0.14583230018615723,0.2644270570571739,worker1->worker3,worker1,worker3,0,0.2849884033203125,0.0,0.1206822395324707
model_0,661,1,0.8662681579589844,0,0,1,3,0.8936209082603455,0.6324245929718018,0.23384356498718262,0.2699436229286573,worker1->worker3->worker2,worker1,worker2,0,0.3841977119445801,0.16830849647521973,0.07991838455200195
model_0,662,1,0.3098766803741455,2,7,0,0,0.8623448610305786,0.22387218475341797,0.08600449562072754,0.27754426540546906,worker1,worker1,worker1,0,0.22387218475341797,0.0,0.0
model_0,663,1,0.504136323928833,4,5,0,2,0.6229968667030334,0.35785555839538574,0.14628076553344727,0.2901611302146464,worker1->worker3,worker1,worker3,0,0.2752952575683594,0.0,0.08256030082702637
model_0,664,1,0.8536996841430664,3,3,1,3,0.8204953074455261,0.6667842864990234,0.18691539764404297,0.2189474836595101,worker1->worker3->worker2,worker1,worker2,0,0.3979973793029785,0.18122100830078125,0.08756589889526367
model_0,665,1,0.4791269302368164,2,2,1,1,0.904707670211792,0.39176416397094727,0.08736276626586914,0.18233741572966614,worker1,worker1,worker1,0,0.39176416397094727,0.0,0.0
model_0,666,1,0.39878368377685547,4,4,1,1,0.6886700391769409,0.27274298667907715,0.12604069709777832,0.3160628235941218,worker1,worker1,worker1,0,0.27274298667907715,0.0,0.0
model_0,667,1,0.27410173416137695,9,9,1,0,0.7467349767684937,0.1822347640991211,0.09186697006225586,0.33515647153173184,worker1,worker1,worker1,0,0.1822347640991211,0.0,0.0
model_0,668,1,0.356431245803833,6,2,0,1,0.9696508049964905,0.27193379402160645,0.08449745178222656,0.23706522022687915,worker1,worker1,worker1,0,0.27193379402160645,0.0,0.0
model_0,669,1,0.3641176223754883,3,3,1,1,0.7308942675590515,0.27814531326293945,0.08597230911254883,0.23611136574953182,worker1,worker1,worker1,0,0.27814531326293945,0.0,0.0
model_0,670,1,0.2656667232513428,6,6,1,0,0.9451348781585693,0.1819746494293213,0.08369207382202148,0.31502655958473896,worker1,worker1,worker1,0,0.1819746494293213,0.0,0.0
model_0,671,1,0.27049994468688965,4,4,1,0,0.864910364151001,0.18124103546142578,0.08925890922546387,0.32997755074879315,worker1,worker1,worker1,0,0.18124103546142578,0.0,0.0
model_0,672,1,0.2669494152069092,6,6,1,0,0.9698076248168945,0.18351244926452637,0.08343696594238281,0.31255721567215966,worker1,worker1,worker1,0,0.18351244926452637,0.0,0.0
model_0,673,1,0.2695891857147217,4,4,1,0,0.7983118295669556,0.18180465698242188,0.0877845287322998,0.3256233312904216,worker1,worker1,worker1,0,0.18180465698242188,0.0,0.0
model_0,674,1,0.36324214935302734,9,1,0,1,0.9642066955566406,0.2730672359466553,0.09017491340637207,0.2482501371797935,worker1,worker1,worker1,0,0.2730672359466553,0.0,0.0
model_0,675,1,0.2718074321746826,4,4,1,0,0.97395259141922,0.1838371753692627,0.08797025680541992,0.3236491956882328,worker1,worker1,worker1,0,0.1838371753692627,0.0,0.0
model_0,676,1,0.32178211212158203,8,8,1,0,0.9797742962837219,0.18381953239440918,0.13796257972717285,0.42874533583471885,worker1,worker1,worker1,0,0.18381953239440918,0.0,0.0
model_0,677,1,0.28398919105529785,4,4,1,0,0.9503822922706604,0.18730783462524414,0.09668135643005371,0.34044026841580777,worker1,worker1,worker1,0,0.18730783462524414,0.0,0.0
model_0,678,1,0.2735404968261719,1,1,1,0,0.5393252372741699,0.18099331855773926,0.09254717826843262,0.3383308114967855,worker1,worker1,worker1,0,0.18099331855773926,0.0,0.0
model_0,679,1,0.2834038734436035,3,3,1,0,0.6751590967178345,0.1822350025177002,0.10116887092590332,0.35697772827383606,worker1,worker1,worker1,0,0.1822350025177002,0.0,0.0
model_0,680,1,0.5335276126861572,2,2,1,2,0.9730700254440308,0.3833189010620117,0.1502087116241455,0.2815387770988798,worker1->worker3,worker1,worker3,0,0.2731642723083496,0.0,0.11015462875366211
model_0,681,1,0.6369235515594482,1,9,0,2,0.692227840423584,0.4950079917907715,0.14191555976867676,0.2228141186194319,worker1->worker3,worker1,worker3,0,0.40180087089538574,0.0,0.09320712089538574
model_0,682,1,0.4900026321411133,5,5,1,1,0.7313345670700073,0.4045262336730957,0.08547639846801758,0.17444069248061034,worker1,worker1,worker1,0,0.4045262336730957,0.0,0.0
model_0,683,1,0.38045668601989746,3,3,1,1,0.7032268047332764,0.29523658752441406,0.0852200984954834,0.22399421964955685,worker1,worker1,worker1,0,0.29523658752441406,0.0,0.0
model_0,684,1,0.2708883285522461,9,1,0,0,0.9556105136871338,0.18570685386657715,0.08518147468566895,0.31445236175703317,worker1,worker1,worker1,0,0.18570685386657715,0.0,0.0
model_0,685,1,0.27780771255493164,0,0,1,0,0.8996493220329285,0.18528103828430176,0.09252667427062988,0.3330601350829464,worker1,worker1,worker1,0,0.18528103828430176,0.0,0.0
model_0,686,1,0.27696990966796875,6,6,1,0,0.8347474336624146,0.18458223342895508,0.09238767623901367,0.33356575214169626,worker1,worker1,worker1,0,0.18458223342895508,0.0,0.0
model_0,687,1,0.5022666454315186,5,5,1,2,0.7934825420379639,0.3567769527435303,0.14548969268798828,0.28966624403854635,worker1->worker3,worker1,worker3,0,0.2783513069152832,0.0,0.07842564582824707
model_0,688,1,0.36126255989074707,1,1,1,0,0.9582424759864807,0.2748847007751465,0.08637785911560059,0.2390999475332372,worker1,worker1,worker1,0,0.2748847007751465,0.0,0.0
model_0,689,1,0.2940218448638916,6,3,0,0,0.7298054099082947,0.18761301040649414,0.10640883445739746,0.36190792050385295,worker1,worker1,worker1,0,0.18761301040649414,0.0,0.0
model_0,690,1,0.29052281379699707,1,1,1,0,0.9976773858070374,0.18271589279174805,0.10780692100524902,0.37107901990987585,worker1,worker1,worker1,0,0.18271589279174805,0.0,0.0
model_0,691,1,0.2712829113006592,4,4,1,0,0.9673702120780945,0.18125391006469727,0.09002900123596191,0.3318638863182355,worker1,worker1,worker1,0,0.18125391006469727,0.0,0.0
model_0,692,1,0.5043456554412842,4,3,0,2,0.8083888292312622,0.3566164970397949,0.14772915840148926,0.292912523004152,worker1->worker3,worker1,worker3,0,0.2749760150909424,0.0,0.08164048194885254
model_0,693,1,0.38271284103393555,7,7,1,0,0.9984717965126038,0.29587578773498535,0.0868370532989502,0.22689871880011014,worker1,worker1,worker1,0,0.29587578773498535,0.0,0.0
model_0,694,1,0.5358743667602539,6,6,1,2,0.728075385093689,0.3869781494140625,0.1488962173461914,0.2778565771794165,worker1->worker3,worker1,worker3,0,0.27391719818115234,0.0,0.11306095123291016
model_0,695,1,0.6096930503845215,3,0,0,2,0.9518800973892212,0.46384239196777344,0.14585065841674805,0.23921981450299112,worker1->worker3,worker1,worker3,0,0.38362717628479004,0.0,0.0802152156829834
model_0,696,1,0.48060035705566406,4,4,1,1,0.745963454246521,0.39396071434020996,0.0866396427154541,0.18027377933350003,worker1,worker1,worker1,0,0.39396071434020996,0.0,0.0
model_0,697,1,0.3663341999053955,4,4,1,1,0.9822826981544495,0.27536988258361816,0.09096431732177734,0.2483096509833604,worker1,worker1,worker1,0,0.27536988258361816,0.0,0.0
model_0,698,1,0.3723165988922119,3,1,0,1,0.8128195405006409,0.27790045738220215,0.09441614151000977,0.25359100773625154,worker1,worker1,worker1,0,0.27790045738220215,0.0,0.0
model_0,699,1,0.38396358489990234,0,8,0,1,0.8909448981285095,0.27510571479797363,0.10885787010192871,0.28351092234516845,worker1,worker1,worker1,0,0.27510571479797363,0.0,0.0
model_0,700,1,0.27417731285095215,0,0,1,0,0.8494774103164673,0.18539690971374512,0.08878040313720703,0.3238065258355993,worker1,worker1,worker1,0,0.18539690971374512,0.0,0.0
model_0,701,1,0.27214503288269043,9,9,1,0,0.7359512448310852,0.1875748634338379,0.08457016944885254,0.31075404372824605,worker1,worker1,worker1,0,0.1875748634338379,0.0,0.0
model_0,702,1,0.3572225570678711,6,6,1,1,0.995074450969696,0.2734401226043701,0.08378243446350098,0.2345384769405326,worker1,worker1,worker1,0,0.2734401226043701,0.0,0.0
model_0,703,1,0.27358579635620117,7,2,0,0,0.9204412698745728,0.1856839656829834,0.08790183067321777,0.3212953005746395,worker1,worker1,worker1,0,0.1856839656829834,0.0,0.0
model_0,704,1,0.3601653575897217,7,7,1,1,0.970775842666626,0.2766542434692383,0.0835111141204834,0.23186881347876367,worker1,worker1,worker1,0,0.2766542434692383,0.0,0.0
model_0,705,1,0.26927781105041504,0,0,1,0,0.525024950504303,0.18469929695129395,0.0845785140991211,0.3140938860472467,worker1,worker1,worker1,0,0.18469929695129395,0.0,0.0
model_0,706,1,0.36156558990478516,9,9,1,1,0.9989739656448364,0.27922916412353516,0.08233642578125,0.22772196270926254,worker1,worker1,worker1,0,0.27922916412353516,0.0,0.0
model_0,707,1,0.27124857902526855,5,5,1,0,0.8983569145202637,0.18659472465515137,0.08465385437011719,0.312089577295928,worker1,worker1,worker1,0,0.18659472465515137,0.0,0.0
model_0,708,1,0.5436379909515381,6,6,1,2,0.9996644258499146,0.39179325103759766,0.15184473991394043,0.27931223064113714,worker1->worker3,worker1,worker3,0,0.2769434452056885,0.0,0.11484980583190918
model_0,709,1,0.4777531623840332,1,1,1,1,0.9956747889518738,0.39227867126464844,0.08547449111938477,0.17890931520549025,worker1,worker1,worker1,0,0.39227867126464844,0.0,0.0
model_0,710,1,0.2650573253631592,0,2,0,0,0.9169780611991882,0.17991971969604492,0.08513760566711426,0.3212045000094447,worker1,worker1,worker1,0,0.17991971969604492,0.0,0.0
model_0,711,1,0.2652451992034912,3,3,1,0,0.931959331035614,0.1817464828491211,0.08349871635437012,0.3147982191764815,worker1,worker1,worker1,0,0.1817464828491211,0.0,0.0
model_0,712,1,0.2938120365142822,6,6,1,0,0.9531242847442627,0.17977261543273926,0.11403942108154297,0.3881373358099286,worker1,worker1,worker1,0,0.17977261543273926,0.0,0.0
model_0,713,1,0.3724179267883301,6,6,1,1,0.9614145159721375,0.27466654777526855,0.09775137901306152,0.2624776413317508,worker1,worker1,worker1,0,0.27466654777526855,0.0,0.0
model_0,714,1,0.32983899116516113,7,7,1,0,0.9298492670059204,0.18012046813964844,0.1497185230255127,0.45391396116217125,worker1,worker1,worker1,0,0.18012046813964844,0.0,0.0
model_0,715,1,0.4945363998413086,0,0,1,2,0.8637033104896545,0.356503963470459,0.1380324363708496,0.279114816250417,worker1->worker3,worker1,worker3,0,0.2729659080505371,0.0,0.08353805541992188
model_0,716,1,0.38326311111450195,4,4,1,0,0.8516695499420166,0.2989017963409424,0.08436131477355957,0.2201133172671976,worker1,worker1,worker1,0,0.2989017963409424,0.0,0.0
model_0,717,1,0.36401867866516113,5,5,1,1,0.9634935259819031,0.2770366668701172,0.08698201179504395,0.2389493091783168,worker1,worker1,worker1,0,0.2770366668701172,0.0,0.0
model_0,718,1,0.2948489189147949,0,0,1,0,0.962352454662323,0.18450403213500977,0.11034488677978516,0.37424212775110255,worker1,worker1,worker1,0,0.18450403213500977,0.0,0.0
model_0,719,1,0.6807432174682617,4,7,0,3,0.8078747391700745,0.5001652240753174,0.18057799339294434,0.2652659457475438,worker1->worker3->worker2,worker1,worker2,0,0.279644250869751,0.13547992706298828,0.08504104614257812
model_0,720,1,0.28618383407592773,8,8,1,0,0.9756724238395691,0.19949007034301758,0.08669376373291016,0.30293033152218285,worker1,worker1,worker1,0,0.19949007034301758,0.0,0.0
model_0,721,1,0.3873584270477295,5,5,1,1,0.6738799810409546,0.27442097663879395,0.11293745040893555,0.2915580055136367,worker1,worker1,worker1,0,0.27442097663879395,0.0,0.0
model_0,722,1,0.26625657081604004,7,1,0,0,0.9370648264884949,0.18240046501159668,0.08385610580444336,0.31494473750426455,worker1,worker1,worker1,0,0.18240046501159668,0.0,0.0
model_0,723,1,0.31528377532958984,6,6,1,0,0.9694703817367554,0.18091797828674316,0.13436579704284668,0.4261741566066443,worker1,worker1,worker1,0,0.18091797828674316,0.0,0.0
model_0,724,1,0.2915613651275635,9,1,0,0,0.9971303343772888,0.1854555606842041,0.10610580444335938,0.36392271793945036,worker1,worker1,worker1,0,0.1854555606842041,0.0,0.0
model_0,725,1,0.3890366554260254,3,5,0,1,0.9462785720825195,0.27403903007507324,0.11499762535095215,0.2955958615905249,worker1,worker1,worker1,0,0.27403903007507324,0.0,0.0
model_0,726,1,0.2651498317718506,0,0,1,0,0.7412676215171814,0.18167543411254883,0.08347439765930176,0.31481972702561506,worker1,worker1,worker1,0,0.18167543411254883,0.0,0.0
model_0,727,1,0.36378931999206543,9,9,1,1,0.8511108160018921,0.2765998840332031,0.0871894359588623,0.2396701364426091,worker1,worker1,worker1,0,0.2765998840332031,0.0,0.0
model_0,728,1,0.27747344970703125,9,9,1,0,0.9985306262969971,0.18417668342590332,0.09329676628112793,0.336236733206852,worker1,worker1,worker1,0,0.18417668342590332,0.0,0.0
model_0,729,1,0.5251829624176025,1,1,1,2,0.9918179512023926,0.3775453567504883,0.14763760566711426,0.28111651792260406,worker1->worker3,worker1,worker3,0,0.28032612800598145,0.0,0.09721922874450684
model_0,730,1,0.4114553928375244,4,4,1,1,0.9539914727210999,0.3148670196533203,0.0965883731842041,0.23474810359903325,worker1,worker1,worker1,0,0.3148670196533203,0.0,0.0
model_0,731,1,0.3589591979980469,7,7,1,1,0.9869917631149292,0.2723395824432373,0.08661961555480957,0.24130769189895748,worker1,worker1,worker1,0,0.2723395824432373,0.0,0.0
model_0,732,1,0.26924943923950195,5,5,1,0,0.769648551940918,0.18402481079101562,0.08522462844848633,0.3165266701732202,worker1,worker1,worker1,0,0.18402481079101562,0.0,0.0
model_0,733,1,0.271329402923584,0,0,1,0,0.942464292049408,0.18305301666259766,0.08827638626098633,0.32534765974422647,worker1,worker1,worker1,0,0.18305301666259766,0.0,0.0
model_0,734,1,0.35832905769348145,6,7,0,1,0.8755778670310974,0.2739753723144531,0.08435368537902832,0.23540844251371146,worker1,worker1,worker1,0,0.2739753723144531,0.0,0.0
model_0,735,1,0.26750802993774414,3,3,1,0,0.7524174451828003,0.18512773513793945,0.08238029479980469,0.3079544745590503,worker1,worker1,worker1,0,0.18512773513793945,0.0,0.0
model_0,736,1,0.3208341598510742,9,9,1,0,0.9808056354522705,0.1834852695465088,0.13734889030456543,0.4280993344608955,worker1,worker1,worker1,0,0.1834852695465088,0.0,0.0
model_0,737,1,0.26708102226257324,5,5,1,0,0.7696981430053711,0.1822507381439209,0.08483028411865234,0.3176200367963764,worker1,worker1,worker1,0,0.1822507381439209,0.0,0.0
model_0,738,1,0.35741615295410156,9,9,1,1,0.6674340963363647,0.2748396396636963,0.08257651329040527,0.231037440831639,worker1,worker1,worker1,0,0.2748396396636963,0.0,0.0
model_0,739,1,0.36217784881591797,9,9,1,1,0.9918020367622375,0.2773306369781494,0.08484721183776855,0.234269467652875,worker1,worker1,worker1,0,0.2773306369781494,0.0,0.0
model_0,740,1,0.2668280601501465,9,1,0,0,0.8141406178474426,0.1826181411743164,0.08420991897583008,0.3155961892780108,worker1,worker1,worker1,0,0.1826181411743164,0.0,0.0
model_0,741,1,0.3213016986846924,6,6,1,0,0.730057418346405,0.18360686302185059,0.1376948356628418,0.42855308959311744,worker1,worker1,worker1,0,0.18360686302185059,0.0,0.0
model_0,742,1,0.49802398681640625,7,7,1,2,0.9941245913505554,0.3558063507080078,0.14221763610839844,0.2855638279945463,worker1->worker3,worker1,worker3,0,0.2743666172027588,0.0,0.08143973350524902
model_0,743,1,0.47032737731933594,6,6,1,1,0.761827290058136,0.38608384132385254,0.0842435359954834,0.17911680258894427,worker1,worker1,worker1,0,0.38608384132385254,0.0,0.0
model_0,744,1,0.5993988513946533,8,8,1,2,0.9960811734199524,0.39406466484069824,0.20533418655395508,0.3425668669137304,worker1->worker3,worker1,worker3,0,0.27817869186401367,0.0,0.11588597297668457
model_0,745,1,0.35231828689575195,5,5,1,0,0.9536311626434326,0.2672309875488281,0.08508729934692383,0.24150690586236997,worker1,worker1,worker1,0,0.2672309875488281,0.0,0.0
model_0,746,1,0.36129283905029297,1,1,1,1,0.8076109290122986,0.2756989002227783,0.08559393882751465,0.2369101448357235,worker1,worker1,worker1,0,0.2756989002227783,0.0,0.0
model_0,747,1,0.3811216354370117,7,7,1,1,0.9853516221046448,0.27292823791503906,0.10819339752197266,0.2838815419069901,worker1,worker1,worker1,0,0.27292823791503906,0.0,0.0
model_0,748,1,0.5604672431945801,6,2,0,2,0.5103231072425842,0.35321807861328125,0.20724916458129883,0.36977926381568593,worker1->worker3,worker1,worker3,0,0.27141857147216797,0.0,0.08179950714111328
model_0,749,1,0.32153844833374023,7,7,1,0,0.9970773458480835,0.2264716625213623,0.09506678581237793,0.2956622646685896,worker1,worker1,worker1,0,0.2264716625213623,0.0,0.0
model_0,750,1,0.2700514793395996,0,2,0,0,0.8953427076339722,0.18564319610595703,0.08440828323364258,0.31256367652589706,worker1,worker1,worker1,0,0.18564319610595703,0.0,0.0
model_0,751,1,0.3851587772369385,2,2,1,1,0.9041385054588318,0.2771944999694824,0.10796427726745605,0.2803110915502766,worker1,worker1,worker1,0,0.2771944999694824,0.0,0.0
model_0,752,1,0.3596494197845459,1,1,1,1,0.6630366444587708,0.2756614685058594,0.08398795127868652,0.2335272814537027,worker1,worker1,worker1,0,0.2756614685058594,0.0,0.0
model_0,753,1,0.2727482318878174,7,7,1,0,0.9970554113388062,0.18438124656677246,0.08836698532104492,0.32398738099754454,worker1,worker1,worker1,0,0.18438124656677246,0.0,0.0
model_0,754,1,0.37554240226745605,6,2,0,1,0.7386493682861328,0.27918434143066406,0.09635806083679199,0.2565837046762222,worker1,worker1,worker1,0,0.27918434143066406,0.0,0.0
model_0,755,1,0.2750227451324463,3,3,1,0,0.8648797273635864,0.18352198600769043,0.09150075912475586,0.33270251549809327,worker1,worker1,worker1,0,0.18352198600769043,0.0,0.0
model_0,756,1,0.31719493865966797,5,5,1,0,0.8104494214057922,0.18481040000915527,0.1323845386505127,0.41736018616789383,worker1,worker1,worker1,0,0.18481040000915527,0.0,0.0
model_0,757,1,0.2771134376525879,9,9,1,0,0.9955564141273499,0.1845719814300537,0.09254145622253418,0.33394792041283733,worker1,worker1,worker1,0,0.1845719814300537,0.0,0.0
model_0,758,1,0.2870781421661377,7,7,1,0,0.9552485942840576,0.1829695701599121,0.10410857200622559,0.3626488983824339,worker1,worker1,worker1,0,0.1829695701599121,0.0,0.0
model_0,759,1,0.2728729248046875,6,4,0,0,0.9315599799156189,0.185089111328125,0.0877838134765625,0.32170217525023764,worker1,worker1,worker1,0,0.185089111328125,0.0,0.0
model_0,760,1,0.363447904586792,1,1,1,1,0.9122942686080933,0.2804999351501465,0.08294796943664551,0.22822519648572465,worker1,worker1,worker1,0,0.2804999351501465,0.0,0.0
model_0,761,1,0.5321938991546631,4,4,1,2,0.997276246547699,0.3872842788696289,0.14490962028503418,0.2722872631858589,worker1->worker3,worker1,worker3,0,0.27489233016967773,0.0,0.11239194869995117
model_0,762,1,0.4910917282104492,3,3,1,1,0.9770270586013794,0.4058949947357178,0.08519673347473145,0.1734843585844757,worker1,worker1,worker1,0,0.4058949947357178,0.0,0.0
model_0,763,1,0.36025571823120117,7,7,1,1,0.9558739066123962,0.27157092094421387,0.0886847972869873,0.24617179630739988,worker1,worker1,worker1,0,0.27157092094421387,0.0,0.0
model_0,764,1,0.27895450592041016,6,6,1,0,0.9903891682624817,0.18055295944213867,0.09840154647827148,0.3527512350216236,worker1,worker1,worker1,0,0.18055295944213867,0.0,0.0
model_0,765,1,0.26420164108276367,7,7,1,0,0.7084264159202576,0.18177199363708496,0.08242964744567871,0.31199521360980814,worker1,worker1,worker1,0,0.18177199363708496,0.0,0.0
model_0,766,1,0.35486578941345215,2,2,1,1,0.8239924311637878,0.27239489555358887,0.08247089385986328,0.23240023783689362,worker1,worker1,worker1,0,0.27239489555358887,0.0,0.0
model_0,767,1,0.26524806022644043,1,1,1,0,0.9916481971740723,0.18152499198913574,0.08372306823730469,0.31564064282253707,worker1,worker1,worker1,0,0.18152499198913574,0.0,0.0
model_0,768,1,0.32405710220336914,7,7,1,0,0.7526599764823914,0.18294572830200195,0.1411113739013672,0.4354521871050049,worker1,worker1,worker1,0,0.18294572830200195,0.0,0.0
model_0,769,1,0.2969815731048584,4,2,0,0,0.9193078875541687,0.18112659454345703,0.11585497856140137,0.3901083065530643,worker1,worker1,worker1,0,0.18112659454345703,0.0,0.0
model_0,770,1,0.5243117809295654,2,2,1,2,0.9975355863571167,0.3570072650909424,0.16730451583862305,0.31909356593514776,worker1->worker3,worker1,worker3,0,0.27268409729003906,0.0,0.08432316780090332
model_0,771,1,0.39418840408325195,9,1,0,0,0.7788178324699402,0.3013172149658203,0.09287118911743164,0.23560101757284924,worker1,worker1,worker1,0,0.3013172149658203,0.0,0.0
model_0,772,1,0.36525893211364746,6,6,1,1,0.5798835158348083,0.27642107009887695,0.08883786201477051,0.24321886257699868,worker1,worker1,worker1,0,0.27642107009887695,0.0,0.0
model_0,773,1,0.3701786994934082,9,9,1,1,0.9972987771034241,0.2750589847564697,0.09511971473693848,0.2569562075481663,worker1,worker1,worker1,0,0.2750589847564697,0.0,0.0
model_0,774,1,0.265688419342041,9,0,0,0,0.7983770966529846,0.18155312538146973,0.08413529396057129,0.3166690297188207,worker1,worker1,worker1,0,0.18155312538146973,0.0,0.0
model_0,775,1,0.3889598846435547,2,2,1,1,0.946825385093689,0.27193355560302734,0.11702632904052734,0.30086991913773065,worker1,worker1,worker1,0,0.27193355560302734,0.0,0.0
model_0,776,1,0.3575301170349121,6,6,1,1,0.9758502840995789,0.27416348457336426,0.08336663246154785,0.23317373415400208,worker1,worker1,worker1,0,0.27416348457336426,0.0,0.0
model_0,777,1,0.5342702865600586,2,2,1,2,0.9172086715698242,0.3875913619995117,0.14667892456054688,0.2745406739816109,worker1->worker3,worker1,worker3,0,0.27318596839904785,0.0,0.11440539360046387
model_0,778,1,0.2720036506652832,6,2,0,0,0.9756025075912476,0.1868293285369873,0.0851743221282959,0.3131366873936115,worker1,worker1,worker1,0,0.1868293285369873,0.0,0.0
model_0,779,1,0.35675764083862305,4,4,1,1,0.8960040807723999,0.2744126319885254,0.08234500885009766,0.23081498312560564,worker1,worker1,worker1,0,0.2744126319885254,0.0,0.0
model_0,780,1,0.26639342308044434,8,8,1,0,0.9946687817573547,0.1819005012512207,0.08449292182922363,0.3171734529035607,worker1,worker1,worker1,0,0.1819005012512207,0.0,0.0
model_0,781,1,0.2749621868133545,6,6,1,0,0.9780844449996948,0.18480253219604492,0.09015965461730957,0.3278983763629663,worker1,worker1,worker1,0,0.18480253219604492,0.0,0.0
model_0,782,1,0.2653312683105469,1,1,1,0,0.9987732768058777,0.18067264556884766,0.08465862274169922,0.3190676443102581,worker1,worker1,worker1,0,0.18067264556884766,0.0,0.0
model_0,783,1,0.26500511169433594,5,5,1,0,0.9501006603240967,0.18119430541992188,0.08381080627441406,0.31626109299764643,worker1,worker1,worker1,0,0.18119430541992188,0.0,0.0
model_0,784,1,0.37642502784729004,7,7,1,1,0.8181398510932922,0.2725081443786621,0.10391688346862793,0.2760626307525584,worker1,worker1,worker1,0,0.2725081443786621,0.0,0.0
model_0,785,1,0.2649719715118408,7,7,1,0,0.9836546778678894,0.1812443733215332,0.08372759819030762,0.31598662195320565,worker1,worker1,worker1,0,0.1812443733215332,0.0,0.0
model_0,786,1,0.801886796951294,7,2,0,3,0.37730681896209717,0.538877010345459,0.26300978660583496,0.3279886732214273,worker1->worker3->worker2,worker1,worker2,0,0.27225828170776367,0.18248271942138672,0.0841360092163086
model_0,787,1,0.4099314212799072,4,4,1,0,0.7057870626449585,0.2772970199584961,0.13263440132141113,0.3235526588991245,worker1,worker1,worker1,0,0.2772970199584961,0.0,0.0
model_0,788,1,0.36556529998779297,3,3,1,1,0.9942703247070312,0.27852559089660645,0.08703970909118652,0.23809620085410999,worker1,worker1,worker1,0,0.27852559089660645,0.0,0.0
model_0,789,1,0.2751579284667969,0,0,1,0,0.7081459760665894,0.18405723571777344,0.09110069274902344,0.33108510903772304,worker1,worker1,worker1,0,0.18405723571777344,0.0,0.0
model_0,790,1,0.268998384475708,9,1,0,0,0.7815036177635193,0.18442821502685547,0.08457016944885254,0.3143891351380576,worker1,worker1,worker1,0,0.18442821502685547,0.0,0.0
model_0,791,1,0.2714977264404297,8,8,1,0,0.9953534603118896,0.18792438507080078,0.0835733413696289,0.3078233562591768,worker1,worker1,worker1,0,0.18792438507080078,0.0,0.0
model_0,792,1,0.2668333053588867,3,5,0,0,0.7159207463264465,0.18341684341430664,0.08341646194458008,0.31261637984953267,worker1,worker1,worker1,0,0.18341684341430664,0.0,0.0
model_0,793,1,0.7308766841888428,8,8,1,3,0.818273663520813,0.5358211994171143,0.19505548477172852,0.2668787895296033,worker1->worker3->worker2,worker1,worker2,0,0.2774772644042969,0.14200043678283691,0.11634349822998047
model_0,794,1,0.2765645980834961,8,8,1,0,0.9602935910224915,0.18907403945922852,0.08749055862426758,0.31634764257807785,worker1,worker1,worker1,0,0.18907403945922852,0.0,0.0
model_0,795,1,0.27185702323913574,6,6,1,0,0.9941253662109375,0.18370914459228516,0.08814787864685059,0.32424352182107274,worker1,worker1,worker1,0,0.18370914459228516,0.0,0.0
model_0,796,1,0.2667727470397949,2,2,1,0,0.7738102674484253,0.1830737590789795,0.08369898796081543,0.3137463960976865,worker1,worker1,worker1,0,0.1830737590789795,0.0,0.0
model_0,797,1,0.2738361358642578,9,9,1,0,0.9621953964233398,0.1836075782775879,0.09022855758666992,0.32949835967374574,worker1,worker1,worker1,0,0.1836075782775879,0.0,0.0
model_0,798,1,0.28841710090637207,5,3,0,0,0.8123048543930054,0.1827850341796875,0.10563206672668457,0.36624758516304334,worker1,worker1,worker1,0,0.1827850341796875,0.0,0.0
model_0,799,1,0.29752588272094727,4,4,1,0,0.7112162113189697,0.18244218826293945,0.11508369445800781,0.3868022956710158,worker1,worker1,worker1,0,0.18244218826293945,0.0,0.0
model_0,800,1,0.3603794574737549,4,5,0,1,0.70713210105896,0.27645158767700195,0.08392786979675293,0.232887496931939,worker1,worker1,worker1,0,0.27645158767700195,0.0,0.0
model_0,801,1,0.2764866352081299,1,1,1,0,0.9981746673583984,0.18172645568847656,0.09476017951965332,0.3427296926967954,worker1,worker1,worker1,0,0.18172645568847656,0.0,0.0
model_0,802,1,0.26517415046691895,2,2,1,0,0.542796790599823,0.1827700138092041,0.08240413665771484,0.3107547870432225,worker1,worker1,worker1,0,0.1827700138092041,0.0,0.0
model_0,803,1,0.2885313034057617,6,6,1,0,0.7809211611747742,0.18512606620788574,0.10340523719787598,0.35838481293815505,worker1,worker1,worker1,0,0.18512606620788574,0.0,0.0
model_0,804,1,0.340435266494751,8,8,1,0,0.9895045757293701,0.18294405937194824,0.15749120712280273,0.46261719223272957,worker1,worker1,worker1,0,0.18294405937194824,0.0,0.0
model_0,805,1,0.26798462867736816,0,0,1,0,0.8824856877326965,0.1828932762145996,0.08509135246276855,0.31752325826572564,worker1,worker1,worker1,0,0.1828932762145996,0.0,0.0
model_0,806,1,0.26824164390563965,5,6,0,0,0.7221587300300598,0.1846294403076172,0.08361220359802246,0.31170478371894794,worker1,worker1,worker1,0,0.1846294403076172,0.0,0.0
model_0,807,1,0.2753634452819824,7,7,1,0,0.7162390947341919,0.18132901191711426,0.09403443336486816,0.3414920715731654,worker1,worker1,worker1,0,0.18132901191711426,0.0,0.0
model_0,808,1,0.2854936122894287,9,7,0,0,0.8276678919792175,0.1834275722503662,0.1020660400390625,0.35750726336948524,worker1,worker1,worker1,0,0.1834275722503662,0.0,0.0
model_0,809,1,0.36286115646362305,4,4,1,1,0.8810707926750183,0.27500462532043457,0.08785653114318848,0.24212162028975984,worker1,worker1,worker1,0,0.27500462532043457,0.0,0.0
model_0,810,1,0.2745938301086426,7,7,1,0,0.987514078617096,0.18888306617736816,0.08571076393127441,0.312136525053615,worker1,worker1,worker1,0,0.18888306617736816,0.0,0.0
model_0,811,1,0.3588564395904541,4,4,1,1,0.9675742983818054,0.2738192081451416,0.0850372314453125,0.23696727176572746,worker1,worker1,worker1,0,0.2738192081451416,0.0,0.0
model_0,812,1,0.2718849182128906,1,1,1,0,0.9189058542251587,0.18735575675964355,0.08452916145324707,0.3109005163245549,worker1,worker1,worker1,0,0.18735575675964355,0.0,0.0
model_0,813,1,0.27196645736694336,9,9,1,0,0.9827181696891785,0.1814272403717041,0.09053921699523926,0.33290582181273065,worker1,worker1,worker1,0,0.1814272403717041,0.0,0.0
model_0,814,1,0.3683152198791504,6,6,1,1,0.950019121170044,0.28201818466186523,0.08629703521728516,0.2343021155780651,worker1,worker1,worker1,0,0.28201818466186523,0.0,0.0
model_0,815,1,0.2661714553833008,1,1,1,0,0.5103880167007446,0.18238520622253418,0.0837862491607666,0.31478299970261664,worker1,worker1,worker1,0,0.18238520622253418,0.0,0.0
model_0,816,1,0.35929369926452637,0,0,1,1,0.8217294812202454,0.27355194091796875,0.08574175834655762,0.23863974938071794,worker1,worker1,worker1,0,0.27355194091796875,0.0,0.0
model_0,817,1,0.4001169204711914,9,9,1,1,0.7735835313796997,0.2775115966796875,0.1226053237915039,0.306423741458171,worker1,worker1,worker1,0,0.2775115966796875,0.0,0.0
model_0,818,1,0.3139820098876953,7,7,1,0,0.9573854804039001,0.18654847145080566,0.12743353843688965,0.4058625476105141,worker1,worker1,worker1,0,0.18654847145080566,0.0,0.0
model_0,819,1,0.27266716957092285,0,0,1,0,0.9823976159095764,0.18894100189208984,0.08372616767883301,0.3070636182954735,worker1,worker1,worker1,0,0.18894100189208984,0.0,0.0
model_0,820,1,0.5242862701416016,6,0,0,2,0.8680863976478577,0.3802914619445801,0.14399480819702148,0.27464920673610377,worker1->worker3,worker1,worker3,0,0.2719767093658447,0.0,0.10831475257873535
model_0,821,1,0.373920202255249,4,4,1,0,0.9651422500610352,0.27888011932373047,0.09504008293151855,0.2541720997108398,worker1,worker1,worker1,0,0.27888011932373047,0.0,0.0
model_0,822,1,0.2776765823364258,9,9,1,0,0.9796095490455627,0.1835494041442871,0.09412717819213867,0.33898133360809163,worker1,worker1,worker1,0,0.1835494041442871,0.0,0.0
model_0,823,1,0.26988744735717773,5,5,1,0,0.7279003858566284,0.18504810333251953,0.0848393440246582,0.31435083348792836,worker1,worker1,worker1,0,0.18504810333251953,0.0,0.0
model_0,824,1,0.3601357936859131,3,3,1,1,0.6952878832817078,0.27112841606140137,0.08900737762451172,0.24714948967871309,worker1,worker1,worker1,0,0.27112841606140137,0.0,0.0
model_0,825,1,0.26821231842041016,8,8,1,0,0.9989147186279297,0.1844768524169922,0.08373546600341797,0.3121984347943579,worker1,worker1,worker1,0,0.1844768524169922,0.0,0.0
model_0,826,1,0.4934542179107666,7,7,1,2,0.999890923500061,0.3536982536315918,0.1397559642791748,0.2832197176688182,worker1->worker3,worker1,worker3,0,0.27303528785705566,0.0,0.08066296577453613
model_0,827,1,0.48691511154174805,3,3,1,1,0.7636070847511292,0.3881206512451172,0.09879446029663086,0.20289873523089502,worker1,worker1,worker1,0,0.3881206512451172,0.0,0.0
model_0,828,1,0.2758448123931885,6,6,1,0,0.9253420829772949,0.1868579387664795,0.08898687362670898,0.32259759701359664,worker1,worker1,worker1,0,0.1868579387664795,0.0,0.0
model_0,829,1,0.2704901695251465,9,9,1,0,0.9814460873603821,0.18388652801513672,0.08660364151000977,0.32017297213442186,worker1,worker1,worker1,0,0.18388652801513672,0.0,0.0
model_0,830,1,0.2654542922973633,1,1,1,0,0.9585636258125305,0.18303561210632324,0.08241868019104004,0.3104816255851467,worker1,worker1,worker1,0,0.18303561210632324,0.0,0.0
model_0,831,1,0.27278637886047363,8,8,1,0,0.9367424249649048,0.1884465217590332,0.08433985710144043,0.309179136633428,worker1,worker1,worker1,0,0.1884465217590332,0.0,0.0
model_0,832,1,0.3633251190185547,6,6,1,1,0.9188959002494812,0.27348947525024414,0.08983564376831055,0.24725965551454954,worker1,worker1,worker1,0,0.27348947525024414,0.0,0.0
model_0,833,1,0.27437615394592285,3,7,0,0,0.8370970487594604,0.1837761402130127,0.09060001373291016,0.33020367269513745,worker1,worker1,worker1,0,0.1837761402130127,0.0,0.0
model_0,834,1,0.27273011207580566,9,9,1,0,0.9917598366737366,0.18663334846496582,0.08609676361083984,0.31568484666228985,worker1,worker1,worker1,0,0.18663334846496582,0.0,0.0
model_0,835,1,0.36172032356262207,6,2,0,1,0.8276149034500122,0.27851295471191406,0.08320736885070801,0.23003233003661433,worker1,worker1,worker1,0,0.27851295471191406,0.0,0.0
model_0,836,1,0.3615128993988037,1,1,1,1,0.9581461548805237,0.27701878547668457,0.08449411392211914,0.2337236487622791,worker1,worker1,worker1,0,0.27701878547668457,0.0,0.0
model_0,837,1,0.26857495307922363,8,8,1,0,0.9714372158050537,0.1848735809326172,0.08370137214660645,0.3116499553922156,worker1,worker1,worker1,0,0.1848735809326172,0.0,0.0
model_0,838,1,0.27805638313293457,4,4,1,0,0.9701001048088074,0.18826723098754883,0.08978915214538574,0.3229170685948932,worker1,worker1,worker1,0,0.18826723098754883,0.0,0.0
model_0,839,1,0.26830577850341797,8,8,1,0,0.9751545190811157,0.18433427810668945,0.08397150039672852,0.3129694070143137,worker1,worker1,worker1,0,0.18433427810668945,0.0,0.0
model_0,840,1,0.3568689823150635,4,4,1,1,0.9919043183326721,0.27411460876464844,0.08275437355041504,0.23189007073008924,worker1,worker1,worker1,0,0.27411460876464844,0.0,0.0
model_0,841,1,0.27242159843444824,3,3,1,0,0.9115508794784546,0.18826937675476074,0.0841522216796875,0.3089043679476711,worker1,worker1,worker1,0,0.18826937675476074,0.0,0.0
model_0,842,1,0.4038248062133789,0,0,1,1,0.9576194882392883,0.2746913433074951,0.1291334629058838,0.3197759546194157,worker1,worker1,worker1,0,0.2746913433074951,0.0,0.0
model_0,843,1,0.35933637619018555,9,9,1,1,0.9985526204109192,0.2754333019256592,0.08390307426452637,0.233494518851938,worker1,worker1,worker1,0,0.2754333019256592,0.0,0.0
model_0,844,1,0.27140235900878906,0,0,1,0,0.9937240481376648,0.18660259246826172,0.08479976654052734,0.31245036649729785,worker1,worker1,worker1,0,0.18660259246826172,0.0,0.0
model_0,845,1,0.42403268814086914,5,8,0,1,0.7499812245368958,0.27423954010009766,0.14979314804077148,0.35325849216371796,worker1,worker1,worker1,0,0.27423954010009766,0.0,0.0
model_0,846,1,0.26929450035095215,8,0,0,0,0.5696419477462769,0.18438220024108887,0.08491230010986328,0.31531390354872896,worker1,worker1,worker1,0,0.18438220024108887,0.0,0.0
model_0,847,1,0.3629329204559326,3,3,1,1,0.9144270420074463,0.27741456031799316,0.08551836013793945,0.23563131178760927,worker1,worker1,worker1,0,0.27741456031799316,0.0,0.0
model_0,848,1,0.269761323928833,5,5,1,0,0.8536288142204285,0.18481969833374023,0.08494162559509277,0.3148769599659202,worker1,worker1,worker1,0,0.18481969833374023,0.0,0.0
model_0,849,1,0.3624298572540283,6,6,1,1,0.9694939255714417,0.2788727283477783,0.08355712890625,0.23054703478164196,worker1,worker1,worker1,0,0.2788727283477783,0.0,0.0
model_0,850,1,0.26947450637817383,4,2,0,0,0.7836918830871582,0.1843857765197754,0.08508872985839844,0.3157579950772302,worker1,worker1,worker1,0,0.1843857765197754,0.0,0.0
model_0,851,1,0.27324342727661133,9,1,0,0,0.8195995688438416,0.18306708335876465,0.09017634391784668,0.330022005713458,worker1,worker1,worker1,0,0.18306708335876465,0.0,0.0
model_0,852,1,0.3634498119354248,8,0,0,1,0.5731087923049927,0.28011488914489746,0.08333492279052734,0.2292886666985914,worker1,worker1,worker1,0,0.28011488914489746,0.0,0.0
model_0,853,1,0.3575289249420166,7,7,1,1,0.8268629908561707,0.27353644371032715,0.08399248123168945,0.23492499591553664,worker1,worker1,worker1,0,0.27353644371032715,0.0,0.0
model_0,854,1,0.2640953063964844,2,2,1,0,0.8713181018829346,0.18144845962524414,0.08264684677124023,0.3129432624113475,worker1,worker1,worker1,0,0.18144845962524414,0.0,0.0
model_0,855,1,0.7431516647338867,2,2,1,3,0.8632214069366455,0.5523042678833008,0.19084739685058594,0.25680814012429887,worker1->worker3->worker2,worker1,worker2,0,0.27234745025634766,0.1942300796508789,0.08572673797607422
model_0,856,1,0.8750507831573486,2,1,0,3,0.49312588572502136,0.6707346439361572,0.2043161392211914,0.23349060780676084,worker1->worker3->worker2,worker1,worker2,0,0.38025927543640137,0.20482921600341797,0.08564615249633789
model_0,857,1,0.48660969734191895,5,5,1,1,0.9951006770133972,0.39899682998657227,0.08761286735534668,0.18004751617965603,worker1,worker1,worker1,0,0.39899682998657227,0.0,0.0
model_0,858,1,0.32665348052978516,6,6,1,0,0.9470562934875488,0.18334722518920898,0.14330625534057617,0.438710327250008,worker1,worker1,worker1,0,0.18334722518920898,0.0,0.0
model_0,859,1,0.3643221855163574,3,3,1,1,0.9157276153564453,0.2804865837097168,0.08383560180664062,0.23011390779790036,worker1,worker1,worker1,0,0.2804865837097168,0.0,0.0
model_0,860,1,0.271881103515625,8,8,1,0,0.9067682027816772,0.18797540664672852,0.08390569686889648,0.3086117269053766,worker1,worker1,worker1,0,0.18797540664672852,0.0,0.0
model_0,861,1,0.5011091232299805,7,7,1,2,0.789166271686554,0.35534167289733887,0.1457674503326416,0.29088963576051813,worker1->worker3,worker1,worker3,0,0.2731919288635254,0.0,0.08214974403381348
model_0,862,1,0.6192154884338379,2,2,1,2,0.885890781879425,0.4776628017425537,0.14155268669128418,0.2286000420456357,worker1->worker3,worker1,worker3,0,0.3922452926635742,0.0,0.08541750907897949
model_0,863,1,0.4667065143585205,9,8,0,1,0.8500019311904907,0.37936902046203613,0.08733749389648438,0.1871357935008217,worker1,worker1,worker1,0,0.37936902046203613,0.0,0.0
model_0,864,1,0.2734208106994629,3,5,0,0,0.8205422163009644,0.18216300010681152,0.09125781059265137,0.33376322145778287,worker1,worker1,worker1,0,0.18216300010681152,0.0,0.0
model_0,865,1,0.547595739364624,3,3,1,2,0.6098963618278503,0.3996448516845703,0.1479508876800537,0.27018268595683614,worker1->worker3,worker1,worker3,0,0.27845120429992676,0.0,0.12119364738464355
model_0,866,1,0.49776124954223633,3,3,1,1,0.9940472841262817,0.41498780250549316,0.08277344703674316,0.16629146425694116,worker1,worker1,worker1,0,0.41498780250549316,0.0,0.0
model_0,867,1,0.26866888999938965,5,5,1,0,0.7528488039970398,0.1832294464111328,0.08543944358825684,0.3180101856543604,worker1,worker1,worker1,0,0.1832294464111328,0.0,0.0
model_0,868,1,0.27446937561035156,3,3,1,0,0.7891257405281067,0.1843726634979248,0.09009671211242676,0.3282577952898173,worker1,worker1,worker1,0,0.1843726634979248,0.0,0.0
model_0,869,1,0.29610180854797363,5,5,1,0,0.9644933938980103,0.18367671966552734,0.11242508888244629,0.379683898027362,worker1,worker1,worker1,0,0.18367671966552734,0.0,0.0
model_0,870,1,0.28687095642089844,8,8,1,0,0.9997844099998474,0.18221521377563477,0.10465574264526367,0.3648181884669854,worker1,worker1,worker1,0,0.18221521377563477,0.0,0.0
model_0,871,1,0.300692081451416,6,6,1,0,0.8957427740097046,0.18377113342285156,0.11692094802856445,0.38883946482460274,worker1,worker1,worker1,0,0.18377113342285156,0.0,0.0
model_0,872,1,0.40876078605651855,3,5,0,1,0.6523857116699219,0.27219319343566895,0.1365675926208496,0.3341015020994863,worker1,worker1,worker1,0,0.27219319343566895,0.0,0.0
model_0,873,1,0.3575873374938965,1,1,1,1,0.7055109143257141,0.27428483963012695,0.08330249786376953,0.23295706846775968,worker1,worker1,worker1,0,0.27428483963012695,0.0,0.0
model_0,874,1,0.7857306003570557,7,7,1,3,0.8749681115150452,0.5761654376983643,0.2095651626586914,0.26671375986051676,worker1->worker3->worker2,worker1,worker2,0,0.2751884460449219,0.21782159805297852,0.08315539360046387
model_0,875,1,0.4863922595977783,0,0,1,1,0.9879173636436462,0.3991718292236328,0.08722043037414551,0.17932117268122721,worker1,worker1,worker1,0,0.3991718292236328,0.0,0.0
model_0,876,1,0.2758336067199707,7,7,1,0,0.8595761656761169,0.18618535995483398,0.08964824676513672,0.3250084274761654,worker1,worker1,worker1,0,0.18618535995483398,0.0,0.0
model_0,877,1,0.3677070140838623,7,0,0,1,0.6035557985305786,0.27706170082092285,0.09064531326293945,0.2465150508177854,worker1,worker1,worker1,0,0.27706170082092285,0.0,0.0
model_0,878,1,0.2666351795196533,1,1,1,0,0.944318950176239,0.18333792686462402,0.0832972526550293,0.3124015848362184,worker1,worker1,worker1,0,0.18333792686462402,0.0,0.0
model_0,879,1,0.3179168701171875,6,6,1,0,0.9860767126083374,0.18851184844970703,0.12940502166748047,0.4070404367650588,worker1,worker1,worker1,0,0.18851184844970703,0.0,0.0
model_0,880,1,0.2861146926879883,8,8,1,0,0.8713767528533936,0.18856167793273926,0.09755301475524902,0.34095772516524286,worker1,worker1,worker1,0,0.18856167793273926,0.0,0.0
model_0,881,1,0.2735326290130615,6,4,0,0,0.9465590715408325,0.1897580623626709,0.08377456665039062,0.3062690069285675,worker1,worker1,worker1,0,0.1897580623626709,0.0,0.0
model_0,882,1,0.2830619812011719,7,7,1,0,0.5066864490509033,0.1873490810394287,0.09571290016174316,0.33813407139873053,worker1,worker1,worker1,0,0.1873490810394287,0.0,0.0
model_0,883,1,0.36792731285095215,9,9,1,1,0.8224159479141235,0.28198909759521484,0.0859382152557373,0.23357389422880653,worker1,worker1,worker1,0,0.28198909759521484,0.0,0.0
model_0,884,1,0.28423595428466797,5,7,0,0,0.7000274658203125,0.18333888053894043,0.10089707374572754,0.35497646312780373,worker1,worker1,worker1,0,0.18333888053894043,0.0,0.0
model_0,885,1,0.26958489418029785,1,1,1,0,0.9496243000030518,0.18698430061340332,0.08260059356689453,0.30639919131244575,worker1,worker1,worker1,0,0.18698430061340332,0.0,0.0
model_0,886,1,0.27562785148620605,6,6,1,0,0.7476658225059509,0.19050168991088867,0.08512616157531738,0.30884455658711824,worker1,worker1,worker1,0,0.19050168991088867,0.0,0.0
model_0,887,1,0.5567924976348877,7,1,0,2,0.9099015593528748,0.40680360794067383,0.14998888969421387,0.26938022751981816,worker1->worker3,worker1,worker3,0,0.2914121150970459,0.0,0.11539149284362793
model_0,888,1,0.47913408279418945,6,2,0,1,0.6415137052536011,0.3938729763031006,0.08526110649108887,0.17794832292845364,worker1,worker1,worker1,0,0.3938729763031006,0.0,0.0
model_0,889,1,0.3667104244232178,0,1,0,1,0.8952867984771729,0.27445149421691895,0.09225893020629883,0.2515852401834737,worker1,worker1,worker1,0,0.27445149421691895,0.0,0.0
model_0,890,1,0.3559424877166748,3,3,1,1,0.8414563536643982,0.27261948585510254,0.08332300186157227,0.23409119376582038,worker1,worker1,worker1,0,0.27261948585510254,0.0,0.0
model_0,891,1,0.26631951332092285,2,2,1,0,0.7952687740325928,0.18361973762512207,0.08269977569580078,0.3105284125243392,worker1,worker1,worker1,0,0.18361973762512207,0.0,0.0
model_0,892,1,0.3414323329925537,3,3,1,0,0.49151092767715454,0.18546056747436523,0.15597176551818848,0.45681603775231816,worker1,worker1,worker1,0,0.18546056747436523,0.0,0.0
model_0,893,1,0.3639054298400879,5,5,1,1,0.7653442621231079,0.276660680770874,0.08724474906921387,0.2397456644369173,worker1,worker1,worker1,0,0.276660680770874,0.0,0.0
model_0,894,1,0.2692904472351074,1,3,0,0,0.7568740844726562,0.18282771110534668,0.08646273612976074,0.32107613551650926,worker1,worker1,worker1,0,0.18282771110534668,0.0,0.0
model_0,895,1,0.27038073539733887,3,4,0,0,0.9081926941871643,0.18684911727905273,0.08353161811828613,0.3089407164882956,worker1,worker1,worker1,0,0.18684911727905273,0.0,0.0
model_0,896,1,0.2725348472595215,9,9,1,0,0.932708203792572,0.18790745735168457,0.08462738990783691,0.3105195198295153,worker1,worker1,worker1,0,0.18790745735168457,0.0,0.0
model_0,897,1,0.2707178592681885,2,2,1,0,0.6758894324302673,0.1863250732421875,0.08439278602600098,0.31173704702797866,worker1,worker1,worker1,0,0.1863250732421875,0.0,0.0
model_0,898,1,0.27521634101867676,4,4,1,0,0.8522696495056152,0.1875603199005127,0.08765602111816406,0.3184986065642648,worker1,worker1,worker1,0,0.1875603199005127,0.0,0.0
model_0,899,1,0.3624105453491211,3,3,1,1,0.895552396774292,0.2769753932952881,0.08543515205383301,0.2357413523150402,worker1,worker1,worker1,0,0.2769753932952881,0.0,0.0
model_0,900,1,0.27323341369628906,3,3,1,0,0.7217777967453003,0.18302249908447266,0.0902109146118164,0.3301606249083789,worker1,worker1,worker1,0,0.18302249908447266,0.0,0.0
model_0,901,1,0.4243505001068115,0,0,1,1,0.9310781359672546,0.2808034420013428,0.14354705810546875,0.3382747471001851,worker1,worker1,worker1,0,0.2808034420013428,0.0,0.0
model_0,902,1,0.357421875,3,2,0,1,0.7276085615158081,0.2722189426422119,0.08520293235778809,0.2383819746840847,worker1,worker1,worker1,0,0.2722189426422119,0.0,0.0
model_0,903,1,0.28942418098449707,5,5,1,0,0.9403756856918335,0.1817035675048828,0.10772061347961426,0.3721894041928179,worker1,worker1,worker1,0,0.1817035675048828,0.0,0.0
model_0,904,1,0.2716550827026367,9,1,0,0,0.9278730750083923,0.18920588493347168,0.08244919776916504,0.3035069211622919,worker1,worker1,worker1,0,0.18920588493347168,0.0,0.0
model_0,905,1,0.27717161178588867,5,5,1,0,0.9618303179740906,0.19088482856750488,0.08628678321838379,0.3113117633599474,worker1,worker1,worker1,0,0.19088482856750488,0.0,0.0
model_0,906,1,0.2692444324493408,7,7,1,0,0.9874047636985779,0.1859126091003418,0.08333182334899902,0.3095024940383054,worker1,worker1,worker1,0,0.1859126091003418,0.0,0.0
model_0,907,1,0.36115193367004395,7,2,0,1,0.7241151928901672,0.2775135040283203,0.08363842964172363,0.23158793251301674,worker1,worker1,worker1,0,0.2775135040283203,0.0,0.0
model_0,908,1,0.26800537109375,1,1,1,0,0.8981431126594543,0.18435049057006836,0.08365488052368164,0.3121388208836256,worker1,worker1,worker1,0,0.18435049057006836,0.0,0.0
model_0,909,1,0.36246299743652344,4,4,1,1,0.9281070232391357,0.2752108573913574,0.08725214004516602,0.2407201305022759,worker1,worker1,worker1,0,0.2752108573913574,0.0,0.0
model_0,910,1,0.2647593021392822,1,1,1,0,0.989992082118988,0.1808319091796875,0.08392739295959473,0.3169950679030078,worker1,worker1,worker1,0,0.1808319091796875,0.0,0.0
model_0,911,1,0.273876428604126,3,3,1,0,0.8967618346214294,0.18773865699768066,0.08613777160644531,0.3145132717169791,worker1,worker1,worker1,0,0.18773865699768066,0.0,0.0
model_0,912,1,0.39343833923339844,5,5,1,1,0.575481653213501,0.29069018363952637,0.10274815559387207,0.26115440552660285,worker1,worker1,worker1,0,0.29069018363952637,0.0,0.0
model_0,913,1,0.27164125442504883,6,6,1,0,0.8891629576683044,0.1870594024658203,0.08458185195922852,0.3113733668262319,worker1,worker1,worker1,0,0.1870594024658203,0.0,0.0
model_0,914,1,0.2903423309326172,7,7,1,0,0.9591258764266968,0.18857526779174805,0.10176706314086914,0.3505071506933906,worker1,worker1,worker1,0,0.18857526779174805,0.0,0.0
model_0,915,1,0.29881715774536133,9,9,1,0,0.9723881483078003,0.18589162826538086,0.11292552947998047,0.37790845188418054,worker1,worker1,worker1,0,0.18589162826538086,0.0,0.0
model_0,916,1,0.3697197437286377,0,0,1,1,0.8636609315872192,0.28171420097351074,0.08800554275512695,0.2380331162939466,worker1,worker1,worker1,0,0.28171420097351074,0.0,0.0
model_0,917,1,0.5484538078308105,9,1,0,2,0.9318526983261108,0.3823122978210449,0.16614151000976562,0.30292707906773747,worker1->worker3,worker1,worker3,0,0.27332448959350586,0.0,0.10898780822753906
model_0,918,1,0.2846543788909912,1,1,1,0,0.807328462600708,0.19977426528930664,0.08488011360168457,0.29818657254589265,worker1,worker1,worker1,0,0.19977426528930664,0.0,0.0
model_0,919,1,0.2716331481933594,4,4,1,0,0.9375747442245483,0.18775701522827148,0.08387613296508789,0.3087845998286685,worker1,worker1,worker1,0,0.18775701522827148,0.0,0.0
model_0,920,1,0.26917147636413574,1,1,1,0,0.9590907096862793,0.18428611755371094,0.0848853588104248,0.3153579270620477,worker1,worker1,worker1,0,0.18428611755371094,0.0,0.0
model_0,921,1,0.3132326602935791,0,0,1,0,0.9081861972808838,0.19375944137573242,0.11947321891784668,0.3814200562797945,worker1,worker1,worker1,0,0.19375944137573242,0.0,0.0
model_0,922,1,0.4016232490539551,3,3,1,1,0.9234074354171753,0.273773193359375,0.12785005569458008,0.3183333036514636,worker1,worker1,worker1,0,0.273773193359375,0.0,0.0
model_0,923,1,0.26604151725769043,0,0,1,0,0.8898136615753174,0.18277835845947266,0.08326315879821777,0.31297054556176,worker1,worker1,worker1,0,0.18277835845947266,0.0,0.0
model_0,924,1,0.2770085334777832,1,1,1,0,0.8715388774871826,0.18848896026611328,0.08851957321166992,0.31955540177887487,worker1,worker1,worker1,0,0.18848896026611328,0.0,0.0
model_0,925,1,0.26748013496398926,8,3,0,0,0.998921275138855,0.1821911334991455,0.08528900146484375,0.3188610678558472,worker1,worker1,worker1,0,0.1821911334991455,0.0,0.0
model_0,926,1,0.5017790794372559,5,3,0,2,0.7671732306480408,0.36131930351257324,0.14045977592468262,0.2799235394233812,worker1->worker3,worker1,worker3,0,0.2767524719238281,0.0,0.08456683158874512
model_0,927,1,0.3502364158630371,2,2,1,0,0.8445446491241455,0.2633063793182373,0.0869300365447998,0.24820387774523858,worker1,worker1,worker1,0,0.2633063793182373,0.0,0.0
model_0,928,1,0.2900106906890869,8,8,1,0,0.9496300220489502,0.19202423095703125,0.09798645973205566,0.3378718884439486,worker1,worker1,worker1,0,0.19202423095703125,0.0,0.0
model_0,929,1,0.2908952236175537,8,8,1,0,0.8618020415306091,0.2006220817565918,0.09027314186096191,0.31032871814920543,worker1,worker1,worker1,0,0.2006220817565918,0.0,0.0
model_0,930,1,0.36294126510620117,1,1,1,1,0.9232379198074341,0.2736854553222656,0.08925580978393555,0.24592356495428586,worker1,worker1,worker1,0,0.2736854553222656,0.0,0.0
model_0,931,1,0.3704957962036133,3,0,0,1,0.7966159582138062,0.28040623664855957,0.09008955955505371,0.2431594649067036,worker1,worker1,worker1,0,0.28040623664855957,0.0,0.0
model_0,932,1,0.271953821182251,6,6,1,0,0.947594404220581,0.18329310417175293,0.08866071701049805,0.3260138674465681,worker1,worker1,worker1,0,0.18329310417175293,0.0,0.0
model_0,933,1,0.2730987071990967,6,6,1,0,0.9822300672531128,0.18849849700927734,0.08460021018981934,0.30977887466945564,worker1,worker1,worker1,0,0.18849849700927734,0.0,0.0
model_0,934,1,0.2731173038482666,9,9,1,0,0.8867653608322144,0.18816518783569336,0.08495211601257324,0.3110462604001442,worker1,worker1,worker1,0,0.18816518783569336,0.0,0.0
model_0,935,1,0.3634917736053467,0,0,1,1,0.9232725501060486,0.2800571918487549,0.0834345817565918,0.22953636867495958,worker1,worker1,worker1,0,0.2800571918487549,0.0,0.0
model_0,936,1,0.26755404472351074,8,8,1,0,0.9970070719718933,0.18269848823547363,0.08485555648803711,0.31715295717441494,worker1,worker1,worker1,0,0.18269848823547363,0.0,0.0
model_0,937,1,0.41185569763183594,3,5,0,1,0.6683067083358765,0.28627824783325195,0.12557744979858398,0.3049064284424191,worker1,worker1,worker1,0,0.28627824783325195,0.0,0.0
model_0,938,1,0.36024999618530273,3,0,0,1,0.7230833768844604,0.27572107315063477,0.08452892303466797,0.2346396222893743,worker1,worker1,worker1,0,0.27572107315063477,0.0,0.0
model_0,939,1,0.2677268981933594,6,6,1,0,0.9353289604187012,0.18395352363586426,0.08377337455749512,0.3129060812447459,worker1,worker1,worker1,0,0.18395352363586426,0.0,0.0
model_0,940,1,0.271043062210083,8,0,0,0,0.8568081259727478,0.18708586692810059,0.08395719528198242,0.3097559280706029,worker1,worker1,worker1,0,0.18708586692810059,0.0,0.0
model_0,941,1,0.3687875270843506,3,3,1,1,0.897663414478302,0.28498363494873047,0.08380389213562012,0.22724166621950898,worker1,worker1,worker1,0,0.28498363494873047,0.0,0.0
model_0,942,1,0.3575315475463867,8,8,1,1,0.9998879432678223,0.27332258224487305,0.08420896530151367,0.23552876908180603,worker1,worker1,worker1,0,0.27332258224487305,0.0,0.0
model_0,943,1,0.2729649543762207,6,4,0,0,0.7734686136245728,0.18301630020141602,0.08994865417480469,0.32952455153210153,worker1,worker1,worker1,0,0.18301630020141602,0.0,0.0
model_0,944,1,0.2705686092376709,8,8,1,0,0.9696007966995239,0.18687891960144043,0.08368968963623047,0.30931041805635473,worker1,worker1,worker1,0,0.18687891960144043,0.0,0.0
model_0,945,1,0.3690612316131592,9,9,1,1,0.9991631507873535,0.2819540500640869,0.08710718154907227,0.23602365701845338,worker1,worker1,worker1,0,0.2819540500640869,0.0,0.0
model_0,946,1,0.3593170642852783,5,5,1,1,0.8592778444290161,0.2743513584136963,0.08496570587158203,0.23646443299482112,worker1,worker1,worker1,0,0.2743513584136963,0.0,0.0
model_0,947,1,0.3562345504760742,3,4,0,1,0.8790554404258728,0.2728900909423828,0.0833444595336914,0.2339595062362966,worker1,worker1,worker1,0,0.2728900909423828,0.0,0.0
model_0,948,1,0.3622581958770752,4,4,1,1,0.9797154664993286,0.278026819229126,0.08423137664794922,0.23251751818620384,worker1,worker1,worker1,0,0.278026819229126,0.0,0.0
model_0,949,1,0.27689671516418457,0,0,1,0,0.8162775635719299,0.1864020824432373,0.09049463272094727,0.3268172851645745,worker1,worker1,worker1,0,0.1864020824432373,0.0,0.0
model_0,950,1,0.27664613723754883,6,3,0,0,0.7019926905632019,0.1867845058441162,0.08986163139343262,0.32482518024920326,worker1,worker1,worker1,0,0.1867845058441162,0.0,0.0
model_0,951,1,0.273087739944458,9,1,0,0,0.8553737998008728,0.1894674301147461,0.08362030982971191,0.3062030900644571,worker1,worker1,worker1,0,0.1894674301147461,0.0,0.0
model_0,952,1,0.27368998527526855,4,7,0,0,0.687330424785614,0.18799781799316406,0.08569216728210449,0.313099389427487,worker1,worker1,worker1,0,0.18799781799316406,0.0,0.0
model_0,953,1,0.27300596237182617,5,5,1,0,0.9118167161941528,0.18843460083007812,0.08457136154174805,0.3097784414926598,worker1,worker1,worker1,0,0.18843460083007812,0.0,0.0
model_0,954,1,0.27328014373779297,5,5,1,0,0.9302339553833008,0.18892431259155273,0.08435583114624023,0.30867896215386226,worker1,worker1,worker1,0,0.18892431259155273,0.0,0.0
model_0,955,1,0.2774536609649658,6,6,1,0,0.9015580415725708,0.1924271583557129,0.08502650260925293,0.3064529850265312,worker1,worker1,worker1,0,0.1924271583557129,0.0,0.0
model_0,956,1,0.3676948547363281,9,9,1,1,0.9970295429229736,0.2831118106842041,0.08458304405212402,0.23003597402193196,worker1,worker1,worker1,0,0.2831118106842041,0.0,0.0
model_0,957,1,0.26892685890197754,7,3,0,0,0.9190502166748047,0.18459057807922363,0.0843362808227539,0.313603041239901,worker1,worker1,worker1,0,0.18459057807922363,0.0,0.0
model_0,958,1,0.2748222351074219,4,4,1,0,0.883860170841217,0.1913599967956543,0.08346223831176758,0.30369536249184514,worker1,worker1,worker1,0,0.1913599967956543,0.0,0.0
model_0,959,1,0.5360486507415771,6,6,1,2,0.5975736379623413,0.3877065181732178,0.14834213256835938,0.27673259201966244,worker1->worker3,worker1,worker3,0,0.27578282356262207,0.0,0.1119236946105957
model_0,960,1,0.6303813457489014,3,4,0,2,0.6405245065689087,0.48987627029418945,0.14050507545471191,0.22288901218640922,worker1->worker3,worker1,worker3,0,0.40419554710388184,0.0,0.08568072319030762
model_0,961,1,0.48561644554138184,8,8,1,1,0.9529017806053162,0.39761829376220703,0.0879981517791748,0.1812091674141543,worker1,worker1,worker1,0,0.39761829376220703,0.0,0.0
model_0,962,1,0.26975035667419434,9,9,1,0,0.9934651255607605,0.18291902542114258,0.08683133125305176,0.32189514899484273,worker1,worker1,worker1,0,0.18291902542114258,0.0,0.0
model_0,963,1,0.27463746070861816,9,9,1,0,0.9822360277175903,0.1864161491394043,0.08822131156921387,0.3212282524808731,worker1,worker1,worker1,0,0.1864161491394043,0.0,0.0
model_0,964,1,0.37348294258117676,4,4,1,1,0.8129672408103943,0.2812466621398926,0.09223628044128418,0.24696249794925124,worker1,worker1,worker1,0,0.2812466621398926,0.0,0.0
model_0,965,1,0.2681913375854492,4,4,1,0,0.7254711985588074,0.18419551849365234,0.08399581909179688,0.313193632009217,worker1,worker1,worker1,0,0.18419551849365234,0.0,0.0
model_0,966,1,0.3088963031768799,3,5,0,0,0.6553635597229004,0.19062089920043945,0.11827540397644043,0.3828967933899607,worker1,worker1,worker1,0,0.19062089920043945,0.0,0.0
model_0,967,1,0.515596866607666,7,7,1,2,0.9958676099777222,0.3714900016784668,0.14410686492919922,0.27949523021220124,worker1->worker3,worker1,worker3,0,0.28246116638183594,0.0,0.08902883529663086
model_0,968,1,0.6085286140441895,7,7,1,2,0.8807246088981628,0.46791672706604004,0.14061188697814941,0.231068652702564,worker1->worker3,worker1,worker3,0,0.3872549533843994,0.0,0.08066177368164062
model_0,969,1,0.3121199607849121,3,3,1,0,0.7839606404304504,0.2198929786682129,0.09222698211669922,0.2954856904530198,worker1,worker1,worker1,0,0.2198929786682129,0.0,0.0
model_0,970,1,0.751420259475708,3,0,0,3,0.9282718300819397,0.5506541728973389,0.20076608657836914,0.2671821581154208,worker1->worker3->worker2,worker1,worker2,0,0.28064608573913574,0.1892096996307373,0.08079838752746582
model_0,971,1,0.3427753448486328,0,0,1,0,0.9351568222045898,0.23923468589782715,0.10354065895080566,0.30206565468274416,worker1,worker1,worker1,0,0.23923468589782715,0.0,0.0
model_0,972,1,0.32335400581359863,1,1,1,0,0.998234748840332,0.1894207000732422,0.13393330574035645,0.41420023668290024,worker1,worker1,worker1,0,0.1894207000732422,0.0,0.0
model_0,973,1,0.5113511085510254,8,8,1,2,0.47557616233825684,0.35706591606140137,0.15428519248962402,0.3017206571172,worker1->worker3,worker1,worker3,0,0.2737915515899658,0.0,0.08327436447143555
model_0,974,1,0.85024094581604,6,6,1,3,0.964743971824646,0.6700682640075684,0.18017268180847168,0.21190779236766402,worker1->worker3->worker2,worker1,worker2,0,0.39898252487182617,0.18654441833496094,0.08454132080078125
model_0,975,1,0.5076758861541748,5,7,0,1,0.9590764045715332,0.3741753101348877,0.1335005760192871,0.26296418573393626,worker1,worker1,worker1,0,0.3741753101348877,0.0,0.0
model_0,976,1,0.38698911666870117,0,3,0,1,0.780033528804779,0.277435302734375,0.10955381393432617,0.283092751748144,worker1,worker1,worker1,0,0.277435302734375,0.0,0.0
model_0,977,1,0.5117316246032715,7,0,0,2,0.8458537459373474,0.35638952255249023,0.15534210205078125,0.3035616611953831,worker1->worker3,worker1,worker3,0,0.27283430099487305,0.0,0.08355522155761719
model_0,978,1,0.6144387722015381,8,8,1,2,0.9857834577560425,0.47380757331848145,0.14063119888305664,0.22887748176954092,worker1->worker3,worker1,worker3,0,0.39287304878234863,0.0,0.08093452453613281
model_0,979,1,0.3134305477142334,7,7,1,0,0.9954715967178345,0.2262887954711914,0.08714175224304199,0.27802571535717846,worker1,worker1,worker1,0,0.2262887954711914,0.0,0.0
model_0,980,1,0.2696833610534668,1,1,1,0,0.9929037690162659,0.1848900318145752,0.0847933292388916,0.31441809723693215,worker1,worker1,worker1,0,0.1848900318145752,0.0,0.0
model_0,981,1,0.3717787265777588,3,8,0,1,0.8033937215805054,0.2812328338623047,0.0905458927154541,0.24354780476261628,worker1,worker1,worker1,0,0.2812328338623047,0.0,0.0
model_0,982,1,0.7650802135467529,8,8,1,3,0.8226637244224548,0.5817446708679199,0.183335542678833,0.23962917800334624,worker1->worker3->worker2,worker1,worker2,0,0.2741076946258545,0.19360017776489258,0.11403679847717285
model_0,983,1,0.36754441261291504,1,1,1,0,0.9949172735214233,0.24750447273254395,0.1200399398803711,0.3265998223915132,worker1,worker1,worker1,0,0.24750447273254395,0.0,0.0
model_0,984,1,0.2752087116241455,6,6,1,0,0.8893921375274658,0.18612313270568848,0.08908557891845703,0.32370188571690944,worker1,worker1,worker1,0,0.18612313270568848,0.0,0.0
model_0,985,1,0.27399778366088867,0,0,1,0,0.7460129857063293,0.18904328346252441,0.08495450019836426,0.3100554284172881,worker1,worker1,worker1,0,0.18904328346252441,0.0,0.0
model_0,986,1,0.36342716217041016,4,4,1,1,0.8173848986625671,0.27976465225219727,0.08366250991821289,0.2302043397597886,worker1,worker1,worker1,0,0.27976465225219727,0.0,0.0
model_0,987,1,0.3688783645629883,3,1,0,1,0.7521197199821472,0.28490781784057617,0.08397054672241211,0.22763749460311222,worker1,worker1,worker1,0,0.28490781784057617,0.0,0.0
model_0,988,1,0.7532320022583008,4,3,0,3,0.7334305047988892,0.5686285495758057,0.18460345268249512,0.24508179701476665,worker1->worker3->worker2,worker1,worker2,0,0.2740025520324707,0.21139001846313477,0.0832359790802002
model_0,989,1,0.48772358894348145,3,4,0,1,0.866999626159668,0.38594603538513184,0.10177755355834961,0.208678759579422,worker1,worker1,worker1,0,0.38594603538513184,0.0,0.0
model_0,990,1,0.3065168857574463,7,4,0,0,0.7998475432395935,0.18228411674499512,0.12423276901245117,0.4053048128342246,worker1,worker1,worker1,0,0.18228411674499512,0.0,0.0
model_0,991,1,0.36411428451538086,3,3,1,1,0.6941111087799072,0.2786586284637451,0.08545565605163574,0.23469459915689173,worker1,worker1,worker1,0,0.2786586284637451,0.0,0.0
model_0,992,1,0.358884334564209,7,7,1,1,0.9982134103775024,0.27497005462646484,0.08391427993774414,0.23381984627342603,worker1,worker1,worker1,0,0.27497005462646484,0.0,0.0
model_0,993,1,0.26761889457702637,7,7,1,0,0.9686294198036194,0.18238186836242676,0.08523702621459961,0.3185015256464509,worker1,worker1,worker1,0,0.18238186836242676,0.0,0.0
model_0,994,1,0.3411223888397217,0,0,1,0,0.5975388884544373,0.1863725185394287,0.15474987030029297,0.45364911645539363,worker1,worker1,worker1,0,0.1863725185394287,0.0,0.0
model_0,995,1,0.3892815113067627,3,5,0,1,0.630253255367279,0.27747535705566406,0.11180615425109863,0.2872115705566937,worker1,worker1,worker1,0,0.27747535705566406,0.0,0.0
model_0,996,1,0.3573625087738037,3,3,1,1,0.9969336986541748,0.27345848083496094,0.08390402793884277,0.2347868785305363,worker1,worker1,worker1,0,0.27345848083496094,0.0,0.0
model_0,997,1,0.26598095893859863,8,1,0,0,0.9583210945129395,0.18078970909118652,0.08519124984741211,0.3202907839244177,worker1,worker1,worker1,0,0.18078970909118652,0.0,0.0
model_0,998,1,0.27070188522338867,2,7,0,0,0.8001179099082947,0.18579339981079102,0.08490848541259766,0.31366048796641904,worker1,worker1,worker1,0,0.18579339981079102,0.0,0.0
model_0,999,1,0.36364269256591797,0,2,0,1,0.8699676990509033,0.2798898220062256,0.08375287055969238,0.23031638548466196,worker1,worker1,worker1,0,0.2798898220062256,0.0,0.0
model_0,1000,1,0.3569669723510742,7,7,1,1,0.9574529528617859,0.27348995208740234,0.08347702026367188,0.23385082298754767,worker1,worker1,worker1,0,0.27348995208740234,0.0,0.0
model_0,1001,1,0.2683537006378174,8,8,1,0,0.995518684387207,0.1810929775238037,0.08726072311401367,0.3251705599982942,worker1,worker1,worker1,0,0.1810929775238037,0.0,0.0
model_0,1002,1,0.43634772300720215,8,8,1,1,0.971634030342102,0.28617167472839355,0.1501760482788086,0.3441659950551177,worker1,worker1,worker1,0,0.28617167472839355,0.0,0.0
model_0,1003,1,0.3620638847351074,2,2,1,1,0.8552877306938171,0.27797365188598633,0.0840902328491211,0.23225247365017654,worker1,worker1,worker1,0,0.27797365188598633,0.0,0.0
model_0,1004,1,0.35469508171081543,7,7,1,1,0.8669686317443848,0.2705085277557373,0.08418655395507812,0.23734908741620447,worker1,worker1,worker1,0,0.2705085277557373,0.0,0.0
model_0,1005,1,0.544776439666748,4,4,1,2,0.9610657095909119,0.39201927185058594,0.1527571678161621,0.2804034034761252,worker1->worker3,worker1,worker3,0,0.27953553199768066,0.0,0.11248373985290527
model_0,1006,1,0.3364598751068115,9,1,0,0,0.5235536098480225,0.2485032081604004,0.08795666694641113,0.26141799796629145,worker1,worker1,worker1,0,0.2485032081604004,0.0,0.0
model_0,1007,1,0.5042886734008789,2,2,1,2,0.9898982048034668,0.35493016242980957,0.14935851097106934,0.29617661242281834,worker1->worker3,worker1,worker3,0,0.2762765884399414,0.0,0.07865357398986816
model_0,1008,1,0.3990774154663086,8,8,1,0,0.9964662790298462,0.31063175201416016,0.08844566345214844,0.22162532888212338,worker1,worker1,worker1,0,0.31063175201416016,0.0,0.0
model_0,1009,1,0.42926764488220215,0,4,0,1,0.7815663814544678,0.27672886848449707,0.15253877639770508,0.3553465494460085,worker1,worker1,worker1,0,0.27672886848449707,0.0,0.0
model_0,1010,1,0.4985380172729492,2,2,1,2,0.9957937002182007,0.359574556350708,0.1389634609222412,0.27874195368767396,worker1->worker3,worker1,worker3,0,0.2761819362640381,0.0,0.08339262008666992
model_0,1011,1,0.340226411819458,2,4,0,0,0.9427695870399475,0.2534139156341553,0.08681249618530273,0.2551609550859032,worker1,worker1,worker1,0,0.2534139156341553,0.0,0.0
model_0,1012,1,0.27880430221557617,9,9,1,0,0.7046113610267639,0.18555259704589844,0.09325170516967773,0.33447010834708696,worker1,worker1,worker1,0,0.18555259704589844,0.0,0.0
model_0,1013,1,0.3775310516357422,5,5,1,1,0.9537325501441956,0.28003644943237305,0.09749460220336914,0.2582426048955465,worker1,worker1,worker1,0,0.28003644943237305,0.0,0.0
model_0,1014,1,0.2652721405029297,9,9,1,0,0.8976165056228638,0.1814730167388916,0.08379912376403809,0.315898697862366,worker1,worker1,worker1,0,0.1814730167388916,0.0,0.0
model_0,1015,1,0.2721574306488037,5,7,0,0,0.6824979186058044,0.18619823455810547,0.08595919609069824,0.31584364933846454,worker1,worker1,worker1,0,0.18619823455810547,0.0,0.0
model_0,1016,1,0.37613368034362793,6,6,1,1,0.8957473039627075,0.2825343608856201,0.09359931945800781,0.24884588737838476,worker1,worker1,worker1,0,0.2825343608856201,0.0,0.0
model_0,1017,1,0.2666165828704834,7,3,0,0,0.7805148959159851,0.18309831619262695,0.08351826667785645,0.3132523332895157,worker1,worker1,worker1,0,0.18309831619262695,0.0,0.0
model_0,1018,1,0.31005406379699707,7,7,1,0,0.9279646873474121,0.18475985527038574,0.12529420852661133,0.40410439067376874,worker1,worker1,worker1,0,0.18475985527038574,0.0,0.0
model_0,1019,1,0.2782559394836426,9,9,1,0,0.9761548042297363,0.18828701972961426,0.08996891975402832,0.32333153398623926,worker1,worker1,worker1,0,0.18828701972961426,0.0,0.0
model_0,1020,1,0.4042186737060547,5,5,1,1,0.995208203792572,0.2833404541015625,0.12087821960449219,0.2990416511345888,worker1,worker1,worker1,0,0.2833404541015625,0.0,0.0
model_0,1021,1,0.26555705070495605,6,6,1,0,0.9339561462402344,0.1817333698272705,0.08382368087768555,0.315652251202386,worker1,worker1,worker1,0,0.1817333698272705,0.0,0.0
model_0,1022,1,0.33658885955810547,5,5,1,0,0.8496706485748291,0.19159603118896484,0.14499282836914062,0.43077132308982574,worker1,worker1,worker1,0,0.19159603118896484,0.0,0.0
model_0,1023,1,0.27861690521240234,3,3,1,0,0.727769136428833,0.18816542625427246,0.09045147895812988,0.3246446187074492,worker1,worker1,worker1,0,0.18816542625427246,0.0,0.0
model_0,1024,1,0.3885195255279541,7,7,1,1,0.5199785828590393,0.28328919410705566,0.10523033142089844,0.27084953137915607,worker1,worker1,worker1,0,0.28328919410705566,0.0,0.0
model_0,1025,1,0.36269164085388184,4,4,1,1,0.9510788917541504,0.2722301483154297,0.09046149253845215,0.24941708699290513,worker1,worker1,worker1,0,0.2722301483154297,0.0,0.0
model_0,1026,1,0.2781219482421875,2,2,1,0,0.9032521843910217,0.18749785423278809,0.09062409400939941,0.32584301448400727,worker1,worker1,worker1,0,0.18749785423278809,0.0,0.0
model_0,1027,1,0.26796674728393555,0,0,1,0,0.9103913307189941,0.18578553199768066,0.08218121528625488,0.30668437826420414,worker1,worker1,worker1,0,0.18578553199768066,0.0,0.0
model_0,1028,1,0.27753210067749023,8,8,1,0,0.9792120456695557,0.18634700775146484,0.09118509292602539,0.328556922616992,worker1,worker1,worker1,0,0.18634700775146484,0.0,0.0
model_0,1029,1,0.5286839008331299,1,1,1,2,0.9428629279136658,0.3636181354522705,0.16506576538085938,0.31222014727654734,worker1->worker3,worker1,worker3,0,0.27883434295654297,0.0,0.08478379249572754
model_0,1030,1,0.3915572166442871,4,4,1,0,0.8048321008682251,0.3060424327850342,0.08551478385925293,0.21839664862297617,worker1,worker1,worker1,0,0.3060424327850342,0.0,0.0
model_0,1031,1,0.36353015899658203,9,9,1,1,0.5374962687492371,0.27628612518310547,0.08724403381347656,0.23999118547492188,worker1,worker1,worker1,0,0.27628612518310547,0.0,0.0
model_0,1032,1,0.29761672019958496,8,8,1,0,0.9990536570549011,0.18041324615478516,0.1172034740447998,0.3938067524102876,worker1,worker1,worker1,0,0.18041324615478516,0.0,0.0
model_0,1033,1,0.36339569091796875,0,0,1,1,0.6000587344169617,0.27924537658691406,0.08415031433105469,0.23156662677667905,worker1,worker1,worker1,0,0.27924537658691406,0.0,0.0
model_0,1034,1,0.3604440689086914,3,6,0,1,0.8689559698104858,0.2757277488708496,0.0847163200378418,0.2350331919577302,worker1,worker1,worker1,0,0.2757277488708496,0.0,0.0
model_0,1035,1,0.3616166114807129,2,2,1,1,0.8614194989204407,0.2775537967681885,0.08406281471252441,0.23246391908909297,worker1,worker1,worker1,0,0.2775537967681885,0.0,0.0
model_0,1036,1,0.3580145835876465,6,6,1,1,0.9969831109046936,0.2736167907714844,0.08439779281616211,0.23573842152019617,worker1,worker1,worker1,0,0.2736167907714844,0.0,0.0
model_0,1037,1,0.29817676544189453,7,7,1,0,0.999679446220398,0.18435215950012207,0.11382460594177246,0.38173532995800563,worker1,worker1,worker1,0,0.18435215950012207,0.0,0.0
model_0,1038,1,0.27135372161865234,1,1,1,0,0.928164541721344,0.18587398529052734,0.085479736328125,0.315012212908781,worker1,worker1,worker1,0,0.18587398529052734,0.0,0.0
model_0,1039,1,0.37096309661865234,0,0,1,1,0.9712041616439819,0.2812173366546631,0.08974575996398926,0.24192638238689093,worker1,worker1,worker1,0,0.2812173366546631,0.0,0.0
model_0,1040,1,0.7244980335235596,0,0,1,3,0.8180358409881592,0.542292594909668,0.1822054386138916,0.2514919712448972,worker1->worker3->worker2,worker1,worker2,0,0.2712442874908447,0.18985223770141602,0.08119606971740723
model_0,1041,1,0.4824678897857666,5,5,1,1,0.999440610408783,0.3963913917541504,0.08607649803161621,0.1784087601557014,worker1,worker1,worker1,0,0.3963913917541504,0.0,0.0
model_0,1042,1,0.30730295181274414,5,5,1,0,0.7096279263496399,0.19287562370300293,0.11442732810974121,0.37236000316543594,worker1,worker1,worker1,0,0.19287562370300293,0.0,0.0
model_0,1043,1,0.2754800319671631,8,8,1,0,0.9776696562767029,0.18493294715881348,0.09054708480834961,0.328688377744717,worker1,worker1,worker1,0,0.18493294715881348,0.0,0.0
model_0,1044,1,0.26860594749450684,1,8,0,0,0.6953887939453125,0.18554162979125977,0.08306431770324707,0.3092422877380472,worker1,worker1,worker1,0,0.18554162979125977,0.0,0.0
model_0,1045,1,0.2696969509124756,9,9,1,0,0.9756407737731934,0.18691396713256836,0.08278298377990723,0.3069481634843276,worker1,worker1,worker1,0,0.18691396713256836,0.0,0.0
model_0,1046,1,0.38282155990600586,5,5,1,1,0.9959189295768738,0.2765488624572754,0.10627269744873047,0.27760374174020813,worker1,worker1,worker1,0,0.2765488624572754,0.0,0.0
model_0,1047,1,0.2693448066711426,9,9,1,0,0.8269374966621399,0.18547630310058594,0.08386850357055664,0.3113796943297153,worker1,worker1,worker1,0,0.18547630310058594,0.0,0.0
model_0,1048,1,0.3299560546875,9,9,1,0,0.9847500324249268,0.1874558925628662,0.1425001621246338,0.43187618502589714,worker1,worker1,worker1,0,0.1874558925628662,0.0,0.0
model_0,1049,1,0.27095699310302734,8,8,1,0,0.924089252948761,0.18484854698181152,0.08610844612121582,0.3177937765513746,worker1,worker1,worker1,0,0.18484854698181152,0.0,0.0
model_0,1050,1,0.35968017578125,0,0,1,1,0.8790121674537659,0.277238130569458,0.08244204521179199,0.22920931083488885,worker1,worker1,worker1,0,0.277238130569458,0.0,0.0
model_0,1051,1,0.36405205726623535,3,4,0,1,0.5163466334342957,0.28043031692504883,0.08362174034118652,0.2296972058587572,worker1,worker1,worker1,0,0.28043031692504883,0.0,0.0
model_0,1052,1,0.3633730411529541,6,2,0,1,0.8968899250030518,0.27843284606933594,0.08494019508361816,0.23375480694470233,worker1,worker1,worker1,0,0.27843284606933594,0.0,0.0
model_0,1053,1,0.36135029792785645,5,7,0,1,0.8789544105529785,0.2765686511993408,0.08478164672851562,0.23462453805819825,worker1,worker1,worker1,0,0.2765686511993408,0.0,0.0
model_0,1054,1,0.4995739459991455,7,7,1,2,0.9897969365119934,0.3586463928222656,0.14092755317687988,0.28209548217136393,worker1->worker3,worker1,worker3,0,0.2747335433959961,0.0,0.08391284942626953
model_0,1055,1,0.36595916748046875,6,6,1,1,0.9855766892433167,0.28087425231933594,0.08508491516113281,0.23249838430587697,worker1,worker1,worker1,0,0.28087425231933594,0.0,0.0
model_0,1056,1,0.2717432975769043,4,3,0,0,0.7550343871116638,0.1889801025390625,0.0827631950378418,0.30456388722676603,worker1,worker1,worker1,0,0.1889801025390625,0.0,0.0
model_0,1057,1,0.26954174041748047,1,1,1,0,0.9697999954223633,0.1835482120513916,0.08599352836608887,0.3190360358766607,worker1,worker1,worker1,0,0.1835482120513916,0.0,0.0
model_0,1058,1,0.27089977264404297,2,2,1,0,0.9152886867523193,0.18744969367980957,0.0834500789642334,0.30804779992888803,worker1,worker1,worker1,0,0.18744969367980957,0.0,0.0
model_0,1059,1,0.36025261878967285,3,3,1,1,0.783511757850647,0.27637720108032227,0.08387541770935059,0.23282389449698843,worker1,worker1,worker1,0,0.27637720108032227,0.0,0.0
model_0,1060,1,0.2706766128540039,8,8,1,0,0.9930039048194885,0.18690776824951172,0.08376884460449219,0.3094794327490531,worker1,worker1,worker1,0,0.18690776824951172,0.0,0.0
model_0,1061,1,0.28220224380493164,3,3,1,0,0.925047755241394,0.19263291358947754,0.0895693302154541,0.3173941107192884,worker1,worker1,worker1,0,0.19263291358947754,0.0,0.0
model_0,1062,1,0.535717248916626,5,5,1,2,0.4844563603401184,0.3860306739807129,0.14968657493591309,0.2794133943579795,worker1->worker3,worker1,worker3,0,0.2760481834411621,0.0,0.10998249053955078
model_0,1063,1,0.5038347244262695,2,2,1,1,0.7834190726280212,0.41823840141296387,0.08559632301330566,0.1698896857710166,worker1,worker1,worker1,0,0.41823840141296387,0.0,0.0
model_0,1064,1,0.27097606658935547,8,8,1,0,0.9898898601531982,0.18560409545898438,0.0853719711303711,0.31505354773543937,worker1,worker1,worker1,0,0.18560409545898438,0.0,0.0
model_0,1065,1,0.2743525505065918,7,7,1,0,0.9370771646499634,0.18596410751342773,0.08838844299316406,0.322171027132625,worker1,worker1,worker1,0,0.18596410751342773,0.0,0.0
model_0,1066,1,0.2709825038909912,4,4,1,0,0.8002904057502747,0.18606233596801758,0.08492016792297363,0.31337878535927427,worker1,worker1,worker1,0,0.18606233596801758,0.0,0.0
model_0,1067,1,0.26757287979125977,7,7,1,0,0.8158584237098694,0.18411755561828613,0.08345532417297363,0.31189754446743334,worker1,worker1,worker1,0,0.18411755561828613,0.0,0.0
model_0,1068,1,0.2723374366760254,0,0,1,0,0.9772828221321106,0.1883401870727539,0.08399724960327148,0.30843078582396743,worker1,worker1,worker1,0,0.1883401870727539,0.0,0.0
model_0,1069,1,0.27591395378112793,9,9,1,0,0.8496429324150085,0.18573927879333496,0.09017467498779297,0.326821727397394,worker1,worker1,worker1,0,0.18573927879333496,0.0,0.0
model_0,1070,1,0.27265167236328125,1,1,1,0,0.9902524948120117,0.1857013702392578,0.08695030212402344,0.3189061756722724,worker1,worker1,worker1,0,0.1857013702392578,0.0,0.0
model_0,1071,1,0.2769138813018799,9,9,1,0,0.9998741149902344,0.1864004135131836,0.09051346778869629,0.3268650432515599,worker1,worker1,worker1,0,0.1864004135131836,0.0,0.0
model_0,1072,1,0.3896346092224121,3,3,1,1,0.8939327001571655,0.2868788242340088,0.10275578498840332,0.2637234541189025,worker1,worker1,worker1,0,0.2868788242340088,0.0,0.0
model_0,1073,1,0.2696061134338379,0,0,1,0,0.9483739137649536,0.18444490432739258,0.08516120910644531,0.31587269302535353,worker1,worker1,worker1,0,0.18444490432739258,0.0,0.0
model_0,1074,1,0.7544991970062256,2,5,0,3,0.9710325002670288,0.5673983097076416,0.18710088729858398,0.2479802338305738,worker1->worker3->worker2,worker1,worker2,0,0.27784276008605957,0.20810508728027344,0.0814504623413086
model_0,1075,1,0.3842289447784424,9,9,1,0,0.9978958368301392,0.29910778999328613,0.08512115478515625,0.22153759091272937,worker1,worker1,worker1,0,0.29910778999328613,0.0,0.0
model_0,1076,1,0.7847850322723389,3,7,0,3,0.5183281898498535,0.591503381729126,0.1932816505432129,0.2462861071439747,worker1->worker3->worker2,worker1,worker2,0,0.286454439163208,0.18945646286010742,0.11559247970581055
model_0,1077,1,0.38872766494750977,4,0,0,1,0.8116182684898376,0.2831761837005615,0.10555148124694824,0.2715306646909243,worker1,worker1,worker1,0,0.2831761837005615,0.0,0.0
model_0,1078,1,0.3628079891204834,7,7,1,1,0.8863346576690674,0.2776515483856201,0.08515644073486328,0.23471489958448527,worker1,worker1,worker1,0,0.2776515483856201,0.0,0.0
model_0,1079,1,0.27457261085510254,8,0,0,0,0.8834060430526733,0.18848919868469238,0.08608341217041016,0.3135178410633175,worker1,worker1,worker1,0,0.18848919868469238,0.0,0.0
model_0,1080,1,0.3343985080718994,9,8,0,0,0.8753641247749329,0.1898362636566162,0.1445622444152832,0.4323052912191842,worker1,worker1,worker1,0,0.1898362636566162,0.0,0.0
model_0,1081,1,0.3798820972442627,4,3,0,1,0.7051272392272949,0.2808198928833008,0.09906220436096191,0.2607709209767401,worker1,worker1,worker1,0,0.2808198928833008,0.0,0.0
model_0,1082,1,0.7929232120513916,6,2,0,3,0.8567700982093811,0.6164164543151855,0.17650675773620605,0.222602586295287,worker1->worker3->worker2,worker1,worker2,0,0.27472877502441406,0.25774097442626953,0.08394670486450195
model_0,1083,1,0.39972472190856934,9,9,1,0,0.9836657643318176,0.2859370708465576,0.11378765106201172,0.28466503277232585,worker1,worker1,worker1,0,0.2859370708465576,0.0,0.0
model_0,1084,1,0.3707590103149414,0,0,1,1,0.9834970235824585,0.2852609157562256,0.08549809455871582,0.2306028772870265,worker1,worker1,worker1,0,0.2852609157562256,0.0,0.0
model_0,1085,1,0.3630671501159668,6,6,1,1,0.9995731711387634,0.2758822441101074,0.08718490600585938,0.24013438279395907,worker1,worker1,worker1,0,0.2758822441101074,0.0,0.0
model_0,1086,1,0.2687835693359375,1,1,1,0,0.581649124622345,0.18525457382202148,0.08352899551391602,0.3107667470905478,worker1,worker1,worker1,0,0.18525457382202148,0.0,0.0
model_0,1087,1,0.3631622791290283,3,5,0,1,0.5017152428627014,0.27872252464294434,0.08443975448608398,0.23251245886163,worker1,worker1,worker1,0,0.27872252464294434,0.0,0.0
model_0,1088,1,0.2706911563873291,7,7,1,0,0.9227778315544128,0.18744802474975586,0.08324313163757324,0.3075206916566625,worker1,worker1,worker1,0,0.18744802474975586,0.0,0.0
model_0,1089,1,0.29047322273254395,4,7,0,0,0.854514479637146,0.18465757369995117,0.10581564903259277,0.3642871037721214,worker1,worker1,worker1,0,0.18465757369995117,0.0,0.0
model_0,1090,1,0.29422473907470703,8,8,1,0,0.843482255935669,0.18863463401794434,0.1055901050567627,0.35887568594275193,worker1,worker1,worker1,0,0.18863463401794434,0.0,0.0
model_0,1091,1,0.3928554058074951,9,1,0,1,0.9863770604133606,0.27559399604797363,0.11726140975952148,0.2984849082539577,worker1,worker1,worker1,0,0.27559399604797363,0.0,0.0
model_0,1092,1,0.2699556350708008,7,3,0,0,0.6617220044136047,0.18572354316711426,0.08423209190368652,0.31202198050651964,worker1,worker1,worker1,0,0.18572354316711426,0.0,0.0
model_0,1093,1,0.36086606979370117,3,6,0,1,0.6629179120063782,0.27807188034057617,0.082794189453125,0.2294319039206333,worker1,worker1,worker1,0,0.27807188034057617,0.0,0.0
model_0,1094,1,0.2740495204925537,0,0,1,0,0.7024660110473633,0.1905515193939209,0.08349800109863281,0.30468216455391156,worker1,worker1,worker1,0,0.1905515193939209,0.0,0.0
model_0,1095,1,0.31978416442871094,0,0,1,0,0.971518874168396,0.18514156341552734,0.1346426010131836,0.42104211524582635,worker1,worker1,worker1,0,0.18514156341552734,0.0,0.0
model_0,1096,1,0.2716798782348633,6,2,0,0,0.9880924820899963,0.18644285202026367,0.08523702621459961,0.3137406670247159,worker1,worker1,worker1,0,0.18644285202026367,0.0,0.0
model_0,1097,1,0.2705800533294678,9,9,1,0,0.9332363605499268,0.18418049812316895,0.08639955520629883,0.3193123592931505,worker1,worker1,worker1,0,0.18418049812316895,0.0,0.0
model_0,1098,1,0.5287809371948242,7,7,1,2,0.907333254814148,0.3654773235321045,0.16330361366271973,0.3088303722313501,worker1->worker3,worker1,worker3,0,0.27422285079956055,0.0,0.09125447273254395
model_0,1099,1,0.34742093086242676,9,9,1,0,0.9793105721473694,0.25849151611328125,0.08892941474914551,0.25597022760945903,worker1,worker1,worker1,0,0.25849151611328125,0.0,0.0
model_0,1100,1,0.38000965118408203,6,6,1,1,0.9214590191841125,0.2746143341064453,0.10539531707763672,0.27734905350227995,worker1,worker1,worker1,0,0.2746143341064453,0.0,0.0
model_0,1101,1,0.2693631649017334,9,8,0,0,0.7576673626899719,0.18599891662597656,0.08336424827575684,0.30948644483802756,worker1,worker1,worker1,0,0.18599891662597656,0.0,0.0
model_0,1102,1,0.32422471046447754,7,7,1,0,0.5966354012489319,0.1863386631011963,0.13788604736328125,0.4252792674739337,worker1,worker1,worker1,0,0.1863386631011963,0.0,0.0
model_0,1103,1,0.3925313949584961,8,8,1,1,0.9793621301651001,0.27895188331604004,0.11357951164245605,0.2893514075592992,worker1,worker1,worker1,0,0.27895188331604004,0.0,0.0
model_0,1104,1,0.7279117107391357,6,1,0,3,0.5000132322311401,0.5524046421051025,0.1755070686340332,0.24111037924615872,worker1->worker3->worker2,worker1,worker2,0,0.27465200424194336,0.19511127471923828,0.0826413631439209
model_0,1105,1,0.9119653701782227,4,2,0,3,0.533494770526886,0.72383713722229,0.18812823295593262,0.20628879024119884,worker1->worker3->worker2,worker1,worker2,0,0.4022791385650635,0.23568487167358398,0.08587312698364258
model_0,1106,1,0.40941739082336426,6,6,1,0,0.7273893356323242,0.31258654594421387,0.09683084487915039,0.23650887101893117,worker1,worker1,worker1,0,0.31258654594421387,0.0,0.0
model_0,1107,1,0.3679201602935791,3,3,1,1,0.8593601584434509,0.2818620204925537,0.08605813980102539,0.23390438765942032,worker1,worker1,worker1,0,0.2818620204925537,0.0,0.0
model_0,1108,1,0.5005695819854736,6,2,0,2,0.8181082606315613,0.3613274097442627,0.13924217224121094,0.2781674661271202,worker1->worker3,worker1,worker3,0,0.2794523239135742,0.0,0.08187508583068848
model_0,1109,1,0.38082218170166016,6,3,0,0,0.9381171464920044,0.29428839683532715,0.08653378486633301,0.22722884596602733,worker1,worker1,worker1,0,0.29428839683532715,0.0,0.0
model_0,1110,1,0.3266477584838867,1,1,1,0,0.9990144968032837,0.18716025352478027,0.13948750495910645,0.42702728347663604,worker1,worker1,worker1,0,0.18716025352478027,0.0,0.0
model_0,1111,1,0.2765319347381592,1,1,1,0,0.9246490001678467,0.18211841583251953,0.09441351890563965,0.3414199484592524,worker1,worker1,worker1,0,0.18211841583251953,0.0,0.0
model_0,1112,1,0.3932986259460449,2,2,1,1,0.8304580450057983,0.28530120849609375,0.10799741744995117,0.27459393530850246,worker1,worker1,worker1,0,0.28530120849609375,0.0,0.0
model_0,1113,1,0.26786088943481445,0,0,1,0,0.8984084725379944,0.18319439888000488,0.08466649055480957,0.3160838102697843,worker1,worker1,worker1,0,0.18319439888000488,0.0,0.0
model_0,1114,1,0.36484360694885254,9,9,1,1,0.9989514350891113,0.27431678771972656,0.09052681922912598,0.24812499795787005,worker1,worker1,worker1,0,0.27431678771972656,0.0,0.0
model_0,1115,1,0.3633997440338135,6,6,1,1,0.9372270107269287,0.27547383308410645,0.08792591094970703,0.24195369532655955,worker1,worker1,worker1,0,0.27547383308410645,0.0,0.0
model_0,1116,1,0.363844633102417,4,2,0,1,0.971738338470459,0.27867722511291504,0.08516740798950195,0.2340763068656521,worker1,worker1,worker1,0,0.27867722511291504,0.0,0.0
model_0,1117,1,0.27929258346557617,9,9,1,0,0.9939654469490051,0.18860673904418945,0.09068584442138672,0.3246983621839141,worker1,worker1,worker1,0,0.18860673904418945,0.0,0.0
model_0,1118,1,0.36762428283691406,2,8,0,1,0.8176841139793396,0.2741281986236572,0.09349608421325684,0.2543251046741482,worker1,worker1,worker1,0,0.2741281986236572,0.0,0.0
model_0,1119,1,0.3206610679626465,0,0,1,0,0.7797307968139648,0.1822190284729004,0.1384420394897461,0.4317394698687684,worker1,worker1,worker1,0,0.1822190284729004,0.0,0.0
model_0,1120,1,0.36368513107299805,0,0,1,1,0.9500182271003723,0.27475643157958984,0.0889286994934082,0.2445211307678087,worker1,worker1,worker1,0,0.27475643157958984,0.0,0.0
model_0,1121,1,0.2766096591949463,5,5,1,0,0.8806992173194885,0.18744564056396484,0.08916401863098145,0.3223460051629697,worker1,worker1,worker1,0,0.18744564056396484,0.0,0.0
model_0,1122,1,0.3264627456665039,5,3,0,0,0.5385247468948364,0.1817936897277832,0.1446690559387207,0.44314108687460013,worker1,worker1,worker1,0,0.1817936897277832,0.0,0.0
model_0,1123,1,0.36708927154541016,4,4,1,1,0.7440780401229858,0.2775156497955322,0.08957362174987793,0.2440104592890489,worker1,worker1,worker1,0,0.2775156497955322,0.0,0.0
model_0,1124,1,0.32660961151123047,1,1,1,0,0.9998319149017334,0.1820814609527588,0.14452815055847168,0.44251040221914006,worker1,worker1,worker1,0,0.1820814609527588,0.0,0.0
model_0,1125,1,0.27030372619628906,7,7,1,0,0.9302710890769958,0.18306970596313477,0.0872340202331543,0.32272592561231184,worker1,worker1,worker1,0,0.18306970596313477,0.0,0.0
model_0,1126,1,0.8409256935119629,8,4,0,3,0.37842434644699097,0.6130959987640381,0.2278296947479248,0.2709272608813251,worker1->worker3->worker2,worker1,worker2,0,0.2751646041870117,0.23289036750793457,0.1050410270690918
model_0,1127,1,0.33217382431030273,3,3,1,0,0.8701130151748657,0.2432849407196045,0.08888888359069824,0.26759749590522225,worker1,worker1,worker1,0,0.2432849407196045,0.0,0.0
model_0,1128,1,0.3764815330505371,6,2,0,1,0.9012580513954163,0.28879761695861816,0.08768391609191895,0.23290363110625315,worker1,worker1,worker1,0,0.28879761695861816,0.0,0.0
model_0,1129,1,0.28661108016967773,6,6,1,0,0.9430091977119446,0.18374943733215332,0.10286164283752441,0.3588892752388669,worker1,worker1,worker1,0,0.18374943733215332,0.0,0.0
model_0,1130,1,0.26973795890808105,9,9,1,0,0.9976686835289001,0.1835336685180664,0.08620429039001465,0.3195853143509201,worker1,worker1,worker1,0,0.1835336685180664,0.0,0.0
model_0,1131,1,0.26833581924438477,8,8,1,0,0.9305132627487183,0.18396925926208496,0.0843665599822998,0.31440662756045856,worker1,worker1,worker1,0,0.18396925926208496,0.0,0.0
model_0,1132,1,0.28871893882751465,8,8,1,0,0.984413743019104,0.18164658546447754,0.10707235336303711,0.370853238093272,worker1,worker1,worker1,0,0.18164658546447754,0.0,0.0
model_0,1133,1,0.2756059169769287,8,8,1,0,0.9390674829483032,0.18927550315856934,0.08633041381835938,0.31323860810138626,worker1,worker1,worker1,0,0.18927550315856934,0.0,0.0
model_0,1134,1,0.5120418071746826,2,5,0,2,0.8642203211784363,0.3717939853668213,0.14024782180786133,0.27389916183155705,worker1->worker3,worker1,worker3,0,0.284029483795166,0.0,0.08776450157165527
model_0,1135,1,0.37705349922180176,8,8,1,0,0.9877346158027649,0.28800010681152344,0.08905339241027832,0.23618237887746707,worker1,worker1,worker1,0,0.28800010681152344,0.0,0.0
model_0,1136,1,0.27474188804626465,4,4,1,0,0.9645751118659973,0.18564796447753906,0.08909392356872559,0.32428227163425033,worker1,worker1,worker1,0,0.18564796447753906,0.0,0.0
model_0,1137,1,0.362839937210083,8,0,0,1,0.8552473187446594,0.27467966079711914,0.08816027641296387,0.24297291276930022,worker1,worker1,worker1,0,0.27467966079711914,0.0,0.0
model_0,1138,1,0.3669395446777344,3,1,0,1,0.7001277804374695,0.27801942825317383,0.08892011642456055,0.2423290640496512,worker1,worker1,worker1,0,0.27801942825317383,0.0,0.0
model_0,1139,1,0.2668881416320801,4,2,0,0,0.928222119808197,0.18310761451721191,0.08378052711486816,0.3139162594581074,worker1,worker1,worker1,0,0.18310761451721191,0.0,0.0
model_0,1140,1,0.3725285530090332,6,6,1,1,0.5707831382751465,0.2744150161743164,0.0981135368347168,0.2633718571159771,worker1,worker1,worker1,0,0.2744150161743164,0.0,0.0
model_0,1141,1,0.27739620208740234,9,9,1,0,0.9927269220352173,0.19295382499694824,0.0844423770904541,0.3044107181534082,worker1,worker1,worker1,0,0.19295382499694824,0.0,0.0
model_0,1142,1,0.4286830425262451,4,4,1,1,0.9998061060905457,0.28407740592956543,0.1446056365966797,0.3373253015666617,worker1,worker1,worker1,0,0.28407740592956543,0.0,0.0
model_0,1143,1,0.5437526702880859,4,4,1,2,0.9804953932762146,0.3927276134490967,0.15102505683898926,0.2777458669931213,worker1->worker3,worker1,worker3,0,0.2794647216796875,0.0,0.11326289176940918
model_0,1144,1,0.35223841667175293,0,8,0,0,0.7103809118270874,0.2642803192138672,0.08795809745788574,0.2497118238521181,worker1,worker1,worker1,0,0.2642803192138672,0.0,0.0
model_0,1145,1,0.29337215423583984,2,2,1,0,0.7667313814163208,0.18359661102294922,0.10977554321289062,0.3741852852354993,worker1,worker1,worker1,0,0.18359661102294922,0.0,0.0
model_0,1146,1,0.30472636222839355,8,0,0,0,0.805066704750061,0.18687868118286133,0.11784768104553223,0.3867328057334434,worker1,worker1,worker1,0,0.18687868118286133,0.0,0.0
model_0,1147,1,0.4056692123413086,1,1,1,1,0.9988365769386292,0.27776360511779785,0.12790560722351074,0.3152953276520717,worker1,worker1,worker1,0,0.27776360511779785,0.0,0.0
model_0,1148,1,0.3552563190460205,3,3,1,1,0.8528075218200684,0.2710428237915039,0.0842134952545166,0.23704995728339864,worker1,worker1,worker1,0,0.2710428237915039,0.0,0.0
model_0,1149,1,0.3612842559814453,7,7,1,1,0.9886136054992676,0.27579355239868164,0.08549070358276367,0.23663002792779952,worker1,worker1,worker1,0,0.27579355239868164,0.0,0.0
model_0,1150,1,0.26592183113098145,3,3,1,0,0.7481593489646912,0.18245840072631836,0.08346343040466309,0.31386452947352284,worker1,worker1,worker1,0,0.18245840072631836,0.0,0.0
model_0,1151,1,0.27013087272644043,7,9,0,0,0.9097853899002075,0.1870427131652832,0.08308815956115723,0.307584833686522,worker1,worker1,worker1,0,0.1870427131652832,0.0,0.0
model_0,1152,1,0.2708280086517334,5,5,1,0,0.941534161567688,0.1870725154876709,0.0837554931640625,0.3092571317901112,worker1,worker1,worker1,0,0.1870725154876709,0.0,0.0
model_0,1153,1,0.5029702186584473,4,4,1,2,0.9998832941055298,0.36397790908813477,0.1389923095703125,0.27634302074791073,worker1->worker3,worker1,worker3,0,0.28058576583862305,0.0,0.08339214324951172
model_0,1154,1,0.3648645877838135,1,1,1,0,0.5655525922775269,0.2797257900238037,0.08513879776000977,0.23334354884134575,worker1,worker1,worker1,0,0.2797257900238037,0.0,0.0
model_0,1155,1,0.27386474609375,6,6,1,0,0.9870360493659973,0.18727993965148926,0.08658480644226074,0.31615900796746155,worker1,worker1,worker1,0,0.18727993965148926,0.0,0.0
model_0,1156,1,0.27509593963623047,7,7,1,0,0.943378746509552,0.19192743301391602,0.08316850662231445,0.30232546046405206,worker1,worker1,worker1,0,0.19192743301391602,0.0,0.0
model_0,1157,1,0.27669382095336914,1,1,1,0,0.9960910677909851,0.1916487216949463,0.08504509925842285,0.3073617580811658,worker1,worker1,worker1,0,0.1916487216949463,0.0,0.0
model_0,1158,1,0.5305025577545166,8,0,0,2,0.7383798360824585,0.38708996772766113,0.14341259002685547,0.2703334563246684,worker1->worker3,worker1,worker3,0,0.2848823070526123,0.0,0.10220766067504883
model_0,1159,1,0.48861169815063477,7,7,1,1,0.9968055486679077,0.40340375900268555,0.08520793914794922,0.1743878410411704,worker1,worker1,worker1,0,0.40340375900268555,0.0,0.0
model_0,1160,1,0.7354106903076172,4,4,1,3,0.43469542264938354,0.5501101016998291,0.18530058860778809,0.2519688536622688,worker1->worker3->worker2,worker1,worker2,0,0.27656984329223633,0.19144153594970703,0.08209872245788574
model_0,1161,1,0.4896378517150879,3,5,0,1,0.8653219938278198,0.40027928352355957,0.08935856819152832,0.18249930612702014,worker1,worker1,worker1,0,0.40027928352355957,0.0,0.0
model_0,1162,1,0.3286457061767578,9,9,1,0,0.9998146891593933,0.1841275691986084,0.14451813697814941,0.43973839993035607,worker1,worker1,worker1,0,0.1841275691986084,0.0,0.0
model_0,1163,1,0.509376049041748,5,5,1,2,0.7554404139518738,0.3610494136810303,0.14832663536071777,0.29119279487081073,worker1->worker3,worker1,worker3,0,0.2780630588531494,0.0,0.08298635482788086
model_0,1164,1,0.4004995822906494,2,0,0,0,0.8143200278282166,0.29052305221557617,0.10997653007507324,0.27459836398845827,worker1,worker1,worker1,0,0.29052305221557617,0.0,0.0
model_0,1165,1,0.36924028396606445,9,9,1,1,0.9995386600494385,0.2811923027038574,0.08804798126220703,0.23845713776533442,worker1,worker1,worker1,0,0.2811923027038574,0.0,0.0
model_0,1166,1,0.3663179874420166,6,2,0,1,0.8056866526603699,0.2789881229400635,0.08732986450195312,0.2383990617326055,worker1,worker1,worker1,0,0.2789881229400635,0.0,0.0
model_0,1167,1,0.3583371639251709,7,7,1,1,0.950785756111145,0.27495741844177246,0.08337974548339844,0.23268517440409853,worker1,worker1,worker1,0,0.27495741844177246,0.0,0.0
model_0,1168,1,0.2762894630432129,0,0,1,0,0.6934736371040344,0.19031071662902832,0.08597874641418457,0.3111908267045896,worker1,worker1,worker1,0,0.19031071662902832,0.0,0.0
model_0,1169,1,0.36879396438598633,1,1,1,1,0.902215838432312,0.28452491760253906,0.08426904678344727,0.22849898567008484,worker1,worker1,worker1,0,0.28452491760253906,0.0,0.0
model_0,1170,1,0.2786252498626709,9,9,1,0,0.8581838607788086,0.1885695457458496,0.09005570411682129,0.323214440045215,worker1,worker1,worker1,0,0.1885695457458496,0.0,0.0
model_0,1171,1,0.28170156478881836,8,0,0,0,0.6154959201812744,0.18768668174743652,0.09401488304138184,0.3337392999994922,worker1,worker1,worker1,0,0.18768668174743652,0.0,0.0
model_0,1172,1,0.2861931324005127,5,5,1,0,0.8179870843887329,0.19588947296142578,0.09030365943908691,0.31553398462654775,worker1,worker1,worker1,0,0.19588947296142578,0.0,0.0
model_0,1173,1,0.3905174732208252,3,3,1,1,0.984432578086853,0.2872025966644287,0.10331487655639648,0.26455890873281157,worker1,worker1,worker1,0,0.2872025966644287,0.0,0.0
model_0,1174,1,0.2770102024078369,9,1,0,0,0.9911419153213501,0.19045352935791016,0.08655667304992676,0.31246745534119713,worker1,worker1,worker1,0,0.19045352935791016,0.0,0.0
model_0,1175,1,0.833442211151123,7,7,1,3,0.5628053545951843,0.5901563167572021,0.2432858943939209,0.29190493490592756,worker1->worker3->worker2,worker1,worker2,0,0.2834322452545166,0.1903986930847168,0.11632537841796875
model_0,1176,1,0.3986210823059082,5,3,0,0,0.6745519638061523,0.2921168804168701,0.10650420188903809,0.2671815581678268,worker1,worker1,worker1,0,0.2921168804168701,0.0,0.0
model_0,1177,1,0.28484511375427246,0,1,0,0,0.8130422234535217,0.19145798683166504,0.09338712692260742,0.3278523043339608,worker1,worker1,worker1,0,0.19145798683166504,0.0,0.0
model_0,1178,1,0.3757338523864746,4,4,1,1,0.7168759703636169,0.2767672538757324,0.09896659851074219,0.2633954802905183,worker1,worker1,worker1,0,0.2767672538757324,0.0,0.0
model_0,1179,1,0.3641986846923828,7,7,1,1,0.9341107606887817,0.2735922336578369,0.0906064510345459,0.24878302652596299,worker1,worker1,worker1,0,0.2735922336578369,0.0,0.0
model_0,1180,1,0.2733495235443115,7,7,1,0,0.9689707159996033,0.18842697143554688,0.08492255210876465,0.31067386182949835,worker1,worker1,worker1,0,0.18842697143554688,0.0,0.0
model_0,1181,1,0.2746744155883789,7,7,1,0,0.8515960574150085,0.18607616424560547,0.08859825134277344,0.32255734904536887,worker1,worker1,worker1,0,0.18607616424560547,0.0,0.0
model_0,1182,1,0.3657867908477783,3,3,1,1,0.9988152980804443,0.2778959274291992,0.0878908634185791,0.24027894286416362,worker1,worker1,worker1,0,0.2778959274291992,0.0,0.0
model_0,1183,1,0.2925441265106201,4,3,0,0,0.97390216588974,0.18461012840270996,0.10793399810791016,0.3689494620702695,worker1,worker1,worker1,0,0.18461012840270996,0.0,0.0
model_0,1184,1,0.7591278553009033,0,0,1,3,0.592857837677002,0.577007532119751,0.18212032318115234,0.2399073119362264,worker1->worker3->worker2,worker1,worker2,0,0.2807028293609619,0.21163296699523926,0.0846717357635498
model_0,1185,1,0.28936195373535156,7,7,1,0,0.9883291721343994,0.2021479606628418,0.08721399307250977,0.3014010375126064,worker1,worker1,worker1,0,0.2021479606628418,0.0,0.0
model_0,1186,1,0.2814667224884033,5,5,1,0,0.750403642654419,0.19013381004333496,0.09133291244506836,0.32448920297791634,worker1,worker1,worker1,0,0.19013381004333496,0.0,0.0
model_0,1187,1,0.40117478370666504,7,7,1,1,0.9488661885261536,0.27828335762023926,0.12289142608642578,0.30632888974468236,worker1,worker1,worker1,0,0.27828335762023926,0.0,0.0
model_0,1188,1,0.2667114734649658,8,1,0,0,0.9917318820953369,0.18300342559814453,0.08370804786682129,0.3138524442887038,worker1,worker1,worker1,0,0.18300342559814453,0.0,0.0
model_0,1189,1,0.2859039306640625,9,9,1,0,0.9981032609939575,0.19660234451293945,0.08930158615112305,0.3123482281048193,worker1,worker1,worker1,0,0.19660234451293945,0.0,0.0
model_0,1190,1,0.3596785068511963,1,1,1,1,0.9392036199569702,0.2764890193939209,0.08318948745727539,0.2312884586447974,worker1,worker1,worker1,0,0.2764890193939209,0.0,0.0
model_0,1191,1,0.3605947494506836,3,2,0,1,0.6966888308525085,0.2763252258300781,0.08426952362060547,0.23369592527062158,worker1,worker1,worker1,0,0.2763252258300781,0.0,0.0
model_0,1192,1,0.4146733283996582,3,6,0,1,0.5274255275726318,0.27375030517578125,0.14092302322387695,0.3398410593894206,worker1,worker1,worker1,0,0.27375030517578125,0.0,0.0
model_0,1193,1,0.4307093620300293,3,5,0,1,0.765330970287323,0.30324625968933105,0.12746310234069824,0.2959376172831169,worker1,worker1,worker1,0,0.30324625968933105,0.0,0.0
model_0,1194,1,0.275620698928833,8,8,1,0,0.9786591529846191,0.18534469604492188,0.09027600288391113,0.32753709440095774,worker1,worker1,worker1,0,0.18534469604492188,0.0,0.0
model_0,1195,1,0.37974977493286133,0,0,1,1,0.9724788069725037,0.2885003089904785,0.09124946594238281,0.24028840032496518,worker1,worker1,worker1,0,0.2885003089904785,0.0,0.0
model_0,1196,1,0.2701547145843506,3,5,0,0,0.5163794755935669,0.18543648719787598,0.08471822738647461,0.31359151927745826,worker1,worker1,worker1,0,0.18543648719787598,0.0,0.0
model_0,1197,1,0.27488231658935547,3,3,1,0,0.9518428444862366,0.18683862686157227,0.0880436897277832,0.3202959390774889,worker1,worker1,worker1,0,0.18683862686157227,0.0,0.0
model_0,1198,1,0.28267765045166016,0,9,0,0,0.8126785159111023,0.19341015815734863,0.08926749229431152,0.3157925366638665,worker1,worker1,worker1,0,0.19341015815734863,0.0,0.0
model_0,1199,1,0.267423152923584,4,4,1,0,0.7529715299606323,0.18456697463989258,0.0828561782836914,0.3098317306406432,worker1,worker1,worker1,0,0.18456697463989258,0.0,0.0
model_0,1200,1,0.5355558395385742,2,2,1,2,0.9981995820999146,0.392561674118042,0.14299416542053223,0.2670014121099558,worker1->worker3,worker1,worker3,0,0.27998876571655273,0.0,0.11257290840148926
model_0,1201,1,0.3986971378326416,1,1,1,0,0.7699329853057861,0.3116450309753418,0.0870521068572998,0.21834143914482043,worker1,worker1,worker1,0,0.3116450309753418,0.0,0.0
model_0,1202,1,0.44161128997802734,5,5,1,1,0.7682267427444458,0.2992420196533203,0.14236927032470703,0.3223859388463341,worker1,worker1,worker1,0,0.2992420196533203,0.0,0.0
model_0,1203,1,0.36534547805786133,0,0,1,1,0.9196826219558716,0.2806572914123535,0.08468818664550781,0.23180302407382028,worker1,worker1,worker1,0,0.2806572914123535,0.0,0.0
model_0,1204,1,0.2715122699737549,3,3,1,0,0.8117325305938721,0.18508076667785645,0.08643150329589844,0.31833369189632993,worker1,worker1,worker1,0,0.18508076667785645,0.0,0.0
model_0,1205,1,0.28226613998413086,9,9,1,0,0.9568468332290649,0.19851040840148926,0.0837557315826416,0.2967261024908988,worker1,worker1,worker1,0,0.19851040840148926,0.0,0.0
model_0,1206,1,0.2844712734222412,6,6,1,0,0.7736492156982422,0.18758749961853027,0.09688377380371094,0.3405748940417832,worker1,worker1,worker1,0,0.18758749961853027,0.0,0.0
model_0,1207,1,0.3663039207458496,3,3,1,1,0.9654654860496521,0.277599573135376,0.08870434761047363,0.2421605191390207,worker1,worker1,worker1,0,0.277599573135376,0.0,0.0
model_0,1208,1,0.3793914318084717,5,5,1,1,0.7987808585166931,0.2763800621032715,0.1030113697052002,0.27151738565673106,worker1,worker1,worker1,0,0.2763800621032715,0.0,0.0
model_0,1209,1,0.4224207401275635,3,3,1,1,0.9995688796043396,0.280397891998291,0.14202284812927246,0.3362118254098606,worker1,worker1,worker1,0,0.280397891998291,0.0,0.0
model_0,1210,1,0.30377817153930664,8,8,1,0,0.5340859889984131,0.1808304786682129,0.12294769287109375,0.4047285301906073,worker1,worker1,worker1,0,0.1808304786682129,0.0,0.0
model_0,1211,1,0.28518033027648926,9,9,1,0,0.9112480878829956,0.19110107421875,0.09407925605773926,0.32989391647918753,worker1,worker1,worker1,0,0.19110107421875,0.0,0.0
model_0,1212,1,0.2745625972747803,7,7,1,0,0.8513649702072144,0.19067168235778809,0.08389091491699219,0.3055438568460028,worker1,worker1,worker1,0,0.19067168235778809,0.0,0.0
model_0,1213,1,0.2744719982147217,6,6,1,0,0.783084511756897,0.18912792205810547,0.08534407615661621,0.3109391002059556,worker1,worker1,worker1,0,0.18912792205810547,0.0,0.0
model_0,1214,1,0.3690500259399414,0,8,0,1,0.6513670086860657,0.28305768966674805,0.08599233627319336,0.23300997216888858,worker1,worker1,worker1,0,0.28305768966674805,0.0,0.0
model_0,1215,1,0.27635955810546875,4,4,1,0,0.9268711805343628,0.18597722053527832,0.09038233757019043,0.3270461792231455,worker1,worker1,worker1,0,0.18597722053527832,0.0,0.0
model_0,1216,1,0.2753920555114746,9,9,1,0,0.9880130290985107,0.18903088569641113,0.08636116981506348,0.31359354086910146,worker1,worker1,worker1,0,0.18903088569641113,0.0,0.0
model_0,1217,1,0.5425469875335693,4,4,1,2,0.6938235759735107,0.39601707458496094,0.1465299129486084,0.27007782978343803,worker1->worker3,worker1,worker3,0,0.27773094177246094,0.0,0.1182861328125
model_0,1218,1,0.6222398281097412,8,8,1,2,0.986078143119812,0.48168396949768066,0.14055585861206055,0.22588695268678854,worker1->worker3,worker1,worker3,0,0.39641571044921875,0.0,0.08526825904846191
model_0,1219,1,0.3016378879547119,6,1,0,0,0.9726765751838684,0.21379899978637695,0.08783888816833496,0.2912064156261535,worker1,worker1,worker1,0,0.21379899978637695,0.0,0.0
model_0,1220,1,0.2680821418762207,1,1,1,0,0.9625325798988342,0.18517065048217773,0.08291149139404297,0.30927644345786,worker1,worker1,worker1,0,0.18517065048217773,0.0,0.0
model_0,1221,1,0.7655792236328125,9,9,1,3,0.5187700986862183,0.5454986095428467,0.22008061408996582,0.2874694183126383,worker1->worker3->worker2,worker1,worker2,0,0.275313138961792,0.19013285636901855,0.08005261421203613
model_0,1222,1,0.3981657028198242,0,0,1,0,0.9803082942962646,0.26618242263793945,0.13198328018188477,0.33147827461575496,worker1,worker1,worker1,0,0.26618242263793945,0.0,0.0
model_0,1223,1,0.2794005870819092,8,8,1,0,0.9662407040596008,0.19434666633605957,0.08505392074584961,0.30441568371119837,worker1,worker1,worker1,0,0.19434666633605957,0.0,0.0
model_0,1224,1,0.36103200912475586,2,2,1,1,0.8778849840164185,0.2751500606536865,0.08588194847106934,0.23787904202530843,worker1,worker1,worker1,0,0.2751500606536865,0.0,0.0
model_0,1225,1,0.2738070487976074,1,9,0,0,0.8763840794563293,0.1895740032196045,0.08423304557800293,0.30763651245613577,worker1,worker1,worker1,0,0.1895740032196045,0.0,0.0
model_0,1226,1,0.2766149044036865,3,3,1,0,0.5638755559921265,0.190399169921875,0.08621573448181152,0.31168144994815583,worker1,worker1,worker1,0,0.190399169921875,0.0,0.0
model_0,1227,1,0.3709683418273926,6,6,1,1,0.9832260012626648,0.284984827041626,0.0859835147857666,0.23178127373945503,worker1,worker1,worker1,0,0.284984827041626,0.0,0.0
model_0,1228,1,0.2774057388305664,3,2,0,0,0.8593250513076782,0.18890762329101562,0.08849811553955078,0.3190204929163472,worker1,worker1,worker1,0,0.18890762329101562,0.0,0.0
model_0,1229,1,0.300687313079834,1,1,1,0,0.9999858140945435,0.18628430366516113,0.11440300941467285,0.3804716874911789,worker1,worker1,worker1,0,0.18628430366516113,0.0,0.0
model_0,1230,1,0.3868238925933838,3,7,0,1,0.8185133934020996,0.2786269187927246,0.10819697380065918,0.2797060261073175,worker1,worker1,worker1,0,0.2786269187927246,0.0,0.0
model_0,1231,1,0.3670783042907715,0,0,1,1,0.9926597476005554,0.2824900150299072,0.08458828926086426,0.2304366351051351,worker1,worker1,worker1,0,0.2824900150299072,0.0,0.0
model_0,1232,1,0.27317142486572266,1,1,1,0,0.8549392819404602,0.18917155265808105,0.0839998722076416,0.30749875192448006,worker1,worker1,worker1,0,0.18917155265808105,0.0,0.0
model_0,1233,1,0.2679414749145508,6,6,1,0,0.9876320362091064,0.18525099754333496,0.08269047737121582,0.3086139516011347,worker1,worker1,worker1,0,0.18525099754333496,0.0,0.0
model_0,1234,1,0.2718188762664795,6,6,1,0,0.8063556551933289,0.18790340423583984,0.08391547203063965,0.3087183391501205,worker1,worker1,worker1,0,0.18790340423583984,0.0,0.0
model_0,1235,1,0.2722315788269043,9,9,1,0,0.9784696102142334,0.18797755241394043,0.08425402641296387,0.30949394914443756,worker1,worker1,worker1,0,0.18797755241394043,0.0,0.0
model_0,1236,1,0.8475642204284668,2,3,0,3,0.4397422671318054,0.589561939239502,0.25800228118896484,0.3044044037849281,worker1->worker3->worker2,worker1,worker2,0,0.28937435150146484,0.1840214729309082,0.1161661148071289
model_0,1237,1,0.49479079246520996,2,2,1,1,0.8392497301101685,0.3602578639984131,0.13453292846679688,0.2718986095042507,worker1,worker1,worker1,0,0.3602578639984131,0.0,0.0
model_0,1238,1,0.38259243965148926,8,8,1,1,0.9966607093811035,0.28664374351501465,0.09594869613647461,0.250785656464817,worker1,worker1,worker1,0,0.28664374351501465,0.0,0.0
model_0,1239,1,0.4338338375091553,9,8,0,1,0.9635308980941772,0.28275179862976074,0.15108203887939453,0.3482486284307093,worker1,worker1,worker1,0,0.28275179862976074,0.0,0.0
model_0,1240,1,0.3899655342102051,4,3,0,1,0.5265139937400818,0.28334784507751465,0.10661768913269043,0.27340285173822504,worker1,worker1,worker1,0,0.28334784507751465,0.0,0.0
model_0,1241,1,0.3971390724182129,3,3,1,1,0.9357507824897766,0.2800107002258301,0.11712837219238281,0.2949303665317502,worker1,worker1,worker1,0,0.2800107002258301,0.0,0.0
model_0,1242,1,0.32892680168151855,7,7,1,0,0.9997122883796692,0.18759822845458984,0.1413285732269287,0.4296657265520408,worker1,worker1,worker1,0,0.18759822845458984,0.0,0.0
model_0,1243,1,0.5046558380126953,2,2,1,2,0.7124965190887451,0.3648984432220459,0.13975739479064941,0.27693605079653044,worker1->worker3,worker1,worker3,0,0.28376293182373047,0.0,0.08113551139831543
model_0,1244,1,0.38881683349609375,5,5,1,0,0.8876148462295532,0.30422306060791016,0.0845937728881836,0.21756715656456646,worker1,worker1,worker1,0,0.30422306060791016,0.0,0.0
model_0,1245,1,0.4289062023162842,4,4,1,1,0.8876578211784363,0.28929638862609863,0.13960981369018555,0.3255019697459036,worker1,worker1,worker1,0,0.28929638862609863,0.0,0.0
model_0,1246,1,0.3603959083557129,5,5,1,1,0.9914162755012512,0.27649402618408203,0.08390188217163086,0.2328047578409775,worker1,worker1,worker1,0,0.27649402618408203,0.0,0.0
model_0,1247,1,0.3204014301300049,8,8,1,0,0.9999672174453735,0.181351900100708,0.13904953002929688,0.43398536009304534,worker1,worker1,worker1,0,0.181351900100708,0.0,0.0
model_0,1248,1,0.26630592346191406,4,4,1,0,0.8292231559753418,0.1826467514038086,0.08365917205810547,0.3141468690240007,worker1,worker1,worker1,0,0.1826467514038086,0.0,0.0
model_0,1249,1,0.27027130126953125,6,6,1,0,0.9261679649353027,0.18676137924194336,0.08350992202758789,0.30898553281580804,worker1,worker1,worker1,0,0.18676137924194336,0.0,0.0
model_0,1250,1,0.26651883125305176,9,9,1,0,0.9327276349067688,0.18316388130187988,0.08335494995117188,0.3127544480038216,worker1,worker1,worker1,0,0.18316388130187988,0.0,0.0
model_0,1251,1,0.3635716438293457,6,6,1,1,0.7209840416908264,0.28029298782348633,0.08327865600585938,0.22905707147213314,worker1,worker1,worker1,0,0.28029298782348633,0.0,0.0
model_0,1252,1,0.2958996295928955,7,7,1,0,0.8988847136497498,0.1867537498474121,0.1091458797454834,0.3688611570607521,worker1,worker1,worker1,0,0.1867537498474121,0.0,0.0
model_0,1253,1,0.27594780921936035,0,2,0,0,0.6834837198257446,0.18999791145324707,0.08594989776611328,0.3114715714151177,worker1,worker1,worker1,0,0.18999791145324707,0.0,0.0
model_0,1254,1,0.30544519424438477,7,7,1,0,0.6546367406845093,0.18314146995544434,0.12230372428894043,0.40041135560013424,worker1,worker1,worker1,0,0.18314146995544434,0.0,0.0
model_0,1255,1,0.3067190647125244,0,0,1,0,0.7621073126792908,0.18869376182556152,0.11802530288696289,0.3847993700606231,worker1,worker1,worker1,0,0.18869376182556152,0.0,0.0
model_0,1256,1,0.31166577339172363,9,3,0,0,0.953395426273346,0.1871170997619629,0.12454867362976074,0.39962255808313973,worker1,worker1,worker1,0,0.1871170997619629,0.0,0.0
model_0,1257,1,0.3609497547149658,4,2,0,1,0.7129479646682739,0.27573108673095703,0.08521866798400879,0.23609565284593176,worker1,worker1,worker1,0,0.27573108673095703,0.0,0.0
model_0,1258,1,0.3723006248474121,9,9,1,1,0.9869575500488281,0.28686022758483887,0.08544039726257324,0.2294930267645699,worker1,worker1,worker1,0,0.28686022758483887,0.0,0.0
model_0,1259,1,0.2671215534210205,3,3,1,0,0.7258432507514954,0.18432879447937012,0.08279275894165039,0.30994413547437544,worker1,worker1,worker1,0,0.18432879447937012,0.0,0.0
model_0,1260,1,0.27186036109924316,9,9,1,0,0.6182548403739929,0.18921351432800293,0.08264684677124023,0.30400477082081795,worker1,worker1,worker1,0,0.18921351432800293,0.0,0.0
model_0,1261,1,0.2724330425262451,8,8,1,0,0.8947103023529053,0.18242573738098145,0.09000730514526367,0.33038321750781285,worker1,worker1,worker1,0,0.18242573738098145,0.0,0.0
model_0,1262,1,0.36612796783447266,3,3,1,1,0.9527536630630493,0.2763826847076416,0.08974528312683105,0.24511998812230895,worker1,worker1,worker1,0,0.2763826847076416,0.0,0.0
model_0,1263,1,0.541999101638794,8,8,1,2,0.9882510304450989,0.39670443534851074,0.1452946662902832,0.26807178434607876,worker1->worker3,worker1,worker3,0,0.2854030132293701,0.0,0.11130142211914062
model_0,1264,1,0.3047769069671631,8,8,1,0,0.9887287616729736,0.2185196876525879,0.0862572193145752,0.2830175690570566,worker1,worker1,worker1,0,0.2185196876525879,0.0,0.0
model_0,1265,1,0.2690925598144531,8,8,1,0,0.8606231808662415,0.1859581470489502,0.08313441276550293,0.3089435576473257,worker1,worker1,worker1,0,0.1859581470489502,0.0,0.0
model_0,1266,1,0.38617682456970215,3,3,1,1,0.5621190071105957,0.2841227054595947,0.10205411911010742,0.2642678498996446,worker1,worker1,worker1,0,0.2841227054595947,0.0,0.0
model_0,1267,1,0.4922773838043213,2,2,1,2,0.9016796350479126,0.35180139541625977,0.14047598838806152,0.28535941932262376,worker1->worker3,worker1,worker3,0,0.27099037170410156,0.0,0.0808110237121582
model_0,1268,1,0.46546483039855957,9,9,1,1,0.9967843294143677,0.38054656982421875,0.08491826057434082,0.18243754421065195,worker1,worker1,worker1,0,0.38054656982421875,0.0,0.0
model_0,1269,1,0.42026615142822266,1,1,1,1,0.9989879727363586,0.2772533893585205,0.14301276206970215,0.3402909360739401,worker1,worker1,worker1,0,0.2772533893585205,0.0,0.0
model_0,1270,1,0.27147698402404785,9,9,1,0,0.9729189276695251,0.1845238208770752,0.08695316314697266,0.3202966301528906,worker1,worker1,worker1,0,0.1845238208770752,0.0,0.0
model_0,1271,1,0.27359557151794434,9,9,1,0,0.9779179096221924,0.18922924995422363,0.0843663215637207,0.308361429593488,worker1,worker1,worker1,0,0.18922924995422363,0.0,0.0
model_0,1272,1,0.3659486770629883,5,3,0,1,0.877532958984375,0.2793152332305908,0.08663344383239746,0.2367365952179295,worker1,worker1,worker1,0,0.2793152332305908,0.0,0.0
model_0,1273,1,0.502770185470581,0,0,1,2,0.9095669984817505,0.3634166717529297,0.13935351371765137,0.2771713950922125,worker1->worker3,worker1,worker3,0,0.28313660621643066,0.0,0.08028006553649902
model_0,1274,1,0.5088434219360352,4,4,1,1,0.8674036860466003,0.4235973358154297,0.08524608612060547,0.16752911101073728,worker1,worker1,worker1,0,0.4235973358154297,0.0,0.0
model_0,1275,1,0.5245110988616943,5,5,1,2,0.9598168134689331,0.3763258457183838,0.14818525314331055,0.28252071970432174,worker1->worker3,worker1,worker3,0,0.28087544441223145,0.0,0.09545040130615234
model_0,1276,1,0.4841949939727783,5,3,0,1,0.5555516481399536,0.3982081413269043,0.08598685264587402,0.17758724009176405,worker1,worker1,worker1,0,0.3982081413269043,0.0,0.0
model_0,1277,1,0.27129459381103516,0,0,1,0,0.9062394499778748,0.18493270874023438,0.08636188507080078,0.31833249552681625,worker1,worker1,worker1,0,0.18493270874023438,0.0,0.0
model_0,1278,1,0.3667261600494385,0,0,1,1,0.9637158513069153,0.2818431854248047,0.08488297462463379,0.2314614659973826,worker1,worker1,worker1,0,0.2818431854248047,0.0,0.0
model_0,1279,1,0.3651113510131836,8,0,0,1,0.6265208721160889,0.28052401542663574,0.08458733558654785,0.23167544737192663,worker1,worker1,worker1,0,0.28052401542663574,0.0,0.0
model_0,1280,1,0.3694491386413574,3,2,0,1,0.800550639629364,0.2852513790130615,0.0841977596282959,0.22790081454224428,worker1,worker1,worker1,0,0.2852513790130615,0.0,0.0
model_0,1281,1,0.3611581325531006,4,4,1,1,0.8532956838607788,0.2770264148712158,0.08413171768188477,0.232949808127372,worker1,worker1,worker1,0,0.2770264148712158,0.0,0.0
model_0,1282,1,0.5044629573822021,5,5,1,2,0.939880907535553,0.36423635482788086,0.1402266025543213,0.2779720502809481,worker1->worker3,worker1,worker3,0,0.2812778949737549,0.0,0.08295845985412598
model_0,1283,1,0.27510952949523926,3,3,1,0,0.956394612789154,0.18666958808898926,0.08843994140625,0.3214717482470212,worker1,worker1,worker1,0,0.18666958808898926,0.0,0.0
model_0,1284,1,0.27481651306152344,8,8,1,0,0.9736919403076172,0.19027256965637207,0.08454394340515137,0.3076377851654949,worker1,worker1,worker1,0,0.19027256965637207,0.0,0.0
model_0,1285,1,0.27578210830688477,1,1,1,0,0.8902543783187866,0.19218087196350098,0.08360123634338379,0.3031423497943312,worker1,worker1,worker1,0,0.19218087196350098,0.0,0.0
model_0,1286,1,0.2791709899902344,6,6,1,0,0.9895308017730713,0.19559168815612793,0.08357930183410645,0.2993839074648484,worker1,worker1,worker1,0,0.19559168815612793,0.0,0.0
model_0,1287,1,0.27495884895324707,4,4,1,0,0.9872719645500183,0.18602299690246582,0.08893585205078125,0.32345149970388315,worker1,worker1,worker1,0,0.18602299690246582,0.0,0.0
model_0,1288,1,0.3427467346191406,8,8,1,0,0.9525033235549927,0.1922149658203125,0.15053176879882812,0.43919242284276955,worker1,worker1,worker1,0,0.1922149658203125,0.0,0.0
model_0,1289,1,0.37926602363586426,6,6,1,1,0.9894847273826599,0.29064345359802246,0.0886225700378418,0.23366862443478167,worker1,worker1,worker1,0,0.29064345359802246,0.0,0.0
model_0,1290,1,0.27469754219055176,3,5,0,0,0.7679733037948608,0.1840381622314453,0.09065937995910645,0.3300334587493979,worker1,worker1,worker1,0,0.1840381622314453,0.0,0.0
model_0,1291,1,0.27104878425598145,8,8,1,0,0.9854570031166077,0.18728184700012207,0.08376693725585938,0.30904745610941003,worker1,worker1,worker1,0,0.18728184700012207,0.0,0.0
model_0,1292,1,0.274993896484375,2,3,0,0,0.756534993648529,0.19149255752563477,0.08350133895874023,0.303647971923205,worker1,worker1,worker1,0,0.19149255752563477,0.0,0.0
model_0,1293,1,0.2827608585357666,5,5,1,0,0.9048639535903931,0.192948579788208,0.0898122787475586,0.3176262768922035,worker1,worker1,worker1,0,0.192948579788208,0.0,0.0
model_0,1294,1,0.3471536636352539,6,6,1,0,0.8236836791038513,0.18746638298034668,0.15968728065490723,0.4599901927657225,worker1,worker1,worker1,0,0.18746638298034668,0.0,0.0
model_0,1295,1,0.37792444229125977,9,9,1,1,0.9771949648857117,0.29062891006469727,0.0872955322265625,0.230986732949348,worker1,worker1,worker1,0,0.29062891006469727,0.0,0.0
model_0,1296,1,0.2710723876953125,3,3,1,0,0.7035932540893555,0.18401837348937988,0.08705401420593262,0.32114674218969885,worker1,worker1,worker1,0,0.18401837348937988,0.0,0.0
model_0,1297,1,0.5448770523071289,3,3,1,2,0.780958890914917,0.3911552429199219,0.15372180938720703,0.2821220103440128,worker1->worker3,worker1,worker3,0,0.27983570098876953,0.0,0.11131954193115234
model_0,1298,1,0.39456844329833984,2,2,1,1,0.708611786365509,0.3072512149810791,0.08731722831726074,0.221298053101623,worker1,worker1,worker1,0,0.3072512149810791,0.0,0.0
model_0,1299,1,0.27175092697143555,8,8,1,0,0.7741789817810059,0.1846146583557129,0.08713626861572266,0.32064754879339114,worker1,worker1,worker1,0,0.1846146583557129,0.0,0.0
model_0,1300,1,0.2899589538574219,9,9,1,0,0.9227799773216248,0.2031998634338379,0.08675909042358398,0.29921162726447487,worker1,worker1,worker1,0,0.2031998634338379,0.0,0.0
model_0,1301,1,0.3775763511657715,8,8,1,1,0.9636366367340088,0.28873348236083984,0.08884286880493164,0.2352977577399332,worker1,worker1,worker1,0,0.28873348236083984,0.0,0.0
model_0,1302,1,0.512214183807373,2,2,1,2,0.989988386631012,0.3727757930755615,0.13943839073181152,0.272226726904247,worker1->worker3,worker1,worker3,0,0.2921900749206543,0.0,0.08058571815490723
model_0,1303,1,0.3679959774017334,0,0,1,0,0.5747271776199341,0.2830207347869873,0.0849752426147461,0.23091350947562242,worker1,worker1,worker1,0,0.2830207347869873,0.0,0.0
model_0,1304,1,0.370746374130249,6,6,1,1,0.894001305103302,0.27943897247314453,0.09130740165710449,0.24627995856009846,worker1,worker1,worker1,0,0.27943897247314453,0.0,0.0
model_0,1305,1,0.3752286434173584,3,3,1,1,0.8606950640678406,0.2845759391784668,0.0906527042388916,0.241593241425497,worker1,worker1,worker1,0,0.2845759391784668,0.0,0.0
model_0,1306,1,0.2787792682647705,1,1,1,0,0.949220597743988,0.18767523765563965,0.09110403060913086,0.3267962900404948,worker1,worker1,worker1,0,0.18767523765563965,0.0,0.0
model_0,1307,1,0.3245582580566406,4,7,0,0,0.7195494174957275,0.18207693099975586,0.14248132705688477,0.43900077573136187,worker1,worker1,worker1,0,0.18207693099975586,0.0,0.0
model_0,1308,1,0.290844202041626,6,6,1,0,0.925929069519043,0.18654990196228027,0.1042943000793457,0.3585916423543454,worker1,worker1,worker1,0,0.18654990196228027,0.0,0.0
model_0,1309,1,0.28372645378112793,3,3,1,0,0.8380374908447266,0.19065070152282715,0.09307575225830078,0.32804749440142517,worker1,worker1,worker1,0,0.19065070152282715,0.0,0.0
model_0,1310,1,0.5287814140319824,2,0,0,2,0.8665637969970703,0.38030481338500977,0.14847660064697266,0.2807901274646395,worker1->worker3,worker1,worker3,0,0.2860589027404785,0.0,0.09424591064453125
model_0,1311,1,0.3806931972503662,9,9,1,0,0.9052513241767883,0.2948331832885742,0.08586001396179199,0.22553598168271288,worker1,worker1,worker1,0,0.2948331832885742,0.0,0.0
model_0,1312,1,0.2789750099182129,9,9,1,0,0.986625075340271,0.18576312065124512,0.09321188926696777,0.3341227205056636,worker1,worker1,worker1,0,0.18576312065124512,0.0,0.0
model_0,1313,1,0.26660704612731934,6,6,1,0,0.9788569211959839,0.18110036849975586,0.08550667762756348,0.3207217471166512,worker1,worker1,worker1,0,0.18110036849975586,0.0,0.0
model_0,1314,1,0.28752660751342773,5,5,1,0,0.915514349937439,0.1921682357788086,0.09535837173461914,0.3316505994324919,worker1,worker1,worker1,0,0.1921682357788086,0.0,0.0
model_0,1315,1,0.29235076904296875,8,8,1,0,0.9982225298881531,0.18366384506225586,0.10868692398071289,0.37176890054542133,worker1,worker1,worker1,0,0.18366384506225586,0.0,0.0
model_0,1316,1,0.2995288372039795,7,7,1,0,0.9765955209732056,0.18308305740356445,0.11644577980041504,0.388763168472875,worker1,worker1,worker1,0,0.18308305740356445,0.0,0.0
model_0,1317,1,0.266005277633667,4,5,0,0,0.9560789465904236,0.1810903549194336,0.0849149227142334,0.3192226991495079,worker1,worker1,worker1,0,0.1810903549194336,0.0,0.0
model_0,1318,1,0.36242151260375977,3,7,0,1,0.5928698778152466,0.27360963821411133,0.08881187438964844,0.24505133194658793,worker1,worker1,worker1,0,0.27360963821411133,0.0,0.0
model_0,1319,1,0.26697349548339844,3,3,1,0,0.8330996632575989,0.18169260025024414,0.0852808952331543,0.31943581170385293,worker1,worker1,worker1,0,0.18169260025024414,0.0,0.0
model_0,1320,1,0.3700985908508301,4,3,0,1,0.759334921836853,0.27767348289489746,0.09242510795593262,0.2497310452964815,worker1,worker1,worker1,0,0.27767348289489746,0.0,0.0
model_0,1321,1,0.2650024890899658,9,9,1,0,0.9586074352264404,0.18144822120666504,0.08355426788330078,0.3152961625765519,worker1,worker1,worker1,0,0.18144822120666504,0.0,0.0
model_0,1322,1,0.42375898361206055,9,9,1,1,0.9991061091423035,0.27333617210388184,0.1504228115081787,0.354972560642836,worker1,worker1,worker1,0,0.27333617210388184,0.0,0.0
model_0,1323,1,0.3604557514190674,3,3,1,1,0.9468253254890442,0.2748532295227051,0.0856025218963623,0.237484133792723,worker1,worker1,worker1,0,0.2748532295227051,0.0,0.0
model_0,1324,1,0.37411022186279297,6,6,1,1,0.8974581956863403,0.288327693939209,0.08578252792358398,0.22929747146830223,worker1,worker1,worker1,0,0.288327693939209,0.0,0.0
model_0,1325,1,0.3624742031097412,8,8,1,1,0.8804709911346436,0.27695488929748535,0.08551931381225586,0.23593213828340875,worker1,worker1,worker1,0,0.27695488929748535,0.0,0.0
model_0,1326,1,0.27286839485168457,5,3,0,0,0.9407212734222412,0.18608927726745605,0.08677911758422852,0.3180255361981244,worker1,worker1,worker1,0,0.18608927726745605,0.0,0.0
model_0,1327,1,0.27573728561401367,4,4,1,0,0.9481377601623535,0.1844174861907959,0.09131979942321777,0.3311840806000038,worker1,worker1,worker1,0,0.1844174861907959,0.0,0.0
model_0,1328,1,0.27048373222351074,1,1,1,0,0.8571351170539856,0.18320393562316895,0.0872797966003418,0.3226803914707124,worker1,worker1,worker1,0,0.18320393562316895,0.0,0.0
model_0,1329,1,0.3706016540527344,3,7,0,1,0.9091658592224121,0.28721070289611816,0.08339095115661621,0.22501505388518903,worker1,worker1,worker1,0,0.28721070289611816,0.0,0.0
model_0,1330,1,0.2689082622528076,1,9,0,0,0.7742151618003845,0.18318533897399902,0.0857229232788086,0.318781292031177,worker1,worker1,worker1,0,0.18318533897399902,0.0,0.0
model_0,1331,1,0.2742586135864258,4,3,0,0,0.9571323990821838,0.18439149856567383,0.08986711502075195,0.327672899113641,worker1,worker1,worker1,0,0.18439149856567383,0.0,0.0
model_0,1332,1,0.2685081958770752,1,1,1,0,0.8230125308036804,0.18366742134094238,0.08484077453613281,0.3159708933986264,worker1,worker1,worker1,0,0.18366742134094238,0.0,0.0
model_0,1333,1,0.3821299076080322,6,6,1,1,0.9997320771217346,0.2759408950805664,0.10618901252746582,0.2778872064533317,worker1,worker1,worker1,0,0.2759408950805664,0.0,0.0
model_0,1334,1,0.5449628829956055,9,9,1,2,0.9984868764877319,0.40157651901245117,0.1433863639831543,0.2631121649881439,worker1->worker3,worker1,worker3,0,0.28852081298828125,0.0,0.11305570602416992
model_0,1335,1,0.4967517852783203,2,2,1,1,0.9805400967597961,0.41106510162353516,0.08568668365478516,0.17249396216417537,worker1,worker1,worker1,0,0.41106510162353516,0.0,0.0
model_0,1336,1,0.5114827156066895,5,5,1,2,0.9361771941184998,0.3693873882293701,0.14209532737731934,0.2778106142037949,worker1->worker3,worker1,worker3,0,0.28597426414489746,0.0,0.08341312408447266
model_0,1337,1,0.2815403938293457,0,0,1,0,0.7137708067893982,0.19768428802490234,0.08385610580444336,0.29784751191075026,worker1,worker1,worker1,0,0.19768428802490234,0.0,0.0
model_0,1338,1,0.36912107467651367,2,2,1,1,0.7916173934936523,0.2844533920288086,0.08466768264770508,0.22937645248758887,worker1,worker1,worker1,0,0.2844533920288086,0.0,0.0
model_0,1339,1,0.36699390411376953,5,5,1,1,0.9600602388381958,0.281862735748291,0.08513116836547852,0.23196888943170982,worker1,worker1,worker1,0,0.281862735748291,0.0,0.0
model_0,1340,1,0.2746703624725342,5,5,1,0,0.6236311793327332,0.18479490280151367,0.08987545967102051,0.32721207654869444,worker1,worker1,worker1,0,0.18479490280151367,0.0,0.0
model_0,1341,1,0.3704206943511963,8,8,1,1,0.9099010229110718,0.2868044376373291,0.08361625671386719,0.22573322168277812,worker1,worker1,worker1,0,0.2868044376373291,0.0,0.0
model_0,1342,1,0.3734452724456787,6,6,1,1,0.8674672842025757,0.28287267684936523,0.09057259559631348,0.24253244659694587,worker1,worker1,worker1,0,0.28287267684936523,0.0,0.0
model_0,1343,1,0.26749515533447266,8,8,1,0,0.9996440410614014,0.18466711044311523,0.08282804489135742,0.3096431589117577,worker1,worker1,worker1,0,0.18466711044311523,0.0,0.0
model_0,1344,1,0.26495814323425293,4,4,1,0,0.9811752438545227,0.1834416389465332,0.08151650428771973,0.3076580447487886,worker1,worker1,worker1,0,0.1834416389465332,0.0,0.0
model_0,1345,1,0.3651587963104248,7,7,1,1,0.7646092772483826,0.277695894241333,0.0874629020690918,0.23952018396604308,worker1,worker1,worker1,0,0.277695894241333,0.0,0.0
model_0,1346,1,0.27091050148010254,7,7,1,0,0.7693396806716919,0.18471264839172363,0.0861978530883789,0.3181783379287342,worker1,worker1,worker1,0,0.18471264839172363,0.0,0.0
model_0,1347,1,0.36675572395324707,3,4,0,1,0.5813223123550415,0.2794363498687744,0.08731937408447266,0.23808592035936124,worker1,worker1,worker1,0,0.2794363498687744,0.0,0.0
model_0,1348,1,0.300447940826416,7,7,1,0,0.5444299578666687,0.19116449356079102,0.109283447265625,0.3637350516200195,worker1,worker1,worker1,0,0.19116449356079102,0.0,0.0
model_0,1349,1,0.26880884170532227,6,6,1,0,0.979518711566925,0.18408417701721191,0.08472466468811035,0.31518555770196177,worker1,worker1,worker1,0,0.18408417701721191,0.0,0.0
model_0,1350,1,0.2699761390686035,5,2,0,0,0.7329216003417969,0.18674778938293457,0.08322834968566895,0.30828039089973,worker1,worker1,worker1,0,0.18674778938293457,0.0,0.0
model_0,1351,1,0.8545675277709961,5,5,1,3,0.601130485534668,0.640700101852417,0.2138674259185791,0.2502639276224529,worker1->worker3->worker2,worker1,worker2,0,0.274888277053833,0.2529163360595703,0.11289548873901367
model_0,1352,1,0.394345760345459,5,5,1,0,0.8713114857673645,0.30054140090942383,0.09380435943603516,0.23787338135411842,worker1,worker1,worker1,0,0.30054140090942383,0.0,0.0
model_0,1353,1,0.27603626251220703,4,4,1,0,0.8450828790664673,0.19085693359375,0.08517932891845703,0.30858021385755496,worker1,worker1,worker1,0,0.19085693359375,0.0,0.0
model_0,1354,1,0.2707533836364746,0,0,1,0,0.9440858960151672,0.18627715110778809,0.08447623252868652,0.31200434651671066,worker1,worker1,worker1,0,0.18627715110778809,0.0,0.0
model_0,1355,1,0.3658418655395508,1,1,1,1,0.6656762361526489,0.2812659740447998,0.08457589149475098,0.23118155536960427,worker1,worker1,worker1,0,0.2812659740447998,0.0,0.0
model_0,1356,1,0.2684595584869385,2,5,0,0,0.8284196257591248,0.18338871002197266,0.08507084846496582,0.3168851537432027,worker1,worker1,worker1,0,0.18338871002197266,0.0,0.0
model_0,1357,1,0.27460265159606934,4,4,1,0,0.9554255604743958,0.19082236289978027,0.08378028869628906,0.30509643009393395,worker1,worker1,worker1,0,0.19082236289978027,0.0,0.0
model_0,1358,1,0.36851000785827637,0,0,1,1,0.9116002917289734,0.27834558486938477,0.0901644229888916,0.24467292900106946,worker1,worker1,worker1,0,0.27834558486938477,0.0,0.0
model_0,1359,1,0.3695533275604248,9,9,1,1,0.987031877040863,0.2859461307525635,0.08360719680786133,0.2262385170762423,worker1,worker1,worker1,0,0.2859461307525635,0.0,0.0
model_0,1360,1,0.2728579044342041,8,8,1,0,0.7198430299758911,0.18851780891418457,0.08434009552001953,0.3090989637808238,worker1,worker1,worker1,0,0.18851780891418457,0.0,0.0
model_0,1361,1,0.7226812839508057,5,9,0,3,0.8059007525444031,0.5300276279449463,0.19265365600585938,0.26658177025513463,worker1->worker3->worker2,worker1,worker2,0,0.2827763557434082,0.1657423973083496,0.08150887489318848
model_0,1362,1,0.5368802547454834,2,2,1,2,0.9827521443367004,0.38751745223999023,0.14936280250549316,0.2782050581768945,worker1->worker3,worker1,worker3,0,0.29644250869750977,0.0,0.09107494354248047
model_0,1363,1,0.39627838134765625,1,1,1,0,0.8194622993469238,0.3080143928527832,0.08826398849487305,0.2227322827823877,worker1,worker1,worker1,0,0.3080143928527832,0.0,0.0
model_0,1364,1,0.3104517459869385,5,5,1,0,0.9171551465988159,0.18840503692626953,0.12204670906066895,0.39312618027860524,worker1,worker1,worker1,0,0.18840503692626953,0.0,0.0
model_0,1365,1,0.27690553665161133,1,9,0,0,0.670065701007843,0.1920459270477295,0.08485960960388184,0.30645689006445526,worker1,worker1,worker1,0,0.1920459270477295,0.0,0.0
model_0,1366,1,0.2756943702697754,8,8,1,0,0.9920397996902466,0.19273972511291504,0.08295464515686035,0.30089350419338157,worker1,worker1,worker1,0,0.19273972511291504,0.0,0.0
model_0,1367,1,0.3787412643432617,7,7,1,1,0.7728400230407715,0.28741979598999023,0.09132146835327148,0.24111834899115928,worker1,worker1,worker1,0,0.28741979598999023,0.0,0.0
model_0,1368,1,0.27518415451049805,8,8,1,0,0.9996657371520996,0.19096589088439941,0.08421826362609863,0.30604328863305164,worker1,worker1,worker1,0,0.19096589088439941,0.0,0.0
model_0,1369,1,0.4084291458129883,3,3,1,1,0.982628583908081,0.2798421382904053,0.128587007522583,0.3148330838795243,worker1,worker1,worker1,0,0.2798421382904053,0.0,0.0
model_0,1370,1,0.5389938354492188,4,7,0,2,0.6362558007240295,0.3908731937408447,0.14812064170837402,0.27480952835930755,worker1->worker3,worker1,worker3,0,0.27646398544311523,0.0,0.11440920829772949
model_0,1371,1,0.335205078125,9,9,1,0,0.9587357640266418,0.24643349647521973,0.08877158164978027,0.26482767548252,worker1,worker1,worker1,0,0.24643349647521973,0.0,0.0
model_0,1372,1,0.2715132236480713,2,2,1,0,0.9372752904891968,0.1848616600036621,0.08665156364440918,0.3191430696455683,worker1,worker1,worker1,0,0.1848616600036621,0.0,0.0
model_0,1373,1,0.29648637771606445,9,9,1,0,0.9497056007385254,0.18548130989074707,0.11100506782531738,0.3744019157993943,worker1,worker1,worker1,0,0.18548130989074707,0.0,0.0
model_0,1374,1,0.40851736068725586,6,6,1,1,0.9883654117584229,0.2820303440093994,0.12648701667785645,0.3096245811073124,worker1,worker1,worker1,0,0.2820303440093994,0.0,0.0
model_0,1375,1,0.2695610523223877,3,1,0,0,0.7829423546791077,0.18580245971679688,0.08375859260559082,0.3107221606533047,worker1,worker1,worker1,0,0.18580245971679688,0.0,0.0
model_0,1376,1,0.2707335948944092,8,0,0,0,0.6284936666488647,0.186415433883667,0.08431816101074219,0.3114432881653558,worker1,worker1,worker1,0,0.186415433883667,0.0,0.0
model_0,1377,1,0.2678799629211426,2,4,0,0,0.5716055631637573,0.1835651397705078,0.08431482315063477,0.3147485247915128,worker1,worker1,worker1,0,0.1835651397705078,0.0,0.0
model_0,1378,1,0.3429911136627197,7,7,1,0,0.9791393280029297,0.18421411514282227,0.15877699851989746,0.462918694377694,worker1,worker1,worker1,0,0.18421411514282227,0.0,0.0
model_0,1379,1,0.29073405265808105,2,4,0,0,0.7233558297157288,0.18198060989379883,0.10875344276428223,0.3740650321831483,worker1,worker1,worker1,0,0.18198060989379883,0.0,0.0
model_0,1380,1,0.2975800037384033,6,6,1,0,0.7583563327789307,0.18210315704345703,0.11547684669494629,0.3880531125890424,worker1,worker1,worker1,0,0.18210315704345703,0.0,0.0
model_0,1381,1,0.3150804042816162,4,2,0,0,0.7922919392585754,0.1869034767150879,0.12817692756652832,0.40680704297930526,worker1,worker1,worker1,0,0.1869034767150879,0.0,0.0
model_0,1382,1,0.26666951179504395,9,9,1,0,0.9900612831115723,0.1817770004272461,0.08489251136779785,0.3183435211485454,worker1,worker1,worker1,0,0.1817770004272461,0.0,0.0
model_0,1383,1,0.27019500732421875,0,9,0,0,0.732962965965271,0.18664288520812988,0.08355212211608887,0.30922896371593955,worker1,worker1,worker1,0,0.18664288520812988,0.0,0.0
model_0,1384,1,0.2674896717071533,9,9,1,0,0.7858684062957764,0.18281340599060059,0.08467626571655273,0.3165590102082745,worker1,worker1,worker1,0,0.18281340599060059,0.0,0.0
model_0,1385,1,0.7630069255828857,6,6,1,3,0.5709851384162903,0.5695712566375732,0.1934356689453125,0.2535175795390595,worker1->worker3->worker2,worker1,worker2,0,0.28697896003723145,0.17953824996948242,0.10305404663085938
model_0,1386,1,0.5385291576385498,6,6,1,2,0.9730241894721985,0.3827700614929199,0.15575909614562988,0.28923057170875105,worker1->worker3,worker1,worker3,0,0.2984960079193115,0.0,0.0842740535736084
model_0,1387,1,0.488600492477417,0,0,1,1,0.6396680474281311,0.4000062942504883,0.08859419822692871,0.18132236784641292,worker1,worker1,worker1,0,0.4000062942504883,0.0,0.0
model_0,1388,1,0.35788702964782715,6,2,0,1,0.767961323261261,0.2720983028411865,0.08578872680664062,0.23970895757541036,worker1,worker1,worker1,0,0.2720983028411865,0.0,0.0
model_0,1389,1,0.5076956748962402,5,5,1,2,0.8830652832984924,0.3655998706817627,0.14209580421447754,0.279883818674481,worker1->worker3,worker1,worker3,0,0.2843434810638428,0.0,0.08125638961791992
model_0,1390,1,0.4828050136566162,2,2,1,1,0.9127426743507385,0.393298864364624,0.08950614929199219,0.1853877792488115,worker1,worker1,worker1,0,0.393298864364624,0.0,0.0
model_0,1391,1,0.3414754867553711,1,1,1,0,0.7584136128425598,0.18101787567138672,0.16045761108398438,0.4698949626183102,worker1,worker1,worker1,0,0.18101787567138672,0.0,0.0
model_0,1392,1,0.2717146873474121,4,4,1,0,0.885762631893158,0.18464088439941406,0.08707380294799805,0.32046042044339773,worker1,worker1,worker1,0,0.18464088439941406,0.0,0.0
model_0,1393,1,0.28673815727233887,8,8,1,0,0.9742196798324585,0.18145751953125,0.10528063774108887,0.36716647251483575,worker1,worker1,worker1,0,0.18145751953125,0.0,0.0
model_0,1394,1,0.31937527656555176,8,8,1,0,0.8588029742240906,0.1800246238708496,0.13935065269470215,0.4363226051597655,worker1,worker1,worker1,0,0.1800246238708496,0.0,0.0
model_0,1395,1,0.42811083793640137,3,5,0,1,0.9200767278671265,0.27698755264282227,0.1511232852935791,0.35300037257180916,worker1,worker1,worker1,0,0.27698755264282227,0.0,0.0
model_0,1396,1,0.2662968635559082,1,1,1,0,0.8858214616775513,0.18176651000976562,0.08453035354614258,0.3174290242002632,worker1,worker1,worker1,0,0.18176651000976562,0.0,0.0
model_0,1397,1,0.2803380489349365,3,5,0,0,0.7402451634407043,0.18338251113891602,0.09695553779602051,0.3458522243568973,worker1,worker1,worker1,0,0.18338251113891602,0.0,0.0
model_0,1398,1,0.2684762477874756,6,6,1,0,0.8015559911727905,0.17915654182434082,0.08931970596313477,0.33269127790343594,worker1,worker1,worker1,0,0.17915654182434082,0.0,0.0
model_0,1399,1,0.2642958164215088,9,9,1,0,0.9625504612922668,0.18032145500183105,0.08397436141967773,0.3177286820376767,worker1,worker1,worker1,0,0.18032145500183105,0.0,0.0
model_0,1400,1,0.38365888595581055,7,7,1,1,0.5771662592887878,0.2764406204223633,0.10721826553344727,0.2794624846661223,worker1,worker1,worker1,0,0.2764406204223633,0.0,0.0
model_0,1401,1,0.2681550979614258,7,7,1,0,0.9316104650497437,0.1809084415435791,0.08724665641784668,0.3253589325025517,worker1,worker1,worker1,0,0.1809084415435791,0.0,0.0
model_0,1402,1,0.3532588481903076,6,6,1,1,0.9198883175849915,0.2706265449523926,0.08263230323791504,0.23391431994195758,worker1,worker1,worker1,0,0.2706265449523926,0.0,0.0
model_0,1403,1,0.5373499393463135,7,7,1,2,0.9521631598472595,0.3917365074157715,0.145613431930542,0.270984364691063,worker1->worker3,worker1,worker3,0,0.2772023677825928,0.0,0.11453413963317871
model_0,1404,1,0.286146879196167,4,4,1,0,0.627048671245575,0.2002410888671875,0.08590579032897949,0.3002157163841968,worker1,worker1,worker1,0,0.2002410888671875,0.0,0.0
model_0,1405,1,0.26761603355407715,9,9,1,0,0.8521648049354553,0.18430423736572266,0.08331179618835449,0.3113109296252972,worker1,worker1,worker1,0,0.18430423736572266,0.0,0.0
model_0,1406,1,0.36843204498291016,3,3,1,1,0.8820522427558899,0.28134989738464355,0.0870821475982666,0.23635877710448866,worker1,worker1,worker1,0,0.28134989738464355,0.0,0.0
model_0,1407,1,0.2686803340911865,8,8,1,0,0.9990028738975525,0.18337798118591309,0.08530235290527344,0.31748640328965405,worker1,worker1,worker1,0,0.18337798118591309,0.0,0.0
model_0,1408,1,0.503049373626709,6,2,0,2,0.7221681475639343,0.35764503479003906,0.14540433883666992,0.28904586002837995,worker1->worker3,worker1,worker3,0,0.27671194076538086,0.0,0.0809330940246582
model_0,1409,1,0.3735954761505127,0,0,1,0,0.8558867573738098,0.28711581230163574,0.08647966384887695,0.23147941923696197,worker1,worker1,worker1,0,0.28711581230163574,0.0,0.0
model_0,1410,1,0.2670903205871582,8,8,1,0,0.9865880608558655,0.1818222999572754,0.08526802062988281,0.3192478875401916,worker1,worker1,worker1,0,0.1818222999572754,0.0,0.0
model_0,1411,1,0.3612997531890869,0,0,1,1,0.9576857686042786,0.2776036262512207,0.08369612693786621,0.23165287603743168,worker1,worker1,worker1,0,0.2776036262512207,0.0,0.0
model_0,1412,1,0.3664562702178955,0,0,1,1,0.9542292356491089,0.2826967239379883,0.08375954627990723,0.2285662794911482,worker1,worker1,worker1,0,0.2826967239379883,0.0,0.0
model_0,1413,1,0.27749061584472656,1,1,1,0,0.8596921563148499,0.19331884384155273,0.08417177200317383,0.3033319586211637,worker1,worker1,worker1,0,0.19331884384155273,0.0,0.0
model_0,1414,1,0.3788721561431885,4,4,1,1,0.98111891746521,0.29024767875671387,0.08862447738647461,0.2339165756825383,worker1,worker1,worker1,0,0.29024767875671387,0.0,0.0
model_0,1415,1,0.2768979072570801,0,0,1,0,0.7048603296279907,0.18804502487182617,0.0888528823852539,0.32088679638434503,worker1,worker1,worker1,0,0.18804502487182617,0.0,0.0
model_0,1416,1,0.3687295913696289,3,3,1,1,0.9799301624298096,0.28461647033691406,0.08411312103271484,0.22811600425200637,worker1,worker1,worker1,0,0.28461647033691406,0.0,0.0
model_0,1417,1,0.27275538444519043,7,7,1,0,0.9736853837966919,0.18744158744812012,0.08531379699707031,0.31278501493419253,worker1,worker1,worker1,0,0.18744158744812012,0.0,0.0
model_0,1418,1,0.3838469982147217,4,7,0,1,0.8253658413887024,0.2881746292114258,0.0956723690032959,0.249246104432937,worker1,worker1,worker1,0,0.2881746292114258,0.0,0.0
model_0,1419,1,0.5338449478149414,5,5,1,2,0.997356653213501,0.3876833915710449,0.14616155624389648,0.2737902771996706,worker1->worker3,worker1,worker3,0,0.27629542350769043,0.0,0.11138796806335449
model_0,1420,1,0.31390953063964844,9,8,0,0,0.8958423733711243,0.22939753532409668,0.08451199531555176,0.269224050456012,worker1,worker1,worker1,0,0.22939753532409668,0.0,0.0
model_0,1421,1,0.2763540744781494,0,0,1,0,0.8376890420913696,0.18636202812194824,0.08999204635620117,0.3256403819127212,worker1,worker1,worker1,0,0.18636202812194824,0.0,0.0
model_0,1422,1,0.5310218334197998,2,2,1,2,0.9858161211013794,0.3543887138366699,0.17663311958312988,0.3326287328820478,worker1->worker3,worker1,worker3,0,0.27127957344055176,0.0,0.08310914039611816
model_0,1423,1,0.348067045211792,8,8,1,0,0.9781683087348938,0.26279187202453613,0.08527517318725586,0.24499640043592058,worker1,worker1,worker1,0,0.26279187202453613,0.0,0.0
model_0,1424,1,0.3827226161956787,3,3,1,1,0.9309594035148621,0.27640533447265625,0.10631728172302246,0.2777920018937801,worker1,worker1,worker1,0,0.27640533447265625,0.0,0.0
model_0,1425,1,0.26762938499450684,5,5,1,0,0.7547858357429504,0.18137359619140625,0.08625578880310059,0.32229565824721007,worker1,worker1,worker1,0,0.18137359619140625,0.0,0.0
model_0,1426,1,0.3741335868835449,4,2,0,1,0.69411301612854,0.2768573760986328,0.09727621078491211,0.2600039509823289,worker1,worker1,worker1,0,0.2768573760986328,0.0,0.0
model_0,1427,1,0.2754213809967041,5,5,1,0,0.9442455768585205,0.18422937393188477,0.09119200706481934,0.33109995576527373,worker1,worker1,worker1,0,0.18422937393188477,0.0,0.0
model_0,1428,1,0.35939979553222656,3,3,1,1,0.8648666739463806,0.27500224113464355,0.08439755439758301,0.23482916642342738,worker1,worker1,worker1,0,0.27500224113464355,0.0,0.0
model_0,1429,1,0.2673182487487793,2,2,1,0,0.9958612322807312,0.18249058723449707,0.08482766151428223,0.31732836015247756,worker1,worker1,worker1,0,0.18249058723449707,0.0,0.0
model_0,1430,1,0.37064075469970703,8,8,1,1,0.98451828956604,0.2816464900970459,0.08899426460266113,0.24010922564293893,worker1,worker1,worker1,0,0.2816464900970459,0.0,0.0
model_0,1431,1,0.26803159713745117,6,6,1,0,0.9580148458480835,0.18338680267333984,0.08464479446411133,0.3158015523845274,worker1,worker1,worker1,0,0.18338680267333984,0.0,0.0
model_0,1432,1,0.3617250919342041,4,4,1,1,0.9168003797531128,0.2774794101715088,0.08424568176269531,0.23289974525189744,worker1,worker1,worker1,0,0.2774794101715088,0.0,0.0
model_0,1433,1,0.37044239044189453,4,4,1,1,0.9966896772384644,0.2814643383026123,0.08897805213928223,0.24019403403898187,worker1,worker1,worker1,0,0.2814643383026123,0.0,0.0
model_0,1434,1,0.36659932136535645,3,3,1,1,0.9920652508735657,0.2822871208190918,0.08431220054626465,0.2299846061696287,worker1,worker1,worker1,0,0.2822871208190918,0.0,0.0
model_0,1435,1,0.3673582077026367,2,2,1,1,0.9982438087463379,0.2817816734313965,0.08557653427124023,0.23295119716097745,worker1,worker1,worker1,0,0.2817816734313965,0.0,0.0
model_0,1436,1,0.26749420166015625,9,1,0,0,0.9196633696556091,0.18310284614562988,0.08439135551452637,0.31548854139927557,worker1,worker1,worker1,0,0.18310284614562988,0.0,0.0
model_0,1437,1,0.7867255210876465,3,0,0,3,0.5414263606071472,0.5795447826385498,0.20718073844909668,0.2633456432971308,worker1->worker3->worker2,worker1,worker2,0,0.27688145637512207,0.1914207935333252,0.11124253273010254
model_0,1438,1,0.4004976749420166,6,6,1,0,0.9274464845657349,0.2882111072540283,0.11228656768798828,0.28036758941046275,worker1,worker1,worker1,0,0.2882111072540283,0.0,0.0
model_0,1439,1,0.3911299705505371,1,1,1,1,0.9977794289588928,0.28333210945129395,0.10779786109924316,0.27560624144325147,worker1,worker1,worker1,0,0.28333210945129395,0.0,0.0
model_0,1440,1,0.3633906841278076,4,4,1,1,0.9669119715690613,0.27800536155700684,0.08538532257080078,0.23496838609316145,worker1,worker1,worker1,0,0.27800536155700684,0.0,0.0
model_0,1441,1,0.5032241344451904,7,7,1,2,0.9999784231185913,0.3638153076171875,0.13940882682800293,0.2770312814620915,worker1->worker3,worker1,worker3,0,0.2822721004486084,0.0,0.0815432071685791
model_0,1442,1,0.270235538482666,8,8,1,0,0.7763741612434387,0.1862332820892334,0.08400225639343262,0.31084829502845296,worker1,worker1,worker1,0,0.1862332820892334,0.0,0.0
model_0,1443,1,0.3567807674407959,9,9,1,1,0.9843024015426636,0.2715165615081787,0.08526420593261719,0.23898206886044077,worker1,worker1,worker1,0,0.2715165615081787,0.0,0.0
model_0,1444,1,0.4994792938232422,3,3,1,2,0.928295373916626,0.35643911361694336,0.14304018020629883,0.28637859862298615,worker1->worker3,worker1,worker3,0,0.271442174911499,0.0,0.08499693870544434
model_0,1445,1,0.49358534812927246,4,4,1,1,0.9997715353965759,0.39897656440734863,0.09460878372192383,0.1916766453471494,worker1,worker1,worker1,0,0.39897656440734863,0.0,0.0
model_0,1446,1,0.2731630802154541,6,6,1,0,0.9834307432174683,0.18709635734558105,0.08606672286987305,0.31507450714785085,worker1,worker1,worker1,0,0.18709635734558105,0.0,0.0
model_0,1447,1,0.2961115837097168,4,4,1,0,0.7552825808525085,0.18350958824157715,0.11260199546813965,0.380268796166128,worker1,worker1,worker1,0,0.18350958824157715,0.0,0.0
model_0,1448,1,0.2678825855255127,9,9,1,0,0.8384501934051514,0.18207430839538574,0.08580827713012695,0.3203204753373366,worker1,worker1,worker1,0,0.18207430839538574,0.0,0.0
model_0,1449,1,0.5577678680419922,0,2,0,2,0.8258068561553955,0.4119696617126465,0.1457982063293457,0.26139585064510945,worker1->worker3,worker1,worker3,0,0.27440714836120605,0.0,0.13756251335144043
model_0,1450,1,0.40097689628601074,4,4,1,0,0.9037739038467407,0.31078052520751953,0.09019637107849121,0.22494156624464345,worker1,worker1,worker1,0,0.31078052520751953,0.0,0.0
model_0,1451,1,0.27173328399658203,1,1,1,0,0.97966468334198,0.18491721153259277,0.08681607246398926,0.3194900204609505,worker1,worker1,worker1,0,0.18491721153259277,0.0,0.0
model_0,1452,1,0.35878515243530273,1,1,1,1,0.7282442450523376,0.273531436920166,0.08525371551513672,0.23761773567402553,worker1,worker1,worker1,0,0.273531436920166,0.0,0.0
model_0,1453,1,0.2669334411621094,8,8,1,0,0.9927846193313599,0.18310046195983887,0.08383297920227051,0.31405948553054663,worker1,worker1,worker1,0,0.18310046195983887,0.0,0.0
model_0,1454,1,0.26911234855651855,9,9,1,0,0.9969040751457214,0.18509650230407715,0.0840158462524414,0.3121961764411436,worker1,worker1,worker1,0,0.18509650230407715,0.0,0.0
model_0,1455,1,0.36836767196655273,3,7,0,1,0.8523995280265808,0.27845191955566406,0.08991575241088867,0.2440924088991525,worker1,worker1,worker1,0,0.27845191955566406,0.0,0.0
model_0,1456,1,0.28507280349731445,3,4,0,0,0.8123021125793457,0.1842482089996338,0.10082459449768066,0.3536801591058492,worker1,worker1,worker1,0,0.1842482089996338,0.0,0.0
model_0,1457,1,0.3628368377685547,4,4,1,1,0.8098016381263733,0.2755775451660156,0.08725929260253906,0.24049182309928455,worker1,worker1,worker1,0,0.2755775451660156,0.0,0.0
model_0,1458,1,0.37049341201782227,1,1,1,1,0.9927686452865601,0.28397226333618164,0.08652114868164062,0.23352952002687324,worker1,worker1,worker1,0,0.28397226333618164,0.0,0.0
model_0,1459,1,0.35990405082702637,3,5,0,1,0.9683535099029541,0.27512240409851074,0.08478164672851562,0.23556735894940667,worker1,worker1,worker1,0,0.27512240409851074,0.0,0.0
model_0,1460,1,0.30594944953918457,6,6,1,0,0.9277701377868652,0.18483948707580566,0.1211099624633789,0.3958495844519168,worker1,worker1,worker1,0,0.18483948707580566,0.0,0.0
model_0,1461,1,0.26925134658813477,9,9,1,0,0.8639581799507141,0.18479323387145996,0.0844581127166748,0.3136775870832234,worker1,worker1,worker1,0,0.18479323387145996,0.0,0.0
model_0,1462,1,0.2686941623687744,3,3,1,0,0.571850061416626,0.18393540382385254,0.08475875854492188,0.31544696690727914,worker1,worker1,worker1,0,0.18393540382385254,0.0,0.0
model_0,1463,1,0.2674531936645508,3,3,1,0,0.8229562640190125,0.18373537063598633,0.08371782302856445,0.3130185954465225,worker1,worker1,worker1,0,0.18373537063598633,0.0,0.0
model_0,1464,1,0.2684636116027832,4,4,1,0,0.7287954092025757,0.1841416358947754,0.08432197570800781,0.31409089375125443,worker1,worker1,worker1,0,0.1841416358947754,0.0,0.0
model_0,1465,1,0.2759377956390381,7,7,1,0,0.9902141690254211,0.18564724922180176,0.09029054641723633,0.32721340767448875,worker1,worker1,worker1,0,0.18564724922180176,0.0,0.0
model_0,1466,1,0.35774660110473633,9,9,1,1,0.9945143461227417,0.273409366607666,0.08433723449707031,0.2357457324168376,worker1,worker1,worker1,0,0.273409366607666,0.0,0.0
model_0,1467,1,0.27779674530029297,7,7,1,0,0.8073514699935913,0.19374704360961914,0.08404970169067383,0.30255826647579226,worker1,worker1,worker1,0,0.19374704360961914,0.0,0.0
model_0,1468,1,0.36447715759277344,4,4,1,1,0.9784913063049316,0.2748425006866455,0.08963465690612793,0.24592667891214134,worker1,worker1,worker1,0,0.2748425006866455,0.0,0.0
model_0,1469,1,0.26900506019592285,8,8,1,0,0.9835582375526428,0.185044527053833,0.08396053314208984,0.31211506980924214,worker1,worker1,worker1,0,0.185044527053833,0.0,0.0
model_0,1470,1,0.3661990165710449,3,3,1,1,0.9996851682662964,0.2776517868041992,0.0885472297668457,0.24180083987108955,worker1,worker1,worker1,0,0.2776517868041992,0.0,0.0
model_0,1471,1,0.7901320457458496,0,0,1,3,0.8934116959571838,0.5689215660095215,0.22121047973632812,0.27996647006958847,worker1->worker3->worker2,worker1,worker2,0,0.2726161479949951,0.21094512939453125,0.08536028861999512
model_0,1472,1,0.4789161682128906,6,2,0,1,0.9970666766166687,0.39330291748046875,0.08561325073242188,0.1787645864032817,worker1,worker1,worker1,0,0.39330291748046875,0.0,0.0
model_0,1473,1,0.2912483215332031,8,8,1,0,0.8672927618026733,0.19478058815002441,0.09646773338317871,0.33122159425794706,worker1,worker1,worker1,0,0.19478058815002441,0.0,0.0
model_0,1474,1,0.42855405807495117,6,6,1,1,0.9695234894752502,0.2776670455932617,0.15088701248168945,0.35208396616162796,worker1,worker1,worker1,0,0.2776670455932617,0.0,0.0
model_0,1475,1,0.36124253273010254,3,7,0,1,0.9366216063499451,0.27695608139038086,0.08428645133972168,0.2333237193935166,worker1,worker1,worker1,0,0.27695608139038086,0.0,0.0
model_0,1476,1,0.378803014755249,7,7,1,1,0.9714188575744629,0.27907776832580566,0.09972524642944336,0.2632641308144749,worker1,worker1,worker1,0,0.27907776832580566,0.0,0.0
model_0,1477,1,0.2746315002441406,5,3,0,0,0.9072672128677368,0.18827581405639648,0.08635568618774414,0.31444202908616115,worker1,worker1,worker1,0,0.18827581405639648,0.0,0.0
model_0,1478,1,0.2716841697692871,0,1,0,0,0.6175219416618347,0.18267273902893066,0.08901143074035645,0.32762832967391703,worker1,worker1,worker1,0,0.18267273902893066,0.0,0.0
model_0,1479,1,0.2668321132659912,9,1,0,0,0.8777807950973511,0.1832871437072754,0.08354496955871582,0.313099381240646,worker1,worker1,worker1,0,0.1832871437072754,0.0,0.0
model_0,1480,1,0.37256336212158203,4,4,1,1,0.9679613709449768,0.2857503890991211,0.08681297302246094,0.23301532530761965,worker1,worker1,worker1,0,0.2857503890991211,0.0,0.0
model_0,1481,1,0.36168789863586426,0,0,1,1,0.8067771792411804,0.2772824764251709,0.08440542221069336,0.23336534766309674,worker1,worker1,worker1,0,0.2772824764251709,0.0,0.0
model_0,1482,1,0.2708611488342285,8,8,1,0,0.9904881715774536,0.1859607696533203,0.0849003791809082,0.3134461311499075,worker1,worker1,worker1,0,0.1859607696533203,0.0,0.0
model_0,1483,1,0.36914730072021484,5,5,1,1,0.9992654919624329,0.2817075252532959,0.08743977546691895,0.23686960542938262,worker1,worker1,worker1,0,0.2817075252532959,0.0,0.0
model_0,1484,1,0.27434325218200684,9,9,1,0,0.9947320222854614,0.1842670440673828,0.09007620811462402,0.3283339662929453,worker1,worker1,worker1,0,0.1842670440673828,0.0,0.0
model_0,1485,1,0.35866403579711914,4,4,1,1,0.8648507595062256,0.27611255645751953,0.08255147933959961,0.23016380540115106,worker1,worker1,worker1,0,0.27611255645751953,0.0,0.0
model_0,1486,1,0.2674064636230469,4,4,1,0,0.8259879350662231,0.18361139297485352,0.08379507064819336,0.31336217349748213,worker1,worker1,worker1,0,0.18361139297485352,0.0,0.0
model_0,1487,1,0.3674492835998535,2,2,1,1,0.7024099230766296,0.285045862197876,0.08240342140197754,0.22425794546306305,worker1,worker1,worker1,0,0.285045862197876,0.0,0.0
model_0,1488,1,0.5240521430969238,3,0,0,2,0.8456650972366333,0.3746488094329834,0.14940333366394043,0.28509249629441585,worker1->worker3,worker1,worker3,0,0.28238987922668457,0.0,0.09225893020629883
model_0,1489,1,0.48905277252197266,1,1,1,1,0.9026692509651184,0.4036123752593994,0.08544039726257324,0.17470588464711032,worker1,worker1,worker1,0,0.4036123752593994,0.0,0.0
model_0,1490,1,0.2814805507659912,6,6,1,0,0.7767417430877686,0.19007349014282227,0.09140706062316895,0.32473668384697807,worker1,worker1,worker1,0,0.19007349014282227,0.0,0.0
model_0,1491,1,0.6808032989501953,9,0,0,3,0.4769057035446167,0.4631316661834717,0.21767163276672363,0.31972764101227946,worker1->worker3->worker2,worker1,worker2,0,0.2777884006500244,0.10463953018188477,0.0807037353515625
model_0,1492,1,0.2877376079559326,3,3,1,0,0.9756501913070679,0.20204591751098633,0.08569169044494629,0.29781192334812934,worker1,worker1,worker1,0,0.20204591751098633,0.0,0.0
model_0,1493,1,0.26752257347106934,1,1,1,0,0.9926403164863586,0.18224859237670898,0.08527398109436035,0.31875433907480005,worker1,worker1,worker1,0,0.18224859237670898,0.0,0.0
model_0,1494,1,0.3695564270019531,5,5,1,1,0.9622870087623596,0.28193092346191406,0.08762550354003906,0.23710994353664958,worker1,worker1,worker1,0,0.28193092346191406,0.0,0.0
model_0,1495,1,0.3593466281890869,2,2,1,1,0.7390605807304382,0.2738668918609619,0.085479736328125,0.2378754373149311,worker1,worker1,worker1,0,0.2738668918609619,0.0,0.0
model_0,1496,1,0.36707568168640137,2,2,1,1,0.8486031889915466,0.283184289932251,0.08389139175415039,0.22853976969746567,worker1,worker1,worker1,0,0.283184289932251,0.0,0.0
model_0,1497,1,0.38199400901794434,5,5,1,1,0.8097304105758667,0.29462122917175293,0.0873727798461914,0.22872814176016837,worker1,worker1,worker1,0,0.29462122917175293,0.0,0.0
model_0,1498,1,0.33867645263671875,5,5,1,0,0.8413979411125183,0.18833231925964355,0.1503441333770752,0.4439167004572999,worker1,worker1,worker1,0,0.18833231925964355,0.0,0.0
model_0,1499,1,0.2718050479888916,9,9,1,0,0.6701762080192566,0.1889815330505371,0.08282351493835449,0.30471661785229026,worker1,worker1,worker1,0,0.1889815330505371,0.0,0.0
model_0,1500,1,0.27823686599731445,0,0,1,0,0.7953104972839355,0.18768668174743652,0.09055018424987793,0.32544279826222566,worker1,worker1,worker1,0,0.18768668174743652,0.0,0.0
model_0,1501,1,0.37562036514282227,6,6,1,1,0.768375039100647,0.28374791145324707,0.0918724536895752,0.24458858521859564,worker1,worker1,worker1,0,0.28374791145324707,0.0,0.0
model_0,1502,1,0.2832767963409424,8,0,0,0,0.9118125438690186,0.19283461570739746,0.09044218063354492,0.319271404512397,worker1,worker1,worker1,0,0.19283461570739746,0.0,0.0
model_0,1503,1,0.4328906536102295,6,6,1,1,0.7821489572525024,0.28110790252685547,0.15178275108337402,0.350626075701874,worker1,worker1,worker1,0,0.28110790252685547,0.0,0.0
model_0,1504,1,0.2721254825592041,4,4,1,0,0.9762536883354187,0.1890270709991455,0.0830984115600586,0.30536798971768314,worker1,worker1,worker1,0,0.1890270709991455,0.0,0.0
model_0,1505,1,0.3609166145324707,8,0,0,1,0.7388555407524109,0.275543212890625,0.0853734016418457,0.2365460558041583,worker1,worker1,worker1,0,0.275543212890625,0.0,0.0
model_0,1506,1,0.2755138874053955,6,2,0,0,0.9486421346664429,0.18748021125793457,0.08803367614746094,0.3195253675831113,worker1,worker1,worker1,0,0.18748021125793457,0.0,0.0
model_0,1507,1,0.438734769821167,4,4,1,1,0.9861211180686951,0.2819826602935791,0.1567521095275879,0.35728216751884456,worker1,worker1,worker1,0,0.2819826602935791,0.0,0.0
model_0,1508,1,0.2782289981842041,9,9,1,0,0.9792771935462952,0.18779516220092773,0.09043383598327637,0.32503382671637915,worker1,worker1,worker1,0,0.18779516220092773,0.0,0.0
model_0,1509,1,0.2740609645843506,9,9,1,0,0.9617854356765747,0.18685293197631836,0.08720803260803223,0.31820669076420516,worker1,worker1,worker1,0,0.18685293197631836,0.0,0.0
model_0,1510,1,0.36505699157714844,2,2,1,1,0.8354741930961609,0.27909183502197266,0.08596515655517578,0.23548420805141201,worker1,worker1,worker1,0,0.27909183502197266,0.0,0.0
model_0,1511,1,0.3800842761993408,7,7,1,1,0.9543200731277466,0.28342247009277344,0.09666180610656738,0.25431677172530986,worker1,worker1,worker1,0,0.28342247009277344,0.0,0.0
model_0,1512,1,0.3640718460083008,1,1,1,1,0.9922768473625183,0.28034114837646484,0.08373069763183594,0.22998399505444564,worker1,worker1,worker1,0,0.28034114837646484,0.0,0.0
model_0,1513,1,0.27600932121276855,9,9,1,0,0.9548493027687073,0.19171380996704102,0.08429551124572754,0.30540820460460566,worker1,worker1,worker1,0,0.19171380996704102,0.0,0.0
model_0,1514,1,0.36252927780151367,0,0,1,1,0.7364991307258606,0.2773447036743164,0.08518457412719727,0.23497295071940696,worker1,worker1,worker1,0,0.2773447036743164,0.0,0.0
model_0,1515,1,0.3714308738708496,5,5,1,1,0.9753153324127197,0.2879517078399658,0.08347916603088379,0.22475020765212525,worker1,worker1,worker1,0,0.2879517078399658,0.0,0.0
model_0,1516,1,0.38675713539123535,9,1,0,1,0.7913508415222168,0.3025648593902588,0.08419227600097656,0.21768771225334843,worker1,worker1,worker1,0,0.3025648593902588,0.0,0.0
model_0,1517,1,0.38373589515686035,5,5,1,1,0.9148319363594055,0.2955286502838135,0.08820724487304688,0.22986446143379485,worker1,worker1,worker1,0,0.2955286502838135,0.0,0.0
model_0,1518,1,0.2726750373840332,9,9,1,0,0.8476322889328003,0.18994402885437012,0.08273100852966309,0.3034051423385172,worker1,worker1,worker1,0,0.18994402885437012,0.0,0.0
model_0,1519,1,0.5467426776885986,3,3,1,2,0.8427618741989136,0.38987255096435547,0.15687012672424316,0.28691765454898277,worker1->worker3,worker1,worker3,0,0.27846789360046387,0.0,0.1114046573638916
model_0,1520,1,0.4430673122406006,1,9,0,1,0.5674668550491333,0.326801061630249,0.11626625061035156,0.26241216040603565,worker1,worker1,worker1,0,0.326801061630249,0.0,0.0
model_0,1521,1,0.3655972480773926,6,2,0,1,0.9517208933830261,0.2745990753173828,0.09099817276000977,0.24890278370133284,worker1,worker1,worker1,0,0.2745990753173828,0.0,0.0
model_0,1522,1,0.2727336883544922,9,9,1,0,0.9528766870498657,0.18456721305847168,0.08816647529602051,0.32326947150519963,worker1,worker1,worker1,0,0.18456721305847168,0.0,0.0
model_0,1523,1,0.28527092933654785,4,2,0,0,0.8332354426383972,0.19114899635314941,0.09412193298339844,0.32993874700901704,worker1,worker1,worker1,0,0.19114899635314941,0.0,0.0
model_0,1524,1,0.3771190643310547,1,1,1,1,0.9974896907806396,0.2900826930999756,0.0870363712310791,0.23079281707878352,worker1,worker1,worker1,0,0.2900826930999756,0.0,0.0
model_0,1525,1,0.36932826042175293,4,4,1,1,0.9262468218803406,0.2822244167327881,0.08710384368896484,0.23584397140228847,worker1,worker1,worker1,0,0.2822244167327881,0.0,0.0
model_0,1526,1,0.2683265209197998,5,5,1,0,0.9805285334587097,0.1818711757659912,0.0864553451538086,0.32220201289625505,worker1,worker1,worker1,0,0.1818711757659912,0.0,0.0
model_0,1527,1,0.5818672180175781,2,2,1,2,0.9990940093994141,0.3640131950378418,0.21785402297973633,0.37440504677676306,worker1->worker3,worker1,worker3,0,0.2796187400817871,0.0,0.08439445495605469
model_0,1528,1,0.4875607490539551,0,0,1,1,0.6518950462341309,0.40050530433654785,0.08705544471740723,0.17855302110829555,worker1,worker1,worker1,0,0.40050530433654785,0.0,0.0
model_0,1529,1,0.3698909282684326,4,5,0,1,0.8432348370552063,0.28319215774536133,0.08669877052307129,0.23439009691027984,worker1,worker1,worker1,0,0.28319215774536133,0.0,0.0
model_0,1530,1,0.26694369316101074,8,0,0,0,0.6563469171524048,0.1833810806274414,0.08356261253356934,0.3130346012077064,worker1,worker1,worker1,0,0.1833810806274414,0.0,0.0
model_0,1531,1,0.3651409149169922,3,6,0,1,0.7715768814086914,0.28044795989990234,0.08469295501708984,0.23194594622830247,worker1,worker1,worker1,0,0.28044795989990234,0.0,0.0
model_0,1532,1,0.3223395347595215,7,4,0,0,0.9806674718856812,0.18108153343200684,0.14125800132751465,0.4382273537526165,worker1,worker1,worker1,0,0.18108153343200684,0.0,0.0
model_0,1533,1,0.694756031036377,2,2,1,3,0.6511898636817932,0.5064852237701416,0.18827080726623535,0.2709883741280939,worker1->worker3->worker2,worker1,worker2,0,0.2829577922821045,0.1150965690612793,0.10843086242675781
model_0,1534,1,0.2974059581756592,4,2,0,0,0.7708985209465027,0.19283413887023926,0.10457181930541992,0.351613060971885,worker1,worker1,worker1,0,0.19283413887023926,0.0,0.0
model_0,1535,1,0.2772252559661865,0,0,1,0,0.9954915642738342,0.19115376472473145,0.08607149124145508,0.310474927479022,worker1,worker1,worker1,0,0.19115376472473145,0.0,0.0
model_0,1536,1,0.2776961326599121,1,1,1,0,0.9901933073997498,0.1937711238861084,0.08392500877380371,0.3022188604858415,worker1,worker1,worker1,0,0.1937711238861084,0.0,0.0
model_0,1537,1,0.27483272552490234,7,7,1,0,0.7724463939666748,0.19185662269592285,0.08297610282897949,0.301914929055496,worker1,worker1,worker1,0,0.19185662269592285,0.0,0.0
model_0,1538,1,0.27164602279663086,6,6,1,0,0.9690819382667542,0.1887073516845703,0.08293867111206055,0.3053189229799731,worker1,worker1,worker1,0,0.1887073516845703,0.0,0.0
model_0,1539,1,0.2992286682128906,8,8,1,0,0.9441171288490295,0.19485211372375488,0.10437655448913574,0.3488186981298046,worker1,worker1,worker1,0,0.19485211372375488,0.0,0.0
model_0,1540,1,0.3686373233795166,8,8,1,1,0.8718966841697693,0.28452157974243164,0.08411574363708496,0.22818021481369857,worker1,worker1,worker1,0,0.28452157974243164,0.0,0.0
model_0,1541,1,0.28761792182922363,3,3,1,0,0.885375440120697,0.19064688682556152,0.09697103500366211,0.33715226918731356,worker1,worker1,worker1,0,0.19064688682556152,0.0,0.0
model_0,1542,1,0.3893778324127197,9,9,1,1,0.9971688389778137,0.3061525821685791,0.08322525024414062,0.21373905578663321,worker1,worker1,worker1,0,0.3061525821685791,0.0,0.0
model_0,1543,1,0.27181577682495117,9,9,1,0,0.8258729577064514,0.1882307529449463,0.08358502388000488,0.3075061530877712,worker1,worker1,worker1,0,0.1882307529449463,0.0,0.0
model_0,1544,1,0.28277158737182617,2,2,1,0,0.8397606611251831,0.19466757774353027,0.0881040096282959,0.31157306307597615,worker1,worker1,worker1,0,0.19466757774353027,0.0,0.0
model_0,1545,1,0.2824678421020508,5,5,1,0,0.8092418909072876,0.1966991424560547,0.0857686996459961,0.3036405808453386,worker1,worker1,worker1,0,0.1966991424560547,0.0,0.0
model_0,1546,1,0.5043983459472656,5,5,1,2,0.9786990880966187,0.36554932594299316,0.13884902000427246,0.2752765173000567,worker1->worker3,worker1,worker3,0,0.2829413414001465,0.0,0.08260798454284668
model_0,1547,1,0.3292660713195801,8,8,1,0,0.9933404326438904,0.24170875549316406,0.08755731582641602,0.2659166049982549,worker1,worker1,worker1,0,0.24170875549316406,0.0,0.0
model_0,1548,1,0.5479617118835449,2,7,0,2,0.8475950360298157,0.4026942253112793,0.14526748657226562,0.2651051769163362,worker1->worker3,worker1,worker3,0,0.2884652614593506,0.0,0.11422896385192871
model_0,1549,1,0.39220356941223145,6,6,1,0,0.9865167140960693,0.29732680320739746,0.09487676620483398,0.2419069422214063,worker1,worker1,worker1,0,0.29732680320739746,0.0,0.0
model_0,1550,1,0.7367842197418213,2,2,1,3,0.6827226281166077,0.5567598342895508,0.1800243854522705,0.24433800375821482,worker1->worker3->worker2,worker1,worker2,0,0.27701520919799805,0.19866347312927246,0.08108115196228027
model_0,1551,1,0.36545825004577637,5,5,1,0,0.8626437783241272,0.24620771408081055,0.11925053596496582,0.3263041289942936,worker1,worker1,worker1,0,0.24620771408081055,0.0,0.0
model_0,1552,1,0.32941651344299316,7,7,1,0,0.6359698176383972,0.19074249267578125,0.13867402076721191,0.4209686372969581,worker1,worker1,worker1,0,0.19074249267578125,0.0,0.0
model_0,1553,1,0.36588430404663086,8,8,1,1,0.991824209690094,0.2743256092071533,0.09155869483947754,0.2502394714035305,worker1,worker1,worker1,0,0.2743256092071533,0.0,0.0
model_0,1554,1,0.2709074020385742,8,8,1,0,0.9907212257385254,0.18663930892944336,0.08426809310913086,0.3110586586967159,worker1,worker1,worker1,0,0.18663930892944336,0.0,0.0
model_0,1555,1,0.3585200309753418,3,3,1,1,0.9833804368972778,0.2746098041534424,0.08391022682189941,0.2340461329137578,worker1,worker1,worker1,0,0.2746098041534424,0.0,0.0
model_0,1556,1,0.27017712593078613,6,6,1,0,0.9654122591018677,0.18473196029663086,0.08544516563415527,0.31625610547076655,worker1,worker1,worker1,0,0.18473196029663086,0.0,0.0
model_0,1557,1,0.2705526351928711,0,0,1,0,0.8896986246109009,0.18427777290344238,0.08627486228942871,0.3188838365145667,worker1,worker1,worker1,0,0.18427777290344238,0.0,0.0
model_0,1558,1,0.2690603733062744,6,6,1,0,0.7665808200836182,0.1836414337158203,0.0854189395904541,0.3174712743493475,worker1,worker1,worker1,0,0.1836414337158203,0.0,0.0
model_0,1559,1,0.26875805854797363,5,3,0,0,0.7353939414024353,0.18455052375793457,0.08420753479003906,0.31332096698789,worker1,worker1,worker1,0,0.18455052375793457,0.0,0.0
model_0,1560,1,0.36321377754211426,6,2,0,1,0.8822773098945618,0.27678489685058594,0.08642888069152832,0.23795595331321642,worker1,worker1,worker1,0,0.27678489685058594,0.0,0.0
model_0,1561,1,0.5718388557434082,0,0,1,2,0.890469491481781,0.3916177749633789,0.1802210807800293,0.31516060682119323,worker1->worker3,worker1,worker3,0,0.2800102233886719,0.0,0.11160755157470703
model_0,1562,1,0.3174107074737549,9,9,1,0,0.9957952499389648,0.2298128604888916,0.08759784698486328,0.27597634522807113,worker1,worker1,worker1,0,0.2298128604888916,0.0,0.0
model_0,1563,1,0.2761051654815674,6,2,0,0,0.9013439416885376,0.19123482704162598,0.0848703384399414,0.3073841023289631,worker1,worker1,worker1,0,0.19123482704162598,0.0,0.0
model_0,1564,1,0.38806748390197754,3,5,0,1,0.48982512950897217,0.288071870803833,0.09999561309814453,0.2576758353797108,worker1,worker1,worker1,0,0.288071870803833,0.0,0.0
model_0,1565,1,0.268146276473999,7,0,0,0,0.7585431933403015,0.18418145179748535,0.08396482467651367,0.31313067546793016,worker1,worker1,worker1,0,0.18418145179748535,0.0,0.0
model_0,1566,1,0.270174503326416,9,9,1,0,0.9989878535270691,0.18433451652526855,0.08583998680114746,0.31772053152416974,worker1,worker1,worker1,0,0.18433451652526855,0.0,0.0
model_0,1567,1,0.2769484519958496,4,4,1,0,0.9354462623596191,0.19125151634216309,0.08569693565368652,0.30943280251651595,worker1,worker1,worker1,0,0.19125151634216309,0.0,0.0
model_0,1568,1,0.27379465103149414,1,1,1,0,0.8420365452766418,0.1883711814880371,0.08542346954345703,0.31199831414394913,worker1,worker1,worker1,0,0.1883711814880371,0.0,0.0
model_0,1569,1,0.3846864700317383,8,8,1,1,0.9562451243400574,0.2760748863220215,0.1086115837097168,0.2823379353600762,worker1,worker1,worker1,0,0.2760748863220215,0.0,0.0
model_0,1570,1,0.3643198013305664,7,7,1,1,0.9443962574005127,0.2797219753265381,0.08459782600402832,0.23220759809118444,worker1,worker1,worker1,0,0.2797219753265381,0.0,0.0
model_0,1571,1,0.7718963623046875,2,2,1,3,0.5775620937347412,0.5863311290740967,0.18556523323059082,0.24040174600193726,worker1->worker3->worker2,worker1,worker2,0,0.28508424758911133,0.22061872482299805,0.0806281566619873
model_0,1572,1,0.31548404693603516,8,8,1,0,0.9834730625152588,0.2270030975341797,0.08848094940185547,0.28046093062764316,worker1,worker1,worker1,0,0.2270030975341797,0.0,0.0
model_0,1573,1,0.3732750415802002,6,6,1,1,0.9988223910331726,0.2867574691772461,0.0865175724029541,0.23177968726946166,worker1,worker1,worker1,0,0.2867574691772461,0.0,0.0
model_0,1574,1,0.37499499320983887,1,8,0,1,0.9848741888999939,0.2890331745147705,0.08596181869506836,0.22923457713198328,worker1,worker1,worker1,0,0.2890331745147705,0.0,0.0
model_0,1575,1,0.28072285652160645,5,5,1,0,0.8262104988098145,0.18810367584228516,0.09261918067932129,0.3299310281569205,worker1,worker1,worker1,0,0.18810367584228516,0.0,0.0
model_0,1576,1,0.3288259506225586,1,1,1,0,0.909214437007904,0.18694067001342773,0.14188528060913086,0.43149052056415477,worker1,worker1,worker1,0,0.18694067001342773,0.0,0.0
model_0,1577,1,0.36660003662109375,2,2,1,1,0.6653335094451904,0.28177690505981445,0.0848231315612793,0.23137785894154128,worker1,worker1,worker1,0,0.28177690505981445,0.0,0.0
model_0,1578,1,0.2753632068634033,1,1,1,0,0.9908288717269897,0.19079256057739258,0.08457064628601074,0.30712398816579317,worker1,worker1,worker1,0,0.19079256057739258,0.0,0.0
model_0,1579,1,0.39650583267211914,4,7,0,1,0.7298126220703125,0.28157520294189453,0.11493062973022461,0.2898586105422154,worker1,worker1,worker1,0,0.28157520294189453,0.0,0.0
model_0,1580,1,0.37099361419677734,3,3,1,1,0.8186155557632446,0.287273645401001,0.08371996879577637,0.22566417747387632,worker1,worker1,worker1,0,0.287273645401001,0.0,0.0
model_0,1581,1,0.2882394790649414,5,5,1,0,0.9529812335968018,0.20255756378173828,0.08568191528320312,0.29725947174605694,worker1,worker1,worker1,0,0.20255756378173828,0.0,0.0
model_0,1582,1,0.3672339916229248,4,4,1,1,0.9753697514533997,0.28196144104003906,0.08527255058288574,0.23220222672209342,worker1,worker1,worker1,0,0.28196144104003906,0.0,0.0
model_0,1583,1,0.2736787796020508,0,0,1,0,0.9423198103904724,0.18775677680969238,0.0859220027923584,0.31395200942248924,worker1,worker1,worker1,0,0.18775677680969238,0.0,0.0
model_0,1584,1,0.788855791091919,0,9,0,3,0.9305548667907715,0.5957531929016113,0.19310259819030762,0.24478821144612342,worker1->worker3->worker2,worker1,worker2,0,0.28595566749572754,0.22234511375427246,0.08745241165161133
model_0,1585,1,0.40250492095947266,9,9,1,1,0.9994513392448425,0.312335729598999,0.09016919136047363,0.2240200968115681,worker1,worker1,worker1,0,0.312335729598999,0.0,0.0
model_0,1586,1,0.740576982498169,7,7,1,3,0.4233100414276123,0.5525588989257812,0.1880180835723877,0.25388053911444997,worker1->worker3->worker2,worker1,worker2,0,0.2751810550689697,0.19257307052612305,0.08480477333068848
model_0,1587,1,0.3939967155456543,6,6,1,0,0.9003481864929199,0.3092353343963623,0.08476138114929199,0.21513220238880465,worker1,worker1,worker1,0,0.3092353343963623,0.0,0.0
model_0,1588,1,0.3739783763885498,5,5,1,1,0.6283237338066101,0.28539538383483887,0.08858299255371094,0.23686661621760843,worker1,worker1,worker1,0,0.28539538383483887,0.0,0.0
model_0,1589,1,0.5072402954101562,4,4,1,2,0.8997463583946228,0.36513495445251465,0.1421053409576416,0.28015388809505903,worker1->worker3,worker1,worker3,0,0.2781820297241211,0.0,0.08695292472839355
model_0,1590,1,0.37074851989746094,9,9,1,0,0.9973704814910889,0.27960777282714844,0.0911407470703125,0.2458290247403269,worker1,worker1,worker1,0,0.27960777282714844,0.0,0.0
model_0,1591,1,0.3896145820617676,2,2,1,1,0.9848253130912781,0.2761218547821045,0.11349272727966309,0.29129486550293054,worker1,worker1,worker1,0,0.2761218547821045,0.0,0.0
model_0,1592,1,0.3691897392272949,7,7,1,1,0.7931163907051086,0.28492188453674316,0.08426785469055176,0.22825080368409564,worker1,worker1,worker1,0,0.28492188453674316,0.0,0.0
model_0,1593,1,0.5106515884399414,0,0,1,2,0.8319463133811951,0.3676173686981201,0.1430342197418213,0.28010139002758394,worker1->worker3,worker1,worker3,0,0.2837960720062256,0.0,0.08382129669189453
model_0,1594,1,0.49576663970947266,4,4,1,1,0.9855127930641174,0.41120266914367676,0.0845639705657959,0.17057212767553656,worker1,worker1,worker1,0,0.41120266914367676,0.0,0.0
model_0,1595,1,0.2893812656402588,9,9,1,0,0.9959259033203125,0.18163132667541504,0.10774993896484375,0.37234593858882326,worker1,worker1,worker1,0,0.18163132667541504,0.0,0.0
model_0,1596,1,0.26431870460510254,0,0,1,0,0.9287335276603699,0.18191838264465332,0.08240032196044922,0.31174608729850184,worker1,worker1,worker1,0,0.18191838264465332,0.0,0.0
model_0,1597,1,0.3711702823638916,6,6,1,1,0.9939696788787842,0.28783750534057617,0.08333277702331543,0.22451360193113956,worker1,worker1,worker1,0,0.28783750534057617,0.0,0.0
model_0,1598,1,0.3677034378051758,4,2,0,1,0.9342818856239319,0.28402185440063477,0.08368158340454102,0.2275790074306537,worker1,worker1,worker1,0,0.28402185440063477,0.0,0.0
model_0,1599,1,0.28205227851867676,7,7,1,0,0.9878582954406738,0.19033527374267578,0.09171700477600098,0.3251773226498779,worker1,worker1,worker1,0,0.19033527374267578,0.0,0.0
model_0,1600,1,0.2765812873840332,1,9,0,0,0.8933659791946411,0.19224143028259277,0.08433985710144043,0.30493696048328284,worker1,worker1,worker1,0,0.19224143028259277,0.0,0.0
model_0,1601,1,0.5486032962799072,5,6,0,2,0.9833472371101379,0.4039788246154785,0.1446244716644287,0.26362304536835796,worker1->worker3,worker1,worker3,0,0.2907085418701172,0.0,0.11327028274536133
model_0,1602,1,0.4813694953918457,9,9,1,1,0.9079498052597046,0.3948945999145508,0.08647489547729492,0.1796434886404723,worker1,worker1,worker1,0,0.3948945999145508,0.0,0.0
model_0,1603,1,0.2729308605194092,4,4,1,0,0.9169499278068542,0.18719911575317383,0.08573174476623535,0.3141152473673406,worker1,worker1,worker1,0,0.18719911575317383,0.0,0.0
model_0,1604,1,0.38756370544433594,9,9,1,1,0.9774991273880005,0.28183603286743164,0.1057276725769043,0.27280075789266467,worker1,worker1,worker1,0,0.28183603286743164,0.0,0.0
model_0,1605,1,0.26988840103149414,3,5,0,0,0.9168989658355713,0.18341374397277832,0.08647465705871582,0.3204089420968662,worker1,worker1,worker1,0,0.18341374397277832,0.0,0.0
model_0,1606,1,0.2779831886291504,8,8,1,0,0.9984562397003174,0.1923377513885498,0.08564543724060059,0.3080957437136883,worker1,worker1,worker1,0,0.1923377513885498,0.0,0.0
model_0,1607,1,0.2891242504119873,6,6,1,0,0.8792210817337036,0.19071245193481445,0.09841179847717285,0.34037891438349105,worker1,worker1,worker1,0,0.19071245193481445,0.0,0.0
model_0,1608,1,0.8121843338012695,5,5,1,3,0.9399271011352539,0.6311464309692383,0.18103790283203125,0.2229024807517757,worker1->worker3->worker2,worker1,worker2,0,0.2923872470855713,0.2572212219238281,0.08153796195983887
model_0,1609,1,0.6219940185546875,3,5,0,2,0.9246160984039307,0.4739563465118408,0.14803767204284668,0.23800497693987194,worker1->worker3,worker1,worker3,0,0.38970398902893066,0.0,0.08425235748291016
model_0,1610,1,0.2782168388366699,2,4,0,0,0.7644372582435608,0.19070148468017578,0.08751535415649414,0.31455807823289567,worker1,worker1,worker1,0,0.19070148468017578,0.0,0.0
model_0,1611,1,0.27613043785095215,4,4,1,0,0.879645586013794,0.19147014617919922,0.08466029167175293,0.3065952900036696,worker1,worker1,worker1,0,0.19147014617919922,0.0,0.0
model_0,1612,1,0.36072492599487305,6,3,0,1,0.8793532848358154,0.2774062156677246,0.08331871032714844,0.23097575000495707,worker1,worker1,worker1,0,0.2774062156677246,0.0,0.0
model_0,1613,1,0.277508020401001,4,4,1,0,0.8377131223678589,0.193192720413208,0.08431529998779297,0.30383013747118653,worker1,worker1,worker1,0,0.193192720413208,0.0,0.0
model_0,1614,1,0.3707900047302246,3,3,1,1,0.7247721552848816,0.28646302223205566,0.08432698249816895,0.22742517711480023,worker1,worker1,worker1,0,0.28646302223205566,0.0,0.0
model_0,1615,1,0.2714710235595703,0,0,1,0,0.8125140070915222,0.1862044334411621,0.0852665901184082,0.31409094422078426,worker1,worker1,worker1,0,0.1862044334411621,0.0,0.0
model_0,1616,1,0.36743712425231934,3,1,0,1,0.7589549422264099,0.2809407711029053,0.08649635314941406,0.23540450172372065,worker1,worker1,worker1,0,0.2809407711029053,0.0,0.0
model_0,1617,1,0.5431389808654785,9,9,1,2,0.9557300806045532,0.397655725479126,0.14548325538635254,0.26785640602434496,worker1->worker3,worker1,worker3,0,0.2818138599395752,0.0,0.11584186553955078
model_0,1618,1,0.6315019130706787,2,2,1,2,0.9942704439163208,0.4905557632446289,0.1409461498260498,0.2231919601647745,worker1->worker3,worker1,worker3,0,0.4094078540802002,0.0,0.08114790916442871
model_0,1619,1,0.6594347953796387,2,2,1,2,0.9585294723510742,0.516373872756958,0.14306092262268066,0.2169447587919895,worker1->worker3,worker1,worker3,0,0.4146840572357178,0.0,0.10168981552124023
model_0,1620,1,0.39037108421325684,8,8,1,0,0.9993765950202942,0.29988765716552734,0.09048342704772949,0.23178824125789774,worker1,worker1,worker1,0,0.29988765716552734,0.0,0.0
model_0,1621,1,0.3713502883911133,9,9,1,1,0.7762874960899353,0.28494834899902344,0.08640193939208984,0.23266964398069798,worker1,worker1,worker1,0,0.28494834899902344,0.0,0.0
model_0,1622,1,0.31714606285095215,1,9,0,0,0.9460269212722778,0.18992018699645996,0.1272258758544922,0.4011586166664286,worker1,worker1,worker1,0,0.18992018699645996,0.0,0.0
model_0,1623,1,0.5090024471282959,0,2,0,2,0.9101388454437256,0.3608219623565674,0.14818048477172852,0.2911193956094657,worker1->worker3,worker1,worker3,0,0.2799851894378662,0.0,0.08083677291870117
model_0,1624,1,0.39058446884155273,3,5,0,0,0.6829520463943481,0.3039052486419678,0.08667922019958496,0.2219218302680332,worker1,worker1,worker1,0,0.3039052486419678,0.0,0.0
model_0,1625,1,0.3080441951751709,9,9,1,0,0.9528146982192993,0.18401598930358887,0.12402820587158203,0.4026312062171883,worker1,worker1,worker1,0,0.18401598930358887,0.0,0.0
model_0,1626,1,0.2859222888946533,8,8,1,0,0.5592523813247681,0.19403719902038574,0.09188508987426758,0.3213638580940508,worker1,worker1,worker1,0,0.19403719902038574,0.0,0.0
model_0,1627,1,0.2987992763519287,7,7,1,0,0.9663586616516113,0.18402528762817383,0.11477398872375488,0.3841173583987297,worker1,worker1,worker1,0,0.18402528762817383,0.0,0.0
model_0,1628,1,0.41094160079956055,6,6,1,1,0.9717370867729187,0.27713775634765625,0.1338038444519043,0.3256030642591671,worker1,worker1,worker1,0,0.27713775634765625,0.0,0.0
model_0,1629,1,0.36646604537963867,5,5,1,1,0.9939941763877869,0.2827455997467041,0.08372044563293457,0.22845348617824823,worker1,worker1,worker1,0,0.2827455997467041,0.0,0.0
model_0,1630,1,0.3776130676269531,3,3,1,1,0.8520826697349548,0.2879507541656494,0.08966231346130371,0.237444943377547,worker1,worker1,worker1,0,0.2879507541656494,0.0,0.0
model_0,1631,1,0.2786529064178467,1,1,1,0,0.9953455328941345,0.18462777137756348,0.0940251350402832,0.3374274334655253,worker1,worker1,worker1,0,0.18462777137756348,0.0,0.0
model_0,1632,1,0.5305571556091309,0,0,1,2,0.8390187621116638,0.38607239723205566,0.1444847583770752,0.2723264719918681,worker1->worker3,worker1,worker3,0,0.2834959030151367,0.0,0.10257649421691895
model_0,1633,1,0.48353123664855957,3,3,1,1,0.9906609654426575,0.3861503601074219,0.0973808765411377,0.2013952132981144,worker1,worker1,worker1,0,0.3861503601074219,0.0,0.0
model_0,1634,1,0.2744886875152588,7,7,1,0,0.9989190101623535,0.18931221961975098,0.08517646789550781,0.31030957474621923,worker1,worker1,worker1,0,0.18931221961975098,0.0,0.0
model_0,1635,1,0.5378966331481934,8,8,1,2,0.9461340308189392,0.36973118782043457,0.1681654453277588,0.31263524432849227,worker1->worker3,worker1,worker3,0,0.2785048484802246,0.0,0.09122633934020996
model_0,1636,1,0.361905574798584,8,8,1,0,0.8807522058486938,0.2771785259246826,0.08472704887390137,0.23411368813828196,worker1,worker1,worker1,0,0.2771785259246826,0.0,0.0
model_0,1637,1,0.28006958961486816,1,1,1,0,0.8392543196678162,0.18865394592285156,0.0914156436920166,0.326403319324047,worker1,worker1,worker1,0,0.18865394592285156,0.0,0.0
model_0,1638,1,0.2786586284637451,3,3,1,0,0.8670368790626526,0.18846654891967773,0.09019207954406738,0.32366512403114706,worker1,worker1,worker1,0,0.18846654891967773,0.0,0.0
model_0,1639,1,0.2882058620452881,4,4,1,0,0.8247487545013428,0.18375563621520996,0.10445022583007812,0.3624153412037991,worker1,worker1,worker1,0,0.18375563621520996,0.0,0.0
model_0,1640,1,0.3000030517578125,8,8,1,0,0.9456926584243774,0.18302607536315918,0.11697697639465332,0.3899192881847312,worker1,worker1,worker1,0,0.18302607536315918,0.0,0.0
model_0,1641,1,0.4203462600708008,3,3,1,1,0.6038248538970947,0.27564096450805664,0.14470529556274414,0.344252606264109,worker1,worker1,worker1,0,0.27564096450805664,0.0,0.0
model_0,1642,1,0.36504268646240234,4,4,1,1,0.7073737978935242,0.28157854080200195,0.08346414566040039,0.22864215270067273,worker1,worker1,worker1,0,0.28157854080200195,0.0,0.0
model_0,1643,1,0.2788727283477783,8,0,0,0,0.7416041493415833,0.19105005264282227,0.08782267570495605,0.31492027286165325,worker1,worker1,worker1,0,0.19105005264282227,0.0,0.0
model_0,1644,1,0.2733123302459717,4,4,1,0,0.8744116425514221,0.18421244621276855,0.08909988403320312,0.32600023552913365,worker1,worker1,worker1,0,0.18421244621276855,0.0,0.0
model_0,1645,1,0.27100348472595215,1,1,1,0,0.9036584496498108,0.18433356285095215,0.086669921875,0.3198110974943497,worker1,worker1,worker1,0,0.18433356285095215,0.0,0.0
model_0,1646,1,0.2770061492919922,2,2,1,0,0.8880842924118042,0.18403911590576172,0.09296703338623047,0.33561360866481676,worker1,worker1,worker1,0,0.18403911590576172,0.0,0.0
model_0,1647,1,0.3566579818725586,1,1,1,1,0.7675718069076538,0.2732119560241699,0.08344602584838867,0.23396651719463185,worker1,worker1,worker1,0,0.2732119560241699,0.0,0.0
model_0,1648,1,0.26636791229248047,6,2,0,0,0.5488532185554504,0.18248844146728516,0.08387947082519531,0.3149008080714053,worker1,worker1,worker1,0,0.18248844146728516,0.0,0.0
model_0,1649,1,0.36675047874450684,9,1,0,1,0.6414136290550232,0.2775912284851074,0.08915925025939941,0.2431060228322465,worker1,worker1,worker1,0,0.2775912284851074,0.0,0.0
model_0,1650,1,0.40215206146240234,6,6,1,1,0.9919710159301758,0.28133678436279297,0.12081527709960938,0.300421876889731,worker1,worker1,worker1,0,0.28133678436279297,0.0,0.0
model_0,1651,1,0.37557291984558105,9,1,0,1,0.7197756171226501,0.28519487380981445,0.0903780460357666,0.2406404755511288,worker1,worker1,worker1,0,0.28519487380981445,0.0,0.0
model_0,1652,1,0.3580021858215332,1,1,1,1,0.9735674858093262,0.2737886905670166,0.0842134952545166,0.2352317907257071,worker1,worker1,worker1,0,0.2737886905670166,0.0,0.0
model_0,1653,1,0.36859726905822754,7,6,0,1,0.8782965540885925,0.2791142463684082,0.08948302268981934,0.24276637458126052,worker1,worker1,worker1,0,0.2791142463684082,0.0,0.0
model_0,1654,1,0.31580209732055664,0,0,1,0,0.7219055891036987,0.1833198070526123,0.13248229026794434,0.4195104826471987,worker1,worker1,worker1,0,0.1833198070526123,0.0,0.0
model_0,1655,1,0.5246853828430176,3,3,1,2,0.9600680470466614,0.3814098834991455,0.14327549934387207,0.2730693555203141,worker1->worker3,worker1,worker3,0,0.28295278549194336,0.0,0.09845709800720215
model_0,1656,1,0.37548398971557617,0,0,1,0,0.8692260980606079,0.2895772457122803,0.0859067440032959,0.2287893661414673,worker1,worker1,worker1,0,0.2895772457122803,0.0,0.0
model_0,1657,1,0.2771453857421875,5,5,1,0,0.9193576574325562,0.19014310836791992,0.08700227737426758,0.31392287892969223,worker1,worker1,worker1,0,0.19014310836791992,0.0,0.0
model_0,1658,1,0.27336978912353516,7,4,0,0,0.49782252311706543,0.18403959274291992,0.08933019638061523,0.32677420817794584,worker1,worker1,worker1,0,0.18403959274291992,0.0,0.0
model_0,1659,1,0.274799108505249,2,2,1,0,0.910301923751831,0.18248724937438965,0.09231185913085938,0.33592488575739354,worker1,worker1,worker1,0,0.18248724937438965,0.0,0.0
model_0,1660,1,0.401775598526001,4,4,1,1,0.9217519164085388,0.2787313461303711,0.12304425239562988,0.3062511831157587,worker1,worker1,worker1,0,0.2787313461303711,0.0,0.0
model_0,1661,1,0.27489376068115234,4,4,1,0,0.8097649216651917,0.19083166122436523,0.08406209945678711,0.30579849920380786,worker1,worker1,worker1,0,0.19083166122436523,0.0,0.0
model_0,1662,1,0.27341485023498535,9,1,0,0,0.7303287386894226,0.18843770027160645,0.0849771499633789,0.3107993215816391,worker1,worker1,worker1,0,0.18843770027160645,0.0,0.0
model_0,1663,1,0.2751131057739258,6,6,1,0,0.9926706552505493,0.18444013595581055,0.09067296981811523,0.3295843342796826,worker1,worker1,worker1,0,0.18444013595581055,0.0,0.0
model_0,1664,1,0.35719895362854004,5,5,1,1,0.9733128547668457,0.2745795249938965,0.08261942863464355,0.2312980701521358,worker1,worker1,worker1,0,0.2745795249938965,0.0,0.0
model_0,1665,1,0.27118563652038574,7,7,1,0,0.865354061126709,0.18717551231384277,0.08401012420654297,0.30978825163635726,worker1,worker1,worker1,0,0.18717551231384277,0.0,0.0
model_0,1666,1,0.36876559257507324,6,6,1,1,0.9416596293449402,0.2732048034667969,0.09556078910827637,0.2591369450739147,worker1,worker1,worker1,0,0.2732048034667969,0.0,0.0
model_0,1667,1,0.2754831314086914,5,5,1,0,0.7920332551002502,0.19131231307983398,0.08417081832885742,0.30553891956450246,worker1,worker1,worker1,0,0.19131231307983398,0.0,0.0
model_0,1668,1,0.3627340793609619,6,6,1,1,0.8988332748413086,0.27416515350341797,0.08856892585754395,0.24417040167159956,worker1,worker1,worker1,0,0.27416515350341797,0.0,0.0
model_0,1669,1,0.33231115341186523,7,7,1,0,0.9661142826080322,0.19070124626159668,0.14160990715026855,0.42613648592997344,worker1,worker1,worker1,0,0.19070124626159668,0.0,0.0
model_0,1670,1,0.26471996307373047,5,5,1,0,0.9496122598648071,0.18214011192321777,0.0825798511505127,0.3119517326598914,worker1,worker1,worker1,0,0.18214011192321777,0.0,0.0
model_0,1671,1,0.2746422290802002,7,7,1,0,0.7750748991966248,0.18886303901672363,0.08577919006347656,0.3123306650647216,worker1,worker1,worker1,0,0.18886303901672363,0.0,0.0
model_0,1672,1,0.3797311782836914,6,6,1,1,0.984183132648468,0.28360891342163086,0.09612226486206055,0.25313240091718003,worker1,worker1,worker1,0,0.28360891342163086,0.0,0.0
model_0,1673,1,0.4126265048980713,3,3,1,1,0.9948490262031555,0.27626895904541016,0.13635754585266113,0.33046240179443814,worker1,worker1,worker1,0,0.27626895904541016,0.0,0.0
model_0,1674,1,0.267071008682251,5,5,1,0,0.8922517895698547,0.18345975875854492,0.08361124992370605,0.3130674884415588,worker1,worker1,worker1,0,0.18345975875854492,0.0,0.0
model_0,1675,1,0.5257530212402344,2,2,1,2,0.9593340754508972,0.3796098232269287,0.14614319801330566,0.27796929757732747,worker1->worker3,worker1,worker3,0,0.2733469009399414,0.0,0.1062629222869873
model_0,1676,1,0.3847489356994629,8,8,1,0,0.7430282235145569,0.2889881134033203,0.09576082229614258,0.24889171459838363,worker1,worker1,worker1,0,0.2889881134033203,0.0,0.0
model_0,1677,1,0.2738156318664551,9,1,0,0,0.9168543219566345,0.1888594627380371,0.08495616912841797,0.3102677832865753,worker1,worker1,worker1,0,0.1888594627380371,0.0,0.0
model_0,1678,1,0.2692391872406006,8,8,1,0,0.9966636300086975,0.17980742454528809,0.0894317626953125,0.33216473282321074,worker1,worker1,worker1,0,0.17980742454528809,0.0,0.0
model_0,1679,1,0.36327123641967773,6,0,0,1,0.9783908724784851,0.2777903079986572,0.08548092842102051,0.23530882671444603,worker1,worker1,worker1,0,0.2777903079986572,0.0,0.0
model_0,1680,1,0.5483341217041016,2,3,0,2,0.5292870998382568,0.36931896209716797,0.1790151596069336,0.32647094631024226,worker1->worker3,worker1,worker3,0,0.2847745418548584,0.0,0.08454442024230957
model_0,1681,1,0.27208662033081055,0,9,0,0,0.9269821047782898,0.18758320808410645,0.0845034122467041,0.3105754047882343,worker1,worker1,worker1,0,0.18758320808410645,0.0,0.0
model_0,1682,1,0.35840606689453125,3,3,1,1,0.9989534616470337,0.27597498893737793,0.08243107795715332,0.22999353406986398,worker1,worker1,worker1,0,0.27597498893737793,0.0,0.0
model_0,1683,1,0.2717106342315674,6,6,1,0,0.7977738976478577,0.1852118968963623,0.08649873733520508,0.3183487373611071,worker1,worker1,worker1,0,0.1852118968963623,0.0,0.0
model_0,1684,1,0.3671271800994873,4,7,0,1,0.9506106972694397,0.2782413959503174,0.08888578414916992,0.2421116958027539,worker1,worker1,worker1,0,0.2782413959503174,0.0,0.0
model_0,1685,1,0.5067508220672607,2,8,0,2,0.8764599561691284,0.3648529052734375,0.14189791679382324,0.28001516843122004,worker1->worker3,worker1,worker3,0,0.2799713611602783,0.0,0.08488154411315918
model_0,1686,1,0.3152651786804199,6,6,1,0,0.8699149489402771,0.18954801559448242,0.1257171630859375,0.39876640868535407,worker1,worker1,worker1,0,0.18954801559448242,0.0,0.0
model_0,1687,1,0.3644444942474365,3,3,1,1,0.9341138601303101,0.2765796184539795,0.08786487579345703,0.24109261404783883,worker1,worker1,worker1,0,0.2765796184539795,0.0,0.0
model_0,1688,1,0.36144065856933594,6,2,0,1,0.7148863077163696,0.276564359664917,0.08487629890441895,0.2348277563469992,worker1,worker1,worker1,0,0.276564359664917,0.0,0.0
model_0,1689,1,0.27716851234436035,5,5,1,0,0.504692018032074,0.19107484817504883,0.08609366416931152,0.3106184877968636,worker1,worker1,worker1,0,0.19107484817504883,0.0,0.0
model_0,1690,1,0.26907920837402344,8,8,1,0,0.828002393245697,0.1792926788330078,0.08978652954101562,0.33368066631224524,worker1,worker1,worker1,0,0.1792926788330078,0.0,0.0
model_0,1691,1,0.36505126953125,1,1,1,1,0.9650783538818359,0.27619194984436035,0.08885931968688965,0.24341599962380872,worker1,worker1,worker1,0,0.27619194984436035,0.0,0.0
model_0,1692,1,0.37398529052734375,8,8,1,1,0.8415867686271667,0.28209972381591797,0.09188556671142578,0.24569299659315774,worker1,worker1,worker1,0,0.28209972381591797,0.0,0.0
model_0,1693,1,0.5371794700622559,2,2,1,2,0.9922170639038086,0.3939974308013916,0.14318203926086426,0.2665441388597191,worker1->worker3,worker1,worker3,0,0.2812919616699219,0.0,0.11270546913146973
model_0,1694,1,0.30592846870422363,7,7,1,0,0.991312563419342,0.22075510025024414,0.08517336845397949,0.27840942300903165,worker1,worker1,worker1,0,0.22075510025024414,0.0,0.0
model_0,1695,1,0.2744910717010498,7,4,0,0,0.9044269323348999,0.18559885025024414,0.08889222145080566,0.3238437625673261,worker1,worker1,worker1,0,0.18559885025024414,0.0,0.0
model_0,1696,1,0.7529261112213135,3,3,1,3,0.9516903758049011,0.564645528793335,0.18828058242797852,0.25006515197430274,worker1->worker3->worker2,worker1,worker2,0,0.2887759208679199,0.19264841079711914,0.0832211971282959
model_0,1697,1,0.4905877113342285,6,6,1,1,0.9030207991600037,0.4032771587371826,0.0873105525970459,0.17797134045529078,worker1,worker1,worker1,0,0.4032771587371826,0.0,0.0
model_0,1698,1,0.27629756927490234,0,0,1,0,0.9192326068878174,0.18127226829528809,0.09502530097961426,0.3439237675126588,worker1,worker1,worker1,0,0.18127226829528809,0.0,0.0
model_0,1699,1,0.3405942916870117,6,6,1,0,0.8077753186225891,0.18461275100708008,0.15598154067993164,0.45796874606245747,worker1,worker1,worker1,0,0.18461275100708008,0.0,0.0
model_0,1700,1,0.27103233337402344,3,3,1,0,0.8349219560623169,0.18361330032348633,0.08741903305053711,0.3225409749540813,worker1,worker1,worker1,0,0.18361330032348633,0.0,0.0
model_0,1701,1,0.2714996337890625,3,3,1,0,0.7716107368469238,0.18811774253845215,0.08338189125061035,0.30711603580059577,worker1,worker1,worker1,0,0.18811774253845215,0.0,0.0
model_0,1702,1,0.26497983932495117,4,7,0,0,0.9072067737579346,0.18027234077453613,0.08470749855041504,0.3196752581864773,worker1,worker1,worker1,0,0.18027234077453613,0.0,0.0
model_0,1703,1,0.5024902820587158,4,4,1,2,0.95637446641922,0.36278343200683594,0.13970685005187988,0.27802895904672476,worker1->worker3,worker1,worker3,0,0.2805216312408447,0.0,0.08226180076599121
model_0,1704,1,0.3627607822418213,9,9,1,0,0.7875368595123291,0.2774362564086914,0.08532452583312988,0.23520879325993788,worker1,worker1,worker1,0,0.2774362564086914,0.0,0.0
model_0,1705,1,0.3044455051422119,2,2,1,0,0.9347077012062073,0.18579864501953125,0.11864686012268066,0.389714606123873,worker1,worker1,worker1,0,0.18579864501953125,0.0,0.0
model_0,1706,1,0.5513916015625,5,3,0,2,0.9174791574478149,0.4019784927368164,0.1494131088256836,0.2709745821341598,worker1->worker3,worker1,worker3,0,0.28754138946533203,0.0,0.11443710327148438
model_0,1707,1,0.3291740417480469,8,9,0,0,0.7441584467887878,0.24468612670898438,0.0844879150390625,0.25666639626380505,worker1,worker1,worker1,0,0.24468612670898438,0.0,0.0
model_0,1708,1,0.36995863914489746,3,3,1,1,0.7827802300453186,0.28395867347717285,0.08599996566772461,0.23245832525089916,worker1,worker1,worker1,0,0.28395867347717285,0.0,0.0
model_0,1709,1,0.27836155891418457,6,6,1,0,0.9854017496109009,0.18800973892211914,0.09035181999206543,0.3245844014687379,worker1,worker1,worker1,0,0.18800973892211914,0.0,0.0
model_0,1710,1,0.27158498764038086,7,7,1,0,0.9530119895935059,0.1861426830291748,0.08544230461120605,0.3146061398811353,worker1,worker1,worker1,0,0.1861426830291748,0.0,0.0
model_0,1711,1,0.3605766296386719,9,7,0,1,0.9990860223770142,0.2766892910003662,0.08388733863830566,0.23264774181945136,worker1,worker1,worker1,0,0.2766892910003662,0.0,0.0
model_0,1712,1,0.3690502643585205,3,5,0,1,0.9980535507202148,0.28470849990844727,0.08434176445007324,0.22853733649717134,worker1,worker1,worker1,0,0.28470849990844727,0.0,0.0
model_0,1713,1,0.3729846477508545,9,0,0,1,0.7199610471725464,0.2882058620452881,0.0847787857055664,0.22729832505652287,worker1,worker1,worker1,0,0.2882058620452881,0.0,0.0
model_0,1714,1,0.8110911846160889,4,7,0,3,0.3766201138496399,0.6130080223083496,0.19808316230773926,0.2442181175985747,worker1->worker3->worker2,worker1,worker2,0,0.2812988758087158,0.24592375755310059,0.0857853889465332
model_0,1715,1,0.970750093460083,8,0,0,3,0.38427332043647766,0.772601842880249,0.19814825057983398,0.20411870358267628,worker1->worker3->worker2,worker1,worker2,0,0.40804529190063477,0.24312329292297363,0.12143325805664062
model_0,1716,1,0.39362215995788574,8,8,1,0,0.9981688261032104,0.3048551082611084,0.08876705169677734,0.22551334941679776,worker1,worker1,worker1,0,0.3048551082611084,0.0,0.0
model_0,1717,1,0.2840883731842041,6,6,1,0,0.8202880024909973,0.1940774917602539,0.0900108814239502,0.31684113086031424,worker1,worker1,worker1,0,0.1940774917602539,0.0,0.0
model_0,1718,1,0.27562952041625977,4,3,0,0,0.8453181982040405,0.1921522617340088,0.08347725868225098,0.30286037052991416,worker1,worker1,worker1,0,0.1921522617340088,0.0,0.0
model_0,1719,1,0.27550816535949707,3,6,0,0,0.7391064167022705,0.19201898574829102,0.08348917961120605,0.30303704248571045,worker1,worker1,worker1,0,0.19201898574829102,0.0,0.0
model_0,1720,1,0.26824474334716797,2,2,1,0,0.9066725373268127,0.18538594245910645,0.08285880088806152,0.3088925428850769,worker1,worker1,worker1,0,0.18538594245910645,0.0,0.0
model_0,1721,1,0.2658088207244873,8,8,1,0,0.9563647508621216,0.18086791038513184,0.08494091033935547,0.3195564018825294,worker1,worker1,worker1,0,0.18086791038513184,0.0,0.0
model_0,1722,1,0.36237144470214844,4,4,1,1,0.9266934394836426,0.2705206871032715,0.09185075759887695,0.25347129014090436,worker1,worker1,worker1,0,0.2705206871032715,0.0,0.0
model_0,1723,1,0.5291213989257812,4,4,1,2,0.8111267685890198,0.3821828365325928,0.14693856239318848,0.2777029292171932,worker1->worker3,worker1,worker3,0,0.2725653648376465,0.0,0.10961747169494629
model_0,1724,1,0.6206228733062744,7,7,1,2,0.9967628717422485,0.4794776439666748,0.1411452293395996,0.227425116621419,worker1->worker3,worker1,worker3,0,0.39866137504577637,0.0,0.08081626892089844
model_0,1725,1,0.4788825511932373,6,1,0,1,0.7533208131790161,0.3925769329071045,0.08630561828613281,0.18022293372578324,worker1,worker1,worker1,0,0.3925769329071045,0.0,0.0
model_0,1726,1,0.28177881240844727,0,0,1,0,0.8968827724456787,0.1821441650390625,0.09963464736938477,0.3535916931361085,worker1,worker1,worker1,0,0.1821441650390625,0.0,0.0
model_0,1727,1,0.4935791492462158,4,4,1,2,0.9888448119163513,0.35249829292297363,0.1410808563232422,0.2858322855385971,worker1->worker3,worker1,worker3,0,0.2720165252685547,0.0,0.08048176765441895
model_0,1728,1,0.35954833030700684,8,8,1,0,0.9788884520530701,0.2680084705352783,0.09153985977172852,0.25459681510289744,worker1,worker1,worker1,0,0.2680084705352783,0.0,0.0
model_0,1729,1,0.30290794372558594,4,4,1,0,0.9797786474227905,0.18558907508850098,0.11731886863708496,0.38730865620139665,worker1,worker1,worker1,0,0.18558907508850098,0.0,0.0
model_0,1730,1,0.29346156120300293,3,3,1,0,0.8337819576263428,0.18271255493164062,0.1107490062713623,0.3773884587043117,worker1,worker1,worker1,0,0.18271255493164062,0.0,0.0
model_0,1731,1,0.2792227268218994,6,6,1,0,0.8658854961395264,0.18716835975646973,0.09205436706542969,0.32968078248210086,worker1,worker1,worker1,0,0.18716835975646973,0.0,0.0
model_0,1732,1,0.36200976371765137,4,2,0,1,0.7963536977767944,0.27944183349609375,0.08256793022155762,0.2280820532949942,worker1,worker1,worker1,0,0.27944183349609375,0.0,0.0
model_0,1733,1,0.3714871406555176,9,0,0,1,0.9668280482292175,0.2832951545715332,0.08819198608398438,0.23740252738860043,worker1,worker1,worker1,0,0.2832951545715332,0.0,0.0
model_0,1734,1,0.26920557022094727,7,7,1,0,0.977025032043457,0.18414068222045898,0.08506488800048828,0.3159848733095392,worker1,worker1,worker1,0,0.18414068222045898,0.0,0.0
model_0,1735,1,0.26333093643188477,0,0,1,0,0.7444325089454651,0.18164896965026855,0.08168196678161621,0.31018750735633643,worker1,worker1,worker1,0,0.18164896965026855,0.0,0.0
model_0,1736,1,0.5407516956329346,5,5,1,2,0.9639142155647278,0.3950064182281494,0.14574527740478516,0.26952347737753174,worker1->worker3,worker1,worker3,0,0.2838106155395508,0.0,0.11119580268859863
model_0,1737,1,0.4796264171600342,3,3,1,1,0.9109684228897095,0.3932764530181885,0.0863499641418457,0.1800358801192425,worker1,worker1,worker1,0,0.3932764530181885,0.0,0.0
model_0,1738,1,0.3639700412750244,0,8,0,1,0.9037606716156006,0.2775602340698242,0.0864098072052002,0.23740911999926634,worker1,worker1,worker1,0,0.2775602340698242,0.0,0.0
model_0,1739,1,0.2716987133026123,3,5,0,0,0.616916298866272,0.18698906898498535,0.08470964431762695,0.31177786338383995,worker1,worker1,worker1,0,0.18698906898498535,0.0,0.0
model_0,1740,1,0.5005452632904053,4,7,0,2,0.7436521053314209,0.36220860481262207,0.1383366584777832,0.27637192602404737,worker1->worker3,worker1,worker3,0,0.27495384216308594,0.0,0.08725476264953613
model_0,1741,1,0.47797727584838867,0,0,1,1,0.8720418810844421,0.39214158058166504,0.08583569526672363,0.1795811215384017,worker1,worker1,worker1,0,0.39214158058166504,0.0,0.0
model_0,1742,1,0.27463507652282715,0,0,1,0,0.9707264304161072,0.19102740287780762,0.08360767364501953,0.3044318835874201,worker1,worker1,worker1,0,0.19102740287780762,0.0,0.0
model_0,1743,1,0.26967668533325195,4,4,1,0,0.7812551259994507,0.18433880805969238,0.08533787727355957,0.3164451430723557,worker1,worker1,worker1,0,0.18433880805969238,0.0,0.0
model_0,1744,1,0.270068883895874,9,9,1,0,0.8283558487892151,0.1870133876800537,0.08305549621582031,0.3075344890448121,worker1,worker1,worker1,0,0.1870133876800537,0.0,0.0
model_0,1745,1,0.27666306495666504,8,8,1,0,0.9989898800849915,0.19212818145751953,0.08453488349914551,0.3055517494262799,worker1,worker1,worker1,0,0.19212818145751953,0.0,0.0
model_0,1746,1,0.27373480796813965,6,6,1,0,0.933983564376831,0.18750619888305664,0.08622860908508301,0.31500783449914516,worker1,worker1,worker1,0,0.18750619888305664,0.0,0.0
model_0,1747,1,0.5177896022796631,8,8,1,2,0.8172056078910828,0.3746209144592285,0.14316868782043457,0.2764997350084056,worker1->worker3,worker1,worker3,0,0.2861647605895996,0.0,0.0884561538696289
model_0,1748,1,0.638247013092041,6,6,1,2,0.9833388328552246,0.49754858016967773,0.14069843292236328,0.22044510986543903,worker1->worker3,worker1,worker3,0,0.40373897552490234,0.0,0.09380960464477539
model_0,1749,1,0.3663492202758789,9,9,1,0,0.9501902461051941,0.2810628414154053,0.08528637886047363,0.23280076533600594,worker1,worker1,worker1,0,0.2810628414154053,0.0,0.0
model_0,1750,1,0.39322423934936523,0,7,0,1,0.8909456729888916,0.2764301300048828,0.11679410934448242,0.29701655609463884,worker1,worker1,worker1,0,0.2764301300048828,0.0,0.0
model_0,1751,1,0.2729065418243408,4,4,1,0,0.9192020893096924,0.1820845603942871,0.09082198143005371,0.33279517897563715,worker1,worker1,worker1,0,0.1820845603942871,0.0,0.0
model_0,1752,1,0.37521910667419434,0,3,0,1,0.532020092010498,0.29227209091186523,0.0829470157623291,0.22106287842733083,worker1,worker1,worker1,0,0.29227209091186523,0.0,0.0
model_0,1753,1,0.3600926399230957,1,1,1,1,0.9880130290985107,0.2755146026611328,0.08457803726196289,0.23487855036422312,worker1,worker1,worker1,0,0.2755146026611328,0.0,0.0
model_0,1754,1,0.27887511253356934,7,7,1,0,0.8911084532737732,0.19515609741210938,0.08371901512145996,0.30020253281433407,worker1,worker1,worker1,0,0.19515609741210938,0.0,0.0
model_0,1755,1,0.28615570068359375,1,1,1,0,0.9942241311073303,0.19503545761108398,0.09112024307250977,0.3184288932732557,worker1,worker1,worker1,0,0.19503545761108398,0.0,0.0
model_0,1756,1,0.5477743148803711,2,2,1,2,0.6392269134521484,0.3999459743499756,0.1478283405303955,0.26987088754367733,worker1->worker3,worker1,worker3,0,0.28796839714050293,0.0,0.11197757720947266
model_0,1757,1,0.3813140392303467,8,8,1,0,0.9969950914382935,0.2944819927215576,0.08683204650878906,0.2277179373831945,worker1,worker1,worker1,0,0.2944819927215576,0.0,0.0
model_0,1758,1,0.37810277938842773,1,1,1,1,0.9882937669754028,0.2769789695739746,0.10112380981445312,0.2674505857323199,worker1,worker1,worker1,0,0.2769789695739746,0.0,0.0
model_0,1759,1,0.2809319496154785,6,6,1,0,0.8905357122421265,0.1854240894317627,0.09550786018371582,0.3399679542125444,worker1,worker1,worker1,0,0.1854240894317627,0.0,0.0
model_0,1760,1,0.26965761184692383,4,4,1,0,0.8921372890472412,0.18512916564941406,0.08452844619750977,0.3134658266034556,worker1,worker1,worker1,0,0.18512916564941406,0.0,0.0
model_0,1761,1,0.270658016204834,8,8,1,0,0.9996660947799683,0.18697023391723633,0.08368778228759766,0.30920119588943834,worker1,worker1,worker1,0,0.18697023391723633,0.0,0.0
model_0,1762,1,0.36243510246276855,6,4,0,1,0.6992140412330627,0.2784297466278076,0.08400535583496094,0.2317804077589048,worker1,worker1,worker1,0,0.2784297466278076,0.0,0.0
model_0,1763,1,0.2732670307159424,6,6,1,0,0.8463597893714905,0.18773388862609863,0.08553314208984375,0.3130020546779914,worker1,worker1,worker1,0,0.18773388862609863,0.0,0.0
model_0,1764,1,0.3671550750732422,5,5,1,1,0.9878219962120056,0.27637457847595215,0.09078049659729004,0.24725382477466948,worker1,worker1,worker1,0,0.27637457847595215,0.0,0.0
model_0,1765,1,0.27988576889038086,5,3,0,0,0.6773233413696289,0.18790555000305176,0.0919802188873291,0.32863485432642264,worker1,worker1,worker1,0,0.18790555000305176,0.0,0.0
model_0,1766,1,0.2730593681335449,8,8,1,0,0.9005711674690247,0.18211603164672852,0.0909433364868164,0.3330533470008574,worker1,worker1,worker1,0,0.18211603164672852,0.0,0.0
model_0,1767,1,0.7455258369445801,5,7,0,3,0.7782997488975525,0.5627520084381104,0.18277382850646973,0.24516095814403885,worker1->worker3->worker2,worker1,worker2,0,0.27744030952453613,0.20851659774780273,0.07679510116577148
model_0,1768,1,0.38753676414489746,7,1,0,1,0.6844034790992737,0.2950105667114258,0.09252619743347168,0.238754631802821,worker1,worker1,worker1,0,0.2950105667114258,0.0,0.0
model_0,1769,1,0.5343527793884277,2,2,1,2,0.7768138647079468,0.3881351947784424,0.14621758460998535,0.27363492855288013,worker1->worker3,worker1,worker3,0,0.276228666305542,0.0,0.11190652847290039
model_0,1770,1,0.4972207546234131,5,5,1,1,0.7840188145637512,0.4107038974761963,0.0865168571472168,0.1740008966696156,worker1,worker1,worker1,0,0.4107038974761963,0.0,0.0
model_0,1771,1,0.36366868019104004,9,9,1,1,0.9350406527519226,0.27312803268432617,0.09054064750671387,0.24896465502377507,worker1,worker1,worker1,0,0.27312803268432617,0.0,0.0
model_0,1772,1,0.31116318702697754,4,4,1,0,0.9656751155853271,0.1847076416015625,0.12645554542541504,0.4063962277595886,worker1,worker1,worker1,0,0.1847076416015625,0.0,0.0
model_0,1773,1,0.26499009132385254,4,4,1,0,0.8509267568588257,0.18219709396362305,0.08279299736022949,0.31243808757756764,worker1,worker1,worker1,0,0.18219709396362305,0.0,0.0
model_0,1774,1,0.26975440979003906,4,6,0,0,0.8154835104942322,0.1819305419921875,0.08782386779785156,0.32556972049579647,worker1,worker1,worker1,0,0.1819305419921875,0.0,0.0
model_0,1775,1,0.36980199813842773,5,5,1,1,0.8096495270729065,0.27875494956970215,0.09104704856872559,0.2462048583486669,worker1,worker1,worker1,0,0.27875494956970215,0.0,0.0
model_0,1776,1,0.3338649272918701,9,9,1,0,0.7854437232017517,0.18269014358520508,0.15117478370666504,0.45280223032982914,worker1,worker1,worker1,0,0.18269014358520508,0.0,0.0
model_0,1777,1,0.26688456535339355,2,2,1,0,0.8383921980857849,0.18352699279785156,0.08335757255554199,0.31233568132786016,worker1,worker1,worker1,0,0.18352699279785156,0.0,0.0
model_0,1778,1,0.2691466808319092,2,2,1,0,0.7931398749351501,0.18571996688842773,0.08342671394348145,0.3099674634129489,worker1,worker1,worker1,0,0.18571996688842773,0.0,0.0
model_0,1779,1,0.2659616470336914,8,8,1,0,0.777251124382019,0.18274450302124023,0.08321714401245117,0.31289152003901305,worker1,worker1,worker1,0,0.18274450302124023,0.0,0.0
model_0,1780,1,0.3765087127685547,9,0,0,1,0.9664583206176758,0.28991031646728516,0.08659839630126953,0.2300036980937087,worker1,worker1,worker1,0,0.28991031646728516,0.0,0.0
model_0,1781,1,0.36724328994750977,0,7,0,1,0.8979027271270752,0.28025174140930176,0.08699154853820801,0.23687716268591796,worker1,worker1,worker1,0,0.28025174140930176,0.0,0.0
model_0,1782,1,0.3972511291503906,6,6,1,1,0.9884461164474487,0.2899448871612549,0.10730624198913574,0.2701219307258707,worker1,worker1,worker1,0,0.2899448871612549,0.0,0.0
model_0,1783,1,0.3323347568511963,5,5,1,0,0.872840404510498,0.18740057945251465,0.14493417739868164,0.4361089967594821,worker1,worker1,worker1,0,0.18740057945251465,0.0,0.0
model_0,1784,1,0.269181489944458,7,7,1,0,0.9904283285140991,0.18441987037658691,0.0847616195678711,0.31488650867249646,worker1,worker1,worker1,0,0.18441987037658691,0.0,0.0
model_0,1785,1,0.26783204078674316,9,9,1,0,0.9981614947319031,0.18412303924560547,0.0837090015411377,0.31254289552230835,worker1,worker1,worker1,0,0.18412303924560547,0.0,0.0
model_0,1786,1,0.3637983798980713,3,3,1,1,0.9091637134552002,0.2801361083984375,0.08366227149963379,0.22996878524603165,worker1,worker1,worker1,0,0.2801361083984375,0.0,0.0
model_0,1787,1,0.278397798538208,7,7,1,0,0.9981822967529297,0.1934490203857422,0.08494877815246582,0.30513451829902755,worker1,worker1,worker1,0,0.1934490203857422,0.0,0.0
model_0,1788,1,0.29810070991516113,9,9,1,0,0.7641035318374634,0.18758487701416016,0.11051583290100098,0.370733209365565,worker1,worker1,worker1,0,0.18758487701416016,0.0,0.0
model_0,1789,1,0.42011213302612305,5,5,1,1,0.6042753458023071,0.27845311164855957,0.14165902137756348,0.3371933592043031,worker1,worker1,worker1,0,0.27845311164855957,0.0,0.0
model_0,1790,1,0.3651421070098877,3,3,1,1,0.8218107223510742,0.2803792953491211,0.0847628116607666,0.23213650256575669,worker1,worker1,worker1,0,0.2803792953491211,0.0,0.0
model_0,1791,1,0.3005509376525879,9,1,0,0,0.8026208877563477,0.18622970581054688,0.11432123184204102,0.38037223485287186,worker1,worker1,worker1,0,0.18622970581054688,0.0,0.0
model_0,1792,1,0.2680699825286865,1,1,1,0,0.9951743483543396,0.18420791625976562,0.0838620662689209,0.31283646709659746,worker1,worker1,worker1,0,0.18420791625976562,0.0,0.0
model_0,1793,1,0.3594934940338135,6,6,1,1,0.8942139148712158,0.27520227432250977,0.08429121971130371,0.23447217017890007,worker1,worker1,worker1,0,0.27520227432250977,0.0,0.0
model_0,1794,1,0.270540714263916,9,1,0,0,0.8270379900932312,0.18586301803588867,0.08467769622802734,0.3129942805777586,worker1,worker1,worker1,0,0.18586301803588867,0.0,0.0
model_0,1795,1,0.3607358932495117,1,5,0,1,0.7788957357406616,0.2781076431274414,0.08262825012207031,0.22905469532780448,worker1,worker1,worker1,0,0.2781076431274414,0.0,0.0
model_0,1796,1,0.27683258056640625,7,5,0,0,0.8738328218460083,0.19248509407043457,0.08434748649597168,0.3046877153093565,worker1,worker1,worker1,0,0.19248509407043457,0.0,0.0
model_0,1797,1,0.28649020195007324,9,9,1,0,0.9095849394798279,0.18343710899353027,0.10305309295654297,0.3597089612666826,worker1,worker1,worker1,0,0.18343710899353027,0.0,0.0
model_0,1798,1,0.3281416893005371,2,4,0,0,0.5764104127883911,0.18535184860229492,0.1427898406982422,0.43514690560230646,worker1,worker1,worker1,0,0.18535184860229492,0.0,0.0
model_0,1799,1,0.3903007507324219,0,0,1,1,0.9931643605232239,0.2791249752044678,0.1111757755279541,0.2848464301422079,worker1,worker1,worker1,0,0.2791249752044678,0.0,0.0
model_0,1800,1,0.5421140193939209,2,2,1,2,0.9686177968978882,0.39886951446533203,0.14324450492858887,0.26423316830790516,worker1->worker3,worker1,worker3,0,0.283205509185791,0.0,0.11566400527954102
model_0,1801,1,0.29299044609069824,0,8,0,0,0.762383222579956,0.20750832557678223,0.08548212051391602,0.2917573649737853,worker1,worker1,worker1,0,0.20750832557678223,0.0,0.0
model_0,1802,1,0.36875081062316895,2,3,0,1,0.871083676815033,0.2850930690765381,0.08365774154663086,0.22686795292803233,worker1,worker1,worker1,0,0.2850930690765381,0.0,0.0
model_0,1803,1,0.27255678176879883,8,8,1,0,0.9203459024429321,0.18870878219604492,0.0838479995727539,0.3076349780350704,worker1,worker1,worker1,0,0.18870878219604492,0.0,0.0
model_0,1804,1,0.35552549362182617,9,8,0,1,0.9773889780044556,0.27296876907348633,0.08255672454833984,0.23221042099488862,worker1,worker1,worker1,0,0.27296876907348633,0.0,0.0
model_0,1805,1,0.26921606063842773,1,1,1,0,0.5372281670570374,0.18556880950927734,0.08364725112915039,0.3107067644136333,worker1,worker1,worker1,0,0.18556880950927734,0.0,0.0
model_0,1806,1,0.2750544548034668,9,9,1,0,0.7825467586517334,0.19188213348388672,0.08317232131958008,0.3023849273010639,worker1,worker1,worker1,0,0.19188213348388672,0.0,0.0
model_0,1807,1,0.2691805362701416,7,7,1,0,0.9789589047431946,0.18381237983703613,0.08536815643310547,0.3171408959057594,worker1,worker1,worker1,0,0.18381237983703613,0.0,0.0
model_0,1808,1,0.3649940490722656,4,4,1,1,0.6180145144462585,0.28051090240478516,0.08448314666748047,0.23146444957724105,worker1,worker1,worker1,0,0.28051090240478516,0.0,0.0
model_0,1809,1,0.30056047439575195,9,1,0,0,0.8598670363426208,0.1876366138458252,0.11292386054992676,0.3757109472792434,worker1,worker1,worker1,0,0.1876366138458252,0.0,0.0
model_0,1810,1,0.28006887435913086,0,1,0,0,0.8404912948608398,0.19643568992614746,0.0836331844329834,0.29861649076270075,worker1,worker1,worker1,0,0.19643568992614746,0.0,0.0
model_0,1811,1,0.5054161548614502,6,2,0,2,0.47634804248809814,0.36597728729248047,0.13943886756896973,0.2758892176827908,worker1->worker3,worker1,worker3,0,0.28127098083496094,0.0,0.08470630645751953
model_0,1812,1,0.6113264560699463,2,2,1,2,0.9623250961303711,0.47112083435058594,0.14020562171936035,0.22934656324331956,worker1->worker3,worker1,worker3,0,0.38872671127319336,0.0,0.08239412307739258
model_0,1813,1,0.29959940910339355,8,7,0,0,0.9089151620864868,0.21132993698120117,0.08826947212219238,0.2946249873668144,worker1,worker1,worker1,0,0.21132993698120117,0.0,0.0
model_0,1814,1,0.35960888862609863,5,5,1,1,0.9871505498886108,0.2741541862487793,0.08545470237731934,0.23763234191402424,worker1,worker1,worker1,0,0.2741541862487793,0.0,0.0
model_0,1815,1,0.26711583137512207,3,0,0,0,0.7581560611724854,0.18324065208435059,0.08387517929077148,0.3140030257996278,worker1,worker1,worker1,0,0.18324065208435059,0.0,0.0
model_0,1816,1,0.5624740123748779,2,2,1,2,0.9785838723182678,0.3633873462677002,0.19908666610717773,0.35394820334293126,worker1->worker3,worker1,worker3,0,0.27971601486206055,0.0,0.08367133140563965
model_0,1817,1,0.4872140884399414,4,4,1,1,0.779823362827301,0.40225696563720703,0.08495712280273438,0.17437328849575537,worker1,worker1,worker1,0,0.40225696563720703,0.0,0.0
model_0,1818,1,0.4223906993865967,4,7,0,1,0.8773158192634583,0.28900885581970215,0.13338184356689453,0.31577836292464306,worker1,worker1,worker1,0,0.28900885581970215,0.0,0.0
model_0,1819,1,0.30239152908325195,9,0,0,0,0.9562166929244995,0.19070029258728027,0.11169123649597168,0.36935967364754374,worker1,worker1,worker1,0,0.19070029258728027,0.0,0.0
model_0,1820,1,0.36556100845336914,3,7,0,1,0.9912800192832947,0.27815747261047363,0.08740353584289551,0.23909425190800862,worker1,worker1,worker1,0,0.27815747261047363,0.0,0.0
model_0,1821,1,0.27649903297424316,7,7,1,0,0.978585958480835,0.19242000579833984,0.08407902717590332,0.3040843444242193,worker1,worker1,worker1,0,0.19242000579833984,0.0,0.0
model_0,1822,1,0.2758474349975586,7,7,1,0,0.9341738224029541,0.19283628463745117,0.08301115036010742,0.3009313839037224,worker1,worker1,worker1,0,0.19283628463745117,0.0,0.0
model_0,1823,1,0.3796215057373047,2,2,1,1,0.9163262844085693,0.28804969787597656,0.09157180786132812,0.2412187046239028,worker1,worker1,worker1,0,0.28804969787597656,0.0,0.0
model_0,1824,1,0.36856865882873535,8,0,0,1,0.9838500022888184,0.2760145664215088,0.09255409240722656,0.2511176416935498,worker1,worker1,worker1,0,0.2760145664215088,0.0,0.0
model_0,1825,1,0.37136125564575195,8,7,0,1,0.5749566555023193,0.28264570236206055,0.0887155532836914,0.23889286223309933,worker1,worker1,worker1,0,0.28264570236206055,0.0,0.0
model_0,1826,1,0.3735029697418213,4,4,1,1,0.9015055298805237,0.28090381622314453,0.09259915351867676,0.24792079587127414,worker1,worker1,worker1,0,0.28090381622314453,0.0,0.0
model_0,1827,1,0.3751232624053955,8,8,1,1,0.6706438064575195,0.28408169746398926,0.09104156494140625,0.24269773182719254,worker1,worker1,worker1,0,0.28408169746398926,0.0,0.0
model_0,1828,1,0.3579375743865967,4,4,1,1,0.7386084794998169,0.27316784858703613,0.08476972579956055,0.23682824007742628,worker1,worker1,worker1,0,0.27316784858703613,0.0,0.0
model_0,1829,1,0.28107619285583496,1,1,1,0,0.9712844491004944,0.19376611709594727,0.0873100757598877,0.31062778698112425,worker1,worker1,worker1,0,0.19376611709594727,0.0,0.0
model_0,1830,1,0.26938343048095703,9,9,1,0,0.9819586873054504,0.18669724464416504,0.08268618583679199,0.3069460719583388,worker1,worker1,worker1,0,0.18669724464416504,0.0,0.0
model_0,1831,1,0.2707381248474121,7,7,1,0,0.8793894648551941,0.18662023544311523,0.08411788940429688,0.3106983527041331,worker1,worker1,worker1,0,0.18662023544311523,0.0,0.0
model_0,1832,1,0.29546618461608887,3,5,0,0,0.7577511072158813,0.1983640193939209,0.09710216522216797,0.3286405357971395,worker1,worker1,worker1,0,0.1983640193939209,0.0,0.0
model_0,1833,1,0.292844295501709,8,8,1,0,0.9881356954574585,0.18981552124023438,0.10302877426147461,0.35182100469112043,worker1,worker1,worker1,0,0.18981552124023438,0.0,0.0
model_0,1834,1,0.31623411178588867,9,9,1,0,0.9646190404891968,0.190840482711792,0.12539362907409668,0.3965215149180251,worker1,worker1,worker1,0,0.190840482711792,0.0,0.0
model_0,1835,1,0.3498070240020752,8,8,1,0,0.8501671552658081,0.19556307792663574,0.15424394607543945,0.4409401055209355,worker1,worker1,worker1,0,0.19556307792663574,0.0,0.0
model_0,1836,1,0.384594202041626,7,0,0,1,0.6376529932022095,0.29216837882995605,0.09242582321166992,0.24032037592097227,worker1,worker1,worker1,0,0.29216837882995605,0.0,0.0
model_0,1837,1,0.5573372840881348,4,3,0,2,0.505366861820221,0.41069722175598145,0.14664006233215332,0.26310829459771856,worker1->worker3,worker1,worker3,0,0.2942478656768799,0.0,0.11644935607910156
model_0,1838,1,0.27809619903564453,6,6,1,0,0.8945530652999878,0.19088006019592285,0.08721613883972168,0.31361859364551364,worker1,worker1,worker1,0,0.19088006019592285,0.0,0.0
model_0,1839,1,0.2986140251159668,4,4,1,0,0.908889651298523,0.20246386528015137,0.09615015983581543,0.32198809080878066,worker1,worker1,worker1,0,0.20246386528015137,0.0,0.0
model_0,1840,1,0.7173357009887695,0,1,0,3,0.8678345084190369,0.52805495262146,0.18928074836730957,0.2638663433402333,worker1->worker3->worker2,worker1,worker2,0,0.2864868640899658,0.15595149993896484,0.0856165885925293
model_0,1841,1,0.2932603359222412,9,9,1,0,0.9991193413734436,0.20072197914123535,0.09253835678100586,0.315550197028836,worker1,worker1,worker1,0,0.20072197914123535,0.0,0.0
model_0,1842,1,0.26962828636169434,8,8,1,0,0.9041509032249451,0.18409371376037598,0.08553457260131836,0.31723145132694847,worker1,worker1,worker1,0,0.18409371376037598,0.0,0.0
model_0,1843,1,0.3834681510925293,3,2,0,1,0.7447296380996704,0.28877687454223633,0.09469127655029297,0.2469338751614977,worker1,worker1,worker1,0,0.28877687454223633,0.0,0.0
model_0,1844,1,0.2745492458343506,1,1,1,0,0.8332268595695496,0.19025254249572754,0.08429670333862305,0.30703673245375984,worker1,worker1,worker1,0,0.19025254249572754,0.0,0.0
model_0,1845,1,0.2919461727142334,7,5,0,0,0.9554699063301086,0.19476795196533203,0.09717822074890137,0.3328634859139689,worker1,worker1,worker1,0,0.19476795196533203,0.0,0.0
model_0,1846,1,0.3746762275695801,0,6,0,1,0.7407485842704773,0.28537464141845703,0.08930158615112305,0.23834334708235286,worker1,worker1,worker1,0,0.28537464141845703,0.0,0.0
model_0,1847,1,0.2959015369415283,7,5,0,0,0.8686537146568298,0.18758487701416016,0.10831665992736816,0.3660564289288301,worker1,worker1,worker1,0,0.18758487701416016,0.0,0.0
model_0,1848,1,0.2694997787475586,0,0,1,0,0.9994598031044006,0.1855921745300293,0.0839076042175293,0.3113457258016002,worker1,worker1,worker1,0,0.1855921745300293,0.0,0.0
model_0,1849,1,0.36118102073669434,3,4,0,1,0.8628587126731873,0.27742815017700195,0.08375287055969238,0.23188613396369273,worker1,worker1,worker1,0,0.27742815017700195,0.0,0.0
model_0,1850,1,0.37764525413513184,8,8,1,1,0.9521461129188538,0.2939157485961914,0.08372950553894043,0.2217147034740167,worker1,worker1,worker1,0,0.2939157485961914,0.0,0.0
model_0,1851,1,0.3815486431121826,4,4,1,1,0.949604868888855,0.2969655990600586,0.08458304405212402,0.22168351422299512,worker1,worker1,worker1,0,0.2969655990600586,0.0,0.0
model_0,1852,1,0.2761399745941162,5,7,0,0,0.8148683905601501,0.18689823150634766,0.08924174308776855,0.3231757488894549,worker1,worker1,worker1,0,0.18689823150634766,0.0,0.0
model_0,1853,1,0.27868151664733887,4,4,1,0,0.8034778237342834,0.18944716453552246,0.0892343521118164,0.3202019035397284,worker1,worker1,worker1,0,0.18944716453552246,0.0,0.0
model_0,1854,1,0.2837789058685303,6,6,1,0,0.9125378131866455,0.19305062294006348,0.0907282829284668,0.3197146829880992,worker1,worker1,worker1,0,0.19305062294006348,0.0,0.0
model_0,1855,1,0.39434075355529785,8,0,0,1,0.8091598749160767,0.28911685943603516,0.1052238941192627,0.2668349471125796,worker1,worker1,worker1,0,0.28911685943603516,0.0,0.0
model_0,1856,1,0.2699851989746094,8,8,1,0,0.9333752989768982,0.18641996383666992,0.08356523513793945,0.30951783821971035,worker1,worker1,worker1,0,0.18641996383666992,0.0,0.0
model_0,1857,1,0.26663661003112793,8,8,1,0,0.9780875444412231,0.18299579620361328,0.08364081382751465,0.31368840842129736,worker1,worker1,worker1,0,0.18299579620361328,0.0,0.0
model_0,1858,1,0.5607616901397705,6,6,1,2,0.9911932349205017,0.40072035789489746,0.16004133224487305,0.2853999034865997,worker1->worker3,worker1,worker3,0,0.28592419624328613,0.0,0.11479616165161133
model_0,1859,1,0.3639552593231201,8,8,1,0,0.9996668100357056,0.27809953689575195,0.08585572242736816,0.23589636425928195,worker1,worker1,worker1,0,0.27809953689575195,0.0,0.0
model_0,1860,1,0.3063657283782959,0,0,1,0,0.9241041541099548,0.1910555362701416,0.1153101921081543,0.37638084624717216,worker1,worker1,worker1,0,0.1910555362701416,0.0,0.0
model_0,1861,1,0.40522074699401855,3,3,1,1,0.7918968796730042,0.285400390625,0.11982035636901855,0.29569156381518447,worker1,worker1,worker1,0,0.285400390625,0.0,0.0
model_0,1862,1,0.2719309329986572,2,2,1,0,0.9236757755279541,0.1882472038269043,0.08368372917175293,0.3077389109394412,worker1,worker1,worker1,0,0.1882472038269043,0.0,0.0
model_0,1863,1,0.5154469013214111,4,2,0,2,0.6090767979621887,0.3712954521179199,0.1441514492034912,0.2796630435335654,worker1->worker3,worker1,worker3,0,0.2882273197174072,0.0,0.0830681324005127
model_0,1864,1,0.2708771228790283,5,5,1,0,0.8822457790374756,0.18698501586914062,0.0838921070098877,0.3097053974814746,worker1,worker1,worker1,0,0.18698501586914062,0.0,0.0
model_0,1865,1,0.37437009811401367,9,8,0,1,0.9778384566307068,0.2898435592651367,0.08452653884887695,0.22578336056939718,worker1,worker1,worker1,0,0.2898435592651367,0.0,0.0
model_0,1866,1,0.3673255443572998,3,5,0,1,0.8914012312889099,0.28263425827026367,0.08469128608703613,0.23056192902461584,worker1,worker1,worker1,0,0.28263425827026367,0.0,0.0
model_0,1867,1,0.27143001556396484,4,4,1,0,0.9351617693901062,0.18769502639770508,0.08373498916625977,0.308495687156334,worker1,worker1,worker1,0,0.18769502639770508,0.0,0.0
model_0,1868,1,0.2738943099975586,6,6,1,0,0.9846115708351135,0.19106268882751465,0.08283162117004395,0.30242183990891336,worker1,worker1,worker1,0,0.19106268882751465,0.0,0.0
model_0,1869,1,0.2697145938873291,3,3,1,0,0.9896590113639832,0.18602204322814941,0.08369255065917969,0.3103004159060874,worker1,worker1,worker1,0,0.18602204322814941,0.0,0.0
model_0,1870,1,0.2778487205505371,7,7,1,0,0.9533516764640808,0.1938002109527588,0.08404850959777832,0.3024973785419716,worker1,worker1,worker1,0,0.1938002109527588,0.0,0.0
model_0,1871,1,0.3055717945098877,7,7,1,0,0.9320605397224426,0.19458794593811035,0.11098384857177734,0.3632005655161544,worker1,worker1,worker1,0,0.19458794593811035,0.0,0.0
model_0,1872,1,0.27848267555236816,5,5,1,0,0.9836902022361755,0.1910691261291504,0.08741354942321777,0.3138922349472322,worker1,worker1,worker1,0,0.1910691261291504,0.0,0.0
model_0,1873,1,0.2787747383117676,5,5,1,0,0.8373181223869324,0.18991780281066895,0.08885693550109863,0.3187409879360214,worker1,worker1,worker1,0,0.18991780281066895,0.0,0.0
model_0,1874,1,0.37427639961242676,5,5,1,1,0.9896788597106934,0.2904965877532959,0.08377981185913086,0.2238447627098238,worker1,worker1,worker1,0,0.2904965877532959,0.0,0.0
model_0,1875,1,0.3682389259338379,4,4,1,1,0.9986246824264526,0.2833547592163086,0.0848841667175293,0.23051383419682409,worker1,worker1,worker1,0,0.2833547592163086,0.0,0.0
model_0,1876,1,0.269528865814209,8,8,1,0,0.9952515363693237,0.18521857261657715,0.08431029319763184,0.31280617362797947,worker1,worker1,worker1,0,0.18521857261657715,0.0,0.0
model_0,1877,1,0.36777710914611816,9,1,0,1,0.8570106625556946,0.28318071365356445,0.08459639549255371,0.23002082888998807,worker1,worker1,worker1,0,0.28318071365356445,0.0,0.0
model_0,1878,1,0.8414361476898193,4,4,1,3,0.6591348052024841,0.6458282470703125,0.19560790061950684,0.23246909602891727,worker1->worker3->worker2,worker1,worker2,0,0.2819654941558838,0.2546215057373047,0.10924124717712402
model_0,1879,1,0.5035803318023682,6,6,1,1,0.9032650589942932,0.37090420722961426,0.1326761245727539,0.263465660181548,worker1,worker1,worker1,0,0.37090420722961426,0.0,0.0
model_0,1880,1,0.3703124523162842,3,6,0,1,0.6975107789039612,0.28339481353759766,0.08691763877868652,0.234714329034904,worker1,worker1,worker1,0,0.28339481353759766,0.0,0.0
model_0,1881,1,0.3414645195007324,4,7,0,0,0.7869745492935181,0.18975591659545898,0.15170860290527344,0.44428804236262104,worker1,worker1,worker1,0,0.18975591659545898,0.0,0.0
model_0,1882,1,0.26625871658325195,9,9,1,0,0.9909571409225464,0.18287897109985352,0.08337974548339844,0.3131531112046348,worker1,worker1,worker1,0,0.18287897109985352,0.0,0.0
model_0,1883,1,0.36713218688964844,9,0,0,1,0.9042607545852661,0.28364133834838867,0.08349084854125977,0.22741358977156423,worker1,worker1,worker1,0,0.28364133834838867,0.0,0.0
model_0,1884,1,0.3741261959075928,0,0,1,1,0.8623192310333252,0.2884187698364258,0.08570742607116699,0.22908694180916506,worker1,worker1,worker1,0,0.2884187698364258,0.0,0.0
model_0,1885,1,0.28307104110717773,9,9,1,0,0.996715784072876,0.18763160705566406,0.09543943405151367,0.3371571803255492,worker1,worker1,worker1,0,0.18763160705566406,0.0,0.0
model_0,1886,1,0.7952213287353516,1,9,0,3,0.5537747740745544,0.6073448657989502,0.18787646293640137,0.2362568207711219,worker1->worker3->worker2,worker1,worker2,0,0.2714657783508301,0.2512679100036621,0.08461117744445801
model_0,1887,1,0.4040520191192627,9,9,1,0,0.9765093922615051,0.28997087478637695,0.11408114433288574,0.28234271562744695,worker1,worker1,worker1,0,0.28997087478637695,0.0,0.0
model_0,1888,1,0.2895166873931885,8,8,1,0,0.9825267195701599,0.1992800235748291,0.09023666381835938,0.31168035470028105,worker1,worker1,worker1,0,0.1992800235748291,0.0,0.0
model_0,1889,1,0.28885602951049805,5,5,1,0,0.7747259736061096,0.20086169242858887,0.08799433708190918,0.30463043209112295,worker1,worker1,worker1,0,0.20086169242858887,0.0,0.0
model_0,1890,1,0.29024696350097656,0,0,1,0,0.98506098985672,0.19553589820861816,0.0947110652923584,0.32631199358624724,worker1,worker1,worker1,0,0.19553589820861816,0.0,0.0
model_0,1891,1,0.2962160110473633,2,0,0,0,0.5365269780158997,0.20003151893615723,0.09618449211120605,0.32471064535342314,worker1,worker1,worker1,0,0.20003151893615723,0.0,0.0
model_0,1892,1,0.8297204971313477,5,5,1,3,0.9971641898155212,0.6262235641479492,0.20349693298339844,0.2452596189764662,worker1->worker3->worker2,worker1,worker2,0,0.28469347953796387,0.2487030029296875,0.09282708168029785
model_0,1893,1,0.40522146224975586,7,3,0,0,0.7352292537689209,0.28980493545532227,0.1154165267944336,0.2848233313054314,worker1,worker1,worker1,0,0.28980493545532227,0.0,0.0
model_0,1894,1,0.39105725288391113,9,1,0,1,0.8002376556396484,0.2849414348602295,0.10611581802368164,0.27135622019823036,worker1,worker1,worker1,0,0.2849414348602295,0.0,0.0
model_0,1895,1,0.3677961826324463,9,1,0,1,0.6126431226730347,0.28381848335266113,0.08397769927978516,0.22832672889296268,worker1,worker1,worker1,0,0.28381848335266113,0.0,0.0
model_0,1896,1,0.37415432929992676,6,6,1,1,0.671451210975647,0.2905542850494385,0.08360004425048828,0.2234373297428117,worker1,worker1,worker1,0,0.2905542850494385,0.0,0.0
model_0,1897,1,0.26822924613952637,0,9,0,0,0.6189917325973511,0.1835765838623047,0.08465266227722168,0.3155981813899123,worker1,worker1,worker1,0,0.1835765838623047,0.0,0.0
model_0,1898,1,0.2696974277496338,9,1,0,0,0.8878682851791382,0.18622446060180664,0.08347296714782715,0.30950598173786437,worker1,worker1,worker1,0,0.18622446060180664,0.0,0.0
model_0,1899,1,0.3721301555633545,9,9,1,1,0.984686017036438,0.2802159786224365,0.09191417694091797,0.2469947021675048,worker1,worker1,worker1,0,0.2802159786224365,0.0,0.0
model_0,1900,1,0.3698391914367676,6,6,1,1,0.8898371458053589,0.2848503589630127,0.08498883247375488,0.22979942213151214,worker1,worker1,worker1,0,0.2848503589630127,0.0,0.0
model_0,1901,1,0.5240821838378906,4,4,1,2,0.9957178235054016,0.367628812789917,0.15645337104797363,0.2985283145903847,worker1->worker3,worker1,worker3,0,0.2862417697906494,0.0,0.08138704299926758
model_0,1902,1,0.7352139949798584,2,2,1,3,0.7698054909706116,0.5501508712768555,0.18506312370300293,0.2517132766332513,worker1->worker3->worker2,worker1,worker2,0,0.2814629077911377,0.18481898307800293,0.08386898040771484
model_0,1903,1,0.28046536445617676,9,9,1,0,0.8389051556587219,0.19073772430419922,0.08972764015197754,0.3199241386755891,worker1,worker1,worker1,0,0.19073772430419922,0.0,0.0
model_0,1904,1,0.34009265899658203,7,7,1,0,0.9803531169891357,0.18822336196899414,0.1518692970275879,0.4465527055940193,worker1,worker1,worker1,0,0.18822336196899414,0.0,0.0
model_0,1905,1,0.4318966865539551,4,4,1,1,0.9994934797286987,0.28071069717407227,0.1511859893798828,0.3500512832968812,worker1,worker1,worker1,0,0.28071069717407227,0.0,0.0
model_0,1906,1,0.2766420841217041,0,0,1,0,0.7527434825897217,0.1919269561767578,0.08471512794494629,0.30622646664155867,worker1,worker1,worker1,0,0.1919269561767578,0.0,0.0
model_0,1907,1,0.37230682373046875,0,2,0,1,0.8125738501548767,0.28757143020629883,0.08473539352416992,0.22759559622123404,worker1,worker1,worker1,0,0.28757143020629883,0.0,0.0
model_0,1908,1,0.2682058811187744,5,3,0,0,0.9494333267211914,0.1837763786315918,0.08442950248718262,0.3147936284431928,worker1,worker1,worker1,0,0.1837763786315918,0.0,0.0
model_0,1909,1,0.2766287326812744,5,5,1,0,0.7951494455337524,0.1911296844482422,0.08549904823303223,0.30907508198558087,worker1,worker1,worker1,0,0.1911296844482422,0.0,0.0
model_0,1910,1,0.3718912601470947,9,1,0,1,0.9813848733901978,0.28623104095458984,0.08566021919250488,0.2303367364928758,worker1,worker1,worker1,0,0.28623104095458984,0.0,0.0
model_0,1911,1,0.3759770393371582,6,6,1,1,0.9826157093048096,0.29151153564453125,0.08446550369262695,0.22465601580760983,worker1,worker1,worker1,0,0.29151153564453125,0.0,0.0
model_0,1912,1,0.2684805393218994,9,9,1,0,0.9850098490715027,0.18538951873779297,0.08309102058410645,0.3094861951408814,worker1,worker1,worker1,0,0.18538951873779297,0.0,0.0
model_0,1913,1,0.356783390045166,4,4,1,1,0.9812877774238586,0.27422332763671875,0.08256006240844727,0.23140108175438268,worker1,worker1,worker1,0,0.27422332763671875,0.0,0.0
model_0,1914,1,0.514366865158081,8,6,0,2,0.8975870609283447,0.3747260570526123,0.13964080810546875,0.2714809556454473,worker1->worker3,worker1,worker3,0,0.2906839847564697,0.0,0.08404207229614258
model_0,1915,1,0.4414255619049072,3,3,1,1,0.6516355276107788,0.35425233840942383,0.0871732234954834,0.19748114069176273,worker1,worker1,worker1,0,0.35425233840942383,0.0,0.0
model_0,1916,1,0.289823055267334,7,7,1,0,0.9114529490470886,0.18732619285583496,0.10249686241149902,0.35365323961875805,worker1,worker1,worker1,0,0.18732619285583496,0.0,0.0
model_0,1917,1,0.2755119800567627,0,0,1,0,0.8607304096221924,0.19118189811706543,0.08433008193969727,0.30608499101317865,worker1,worker1,worker1,0,0.19118189811706543,0.0,0.0
model_0,1918,1,0.3345496654510498,1,1,1,0,0.9866525530815125,0.18869566917419434,0.14585399627685547,0.4359711317606932,worker1,worker1,worker1,0,0.18869566917419434,0.0,0.0
model_0,1919,1,0.5062747001647949,5,5,1,2,0.9960711002349854,0.3627779483795166,0.14349675178527832,0.2834365449005637,worker1->worker3,worker1,worker3,0,0.2798776626586914,0.0,0.0829002857208252
model_0,1920,1,0.48459672927856445,6,1,0,1,0.8912111520767212,0.3986175060272217,0.08597922325134277,0.17742427477656103,worker1,worker1,worker1,0,0.3986175060272217,0.0,0.0
model_0,1921,1,0.35782432556152344,6,6,1,1,0.9536550045013428,0.2719752788543701,0.08584904670715332,0.23991953753404796,worker1,worker1,worker1,0,0.2719752788543701,0.0,0.0
model_0,1922,1,0.4182584285736084,5,5,1,1,0.9776163101196289,0.2824554443359375,0.1358029842376709,0.32468678443803606,worker1,worker1,worker1,0,0.2824554443359375,0.0,0.0
model_0,1923,1,0.27472591400146484,0,0,1,0,0.9609553813934326,0.19078683853149414,0.0839390754699707,0.305537523735468,worker1,worker1,worker1,0,0.19078683853149414,0.0,0.0
model_0,1924,1,0.267092227935791,5,5,1,0,0.9322443604469299,0.18529796600341797,0.08179426193237305,0.3062397680550869,worker1,worker1,worker1,0,0.18529796600341797,0.0,0.0
model_0,1925,1,0.3636786937713623,6,6,1,1,0.7647853493690491,0.2789287567138672,0.08474993705749512,0.2330351997765801,worker1,worker1,worker1,0,0.2789287567138672,0.0,0.0
model_0,1926,1,0.3693430423736572,3,5,0,1,0.9791163802146912,0.28277087211608887,0.08657217025756836,0.2343950212279482,worker1,worker1,worker1,0,0.28277087211608887,0.0,0.0
model_0,1927,1,0.3348236083984375,0,0,1,0,0.9244922399520874,0.18849420547485352,0.14632940292358398,0.43703430478968236,worker1,worker1,worker1,0,0.18849420547485352,0.0,0.0
model_0,1928,1,0.36893653869628906,9,9,1,1,0.9883593320846558,0.2852797508239746,0.08365678787231445,0.22675115934011963,worker1,worker1,worker1,0,0.2852797508239746,0.0,0.0
model_0,1929,1,0.2738008499145508,6,6,1,0,0.7470019459724426,0.1910245418548584,0.08277630805969238,0.30232305007645394,worker1,worker1,worker1,0,0.1910245418548584,0.0,0.0
model_0,1930,1,0.2729458808898926,6,6,1,0,0.7478315234184265,0.18841791152954102,0.08452796936035156,0.3096876534086641,worker1,worker1,worker1,0,0.18841791152954102,0.0,0.0
model_0,1931,1,0.3911006450653076,5,5,1,1,0.8577796220779419,0.2925758361816406,0.09852480888366699,0.25191676395014617,worker1,worker1,worker1,0,0.2925758361816406,0.0,0.0
model_0,1932,1,0.37296247482299805,7,7,1,1,0.8767728209495544,0.29015064239501953,0.08281183242797852,0.22203797437605396,worker1,worker1,worker1,0,0.29015064239501953,0.0,0.0
model_0,1933,1,0.4096794128417969,3,5,0,1,0.9934712648391724,0.28240370750427246,0.12727570533752441,0.31067146980771915,worker1,worker1,worker1,0,0.28240370750427246,0.0,0.0
model_0,1934,1,0.9189887046813965,3,5,0,3,0.5212862491607666,0.6622133255004883,0.2567753791809082,0.2794108108977569,worker1->worker3->worker2,worker1,worker2,0,0.2784147262573242,0.2678494453430176,0.11594915390014648
model_0,1935,1,0.38915467262268066,7,7,1,0,0.9362266659736633,0.30634546279907227,0.0828092098236084,0.21279253635969864,worker1,worker1,worker1,0,0.30634546279907227,0.0,0.0
model_0,1936,1,0.36855196952819824,2,2,1,1,0.9592163562774658,0.2841618061065674,0.08439016342163086,0.2289776487415409,worker1,worker1,worker1,0,0.2841618061065674,0.0,0.0
model_0,1937,1,0.27077364921569824,8,8,1,0,0.6439329385757446,0.18433189392089844,0.0864417552947998,0.3192399095893571,worker1,worker1,worker1,0,0.18433189392089844,0.0,0.0
model_0,1938,1,0.5392270088195801,2,2,1,2,0.9994669556617737,0.3657262325286865,0.17350077629089355,0.32175831969304264,worker1->worker3,worker1,worker3,0,0.27846741676330566,0.0,0.08725881576538086
model_0,1939,1,0.33505845069885254,1,1,1,0,0.643753707408905,0.24860620498657227,0.08645224571228027,0.2580213856178269,worker1,worker1,worker1,0,0.24860620498657227,0.0,0.0
model_0,1940,1,0.2765016555786133,3,3,1,0,0.787474513053894,0.18749213218688965,0.08900952339172363,0.3219131661452818,worker1,worker1,worker1,0,0.18749213218688965,0.0,0.0
model_0,1941,1,0.30928540229797363,0,0,1,0,0.6206050515174866,0.19547319412231445,0.11381220817565918,0.36798441610900706,worker1,worker1,worker1,0,0.19547319412231445,0.0,0.0
model_0,1942,1,0.3706061840057373,9,9,1,1,0.9996852874755859,0.28022193908691406,0.09038424491882324,0.24388218227201525,worker1,worker1,worker1,0,0.28022193908691406,0.0,0.0
model_0,1943,1,0.27944517135620117,8,8,1,0,0.9916018843650818,0.1900954246520996,0.08934974670410156,0.31973981253807343,worker1,worker1,worker1,0,0.1900954246520996,0.0,0.0
model_0,1944,1,0.4362330436706543,3,3,1,1,0.9951347708702087,0.2816154956817627,0.1546175479888916,0.35443795519906607,worker1,worker1,worker1,0,0.2816154956817627,0.0,0.0
model_0,1945,1,0.27950191497802734,7,7,1,0,0.7706007361412048,0.19429492950439453,0.08520698547363281,0.3048529577349452,worker1,worker1,worker1,0,0.19429492950439453,0.0,0.0
model_0,1946,1,0.2783243656158447,9,9,1,0,0.9956048727035522,0.19347691535949707,0.08484745025634766,0.30485096074361584,worker1,worker1,worker1,0,0.19347691535949707,0.0,0.0
model_0,1947,1,0.2764914035797119,5,5,1,0,0.8713359236717224,0.19238066673278809,0.08411073684692383,0.30420742112756094,worker1,worker1,worker1,0,0.19238066673278809,0.0,0.0
model_0,1948,1,0.27957797050476074,7,7,1,0,0.9642460346221924,0.19609570503234863,0.08348226547241211,0.29860101395574923,worker1,worker1,worker1,0,0.19609570503234863,0.0,0.0
model_0,1949,1,0.5422825813293457,3,2,0,2,0.9233812093734741,0.39687418937683105,0.14540839195251465,0.2681413656991565,worker1->worker3,worker1,worker3,0,0.27907228469848633,0.0,0.11780190467834473
model_0,1950,1,0.6374211311340332,2,2,1,2,0.5702559351921082,0.47321486473083496,0.16420626640319824,0.25761032758838665,worker1->worker3,worker1,worker3,0,0.3896307945251465,0.0,0.08358407020568848
model_0,1951,1,0.4715580940246582,3,5,0,1,0.9982693195343018,0.38416171073913574,0.08739638328552246,0.18533534763365217,worker1,worker1,worker1,0,0.38416171073913574,0.0,0.0
model_0,1952,1,0.27329349517822266,0,0,1,0,0.8212842345237732,0.18529295921325684,0.08800053596496582,0.3220001116659513,worker1,worker1,worker1,0,0.18529295921325684,0.0,0.0
model_0,1953,1,0.7580626010894775,4,2,0,3,0.31713902950286865,0.576693058013916,0.18136954307556152,0.23925404421072827,worker1->worker3->worker2,worker1,worker2,0,0.27948451042175293,0.21127033233642578,0.0859382152557373
model_0,1954,1,0.49704504013061523,0,0,1,1,0.9445701241493225,0.40909695625305176,0.08794808387756348,0.17694188006473652,worker1,worker1,worker1,0,0.40909695625305176,0.0,0.0
model_0,1955,1,0.3490257263183594,3,3,1,0,0.8523808121681213,0.18163442611694336,0.16739130020141602,0.47959587955625993,worker1,worker1,worker1,0,0.18163442611694336,0.0,0.0
model_0,1956,1,0.27283644676208496,9,9,1,0,0.7765659093856812,0.18970155715942383,0.08313488960266113,0.3047059532891339,worker1,worker1,worker1,0,0.18970155715942383,0.0,0.0
model_0,1957,1,0.5033378601074219,2,2,1,2,0.7699958086013794,0.3638780117034912,0.13945984840393066,0.27707005464315215,worker1->worker3,worker1,worker3,0,0.2824411392211914,0.0,0.0814368724822998
model_0,1958,1,0.3452770709991455,1,1,1,0,0.9510274529457092,0.2583017349243164,0.0869753360748291,0.251900121323273,worker1,worker1,worker1,0,0.2583017349243164,0.0,0.0
model_0,1959,1,0.28812098503112793,5,4,0,0,0.740088701248169,0.18601012229919434,0.1021108627319336,0.35440272676043283,worker1,worker1,worker1,0,0.18601012229919434,0.0,0.0
model_0,1960,1,0.30763697624206543,1,1,1,0,0.7349070906639099,0.18497657775878906,0.12266039848327637,0.3987179954166515,worker1,worker1,worker1,0,0.18497657775878906,0.0,0.0
model_0,1961,1,0.8281495571136475,2,2,1,3,0.5506027340888977,0.6093080043792725,0.218841552734375,0.2642536614969695,worker1->worker3->worker2,worker1,worker2,0,0.27739644050598145,0.2241349220275879,0.10777664184570312
model_0,1962,1,0.3775794506072998,8,8,1,0,0.9259387850761414,0.255448579788208,0.1221308708190918,0.32345740909007675,worker1,worker1,worker1,0,0.255448579788208,0.0,0.0
model_0,1963,1,0.4245414733886719,5,3,0,1,0.6819021701812744,0.2869398593902588,0.13760161399841309,0.3241181901501469,worker1,worker1,worker1,0,0.2869398593902588,0.0,0.0
model_0,1964,1,0.2807149887084961,8,8,1,0,0.8666954040527344,0.19714903831481934,0.08356595039367676,0.29768966302135885,worker1,worker1,worker1,0,0.19714903831481934,0.0,0.0
model_0,1965,1,0.31195664405822754,6,6,1,0,0.9686583280563354,0.18945050239562988,0.12250614166259766,0.39270246040899054,worker1,worker1,worker1,0,0.18945050239562988,0.0,0.0
model_0,1966,1,0.2908339500427246,9,9,1,0,0.9590250253677368,0.1867690086364746,0.10406494140625,0.3578156586979012,worker1,worker1,worker1,0,0.1867690086364746,0.0,0.0
model_0,1967,1,0.3215177059173584,7,7,1,0,0.9972797632217407,0.18529438972473145,0.13622331619262695,0.4236883807190427,worker1,worker1,worker1,0,0.18529438972473145,0.0,0.0
model_0,1968,1,0.2716214656829834,0,0,1,0,0.9665665626525879,0.1811516284942627,0.0904698371887207,0.33307322365423964,worker1,worker1,worker1,0,0.1811516284942627,0.0,0.0
model_0,1969,1,0.26923346519470215,9,1,0,0,0.6581738591194153,0.18651270866394043,0.08272075653076172,0.30724544763014644,worker1,worker1,worker1,0,0.18651270866394043,0.0,0.0
model_0,1970,1,0.36508870124816895,3,3,1,1,0.9835616946220398,0.28144311904907227,0.08364558219909668,0.22911030090257056,worker1,worker1,worker1,0,0.28144311904907227,0.0,0.0
model_0,1971,1,0.28148961067199707,6,6,1,0,0.8439655303955078,0.19630742073059082,0.08518218994140625,0.3026121985037094,worker1,worker1,worker1,0,0.19630742073059082,0.0,0.0
model_0,1972,1,0.5087640285491943,5,2,0,2,0.7666460871696472,0.36690402030944824,0.1418600082397461,0.2788326223539782,worker1->worker3,worker1,worker3,0,0.28406834602355957,0.0,0.08283567428588867
model_0,1973,1,0.493044376373291,8,0,0,1,0.779316782951355,0.4085886478424072,0.08445572853088379,0.17129437547207949,worker1,worker1,worker1,0,0.4085886478424072,0.0,0.0
model_0,1974,1,0.325847864151001,1,1,1,0,0.9734611511230469,0.19568204879760742,0.13016581535339355,0.3994680637006523,worker1,worker1,worker1,0,0.19568204879760742,0.0,0.0
model_0,1975,1,0.6863160133361816,0,0,1,3,0.5743623375892639,0.5024888515472412,0.18382716178894043,0.2678462373263837,worker1->worker3->worker2,worker1,worker2,0,0.27259016036987305,0.1139829158782959,0.11591577529907227
model_0,1976,1,0.2750279903411865,3,3,1,0,0.8456315398216248,0.18828225135803223,0.0867457389831543,0.31540694776390465,worker1,worker1,worker1,0,0.18828225135803223,0.0,0.0
model_0,1977,1,0.2822539806365967,9,1,0,0,0.859786868095398,0.1913154125213623,0.09093856811523438,0.3221870172039069,worker1,worker1,worker1,0,0.1913154125213623,0.0,0.0
model_0,1978,1,0.2783379554748535,9,9,1,0,0.7555135488510132,0.18722271919250488,0.09111523628234863,0.32735469414116775,worker1,worker1,worker1,0,0.18722271919250488,0.0,0.0
model_0,1979,1,0.27521395683288574,7,7,1,0,0.9736552834510803,0.19004392623901367,0.08517003059387207,0.3094684280332071,worker1,worker1,worker1,0,0.19004392623901367,0.0,0.0
model_0,1980,1,0.3566727638244629,3,3,1,1,0.9709072113037109,0.27287912368774414,0.08379364013671875,0.2349314235217521,worker1,worker1,worker1,0,0.27287912368774414,0.0,0.0
model_0,1981,1,0.36212968826293945,2,2,1,1,0.731514573097229,0.27747488021850586,0.0846548080444336,0.23376931190178038,worker1,worker1,worker1,0,0.27747488021850586,0.0,0.0
model_0,1982,1,0.5076541900634766,5,5,1,2,0.9974356293678284,0.36827874183654785,0.1393754482269287,0.27454801113628424,worker1->worker3,worker1,worker3,0,0.28656005859375,0.0,0.08171868324279785
model_0,1983,1,0.3976931571960449,5,5,1,0,0.9980317950248718,0.30772924423217773,0.08996391296386719,0.2262143849749947,worker1,worker1,worker1,0,0.30772924423217773,0.0,0.0
model_0,1984,1,0.42304325103759766,3,8,0,1,0.7467448711395264,0.2808563709259033,0.14218688011169434,0.3361048303287022,worker1,worker1,worker1,0,0.2808563709259033,0.0,0.0
model_0,1985,1,0.2735285758972168,5,3,0,0,0.8856046199798584,0.18414092063903809,0.08938765525817871,0.3267945770015916,worker1,worker1,worker1,0,0.18414092063903809,0.0,0.0
model_0,1986,1,0.2678053379058838,8,9,0,0,0.8667929172515869,0.18421387672424316,0.08359146118164062,0.31213515695873695,worker1,worker1,worker1,0,0.18421387672424316,0.0,0.0
model_0,1987,1,0.27149367332458496,9,9,1,0,0.9345242381095886,0.18816399574279785,0.08332967758178711,0.30693045831002513,worker1,worker1,worker1,0,0.18816399574279785,0.0,0.0
model_0,1988,1,0.2784922122955322,0,0,1,0,0.9350411891937256,0.19474315643310547,0.08374905586242676,0.3007231519047052,worker1,worker1,worker1,0,0.19474315643310547,0.0,0.0
model_0,1989,1,0.2804279327392578,0,0,1,0,0.7553619146347046,0.19685125350952148,0.08357667922973633,0.29803264750892705,worker1,worker1,worker1,0,0.19685125350952148,0.0,0.0
model_0,1990,1,0.27260923385620117,8,8,1,0,0.9751265645027161,0.18167948722839355,0.09092974662780762,0.3335534359623791,worker1,worker1,worker1,0,0.18167948722839355,0.0,0.0
model_0,1991,1,0.27113866806030273,8,8,1,0,0.9843235611915588,0.1848740577697754,0.08626461029052734,0.31815679743378256,worker1,worker1,worker1,0,0.1848740577697754,0.0,0.0
model_0,1992,1,0.3150157928466797,7,7,1,0,0.860777735710144,0.1894230842590332,0.12559270858764648,0.3986870228083241,worker1,worker1,worker1,0,0.1894230842590332,0.0,0.0
model_0,1993,1,0.44832324981689453,2,2,1,1,0.9832106828689575,0.28897619247436523,0.1593470573425293,0.3554289397384817,worker1,worker1,worker1,0,0.28897619247436523,0.0,0.0
model_0,1994,1,0.35991501808166504,4,4,1,1,0.9997913241386414,0.2759420871734619,0.08397293090820312,0.23331321753611736,worker1,worker1,worker1,0,0.2759420871734619,0.0,0.0
model_0,1995,1,0.27509260177612305,0,0,1,0,0.8979026675224304,0.19126510620117188,0.08382749557495117,0.3047246455692473,worker1,worker1,worker1,0,0.19126510620117188,0.0,0.0
model_0,1996,1,0.26505446434020996,2,2,1,0,0.8525087237358093,0.18158173561096191,0.08347272872924805,0.3149267036004602,worker1,worker1,worker1,0,0.18158173561096191,0.0,0.0
model_0,1997,1,0.362011194229126,3,3,1,1,0.8147445321083069,0.27826976776123047,0.08374142646789551,0.2313227541104529,worker1,worker1,worker1,0,0.27826976776123047,0.0,0.0
model_0,1998,1,0.29195332527160645,7,7,1,0,0.8854248523712158,0.19160103797912598,0.10035228729248047,0.3437271598092673,worker1,worker1,worker1,0,0.19160103797912598,0.0,0.0
model_0,1999,1,0.2713181972503662,1,1,1,0,0.9686884880065918,0.18687009811401367,0.08444809913635254,0.3112511434624703,worker1,worker1,worker1,0,0.18687009811401367,0.0,0.0
model_1,0,1,0.30670928955078125,1,1,1,0,0.9988794922828674,0.19620943069458008,0.11049985885620117,0.3602755528469441,worker2,worker2,worker2,0,0.0,0.19620943069458008,0.0
model_1,1,1,0.2833878993988037,4,4,1,0,0.8723108768463135,0.18420815467834473,0.09917974472045898,0.34997875678836293,worker2,worker2,worker2,0,0.0,0.18420815467834473,0.0
model_1,2,1,0.6999194622039795,3,2,0,3,0.6412728428840637,0.49884605407714844,0.20107340812683105,0.2872807786965519,worker2->worker1->worker3,worker2,worker3,0,0.08829569816589355,0.2742042541503906,0.13634610176086426
model_1,3,1,0.3767728805541992,3,3,1,1,0.9815324544906616,0.272505521774292,0.10426735877990723,0.27673796114661775,worker2,worker2,worker2,0,0.0,0.272505521774292,0.0
model_1,4,1,0.26585936546325684,0,0,1,0,0.8155949115753174,0.18030118942260742,0.08555817604064941,0.3218174236275833,worker2,worker2,worker2,0,0.0,0.18030118942260742,0.0
model_1,5,1,0.5217742919921875,2,2,1,2,0.8241358995437622,0.3766212463378906,0.14515304565429688,0.27819125603158357,worker2->worker1,worker2,worker1,0,0.10491490364074707,0.27170634269714355,0.0
model_1,6,1,0.2764122486114502,4,4,1,0,0.7399641871452332,0.18041324615478516,0.09599900245666504,0.3473037209418669,worker2,worker2,worker2,0,0.0,0.18041324615478516,0.0
model_1,7,1,0.27411580085754395,7,7,1,0,0.9921424388885498,0.1856069564819336,0.08850884437561035,0.32288851681923936,worker2,worker2,worker2,0,0.0,0.1856069564819336,0.0
model_1,8,1,0.3602793216705322,3,4,0,1,0.9545087814331055,0.2755005359649658,0.0847787857055664,0.23531404831247796,worker2,worker2,worker2,0,0.0,0.2755005359649658,0.0
model_1,9,1,0.3578195571899414,6,1,0,1,0.6541396379470825,0.27274441719055176,0.08507513999938965,0.23775989403013317,worker2,worker2,worker2,0,0.0,0.27274441719055176,0.0
model_1,10,1,0.357311487197876,3,5,0,1,0.8310816884040833,0.2723045349121094,0.0850069522857666,0.23790713517892162,worker2,worker2,worker2,0,0.0,0.2723045349121094,0.0
model_1,11,1,0.26561641693115234,9,9,1,0,0.9904139637947083,0.18117094039916992,0.08444547653198242,0.3179226551868993,worker2,worker2,worker2,0,0.0,0.18117094039916992,0.0
model_1,12,1,0.35979604721069336,0,0,1,1,0.9434777498245239,0.277756929397583,0.08203911781311035,0.22801561731741032,worker2,worker2,worker2,0,0.0,0.277756929397583,0.0
model_1,13,1,0.26485610008239746,9,9,1,0,0.9857732653617859,0.18172097206115723,0.08313512802124023,0.31388791119168735,worker2,worker2,worker2,0,0.0,0.18172097206115723,0.0
model_1,14,1,0.3596985340118408,6,6,1,1,0.6908254027366638,0.2772047519683838,0.08249378204345703,0.2293414463589152,worker2,worker2,worker2,0,0.0,0.2772047519683838,0.0
model_1,15,1,0.6335692405700684,3,2,0,3,0.46417224407196045,0.45810651779174805,0.1754627227783203,0.2769432471507672,worker2->worker1->worker3,worker2,worker3,0,0.07767629623413086,0.2749762535095215,0.1054539680480957
model_1,16,1,0.26523852348327637,6,6,1,0,0.8747805953025818,0.18332386016845703,0.08191466331481934,0.30883395910618605,worker2,worker2,worker2,0,0.0,0.18332386016845703,0.0
model_1,17,1,0.2658050060272217,8,8,1,0,0.9924821257591248,0.18364810943603516,0.08215689659118652,0.3090870928998706,worker2,worker2,worker2,0,0.0,0.18364810943603516,0.0
model_1,18,1,0.5152924060821533,2,2,1,2,0.907489538192749,0.3746020793914795,0.14069032669067383,0.27303007967915505,worker2->worker1,worker2,worker1,0,0.10129475593566895,0.27330732345581055,0.0
model_1,19,1,0.27609896659851074,3,3,1,0,0.9396432638168335,0.18468260765075684,0.0914163589477539,0.3310999677904879,worker2,worker2,worker2,0,0.0,0.18468260765075684,0.0
model_1,20,1,0.2709672451019287,3,3,1,0,0.9190186858177185,0.1872844696044922,0.08368277549743652,0.30882985678198077,worker2,worker2,worker2,0,0.0,0.1872844696044922,0.0
model_1,21,1,0.40563225746154785,0,0,1,1,0.8941956162452698,0.27542924880981445,0.1302030086517334,0.32098780670587096,worker2,worker2,worker2,0,0.0,0.27542924880981445,0.0
model_1,22,1,0.3907179832458496,9,9,1,1,0.5688800811767578,0.2642536163330078,0.1264643669128418,0.32367173341306693,worker2,worker2,worker2,0,0.0,0.2642536163330078,0.0
model_1,23,1,0.26597023010253906,8,8,1,0,0.9971152544021606,0.1802806854248047,0.08568954467773438,0.322177202481265,worker2,worker2,worker2,0,0.0,0.1802806854248047,0.0
model_1,24,1,0.5563695430755615,6,6,1,2,0.9863215088844299,0.3748326301574707,0.18153691291809082,0.32628837285838985,worker2->worker1,worker2,worker1,0,0.09746980667114258,0.2773628234863281,0.0
model_1,25,1,0.26766037940979004,2,5,0,0,0.7633412480354309,0.18129229545593262,0.08636808395385742,0.32267788061985536,worker2,worker2,worker2,0,0.0,0.18129229545593262,0.0
model_1,26,1,0.41184282302856445,3,3,1,1,0.9359797239303589,0.2758147716522217,0.13602805137634277,0.3302911785035724,worker2,worker2,worker2,0,0.0,0.2758147716522217,0.0
model_1,27,1,0.35577940940856934,1,1,1,1,0.9080682992935181,0.26967597007751465,0.08610343933105469,0.24201355405639952,worker2,worker2,worker2,0,0.0,0.26967597007751465,0.0
model_1,28,1,0.3442361354827881,5,5,1,0,0.9461036324501038,0.18176484107971191,0.16247129440307617,0.471976290853985,worker2,worker2,worker2,0,0.0,0.18176484107971191,0.0
model_1,29,1,0.3608717918395996,7,7,1,1,0.8310999274253845,0.27256131172180176,0.08831048011779785,0.24471427835249068,worker2,worker2,worker2,0,0.0,0.27256131172180176,0.0
model_1,30,1,0.26323556900024414,3,3,1,0,0.8359655737876892,0.17984247207641602,0.08339309692382812,0.31680026084830043,worker2,worker2,worker2,0,0.0,0.17984247207641602,0.0
model_1,31,1,0.26860642433166504,8,8,1,0,0.9852295517921448,0.1833782196044922,0.08522820472717285,0.3172977151951373,worker2,worker2,worker2,0,0.0,0.1833782196044922,0.0
model_1,32,1,0.26509857177734375,0,0,1,0,0.9930550456047058,0.18263649940490723,0.08246207237243652,0.31106192620945694,worker2,worker2,worker2,0,0.0,0.18263649940490723,0.0
model_1,33,1,0.5102114677429199,8,8,1,2,0.5512314438819885,0.3687269687652588,0.14148449897766113,0.2773056035050762,worker2->worker1,worker2,worker1,0,0.09694790840148926,0.27177906036376953,0.0
model_1,34,1,0.2872922420501709,9,9,1,0,0.9607568383216858,0.18816065788269043,0.09913158416748047,0.3450548593308996,worker2,worker2,worker2,0,0.0,0.18816065788269043,0.0
model_1,35,1,0.27292561531066895,9,9,1,0,0.9967693090438843,0.18917369842529297,0.08375191688537598,0.30686719086459463,worker2,worker2,worker2,0,0.0,0.18917369842529297,0.0
model_1,36,1,0.27422118186950684,6,6,1,0,0.9264715909957886,0.18601417541503906,0.08820700645446777,0.321663723615788,worker2,worker2,worker2,0,0.0,0.18601417541503906,0.0
model_1,37,1,0.35671329498291016,4,4,1,1,0.8471298813819885,0.27370381355285645,0.08300948143005371,0.23270644127248083,worker2,worker2,worker2,0,0.0,0.27370381355285645,0.0
model_1,38,1,0.2664377689361572,5,5,1,0,0.8069315552711487,0.18100619316101074,0.08543157577514648,0.32064363891148356,worker2,worker2,worker2,0,0.0,0.18100619316101074,0.0
model_1,39,1,0.2728574275970459,8,8,1,0,0.9888613820075989,0.18303847312927246,0.08981895446777344,0.32917907076518177,worker2,worker2,worker2,0,0.0,0.18303847312927246,0.0
model_1,40,1,0.3581504821777344,3,5,0,1,0.569166362285614,0.273282527923584,0.08486795425415039,0.2369617199399278,worker2,worker2,worker2,0,0.0,0.273282527923584,0.0
model_1,41,1,0.2725691795349121,9,9,1,0,0.995202898979187,0.18081331253051758,0.09175586700439453,0.3366333169471274,worker2,worker2,worker2,0,0.0,0.18081331253051758,0.0
model_1,42,1,0.36177611351013184,9,2,0,1,0.815803587436676,0.2729926109313965,0.08878350257873535,0.24541007342169066,worker2,worker2,worker2,0,0.0,0.2729926109313965,0.0
model_1,43,1,0.3538196086883545,1,1,1,1,0.9799195528030396,0.27023839950561523,0.08358120918273926,0.2362254864635212,worker2,worker2,worker2,0,0.0,0.27023839950561523,0.0
model_1,44,1,0.3939492702484131,0,0,1,1,0.8023911118507385,0.26968979835510254,0.12425947189331055,0.3154199824128525,worker2,worker2,worker2,0,0.0,0.26968979835510254,0.0
model_1,45,1,0.2673983573913574,7,3,0,0,0.8207148909568787,0.18105483055114746,0.08634352684020996,0.3229022335161161,worker2,worker2,worker2,0,0.0,0.18105483055114746,0.0
model_1,46,1,0.3261599540710449,6,5,0,0,0.754905104637146,0.18410420417785645,0.14205574989318848,0.4355401333612083,worker2,worker2,worker2,0,0.0,0.18410420417785645,0.0
model_1,47,1,0.36669373512268066,3,6,0,1,0.7348257303237915,0.28023219108581543,0.08646154403686523,0.23578680450577852,worker2,worker2,worker2,0,0.0,0.28023219108581543,0.0
model_1,48,1,0.27230024337768555,3,2,0,0,0.7285758256912231,0.17951583862304688,0.09278440475463867,0.3407430107432734,worker2,worker2,worker2,0,0.0,0.17951583862304688,0.0
model_1,49,1,0.3590736389160156,6,6,1,1,0.9904948472976685,0.275423526763916,0.08365011215209961,0.23296088346843163,worker2,worker2,worker2,0,0.0,0.275423526763916,0.0
model_1,50,1,0.2625308036804199,6,6,1,0,0.9183809161186218,0.1787731647491455,0.08375763893127441,0.31903928132270915,worker2,worker2,worker2,0,0.0,0.1787731647491455,0.0
model_1,51,1,0.2684457302093506,7,7,1,0,0.9987502098083496,0.18653273582458496,0.08191299438476562,0.3051380043217108,worker2,worker2,worker2,0,0.0,0.18653273582458496,0.0
model_1,52,1,0.26338911056518555,3,5,0,0,0.6259307265281677,0.18097400665283203,0.08241510391235352,0.3129024724503817,worker2,worker2,worker2,0,0.0,0.18097400665283203,0.0
model_1,53,1,0.5674636363983154,3,4,0,2,0.9906754493713379,0.3941004276275635,0.17336320877075195,0.3055054062513786,worker2->worker1,worker2,worker1,0,0.11803436279296875,0.2760660648345947,0.0
model_1,54,1,0.26459336280822754,6,6,1,0,0.9830332398414612,0.18225860595703125,0.08233475685119629,0.31117468698892126,worker2,worker2,worker2,0,0.0,0.18225860595703125,0.0
model_1,55,1,0.5927367210388184,0,0,1,2,0.7716735601425171,0.447307825088501,0.14542889595031738,0.2453515882995095,worker2->worker1,worker2,worker1,0,0.169447660446167,0.277860164642334,0.0
model_1,56,1,0.26276111602783203,2,2,1,0,0.8297075629234314,0.17827105522155762,0.08449006080627441,0.3215470465475002,worker2,worker2,worker2,0,0.0,0.17827105522155762,0.0
model_1,57,1,0.6070594787597656,2,2,1,2,0.9589126110076904,0.44838547706604004,0.15867400169372559,0.26138130981481367,worker2->worker1,worker2,worker1,0,0.17166590690612793,0.2767195701599121,0.0
model_1,58,1,0.26373815536499023,3,3,1,0,0.7348867058753967,0.18066191673278809,0.08307623863220215,0.31499514553452457,worker2,worker2,worker2,0,0.0,0.18066191673278809,0.0
model_1,59,1,0.3570406436920166,0,0,1,1,0.7390989661216736,0.27430033683776855,0.08274030685424805,0.23173918240417432,worker2,worker2,worker2,0,0.0,0.27430033683776855,0.0
model_1,60,1,0.3544137477874756,3,3,1,1,0.7163835763931274,0.2712414264678955,0.08317232131958008,0.23467577609166113,worker2,worker2,worker2,0,0.0,0.2712414264678955,0.0
model_1,61,1,0.2647213935852051,9,9,1,0,0.9870331287384033,0.18131351470947266,0.08340787887573242,0.3150779683731386,worker2,worker2,worker2,0,0.0,0.18131351470947266,0.0
model_1,62,1,0.6084005832672119,2,2,1,2,0.5345557332038879,0.44379329681396484,0.16460728645324707,0.2705574106607174,worker2->worker1,worker2,worker1,0,0.16519641876220703,0.2785968780517578,0.0
model_1,63,1,0.2684011459350586,8,8,1,0,0.904219388961792,0.18368864059448242,0.08471250534057617,0.31561901513294177,worker2,worker2,worker2,0,0.0,0.18368864059448242,0.0
model_1,64,1,0.3608102798461914,9,9,1,1,0.7362514734268188,0.27765846252441406,0.08315181732177734,0.23045855943246366,worker2,worker2,worker2,0,0.0,0.27765846252441406,0.0
model_1,65,1,0.6983156204223633,0,0,1,3,0.5678153038024902,0.5187468528747559,0.17956876754760742,0.2571455689892753,worker2->worker1->worker3,worker2,worker3,0,0.07991886138916016,0.28625059127807617,0.15257740020751953
model_1,66,1,0.2709794044494629,1,1,1,0,0.9827102422714233,0.1844620704650879,0.086517333984375,0.31927641940223656,worker2,worker2,worker2,0,0.0,0.1844620704650879,0.0
model_1,67,1,0.2661170959472656,9,1,0,0,0.6945714950561523,0.1829056739807129,0.08321142196655273,0.3126872464557561,worker2,worker2,worker2,0,0.0,0.1829056739807129,0.0
model_1,68,1,0.3586914539337158,5,5,1,1,0.7130683660507202,0.27416539192199707,0.08452606201171875,0.23565117341027783,worker2,worker2,worker2,0,0.0,0.27416539192199707,0.0
model_1,69,1,0.26145243644714355,5,5,1,0,0.9124339818954468,0.17808151245117188,0.08337092399597168,0.3188760645297193,worker2,worker2,worker2,0,0.0,0.17808151245117188,0.0
model_1,70,1,0.35965490341186523,0,1,0,1,0.9133583307266235,0.27608489990234375,0.08357000350952148,0.23236164088612413,worker2,worker2,worker2,0,0.0,0.27608489990234375,0.0
model_1,71,1,0.2661244869232178,4,4,1,0,0.9418591260910034,0.18274855613708496,0.08337593078613281,0.31329672721995117,worker2,worker2,worker2,0,0.0,0.18274855613708496,0.0
model_1,72,1,0.2651233673095703,6,6,1,0,0.7936818599700928,0.181990385055542,0.08313298225402832,0.313563391630276,worker2,worker2,worker2,0,0.0,0.181990385055542,0.0
model_1,73,1,0.6524307727813721,7,7,1,2,0.9941891431808472,0.4611186981201172,0.19131207466125488,0.29322969216438705,worker2->worker1,worker2,worker1,0,0.185927152633667,0.2751915454864502,0.0
model_1,74,1,0.26535558700561523,0,0,1,0,0.6996145248413086,0.18066143989562988,0.08469414710998535,0.3191722777187771,worker2,worker2,worker2,0,0.0,0.18066143989562988,0.0
model_1,75,1,0.3643646240234375,2,2,1,1,0.8881168961524963,0.28001880645751953,0.08434581756591797,0.23148739478202604,worker2,worker2,worker2,0,0.0,0.28001880645751953,0.0
model_1,76,1,0.35102009773254395,6,1,0,1,0.9096251726150513,0.2683718204498291,0.08264827728271484,0.2354516958333475,worker2,worker2,worker2,0,0.0,0.2683718204498291,0.0
model_1,77,1,0.35263919830322266,1,1,1,1,0.988720715045929,0.26946139335632324,0.08317780494689941,0.23587226078984447,worker2,worker2,worker2,0,0.0,0.26946139335632324,0.0
model_1,78,1,0.6704399585723877,2,2,1,2,0.8577776551246643,0.46759605407714844,0.20284390449523926,0.3025534231688222,worker2->worker1,worker2,worker1,0,0.19683480262756348,0.27076125144958496,0.0
model_1,79,1,0.33403611183166504,2,2,1,0,0.9059289693832397,0.1821296215057373,0.15190649032592773,0.45476068288832155,worker2,worker2,worker2,0,0.0,0.1821296215057373,0.0
model_1,80,1,0.5958185195922852,5,7,0,2,0.8100273013114929,0.45162415504455566,0.1441943645477295,0.24201054483234388,worker2->worker1,worker2,worker1,0,0.17493462562561035,0.2766895294189453,0.0
model_1,81,1,0.3589160442352295,3,3,1,1,0.976478099822998,0.27446699142456055,0.08444905281066895,0.2352891551298888,worker2,worker2,worker2,0,0.0,0.27446699142456055,0.0
model_1,82,1,0.26414966583251953,3,3,1,0,0.7804386615753174,0.18102717399597168,0.08312249183654785,0.31467952675454275,worker2,worker2,worker2,0,0.0,0.18102717399597168,0.0
model_1,83,1,0.2667989730834961,1,1,1,0,0.7939394116401672,0.18230628967285156,0.08449268341064453,0.3166904371262408,worker2,worker2,worker2,0,0.0,0.18230628967285156,0.0
model_1,84,1,0.27181196212768555,4,4,1,0,0.9187469482421875,0.18742918968200684,0.08438277244567871,0.31044539682929523,worker2,worker2,worker2,0,0.0,0.18742918968200684,0.0
model_1,85,1,0.2665400505065918,4,4,1,0,0.957038164138794,0.18315553665161133,0.08338451385498047,0.31284046692607004,worker2,worker2,worker2,0,0.0,0.18315553665161133,0.0
model_1,86,1,0.3572404384613037,4,7,0,1,0.5412805080413818,0.27318334579467773,0.08405709266662598,0.23529557020105113,worker2,worker2,worker2,0,0.0,0.27318334579467773,0.0
model_1,87,1,0.26505017280578613,7,7,1,0,0.6543970108032227,0.18182969093322754,0.0832204818725586,0.31398010796068365,worker2,worker2,worker2,0,0.0,0.18182969093322754,0.0
model_1,88,1,0.26843953132629395,6,6,1,0,0.9666780829429626,0.1842823028564453,0.08415722846984863,0.31350534719699585,worker2,worker2,worker2,0,0.0,0.1842823028564453,0.0
model_1,89,1,0.266312837600708,9,1,0,0,0.9181298613548279,0.18302297592163086,0.08328986167907715,0.31275195904733855,worker2,worker2,worker2,0,0.0,0.18302297592163086,0.0
model_1,90,1,0.2671537399291992,0,9,0,0,0.8387606739997864,0.18375778198242188,0.08339595794677734,0.31216466581706415,worker2,worker2,worker2,0,0.0,0.18375778198242188,0.0
model_1,91,1,0.35981273651123047,2,2,1,1,0.8341140151023865,0.2758216857910156,0.08399105072021484,0.23342989893742497,worker2,worker2,worker2,0,0.0,0.2758216857910156,0.0
model_1,92,1,0.2631826400756836,4,8,0,0,0.7451170086860657,0.17876577377319336,0.08441686630249023,0.32075393072360103,worker2,worker2,worker2,0,0.0,0.17876577377319336,0.0
model_1,93,1,0.3605067729949951,0,0,1,1,0.9962627291679382,0.2771182060241699,0.0833885669708252,0.23130929352049337,worker2,worker2,worker2,0,0.0,0.2771182060241699,0.0
model_1,94,1,0.26552557945251465,8,8,1,0,0.8438474535942078,0.1808319091796875,0.08469367027282715,0.3189661442315894,worker2,worker2,worker2,0,0.0,0.1808319091796875,0.0
model_1,95,1,0.2656066417694092,3,3,1,0,0.9838665723800659,0.18224215507507324,0.08336448669433594,0.31386446565861936,worker2,worker2,worker2,0,0.0,0.18224215507507324,0.0
model_1,96,1,0.589348316192627,3,3,1,2,0.8937127590179443,0.4355015754699707,0.15384674072265625,0.26104552519391916,worker2->worker1,worker2,worker1,0,0.15770959854125977,0.27779197692871094,0.0
model_1,97,1,0.2675964832305908,7,7,1,0,0.7245311141014099,0.18294143676757812,0.0846550464630127,0.3163533595098278,worker2,worker2,worker2,0,0.0,0.18294143676757812,0.0
model_1,98,1,0.3607943058013916,4,4,1,1,0.9024940133094788,0.2768666744232178,0.08392763137817383,0.23261905753128467,worker2,worker2,worker2,0,0.0,0.2768666744232178,0.0
model_1,99,1,0.35601806640625,0,0,1,1,0.9939223527908325,0.2717709541320801,0.08424711227416992,0.23663718283901938,worker2,worker2,worker2,0,0.0,0.2717709541320801,0.0
model_1,100,1,0.26827144622802734,1,1,1,0,0.7888223528862,0.1847527027130127,0.08351874351501465,0.311321777585024,worker2,worker2,worker2,0,0.0,0.1847527027130127,0.0
model_1,101,1,0.35690951347351074,9,1,0,1,0.6067662835121155,0.27379393577575684,0.0831155776977539,0.2328757697962641,worker2,worker2,worker2,0,0.0,0.27379393577575684,0.0
model_1,102,1,0.3555111885070801,3,5,0,1,0.8083117008209229,0.271773099899292,0.08373808860778809,0.23554276578308148,worker2,worker2,worker2,0,0.0,0.271773099899292,0.0
model_1,103,1,0.35407042503356934,9,0,0,1,0.5668742656707764,0.2705559730529785,0.08351445198059082,0.23586960693673537,worker2,worker2,worker2,0,0.0,0.2705559730529785,0.0
model_1,104,1,0.356081485748291,4,4,1,1,0.9716349244117737,0.2720072269439697,0.08407425880432129,0.23610960459694386,worker2,worker2,worker2,0,0.0,0.2720072269439697,0.0
model_1,105,1,0.26588964462280273,0,0,1,0,0.985191285610199,0.18218135833740234,0.08370828628540039,0.3148234163242834,worker2,worker2,worker2,0,0.0,0.18218135833740234,0.0
model_1,106,1,0.2687671184539795,7,7,1,0,0.9164149761199951,0.1850898265838623,0.08367729187011719,0.3113375339641672,worker2,worker2,worker2,0,0.0,0.1850898265838623,0.0
model_1,107,1,0.6472597122192383,7,7,1,3,0.4800994098186493,0.46723294258117676,0.18002676963806152,0.2781368378711686,worker2->worker1->worker3,worker2,worker3,0,0.08690047264099121,0.27391529083251953,0.10641717910766602
model_1,108,1,0.35346555709838867,9,1,0,1,0.9753615856170654,0.2697107791900635,0.0837547779083252,0.23695315208607917,worker2,worker2,worker2,0,0.0,0.2697107791900635,0.0
model_1,109,1,0.6763796806335449,6,0,0,3,0.598260760307312,0.4947350025177002,0.18164467811584473,0.2685543095347032,worker2->worker1->worker3,worker2,worker3,0,0.07581090927124023,0.26651453971862793,0.15240955352783203
model_1,110,1,0.26504087448120117,9,9,1,0,0.88752281665802,0.18186092376708984,0.08317995071411133,0.3138381990209254,worker2,worker2,worker2,0,0.0,0.18186092376708984,0.0
model_1,111,1,0.26584959030151367,4,4,1,0,0.9336035251617432,0.18240952491760254,0.08344006538391113,0.31386192955677483,worker2,worker2,worker2,0,0.0,0.18240952491760254,0.0
model_1,112,1,0.6292843818664551,5,3,0,2,0.989531397819519,0.4614226818084717,0.1678617000579834,0.26675014491875076,worker2->worker1,worker2,worker1,0,0.1857924461364746,0.27563023567199707,0.0
model_1,113,1,0.7308228015899658,8,1,0,3,0.9255660772323608,0.5424137115478516,0.18840909004211426,0.2578040663649446,worker2->worker1->worker3,worker2,worker3,0,0.12495756149291992,0.31684017181396484,0.1006159782409668
model_1,114,1,0.339277982711792,4,4,1,0,0.6924506425857544,0.17992877960205078,0.1593492031097412,0.46967151194454104,worker2,worker2,worker2,0,0.0,0.17992877960205078,0.0
model_1,115,1,0.27661705017089844,9,9,1,0,0.9913133978843689,0.18471193313598633,0.09190511703491211,0.33224675405269366,worker2,worker2,worker2,0,0.0,0.18471193313598633,0.0
model_1,116,1,0.2687859535217285,3,3,1,0,0.7642244100570679,0.18500971794128418,0.08377623558044434,0.3116838305081739,worker2,worker2,worker2,0,0.0,0.18500971794128418,0.0
model_1,117,1,0.3589348793029785,4,4,1,1,0.9994981288909912,0.27460646629333496,0.08432841300964355,0.23494070337606163,worker2,worker2,worker2,0,0.0,0.27460646629333496,0.0
model_1,118,1,0.7995786666870117,7,0,0,3,0.7059827446937561,0.6196951866149902,0.17988348007202148,0.22497283577781516,worker2->worker1->worker3,worker2,worker3,0,0.16755366325378418,0.3469665050506592,0.10517501831054688
model_1,119,1,0.3476381301879883,4,4,1,0,0.9919629096984863,0.18425488471984863,0.16338324546813965,0.4699807969275084,worker2,worker2,worker2,0,0.0,0.18425488471984863,0.0
model_1,120,1,0.6080734729766846,3,3,1,2,0.928432047367096,0.4489617347717285,0.15911173820495605,0.26166531722895414,worker2->worker1,worker2,worker1,0,0.17442011833190918,0.27454161643981934,0.0
model_1,121,1,0.6006307601928711,5,5,1,2,0.9174639582633972,0.4432520866394043,0.1573786735534668,0.26202233382607687,worker2->worker1,worker2,worker1,0,0.17246150970458984,0.27079057693481445,0.0
model_1,122,1,0.35861849784851074,0,0,1,1,0.9928672313690186,0.2737302780151367,0.08488821983337402,0.236708982784354,worker2,worker2,worker2,0,0.0,0.2737302780151367,0.0
model_1,123,1,0.3513908386230469,9,1,0,1,0.49256885051727295,0.26819753646850586,0.08319330215454102,0.23675432882809533,worker2,worker2,worker2,0,0.0,0.26819753646850586,0.0
model_1,124,1,0.2642483711242676,9,1,0,0,0.5954744219779968,0.1815948486328125,0.08265352249145508,0.3127872544296054,worker2,worker2,worker2,0,0.0,0.1815948486328125,0.0
model_1,125,1,0.36156344413757324,0,0,1,1,0.9778253436088562,0.2771141529083252,0.08444929122924805,0.23356700628483745,worker2,worker2,worker2,0,0.0,0.2771141529083252,0.0
model_1,126,1,0.2657177448272705,7,5,0,0,0.7950559258460999,0.18320512771606445,0.08251261711120605,0.31052731222313845,worker2,worker2,worker2,0,0.0,0.18320512771606445,0.0
model_1,127,1,0.27327847480773926,4,4,1,0,0.931409478187561,0.18872690200805664,0.08455157279968262,0.30939711903459477,worker2,worker2,worker2,0,0.0,0.18872690200805664,0.0
model_1,128,1,0.26769590377807617,8,8,1,0,0.9386671185493469,0.1845989227294922,0.08309698104858398,0.3104155867751813,worker2,worker2,worker2,0,0.0,0.1845989227294922,0.0
model_1,129,1,0.6108808517456055,5,5,1,2,0.6421955823898315,0.45230555534362793,0.15857529640197754,0.25958465705520994,worker2->worker1,worker2,worker1,0,0.17319917678833008,0.27910637855529785,0.0
model_1,130,1,0.6200284957885742,3,5,0,2,0.8582600355148315,0.45237135887145996,0.16765713691711426,0.2704023090162686,worker2->worker1,worker2,worker1,0,0.18121933937072754,0.2711520195007324,0.0
model_1,131,1,0.3585991859436035,9,9,1,1,0.8308514952659607,0.2761528491973877,0.08244633674621582,0.22991222506339448,worker2,worker2,worker2,0,0.0,0.2761528491973877,0.0
model_1,132,1,0.35500550270080566,5,2,0,1,0.6738492250442505,0.27037811279296875,0.08462738990783691,0.23838331874861066,worker2,worker2,worker2,0,0.0,0.27037811279296875,0.0
model_1,133,1,0.26318979263305664,7,5,0,0,0.887203574180603,0.1777184009552002,0.08547139167785645,0.3247519245437531,worker2,worker2,worker2,0,0.0,0.1777184009552002,0.0
model_1,134,1,0.34906721115112305,6,2,0,1,0.8116304278373718,0.26531314849853516,0.08375406265258789,0.23993678001549082,worker2,worker2,worker2,0,0.0,0.26531314849853516,0.0
model_1,135,1,0.3523383140563965,3,3,1,1,0.9878002405166626,0.2687525749206543,0.08358573913574219,0.23723147838631925,worker2,worker2,worker2,0,0.0,0.2687525749206543,0.0
model_1,136,1,0.2630906105041504,6,6,1,0,0.9388352036476135,0.17926859855651855,0.08382201194763184,0.31860510638143624,worker2,worker2,worker2,0,0.0,0.17926859855651855,0.0
model_1,137,1,0.2616767883300781,8,8,1,0,0.7659785747528076,0.17812633514404297,0.08355045318603516,0.319288744405732,worker2,worker2,worker2,0,0.0,0.17812633514404297,0.0
model_1,138,1,0.35317444801330566,9,1,0,1,0.5194798707962036,0.26938748359680176,0.0837869644165039,0.23723959897955946,worker2,worker2,worker2,0,0.0,0.26938748359680176,0.0
model_1,139,1,0.35291576385498047,6,8,0,1,0.9025586247444153,0.26920461654663086,0.08371114730834961,0.2371986629159134,worker2,worker2,worker2,0,0.0,0.26920461654663086,0.0
model_1,140,1,0.3493192195892334,5,5,1,1,0.982573926448822,0.2654736042022705,0.08384561538696289,0.24002577208765513,worker2,worker2,worker2,0,0.0,0.2654736042022705,0.0
model_1,141,1,0.26310014724731445,1,1,1,0,0.8583043813705444,0.17936015129089355,0.0837399959564209,0.3182818285453303,worker2,worker2,worker2,0,0.0,0.17936015129089355,0.0
model_1,142,1,0.35246729850769043,2,2,1,1,0.9686550498008728,0.26826953887939453,0.0841977596282959,0.23888105360349848,worker2,worker2,worker2,0,0.0,0.26826953887939453,0.0
model_1,143,1,0.3533451557159424,4,4,1,1,0.9225872755050659,0.27012109756469727,0.08322405815124512,0.2355319064233889,worker2,worker2,worker2,0,0.0,0.27012109756469727,0.0
model_1,144,1,0.2602243423461914,5,4,0,0,0.8111891746520996,0.1777026653289795,0.08252167701721191,0.31711743902662487,worker2,worker2,worker2,0,0.0,0.1777026653289795,0.0
model_1,145,1,0.2594304084777832,0,0,1,0,0.6918227672576904,0.176924467086792,0.08250594139099121,0.3180272577725088,worker2,worker2,worker2,0,0.0,0.176924467086792,0.0
model_1,146,1,0.26695752143859863,2,2,1,0,0.7088483572006226,0.1839580535888672,0.08299946784973145,0.3109088944280661,worker2,worker2,worker2,0,0.0,0.1839580535888672,0.0
model_1,147,1,0.2624070644378662,0,8,0,0,0.7755029797554016,0.17901825904846191,0.0833888053894043,0.3177841479536441,worker2,worker2,worker2,0,0.0,0.17901825904846191,0.0
model_1,148,1,0.2779877185821533,8,8,1,0,0.8609852194786072,0.19450092315673828,0.08348679542541504,0.30032548146814014,worker2,worker2,worker2,0,0.0,0.19450092315673828,0.0
model_1,149,1,0.26165127754211426,4,4,1,0,0.8304460644721985,0.1787254810333252,0.08292579650878906,0.3169325114242627,worker2,worker2,worker2,0,0.0,0.1787254810333252,0.0
model_1,150,1,0.5429890155792236,3,5,0,2,0.7783602476119995,0.40224790573120117,0.14074110984802246,0.25919697417431076,worker2->worker1,worker2,worker1,0,0.1250898838043213,0.2771580219268799,0.0
model_1,151,1,0.36073803901672363,8,7,0,1,0.8476609587669373,0.2770199775695801,0.08371806144714355,0.2320743930286277,worker2,worker2,worker2,0,0.0,0.2770199775695801,0.0
model_1,152,1,0.3549797534942627,0,0,1,1,0.9278719425201416,0.27246522903442383,0.08251452445983887,0.23244853726896425,worker2,worker2,worker2,0,0.0,0.27246522903442383,0.0
model_1,153,1,0.26962828636169434,9,1,0,0,0.9823237657546997,0.18596863746643066,0.08365964889526367,0.31027771612596305,worker2,worker2,worker2,0,0.0,0.18596863746643066,0.0
model_1,154,1,0.26793956756591797,2,2,1,0,0.9125319719314575,0.18351435661315918,0.08442521095275879,0.31509049491911517,worker2,worker2,worker2,0,0.0,0.18351435661315918,0.0
model_1,155,1,0.35753774642944336,3,3,1,1,0.9865829348564148,0.2747368812561035,0.08280086517333984,0.23158635976266018,worker2,worker2,worker2,0,0.0,0.2747368812561035,0.0
model_1,156,1,0.2683396339416504,4,4,1,0,0.8272078633308411,0.18261957168579102,0.08572006225585938,0.319446147394309,worker2,worker2,worker2,0,0.0,0.18261957168579102,0.0
model_1,157,1,0.2709507942199707,6,6,1,0,0.6963979005813599,0.18307781219482422,0.08787298202514648,0.32431343217915437,worker2,worker2,worker2,0,0.0,0.18307781219482422,0.0
model_1,158,1,0.26778602600097656,7,7,1,0,0.974668025970459,0.18213915824890137,0.0856468677520752,0.3198332229321139,worker2,worker2,worker2,0,0.0,0.18213915824890137,0.0
model_1,159,1,0.271543025970459,7,7,1,0,0.9217821955680847,0.1834416389465332,0.08810138702392578,0.32444724628468374,worker2,worker2,worker2,0,0.0,0.1834416389465332,0.0
model_1,160,1,0.26880383491516113,9,9,1,0,0.9742995500564575,0.18291664123535156,0.08588719367980957,0.31951625134707234,worker2,worker2,worker2,0,0.0,0.18291664123535156,0.0
model_1,161,1,0.2695047855377197,1,1,1,0,0.9334373474121094,0.18348360061645508,0.08602118492126465,0.3191824024558005,worker2,worker2,worker2,0,0.0,0.18348360061645508,0.0
model_1,162,1,0.3578801155090332,1,1,1,1,0.958581268787384,0.27196288108825684,0.08591723442077637,0.24007266874431235,worker2,worker2,worker2,0,0.0,0.27196288108825684,0.0
model_1,163,1,0.26602768898010254,1,1,1,0,0.722163736820221,0.18224096298217773,0.0837867259979248,0.31495490683374544,worker2,worker2,worker2,0,0.0,0.18224096298217773,0.0
model_1,164,1,0.3344738483428955,4,3,0,0,0.9629872441291809,0.18269920349121094,0.15177464485168457,0.45377133549792037,worker2,worker2,worker2,0,0.0,0.18269920349121094,0.0
model_1,165,1,0.266216516494751,9,9,1,0,0.5741621255874634,0.18284368515014648,0.08337283134460449,0.3131767797218861,worker2,worker2,worker2,0,0.0,0.18284368515014648,0.0
model_1,166,1,0.33289098739624023,8,8,1,0,0.9947197437286377,0.1819167137145996,0.15097427368164062,0.4535246654242877,worker2,worker2,worker2,0,0.0,0.1819167137145996,0.0
model_1,167,1,0.4234580993652344,7,7,1,1,0.9996211528778076,0.27222490310668945,0.15123319625854492,0.3571385137874188,worker2,worker2,worker2,0,0.0,0.27222490310668945,0.0
model_1,168,1,0.2684786319732666,7,7,1,0,0.969474196434021,0.18012523651123047,0.08835339546203613,0.3290891152590267,worker2,worker2,worker2,0,0.0,0.18012523651123047,0.0
model_1,169,1,0.2683999538421631,9,1,0,0,0.5972409248352051,0.1813356876373291,0.08706426620483398,0.3243825677259003,worker2,worker2,worker2,0,0.0,0.1813356876373291,0.0
model_1,170,1,0.5496234893798828,6,2,0,2,0.5784951448440552,0.4027986526489258,0.14682483673095703,0.26713712126207223,worker2->worker1,worker2,worker1,0,0.13032054901123047,0.2724781036376953,0.0
model_1,171,1,0.2634577751159668,6,6,1,0,0.966378390789032,0.1808319091796875,0.0826258659362793,0.31362090528514364,worker2,worker2,worker2,0,0.0,0.1808319091796875,0.0
model_1,172,1,0.35498881340026855,6,6,1,1,0.9921878576278687,0.2712881565093994,0.08370065689086914,0.2357839282008367,worker2,worker2,worker2,0,0.0,0.2712881565093994,0.0
model_1,173,1,0.266404390335083,6,6,1,0,0.7924689054489136,0.18403148651123047,0.08237290382385254,0.30920250120594495,worker2,worker2,worker2,0,0.0,0.18403148651123047,0.0
model_1,174,1,0.3550441265106201,4,4,1,1,0.6980289220809937,0.27240967750549316,0.08263444900512695,0.23274416568233297,worker2,worker2,worker2,0,0.0,0.27240967750549316,0.0
model_1,175,1,0.5746822357177734,2,2,1,2,0.992027223110199,0.42481255531311035,0.14986968040466309,0.2607870421076738,worker2->worker1,worker2,worker1,0,0.15312409400939941,0.27168846130371094,0.0
model_1,176,1,0.6468205451965332,6,2,0,3,0.5242972373962402,0.4701707363128662,0.176649808883667,0.27310482048771784,worker2->worker1->worker3,worker2,worker3,0,0.09494137763977051,0.2749452590942383,0.10028409957885742
model_1,177,1,0.26549553871154785,2,2,1,0,0.7998575568199158,0.18259620666503906,0.08289933204650879,0.3122437855220467,worker2,worker2,worker2,0,0.0,0.18259620666503906,0.0
model_1,178,1,0.35491490364074707,4,2,0,1,0.956047773361206,0.27157115936279297,0.0833437442779541,0.23482740066141752,worker2,worker2,worker2,0,0.0,0.27157115936279297,0.0
model_1,179,1,0.2632255554199219,2,6,0,0,0.9111018776893616,0.1803901195526123,0.08283543586730957,0.31469374519948407,worker2,worker2,worker2,0,0.0,0.1803901195526123,0.0
model_1,180,1,0.2669258117675781,1,0,0,0,0.8954302072525024,0.18470382690429688,0.08222198486328125,0.3080330984808426,worker2,worker2,worker2,0,0.0,0.18470382690429688,0.0
model_1,181,1,0.35973429679870605,6,6,1,1,0.9930194020271301,0.27750253677368164,0.08223176002502441,0.22859026997650506,worker2,worker2,worker2,0,0.0,0.27750253677368164,0.0
model_1,182,1,0.2616395950317383,8,8,1,0,0.9114236235618591,0.17872238159179688,0.0829172134399414,0.31691385789632914,worker2,worker2,worker2,0,0.0,0.17872238159179688,0.0
model_1,183,1,0.2673516273498535,0,0,1,0,0.9448944926261902,0.18526864051818848,0.08208298683166504,0.30702258162899493,worker2,worker2,worker2,0,0.0,0.18526864051818848,0.0
model_1,184,1,0.26329708099365234,5,6,0,0,0.7874189019203186,0.18053007125854492,0.08276700973510742,0.3143483756931692,worker2,worker2,worker2,0,0.0,0.18053007125854492,0.0
model_1,185,1,0.26433348655700684,4,4,1,0,0.9564212560653687,0.17892742156982422,0.08540606498718262,0.32309968025471386,worker2,worker2,worker2,0,0.0,0.17892742156982422,0.0
model_1,186,1,0.5418064594268799,6,6,1,2,0.9548245072364807,0.39029812812805176,0.15150833129882812,0.27963552051242224,worker2->worker1,worker2,worker1,0,0.1214442253112793,0.26885390281677246,0.0
model_1,187,1,0.26526927947998047,8,8,1,0,0.9973862767219543,0.1817309856414795,0.08353829383850098,0.31491884021498806,worker2,worker2,worker2,0,0.0,0.1817309856414795,0.0
model_1,188,1,0.3632395267486572,4,4,1,1,0.7265541553497314,0.2792348861694336,0.08400464057922363,0.2312651415751636,worker2,worker2,worker2,0,0.0,0.2792348861694336,0.0
model_1,189,1,0.582434892654419,6,6,1,2,0.8273019194602966,0.42859935760498047,0.15383553504943848,0.26412486097517346,worker2->worker1,worker2,worker1,0,0.1576075553894043,0.27099180221557617,0.0
model_1,190,1,0.2662315368652344,6,6,1,0,0.9908714890480042,0.1816880702972412,0.08454346656799316,0.3175561677007064,worker2,worker2,worker2,0,0.0,0.1816880702972412,0.0
model_1,191,1,0.2647387981414795,5,5,1,0,0.764976441860199,0.18103694915771484,0.08370184898376465,0.31616767006335583,worker2,worker2,worker2,0,0.0,0.18103694915771484,0.0
model_1,192,1,0.5784752368927002,2,2,1,2,0.7010464668273926,0.4311034679412842,0.14737176895141602,0.25475899321642287,worker2->worker1,worker2,worker1,0,0.15729999542236328,0.2738034725189209,0.0
model_1,193,1,0.2643144130706787,0,0,1,0,0.9800129532814026,0.18194222450256348,0.08237218856811523,0.31164470984065706,worker2,worker2,worker2,0,0.0,0.18194222450256348,0.0
model_1,194,1,0.2635762691497803,9,9,1,0,0.991310715675354,0.18115997314453125,0.08241629600524902,0.3126848113872308,worker2,worker2,worker2,0,0.0,0.18115997314453125,0.0
model_1,195,1,0.2645382881164551,1,1,1,0,0.8993833661079407,0.18166160583496094,0.08287668228149414,0.3132880418618652,worker2,worker2,worker2,0,0.0,0.18166160583496094,0.0
model_1,196,1,0.2662014961242676,5,5,1,0,0.7875169515609741,0.18314743041992188,0.0830540657043457,0.31199699067647085,worker2,worker2,worker2,0,0.0,0.18314743041992188,0.0
model_1,197,1,0.2664484977722168,2,2,1,0,0.8913811445236206,0.18326377868652344,0.08318471908569336,0.3121981162633795,worker2,worker2,worker2,0,0.0,0.18326377868652344,0.0
model_1,198,1,0.26664042472839355,6,6,1,0,0.875029444694519,0.18419504165649414,0.08244538307189941,0.3092006141074831,worker2,worker2,worker2,0,0.0,0.18419504165649414,0.0
model_1,199,1,0.5838778018951416,2,2,1,2,0.6087788939476013,0.43610692024230957,0.14777088165283203,0.2530852880058114,worker2->worker1,worker2,worker1,0,0.16214346885681152,0.27396345138549805,0.0
model_1,200,1,0.2670001983642578,6,6,1,0,0.9857023358345032,0.18242430686950684,0.08457589149475098,0.31676340322177376,worker2,worker2,worker2,0,0.0,0.18242430686950684,0.0
model_1,201,1,0.35854339599609375,4,4,1,1,0.7512853741645813,0.27506113052368164,0.08348226547241211,0.23283726992233217,worker2,worker2,worker2,0,0.0,0.27506113052368164,0.0
model_1,202,1,0.2688162326812744,8,8,1,0,0.9931735396385193,0.18590140342712402,0.08291482925415039,0.30844427967435833,worker2,worker2,worker2,0,0.0,0.18590140342712402,0.0
model_1,203,1,0.2632439136505127,7,7,1,0,0.9924690127372742,0.17991280555725098,0.08333110809326172,0.3165547379146383,worker2,worker2,worker2,0,0.0,0.17991280555725098,0.0
model_1,204,1,0.26506662368774414,8,8,1,0,0.8502863645553589,0.18242168426513672,0.08264493942260742,0.3117893089397987,worker2,worker2,worker2,0,0.0,0.18242168426513672,0.0
model_1,205,1,0.2640097141265869,1,1,1,0,0.6936465501785278,0.18125009536743164,0.08275961875915527,0.313471869900491,worker2,worker2,worker2,0,0.0,0.18125009536743164,0.0
model_1,206,1,0.26990270614624023,9,9,1,0,0.9790665507316589,0.1866779327392578,0.08322477340698242,0.3083510150575856,worker2,worker2,worker2,0,0.0,0.1866779327392578,0.0
model_1,207,1,0.3548858165740967,9,1,0,1,0.841544508934021,0.2709085941314697,0.08397722244262695,0.23663166720300113,worker2,worker2,worker2,0,0.0,0.2709085941314697,0.0
model_1,208,1,0.3579823970794678,3,4,0,1,0.9144152998924255,0.27514076232910156,0.08284163475036621,0.23141259298282302,worker2,worker2,worker2,0,0.0,0.27514076232910156,0.0
model_1,209,1,0.2662198543548584,1,1,1,0,0.93719881772995,0.182755708694458,0.08346414566040039,0.31351585651890057,worker2,worker2,worker2,0,0.0,0.182755708694458,0.0
model_1,210,1,0.35742831230163574,9,9,1,1,0.9353556632995605,0.27370762825012207,0.08372068405151367,0.2342307007310079,worker2,worker2,worker2,0,0.0,0.27370762825012207,0.0
model_1,211,1,0.26987791061401367,7,7,1,0,0.99664306640625,0.18601489067077637,0.0838630199432373,0.3107442908255665,worker2,worker2,worker2,0,0.0,0.18601489067077637,0.0
model_1,212,1,0.26867198944091797,5,5,1,0,0.8780298233032227,0.1860485076904297,0.08262348175048828,0.3075254771530901,worker2,worker2,worker2,0,0.0,0.1860485076904297,0.0
model_1,213,1,0.2748987674713135,3,3,1,0,0.9679815173149109,0.1901395320892334,0.08475923538208008,0.30832890289668163,worker2,worker2,worker2,0,0.0,0.1901395320892334,0.0
model_1,214,1,0.3631119728088379,9,9,1,1,0.6754277348518372,0.27936458587646484,0.08374738693237305,0.23063791117805493,worker2,worker2,worker2,0,0.0,0.27936458587646484,0.0
model_1,215,1,0.26990294456481934,6,4,0,0,0.854827880859375,0.1856985092163086,0.08420443534851074,0.3119804249793517,worker2,worker2,worker2,0,0.0,0.1856985092163086,0.0
model_1,216,1,0.35855722427368164,5,5,1,1,0.9099974036216736,0.2747201919555664,0.08383703231811523,0.23381771902083784,worker2,worker2,worker2,0,0.0,0.2747201919555664,0.0
model_1,217,1,0.2732503414154053,6,6,1,0,0.8032706379890442,0.1906726360321045,0.08257770538330078,0.3022053145681641,worker2,worker2,worker2,0,0.0,0.1906726360321045,0.0
model_1,218,1,0.26316142082214355,4,5,0,0,0.8758665919303894,0.17908954620361328,0.08407187461853027,0.31946884294772776,worker2,worker2,worker2,0,0.0,0.17908954620361328,0.0
model_1,219,1,0.2768852710723877,5,5,1,0,0.8400465846061707,0.1918473243713379,0.0850379467010498,0.3071234030314955,worker2,worker2,worker2,0,0.0,0.1918473243713379,0.0
model_1,220,1,0.3660283088684082,7,7,1,1,0.9323136806488037,0.282177209854126,0.08385109901428223,0.2290836445779601,worker2,worker2,worker2,0,0.0,0.282177209854126,0.0
model_1,221,1,0.2721123695373535,9,1,0,0,0.5712605118751526,0.1888418197631836,0.08327054977416992,0.30601530505851987,worker2,worker2,worker2,0,0.0,0.1888418197631836,0.0
model_1,222,1,0.27783966064453125,4,2,0,0,0.8082110285758972,0.1934828758239746,0.08435678482055664,0.3036167861163742,worker2,worker2,worker2,0,0.0,0.1934828758239746,0.0
model_1,223,1,0.3327641487121582,9,1,0,0,0.954020619392395,0.18186187744140625,0.15090227127075195,0.45348115731446415,worker2,worker2,worker2,0,0.0,0.18186187744140625,0.0
model_1,224,1,0.39260411262512207,9,9,1,1,0.9933792352676392,0.30275440216064453,0.08984971046447754,0.22885575462697844,worker2,worker2,worker2,0,0.0,0.30275440216064453,0.0
model_1,225,1,0.33576345443725586,8,8,1,0,0.7053479552268982,0.18329977989196777,0.15246367454528809,0.45408061100878083,worker2,worker2,worker2,0,0.0,0.18329977989196777,0.0
model_1,226,1,0.5995113849639893,1,1,1,2,0.9897035956382751,0.4434537887573242,0.15605759620666504,0.26030797766424224,worker2->worker1,worker2,worker1,0,0.16068124771118164,0.2827725410461426,0.0
model_1,227,1,0.38237714767456055,7,5,0,0,0.5809204578399658,0.22788214683532715,0.1544950008392334,0.4040382689676931,worker2,worker2,worker2,0,0.0,0.22788214683532715,0.0
model_1,228,1,0.274808406829834,6,6,1,0,0.6500727534294128,0.18381547927856445,0.09099292755126953,0.3311140608868414,worker2,worker2,worker2,0,0.0,0.18381547927856445,0.0
model_1,229,1,0.35753703117370605,0,0,1,1,0.9686385989189148,0.27373170852661133,0.08380532264709473,0.23439620330230546,worker2,worker2,worker2,0,0.0,0.27373170852661133,0.0
model_1,230,1,0.37375926971435547,0,0,1,1,0.9785587787628174,0.2904820442199707,0.08327722549438477,0.2228097929397956,worker2,worker2,worker2,0,0.0,0.2904820442199707,0.0
model_1,231,1,0.2713775634765625,1,1,1,0,0.628746509552002,0.18812036514282227,0.08325719833374023,0.30679470059038516,worker2,worker2,worker2,0,0.0,0.18812036514282227,0.0
model_1,232,1,0.28232908248901367,4,4,1,0,0.7669958472251892,0.1962897777557373,0.08603930473327637,0.30474828868054865,worker2,worker2,worker2,0,0.0,0.1962897777557373,0.0
model_1,233,1,0.37088751792907715,7,7,1,1,0.9515343904495239,0.287442684173584,0.08344483375549316,0.22498690228623405,worker2,worker2,worker2,0,0.0,0.287442684173584,0.0
model_1,234,1,0.3668782711029053,5,5,1,1,0.9085812568664551,0.2833983898162842,0.0834798812866211,0.2275410888621581,worker2,worker2,worker2,0,0.0,0.2833983898162842,0.0
model_1,235,1,0.37186574935913086,2,2,1,1,0.9815497994422913,0.2878081798553467,0.08405756950378418,0.2260427846572265,worker2,worker2,worker2,0,0.0,0.2878081798553467,0.0
model_1,236,1,0.2863583564758301,1,1,1,0,0.9266133904457092,0.1894237995147705,0.09693455696105957,0.3385078687907656,worker2,worker2,worker2,0,0.0,0.1894237995147705,0.0
model_1,237,1,0.33647847175598145,8,8,1,0,0.9968640804290771,0.18256878852844238,0.15390968322753906,0.4574131665075927,worker2,worker2,worker2,0,0.0,0.18256878852844238,0.0
model_1,238,1,0.3741269111633301,4,4,1,0,0.9449906349182129,0.20786142349243164,0.16626548767089844,0.4444093239748611,worker2,worker2,worker2,0,0.0,0.20786142349243164,0.0
model_1,239,1,0.35652613639831543,7,7,1,0,0.8738455772399902,0.20144438743591309,0.15508174896240234,0.43498002847438677,worker2,worker2,worker2,0,0.0,0.20144438743591309,0.0
model_1,240,1,0.35864925384521484,0,0,1,0,0.7988569736480713,0.20482468605041504,0.1538245677947998,0.4288997290405269,worker2,worker2,worker2,0,0.0,0.20482468605041504,0.0
model_1,241,1,0.30167436599731445,3,3,1,0,0.9421294927597046,0.1917095184326172,0.10996484756469727,0.36451505318047533,worker2,worker2,worker2,0,0.0,0.1917095184326172,0.0
model_1,242,1,0.36142659187316895,6,7,0,1,0.9840599298477173,0.27593207359313965,0.0854945182800293,0.23654739358533655,worker2,worker2,worker2,0,0.0,0.27593207359313965,0.0
model_1,243,1,0.27924203872680664,2,2,1,0,0.8716019988059998,0.19382071495056152,0.08542132377624512,0.3059042405137864,worker2,worker2,worker2,0,0.0,0.19382071495056152,0.0
model_1,244,1,0.3408823013305664,7,7,1,0,0.8900086879730225,0.1880965232849121,0.1527857780456543,0.4482068369325287,worker2,worker2,worker2,0,0.0,0.1880965232849121,0.0
model_1,245,1,0.6039683818817139,5,5,1,2,0.9658426642417908,0.44640612602233887,0.157562255859375,0.2608783184452084,worker2->worker1,worker2,worker1,0,0.1623685359954834,0.28403759002685547,0.0
model_1,246,1,0.5907249450683594,6,6,1,2,0.4952607750892639,0.43790388107299805,0.15282106399536133,0.25870088146976206,worker2->worker1,worker2,worker1,0,0.16089177131652832,0.2770121097564697,0.0
model_1,247,1,0.36660122871398926,5,3,0,1,0.8807210326194763,0.28088974952697754,0.08571147918701172,0.2338003052736114,worker2,worker2,worker2,0,0.0,0.28088974952697754,0.0
model_1,248,1,0.620955228805542,5,7,0,2,0.7855634689331055,0.46079182624816895,0.16016340255737305,0.2579306770078423,worker2->worker1,worker2,worker1,0,0.17088103294372559,0.28991079330444336,0.0
model_1,249,1,0.35813331604003906,6,6,1,1,0.9880453944206238,0.2735285758972168,0.08460474014282227,0.23623811679492984,worker2,worker2,worker2,0,0.0,0.2735285758972168,0.0
model_1,250,1,0.36626482009887695,4,4,1,1,0.8844412565231323,0.28093647956848145,0.08532834053039551,0.23296897722079954,worker2,worker2,worker2,0,0.0,0.28093647956848145,0.0
model_1,251,1,0.28192949295043945,6,6,1,0,0.9920486807823181,0.1846473217010498,0.09728217124938965,0.34505851172686974,worker2,worker2,worker2,0,0.0,0.1846473217010498,0.0
model_1,252,1,0.2643105983734131,4,2,0,0,0.8731738328933716,0.17908239364624023,0.08522820472717285,0.32245473791695645,worker2,worker2,worker2,0,0.0,0.17908239364624023,0.0
model_1,253,1,0.37123680114746094,7,7,1,1,0.9477939605712891,0.28857922554016113,0.0826575756072998,0.22265458422174841,worker2,worker2,worker2,0,0.0,0.28857922554016113,0.0
model_1,254,1,0.27385950088500977,3,3,1,0,0.7609851956367493,0.1890263557434082,0.08483314514160156,0.30976885909545987,worker2,worker2,worker2,0,0.0,0.1890263557434082,0.0
model_1,255,1,0.275132417678833,5,5,1,0,0.9535663723945618,0.1897721290588379,0.08536028861999512,0.31025165751146677,worker2,worker2,worker2,0,0.0,0.1897721290588379,0.0
model_1,256,1,0.2746999263763428,4,4,1,0,0.792890727519989,0.18824124336242676,0.08645868301391602,0.314738646472975,worker2,worker2,worker2,0,0.0,0.18824124336242676,0.0
model_1,257,1,0.3742961883544922,8,8,1,1,0.903340220451355,0.2881333827972412,0.08616280555725098,0.23019952710725186,worker2,worker2,worker2,0,0.0,0.2881333827972412,0.0
model_1,258,1,0.2769653797149658,7,7,1,0,0.9999908208847046,0.18522334098815918,0.09174203872680664,0.3312400951383216,worker2,worker2,worker2,0,0.0,0.18522334098815918,0.0
model_1,259,1,0.3791961669921875,3,3,1,1,0.9979478716850281,0.2930600643157959,0.0861361026763916,0.2271544656150658,worker2,worker2,worker2,0,0.0,0.2930600643157959,0.0
model_1,260,1,0.36499810218811035,3,3,1,1,0.9808760285377502,0.28041601181030273,0.08458209037780762,0.23173295935170712,worker2,worker2,worker2,0,0.0,0.28041601181030273,0.0
model_1,261,1,0.27846646308898926,4,4,1,0,0.7561643123626709,0.19318246841430664,0.08528399467468262,0.3062630728621295,worker2,worker2,worker2,0,0.0,0.19318246841430664,0.0
model_1,262,1,0.38363099098205566,0,0,1,1,0.9926257729530334,0.29767894744873047,0.0859520435333252,0.2240487488075373,worker2,worker2,worker2,0,0.0,0.29767894744873047,0.0
model_1,263,1,0.36891698837280273,7,5,0,1,0.638232409954071,0.2837808132171631,0.08513617515563965,0.2307732575047662,worker2,worker2,worker2,0,0.0,0.2837808132171631,0.0
model_1,264,1,0.2815828323364258,7,3,0,0,0.5076311230659485,0.19622445106506348,0.0853583812713623,0.3031377323791493,worker2,worker2,worker2,0,0.0,0.19622445106506348,0.0
model_1,265,1,0.3842191696166992,6,6,1,1,0.6787997484207153,0.29760074615478516,0.08661842346191406,0.22544014018958358,worker2,worker2,worker2,0,0.0,0.29760074615478516,0.0
model_1,266,1,0.38364243507385254,8,8,1,0,0.9954082369804382,0.22718000411987305,0.1564624309539795,0.4078340054427501,worker2,worker2,worker2,0,0.0,0.22718000411987305,0.0
model_1,267,1,0.2821695804595947,5,5,1,0,0.8924344182014465,0.19048786163330078,0.09168171882629395,0.3249170894926511,worker2,worker2,worker2,0,0.0,0.19048786163330078,0.0
model_1,268,1,0.637446403503418,0,0,1,2,0.964388370513916,0.47400403022766113,0.16344237327575684,0.2564017498215918,worker2->worker1,worker2,worker1,0,0.183638334274292,0.29036569595336914,0.0
model_1,269,1,0.6299540996551514,0,0,1,2,0.857879102230072,0.46207666397094727,0.1678774356842041,0.2664915360914443,worker2->worker1,worker2,worker1,0,0.17824673652648926,0.283829927444458,0.0
model_1,270,1,0.6343648433685303,7,7,1,2,0.8073718547821045,0.4777100086212158,0.15665483474731445,0.24694753560973556,worker2->worker1,worker2,worker1,0,0.18557262420654297,0.29213738441467285,0.0
model_1,271,1,0.28214192390441895,8,8,1,0,0.9466353058815002,0.18639039993286133,0.09575152397155762,0.33937361256526805,worker2,worker2,worker2,0,0.0,0.18639039993286133,0.0
model_1,272,1,0.2871406078338623,1,1,1,0,0.9932369589805603,0.19550752639770508,0.09163308143615723,0.319122683926251,worker2,worker2,worker2,0,0.0,0.19550752639770508,0.0
model_1,273,1,0.27530860900878906,3,3,1,0,0.8470706343650818,0.19000768661499023,0.08530092239379883,0.30983746821762354,worker2,worker2,worker2,0,0.0,0.19000768661499023,0.0
model_1,274,1,0.6190676689147949,4,3,0,2,0.6917656660079956,0.4722623825073242,0.1468052864074707,0.23713932059287718,worker2->worker1,worker2,worker1,0,0.18114089965820312,0.2911214828491211,0.0
model_1,275,1,0.34261345863342285,0,0,1,0,0.9975518584251404,0.18440628051757812,0.15820717811584473,0.4617658008733321,worker2,worker2,worker2,0,0.0,0.18440628051757812,0.0
model_1,276,1,0.37404680252075195,6,6,1,0,0.8051875829696655,0.20847010612487793,0.16557669639587402,0.442663044517505,worker2,worker2,worker2,0,0.0,0.20847010612487793,0.0
model_1,277,1,0.2768721580505371,7,7,1,0,0.6746562719345093,0.18776488304138184,0.08910727500915527,0.32183544794305624,worker2,worker2,worker2,0,0.0,0.18776488304138184,0.0
model_1,278,1,0.3485121726989746,4,2,0,0,0.6363417506217957,0.19563007354736328,0.15288209915161133,0.43867075852085763,worker2,worker2,worker2,0,0.0,0.19563007354736328,0.0
model_1,279,1,0.37300801277160645,6,2,0,1,0.9805353283882141,0.2871396541595459,0.08586835861206055,0.23020513145018662,worker2,worker2,worker2,0,0.0,0.2871396541595459,0.0
model_1,280,1,0.5969042778015137,6,2,0,2,0.9991177916526794,0.44866394996643066,0.148240327835083,0.24834857672837252,worker2->worker1,worker2,worker1,0,0.16893696784973145,0.2797269821166992,0.0
model_1,281,1,0.28014183044433594,7,7,1,0,0.9819155931472778,0.18511581420898438,0.09502601623535156,0.3392068085106383,worker2,worker2,worker2,0,0.0,0.18511581420898438,0.0
model_1,282,1,0.6527912616729736,4,4,1,2,0.8449755311012268,0.48333072662353516,0.16946053504943848,0.2595937553072401,worker2->worker1,worker2,worker1,0,0.19742941856384277,0.2859013080596924,0.0
model_1,283,1,0.8190624713897705,2,2,1,3,0.9701681137084961,0.6281664371490479,0.19089603424072266,0.23306651312788595,worker2->worker1->worker3,worker2,worker3,0,0.14366579055786133,0.38166260719299316,0.10283803939819336
model_1,284,1,0.36575770378112793,5,5,1,1,0.9855685830116272,0.28005552291870117,0.08570218086242676,0.23431408272868962,worker2,worker2,worker2,0,0.0,0.28005552291870117,0.0
model_1,285,1,0.36235570907592773,3,3,1,1,0.8397790193557739,0.2776815891265869,0.08467411994934082,0.23367679279919465,worker2,worker2,worker2,0,0.0,0.2776815891265869,0.0
model_1,286,1,0.9157512187957764,2,3,0,3,0.5793378949165344,0.6754982471466064,0.24025297164916992,0.2623561582206851,worker2->worker1->worker3,worker2,worker3,0,0.18880844116210938,0.38612985610961914,0.10055994987487793
model_1,287,1,0.35799407958984375,1,1,1,1,0.7350632548332214,0.272869348526001,0.08512473106384277,0.23778251070903395,worker2,worker2,worker2,0,0.0,0.272869348526001,0.0
model_1,288,1,0.6020138263702393,6,6,1,2,0.9493933320045471,0.45302486419677734,0.14898896217346191,0.2474842863190878,worker2->worker1,worker2,worker1,0,0.18044590950012207,0.2725789546966553,0.0
model_1,289,1,0.28056883811950684,5,5,1,0,0.7317176461219788,0.18366551399230957,0.09690332412719727,0.34538163531162286,worker2,worker2,worker2,0,0.0,0.18366551399230957,0.0
model_1,290,1,0.3623950481414795,2,2,1,1,0.9460141062736511,0.27756237983703613,0.08483266830444336,0.23408892792410502,worker2,worker2,worker2,0,0.0,0.27756237983703613,0.0
model_1,291,1,0.636610746383667,3,3,1,2,0.9510514140129089,0.4658992290496826,0.17071151733398438,0.2681568262925638,worker2->worker1,worker2,worker1,0,0.18409013748168945,0.28180909156799316,0.0
model_1,292,1,0.2651379108428955,8,8,1,0,0.8037562370300293,0.1825246810913086,0.08261322975158691,0.3115858818112905,worker2,worker2,worker2,0,0.0,0.1825246810913086,0.0
model_1,293,1,0.28029870986938477,0,0,1,0,0.8942689895629883,0.19639015197753906,0.0839085578918457,0.2993540638519025,worker2,worker2,worker2,0,0.0,0.19639015197753906,0.0
model_1,294,1,0.2754831314086914,7,7,1,0,0.9163609147071838,0.1920933723449707,0.0833897590637207,0.30270368511242274,worker2,worker2,worker2,0,0.0,0.1920933723449707,0.0
model_1,295,1,0.3393847942352295,7,7,1,0,0.9861412048339844,0.1873617172241211,0.1520230770111084,0.4479372075395351,worker2,worker2,worker2,0,0.0,0.1873617172241211,0.0
model_1,296,1,0.35106515884399414,8,8,1,0,0.9501193761825562,0.18723654747009277,0.16382861137390137,0.4666615505604853,worker2,worker2,worker2,0,0.0,0.18723654747009277,0.0
model_1,297,1,0.3527863025665283,6,2,0,0,0.8138397336006165,0.18734073638916016,0.16544556617736816,0.4689682251656256,worker2,worker2,worker2,0,0.0,0.18734073638916016,0.0
model_1,298,1,0.38851118087768555,0,0,1,1,0.9930754899978638,0.300645112991333,0.08786606788635254,0.22616097608273286,worker2,worker2,worker2,0,0.0,0.300645112991333,0.0
model_1,299,1,0.304018497467041,1,1,1,0,0.9490270018577576,0.19784188270568848,0.10617661476135254,0.349243929714715,worker2,worker2,worker2,0,0.0,0.19784188270568848,0.0
model_1,300,1,0.3573462963104248,9,9,1,0,0.9368136525154114,0.20455551147460938,0.15279078483581543,0.427570640617713,worker2,worker2,worker2,0,0.0,0.20455551147460938,0.0
model_1,301,1,0.34737133979797363,1,1,1,0,0.9651023745536804,0.19135546684265137,0.15601587295532227,0.4491328301467212,worker2,worker2,worker2,0,0.0,0.19135546684265137,0.0
model_1,302,1,0.3868563175201416,5,5,1,1,0.5990620851516724,0.29771876335144043,0.08913755416870117,0.2304151441550654,worker2,worker2,worker2,0,0.0,0.29771876335144043,0.0
model_1,303,1,0.2791416645050049,9,9,1,0,0.9943406581878662,0.1925506591796875,0.08659100532531738,0.3102045174046916,worker2,worker2,worker2,0,0.0,0.1925506591796875,0.0
model_1,304,1,0.3674936294555664,3,5,0,0,0.5851868391036987,0.21318316459655762,0.1543104648590088,0.41989970026859047,worker2,worker2,worker2,0,0.0,0.21318316459655762,0.0
model_1,305,1,0.2931952476501465,7,7,1,0,0.8118190765380859,0.19625544548034668,0.0969398021697998,0.33063224232567595,worker2,worker2,worker2,0,0.0,0.19625544548034668,0.0
model_1,306,1,0.6095139980316162,0,0,1,2,0.9195435047149658,0.45784640312194824,0.15166759490966797,0.24883365336886126,worker2->worker1,worker2,worker1,0,0.16460895538330078,0.29323744773864746,0.0
model_1,307,1,0.2810220718383789,9,9,1,0,0.9988168478012085,0.19336533546447754,0.08765673637390137,0.31192118042711753,worker2,worker2,worker2,0,0.0,0.19336533546447754,0.0
model_1,308,1,0.28583645820617676,3,3,1,0,0.6360058784484863,0.1954200267791748,0.09041643142700195,0.3163222494234226,worker2,worker2,worker2,0,0.0,0.1954200267791748,0.0
model_1,309,1,0.2698638439178467,4,4,1,0,0.9458763003349304,0.18662381172180176,0.08324003219604492,0.3084519622472482,worker2,worker2,worker2,0,0.0,0.18662381172180176,0.0
model_1,310,1,0.6034374237060547,5,5,1,2,0.9356955885887146,0.4515237808227539,0.15191364288330078,0.25174713551955746,worker2->worker1,worker2,worker1,0,0.16343355178833008,0.28809022903442383,0.0
model_1,311,1,0.267974853515625,0,8,0,0,0.843970775604248,0.1843106746673584,0.0836641788482666,0.3122090664502904,worker2,worker2,worker2,0,0.0,0.1843106746673584,0.0
model_1,312,1,0.27121686935424805,2,2,1,0,0.8910220265388489,0.1875147819519043,0.08370208740234375,0.3086168187164525,worker2,worker2,worker2,0,0.0,0.1875147819519043,0.0
model_1,313,1,0.3804326057434082,4,4,1,1,0.5631533265113831,0.2957611083984375,0.0846714973449707,0.2225663522702347,worker2,worker2,worker2,0,0.0,0.2957611083984375,0.0
model_1,314,1,0.6156923770904541,3,3,1,2,0.9960858821868896,0.46396970748901367,0.15172266960144043,0.24642609726374795,worker2->worker1,worker2,worker1,0,0.1755218505859375,0.28844785690307617,0.0
model_1,315,1,0.6169552803039551,4,4,1,2,0.8942907452583313,0.4629790782928467,0.1539762020111084,0.249574332089757,worker2->worker1,worker2,worker1,0,0.17659473419189453,0.28638434410095215,0.0
model_1,316,1,0.35749387741088867,6,6,1,0,0.9686569571495056,0.2037825584411621,0.15371131896972656,0.42996909508762615,worker2,worker2,worker2,0,0.0,0.2037825584411621,0.0
model_1,317,1,0.2700226306915283,4,4,1,0,0.9813499450683594,0.18314242362976074,0.08688020706176758,0.321751576300354,worker2,worker2,worker2,0,0.0,0.18314242362976074,0.0
model_1,318,1,0.2729835510253906,0,8,0,0,0.7439790368080139,0.188368558883667,0.08461499214172363,0.30996370229594333,worker2,worker2,worker2,0,0.0,0.188368558883667,0.0
model_1,319,1,0.2738194465637207,5,5,1,0,0.985015869140625,0.19016766548156738,0.08365178108215332,0.30549978145064527,worker2,worker2,worker2,0,0.0,0.19016766548156738,0.0
model_1,320,1,0.36478161811828613,4,2,0,1,0.8844645619392395,0.2819788455963135,0.08280277252197266,0.22699272224600572,worker2,worker2,worker2,0,0.0,0.2819788455963135,0.0
model_1,321,1,0.37274670600891113,9,9,1,1,0.9767935276031494,0.2886922359466553,0.08405447006225586,0.22550023570227445,worker2,worker2,worker2,0,0.0,0.2886922359466553,0.0
model_1,322,1,0.26616430282592773,3,3,1,0,0.7527929544448853,0.18254947662353516,0.08361482620239258,0.31414740938072727,worker2,worker2,worker2,0,0.0,0.18254947662353516,0.0
model_1,323,1,0.2723226547241211,0,0,1,0,0.8217611908912659,0.18753385543823242,0.08478879928588867,0.3113541889189672,worker2,worker2,worker2,0,0.0,0.18753385543823242,0.0
model_1,324,1,0.27054786682128906,8,8,1,0,0.9219440817832947,0.1861894130706787,0.08435845375061035,0.31180602065635027,worker2,worker2,worker2,0,0.0,0.1861894130706787,0.0
model_1,325,1,0.37642860412597656,2,2,1,1,0.9305416941642761,0.2917301654815674,0.08469843864440918,0.2250053203078685,worker2,worker2,worker2,0,0.0,0.2917301654815674,0.0
model_1,326,1,0.2743353843688965,9,9,1,0,0.8999121785163879,0.18829989433288574,0.08603549003601074,0.3136142653778834,worker2,worker2,worker2,0,0.0,0.18829989433288574,0.0
model_1,327,1,0.2768838405609131,4,4,1,0,0.8272407054901123,0.19199609756469727,0.08488774299621582,0.3065825106450766,worker2,worker2,worker2,0,0.0,0.19199609756469727,0.0
model_1,328,1,0.3800654411315918,3,5,0,1,0.9513121843338013,0.2952146530151367,0.08485078811645508,0.22325310047612776,worker2,worker2,worker2,0,0.0,0.2952146530151367,0.0
model_1,329,1,0.3318519592285156,7,7,1,0,0.7831828594207764,0.18099308013916016,0.15085887908935547,0.4545969215913924,worker2,worker2,worker2,0,0.0,0.18099308013916016,0.0
model_1,330,1,0.38177490234375,4,4,1,1,0.9942628741264343,0.29614973068237305,0.08562517166137695,0.2242818245403677,worker2,worker2,worker2,0,0.0,0.29614973068237305,0.0
model_1,331,1,0.9072859287261963,6,3,0,3,0.718873918056488,0.6732461452484131,0.2340397834777832,0.2579559277485637,worker2->worker1->worker3,worker2,worker3,0,0.1890707015991211,0.3824496269226074,0.10172581672668457
model_1,332,1,0.26994752883911133,7,7,1,0,0.5918135046958923,0.18471407890319824,0.08523344993591309,0.31574080452765396,worker2,worker2,worker2,0,0.0,0.18471407890319824,0.0
model_1,333,1,0.2771785259246826,4,4,1,0,0.9064950346946716,0.19342327117919922,0.0837552547454834,0.30217079214946874,worker2,worker2,worker2,0,0.0,0.19342327117919922,0.0
model_1,334,1,0.2780001163482666,9,1,0,0,0.9057693481445312,0.19401144981384277,0.08398866653442383,0.3021173790776635,worker2,worker2,worker2,0,0.0,0.19401144981384277,0.0
model_1,335,1,0.6165320873260498,2,8,0,2,0.8322958946228027,0.46821117401123047,0.14832091331481934,0.24057290182267607,worker2->worker1,worker2,worker1,0,0.178192138671875,0.29001903533935547,0.0
model_1,336,1,0.3372933864593506,8,0,0,0,0.8638614416122437,0.18549203872680664,0.15180134773254395,0.45005729085304347,worker2,worker2,worker2,0,0.0,0.18549203872680664,0.0
model_1,337,1,0.4004549980163574,6,6,1,1,0.9998677968978882,0.31299495697021484,0.08746004104614258,0.21840167179676476,worker2,worker2,worker2,0,0.0,0.31299495697021484,0.0
model_1,338,1,0.2933347225189209,0,0,1,0,0.7867236137390137,0.19114184379577637,0.10219287872314453,0.34838316393502583,worker2,worker2,worker2,0,0.0,0.19114184379577637,0.0
model_1,339,1,0.2791116237640381,8,8,1,0,0.9902136921882629,0.19349241256713867,0.08561921119689941,0.3067561645848264,worker2,worker2,worker2,0,0.0,0.19349241256713867,0.0
model_1,340,1,0.2711193561553955,7,7,1,0,0.7851971387863159,0.18606305122375488,0.08505630493164062,0.31372273133788914,worker2,worker2,worker2,0,0.0,0.18606305122375488,0.0
model_1,341,1,0.3628838062286377,3,7,0,1,0.7802218198776245,0.279285192489624,0.08359861373901367,0.23037295217946907,worker2,worker2,worker2,0,0.0,0.279285192489624,0.0
model_1,342,1,0.2701892852783203,8,8,1,0,0.7924173474311829,0.18659043312072754,0.08359885215759277,0.3094084655188236,worker2,worker2,worker2,0,0.0,0.18659043312072754,0.0
model_1,343,1,0.622713565826416,6,6,1,2,0.8150565028190613,0.45473480224609375,0.16797876358032227,0.26975285717020503,worker2->worker1,worker2,worker1,0,0.1709740161895752,0.28376078605651855,0.0
model_1,344,1,0.38284873962402344,0,0,1,1,0.9612110257148743,0.2981717586517334,0.08467698097229004,0.22117607349431803,worker2,worker2,worker2,0,0.0,0.2981717586517334,0.0
model_1,345,1,0.37891483306884766,4,4,1,1,0.9881261587142944,0.2937650680541992,0.08514976501464844,0.2247200626193934,worker2,worker2,worker2,0,0.0,0.2937650680541992,0.0
model_1,346,1,0.620654821395874,3,2,0,2,0.7489118576049805,0.4690558910369873,0.15159893035888672,0.24425642906943915,worker2->worker1,worker2,worker1,0,0.17647528648376465,0.29258060455322266,0.0
model_1,347,1,0.8607602119445801,3,3,1,3,0.8127151131629944,0.6644830703735352,0.19627714157104492,0.22802766536760205,worker2->worker1->worker3,worker2,worker3,0,0.17337560653686523,0.3898580074310303,0.10124945640563965
model_1,348,1,0.6067824363708496,2,2,1,2,0.9488623142242432,0.45595645904541016,0.15082597732543945,0.24856681453656734,worker2->worker1,worker2,worker1,0,0.17966985702514648,0.27628660202026367,0.0
model_1,349,1,0.2796187400817871,8,8,1,0,0.7661771774291992,0.1860942840576172,0.09352445602416992,0.3344713447918923,worker2,worker2,worker2,0,0.0,0.1860942840576172,0.0
model_1,350,1,0.36591267585754395,0,0,1,1,0.8005309104919434,0.28110361099243164,0.0848090648651123,0.23177405556217986,worker2,worker2,worker2,0,0.0,0.28110361099243164,0.0
model_1,351,1,0.36701440811157227,2,2,1,1,0.8981663584709167,0.282181978225708,0.08483242988586426,0.23114196067222306,worker2,worker2,worker2,0,0.0,0.282181978225708,0.0
model_1,352,1,0.2692575454711914,8,0,0,0,0.8055834174156189,0.18424344062805176,0.08501410484313965,0.3157352738040002,worker2,worker2,worker2,0,0.0,0.18424344062805176,0.0
model_1,353,1,0.2742726802825928,1,1,1,0,0.884669303894043,0.18961668014526367,0.0846560001373291,0.3086563344555683,worker2,worker2,worker2,0,0.0,0.18961668014526367,0.0
model_1,354,1,0.27841615676879883,1,1,1,0,0.8818809986114502,0.19306635856628418,0.08534979820251465,0.30655476030218487,worker2,worker2,worker2,0,0.0,0.19306635856628418,0.0
model_1,355,1,0.36908936500549316,3,3,1,1,0.9543235301971436,0.2830085754394531,0.08608078956604004,0.23322478978704492,worker2,worker2,worker2,0,0.0,0.2830085754394531,0.0
model_1,356,1,0.33747076988220215,7,7,1,0,0.8314897418022156,0.18492841720581055,0.1525423526763916,0.45201648939740224,worker2,worker2,worker2,0,0.0,0.18492841720581055,0.0
model_1,357,1,0.27197265625,9,9,1,0,0.9816600680351257,0.18569087982177734,0.08628177642822266,0.3172443054308797,worker2,worker2,worker2,0,0.0,0.18569087982177734,0.0
model_1,358,1,0.3805968761444092,3,3,1,1,0.9996788501739502,0.29635143280029297,0.08424544334411621,0.22135085342148503,worker2,worker2,worker2,0,0.0,0.29635143280029297,0.0
model_1,359,1,0.2830657958984375,6,6,1,0,0.9771362543106079,0.1963958740234375,0.086669921875,0.3061829550967603,worker2,worker2,worker2,0,0.0,0.1963958740234375,0.0
model_1,360,1,0.3445441722869873,1,9,0,0,0.8262816667556763,0.18733716011047363,0.15720701217651367,0.4562753481883549,worker2,worker2,worker2,0,0.0,0.18733716011047363,0.0
model_1,361,1,0.2872617244720459,9,1,0,0,0.9452653527259827,0.19534611701965332,0.09191560745239258,0.3199716482288858,worker2,worker2,worker2,0,0.0,0.19534611701965332,0.0
model_1,362,1,0.37575316429138184,6,6,1,1,0.9815388321876526,0.29059481620788574,0.0851583480834961,0.22663374836534747,worker2,worker2,worker2,0,0.0,0.29059481620788574,0.0
model_1,363,1,0.33915090560913086,9,9,1,0,0.9717594981193542,0.18618535995483398,0.15296554565429688,0.45102502492087887,worker2,worker2,worker2,0,0.0,0.18618535995483398,0.0
model_1,364,1,0.3804910182952881,6,6,1,1,0.9453852772712708,0.2949841022491455,0.08550691604614258,0.22472781730627642,worker2,worker2,worker2,0,0.0,0.2949841022491455,0.0
model_1,365,1,0.4056868553161621,2,2,1,1,0.6850305199623108,0.31743407249450684,0.08825278282165527,0.21753917255435262,worker2,worker2,worker2,0,0.0,0.31743407249450684,0.0
model_1,366,1,0.2928807735443115,6,6,1,0,0.9818949103355408,0.20293617248535156,0.08994460105895996,0.30710312585729277,worker2,worker2,worker2,0,0.0,0.20293617248535156,0.0
model_1,367,1,0.369617223739624,6,6,1,0,0.9874275922775269,0.21591472625732422,0.1537024974822998,0.4158423569313295,worker2,worker2,worker2,0,0.0,0.21591472625732422,0.0
model_1,368,1,0.31460070610046387,6,6,1,0,0.7034197449684143,0.21300458908081055,0.10159611701965332,0.32293671008866026,worker2,worker2,worker2,0,0.0,0.21300458908081055,0.0
model_1,369,1,0.3747527599334717,3,5,0,1,0.8760392665863037,0.2897038459777832,0.08504891395568848,0.22694673141509847,worker2,worker2,worker2,0,0.0,0.2897038459777832,0.0
model_1,370,1,0.6063191890716553,2,2,1,2,0.6071071028709412,0.45436596870422363,0.15195322036743164,0.2506158853393533,worker2->worker1,worker2,worker1,0,0.16434788703918457,0.29001808166503906,0.0
model_1,371,1,0.3553009033203125,2,2,1,0,0.7879716753959656,0.2011265754699707,0.1541743278503418,0.43392607902082886,worker2,worker2,worker2,0,0.0,0.2011265754699707,0.0
model_1,372,1,0.3754086494445801,9,9,1,0,0.9992629885673523,0.22049260139465332,0.15491604804992676,0.4126597729677412,worker2,worker2,worker2,0,0.0,0.22049260139465332,0.0
model_1,373,1,0.2920370101928711,8,8,1,0,0.9443404078483582,0.1978590488433838,0.0941779613494873,0.3224863906368888,worker2,worker2,worker2,0,0.0,0.1978590488433838,0.0
model_1,374,1,0.34690380096435547,8,8,1,0,0.9169052243232727,0.19470906257629395,0.15219473838806152,0.43872317906283076,worker2,worker2,worker2,0,0.0,0.19470906257629395,0.0
model_1,375,1,0.6051285266876221,5,5,1,2,0.9997606873512268,0.45662522315979004,0.14850330352783203,0.2454078711851772,worker2->worker1,worker2,worker1,0,0.162031888961792,0.29459333419799805,0.0
model_1,376,1,0.3874361515045166,3,3,1,1,0.9916879534721375,0.3008861541748047,0.08654999732971191,0.2233916401286134,worker2,worker2,worker2,0,0.0,0.3008861541748047,0.0
model_1,377,1,0.37062740325927734,4,4,1,1,0.7936490178108215,0.28593897819519043,0.08468842506408691,0.22850017111347268,worker2,worker2,worker2,0,0.0,0.28593897819519043,0.0
model_1,378,1,0.46922731399536133,2,2,1,1,0.775168776512146,0.3155550956726074,0.1536722183227539,0.32750058178470204,worker2,worker2,worker2,0,0.0,0.3155550956726074,0.0
model_1,379,1,0.5965516567230225,8,8,1,1,0.8459663391113281,0.43902158737182617,0.1575300693511963,0.26406777615293275,worker2,worker2,worker2,0,0.0,0.43902158737182617,0.0
model_1,380,1,0.3632047176361084,5,5,1,0,0.9639618396759033,0.26598596572875977,0.09721875190734863,0.26766929829571,worker2,worker2,worker2,0,0.0,0.26598596572875977,0.0
model_1,381,1,0.28010082244873047,9,9,1,0,0.9610302448272705,0.1977245807647705,0.08237624168395996,0.2940949653906785,worker2,worker2,worker2,0,0.0,0.1977245807647705,0.0
model_1,382,1,0.6083767414093018,2,7,0,2,0.7975831627845764,0.46608781814575195,0.1422889232635498,0.23388291099679157,worker2->worker1,worker2,worker1,0,0.1814103126525879,0.28467750549316406,0.0
model_1,383,1,0.27118873596191406,3,3,1,0,0.6976746320724487,0.1864163875579834,0.08477234840393066,0.3125953889760235,worker2,worker2,worker2,0,0.0,0.1864163875579834,0.0
model_1,384,1,0.2832057476043701,8,8,1,0,0.75807124376297,0.1993112564086914,0.08389449119567871,0.2962315980708018,worker2,worker2,worker2,0,0.0,0.1993112564086914,0.0
model_1,385,1,0.27485108375549316,5,5,1,0,0.9732699394226074,0.1923842430114746,0.08246684074401855,0.30004189766041034,worker2,worker2,worker2,0,0.0,0.1923842430114746,0.0
model_1,386,1,0.2812924385070801,8,8,1,0,0.7880262732505798,0.19845128059387207,0.08284115791320801,0.2945019011277934,worker2,worker2,worker2,0,0.0,0.19845128059387207,0.0
model_1,387,1,0.2803478240966797,8,0,0,0,0.616523802280426,0.19554591178894043,0.08480191230773926,0.3024882129225829,worker2,worker2,worker2,0,0.0,0.19554591178894043,0.0
model_1,388,1,0.3774898052215576,5,5,1,1,0.9934694766998291,0.2938578128814697,0.08363199234008789,0.2215476846878085,worker2,worker2,worker2,0,0.0,0.2938578128814697,0.0
model_1,389,1,0.3735041618347168,4,4,1,1,0.9927091598510742,0.2894115447998047,0.08409261703491211,0.2251450602901844,worker2,worker2,worker2,0,0.0,0.2894115447998047,0.0
model_1,390,1,0.28279829025268555,0,0,1,0,0.8576487898826599,0.19908761978149414,0.0837106704711914,0.29600840371557535,worker2,worker2,worker2,0,0.0,0.19908761978149414,0.0
model_1,391,1,0.38047099113464355,8,8,1,1,0.9593281149864197,0.29668283462524414,0.08378815650939941,0.22022219423227438,worker2,worker2,worker2,0,0.0,0.29668283462524414,0.0
model_1,392,1,0.266033411026001,8,1,0,0,0.9490959048271179,0.18251562118530273,0.08351778984069824,0.3139372213384715,worker2,worker2,worker2,0,0.0,0.18251562118530273,0.0
model_1,393,1,0.28816652297973633,5,5,1,0,0.8732824325561523,0.20188689231872559,0.08627963066101074,0.29940893122785767,worker2,worker2,worker2,0,0.0,0.20188689231872559,0.0
model_1,394,1,0.27526021003723145,9,9,1,0,0.9998069405555725,0.18791794776916504,0.0873422622680664,0.3173079838028626,worker2,worker2,worker2,0,0.0,0.18791794776916504,0.0
model_1,395,1,0.29401683807373047,9,9,1,0,0.9976413249969482,0.20889854431152344,0.08511829376220703,0.2895014255641439,worker2,worker2,worker2,0,0.0,0.20889854431152344,0.0
model_1,396,1,0.2767014503479004,6,6,1,0,0.934687077999115,0.19115924835205078,0.08554220199584961,0.3091498143153795,worker2,worker2,worker2,0,0.0,0.19115924835205078,0.0
model_1,397,1,0.3501777648925781,8,0,0,0,0.5518804788589478,0.1942729949951172,0.15590476989746094,0.4452160745993878,worker2,worker2,worker2,0,0.0,0.1942729949951172,0.0
model_1,398,1,0.2908914089202881,1,1,1,0,0.6150550246238708,0.20006203651428223,0.09082937240600586,0.3122449464669323,worker2,worker2,worker2,0,0.0,0.20006203651428223,0.0
model_1,399,1,0.2748992443084717,8,8,1,0,0.8818361163139343,0.19008946418762207,0.08480978012084961,0.3085122344886562,worker2,worker2,worker2,0,0.0,0.19008946418762207,0.0
model_1,400,1,0.2871098518371582,4,7,0,0,0.6578866839408875,0.20230460166931152,0.08480525016784668,0.2953756188622401,worker2,worker2,worker2,0,0.0,0.20230460166931152,0.0
model_1,401,1,0.3815195560455322,0,0,1,1,0.9830158352851868,0.29556965827941895,0.08594989776611328,0.22528307239866793,worker2,worker2,worker2,0,0.0,0.29556965827941895,0.0
model_1,402,1,0.3702244758605957,8,8,1,0,0.9934953451156616,0.2143869400024414,0.1558375358581543,0.42092715641208267,worker2,worker2,worker2,0,0.0,0.2143869400024414,0.0
model_1,403,1,0.2968575954437256,4,4,1,0,0.7800998687744141,0.20241785049438477,0.09443974494934082,0.3181314758282595,worker2,worker2,worker2,0,0.0,0.20241785049438477,0.0
model_1,404,1,0.29170727729797363,1,1,1,0,0.9955695271492004,0.19506001472473145,0.09664726257324219,0.33131591185679876,worker2,worker2,worker2,0,0.0,0.19506001472473145,0.0
model_1,405,1,0.8394081592559814,4,4,1,3,0.6698585152626038,0.6438448429107666,0.19556331634521484,0.23297762142144832,worker2->worker1->worker3,worker2,worker3,0,0.16767454147338867,0.3755342960357666,0.10063600540161133
model_1,406,1,0.29126667976379395,9,9,1,0,0.9988082647323608,0.1923201084136963,0.09894657135009766,0.33971126196219736,worker2,worker2,worker2,0,0.0,0.1923201084136963,0.0
model_1,407,1,0.3734736442565918,2,0,0,1,0.837785005569458,0.2875175476074219,0.08595609664916992,0.23015304552552185,worker2,worker2,worker2,0,0.0,0.2875175476074219,0.0
model_1,408,1,0.3802924156188965,6,6,1,1,0.9794019460678101,0.2939419746398926,0.0863504409790039,0.22706327402947346,worker2,worker2,worker2,0,0.0,0.2939419746398926,0.0
model_1,409,1,0.6096677780151367,4,4,1,2,0.9953758716583252,0.4560072422027588,0.15366053581237793,0.2520397851968533,worker2->worker1,worker2,worker1,0,0.15907049179077148,0.2969367504119873,0.0
model_1,410,1,0.3528459072113037,3,3,1,0,0.7391653656959534,0.19942116737365723,0.15342473983764648,0.4348208005308313,worker2,worker2,worker2,0,0.0,0.19942116737365723,0.0
model_1,411,1,0.45111703872680664,0,0,1,1,0.9946521520614624,0.29766249656677246,0.15345454216003418,0.3401656975607281,worker2,worker2,worker2,0,0.0,0.29766249656677246,0.0
model_1,412,1,0.5288314819335938,8,8,1,2,0.9523360133171082,0.3783574104309082,0.15047407150268555,0.2845406838346678,worker2->worker1,worker2,worker1,0,0.08238720893859863,0.29597020149230957,0.0
model_1,413,1,0.3238532543182373,5,5,1,0,0.8281877040863037,0.1986091136932373,0.125244140625,0.38673114737926245,worker2,worker2,worker2,0,0.0,0.1986091136932373,0.0
model_1,414,1,0.647061824798584,4,4,1,2,0.9892880916595459,0.4774484634399414,0.16961336135864258,0.2621285244442283,worker2->worker1,worker2,worker1,0,0.1851203441619873,0.2923281192779541,0.0
model_1,415,1,0.2759227752685547,7,1,0,0,0.8900291919708252,0.19014430046081543,0.08577847480773926,0.31087855913398726,worker2,worker2,worker2,0,0.0,0.19014430046081543,0.0
model_1,416,1,0.37871241569519043,3,3,1,1,0.6567863821983337,0.29389476776123047,0.08481764793395996,0.22396320907056316,worker2,worker2,worker2,0,0.0,0.29389476776123047,0.0
model_1,417,1,0.8593344688415527,9,1,0,3,0.718619167804718,0.6660358905792236,0.1932985782623291,0.2249398636632254,worker2->worker1->worker3,worker2,worker3,0,0.163926362991333,0.4013378620147705,0.10077166557312012
model_1,418,1,0.4087967872619629,1,1,1,0,0.9653748273849487,0.2386612892150879,0.170135498046875,0.41618599594778544,worker2,worker2,worker2,0,0.0,0.2386612892150879,0.0
model_1,419,1,0.2934298515319824,2,2,1,0,0.9709251523017883,0.1960749626159668,0.09735488891601562,0.33178249727398446,worker2,worker2,worker2,0,0.0,0.1960749626159668,0.0
model_1,420,1,0.27904844284057617,8,8,1,0,0.7373992800712585,0.19480204582214355,0.08424639701843262,0.3019059922386438,worker2,worker2,worker2,0,0.0,0.19480204582214355,0.0
model_1,421,1,0.36656880378723145,4,4,1,1,0.9998831748962402,0.2812826633453369,0.08528614044189453,0.23266066168412247,worker2,worker2,worker2,0,0.0,0.2812826633453369,0.0
model_1,422,1,0.6455445289611816,8,8,1,2,0.8479437232017517,0.4849281311035156,0.16061639785766602,0.24880762000435808,worker2->worker1,worker2,worker1,0,0.18830275535583496,0.29662537574768066,0.0
model_1,423,1,0.28387880325317383,7,7,1,0,0.9938173890113831,0.19868755340576172,0.08519124984741211,0.30009725583996966,worker2,worker2,worker2,0,0.0,0.19868755340576172,0.0
model_1,424,1,0.38120222091674805,3,3,1,1,0.9234434962272644,0.29607534408569336,0.08512687683105469,0.22331159725757688,worker2,worker2,worker2,0,0.0,0.29607534408569336,0.0
model_1,425,1,0.28654980659484863,6,6,1,0,0.9039909839630127,0.20137548446655273,0.0851743221282959,0.2972408990271051,worker2,worker2,worker2,0,0.0,0.20137548446655273,0.0
model_1,426,1,0.373443603515625,5,5,1,1,0.5528219938278198,0.2886812686920166,0.0847623348236084,0.2269749274740541,worker2,worker2,worker2,0,0.0,0.2886812686920166,0.0
model_1,427,1,0.37866759300231934,8,8,1,1,0.7814939618110657,0.29425573348999023,0.0844118595123291,0.22291809775179805,worker2,worker2,worker2,0,0.0,0.29425573348999023,0.0
model_1,428,1,0.3863246440887451,9,0,0,1,0.7904924154281616,0.29602694511413574,0.09029769897460938,0.233735280304475,worker2,worker2,worker2,0,0.0,0.29602694511413574,0.0
model_1,429,1,0.39574408531188965,6,6,1,0,0.9609513878822327,0.24300169944763184,0.1527423858642578,0.385962523593701,worker2,worker2,worker2,0,0.0,0.24300169944763184,0.0
model_1,430,1,0.30275821685791016,6,6,1,0,0.9316254258155823,0.20820832252502441,0.09454989433288574,0.3122950561479218,worker2,worker2,worker2,0,0.0,0.20820832252502441,0.0
model_1,431,1,0.3886680603027344,6,6,1,1,0.9964370727539062,0.30373573303222656,0.08493232727050781,0.21852149930805698,worker2,worker2,worker2,0,0.0,0.30373573303222656,0.0
model_1,432,1,0.34833598136901855,4,4,1,0,0.9411604404449463,0.1958775520324707,0.15245842933654785,0.43767637422169475,worker2,worker2,worker2,0,0.0,0.1958775520324707,0.0
model_1,433,1,0.5873970985412598,5,5,1,1,0.7016101479530334,0.43563246726989746,0.1517646312713623,0.25836803015924686,worker2,worker2,worker2,0,0.0,0.43563246726989746,0.0
model_1,434,1,0.37047767639160156,7,7,1,0,0.9607855677604675,0.2781665325164795,0.09231114387512207,0.24916789798030242,worker2,worker2,worker2,0,0.0,0.2781665325164795,0.0
model_1,435,1,0.6469523906707764,5,5,1,3,0.8105118274688721,0.47097063064575195,0.17598176002502441,0.2720165541741984,worker2->worker1->worker3,worker2,worker3,0,0.07630538940429688,0.2906837463378906,0.10398149490356445
model_1,436,1,0.601027250289917,5,4,0,2,0.9275607466697693,0.45646142959594727,0.14456582069396973,0.24053122487247564,worker2->worker1,worker2,worker1,0,0.15946435928344727,0.2969970703125,0.0
model_1,437,1,0.2770986557006836,9,9,1,0,0.8843291401863098,0.19223856925964355,0.08486008644104004,0.30624503112965007,worker2,worker2,worker2,0,0.0,0.19223856925964355,0.0
model_1,438,1,0.37242674827575684,5,5,1,1,0.7513871788978577,0.2871060371398926,0.08532071113586426,0.22909394003217523,worker2,worker2,worker2,0,0.0,0.2871060371398926,0.0
model_1,439,1,0.27790212631225586,8,8,1,0,0.9930832386016846,0.19409847259521484,0.08380365371704102,0.3015581594466741,worker2,worker2,worker2,0,0.0,0.19409847259521484,0.0
model_1,440,1,0.6733036041259766,2,2,1,2,0.9801661372184753,0.4737412929534912,0.19956231117248535,0.2963927564765372,worker2->worker1,worker2,worker1,0,0.18232393264770508,0.29141736030578613,0.0
model_1,441,1,0.27428770065307617,9,9,1,0,0.9903342127799988,0.19108104705810547,0.0832066535949707,0.3033553943427158,worker2,worker2,worker2,0,0.0,0.19108104705810547,0.0
model_1,442,1,0.3799581527709961,6,6,1,1,0.9985445737838745,0.2952883243560791,0.08466982841491699,0.22283987801664093,worker2,worker2,worker2,0,0.0,0.2952883243560791,0.0
model_1,443,1,0.37919068336486816,4,4,1,1,0.7790113091468811,0.2960193157196045,0.08317136764526367,0.21933916442043433,worker2,worker2,worker2,0,0.0,0.2960193157196045,0.0
model_1,444,1,0.29030609130859375,6,6,1,0,0.8709195852279663,0.20502781867980957,0.08527827262878418,0.2937529565583033,worker2,worker2,worker2,0,0.0,0.20502781867980957,0.0
model_1,445,1,0.2815284729003906,9,1,0,0,0.800979495048523,0.19640851020812988,0.08511996269226074,0.3023493922846574,worker2,worker2,worker2,0,0.0,0.19640851020812988,0.0
model_1,446,1,0.34441351890563965,3,3,1,0,0.8726353049278259,0.1921243667602539,0.15228915214538574,0.442169496218611,worker2,worker2,worker2,0,0.0,0.1921243667602539,0.0
model_1,447,1,0.9976460933685303,3,3,1,3,0.7915768027305603,0.7415094375610352,0.2561366558074951,0.25674100015031914,worker2->worker1->worker3,worker2,worker3,0,0.1978001594543457,0.40198850631713867,0.14172077178955078
model_1,448,1,0.2746467590332031,6,4,0,0,0.5406804084777832,0.18869662284851074,0.08595013618469238,0.31294793533063875,worker2,worker2,worker2,0,0.0,0.18869662284851074,0.0
model_1,449,1,0.2745640277862549,9,9,1,0,0.9967051148414612,0.19131231307983398,0.0832517147064209,0.3032142097333721,worker2,worker2,worker2,0,0.0,0.19131231307983398,0.0
model_1,450,1,0.28429079055786133,9,9,1,0,0.9675123691558838,0.20027637481689453,0.0840144157409668,0.2955228186467316,worker2,worker2,worker2,0,0.0,0.20027637481689453,0.0
model_1,451,1,0.27404332160949707,6,6,1,0,0.934094250202179,0.19051361083984375,0.08352971076965332,0.3048047669217806,worker2,worker2,worker2,0,0.0,0.19051361083984375,0.0
model_1,452,1,0.2896571159362793,1,1,1,0,0.9621107578277588,0.20455265045166016,0.08510446548461914,0.2938110641940555,worker2,worker2,worker2,0,0.0,0.20455265045166016,0.0
model_1,453,1,0.38277173042297363,5,5,1,1,0.780223548412323,0.29835939407348633,0.0844123363494873,0.2205291813379459,worker2,worker2,worker2,0,0.0,0.29835939407348633,0.0
model_1,454,1,0.3849484920501709,9,9,1,1,0.9376912117004395,0.3010687828063965,0.08387970924377441,0.21789852662377035,worker2,worker2,worker2,0,0.0,0.3010687828063965,0.0
model_1,455,1,0.27463579177856445,7,7,1,0,0.9752328991889954,0.18847966194152832,0.08615612983703613,0.3137104937382043,worker2,worker2,worker2,0,0.0,0.18847966194152832,0.0
model_1,456,1,0.38997340202331543,3,3,1,1,0.9338865876197815,0.3056299686431885,0.08434343338012695,0.2162799640758174,worker2,worker2,worker2,0,0.0,0.3056299686431885,0.0
model_1,457,1,0.2735111713409424,3,3,1,0,0.7394968271255493,0.1898815631866455,0.08362960815429688,0.3057630434043562,worker2,worker2,worker2,0,0.0,0.1898815631866455,0.0
model_1,458,1,0.396090030670166,0,0,1,1,0.9737575650215149,0.3111410140991211,0.08494901657104492,0.2144689590579069,worker2,worker2,worker2,0,0.0,0.3111410140991211,0.0
model_1,459,1,0.34862399101257324,7,7,1,0,0.9207509160041809,0.1947324275970459,0.15389156341552734,0.44142562583989575,worker2,worker2,worker2,0,0.0,0.1947324275970459,0.0
model_1,460,1,0.5512654781341553,9,9,1,1,0.9474978446960449,0.39766573905944824,0.15359973907470703,0.2786311589736936,worker2,worker2,worker2,0,0.0,0.39766573905944824,0.0
model_1,461,1,0.3597538471221924,3,5,0,0,0.6799286603927612,0.25908780097961426,0.10066604614257812,0.27981923459010666,worker2,worker2,worker2,0,0.0,0.25908780097961426,0.0
model_1,462,1,0.3913750648498535,9,9,1,1,0.9990884065628052,0.3071255683898926,0.08424949645996094,0.21526536569794572,worker2,worker2,worker2,0,0.0,0.3071255683898926,0.0
model_1,463,1,0.3969707489013672,5,5,1,1,0.4851587414741516,0.31273436546325684,0.08423638343811035,0.21219796086043619,worker2,worker2,worker2,0,0.0,0.31273436546325684,0.0
model_1,464,1,0.3809773921966553,1,1,1,1,0.7849307656288147,0.29625463485717773,0.08472275733947754,0.2223826375916417,worker2,worker2,worker2,0,0.0,0.29625463485717773,0.0
model_1,465,1,0.2866051197052002,3,6,0,0,0.7640421986579895,0.2012341022491455,0.08537101745605469,0.2978698271121837,worker2,worker2,worker2,0,0.0,0.2012341022491455,0.0
model_1,466,1,0.6479911804199219,7,7,1,2,0.9984777569770813,0.49028873443603516,0.15770244598388672,0.2433712845932406,worker2->worker1,worker2,worker1,0,0.18366169929504395,0.3066270351409912,0.0
model_1,467,1,0.6473748683929443,4,4,1,2,0.6925893425941467,0.4969596862792969,0.15041518211364746,0.23234634128915285,worker2->worker1,worker2,worker1,0,0.17971253395080566,0.3172471523284912,0.0
model_1,468,1,0.3530306816101074,3,3,1,0,0.9763904809951782,0.19853425025939941,0.154496431350708,0.43762890705725194,worker2,worker2,worker2,0,0.0,0.19853425025939941,0.0
model_1,469,1,0.3586571216583252,8,8,1,0,0.99513840675354,0.20444107055664062,0.15421605110168457,0.42998184558174907,worker2,worker2,worker2,0,0.0,0.20444107055664062,0.0
model_1,470,1,0.30413293838500977,0,0,1,0,0.970171332359314,0.19887351989746094,0.10525941848754883,0.34609673995356005,worker2,worker2,worker2,0,0.0,0.19887351989746094,0.0
model_1,471,1,0.3702657222747803,6,6,1,0,0.9881018400192261,0.2141861915588379,0.15607953071594238,0.42153383725894344,worker2,worker2,worker2,0,0.0,0.2141861915588379,0.0
model_1,472,1,0.29093289375305176,8,8,1,0,0.639806866645813,0.19688940048217773,0.09404349327087402,0.32324805922667366,worker2,worker2,worker2,0,0.0,0.19688940048217773,0.0
model_1,473,1,0.343639612197876,4,5,0,0,0.894088864326477,0.19156575202941895,0.15207386016845703,0.4425387957919392,worker2,worker2,worker2,0,0.0,0.19156575202941895,0.0
model_1,474,1,0.8850784301757812,5,3,0,3,0.6235042810440063,0.6895477771759033,0.19553065299987793,0.22091901274901085,worker2->worker1->worker3,worker2,worker3,0,0.17120122909545898,0.41805171966552734,0.10029482841491699
model_1,475,1,0.4037914276123047,6,6,1,1,0.9963333606719971,0.3136887550354004,0.0901026725769043,0.22314161821041742,worker2,worker2,worker2,0,0.0,0.3136887550354004,0.0
model_1,476,1,0.35288023948669434,1,8,0,0,0.858575165271759,0.19066786766052246,0.16221237182617188,0.4596810863145207,worker2,worker2,worker2,0,0.0,0.19066786766052246,0.0
model_1,477,1,0.3206303119659424,6,6,1,0,0.8974407911300659,0.18239450454711914,0.13823580741882324,0.4311376755716932,worker2,worker2,worker2,0,0.0,0.18239450454711914,0.0
model_1,478,1,0.3765757083892822,3,5,0,1,0.7022168040275574,0.291384220123291,0.08519148826599121,0.22622672245742725,worker2,worker2,worker2,0,0.0,0.291384220123291,0.0
model_1,479,1,0.3568081855773926,8,8,1,0,0.9567612409591675,0.19431257247924805,0.16249561309814453,0.4554144766471419,worker2,worker2,worker2,0,0.0,0.19431257247924805,0.0
model_1,480,1,0.37630772590637207,7,7,1,1,0.9461796283721924,0.29109787940979004,0.08520984649658203,0.22643661192803366,worker2,worker2,worker2,0,0.0,0.29109787940979004,0.0
model_1,481,1,0.3816542625427246,3,3,1,1,0.5328146815299988,0.29202747344970703,0.08962678909301758,0.23483764728812437,worker2,worker2,worker2,0,0.0,0.29202747344970703,0.0
model_1,482,1,0.3880343437194824,3,3,1,1,0.9582280516624451,0.3012516498565674,0.08678269386291504,0.22364694070907273,worker2,worker2,worker2,0,0.0,0.3012516498565674,0.0
model_1,483,1,0.6082043647766113,9,8,0,2,0.9386211037635803,0.44686150550842285,0.16134285926818848,0.2652773781514186,worker2->worker1,worker2,worker1,0,0.1533653736114502,0.29349613189697266,0.0
model_1,484,1,0.35131287574768066,3,6,0,0,0.8003507256507874,0.19789505004882812,0.15341782569885254,0.43669855644300387,worker2,worker2,worker2,0,0.0,0.19789505004882812,0.0
model_1,485,1,0.41916489601135254,8,8,1,1,0.99901282787323,0.32978248596191406,0.08938241004943848,0.21323925476578476,worker2,worker2,worker2,0,0.0,0.32978248596191406,0.0
model_1,486,1,0.2893054485321045,9,9,1,0,0.8816770911216736,0.19878578186035156,0.09051966667175293,0.3128861455290147,worker2,worker2,worker2,0,0.0,0.19878578186035156,0.0
model_1,487,1,0.2787940502166748,7,7,1,0,0.9789791703224182,0.19448018074035645,0.08431386947631836,0.3024234893491838,worker2,worker2,worker2,0,0.0,0.19448018074035645,0.0
model_1,488,1,0.270427942276001,7,7,1,0,0.9919690489768982,0.18536686897277832,0.08506107330322266,0.31454247141520836,worker2,worker2,worker2,0,0.0,0.18536686897277832,0.0
model_1,489,1,0.28737306594848633,8,8,1,0,0.6641188859939575,0.20274901390075684,0.08462405204772949,0.2944745422415438,worker2,worker2,worker2,0,0.0,0.20274901390075684,0.0
model_1,490,1,0.37709927558898926,2,2,1,1,0.8753125667572021,0.29226064682006836,0.0848386287689209,0.22497690730487857,worker2,worker2,worker2,0,0.0,0.29226064682006836,0.0
model_1,491,1,0.3958892822265625,2,2,1,1,0.7710504531860352,0.31061244010925293,0.08527684211730957,0.2154057862786664,worker2,worker2,worker2,0,0.0,0.31061244010925293,0.0
model_1,492,1,0.39808225631713867,6,0,0,1,0.9783132076263428,0.31020355224609375,0.08787870407104492,0.22075513961374588,worker2,worker2,worker2,0,0.0,0.31020355224609375,0.0
model_1,493,1,0.3729369640350342,7,0,0,0,0.8411685228347778,0.21547913551330566,0.15745782852172852,0.42221030282998906,worker2,worker2,worker2,0,0.0,0.21547913551330566,0.0
model_1,494,1,0.2894120216369629,4,4,1,0,0.8928217887878418,0.19926738739013672,0.09014463424682617,0.3114750857167336,worker2,worker2,worker2,0,0.0,0.19926738739013672,0.0
model_1,495,1,0.33969545364379883,5,3,0,0,0.5903990268707275,0.1872560977935791,0.15243935585021973,0.4487530057145424,worker2,worker2,worker2,0,0.0,0.1872560977935791,0.0
model_1,496,1,0.3986477851867676,4,4,1,0,0.7852674722671509,0.2425403594970703,0.15610742568969727,0.3915923566878981,worker2,worker2,worker2,0,0.0,0.2425403594970703,0.0
model_1,497,1,0.30626893043518066,0,0,1,0,0.8267244696617126,0.21199846267700195,0.09427046775817871,0.3078029091107245,worker2,worker2,worker2,0,0.0,0.21199846267700195,0.0
model_1,498,1,0.39542436599731445,3,5,0,1,0.82499760389328,0.3100876808166504,0.08533668518066406,0.21581038630594562,worker2,worker2,worker2,0,0.0,0.3100876808166504,0.0
model_1,499,1,0.2837817668914795,8,8,1,0,0.971230149269104,0.19971680641174316,0.08406496047973633,0.2962310137137298,worker2,worker2,worker2,0,0.0,0.19971680641174316,0.0
model_1,500,1,0.29310131072998047,1,1,1,0,0.5941914916038513,0.20868158340454102,0.08441972732543945,0.28802234665955184,worker2,worker2,worker2,0,0.0,0.20868158340454102,0.0
model_1,501,1,0.39510226249694824,9,9,1,1,0.6686700582504272,0.30872511863708496,0.08637714385986328,0.21861971458725943,worker2,worker2,worker2,0,0.0,0.30872511863708496,0.0
model_1,502,1,0.2953317165374756,5,4,0,0,0.9195156693458557,0.2072761058807373,0.08805561065673828,0.29815832748720245,worker2,worker2,worker2,0,0.0,0.2072761058807373,0.0
model_1,503,1,0.6274070739746094,7,7,1,2,0.7113820910453796,0.4784982204437256,0.1489088535308838,0.23734009339032414,worker2->worker1,worker2,worker1,0,0.17206907272338867,0.3064291477203369,0.0
model_1,504,1,0.37692999839782715,3,5,0,1,0.8273095488548279,0.2906684875488281,0.08626151084899902,0.22885286715215258,worker2,worker2,worker2,0,0.0,0.2906684875488281,0.0
model_1,505,1,0.9289286136627197,9,7,0,3,0.9036950469017029,0.696068286895752,0.23286032676696777,0.25067623425745383,worker2->worker1->worker3,worker2,worker3,0,0.19269514083862305,0.40209054946899414,0.10128259658813477
model_1,506,1,0.3443922996520996,1,1,1,0,0.9938254356384277,0.19118332862854004,0.15320897102355957,0.44486758611713784,worker2,worker2,worker2,0,0.0,0.19118332862854004,0.0
model_1,507,1,0.39447951316833496,3,3,1,1,0.8992002606391907,0.30710697174072266,0.0873725414276123,0.22148815974209565,worker2,worker2,worker2,0,0.0,0.30710697174072266,0.0
model_1,508,1,0.3470954895019531,8,8,1,0,0.9934877157211304,0.19232892990112305,0.15476655960083008,0.44589043730560834,worker2,worker2,worker2,0,0.0,0.19232892990112305,0.0
model_1,509,1,0.3567981719970703,3,3,1,0,0.9230615496635437,0.20382380485534668,0.15297436714172363,0.42874201480768714,worker2,worker2,worker2,0,0.0,0.20382380485534668,0.0
model_1,510,1,0.3738696575164795,9,9,1,1,0.7515973448753357,0.28830575942993164,0.08556389808654785,0.22886023609117398,worker2,worker2,worker2,0,0.0,0.28830575942993164,0.0
model_1,511,1,0.41913342475891113,6,6,1,1,0.8205158710479736,0.3307070732116699,0.08842635154724121,0.21097422997964133,worker2,worker2,worker2,0,0.0,0.3307070732116699,0.0
model_1,512,1,0.2846195697784424,0,0,1,0,0.9064449667930603,0.19812369346618652,0.08649587631225586,0.3038999615507367,worker2,worker2,worker2,0,0.0,0.19812369346618652,0.0
model_1,513,1,0.8543272018432617,7,0,0,3,0.6755045056343079,0.6720716953277588,0.18225550651550293,0.21333220588350205,worker2->worker1->worker3,worker2,worker3,0,0.1690235137939453,0.403001070022583,0.10004711151123047
model_1,514,1,0.4060502052307129,3,3,1,1,0.9925480484962463,0.31832170486450195,0.08772850036621094,0.2160533333959643,worker2,worker2,worker2,0,0.0,0.31832170486450195,0.0
model_1,515,1,0.28653955459594727,0,0,1,0,0.9375258088111877,0.1995382308959961,0.08700132369995117,0.303627622450355,worker2,worker2,worker2,0,0.0,0.1995382308959961,0.0
model_1,516,1,0.28844118118286133,3,5,0,0,0.9202197194099426,0.20192503929138184,0.08651614189147949,0.2999437928269728,worker2,worker2,worker2,0,0.0,0.20192503929138184,0.0
model_1,517,1,0.28888511657714844,6,6,1,0,0.9768009185791016,0.20421743392944336,0.08466768264770508,0.2930842670293611,worker2,worker2,worker2,0,0.0,0.20421743392944336,0.0
model_1,518,1,0.3812830448150635,6,6,1,1,0.8685495853424072,0.29714035987854004,0.08414268493652344,0.22068299674153039,worker2,worker2,worker2,0,0.0,0.29714035987854004,0.0
model_1,519,1,0.37900471687316895,2,2,1,1,0.8567764163017273,0.2937355041503906,0.08526921272277832,0.22498193010962714,worker2,worker2,worker2,0,0.0,0.2937355041503906,0.0
model_1,520,1,0.6583664417266846,0,5,0,2,0.8606057167053223,0.5079402923583984,0.15042614936828613,0.22848392602418566,worker2->worker1,worker2,worker1,0,0.19551944732666016,0.3124208450317383,0.0
model_1,521,1,0.37756872177124023,0,0,1,1,0.9512172341346741,0.2923157215118408,0.08525300025939941,0.22579465761746056,worker2,worker2,worker2,0,0.0,0.2923157215118408,0.0
model_1,522,1,0.8832826614379883,2,5,0,3,0.9052050113677979,0.6797099113464355,0.20357275009155273,0.23047293802884725,worker2->worker1->worker3,worker2,worker3,0,0.17615985870361328,0.40445923805236816,0.0990908145904541
model_1,523,1,0.28279876708984375,3,4,0,0,0.7299677729606628,0.19612407684326172,0.08667469024658203,0.3064889254593034,worker2,worker2,worker2,0,0.0,0.19612407684326172,0.0
model_1,524,1,0.3946852684020996,6,6,1,1,0.9814313650131226,0.3100106716156006,0.08467459678649902,0.21453700851138374,worker2,worker2,worker2,0,0.0,0.3100106716156006,0.0
model_1,525,1,0.6016809940338135,5,5,1,2,0.9881691932678223,0.4505903720855713,0.1510906219482422,0.251114167551304,worker2->worker1,worker2,worker1,0,0.15802240371704102,0.2925679683685303,0.0
model_1,526,1,0.6043374538421631,7,4,0,2,0.7143769264221191,0.4524214267730713,0.1519160270690918,0.25137615764712845,worker2->worker1,worker2,worker1,0,0.1689467430114746,0.2834746837615967,0.0
model_1,527,1,0.27547240257263184,0,8,0,0,0.56706303358078,0.1904582977294922,0.08501410484313965,0.30861205713964246,worker2,worker2,worker2,0,0.0,0.1904582977294922,0.0
model_1,528,1,0.27465009689331055,1,9,0,0,0.916043221950531,0.18842458724975586,0.08622550964355469,0.31394676578996256,worker2,worker2,worker2,0,0.0,0.18842458724975586,0.0
model_1,529,1,0.2778747081756592,0,0,1,0,0.8963152170181274,0.19360065460205078,0.0842740535736084,0.3032807632148168,worker2,worker2,worker2,0,0.0,0.19360065460205078,0.0
model_1,530,1,0.38387107849121094,3,5,0,1,0.6208823323249817,0.2983431816101074,0.08552789688110352,0.22280370070406788,worker2,worker2,worker2,0,0.0,0.2983431816101074,0.0
model_1,531,1,0.2805817127227783,9,9,1,0,0.9513118267059326,0.1957530975341797,0.08482861518859863,0.30233123308507065,worker2,worker2,worker2,0,0.0,0.1957530975341797,0.0
model_1,532,1,0.34982848167419434,9,9,1,0,0.9574810266494751,0.196425199508667,0.15340328216552734,0.4385099847541756,worker2,worker2,worker2,0,0.0,0.196425199508667,0.0
model_1,533,1,0.36353278160095215,1,1,1,0,0.9310102462768555,0.1978137493133545,0.16571903228759766,0.4558571899837811,worker2,worker2,worker2,0,0.0,0.1978137493133545,0.0
model_1,534,1,0.4473440647125244,9,1,0,1,0.9001811146736145,0.2944025993347168,0.15294146537780762,0.34188777149886185,worker2,worker2,worker2,0,0.0,0.2944025993347168,0.0
model_1,535,1,0.5799040794372559,4,4,1,2,0.9805504083633423,0.43344807624816895,0.14645600318908691,0.2525521174660629,worker2->worker1,worker2,worker1,0,0.13364481925964355,0.2998032569885254,0.0
model_1,536,1,0.5476162433624268,3,2,0,1,0.7680737972259521,0.392777681350708,0.15483856201171875,0.28275012636767705,worker2,worker2,worker2,0,0.0,0.392777681350708,0.0
model_1,537,1,0.3598630428314209,7,7,1,0,0.9924418926239014,0.2695736885070801,0.09028935432434082,0.2508992132505176,worker2,worker2,worker2,0,0.0,0.2695736885070801,0.0
model_1,538,1,0.3885335922241211,3,5,0,1,0.9692856669425964,0.3050551414489746,0.08347845077514648,0.21485516940062394,worker2,worker2,worker2,0,0.0,0.3050551414489746,0.0
model_1,539,1,0.280825138092041,7,7,1,0,0.9898760914802551,0.19719314575195312,0.08363199234008789,0.29780806984835284,worker2,worker2,worker2,0,0.0,0.19719314575195312,0.0
model_1,540,1,0.2822728157043457,4,4,1,0,0.9397600889205933,0.1990795135498047,0.08319330215454102,0.2947265819662854,worker2,worker2,worker2,0,0.0,0.1990795135498047,0.0
model_1,541,1,0.2754652500152588,4,2,0,0,0.956506073474884,0.19197821617126465,0.08348703384399414,0.3030764636895926,worker2,worker2,worker2,0,0.0,0.19197821617126465,0.0
model_1,542,1,0.39499497413635254,9,1,0,1,0.9301323890686035,0.31045031547546387,0.08454465866088867,0.2140398339136938,worker2,worker2,worker2,0,0.0,0.31045031547546387,0.0
model_1,543,1,0.6366562843322754,2,2,1,2,0.996733546257019,0.4850656986236572,0.15159058570861816,0.23810427924638528,worker2->worker1,worker2,worker1,0,0.17476654052734375,0.3102991580963135,0.0
model_1,544,1,0.38817882537841797,2,5,0,1,0.7079333662986755,0.303330659866333,0.08484816551208496,0.21858009753461005,worker2,worker2,worker2,0,0.0,0.303330659866333,0.0
model_1,545,1,0.37306666374206543,6,2,0,1,0.9784247875213623,0.2892112731933594,0.08385539054870605,0.22477320730721423,worker2,worker2,worker2,0,0.0,0.2892112731933594,0.0
model_1,546,1,0.39978551864624023,6,6,1,1,0.8691080808639526,0.3141670227050781,0.08561849594116211,0.2141610737454542,worker2,worker2,worker2,0,0.0,0.3141670227050781,0.0
model_1,547,1,0.6141881942749023,1,0,0,2,0.7398634552955627,0.46821045875549316,0.14597773551940918,0.23767590598472416,worker2->worker1,worker2,worker1,0,0.17331361770629883,0.29489684104919434,0.0
model_1,548,1,0.3733103275299072,6,2,0,1,0.9792320728302002,0.28812241554260254,0.08518791198730469,0.2281959691578047,worker2,worker2,worker2,0,0.0,0.28812241554260254,0.0
model_1,549,1,0.5696728229522705,3,3,1,1,0.8048291802406311,0.4155275821685791,0.1541452407836914,0.27058556169987125,worker2,worker2,worker2,0,0.0,0.4155275821685791,0.0
model_1,550,1,0.36261701583862305,8,8,1,0,0.8406434059143066,0.27017998695373535,0.0924370288848877,0.2549164127643291,worker2,worker2,worker2,0,0.0,0.27017998695373535,0.0
model_1,551,1,0.39305639266967773,3,2,0,1,0.8397007584571838,0.3097505569458008,0.08330583572387695,0.2119437243039237,worker2,worker2,worker2,0,0.0,0.3097505569458008,0.0
model_1,552,1,0.6732766628265381,6,4,0,2,0.9132354259490967,0.5070557594299316,0.16622090339660645,0.2468835065495673,worker2->worker1,worker2,worker1,0,0.2137622833251953,0.29329347610473633,0.0
model_1,553,1,0.8333044052124023,8,1,0,3,0.5235583186149597,0.6351978778839111,0.1981065273284912,0.2377360855040668,worker2->worker1->worker3,worker2,worker3,0,0.1661970615386963,0.36595821380615234,0.1030426025390625
model_1,554,1,0.3896141052246094,4,2,0,0,0.8505160212516785,0.22313737869262695,0.16647672653198242,0.4272861898467714,worker2,worker2,worker2,0,0.0,0.22313737869262695,0.0
model_1,555,1,0.2988152503967285,3,3,1,0,0.8316918015480042,0.20813870429992676,0.09067654609680176,0.3034535418671339,worker2,worker2,worker2,0,0.0,0.20813870429992676,0.0
model_1,556,1,0.38243818283081055,9,1,0,1,0.9487174153327942,0.2975339889526367,0.08490419387817383,0.22200762813407462,worker2,worker2,worker2,0,0.0,0.2975339889526367,0.0
model_1,557,1,0.6246488094329834,2,5,0,2,0.8282008767127991,0.469677209854126,0.15497159957885742,0.24809396454230148,worker2->worker1,worker2,worker1,0,0.15945792198181152,0.31021928787231445,0.0
model_1,558,1,0.3491671085357666,1,1,1,0,0.9968687891960144,0.19647574424743652,0.15269136428833008,0.43730168322165797,worker2,worker2,worker2,0,0.0,0.19647574424743652,0.0
model_1,559,1,0.38931846618652344,3,3,1,1,0.9647925496101379,0.303941011428833,0.08537745475769043,0.21929978198564534,worker2,worker2,worker2,0,0.0,0.303941011428833,0.0
model_1,560,1,0.8466267585754395,2,2,1,3,0.7000983357429504,0.6687898635864258,0.17783689498901367,0.210053477742952,worker2->worker1->worker3,worker2,worker3,0,0.16071128845214844,0.40717506408691406,0.10090351104736328
model_1,561,1,0.2716069221496582,6,6,1,0,0.9264360666275024,0.18600893020629883,0.08559799194335938,0.3151539410920978,worker2,worker2,worker2,0,0.0,0.18600893020629883,0.0
model_1,562,1,0.37767863273620605,0,0,1,1,0.8806735873222351,0.29361391067504883,0.08406472206115723,0.2225826794916227,worker2,worker2,worker2,0,0.0,0.29361391067504883,0.0
model_1,563,1,0.31327080726623535,9,9,1,0,0.9695863723754883,0.22593092918395996,0.08733987808227539,0.27879992663360104,worker2,worker2,worker2,0,0.0,0.22593092918395996,0.0
model_1,564,1,0.38944268226623535,7,7,1,1,0.9825652837753296,0.30387163162231445,0.0855710506439209,0.21972694452998304,worker2,worker2,worker2,0,0.0,0.30387163162231445,0.0
model_1,565,1,0.3804965019226074,8,8,1,0,0.9689936637878418,0.21880006790161133,0.1616964340209961,0.4249616834950167,worker2,worker2,worker2,0,0.0,0.21880006790161133,0.0
model_1,566,1,0.29580163955688477,6,6,1,0,0.9186210036277771,0.2010807991027832,0.09472084045410156,0.3202174288012561,worker2,worker2,worker2,0,0.0,0.2010807991027832,0.0
model_1,567,1,0.3846859931945801,6,6,1,1,0.9988320469856262,0.3006455898284912,0.08404040336608887,0.21846494245393525,worker2,worker2,worker2,0,0.0,0.3006455898284912,0.0
model_1,568,1,0.2860591411590576,6,6,1,0,0.9252210259437561,0.20215392112731934,0.08390522003173828,0.2933142415647694,worker2,worker2,worker2,0,0.0,0.20215392112731934,0.0
model_1,569,1,0.793215274810791,6,5,0,3,0.49677520990371704,0.6090846061706543,0.18413066864013672,0.2321320258035351,worker2->worker1->worker3,worker2,worker3,0,0.13359808921813965,0.3673117160797119,0.10817480087280273
model_1,570,1,0.34071874618530273,8,8,1,0,0.6920551657676697,0.188826322555542,0.15189242362976074,0.44580001931315155,worker2,worker2,worker2,0,0.0,0.188826322555542,0.0
model_1,571,1,0.4264519214630127,4,4,1,1,0.990632176399231,0.33619070053100586,0.09026122093200684,0.21165626507755209,worker2,worker2,worker2,0,0.0,0.33619070053100586,0.0
model_1,572,1,0.30266904830932617,4,4,1,0,0.7500193119049072,0.20846772193908691,0.09420132637023926,0.31123541338778055,worker2,worker2,worker2,0,0.0,0.20846772193908691,0.0
model_1,573,1,0.2734990119934082,4,4,1,0,0.8288077712059021,0.18979668617248535,0.08370232582092285,0.30604251624477613,worker2,worker2,worker2,0,0.0,0.18979668617248535,0.0
model_1,574,1,0.29277896881103516,8,8,1,0,0.9828153252601624,0.20920848846435547,0.08357048034667969,0.28543880964557117,worker2,worker2,worker2,0,0.0,0.20920848846435547,0.0
model_1,575,1,0.3842763900756836,8,8,1,1,0.9682856202125549,0.2980830669403076,0.08619332313537598,0.22430033528315418,worker2,worker2,worker2,0,0.0,0.2980830669403076,0.0
model_1,576,1,0.33905553817749023,9,9,1,0,0.9011932611465454,0.19502592086791992,0.1440296173095703,0.42479653358197933,worker2,worker2,worker2,0,0.0,0.19502592086791992,0.0
model_1,577,1,0.3888566493988037,9,8,0,1,0.6921806931495667,0.30399227142333984,0.08486437797546387,0.218240778720563,worker2,worker2,worker2,0,0.0,0.30399227142333984,0.0
model_1,578,1,0.4260280132293701,6,2,0,1,0.7833697199821472,0.3403444290161133,0.08568358421325684,0.20112194868069735,worker2,worker2,worker2,0,0.0,0.3403444290161133,0.0
model_1,579,1,0.2884242534637451,8,8,1,0,0.8743783831596375,0.19772744178771973,0.09069681167602539,0.3144562587467214,worker2,worker2,worker2,0,0.0,0.19772744178771973,0.0
model_1,580,1,0.39348936080932617,9,9,1,1,0.9642518162727356,0.30689382553100586,0.08659553527832031,0.2200708428309503,worker2,worker2,worker2,0,0.0,0.30689382553100586,0.0
model_1,581,1,0.3971717357635498,0,0,1,1,0.9923185110092163,0.3100404739379883,0.08713126182556152,0.21937931121421442,worker2,worker2,worker2,0,0.0,0.3100404739379883,0.0
model_1,582,1,0.29706645011901855,3,3,1,0,0.8059354424476624,0.19926166534423828,0.09780478477478027,0.3292353772551399,worker2,worker2,worker2,0,0.0,0.19926166534423828,0.0
model_1,583,1,0.6381540298461914,6,2,0,2,0.5785545706748962,0.4845571517944336,0.1535968780517578,0.24068934907263362,worker2->worker1,worker2,worker1,0,0.17725419998168945,0.30730295181274414,0.0
model_1,584,1,0.3504445552825928,4,4,1,0,0.9333646297454834,0.19805097579956055,0.15239357948303223,0.4348578888895692,worker2,worker2,worker2,0,0.0,0.19805097579956055,0.0
model_1,585,1,0.48053693771362305,6,6,1,1,0.9747092723846436,0.3268730640411377,0.15366387367248535,0.31977536295880266,worker2,worker2,worker2,0,0.0,0.3268730640411377,0.0
model_1,586,1,0.45759105682373047,8,8,1,1,0.8619253039360046,0.3548552989959717,0.10273575782775879,0.22451434811876977,worker2,worker2,worker2,0,0.0,0.3548552989959717,0.0
model_1,587,1,0.3044250011444092,5,7,0,0,0.5271373391151428,0.20971131324768066,0.09471368789672852,0.3111232242446456,worker2,worker2,worker2,0,0.0,0.20971131324768066,0.0
model_1,588,1,0.2890496253967285,8,1,0,0,0.8143686056137085,0.20389604568481445,0.08515357971191406,0.29459847801234285,worker2,worker2,worker2,0,0.0,0.20389604568481445,0.0
model_1,589,1,0.28783249855041504,7,7,1,0,0.9846723675727844,0.20362424850463867,0.08420825004577637,0.2925599106072692,worker2,worker2,worker2,0,0.0,0.20362424850463867,0.0
model_1,590,1,0.3462042808532715,9,9,1,0,0.8429169058799744,0.19369006156921387,0.15251421928405762,0.44053244780267836,worker2,worker2,worker2,0,0.0,0.19369006156921387,0.0
model_1,591,1,0.39556002616882324,4,4,1,1,0.8266454339027405,0.30975961685180664,0.0858004093170166,0.21690869562334736,worker2,worker2,worker2,0,0.0,0.30975961685180664,0.0
model_1,592,1,0.4198744297027588,1,1,1,1,0.9917516112327576,0.3321805000305176,0.08769392967224121,0.2088575142199592,worker2,worker2,worker2,0,0.0,0.3321805000305176,0.0
model_1,593,1,0.2888646125793457,9,9,1,0,0.9976646900177002,0.19959616661071777,0.08926844596862793,0.30903212813617853,worker2,worker2,worker2,0,0.0,0.19959616661071777,0.0
model_1,594,1,0.350400447845459,6,6,1,0,0.9804450273513794,0.1990354061126709,0.15136504173278809,0.4319773067172171,worker2,worker2,worker2,0,0.0,0.1990354061126709,0.0
model_1,595,1,0.39481568336486816,3,3,1,1,0.9931572079658508,0.3101069927215576,0.08470869064331055,0.2145524968040015,worker2,worker2,worker2,0,0.0,0.3101069927215576,0.0
model_1,596,1,0.9344654083251953,2,2,1,3,0.9264647364616394,0.7354118824005127,0.19905352592468262,0.21301326314629263,worker2->worker1->worker3,worker2,worker3,0,0.17823433876037598,0.4165933132171631,0.14058423042297363
model_1,597,1,0.28763890266418457,8,8,1,0,0.7993808388710022,0.20133018493652344,0.08630871772766113,0.30005926503073077,worker2,worker2,worker2,0,0.0,0.20133018493652344,0.0
model_1,598,1,0.38634419441223145,3,3,1,1,0.9988306164741516,0.30109572410583496,0.08524847030639648,0.22065420301213556,worker2,worker2,worker2,0,0.0,0.30109572410583496,0.0
model_1,599,1,0.29122090339660645,7,7,1,0,0.805944561958313,0.20707368850708008,0.08414721488952637,0.288946342477787,worker2,worker2,worker2,0,0.0,0.20707368850708008,0.0
model_1,600,1,0.38968729972839355,4,7,0,1,0.7003825902938843,0.3054163455963135,0.08427095413208008,0.2162527600740792,worker2,worker2,worker2,0,0.0,0.3054163455963135,0.0
model_1,601,1,0.3434298038482666,9,9,1,0,0.6901160478591919,0.19231939315795898,0.15111041069030762,0.44000377660021284,worker2,worker2,worker2,0,0.0,0.19231939315795898,0.0
model_1,602,1,0.3927614688873291,6,6,1,1,0.9874677658081055,0.30748748779296875,0.08527398109436035,0.21711391735023472,worker2,worker2,worker2,0,0.0,0.30748748779296875,0.0
model_1,603,1,0.4298679828643799,5,5,1,1,0.7527730464935303,0.34192347526550293,0.08794450759887695,0.20458492166099002,worker2,worker2,worker2,0,0.0,0.34192347526550293,0.0
model_1,604,1,0.29294776916503906,9,9,1,0,0.9725545644760132,0.20109105110168457,0.09185671806335449,0.3135600531288048,worker2,worker2,worker2,0,0.0,0.20109105110168457,0.0
model_1,605,1,0.38495349884033203,0,0,1,1,0.9954577684402466,0.30039072036743164,0.08456277847290039,0.21967011269580555,worker2,worker2,worker2,0,0.0,0.30039072036743164,0.0
model_1,606,1,0.3915891647338867,6,6,1,1,0.9919949769973755,0.3057973384857178,0.08579182624816895,0.21908631283623672,worker2,worker2,worker2,0,0.0,0.3057973384857178,0.0
model_1,607,1,0.38881421089172363,3,3,1,1,0.9800187945365906,0.30381178855895996,0.08500242233276367,0.21861963876735724,worker2,worker2,worker2,0,0.0,0.30381178855895996,0.0
model_1,608,1,0.4223155975341797,7,7,1,1,0.9933757185935974,0.33406853675842285,0.08824706077575684,0.20895998464422014,worker2,worker2,worker2,0,0.0,0.33406853675842285,0.0
model_1,609,1,0.2971670627593994,2,2,1,0,0.7927160263061523,0.20379018783569336,0.09337687492370605,0.31422350127446125,worker2,worker2,worker2,0,0.0,0.20379018783569336,0.0
model_1,610,1,0.3675718307495117,7,2,0,0,0.7691748738288879,0.21430444717407227,0.15326738357543945,0.41697260441017364,worker2,worker2,worker2,0,0.0,0.21430444717407227,0.0
model_1,611,1,0.36389923095703125,6,6,1,0,0.9470726847648621,0.20787405967712402,0.15602517127990723,0.42875927731303853,worker2,worker2,worker2,0,0.0,0.20787405967712402,0.0
model_1,612,1,0.28849339485168457,7,7,1,0,0.9532581567764282,0.19816040992736816,0.0903329849243164,0.3131197682039025,worker2,worker2,worker2,0,0.0,0.19816040992736816,0.0
model_1,613,1,0.28519773483276367,0,0,1,0,0.7662228941917419,0.1997082233428955,0.08548951148986816,0.29975522610654015,worker2,worker2,worker2,0,0.0,0.1997082233428955,0.0
model_1,614,1,0.6275906562805176,1,1,1,2,0.795357882976532,0.4764871597290039,0.15110349655151367,0.24076760072727107,worker2->worker1,worker2,worker1,0,0.16321969032287598,0.31326746940612793,0.0
model_1,615,1,0.2864530086517334,7,0,0,0,0.8836100101470947,0.200608491897583,0.08584451675415039,0.2996809744055412,worker2,worker2,worker2,0,0.0,0.200608491897583,0.0
model_1,616,1,0.27298879623413086,1,9,0,0,0.8425337672233582,0.18673348426818848,0.08625531196594238,0.3159664907711629,worker2,worker2,worker2,0,0.0,0.18673348426818848,0.0
model_1,617,1,0.285412073135376,8,8,1,0,0.7915925979614258,0.20118975639343262,0.08422231674194336,0.2950902385337961,worker2,worker2,worker2,0,0.0,0.20118975639343262,0.0
model_1,618,1,0.3951239585876465,4,6,0,1,0.6775137186050415,0.3109419345855713,0.0841820240020752,0.21305218823728178,worker2,worker2,worker2,0,0.0,0.3109419345855713,0.0
model_1,619,1,0.34656548500061035,1,9,0,0,0.8599125742912292,0.19548320770263672,0.15108227729797363,0.4359414997650662,worker2,worker2,worker2,0,0.0,0.19548320770263672,0.0
model_1,620,1,0.5055646896362305,9,1,0,1,0.9228540658950806,0.352649450302124,0.15291523933410645,0.30246423943122636,worker2,worker2,worker2,0,0.0,0.352649450302124,0.0
model_1,621,1,0.4066445827484131,6,6,1,1,0.9961413741111755,0.30960917472839355,0.09703540802001953,0.23862461750794886,worker2,worker2,worker2,0,0.0,0.30960917472839355,0.0
model_1,622,1,0.46903204917907715,4,4,1,1,0.8737890124320984,0.3147892951965332,0.15424275398254395,0.3288533358274923,worker2,worker2,worker2,0,0.0,0.3147892951965332,0.0
model_1,623,1,0.5859887599945068,0,0,1,1,0.9908832907676697,0.4250175952911377,0.16097116470336914,0.27470008930696577,worker2,worker2,worker2,0,0.0,0.4250175952911377,0.0
model_1,624,1,0.39434266090393066,9,9,1,0,0.811642587184906,0.28632688522338867,0.10801577568054199,0.27391349298334394,worker2,worker2,worker2,0,0.0,0.28632688522338867,0.0
model_1,625,1,0.2930607795715332,0,1,0,0,0.6118773221969604,0.2093057632446289,0.0837550163269043,0.28579401327382514,worker2,worker2,worker2,0,0.0,0.2093057632446289,0.0
model_1,626,1,0.2844562530517578,3,3,1,0,0.8236808776855469,0.20076751708984375,0.08368873596191406,0.2942059985114358,worker2,worker2,worker2,0,0.0,0.20076751708984375,0.0
model_1,627,1,0.6497659683227539,4,4,1,2,0.9999340772628784,0.48981332778930664,0.15995264053344727,0.24616961849561667,worker2->worker1,worker2,worker1,0,0.17440032958984375,0.3154129981994629,0.0
model_1,628,1,0.4011201858520508,4,4,1,1,0.983470618724823,0.31605076789855957,0.08506941795349121,0.21207962339962672,worker2,worker2,worker2,0,0.0,0.31605076789855957,0.0
model_1,629,1,0.33243775367736816,4,4,1,0,0.8383715152740479,0.20282769203186035,0.1296100616455078,0.38987768450419374,worker2,worker2,worker2,0,0.0,0.20282769203186035,0.0
model_1,630,1,0.6493334770202637,0,0,1,2,0.9852627515792847,0.4957551956176758,0.1535782814025879,0.2365168081389329,worker2->worker1,worker2,worker1,0,0.18574213981628418,0.3100130558013916,0.0
model_1,631,1,0.2943263053894043,9,9,1,0,0.9353673458099365,0.19699311256408691,0.09733319282531738,0.3306982455969814,worker2,worker2,worker2,0,0.0,0.19699311256408691,0.0
model_1,632,1,0.8596827983856201,4,6,0,3,0.4091918468475342,0.6633868217468262,0.19629597663879395,0.22833535463011934,worker2->worker1->worker3,worker2,worker3,0,0.16661667823791504,0.3961927890777588,0.10057735443115234
model_1,633,1,0.45192480087280273,8,8,1,0,0.8177432417869568,0.28157949447631836,0.17034530639648438,0.3769328571202473,worker2,worker2,worker2,0,0.0,0.28157949447631836,0.0
model_1,634,1,0.3193247318267822,0,0,1,0,0.7010943293571472,0.2241678237915039,0.09515690803527832,0.2979941687914615,worker2,worker2,worker2,0,0.0,0.2241678237915039,0.0
model_1,635,1,0.2870941162109375,4,4,1,0,0.993286669254303,0.20305991172790527,0.08403420448303223,0.2927061187882009,worker2,worker2,worker2,0,0.0,0.20305991172790527,0.0
model_1,636,1,0.6687324047088623,4,4,1,2,0.7254289984703064,0.48860883712768555,0.18012356758117676,0.26935073926856423,worker2->worker1,worker2,worker1,0,0.19310355186462402,0.2955052852630615,0.0
model_1,637,1,0.3795511722564697,3,3,1,1,0.930839478969574,0.29453134536743164,0.08501982688903809,0.2240009598273316,worker2,worker2,worker2,0,0.0,0.29453134536743164,0.0
model_1,638,1,0.27484798431396484,9,9,1,0,0.9955540299415588,0.18982863426208496,0.08501935005187988,0.3093322669405515,worker2,worker2,worker2,0,0.0,0.18982863426208496,0.0
model_1,639,1,0.35277891159057617,7,2,0,0,0.8053174018859863,0.2016441822052002,0.15113472938537598,0.42841202923370336,worker2,worker2,worker2,0,0.0,0.2016441822052002,0.0
model_1,640,1,0.34923648834228516,9,9,1,0,0.9987335801124573,0.2010211944580078,0.14821529388427734,0.424398076466203,worker2,worker2,worker2,0,0.0,0.2010211944580078,0.0
model_1,641,1,0.3488330841064453,9,9,1,0,0.9118841886520386,0.19385433197021484,0.15497875213623047,0.44427767662352574,worker2,worker2,worker2,0,0.0,0.19385433197021484,0.0
model_1,642,1,0.4453694820404053,5,5,1,1,0.9051987528800964,0.3552117347717285,0.09015774726867676,0.2024335993019328,worker2,worker2,worker2,0,0.0,0.3552117347717285,0.0
model_1,643,1,0.30944299697875977,5,5,1,0,0.8967678546905518,0.2123126983642578,0.09713029861450195,0.31388753199403957,worker2,worker2,worker2,0,0.0,0.2123126983642578,0.0
model_1,644,1,0.28871989250183105,5,5,1,0,0.7905774116516113,0.2038118839263916,0.08490800857543945,0.29408437305684076,worker2,worker2,worker2,0,0.0,0.2038118839263916,0.0
model_1,645,1,0.39046144485473633,4,4,1,1,0.8758522272109985,0.3065364360809326,0.08392500877380371,0.21493801726064501,worker2,worker2,worker2,0,0.0,0.3065364360809326,0.0
model_1,646,1,0.3922436237335205,4,4,1,0,0.9072713255882263,0.24051785469055176,0.15172576904296875,0.386815131878465,worker2,worker2,worker2,0,0.0,0.24051785469055176,0.0
model_1,647,1,0.30745506286621094,2,2,1,0,0.7608509063720703,0.2086193561553955,0.09883570671081543,0.321463910170911,worker2,worker2,worker2,0,0.0,0.2086193561553955,0.0
model_1,648,1,0.28843116760253906,9,9,1,0,0.7711929678916931,0.2022409439086914,0.08619022369384766,0.29882423737443875,worker2,worker2,worker2,0,0.0,0.2022409439086914,0.0
model_1,649,1,0.3951911926269531,6,2,0,1,0.6367029547691345,0.3095836639404297,0.08560752868652344,0.21662306823556668,worker2,worker2,worker2,0,0.0,0.3095836639404297,0.0
model_1,650,1,0.42082881927490234,3,3,1,0,0.694382905960083,0.2683999538421631,0.15242886543273926,0.3622110902370652,worker2,worker2,worker2,0,0.0,0.2683999538421631,0.0
model_1,651,1,0.3233158588409424,9,9,1,0,0.9650021195411682,0.22423243522644043,0.09908342361450195,0.30646014077288664,worker2,worker2,worker2,0,0.0,0.22423243522644043,0.0
model_1,652,1,0.2814350128173828,6,2,0,0,0.753976047039032,0.19632554054260254,0.08510947227478027,0.3024125229578524,worker2,worker2,worker2,0,0.0,0.19632554054260254,0.0
model_1,653,1,0.28751134872436523,2,2,1,0,0.9368650317192078,0.19992876052856445,0.08758258819580078,0.30462306473949136,worker2,worker2,worker2,0,0.0,0.19992876052856445,0.0
model_1,654,1,0.39141011238098145,9,1,0,1,0.5183879137039185,0.3065788745880127,0.08483123779296875,0.21673236104436092,worker2,worker2,worker2,0,0.0,0.3065788745880127,0.0
model_1,655,1,0.38466334342956543,5,5,1,1,0.826951801776886,0.29817819595336914,0.08648514747619629,0.22483334831209964,worker2,worker2,worker2,0,0.0,0.29817819595336914,0.0
model_1,656,1,0.4693570137023926,9,9,1,0,0.9910463690757751,0.3038794994354248,0.16547751426696777,0.3525621423266786,worker2,worker2,worker2,0,0.0,0.3038794994354248,0.0
model_1,657,1,0.33731961250305176,9,9,1,0,0.7943278551101685,0.23610377311706543,0.10121583938598633,0.300059159427235,worker2,worker2,worker2,0,0.0,0.23610377311706543,0.0
model_1,658,1,0.29253053665161133,1,1,1,0,0.867413341999054,0.208665132522583,0.08386540412902832,0.2866894003237264,worker2,worker2,worker2,0,0.0,0.208665132522583,0.0
model_1,659,1,0.38910508155822754,6,6,1,1,0.9103296995162964,0.3045382499694824,0.08456683158874512,0.2173367442287955,worker2,worker2,worker2,0,0.0,0.3045382499694824,0.0
model_1,660,1,0.6726491451263428,2,2,1,2,0.975197970867157,0.4971883296966553,0.1754608154296875,0.2608504250707565,worker2->worker1,worker2,worker1,0,0.18703007698059082,0.31015825271606445,0.0
model_1,661,1,0.8318400382995605,0,0,1,3,0.8936209082603455,0.6401009559631348,0.19173908233642578,0.2304999441099,worker2->worker1->worker3,worker2,worker3,0,0.15106821060180664,0.3881089687347412,0.10092377662658691
model_1,662,1,0.34795069694519043,2,7,0,0,0.8623448610305786,0.1962873935699463,0.15166330337524414,0.43587584306271504,worker2,worker2,worker2,0,0.0,0.1962873935699463,0.0
model_1,663,1,0.6241455078125,4,5,0,2,0.6229968667030334,0.4693140983581543,0.1548314094543457,0.24806941252689224,worker2->worker1,worker2,worker1,0,0.1616652011871338,0.3076488971710205,0.0
model_1,664,1,0.8538546562194824,3,3,1,3,0.8204953074455261,0.6741056442260742,0.1797490119934082,0.21051476464304003,worker2->worker1->worker3,worker2,worker3,0,0.15652871131896973,0.4170033931732178,0.10057353973388672
model_1,665,1,0.3680455684661865,2,2,1,1,0.904707670211792,0.28307414054870605,0.08497142791748047,0.23087203106831336,worker2,worker2,worker2,0,0.0,0.28307414054870605,0.0
model_1,666,1,0.60426926612854,4,4,1,1,0.6886700391769409,0.4475069046020508,0.15676236152648926,0.2594246808725546,worker2,worker2,worker2,0,0.0,0.4475069046020508,0.0
model_1,667,1,0.3679335117340088,9,9,1,0,0.7467349767684937,0.2738490104675293,0.09408450126647949,0.25571060603606083,worker2,worker2,worker2,0,0.0,0.2738490104675293,0.0
model_1,668,1,0.389815092086792,6,2,0,1,0.9696508049964905,0.30521655082702637,0.08459854125976562,0.21702223176348912,worker2,worker2,worker2,0,0.0,0.30521655082702637,0.0
model_1,669,1,0.38623595237731934,3,3,1,1,0.7308942675590515,0.30088090896606445,0.08535504341125488,0.22099196847389893,worker2,worker2,worker2,0,0.0,0.30088090896606445,0.0
model_1,670,1,0.2828855514526367,6,6,1,0,0.9451348781585693,0.19725990295410156,0.08562564849853516,0.3026865389866735,worker2,worker2,worker2,0,0.0,0.19725990295410156,0.0
model_1,671,1,0.28281092643737793,4,4,1,0,0.864910364151001,0.19860267639160156,0.08420825004577637,0.2977545850387162,worker2,worker2,worker2,0,0.0,0.19860267639160156,0.0
model_1,672,1,0.2925586700439453,6,6,1,0,0.9698076248168945,0.2085249423980713,0.08403372764587402,0.2872371809498973,worker2,worker2,worker2,0,0.0,0.2085249423980713,0.0
model_1,673,1,0.28666257858276367,4,4,1,0,0.7983118295669556,0.20234894752502441,0.08431363105773926,0.2941215120389238,worker2,worker2,worker2,0,0.0,0.20234894752502441,0.0
model_1,674,1,0.3958580493927002,9,1,0,1,0.9642066955566406,0.31150221824645996,0.08435583114624023,0.21309616231286313,worker2,worker2,worker2,0,0.0,0.31150221824645996,0.0
model_1,675,1,0.3926525115966797,4,4,1,0,0.97395259141922,0.22519707679748535,0.16745543479919434,0.4264723383998096,worker2,worker2,worker2,0,0.0,0.22519707679748535,0.0
model_1,676,1,0.29265570640563965,8,8,1,0,0.9797742962837219,0.19974684715270996,0.09290885925292969,0.3174681279720274,worker2,worker2,worker2,0,0.0,0.19974684715270996,0.0
model_1,677,1,0.3811471462249756,4,4,1,0,0.9503822922706604,0.22566747665405273,0.15547966957092285,0.40792557706610655,worker2,worker2,worker2,0,0.0,0.22566747665405273,0.0
model_1,678,1,0.299515962600708,1,1,1,0,0.5393252372741699,0.20641422271728516,0.09310173988342285,0.3108406612957021,worker2,worker2,worker2,0,0.0,0.20641422271728516,0.0
model_1,679,1,0.3583688735961914,3,3,1,0,0.6751590967178345,0.20630478858947754,0.15206408500671387,0.4243228031518693,worker2,worker2,worker2,0,0.0,0.20630478858947754,0.0
model_1,680,1,0.6347775459289551,2,2,1,2,0.9730700254440308,0.4835934638977051,0.15118408203125,0.2381686041052414,worker2->worker1,worker2,worker1,0,0.17153716087341309,0.312056303024292,0.0
model_1,681,1,0.627230167388916,1,9,0,2,0.692227840423584,0.46755480766296387,0.15967535972595215,0.25457219379396484,worker2->worker1,worker2,worker1,0,0.16562485694885254,0.30192995071411133,0.0
model_1,682,1,0.3885924816131592,5,5,1,1,0.7313345670700073,0.30327391624450684,0.08531856536865234,0.21955794155993558,worker2,worker2,worker2,0,0.0,0.30327391624450684,0.0
model_1,683,1,0.40058231353759766,3,3,1,1,0.7032268047332764,0.3131082057952881,0.08747410774230957,0.21836737366114262,worker2,worker2,worker2,0,0.0,0.3131082057952881,0.0
model_1,684,1,0.2880227565765381,9,1,0,0,0.9556105136871338,0.1982555389404297,0.0897672176361084,0.3116671012495292,worker2,worker2,worker2,0,0.0,0.1982555389404297,0.0
model_1,685,1,0.36258959770202637,0,0,1,0,0.8996493220329285,0.2078871726989746,0.15470242500305176,0.42665985451183613,worker2,worker2,worker2,0,0.0,0.2078871726989746,0.0
model_1,686,1,0.35566091537475586,6,6,1,0,0.8347474336624146,0.2018876075744629,0.15377330780029297,0.4323593095357801,worker2,worker2,worker2,0,0.0,0.2018876075744629,0.0
model_1,687,1,0.5857415199279785,5,5,1,2,0.7934825420379639,0.4330270290374756,0.15271449089050293,0.2607199348089245,worker2->worker1,worker2,worker1,0,0.12220454216003418,0.3108224868774414,0.0
model_1,688,1,0.2943606376647949,1,1,1,0,0.9582424759864807,0.2077329158782959,0.08662772178649902,0.29429112015019787,worker2,worker2,worker2,0,0.0,0.2077329158782959,0.0
model_1,689,1,0.2985255718231201,6,3,0,0,0.7298054099082947,0.2110297679901123,0.08749580383300781,0.29309316216585324,worker2,worker2,worker2,0,0.0,0.2110297679901123,0.0
model_1,690,1,0.3780217170715332,1,1,1,0,0.9976773858070374,0.22504448890686035,0.15297722816467285,0.40467841199643273,worker2,worker2,worker2,0,0.0,0.22504448890686035,0.0
model_1,691,1,0.30509281158447266,4,4,1,0,0.9673702120780945,0.21160435676574707,0.09348845481872559,0.3064262783944385,worker2,worker2,worker2,0,0.0,0.21160435676574707,0.0
model_1,692,1,0.6368975639343262,4,3,0,2,0.8083888292312622,0.48400354385375977,0.1528940200805664,0.24006061372897966,worker2->worker1,worker2,worker1,0,0.17198824882507324,0.3120152950286865,0.0
model_1,693,1,0.34655308723449707,7,7,1,0,0.9984717965126038,0.19382572174072266,0.15272736549377441,0.4407040973506913,worker2,worker2,worker2,0,0.0,0.19382572174072266,0.0
model_1,694,1,0.6315388679504395,6,6,1,2,0.728075385093689,0.4752166271209717,0.15632224082946777,0.24752592241359134,worker2->worker1,worker2,worker1,0,0.1572556495666504,0.3179609775543213,0.0
model_1,695,1,0.6114277839660645,3,0,0,2,0.9518800973892212,0.462099552154541,0.14932823181152344,0.24422873105781445,worker2->worker1,worker2,worker1,0,0.15267682075500488,0.30942273139953613,0.0
model_1,696,1,0.47319889068603516,4,4,1,1,0.745963454246521,0.31833624839782715,0.154862642288208,0.3272675514173141,worker2,worker2,worker2,0,0.0,0.31833624839782715,0.0
model_1,697,1,0.3861997127532959,4,4,1,1,0.9822826981544495,0.2997879981994629,0.08641171455383301,0.22374877997134282,worker2,worker2,worker2,0,0.0,0.2997879981994629,0.0
model_1,698,1,0.39174699783325195,3,1,0,1,0.8128195405006409,0.3066840171813965,0.08506298065185547,0.21713754316520054,worker2,worker2,worker2,0,0.0,0.3066840171813965,0.0
model_1,699,1,0.5943279266357422,0,8,0,1,0.8909448981285095,0.43953561782836914,0.15479230880737305,0.26044932750105104,worker2,worker2,worker2,0,0.0,0.43953561782836914,0.0
model_1,700,1,0.3795912265777588,0,0,1,0,0.8494774103164673,0.27379894256591797,0.10579228401184082,0.2787005510259585,worker2,worker2,worker2,0,0.0,0.27379894256591797,0.0
model_1,701,1,0.2775413990020752,9,9,1,0,0.7359512448310852,0.19447612762451172,0.08306527137756348,0.2992896615648406,worker2,worker2,worker2,0,0.0,0.19447612762451172,0.0
model_1,702,1,0.3925304412841797,6,6,1,1,0.995074450969696,0.309584379196167,0.0829460620880127,0.21131115797452854,worker2,worker2,worker2,0,0.0,0.309584379196167,0.0
model_1,703,1,0.2856578826904297,7,2,0,0,0.9204412698745728,0.20183229446411133,0.08382558822631836,0.2934474884320311,worker2,worker2,worker2,0,0.0,0.20183229446411133,0.0
model_1,704,1,0.39546799659729004,7,7,1,1,0.970775842666626,0.31169795989990234,0.0837700366973877,0.2118250716067216,worker2,worker2,worker2,0,0.0,0.31169795989990234,0.0
model_1,705,1,0.28856849670410156,0,0,1,0,0.525024950504303,0.20404911041259766,0.0845193862915039,0.2928919381597298,worker2,worker2,worker2,0,0.0,0.20404911041259766,0.0
model_1,706,1,0.39371275901794434,9,9,1,1,0.9989739656448364,0.3093271255493164,0.08438563346862793,0.2143329915929442,worker2,worker2,worker2,0,0.0,0.3093271255493164,0.0
model_1,707,1,0.35864830017089844,5,5,1,0,0.8983569145202637,0.20632243156433105,0.15232586860656738,0.42472212619990957,worker2,worker2,worker2,0,0.0,0.20632243156433105,0.0
model_1,708,1,0.6269187927246094,6,6,1,2,0.9996644258499146,0.47263050079345703,0.15428829193115234,0.24610570574956037,worker2->worker1,worker2,worker1,0,0.16189074516296387,0.31073975563049316,0.0
model_1,709,1,0.414750337600708,1,1,1,1,0.9956747889518738,0.32269716262817383,0.09205317497253418,0.2219484027549036,worker2,worker2,worker2,0,0.0,0.32269716262817383,0.0
model_1,710,1,0.30796313285827637,0,2,0,0,0.9169780611991882,0.21541404724121094,0.09254908561706543,0.300520016010021,worker2,worker2,worker2,0,0.0,0.21541404724121094,0.0
model_1,711,1,0.33795714378356934,3,3,1,0,0.931959331035614,0.24803924560546875,0.08991789817810059,0.26606301962264417,worker2,worker2,worker2,0,0.0,0.24803924560546875,0.0
model_1,712,1,0.3663139343261719,6,6,1,0,0.9531242847442627,0.1994762420654297,0.1668376922607422,0.4554500296791527,worker2,worker2,worker2,0,0.0,0.1994762420654297,0.0
model_1,713,1,0.4650309085845947,6,6,1,1,0.9614145159721375,0.3672523498535156,0.0977785587310791,0.21026249422578328,worker2,worker2,worker2,0,0.0,0.3672523498535156,0.0
model_1,714,1,0.31288814544677734,7,7,1,0,0.9298492670059204,0.21890830993652344,0.0939798355102539,0.3003624038745821,worker2,worker2,worker2,0,0.0,0.21890830993652344,0.0
model_1,715,1,0.6576800346374512,0,0,1,2,0.8637033104896545,0.5091915130615234,0.14848852157592773,0.22577623427140014,worker2->worker1,worker2,worker1,0,0.1924140453338623,0.31677746772766113,0.0
model_1,716,1,0.35407137870788574,4,4,1,0,0.8516695499420166,0.20067429542541504,0.1533970832824707,0.4332377382274257,worker2,worker2,worker2,0,0.0,0.20067429542541504,0.0
model_1,717,1,0.4980590343475342,5,5,1,1,0.9634935259819031,0.380291223526001,0.1177678108215332,0.2364535179565833,worker2,worker2,worker2,0,0.0,0.380291223526001,0.0
model_1,718,1,0.317471981048584,0,0,1,0,0.962352454662323,0.22365713119506836,0.09381484985351562,0.29550592006152115,worker2,worker2,worker2,0,0.0,0.22365713119506836,0.0
model_1,719,1,0.7740809917449951,4,7,0,3,0.8078747391700745,0.5920853614807129,0.18199563026428223,0.23511187098654,worker2->worker1->worker3,worker2,worker3,0,0.130171537399292,0.357790470123291,0.10412335395812988
model_1,720,1,0.2857379913330078,8,8,1,0,0.9756724238395691,0.20119667053222656,0.08454132080078125,0.29587007456160846,worker2,worker2,worker2,0,0.0,0.20119667053222656,0.0
model_1,721,1,0.38822221755981445,5,5,1,1,0.6738799810409546,0.30164456367492676,0.0865776538848877,0.223010559336544,worker2,worker2,worker2,0,0.0,0.30164456367492676,0.0
model_1,722,1,0.2876248359680176,7,1,0,0,0.9370648264884949,0.20102930068969727,0.08659553527832031,0.3010711331199135,worker2,worker2,worker2,0,0.0,0.20102930068969727,0.0
model_1,723,1,0.30098509788513184,6,6,1,0,0.9694703817367554,0.20304465293884277,0.09794044494628906,0.32539964813695565,worker2,worker2,worker2,0,0.0,0.20304465293884277,0.0
model_1,724,1,0.28145360946655273,9,1,0,0,0.9971303343772888,0.19660377502441406,0.08484983444213867,0.30147005257085546,worker2,worker2,worker2,0,0.0,0.19660377502441406,0.0
model_1,725,1,0.3921682834625244,3,5,0,1,0.9462785720825195,0.3070509433746338,0.08511734008789062,0.21704289632087098,worker2,worker2,worker2,0,0.0,0.3070509433746338,0.0
model_1,726,1,0.3497178554534912,0,0,1,0,0.7412676215171814,0.19780182838439941,0.1519160270690918,0.43439597006591796,worker2,worker2,worker2,0,0.0,0.19780182838439941,0.0
model_1,727,1,0.6046431064605713,9,9,1,1,0.8511108160018921,0.4497346878051758,0.1549084186553955,0.25619810595739767,worker2,worker2,worker2,0,0.0,0.4497346878051758,0.0
model_1,728,1,0.3918018341064453,9,9,1,0,0.9985306262969971,0.29419803619384766,0.09760379791259766,0.24911521441750195,worker2,worker2,worker2,0,0.0,0.29419803619384766,0.0
model_1,729,1,0.602191686630249,1,1,1,2,0.9918179512023926,0.45661473274230957,0.14557695388793945,0.24174520691668894,worker2->worker1,worker2,worker1,0,0.1498417854309082,0.30677294731140137,0.0
model_1,730,1,0.38613009452819824,4,4,1,1,0.9539914727210999,0.30297279357910156,0.08315730094909668,0.2153608385554726,worker2,worker2,worker2,0,0.0,0.30297279357910156,0.0
model_1,731,1,0.39052724838256836,7,7,1,1,0.9869917631149292,0.306929349899292,0.08359789848327637,0.21406418842605876,worker2,worker2,worker2,0,0.0,0.306929349899292,0.0
model_1,732,1,0.2896575927734375,5,5,1,0,0.769648551940918,0.20462465286254883,0.08503293991088867,0.2935636490544171,worker2,worker2,worker2,0,0.0,0.20462465286254883,0.0
model_1,733,1,0.2832934856414795,0,0,1,0,0.942464292049408,0.199263334274292,0.0840301513671875,0.2966187209596884,worker2,worker2,worker2,0,0.0,0.199263334274292,0.0
model_1,734,1,0.39132142066955566,6,7,0,1,0.8755778670310974,0.30553507804870605,0.08578634262084961,0.21922219967940457,worker2,worker2,worker2,0,0.0,0.30553507804870605,0.0
model_1,735,1,0.3283045291900635,3,3,1,0,0.7524174451828003,0.20572757720947266,0.12257695198059082,0.37336357278710597,worker2,worker2,worker2,0,0.0,0.20572757720947266,0.0
model_1,736,1,0.4318220615386963,9,9,1,0,0.9808056354522705,0.2599906921386719,0.17183136940002441,0.3979217013316637,worker2,worker2,worker2,0,0.0,0.2599906921386719,0.0
model_1,737,1,0.32442402839660645,5,5,1,0,0.7696981430053711,0.23005056381225586,0.09437346458435059,0.29089542180574735,worker2,worker2,worker2,0,0.0,0.23005056381225586,0.0
model_1,738,1,0.39882612228393555,9,9,1,1,0.6674340963363647,0.31502842903137207,0.08379769325256348,0.21011084422626045,worker2,worker2,worker2,0,0.0,0.31502842903137207,0.0
model_1,739,1,0.40279603004455566,9,9,1,1,0.9918020367622375,0.3171818256378174,0.08561420440673828,0.212549772144646,worker2,worker2,worker2,0,0.0,0.3171818256378174,0.0
model_1,740,1,0.3463566303253174,9,1,0,0,0.8141406178474426,0.20911407470703125,0.13724255561828613,0.396246364590683,worker2,worker2,worker2,0,0.0,0.20911407470703125,0.0
model_1,741,1,0.36467719078063965,6,6,1,0,0.730057418346405,0.2085425853729248,0.15613460540771484,0.4281446971593922,worker2,worker2,worker2,0,0.0,0.2085425853729248,0.0
model_1,742,1,0.6278884410858154,7,7,1,2,0.9941245913505554,0.46799492835998535,0.15989351272583008,0.25465274125659043,worker2->worker1,worker2,worker1,0,0.15198159217834473,0.3160133361816406,0.0
model_1,743,1,0.3999943733215332,6,6,1,1,0.761827290058136,0.3096485137939453,0.09034585952758789,0.22586782603305244,worker2,worker2,worker2,0,0.0,0.3096485137939453,0.0
model_1,744,1,0.6078777313232422,8,8,1,2,0.9960811734199524,0.45226430892944336,0.15561342239379883,0.25599460940122937,worker2->worker1,worker2,worker1,0,0.1436455249786377,0.30861878395080566,0.0
model_1,745,1,0.3581562042236328,5,5,1,0,0.9536311626434326,0.20521926879882812,0.1529369354248047,0.42701182785964203,worker2,worker2,worker2,0,0.0,0.20521926879882812,0.0
model_1,746,1,0.4145035743713379,1,1,1,1,0.8076109290122986,0.31679344177246094,0.09771013259887695,0.23572808207280302,worker2,worker2,worker2,0,0.0,0.31679344177246094,0.0
model_1,747,1,0.39742588996887207,7,7,1,1,0.9853516221046448,0.30079174041748047,0.0966341495513916,0.24315011173268145,worker2,worker2,worker2,0,0.0,0.30079174041748047,0.0
model_1,748,1,0.5669388771057129,6,2,0,2,0.5103231072425842,0.4125218391418457,0.1544170379638672,0.2723698165703217,worker2->worker1,worker2,worker1,0,0.10963201522827148,0.3028898239135742,0.0
model_1,749,1,0.2996232509613037,7,7,1,0,0.9970773458480835,0.21466326713562012,0.0849599838256836,0.28355604430931214,worker2,worker2,worker2,0,0.0,0.21466326713562012,0.0
model_1,750,1,0.2978053092956543,0,2,0,0,0.8953427076339722,0.20030474662780762,0.09750056266784668,0.3273969926810484,worker2,worker2,worker2,0,0.0,0.20030474662780762,0.0
model_1,751,1,0.3944697380065918,2,2,1,1,0.9041385054588318,0.3088974952697754,0.0855722427368164,0.2169298034603264,worker2,worker2,worker2,0,0.0,0.3088974952697754,0.0
model_1,752,1,0.42151331901550293,1,1,1,1,0.6630366444587708,0.33426594734191895,0.08724737167358398,0.20698603754054826,worker2,worker2,worker2,0,0.0,0.33426594734191895,0.0
model_1,753,1,0.2950582504272461,7,7,1,0,0.9970554113388062,0.20601892471313477,0.08903932571411133,0.3017686358038857,worker2,worker2,worker2,0,0.0,0.20601892471313477,0.0
model_1,754,1,0.39823341369628906,6,2,0,1,0.7386493682861328,0.3135230541229248,0.08471035957336426,0.21271534898869193,worker2,worker2,worker2,0,0.0,0.3135230541229248,0.0
model_1,755,1,0.3878946304321289,3,3,1,0,0.8648797273635864,0.22184181213378906,0.16605281829833984,0.42808743733665733,worker2,worker2,worker2,0,0.0,0.22184181213378906,0.0
model_1,756,1,0.28903651237487793,5,5,1,0,0.8104494214057922,0.2015225887298584,0.08751392364501953,0.3027780916879965,worker2,worker2,worker2,0,0.0,0.2015225887298584,0.0
model_1,757,1,0.3006289005279541,9,9,1,0,0.9955564141273499,0.21538138389587402,0.08524751663208008,0.2835639437272043,worker2,worker2,worker2,0,0.0,0.21538138389587402,0.0
model_1,758,1,0.4035465717315674,7,7,1,0,0.9552485942840576,0.2481675148010254,0.155379056930542,0.38503376763636,worker2,worker2,worker2,0,0.0,0.2481675148010254,0.0
model_1,759,1,0.31296610832214355,6,4,0,0,0.9315599799156189,0.21453261375427246,0.0984334945678711,0.3145180642580989,worker2,worker2,worker2,0,0.0,0.21453261375427246,0.0
model_1,760,1,0.40144991874694824,1,1,1,1,0.9122942686080933,0.3157973289489746,0.08565258979797363,0.21335809474148698,worker2,worker2,worker2,0,0.0,0.3157973289489746,0.0
model_1,761,1,0.6781744956970215,4,4,1,2,0.997276246547699,0.5278017520904541,0.15037274360656738,0.22173164069229065,worker2->worker1,worker2,worker1,0,0.16786909103393555,0.35993266105651855,0.0
model_1,762,1,0.3971371650695801,3,3,1,1,0.9770270586013794,0.31215953826904297,0.08497762680053711,0.21397550840060178,worker2,worker2,worker2,0,0.0,0.31215953826904297,0.0
model_1,763,1,0.46375155448913574,7,7,1,1,0.9558739066123962,0.37410783767700195,0.08964371681213379,0.19330116728316835,worker2,worker2,worker2,0,0.0,0.37410783767700195,0.0
model_1,764,1,0.3216581344604492,6,6,1,0,0.9903891682624817,0.22243380546569824,0.09922432899475098,0.30847759893027515,worker2,worker2,worker2,0,0.0,0.22243380546569824,0.0
model_1,765,1,0.3014800548553467,7,7,1,0,0.7084264159202576,0.2171328067779541,0.08434724807739258,0.27977720820657037,worker2,worker2,worker2,0,0.0,0.2171328067779541,0.0
model_1,766,1,0.4047117233276367,2,2,1,1,0.8239924311637878,0.31703996658325195,0.08767175674438477,0.21662766777183173,worker2,worker2,worker2,0,0.0,0.31703996658325195,0.0
model_1,767,1,0.3013176918029785,1,1,1,0,0.9916481971740723,0.21138572692871094,0.08993196487426758,0.29846227858758145,worker2,worker2,worker2,0,0.0,0.21138572692871094,0.0
model_1,768,1,0.2905597686767578,7,7,1,0,0.7526599764823914,0.20512104034423828,0.08543872833251953,0.29404872092794265,worker2,worker2,worker2,0,0.0,0.20512104034423828,0.0
model_1,769,1,0.29918456077575684,4,2,0,0,0.9193078875541687,0.21441030502319336,0.08477425575256348,0.28335103767638264,worker2,worker2,worker2,0,0.0,0.21441030502319336,0.0
model_1,770,1,0.6457586288452148,2,2,1,2,0.9975355863571167,0.49179887771606445,0.1539597511291504,0.23841687009970064,worker2->worker1,worker2,worker1,0,0.17023730278015137,0.3215615749359131,0.0
model_1,771,1,0.37443971633911133,9,1,0,0,0.7788178324699402,0.20846080780029297,0.16597890853881836,0.44327271199110607,worker2,worker2,worker2,0,0.0,0.20846080780029297,0.0
model_1,772,1,0.6121087074279785,6,6,1,1,0.5798835158348083,0.4444119930267334,0.16769671440124512,0.27396557566692764,worker2,worker2,worker2,0,0.0,0.4444119930267334,0.0
model_1,773,1,0.473740816116333,9,9,1,1,0.9972987771034241,0.38306641578674316,0.09067440032958984,0.191400861494112,worker2,worker2,worker2,0,0.0,0.38306641578674316,0.0
model_1,774,1,0.2884867191314697,9,0,0,0,0.7983770966529846,0.20394635200500488,0.08454036712646484,0.29304769169612255,worker2,worker2,worker2,0,0.0,0.20394635200500488,0.0
model_1,775,1,0.3973226547241211,2,2,1,1,0.946825385093689,0.31207275390625,0.0852499008178711,0.2145608859808508,worker2,worker2,worker2,0,0.0,0.31207275390625,0.0
model_1,776,1,0.44753026962280273,6,6,1,1,0.9758502840995789,0.36292409896850586,0.08460617065429688,0.18905128076723504,worker2,worker2,worker2,0,0.0,0.36292409896850586,0.0
model_1,777,1,0.5944766998291016,2,2,1,2,0.9172086715698242,0.4431149959564209,0.15136170387268066,0.25461334971781685,worker2->worker1,worker2,worker1,0,0.07961177825927734,0.36350321769714355,0.0
model_1,778,1,0.31150174140930176,6,2,0,0,0.9756025075912476,0.2126765251159668,0.09882521629333496,0.3172541374768184,worker2,worker2,worker2,0,0.0,0.2126765251159668,0.0
model_1,779,1,0.3948342800140381,4,4,1,1,0.8960040807723999,0.31093263626098633,0.08390164375305176,0.212498377167425,worker2,worker2,worker2,0,0.0,0.31093263626098633,0.0
model_1,780,1,0.2955183982849121,8,8,1,0,0.9946687817573547,0.21070098876953125,0.08481740951538086,0.2870122808178176,worker2,worker2,worker2,0,0.0,0.21070098876953125,0.0
model_1,781,1,0.39524078369140625,6,6,1,0,0.9780844449996948,0.24079179763793945,0.1544489860534668,0.3907718849531899,worker2,worker2,worker2,0,0.0,0.24079179763793945,0.0
model_1,782,1,0.3069455623626709,1,1,1,0,0.9987732768058777,0.21094489097595215,0.09600067138671875,0.3127612292152618,worker2,worker2,worker2,0,0.0,0.21094489097595215,0.0
model_1,783,1,0.2951514720916748,5,5,1,0,0.9501006603240967,0.2095048427581787,0.0856466293334961,0.2901785606100383,worker2,worker2,worker2,0,0.0,0.2095048427581787,0.0
model_1,784,1,0.3962390422821045,7,7,1,1,0.8181398510932922,0.3101673126220703,0.08607172966003418,0.2172217284907401,worker2,worker2,worker2,0,0.0,0.3101673126220703,0.0
model_1,785,1,0.3099942207336426,7,7,1,0,0.9836546778678894,0.2095475196838379,0.10044670104980469,0.32402765707078085,worker2,worker2,worker2,0,0.0,0.2095475196838379,0.0
model_1,786,1,0.9469430446624756,7,2,0,3,0.37730681896209717,0.7083287239074707,0.23861432075500488,0.25198381476053355,worker2->worker1->worker3,worker2,worker3,0,0.1796574592590332,0.42889833450317383,0.09977293014526367
model_1,787,1,0.3527853488922119,4,4,1,0,0.7057870626449585,0.1991560459136963,0.15362930297851562,0.43547529244320937,worker2,worker2,worker2,0,0.0,0.1991560459136963,0.0
model_1,788,1,0.5951154232025146,3,3,1,1,0.9942703247070312,0.4371528625488281,0.15796256065368652,0.26543180447859555,worker2,worker2,worker2,0,0.0,0.4371528625488281,0.0
model_1,789,1,0.36857175827026367,0,0,1,0,0.7081459760665894,0.2777559757232666,0.09081578254699707,0.2463991895993407,worker2,worker2,worker2,0,0.0,0.2777559757232666,0.0
model_1,790,1,0.2868540287017822,9,1,0,0,0.7815036177635193,0.20397305488586426,0.08288097381591797,0.28893083423305266,worker2,worker2,worker2,0,0.0,0.20397305488586426,0.0
model_1,791,1,0.2895333766937256,8,8,1,0,0.9953534603118896,0.20520281791687012,0.08433055877685547,0.2912636869015004,worker2,worker2,worker2,0,0.0,0.20520281791687012,0.0
model_1,792,1,0.2866368293762207,3,5,0,0,0.7159207463264465,0.20363879203796387,0.08299803733825684,0.2895581754754866,worker2,worker2,worker2,0,0.0,0.20363879203796387,0.0
model_1,793,1,0.7447769641876221,8,8,1,3,0.818273663520813,0.5569839477539062,0.18779301643371582,0.2521466498880698,worker2->worker1->worker3,worker2,worker3,0,0.0975182056427002,0.35863447189331055,0.10083127021789551
model_1,794,1,0.2834157943725586,8,8,1,0,0.9602935910224915,0.20032095909118652,0.08309483528137207,0.29319055935231825,worker2,worker2,worker2,0,0.0,0.20032095909118652,0.0
model_1,795,1,0.2915160655975342,6,6,1,0,0.9941253662109375,0.2073531150817871,0.08416295051574707,0.2887077607309028,worker2,worker2,worker2,0,0.0,0.2073531150817871,0.0
model_1,796,1,0.29218029975891113,2,2,1,0,0.7738102674484253,0.20839619636535645,0.08378410339355469,0.28675479990501784,worker2,worker2,worker2,0,0.0,0.20839619636535645,0.0
model_1,797,1,0.2970085144042969,9,9,1,0,0.9621953964233398,0.2121565341949463,0.08485198020935059,0.2856887129297833,worker2,worker2,worker2,0,0.0,0.2121565341949463,0.0
model_1,798,1,0.28711366653442383,5,3,0,0,0.8123048543930054,0.20296502113342285,0.08414864540100098,0.293084778640838,worker2,worker2,worker2,0,0.0,0.20296502113342285,0.0
model_1,799,1,0.34732985496520996,4,4,1,0,0.7112162113189697,0.19522643089294434,0.15210342407226562,0.4379221132243324,worker2,worker2,worker2,0,0.0,0.19522643089294434,0.0
model_1,800,1,0.4551820755004883,4,5,0,1,0.70713210105896,0.3614387512207031,0.09374332427978516,0.20594687120908958,worker2,worker2,worker2,0,0.0,0.3614387512207031,0.0
model_1,801,1,0.3366858959197998,1,1,1,0,0.9981746673583984,0.22643804550170898,0.11024785041809082,0.3274501597903358,worker2,worker2,worker2,0,0.0,0.22643804550170898,0.0
model_1,802,1,0.33473849296569824,2,2,1,0,0.542796790599823,0.2485640048980713,0.08617448806762695,0.25743823874016647,worker2,worker2,worker2,0,0.0,0.2485640048980713,0.0
model_1,803,1,0.30922698974609375,6,6,1,0,0.7809211611747742,0.2112407684326172,0.09798622131347656,0.3168747378549752,worker2,worker2,worker2,0,0.0,0.2112407684326172,0.0
model_1,804,1,0.4155733585357666,8,8,1,0,0.9895045757293701,0.2539947032928467,0.16157865524291992,0.38880898383916385,worker2,worker2,worker2,0,0.0,0.2539947032928467,0.0
model_1,805,1,0.3142271041870117,0,0,1,0,0.8824856877326965,0.2174685001373291,0.09675860404968262,0.30792570965519545,worker2,worker2,worker2,0,0.0,0.2174685001373291,0.0
model_1,806,1,0.29134058952331543,5,6,0,0,0.7221587300300598,0.20595479011535645,0.08538579940795898,0.2930789683224888,worker2,worker2,worker2,0,0.0,0.20595479011535645,0.0
model_1,807,1,0.2909815311431885,7,7,1,0,0.7162390947341919,0.20549511909484863,0.08548641204833984,0.29378638469763574,worker2,worker2,worker2,0,0.0,0.20549511909484863,0.0
model_1,808,1,0.35604119300842285,9,7,0,0,0.8276678919792175,0.20261359214782715,0.1534276008605957,0.43092654410065995,worker2,worker2,worker2,0,0.0,0.20261359214782715,0.0
model_1,809,1,0.5870492458343506,4,4,1,1,0.8810707926750183,0.4334886074066162,0.15356063842773438,0.2615805054131098,worker2,worker2,worker2,0,0.0,0.4334886074066162,0.0
model_1,810,1,0.37818312644958496,7,7,1,0,0.987514078617096,0.28011226654052734,0.09807085990905762,0.2593210882509622,worker2,worker2,worker2,0,0.0,0.28011226654052734,0.0
model_1,811,1,0.3979015350341797,4,4,1,1,0.9675742983818054,0.3130826950073242,0.08481884002685547,0.213165400378688,worker2,worker2,worker2,0,0.0,0.3130826950073242,0.0
model_1,812,1,0.29535365104675293,1,1,1,0,0.9189058542251587,0.20929169654846191,0.08606195449829102,0.2913861203113005,worker2,worker2,worker2,0,0.0,0.20929169654846191,0.0
model_1,813,1,0.2938399314880371,9,9,1,0,0.9827181696891785,0.21035361289978027,0.08348631858825684,0.28412176032533465,worker2,worker2,worker2,0,0.0,0.21035361289978027,0.0
model_1,814,1,0.40958738327026367,6,6,1,1,0.950019121170044,0.31943774223327637,0.0901496410369873,0.22009867666627472,worker2,worker2,worker2,0,0.0,0.31943774223327637,0.0
model_1,815,1,0.35118913650512695,1,1,1,0,0.5103880167007446,0.19935321807861328,0.15183591842651367,0.43234799327084833,worker2,worker2,worker2,0,0.0,0.19935321807861328,0.0
model_1,816,1,0.45453763008117676,0,0,1,1,0.8217294812202454,0.3637368679046631,0.09080076217651367,0.19976511550935264,worker2,worker2,worker2,0,0.0,0.3637368679046631,0.0
model_1,817,1,0.5784478187561035,9,9,1,1,0.7735835313796997,0.43885207176208496,0.13959574699401855,0.24132815868198068,worker2,worker2,worker2,0,0.0,0.43885207176208496,0.0
model_1,818,1,0.35544276237487793,7,7,1,0,0.9573854804039001,0.26106858253479004,0.09437417984008789,0.2655116092659483,worker2,worker2,worker2,0,0.0,0.26106858253479004,0.0
model_1,819,1,0.3363957405090332,0,0,1,0,0.9823976159095764,0.2509446144104004,0.08545112609863281,0.25401964355829354,worker2,worker2,worker2,0,0.0,0.2509446144104004,0.0
model_1,820,1,0.6576511859893799,6,0,0,2,0.8680863976478577,0.48456692695617676,0.17308425903320312,0.2631855042925418,worker2->worker1,worker2,worker1,0,0.16523098945617676,0.3193359375,0.0
model_1,821,1,0.28982019424438477,4,4,1,0,0.9651422500610352,0.20286250114440918,0.08695769309997559,0.30004014498261755,worker2,worker2,worker2,0,0.0,0.20286250114440918,0.0
model_1,822,1,0.3713533878326416,9,9,1,0,0.9796095490455627,0.2166450023651123,0.1547083854675293,0.4166069047342365,worker2,worker2,worker2,0,0.0,0.2166450023651123,0.0
model_1,823,1,0.3556063175201416,5,5,1,0,0.7279003858566284,0.20125675201416016,0.15434956550598145,0.4340461850687989,worker2,worker2,worker2,0,0.0,0.20125675201416016,0.0
model_1,824,1,0.5781676769256592,3,3,1,1,0.6952878832817078,0.4272189140319824,0.15094876289367676,0.2610812899405405,worker2,worker2,worker2,0,0.0,0.4272189140319824,0.0
model_1,825,1,0.3812839984893799,8,8,1,0,0.9989147186279297,0.2842075824737549,0.097076416015625,0.2546039603031726,worker2,worker2,worker2,0,0.0,0.2842075824737549,0.0
model_1,826,1,0.7138020992279053,7,7,1,2,0.999890923500061,0.5416388511657715,0.1721632480621338,0.2411918489009163,worker2->worker1,worker2,worker1,0,0.18804025650024414,0.35359859466552734,0.0
model_1,827,1,0.390596866607666,3,3,1,1,0.7636070847511292,0.3055429458618164,0.08505392074584961,0.21775372005552157,worker2,worker2,worker2,0,0.0,0.3055429458618164,0.0
model_1,828,1,0.4135749340057373,6,6,1,0,0.9253420829772949,0.25850844383239746,0.15506649017333984,0.3749417032396569,worker2,worker2,worker2,0,0.0,0.25850844383239746,0.0
model_1,829,1,0.3183126449584961,9,9,1,0,0.9814460873603821,0.22269487380981445,0.09561777114868164,0.3003894839337877,worker2,worker2,worker2,0,0.0,0.22269487380981445,0.0
model_1,830,1,0.2908658981323242,1,1,1,0,0.9585636258125305,0.2066357135772705,0.08423018455505371,0.28958425547959804,worker2,worker2,worker2,0,0.0,0.2066357135772705,0.0
model_1,831,1,0.3525826930999756,8,8,1,0,0.9367424249649048,0.2003917694091797,0.1521909236907959,0.4316460412526313,worker2,worker2,worker2,0,0.0,0.2003917694091797,0.0
model_1,832,1,0.5716331005096436,6,6,1,1,0.9188959002494812,0.4157838821411133,0.15584921836853027,0.27263854774956486,worker2,worker2,worker2,0,0.0,0.4157838821411133,0.0
model_1,833,1,0.3722522258758545,3,7,0,0,0.8370970487594604,0.26880717277526855,0.10344505310058594,0.2778896831501679,worker2,worker2,worker2,0,0.0,0.26880717277526855,0.0
model_1,834,1,0.2906160354614258,9,9,1,0,0.9917598366737366,0.2062220573425293,0.08439397811889648,0.2903968392002179,worker2,worker2,worker2,0,0.0,0.2062220573425293,0.0
model_1,835,1,0.3830432891845703,6,2,0,1,0.8276149034500122,0.2982807159423828,0.0847625732421875,0.22128719033984812,worker2,worker2,worker2,0,0.0,0.2982807159423828,0.0
model_1,836,1,0.38982152938842773,1,1,1,1,0.9581461548805237,0.3047945499420166,0.08502697944641113,0.21811771037840283,worker2,worker2,worker2,0,0.0,0.3047945499420166,0.0
model_1,837,1,0.2953622341156006,8,8,1,0,0.9714372158050537,0.20871424674987793,0.08664798736572266,0.2933617685591106,worker2,worker2,worker2,0,0.0,0.20871424674987793,0.0
model_1,838,1,0.3975241184234619,4,4,1,0,0.9701001048088074,0.24162030220031738,0.15590381622314453,0.3921870623635174,worker2,worker2,worker2,0,0.0,0.24162030220031738,0.0
model_1,839,1,0.3024251461029053,8,8,1,0,0.9751545190811157,0.20975279808044434,0.09267234802246094,0.3064306960471058,worker2,worker2,worker2,0,0.0,0.20975279808044434,0.0
model_1,840,1,0.3866910934448242,4,4,1,1,0.9919043183326721,0.3023366928100586,0.08435440063476562,0.21814415192058698,worker2,worker2,worker2,0,0.0,0.3023366928100586,0.0
model_1,841,1,0.29596662521362305,3,3,1,0,0.9115508794784546,0.21091580390930176,0.08505082130432129,0.28736625706676633,worker2,worker2,worker2,0,0.0,0.21091580390930176,0.0
model_1,842,1,0.4422328472137451,0,0,1,1,0.9576194882392883,0.3578355312347412,0.0843973159790039,0.19084361668461053,worker2,worker2,worker2,0,0.0,0.3578355312347412,0.0
model_1,843,1,0.7325224876403809,9,9,1,1,0.9985526204109192,0.5804224014282227,0.1521000862121582,0.20763879441040325,worker2,worker2,worker2,0,0.0,0.5804224014282227,0.0
model_1,844,1,0.4762308597564697,0,0,1,0,0.9937240481376648,0.3710494041442871,0.10518145561218262,0.22086232644807874,worker2,worker2,worker2,0,0.0,0.3710494041442871,0.0
model_1,845,1,0.43968963623046875,5,8,0,1,0.7499812245368958,0.35496091842651367,0.08472871780395508,0.19270119380194686,worker2,worker2,worker2,0,0.0,0.35496091842651367,0.0
model_1,846,1,0.29145050048828125,8,0,0,0,0.5696419477462769,0.2078263759613037,0.08362412452697754,0.2869239352372975,worker2,worker2,worker2,0,0.0,0.2078263759613037,0.0
model_1,847,1,0.3955955505371094,3,3,1,1,0.9144270420074463,0.3121178150177002,0.08347773551940918,0.211017882799919,worker2,worker2,worker2,0,0.0,0.3121178150177002,0.0
model_1,848,1,0.2866933345794678,5,5,1,0,0.8536288142204285,0.20380377769470215,0.08288955688476562,0.28912272064626493,worker2,worker2,worker2,0,0.0,0.20380377769470215,0.0
model_1,849,1,0.43795084953308105,6,6,1,1,0.9694939255714417,0.354703426361084,0.08324742317199707,0.19008394037995557,worker2,worker2,worker2,0,0.0,0.354703426361084,0.0
model_1,850,1,0.40466856956481934,4,2,0,0,0.7836918830871582,0.25168275833129883,0.1529858112335205,0.37805212151277645,worker2,worker2,worker2,0,0.0,0.25168275833129883,0.0
model_1,851,1,0.30528903007507324,9,1,0,0,0.8195995688438416,0.2111203670501709,0.09416866302490234,0.30845740838360763,worker2,worker2,worker2,0,0.0,0.2111203670501709,0.0
model_1,852,1,0.3934791088104248,8,0,0,1,0.5731087923049927,0.3089897632598877,0.08448934555053711,0.21472384088183807,worker2,worker2,worker2,0,0.0,0.3089897632598877,0.0
model_1,853,1,0.4313666820526123,7,7,1,1,0.8268629908561707,0.34035158157348633,0.09101510047912598,0.21099242075451988,worker2,worker2,worker2,0,0.0,0.34035158157348633,0.0
model_1,854,1,0.29681968688964844,2,2,1,0,0.8713181018829346,0.20632624626159668,0.09049344062805176,0.30487681452778903,worker2,worker2,worker2,0,0.0,0.20632624626159668,0.0
model_1,855,1,0.9916057586669922,2,2,1,3,0.8632214069366455,0.7755594253540039,0.21604633331298828,0.21787523057895272,worker2->worker1->worker3,worker2,worker3,0,0.20134544372558594,0.4743340015411377,0.09987998008728027
model_1,856,1,0.8664810657501221,2,1,0,3,0.49312588572502136,0.6874198913574219,0.1790611743927002,0.20665330319443853,worker2->worker1->worker3,worker2,worker3,0,0.16116023063659668,0.4257781505584717,0.10048151016235352
model_1,857,1,0.5225834846496582,5,5,1,1,0.9951006770133972,0.3865828514099121,0.1360006332397461,0.26024671126168747,worker2,worker2,worker2,0,0.0,0.3865828514099121,0.0
model_1,858,1,0.3411858081817627,6,6,1,0,0.9470562934875488,0.24248862266540527,0.09869718551635742,0.28927693693454465,worker2,worker2,worker2,0,0.0,0.24248862266540527,0.0
model_1,859,1,0.3863186836242676,3,3,1,1,0.9157276153564453,0.3029460906982422,0.08337259292602539,0.21581299704135803,worker2,worker2,worker2,0,0.0,0.3029460906982422,0.0
model_1,860,1,0.28772735595703125,8,8,1,0,0.9067682027816772,0.2020401954650879,0.08568716049194336,0.2978067907618063,worker2,worker2,worker2,0,0.0,0.2020401954650879,0.0
model_1,861,1,0.6399297714233398,7,7,1,2,0.789166271686554,0.48876237869262695,0.1511673927307129,0.23622497261611142,worker2->worker1,worker2,worker1,0,0.18275666236877441,0.30600571632385254,0.0
model_1,862,1,0.6330535411834717,2,2,1,2,0.885890781879425,0.4839773178100586,0.14907622337341309,0.23548754358868326,worker2->worker1,worker2,worker1,0,0.1764535903930664,0.3075237274169922,0.0
model_1,863,1,0.40088820457458496,9,8,0,1,0.8500019311904907,0.311521053314209,0.08936715126037598,0.22292287535676117,worker2,worker2,worker2,0,0.0,0.311521053314209,0.0
model_1,864,1,0.3592967987060547,3,5,0,0,0.8205422163009644,0.2016286849975586,0.1576681137084961,0.43882415394824154,worker2,worker2,worker2,0,0.0,0.2016286849975586,0.0
model_1,865,1,0.6121604442596436,3,3,1,2,0.6098963618278503,0.45694446563720703,0.15521597862243652,0.2535544073092752,worker2->worker1,worker2,worker1,0,0.16225528717041016,0.2946891784667969,0.0
model_1,866,1,0.40632104873657227,3,3,1,1,0.9940472841262817,0.31769227981567383,0.08862876892089844,0.21812497579557738,worker2,worker2,worker2,0,0.0,0.31769227981567383,0.0
model_1,867,1,0.3672170639038086,5,5,1,0,0.7528488039970398,0.20884346961975098,0.15837359428405762,0.4312805962784537,worker2,worker2,worker2,0,0.0,0.20884346961975098,0.0
model_1,868,1,0.2883431911468506,3,3,1,0,0.7891257405281067,0.2014634609222412,0.08687973022460938,0.3013066820792807,worker2,worker2,worker2,0,0.0,0.2014634609222412,0.0
model_1,869,1,0.29691314697265625,5,5,1,0,0.9644933938980103,0.21012258529663086,0.08679056167602539,0.29230959477863144,worker2,worker2,worker2,0,0.0,0.21012258529663086,0.0
model_1,870,1,0.32309889793395996,8,8,1,0,0.9997844099998474,0.20965170860290527,0.11344718933105469,0.3511221797922778,worker2,worker2,worker2,0,0.0,0.20965170860290527,0.0
model_1,871,1,0.28002405166625977,6,6,1,0,0.8957427740097046,0.19335031509399414,0.08667373657226562,0.30952247157528356,worker2,worker2,worker2,0,0.0,0.19335031509399414,0.0
model_1,872,1,0.44191980361938477,3,5,0,1,0.6523857116699219,0.35564279556274414,0.08627700805664062,0.19523227370672214,worker2,worker2,worker2,0,0.0,0.35564279556274414,0.0
model_1,873,1,0.5101597309112549,1,1,1,1,0.7055109143257141,0.3564412593841553,0.1537184715270996,0.3013143966744012,worker2,worker2,worker2,0,0.0,0.3564412593841553,0.0
model_1,874,1,0.8947937488555908,7,7,1,3,0.8749681115150452,0.6796925067901611,0.2151012420654297,0.24039198121414737,worker2->worker1->worker3,worker2,worker3,0,0.157728910446167,0.41546034812927246,0.10650324821472168
model_1,875,1,0.42012953758239746,0,0,1,1,0.9879173636436462,0.33331942558288574,0.08681011199951172,0.20662701437050515,worker2,worker2,worker2,0,0.0,0.33331942558288574,0.0
model_1,876,1,0.29664015769958496,7,7,1,0,0.8595761656761169,0.2034468650817871,0.09319329261779785,0.31416276656708453,worker2,worker2,worker2,0,0.0,0.2034468650817871,0.0
model_1,877,1,0.3849048614501953,7,0,0,1,0.6035557985305786,0.300717830657959,0.08418703079223633,0.2187216614387441,worker2,worker2,worker2,0,0.0,0.300717830657959,0.0
model_1,878,1,0.28509092330932617,1,1,1,0,0.944318950176239,0.20067930221557617,0.08441162109375,0.2960866663656024,worker2,worker2,worker2,0,0.0,0.20067930221557617,0.0
model_1,879,1,0.2799806594848633,6,6,1,0,0.9860767126083374,0.19442415237426758,0.0855565071105957,0.30558006137999394,worker2,worker2,worker2,0,0.0,0.19442415237426758,0.0
model_1,880,1,0.39427995681762695,8,8,1,0,0.8713767528533936,0.23723697662353516,0.1570429801940918,0.39830322966868836,worker2,worker2,worker2,0,0.0,0.23723697662353516,0.0
model_1,881,1,0.30762505531311035,6,4,0,0,0.9465590715408325,0.21837806701660156,0.08924698829650879,0.2901161227120152,worker2,worker2,worker2,0,0.0,0.21837806701660156,0.0
model_1,882,1,0.35452818870544434,7,7,1,0,0.5066864490509033,0.20077896118164062,0.1537492275238037,0.4336727865990495,worker2,worker2,worker2,0,0.0,0.20077896118164062,0.0
model_1,883,1,0.46173882484436035,9,9,1,1,0.8224159479141235,0.3673262596130371,0.09441256523132324,0.20447179260515327,worker2,worker2,worker2,0,0.0,0.3673262596130371,0.0
model_1,884,1,0.3201010227203369,5,7,0,0,0.7000274658203125,0.21992921829223633,0.10017180442810059,0.31293809553247764,worker2,worker2,worker2,0,0.0,0.21992921829223633,0.0
model_1,885,1,0.2899789810180664,1,1,1,0,0.9496243000030518,0.20459508895874023,0.08538389205932617,0.2944485554075609,worker2,worker2,worker2,0,0.0,0.20459508895874023,0.0
model_1,886,1,0.2849922180175781,6,6,1,0,0.7476658225059509,0.2004709243774414,0.08452129364013672,0.29657404061090364,worker2,worker2,worker2,0,0.0,0.2004709243774414,0.0
model_1,887,1,0.6919691562652588,7,1,0,2,0.9099015593528748,0.5397703647613525,0.15219879150390625,0.21995025374449279,worker2->worker1,worker2,worker1,0,0.17812490463256836,0.3616454601287842,0.0
model_1,888,1,0.3895542621612549,6,2,0,1,0.6415137052536011,0.3042428493499756,0.0853114128112793,0.218997508429172,worker2,worker2,worker2,0,0.0,0.3042428493499756,0.0
model_1,889,1,0.4213535785675049,0,1,0,1,0.8952867984771729,0.3351428508758545,0.08621072769165039,0.20460423757345306,worker2,worker2,worker2,0,0.0,0.3351428508758545,0.0
model_1,890,1,0.6565587520599365,3,3,1,1,0.8414563536643982,0.5030715465545654,0.1534872055053711,0.2337752790954486,worker2,worker2,worker2,0,0.0,0.5030715465545654,0.0
model_1,891,1,0.427501916885376,2,2,1,0,0.7952687740325928,0.3166534900665283,0.11084842681884766,0.25929340300143944,worker2,worker2,worker2,0,0.0,0.3166534900665283,0.0
model_1,892,1,0.3058011531829834,3,3,1,0,0.49151092767715454,0.21822333335876465,0.08757781982421875,0.2863881280781648,worker2,worker2,worker2,0,0.0,0.21822333335876465,0.0
model_1,893,1,0.43403100967407227,5,5,1,1,0.7653442621231079,0.3069627285003662,0.12706828117370605,0.29276313982525276,worker2,worker2,worker2,0,0.0,0.3069627285003662,0.0
model_1,894,1,0.2855682373046875,1,3,0,0,0.7568740844726562,0.20218253135681152,0.08338570594787598,0.2919992318995458,worker2,worker2,worker2,0,0.0,0.20218253135681152,0.0
model_1,895,1,0.27911806106567383,3,4,0,0,0.9081926941871643,0.19527745246887207,0.08384060859680176,0.30037686660869595,worker2,worker2,worker2,0,0.0,0.19527745246887207,0.0
model_1,896,1,0.29154062271118164,9,9,1,0,0.932708203792572,0.20827460289001465,0.08326601982116699,0.28560692176217073,worker2,worker2,worker2,0,0.0,0.20827460289001465,0.0
model_1,897,1,0.28130340576171875,2,2,1,0,0.6758894324302673,0.19748878479003906,0.08381462097167969,0.2979509641723848,worker2,worker2,worker2,0,0.0,0.19748878479003906,0.0
model_1,898,1,0.28548574447631836,4,4,1,0,0.8522696495056152,0.20143795013427734,0.08404779434204102,0.2944027713054967,worker2,worker2,worker2,0,0.0,0.20143795013427734,0.0
model_1,899,1,0.454866886138916,3,3,1,1,0.895552396774292,0.3704183101654053,0.08444857597351074,0.18565558088948292,worker2,worker2,worker2,0,0.0,0.3704183101654053,0.0
model_1,900,1,0.3555419445037842,3,3,1,0,0.7217777967453003,0.20147442817687988,0.1540675163269043,0.43333147806774314,worker2,worker2,worker2,0,0.0,0.20147442817687988,0.0
model_1,901,1,0.39361023902893066,0,0,1,1,0.9310781359672546,0.3068532943725586,0.08675694465637207,0.22041333292144202,worker2,worker2,worker2,0,0.0,0.3068532943725586,0.0
model_1,902,1,0.566669225692749,3,2,0,1,0.7276085615158081,0.4697890281677246,0.09688019752502441,0.1709642823934705,worker2,worker2,worker2,0,0.0,0.4697890281677246,0.0
model_1,903,1,0.3573110103607178,5,5,1,0,0.9403756856918335,0.2574152946472168,0.09989571571350098,0.2795763713316665,worker2,worker2,worker2,0,0.0,0.2574152946472168,0.0
model_1,904,1,0.2935829162597656,9,1,0,0,0.9278730750083923,0.20931291580200195,0.08427000045776367,0.287039864346877,worker2,worker2,worker2,0,0.0,0.20931291580200195,0.0
model_1,905,1,0.2849617004394531,5,5,1,0,0.9618303179740906,0.20172476768493652,0.0832369327545166,0.2920986666845156,worker2,worker2,worker2,0,0.0,0.20172476768493652,0.0
model_1,906,1,0.3351268768310547,7,7,1,0,0.9874047636985779,0.2509438991546631,0.0841829776763916,0.25119733299943653,worker2,worker2,worker2,0,0.0,0.2509438991546631,0.0
model_1,907,1,0.47950172424316406,7,2,0,1,0.7241151928901672,0.3885345458984375,0.09096717834472656,0.1897118899589096,worker2,worker2,worker2,0,0.0,0.3885345458984375,0.0
model_1,908,1,0.2961139678955078,1,1,1,0,0.8981431126594543,0.20940947532653809,0.08670449256896973,0.29280784417290934,worker2,worker2,worker2,0,0.0,0.20940947532653809,0.0
model_1,909,1,0.4807555675506592,4,4,1,1,0.9281070232391357,0.3905603885650635,0.0901951789855957,0.1876113041084885,worker2,worker2,worker2,0,0.0,0.3905603885650635,0.0
model_1,910,1,0.30352163314819336,1,1,1,0,0.989992082118988,0.2108616828918457,0.09265995025634766,0.3052828534666811,worker2,worker2,worker2,0,0.0,0.2108616828918457,0.0
model_1,911,1,0.29396581649780273,3,3,1,0,0.8967618346214294,0.2034139633178711,0.09055185317993164,0.3080353160062353,worker2,worker2,worker2,0,0.0,0.2034139633178711,0.0
model_1,912,1,0.46950602531433105,5,5,1,1,0.575481653213501,0.3820786476135254,0.08742737770080566,0.18621140728124552,worker2,worker2,worker2,0,0.0,0.3820786476135254,0.0
model_1,913,1,0.3009202480316162,6,6,1,0,0.8891629576683044,0.21413373947143555,0.08678650856018066,0.2884036854544345,worker2,worker2,worker2,0,0.0,0.21413373947143555,0.0
model_1,914,1,0.2998964786529541,7,7,1,0,0.9591258764266968,0.19754314422607422,0.10235333442687988,0.3412955526741116,worker2,worker2,worker2,0,0.0,0.19754314422607422,0.0
model_1,915,1,0.35961413383483887,9,9,1,0,0.9723881483078003,0.20543360710144043,0.15418052673339844,0.42873878478928035,worker2,worker2,worker2,0,0.0,0.20543360710144043,0.0
model_1,916,1,0.4116547107696533,0,0,1,1,0.8636609315872192,0.3217744827270508,0.08988022804260254,0.2183388788981846,worker2,worker2,worker2,0,0.0,0.3217744827270508,0.0
model_1,917,1,0.5976598262786865,9,1,0,2,0.9318526983261108,0.4394874572753906,0.1581723690032959,0.26465283769891657,worker2->worker1,worker2,worker1,0,0.0829312801361084,0.3565561771392822,0.0
model_1,918,1,0.2954258918762207,1,1,1,0,0.807328462600708,0.2087571620941162,0.08666872978210449,0.2933687674823623,worker2,worker2,worker2,0,0.0,0.2087571620941162,0.0
model_1,919,1,0.34497880935668945,4,4,1,0,0.9375747442245483,0.26072096824645996,0.08425784111022949,0.244240628192068,worker2,worker2,worker2,0,0.0,0.26072096824645996,0.0
model_1,920,1,0.3200676441192627,1,1,1,0,0.9590907096862793,0.20726633071899414,0.11280131340026855,0.35242960503135656,worker2,worker2,worker2,0,0.0,0.20726633071899414,0.0
model_1,921,1,0.3352177143096924,0,0,1,0,0.9081861972808838,0.21854662895202637,0.11667108535766602,0.34804570396264595,worker2,worker2,worker2,0,0.0,0.21854662895202637,0.0
model_1,922,1,0.47767138481140137,3,3,1,1,0.9234074354171753,0.3838822841644287,0.09378910064697266,0.1963464918125739,worker2,worker2,worker2,0,0.0,0.3838822841644287,0.0
model_1,923,1,0.3223435878753662,0,0,1,0,0.8898136615753174,0.21911096572875977,0.10323262214660645,0.3202564779620224,worker2,worker2,worker2,0,0.0,0.21911096572875977,0.0
model_1,924,1,0.2914254665374756,1,1,1,0,0.8715388774871826,0.20588374137878418,0.0855417251586914,0.2935286547707774,worker2,worker2,worker2,0,0.0,0.20588374137878418,0.0
model_1,925,1,0.3530311584472656,8,3,0,0,0.998921275138855,0.20148921012878418,0.15154194831848145,0.42925941433897025,worker2,worker2,worker2,0,0.0,0.20148921012878418,0.0
model_1,926,1,0.6066033840179443,5,3,0,2,0.7671732306480408,0.4472677707672119,0.15933561325073242,0.26266852023697085,worker2->worker1,worker2,worker1,0,0.13625192642211914,0.3110158443450928,0.0
model_1,927,1,0.29826998710632324,2,2,1,0,0.8445446491241455,0.21180057525634766,0.08646941184997559,0.28990316018336815,worker2,worker2,worker2,0,0.0,0.21180057525634766,0.0
model_1,928,1,0.3711869716644287,8,8,1,0,0.9496300220489502,0.21705293655395508,0.15413403511047363,0.41524634989026066,worker2,worker2,worker2,0,0.0,0.21705293655395508,0.0
model_1,929,1,0.3621518611907959,8,8,1,0,0.8618020415306091,0.20747041702270508,0.15468144416809082,0.4271176286640662,worker2,worker2,worker2,0,0.0,0.20747041702270508,0.0
model_1,930,1,0.4978821277618408,1,1,1,1,0.9232379198074341,0.33959293365478516,0.15828919410705566,0.31792503743531125,worker2,worker2,worker2,0,0.0,0.33959293365478516,0.0
model_1,931,1,0.45580053329467773,3,0,0,1,0.7966159582138062,0.34839487075805664,0.1074056625366211,0.23564180971939033,worker2,worker2,worker2,0,0.0,0.34839487075805664,0.0
model_1,932,1,0.3996315002441406,6,6,1,0,0.947594404220581,0.29474568367004395,0.10488581657409668,0.26245632916829736,worker2,worker2,worker2,0,0.0,0.29474568367004395,0.0
model_1,933,1,0.40426158905029297,6,6,1,0,0.9822300672531128,0.24210405349731445,0.16215753555297852,0.40112031403707016,worker2,worker2,worker2,0,0.0,0.24210405349731445,0.0
model_1,934,1,0.29726624488830566,9,9,1,0,0.8867653608322144,0.20945048332214355,0.08781576156616211,0.2954111443065386,worker2,worker2,worker2,0,0.0,0.20945048332214355,0.0
model_1,935,1,0.40140390396118164,0,0,1,1,0.9232725501060486,0.31567883491516113,0.08572506904602051,0.21356311734902977,worker2,worker2,worker2,0,0.0,0.31567883491516113,0.0
model_1,936,1,0.31177806854248047,8,8,1,0,0.9970070719718933,0.2076282501220703,0.10414981842041016,0.33405113742379705,worker2,worker2,worker2,0,0.0,0.2076282501220703,0.0
model_1,937,1,0.40354156494140625,3,5,0,1,0.6683067083358765,0.31455039978027344,0.08899116516113281,0.22052540033652845,worker2,worker2,worker2,0,0.0,0.31455039978027344,0.0
model_1,938,1,0.4567902088165283,3,0,0,1,0.7230833768844604,0.3637857437133789,0.09300446510314941,0.20360433150287827,worker2,worker2,worker2,0,0.0,0.3637857437133789,0.0
model_1,939,1,0.30611276626586914,6,6,1,0,0.9353289604187012,0.21803951263427734,0.0880732536315918,0.2877150623476358,worker2,worker2,worker2,0,0.0,0.21803951263427734,0.0
model_1,940,1,0.2966787815093994,8,0,0,0,0.8568081259727478,0.21022701263427734,0.08645176887512207,0.2913985571711103,worker2,worker2,worker2,0,0.0,0.21022701263427734,0.0
model_1,941,1,0.44474124908447266,3,3,1,1,0.897663414478302,0.35512876510620117,0.08961248397827148,0.20149352946852653,worker2,worker2,worker2,0,0.0,0.35512876510620117,0.0
model_1,942,1,0.6316108703613281,8,8,1,1,0.9998879432678223,0.4723508358001709,0.15926003456115723,0.2521489765843465,worker2,worker2,worker2,0,0.0,0.4723508358001709,0.0
model_1,943,1,0.4257805347442627,6,4,0,0,0.7734686136245728,0.330904483795166,0.09487605094909668,0.2228285306797368,worker2,worker2,worker2,0,0.0,0.330904483795166,0.0
model_1,944,1,0.3123152256011963,8,8,1,0,0.9696007966995239,0.22436094284057617,0.08795428276062012,0.2816202206962888,worker2,worker2,worker2,0,0.0,0.22436094284057617,0.0
model_1,945,1,0.40140485763549805,9,9,1,1,0.9991631507873535,0.3177175521850586,0.08368730545043945,0.20848603064597943,worker2,worker2,worker2,0,0.0,0.3177175521850586,0.0
model_1,946,1,0.4463040828704834,5,5,1,1,0.8592778444290161,0.36066722869873047,0.08563685417175293,0.1918800599379786,worker2,worker2,worker2,0,0.0,0.36066722869873047,0.0
model_1,947,1,0.4061453342437744,3,4,0,1,0.8790554404258728,0.32043027877807617,0.08571505546569824,0.2110452792109408,worker2,worker2,worker2,0,0.0,0.32043027877807617,0.0
model_1,948,1,0.6871423721313477,4,4,1,1,0.9797154664993286,0.5321640968322754,0.15497827529907227,0.22554026877773167,worker2,worker2,worker2,0,0.0,0.5321640968322754,0.0
model_1,949,1,0.4597346782684326,0,0,1,0,0.8162775635719299,0.3520655632019043,0.10766911506652832,0.23419837605476834,worker2,worker2,worker2,0,0.0,0.3520655632019043,0.0
model_1,950,1,0.2881019115447998,6,3,0,0,0.7019926905632019,0.20161724090576172,0.08648467063903809,0.3001877709707238,worker2,worker2,worker2,0,0.0,0.20161724090576172,0.0
model_1,951,1,0.29149436950683594,9,1,0,0,0.8553737998008728,0.20830893516540527,0.08318543434143066,0.28537578438364947,worker2,worker2,worker2,0,0.0,0.20830893516540527,0.0
model_1,952,1,0.2855832576751709,4,7,0,0,0.687330424785614,0.20134711265563965,0.08423614501953125,0.2949617764895147,worker2,worker2,worker2,0,0.0,0.20134711265563965,0.0
model_1,953,1,0.29203319549560547,5,5,1,0,0.9118167161941528,0.2074878215789795,0.08454537391662598,0.28950603979504863,worker2,worker2,worker2,0,0.0,0.2074878215789795,0.0
model_1,954,1,0.2970578670501709,5,5,1,0,0.9302339553833008,0.207780122756958,0.08927774429321289,0.30053990887282084,worker2,worker2,worker2,0,0.0,0.207780122756958,0.0
model_1,955,1,0.2920823097229004,6,6,1,0,0.9015580415725708,0.20637154579162598,0.08571076393127441,0.2934472957728544,worker2,worker2,worker2,0,0.0,0.20637154579162598,0.0
model_1,956,1,0.3901865482330322,9,9,1,1,0.9970295429229736,0.30544257164001465,0.08474397659301758,0.2171883602261083,worker2,worker2,worker2,0,0.0,0.30544257164001465,0.0
model_1,957,1,0.29532790184020996,7,3,0,0,0.9190502166748047,0.21105313301086426,0.0842747688293457,0.2853599958020336,worker2,worker2,worker2,0,0.0,0.21105313301086426,0.0
model_1,958,1,0.35695695877075195,4,4,1,0,0.883860170841217,0.20537424087524414,0.1515827178955078,0.424652648368339,worker2,worker2,worker2,0,0.0,0.20537424087524414,0.0
model_1,959,1,0.6388039588928223,6,6,1,2,0.5975736379623413,0.4861905574798584,0.15261340141296387,0.2389049086005573,worker2->worker1,worker2,worker1,0,0.16490745544433594,0.32128310203552246,0.0
model_1,960,1,0.6287319660186768,3,4,0,2,0.6405245065689087,0.46909165382385254,0.15964031219482422,0.25390837562421953,worker2->worker1,worker2,worker1,0,0.16942238807678223,0.2996692657470703,0.0
model_1,961,1,0.4347095489501953,8,8,1,1,0.9529017806053162,0.3489408493041992,0.0857686996459961,0.1973011631631368,worker2,worker2,worker2,0,0.0,0.3489408493041992,0.0
model_1,962,1,0.31107068061828613,9,9,1,0,0.9934651255607605,0.21778559684753418,0.09328508377075195,0.29988388357699897,worker2,worker2,worker2,0,0.0,0.21778559684753418,0.0
model_1,963,1,0.3191816806793213,9,9,1,0,0.9822360277175903,0.23023080825805664,0.08895087242126465,0.2786841407437563,worker2,worker2,worker2,0,0.0,0.23023080825805664,0.0
model_1,964,1,0.413480281829834,4,4,1,1,0.8129672408103943,0.32505273818969727,0.08842754364013672,0.21386157339548464,worker2,worker2,worker2,0,0.0,0.32505273818969727,0.0
model_1,965,1,0.29346299171447754,4,4,1,0,0.7254711985588074,0.20661306381225586,0.08684992790222168,0.2959484853433295,worker2,worker2,worker2,0,0.0,0.20661306381225586,0.0
model_1,966,1,0.35240745544433594,3,5,0,0,0.6553635597229004,0.20072650909423828,0.15168094635009766,0.43041355682685384,worker2,worker2,worker2,0,0.0,0.20072650909423828,0.0
model_1,967,1,0.624701976776123,7,7,1,2,0.9958676099777222,0.47377681732177734,0.1509251594543457,0.241595456818017,worker2->worker1,worker2,worker1,0,0.15611004829406738,0.31766676902770996,0.0
model_1,968,1,0.5928037166595459,7,7,1,2,0.8807246088981628,0.4402177333831787,0.1525859832763672,0.25739714341905706,worker2->worker1,worker2,worker1,0,0.08566427230834961,0.3545534610748291,0.0
model_1,969,1,0.3022294044494629,3,3,1,0,0.7839606404304504,0.21287989616394043,0.08934950828552246,0.2956347296791996,worker2,worker2,worker2,0,0.0,0.21287989616394043,0.0
model_1,970,1,0.8965554237365723,3,0,0,3,0.9282718300819397,0.7026846408843994,0.19387078285217285,0.216239596258509,worker2->worker1->worker3,worker2,worker3,0,0.15770196914672852,0.424497127532959,0.12048554420471191
model_1,971,1,0.2885277271270752,0,0,1,0,0.9351568222045898,0.20148110389709473,0.08704662322998047,0.3016924026564797,worker2,worker2,worker2,0,0.0,0.20148110389709473,0.0
model_1,972,1,0.2941300868988037,1,1,1,0,0.998234748840332,0.20800161361694336,0.08612847328186035,0.2928244240158032,worker2,worker2,worker2,0,0.0,0.20800161361694336,0.0
model_1,973,1,0.63649582862854,8,8,1,2,0.47557616233825684,0.48720240592956543,0.1492934226989746,0.23455522563385484,worker2->worker1,worker2,worker1,0,0.17276620864868164,0.3144361972808838,0.0
model_1,974,1,0.9454896450042725,6,6,1,3,0.964743971824646,0.7086493968963623,0.23684024810791016,0.2504948090751855,worker2->worker1->worker3,worker2,worker3,0,0.19613909721374512,0.4108588695526123,0.10165143013000488
model_1,975,1,0.37750816345214844,5,7,0,1,0.9590764045715332,0.29166555404663086,0.08584260940551758,0.22739272343285014,worker2,worker2,worker2,0,0.0,0.29166555404663086,0.0
model_1,976,1,0.38574647903442383,0,3,0,1,0.780033528804779,0.30055713653564453,0.0851893424987793,0.22084282586848197,worker2,worker2,worker2,0,0.0,0.30055713653564453,0.0
model_1,977,1,0.6347131729125977,7,0,0,2,0.8458537459373474,0.48120856285095215,0.1535046100616455,0.24184878558174128,worker2->worker1,worker2,worker1,0,0.1622769832611084,0.31893157958984375,0.0
model_1,978,1,0.557476282119751,8,8,1,2,0.9857834577560425,0.4017171859741211,0.15575909614562988,0.2794003998759743,worker2->worker1,worker2,worker1,0,0.09859013557434082,0.3031270503997803,0.0
model_1,979,1,0.29895734786987305,7,7,1,0,0.9954715967178345,0.21172618865966797,0.08723115921020508,0.29178463025492896,worker2,worker2,worker2,0,0.0,0.21172618865966797,0.0
model_1,980,1,0.29208970069885254,1,1,1,0,0.9929037690162659,0.20750832557678223,0.08458137512207031,0.2895732883415652,worker2,worker2,worker2,0,0.0,0.20750832557678223,0.0
model_1,981,1,0.38873744010925293,3,8,0,1,0.8033937215805054,0.3031437397003174,0.08559370040893555,0.22018383509671674,worker2,worker2,worker2,0,0.0,0.3031437397003174,0.0
model_1,982,1,0.9225044250488281,8,8,1,3,0.8226637244224548,0.717418909072876,0.20508551597595215,0.22231385607185242,worker2->worker1->worker3,worker2,worker3,0,0.18409037590026855,0.424039363861084,0.10928916931152344
model_1,983,1,0.4085350036621094,1,1,1,0,0.9949172735214233,0.2508556842803955,0.15767931938171387,0.38596281338998084,worker2,worker2,worker2,0,0.0,0.2508556842803955,0.0
model_1,984,1,0.29157090187072754,6,6,1,0,0.8893921375274658,0.19973373413085938,0.09183716773986816,0.31497370674041264,worker2,worker2,worker2,0,0.0,0.19973373413085938,0.0
model_1,985,1,0.2874267101287842,0,0,1,0,0.7460129857063293,0.2031702995300293,0.08425641059875488,0.29314050375138423,worker2,worker2,worker2,0,0.0,0.2031702995300293,0.0
model_1,986,1,0.3909926414489746,4,4,1,1,0.8173848986625671,0.3069486618041992,0.08404397964477539,0.21495028482714632,worker2,worker2,worker2,0,0.0,0.3069486618041992,0.0
model_1,987,1,0.3955199718475342,3,1,0,1,0.7521197199821472,0.3099985122680664,0.08552145957946777,0.2162253885182687,worker2,worker2,worker2,0,0.0,0.3099985122680664,0.0
model_1,988,1,0.9401767253875732,4,3,0,3,0.7334305047988892,0.729785680770874,0.21039104461669922,0.22377818864848922,worker2->worker1->worker3,worker2,worker3,0,0.18584179878234863,0.4432041645050049,0.10073971748352051
model_1,989,1,0.47640538215637207,3,4,0,1,0.866999626159668,0.35020947456359863,0.12619590759277344,0.26489185957884864,worker2,worker2,worker2,0,0.0,0.35020947456359863,0.0
model_1,990,1,0.3262145519256592,7,4,0,0,0.7998475432395935,0.2308666706085205,0.09534788131713867,0.29228580011006816,worker2,worker2,worker2,0,0.0,0.2308666706085205,0.0
model_1,991,1,0.402327299118042,3,3,1,1,0.6941111087799072,0.31738734245300293,0.08493995666503906,0.2111215342613822,worker2,worker2,worker2,0,0.0,0.31738734245300293,0.0
model_1,992,1,0.4052886962890625,7,7,1,1,0.9982134103775024,0.3171651363372803,0.08812355995178223,0.21743404333421182,worker2,worker2,worker2,0,0.0,0.3171651363372803,0.0
model_1,993,1,0.30682969093322754,7,7,1,0,0.9686294198036194,0.21220660209655762,0.09462308883666992,0.3083896103694276,worker2,worker2,worker2,0,0.0,0.21220660209655762,0.0
model_1,994,1,0.290111780166626,0,0,1,0,0.5975388884544373,0.20636367797851562,0.08374810218811035,0.2886752897107782,worker2,worker2,worker2,0,0.0,0.20636367797851562,0.0
model_1,995,1,0.40652942657470703,3,5,0,1,0.630253255367279,0.3198864459991455,0.08664298057556152,0.2131284352662705,worker2,worker2,worker2,0,0.0,0.3198864459991455,0.0
model_1,996,1,0.5285420417785645,3,3,1,1,0.9969336986541748,0.4396226406097412,0.08891940116882324,0.16823524741684884,worker2,worker2,worker2,0,0.0,0.4396226406097412,0.0
model_1,997,1,0.3395721912384033,8,1,0,0,0.9583210945129395,0.24030017852783203,0.09927201271057129,0.292344353489404,worker2,worker2,worker2,0,0.0,0.24030017852783203,0.0
model_1,998,1,0.29478979110717773,2,7,0,0,0.8001179099082947,0.20884299278259277,0.08594679832458496,0.29155283160174633,worker2,worker2,worker2,0,0.0,0.20884299278259277,0.0
model_1,999,1,0.3908686637878418,0,2,0,1,0.8699676990509033,0.3065831661224365,0.08428549766540527,0.2156363645235943,worker2,worker2,worker2,0,0.0,0.3065831661224365,0.0
model_1,1000,1,0.4208400249481201,7,7,1,1,0.9574529528617859,0.3256983757019043,0.09514164924621582,0.22607557172810402,worker2,worker2,worker2,0,0.0,0.3256983757019043,0.0
model_1,1001,1,0.308422327041626,8,8,1,0,0.995518684387207,0.2062511444091797,0.10217118263244629,0.3312703837379997,worker2,worker2,worker2,0,0.0,0.2062511444091797,0.0
model_1,1002,1,0.3944277763366699,8,8,1,1,0.971634030342102,0.3105497360229492,0.0838780403137207,0.21265753921479735,worker2,worker2,worker2,0,0.0,0.3105497360229492,0.0
model_1,1003,1,0.40061402320861816,2,2,1,1,0.8552877306938171,0.31501126289367676,0.0856027603149414,0.21367889129124196,worker2,worker2,worker2,0,0.0,0.31501126289367676,0.0
model_1,1004,1,0.4000058174133301,7,7,1,1,0.8669686317443848,0.3140137195587158,0.08599209785461426,0.21497711810965425,worker2,worker2,worker2,0,0.0,0.3140137195587158,0.0
model_1,1005,1,0.6039226055145264,4,4,1,2,0.9610657095909119,0.4493110179901123,0.15461158752441406,0.2560122540746575,worker2->worker1,worker2,worker1,0,0.13293147087097168,0.3163795471191406,0.0
model_1,1006,1,0.2955963611602783,9,1,0,0,0.5235536098480225,0.20766830444335938,0.08792805671691895,0.29745987525618617,worker2,worker2,worker2,0,0.0,0.20766830444335938,0.0
model_1,1007,1,0.6592807769775391,2,2,1,2,0.9898982048034668,0.502089262008667,0.15719151496887207,0.23842878551611008,worker2->worker1,worker2,worker1,0,0.18367767333984375,0.31841158866882324,0.0
model_1,1008,1,0.3066277503967285,8,8,1,0,0.9964662790298462,0.20881199836730957,0.09781575202941895,0.3190048907930238,worker2,worker2,worker2,0,0.0,0.20881199836730957,0.0
model_1,1009,1,0.39383840560913086,0,4,0,1,0.7815663814544678,0.30832481384277344,0.08551359176635742,0.21712862572175426,worker2,worker2,worker2,0,0.0,0.30832481384277344,0.0
model_1,1010,1,0.6401331424713135,2,2,1,2,0.9957937002182007,0.48897337913513184,0.15115976333618164,0.23613800521655637,worker2->worker1,worker2,worker1,0,0.13062739372253418,0.35834598541259766,0.0
model_1,1011,1,0.2896301746368408,2,4,0,0,0.9427695870399475,0.20289373397827148,0.08673644065856934,0.2994730806875552,worker2,worker2,worker2,0,0.0,0.20289373397827148,0.0
model_1,1012,1,0.2929215431213379,9,9,1,0,0.7046113610267639,0.20871853828430176,0.08420300483703613,0.2874592422932732,worker2,worker2,worker2,0,0.0,0.20871853828430176,0.0
model_1,1013,1,0.45862412452697754,5,5,1,1,0.9537325501441956,0.36675453186035156,0.09186959266662598,0.20031565666411416,worker2,worker2,worker2,0,0.0,0.36675453186035156,0.0
model_1,1014,1,0.3959529399871826,9,9,1,0,0.8976165056228638,0.23229050636291504,0.16366243362426758,0.4133380942431328,worker2,worker2,worker2,0,0.0,0.23229050636291504,0.0
model_1,1015,1,0.30040621757507324,5,7,0,0,0.6824979186058044,0.20611143112182617,0.09429478645324707,0.3138909281386037,worker2,worker2,worker2,0,0.0,0.20611143112182617,0.0
model_1,1016,1,0.39534473419189453,6,6,1,1,0.8957473039627075,0.3107006549835205,0.08464407920837402,0.2141019517596231,worker2,worker2,worker2,0,0.0,0.3107006549835205,0.0
model_1,1017,1,0.4073920249938965,7,3,0,0,0.7805148959159851,0.2430119514465332,0.16438007354736328,0.40349359698395176,worker2,worker2,worker2,0,0.0,0.2430119514465332,0.0
model_1,1018,1,0.33281469345092773,7,7,1,0,0.9279646873474121,0.23843717575073242,0.09437751770019531,0.28357377110247967,worker2,worker2,worker2,0,0.0,0.23843717575073242,0.0
model_1,1019,1,0.28980326652526855,9,9,1,0,0.9761548042297363,0.20244693756103516,0.0873563289642334,0.3014332102313161,worker2,worker2,worker2,0,0.0,0.20244693756103516,0.0
model_1,1020,1,0.39912962913513184,5,5,1,1,0.995208203792572,0.31324100494384766,0.08588862419128418,0.21518979780427472,worker2,worker2,worker2,0,0.0,0.31324100494384766,0.0
model_1,1021,1,0.30415797233581543,6,6,1,0,0.9339561462402344,0.21088385581970215,0.09327411651611328,0.3066633953396131,worker2,worker2,worker2,0,0.0,0.21088385581970215,0.0
model_1,1022,1,0.37068819999694824,5,5,1,0,0.8496706485748291,0.21744680404663086,0.15324139595031738,0.413397016553478,worker2,worker2,worker2,0,0.0,0.21744680404663086,0.0
model_1,1023,1,0.2942080497741699,3,3,1,0,0.727769136428833,0.20504355430603027,0.08916449546813965,0.30306613138757116,worker2,worker2,worker2,0,0.0,0.20504355430603027,0.0
model_1,1024,1,0.44272518157958984,7,7,1,1,0.5199785828590393,0.3576803207397461,0.08504486083984375,0.19209402215707266,worker2,worker2,worker2,0,0.0,0.3576803207397461,0.0
model_1,1025,1,0.4433474540710449,4,4,1,1,0.9510788917541504,0.3536839485168457,0.08966350555419922,0.20224206709853113,worker2,worker2,worker2,0,0.0,0.3536839485168457,0.0
model_1,1026,1,0.31031227111816406,2,2,1,0,0.9032521843910217,0.21200227737426758,0.09830999374389648,0.31680988118726683,worker2,worker2,worker2,0,0.0,0.21200227737426758,0.0
model_1,1027,1,0.2858588695526123,0,0,1,0,0.9103913307189941,0.2015819549560547,0.08427691459655762,0.29482000935796204,worker2,worker2,worker2,0,0.0,0.2015819549560547,0.0
model_1,1028,1,0.2944357395172119,8,8,1,0,0.9792120456695557,0.20876002311706543,0.08567571640014648,0.29098273375585954,worker2,worker2,worker2,0,0.0,0.20876002311706543,0.0
model_1,1029,1,0.6471836566925049,1,1,1,2,0.9428629279136658,0.48410487174987793,0.16307878494262695,0.25198223604109066,worker2->worker1,worker2,worker1,0,0.17009258270263672,0.3140122890472412,0.0
model_1,1030,1,0.3582632541656494,4,4,1,0,0.8048321008682251,0.20609736442565918,0.15216588973999023,0.4247320593745113,worker2,worker2,worker2,0,0.0,0.20609736442565918,0.0
model_1,1031,1,0.5793015956878662,9,9,1,1,0.5374962687492371,0.49007320404052734,0.08922839164733887,0.1540275260961236,worker2,worker2,worker2,0,0.0,0.49007320404052734,0.0
model_1,1032,1,0.36124420166015625,8,8,1,0,0.9990536570549011,0.2630634307861328,0.09818077087402344,0.2717850429787324,worker2,worker2,worker2,0,0.0,0.2630634307861328,0.0
model_1,1033,1,0.4367079734802246,0,0,1,1,0.6000587344169617,0.3537929058074951,0.08291506767272949,0.1898638740482812,worker2,worker2,worker2,0,0.0,0.3537929058074951,0.0
model_1,1034,1,0.39626026153564453,3,6,0,1,0.8689559698104858,0.3133995532989502,0.08286070823669434,0.2091067822838976,worker2,worker2,worker2,0,0.0,0.3133995532989502,0.0
model_1,1035,1,0.45612287521362305,2,2,1,1,0.8614194989204407,0.3708016872406006,0.08532118797302246,0.18705746326154477,worker2,worker2,worker2,0,0.0,0.3708016872406006,0.0
model_1,1036,1,0.5018577575683594,6,6,1,1,0.9969831109046936,0.3953268527984619,0.10653090476989746,0.21227310560280938,worker2,worker2,worker2,0,0.0,0.3953268527984619,0.0
model_1,1037,1,0.37531518936157227,7,7,1,0,0.999679446220398,0.27756261825561523,0.09775257110595703,0.2604546095569393,worker2,worker2,worker2,0,0.0,0.27756261825561523,0.0
model_1,1038,1,0.2906365394592285,1,1,1,0,0.928164541721344,0.20613861083984375,0.08449792861938477,0.29073401705307056,worker2,worker2,worker2,0,0.0,0.20613861083984375,0.0
model_1,1039,1,0.4529128074645996,0,0,1,1,0.9712041616439819,0.36710381507873535,0.08580899238586426,0.18946029118986932,worker2,worker2,worker2,0,0.0,0.36710381507873535,0.0
model_1,1040,1,0.9342308044433594,0,0,1,3,0.8180358409881592,0.7393624782562256,0.1948683261871338,0.20858692012756072,worker2->worker1->worker3,worker2,worker3,0,0.1784498691558838,0.4318828582763672,0.1290297508239746
model_1,1041,1,0.4150855541229248,5,5,1,1,0.999440610408783,0.3255767822265625,0.0895087718963623,0.21563933268044996,worker2,worker2,worker2,0,0.0,0.3255767822265625,0.0
model_1,1042,1,0.29521775245666504,5,5,1,0,0.7096279263496399,0.20360970497131348,0.09160804748535156,0.3103067031810653,worker2,worker2,worker2,0,0.0,0.20360970497131348,0.0
model_1,1043,1,0.386765718460083,8,8,1,0,0.9776696562767029,0.23022890090942383,0.15653681755065918,0.4047329173172697,worker2,worker2,worker2,0,0.0,0.23022890090942383,0.0
model_1,1044,1,0.2942831516265869,1,8,0,0,0.6953887939453125,0.20647335052490234,0.08780980110168457,0.2983854176371796,worker2,worker2,worker2,0,0.0,0.20647335052490234,0.0
model_1,1045,1,0.2968921661376953,9,9,1,0,0.9756407737731934,0.21018528938293457,0.08670687675476074,0.29204838201944017,worker2,worker2,worker2,0,0.0,0.21018528938293457,0.0
model_1,1046,1,0.4126291275024414,5,5,1,1,0.9959189295768738,0.3190615177154541,0.0935676097869873,0.22675958518326772,worker2,worker2,worker2,0,0.0,0.3190615177154541,0.0
model_1,1047,1,0.38373899459838867,9,9,1,0,0.8269374966621399,0.22537684440612793,0.15836215019226074,0.41268193334899017,worker2,worker2,worker2,0,0.0,0.22537684440612793,0.0
model_1,1048,1,0.3929011821746826,9,9,1,0,0.9847500324249268,0.2375168800354004,0.15538430213928223,0.3954793449061165,worker2,worker2,worker2,0,0.0,0.2375168800354004,0.0
model_1,1049,1,0.3048691749572754,8,8,1,0,0.924089252948761,0.21337389945983887,0.09149527549743652,0.3001132387695763,worker2,worker2,worker2,0,0.0,0.21337389945983887,0.0
model_1,1050,1,0.45409083366394043,0,0,1,1,0.8790121674537659,0.36849498748779297,0.08559584617614746,0.18849939225924672,worker2,worker2,worker2,0,0.0,0.36849498748779297,0.0
model_1,1051,1,0.5598125457763672,3,4,0,1,0.5163466334342957,0.3994433879852295,0.1603691577911377,0.286469388728565,worker2,worker2,worker2,0,0.0,0.3994433879852295,0.0
model_1,1052,1,0.4765048027038574,6,2,0,1,0.8968899250030518,0.38231635093688965,0.09418845176696777,0.19766527269506845,worker2,worker2,worker2,0,0.0,0.38231635093688965,0.0
model_1,1053,1,0.4615139961242676,5,7,0,1,0.8789544105529785,0.3067960739135742,0.15471792221069336,0.33523993532155827,worker2,worker2,worker2,0,0.0,0.3067960739135742,0.0
model_1,1054,1,0.5891702175140381,7,7,1,2,0.9897969365119934,0.43967580795288086,0.14949440956115723,0.2537372139955381,worker2->worker1,worker2,worker1,0,0.07909107208251953,0.36058473587036133,0.0
model_1,1055,1,0.5764584541320801,6,6,1,1,0.9855766892433167,0.44909214973449707,0.127366304397583,0.22094619913129146,worker2,worker2,worker2,0,0.0,0.44909214973449707,0.0
model_1,1056,1,0.3243443965911865,4,3,0,0,0.7550343871116638,0.23762726783752441,0.08671712875366211,0.2673612668048124,worker2,worker2,worker2,0,0.0,0.23762726783752441,0.0
model_1,1057,1,0.2940380573272705,1,1,1,0,0.9697999954223633,0.20999622344970703,0.08404183387756348,0.2858195794159501,worker2,worker2,worker2,0,0.0,0.20999622344970703,0.0
model_1,1058,1,0.2832188606262207,2,2,1,0,0.9152886867523193,0.19887733459472656,0.08434152603149414,0.29779629027886045,worker2,worker2,worker2,0,0.0,0.19887733459472656,0.0
model_1,1059,1,0.45825862884521484,3,3,1,1,0.783511757850647,0.37247157096862793,0.08578705787658691,0.1872022750401129,worker2,worker2,worker2,0,0.0,0.37247157096862793,0.0
model_1,1060,1,0.3945319652557373,8,8,1,0,0.9930039048194885,0.2388308048248291,0.1557011604309082,0.39464777037769816,worker2,worker2,worker2,0,0.0,0.2388308048248291,0.0
model_1,1061,1,0.2905843257904053,3,3,1,0,0.925047755241394,0.20327997207641602,0.08730435371398926,0.3004441257336115,worker2,worker2,worker2,0,0.0,0.20327997207641602,0.0
model_1,1062,1,0.7064087390899658,5,5,1,2,0.4844563603401184,0.5533571243286133,0.15305161476135254,0.21666155342093016,worker2->worker1,worker2,worker1,0,0.1914503574371338,0.3619067668914795,0.0
model_1,1063,1,0.40140533447265625,2,2,1,1,0.7834190726280212,0.3080112934112549,0.09339404106140137,0.23266766293501606,worker2,worker2,worker2,0,0.0,0.3080112934112549,0.0
model_1,1064,1,0.4450206756591797,8,8,1,0,0.9898898601531982,0.27390170097351074,0.17111897468566895,0.3845191561767366,worker2,worker2,worker2,0,0.0,0.27390170097351074,0.0
model_1,1065,1,0.31824779510498047,7,7,1,0,0.9370771646499634,0.22801423072814941,0.09023356437683105,0.28353241016820147,worker2,worker2,worker2,0,0.0,0.22801423072814941,0.0
model_1,1066,1,0.28708410263061523,4,4,1,0,0.8002904057502747,0.20332789421081543,0.0837562084197998,0.29174798483205133,worker2,worker2,worker2,0,0.0,0.20332789421081543,0.0
model_1,1067,1,0.3422689437866211,7,7,1,0,0.8158584237098694,0.2589900493621826,0.08327889442443848,0.24331420053218908,worker2,worker2,worker2,0,0.0,0.2589900493621826,0.0
model_1,1068,1,0.41151857376098633,0,0,1,0,0.9772828221321106,0.2592000961303711,0.15231847763061523,0.3701375523309506,worker2,worker2,worker2,0,0.0,0.2592000961303711,0.0
model_1,1069,1,0.3278481960296631,9,9,1,0,0.8496429324150085,0.22696208953857422,0.10088610649108887,0.30772201193372095,worker2,worker2,worker2,0,0.0,0.22696208953857422,0.0
model_1,1070,1,0.29155850410461426,1,1,1,0,0.9902524948120117,0.20758628845214844,0.08397221565246582,0.28801154646593913,worker2,worker2,worker2,0,0.0,0.20758628845214844,0.0
model_1,1071,1,0.3044254779815674,9,9,1,0,0.9998741149902344,0.21024107933044434,0.09418439865112305,0.30938408728334427,worker2,worker2,worker2,0,0.0,0.21024107933044434,0.0
model_1,1072,1,0.4753303527832031,3,3,1,1,0.8939327001571655,0.3876075744628906,0.0877227783203125,0.18455118173428034,worker2,worker2,worker2,0,0.0,0.3876075744628906,0.0
model_1,1073,1,0.3459208011627197,0,0,1,0,0.9483739137649536,0.2483823299407959,0.09753847122192383,0.28196763795086766,worker2,worker2,worker2,0,0.0,0.2483823299407959,0.0
model_1,1074,1,0.9432108402252197,2,5,0,3,0.9710325002670288,0.7592792510986328,0.18393158912658691,0.19500580494035433,worker2->worker1->worker3,worker2,worker3,0,0.1737675666809082,0.4841299057006836,0.10138177871704102
model_1,1075,1,0.2918403148651123,9,9,1,0,0.9978958368301392,0.20560359954833984,0.08623671531677246,0.2954928120764631,worker2,worker2,worker2,0,0.0,0.20560359954833984,0.0
model_1,1076,1,0.7841212749481201,3,7,0,3,0.5183281898498535,0.5947120189666748,0.1894092559814453,0.24155607306277618,worker2->worker1->worker3,worker2,worker3,0,0.11023640632629395,0.38381266593933105,0.1006629467010498
model_1,1077,1,0.40126848220825195,4,0,0,1,0.8116182684898376,0.3153398036956787,0.08592867851257324,0.21414260606687177,worker2,worker2,worker2,0,0.0,0.3153398036956787,0.0
model_1,1078,1,0.39811110496520996,7,7,1,1,0.8863346576690674,0.31129956245422363,0.08681154251098633,0.21805858070342599,worker2,worker2,worker2,0,0.0,0.31129956245422363,0.0
model_1,1079,1,0.29521846771240234,8,0,0,0,0.8834060430526733,0.20308423042297363,0.09213423728942871,0.31208832565036065,worker2,worker2,worker2,0,0.0,0.20308423042297363,0.0
model_1,1080,1,0.2936718463897705,9,8,0,0,0.8753641247749329,0.20865154266357422,0.08502030372619629,0.2895078461602161,worker2,worker2,worker2,0,0.0,0.20865154266357422,0.0
model_1,1081,1,0.4062528610229492,4,3,0,1,0.7051272392272949,0.31874966621398926,0.08750319480895996,0.21539096263500998,worker2,worker2,worker2,0,0.0,0.31874966621398926,0.0
model_1,1082,1,0.9998526573181152,6,2,0,3,0.8567700982093811,0.773601770401001,0.22625088691711426,0.22628422824217168,worker2->worker1->worker3,worker2,worker3,0,0.19730019569396973,0.47010207176208496,0.10619950294494629
model_1,1083,1,0.2825338840484619,9,9,1,0,0.9836657643318176,0.19510865211486816,0.08742523193359375,0.30943273309688424,worker2,worker2,worker2,0,0.0,0.19510865211486816,0.0
model_1,1084,1,0.4426913261413574,0,0,1,1,0.9834970235824585,0.3559558391571045,0.08673548698425293,0.1959276856410715,worker2,worker2,worker2,0,0.0,0.3559558391571045,0.0
model_1,1085,1,0.4373185634613037,6,6,1,1,0.9995731711387634,0.3486661911010742,0.08865237236022949,0.20271806359775973,worker2,worker2,worker2,0,0.0,0.3486661911010742,0.0
model_1,1086,1,0.298234224319458,1,1,1,0,0.581649124622345,0.20894980430603027,0.08928442001342773,0.29937684119643293,worker2,worker2,worker2,0,0.0,0.20894980430603027,0.0
model_1,1087,1,0.4655635356903076,3,5,0,1,0.5017152428627014,0.37789130210876465,0.08767223358154297,0.18831421892083586,worker2,worker2,worker2,0,0.0,0.37789130210876465,0.0
model_1,1088,1,0.28995323181152344,7,7,1,0,0.9227778315544128,0.2045440673828125,0.08540916442871094,0.29456186397752915,worker2,worker2,worker2,0,0.0,0.2045440673828125,0.0
model_1,1089,1,0.30521392822265625,4,7,0,0,0.854514479637146,0.20511960983276367,0.10009431838989258,0.3279480689913761,worker2,worker2,worker2,0,0.0,0.20511960983276367,0.0
model_1,1090,1,0.3121631145477295,8,8,1,0,0.843482255935669,0.20303106307983398,0.10913205146789551,0.34959944459168096,worker2,worker2,worker2,0,0.0,0.20303106307983398,0.0
model_1,1091,1,0.5016398429870605,9,1,0,1,0.9863770604133606,0.40187597274780273,0.09976387023925781,0.19887549131904012,worker2,worker2,worker2,0,0.0,0.40187597274780273,0.0
model_1,1092,1,0.3267667293548584,7,3,0,0,0.6617220044136047,0.22307348251342773,0.10369324684143066,0.317331103586201,worker2,worker2,worker2,0,0.0,0.22307348251342773,0.0
model_1,1093,1,0.4101686477661133,3,6,0,1,0.6629179120063782,0.32280898094177246,0.08735966682434082,0.21298474980992482,worker2,worker2,worker2,0,0.0,0.32280898094177246,0.0
model_1,1094,1,0.2896459102630615,0,0,1,0,0.7024660110473633,0.2049565315246582,0.08468937873840332,0.29238934760545016,worker2,worker2,worker2,0,0.0,0.2049565315246582,0.0
model_1,1095,1,0.394197940826416,0,0,1,0,0.971518874168396,0.2389543056488037,0.1552436351776123,0.3938215274594075,worker2,worker2,worker2,0,0.0,0.2389543056488037,0.0
model_1,1096,1,0.3056907653808594,6,2,0,0,0.9880924820899963,0.21426725387573242,0.09142351150512695,0.2990718787046858,worker2,worker2,worker2,0,0.0,0.21426725387573242,0.0
model_1,1097,1,0.3618662357330322,9,9,1,0,0.9332363605499268,0.2084493637084961,0.15341687202453613,0.42396017333244607,worker2,worker2,worker2,0,0.0,0.2084493637084961,0.0
model_1,1098,1,0.6038603782653809,7,7,1,2,0.907333254814148,0.45264363288879395,0.15121674537658691,0.25041673674792936,worker2->worker1,worker2,worker1,0,0.1340808868408203,0.31856274604797363,0.0
model_1,1099,1,0.30346155166625977,9,9,1,0,0.9793105721473694,0.20854425430297852,0.09491729736328125,0.31278195488721805,worker2,worker2,worker2,0,0.0,0.20854425430297852,0.0
model_1,1100,1,0.4069547653198242,6,6,1,1,0.9214590191841125,0.31953907012939453,0.08741569519042969,0.21480445159974973,worker2,worker2,worker2,0,0.0,0.31953907012939453,0.0
model_1,1101,1,0.30010342597961426,9,8,0,0,0.7576673626899719,0.21266722679138184,0.08743619918823242,0.2913535522056049,worker2,worker2,worker2,0,0.0,0.21266722679138184,0.0
model_1,1102,1,0.29236602783203125,7,7,1,0,0.5966354012489319,0.20583009719848633,0.08653593063354492,0.29598490383862636,worker2,worker2,worker2,0,0.0,0.20583009719848633,0.0
model_1,1103,1,0.40955090522766113,8,8,1,1,0.9793621301651001,0.321796178817749,0.08775472640991211,0.21427062006157943,worker2,worker2,worker2,0,0.0,0.321796178817749,0.0
model_1,1104,1,0.9405643939971924,6,1,0,3,0.5000132322311401,0.747382640838623,0.19318175315856934,0.2053891837618786,worker2->worker1->worker3,worker2,worker3,0,0.17631030082702637,0.4702033996582031,0.10086894035339355
model_1,1105,1,0.9665589332580566,4,2,0,3,0.533494770526886,0.7595298290252686,0.20702910423278809,0.21419191019727965,worker2->worker1->worker3,worker2,worker3,0,0.17886114120483398,0.4804728031158447,0.10019588470458984
model_1,1106,1,0.2871546745300293,6,6,1,0,0.7273893356323242,0.20221781730651855,0.08493685722351074,0.29578782710928303,worker2,worker2,worker2,0,0.0,0.20221781730651855,0.0
model_1,1107,1,0.4156532287597656,3,3,1,1,0.8593601584434509,0.33104658126831055,0.08460664749145508,0.2035510411982269,worker2,worker2,worker2,0,0.0,0.33104658126831055,0.0
model_1,1108,1,0.6606671810150146,6,2,0,2,0.8181082606315613,0.5078330039978027,0.15283417701721191,0.2313330848104267,worker2->worker1,worker2,worker1,0,0.15697383880615234,0.3508591651916504,0.0
model_1,1109,1,0.27907609939575195,6,3,0,0,0.9381171464920044,0.19253778457641602,0.08653831481933594,0.31008859234705644,worker2,worker2,worker2,0,0.0,0.19253778457641602,0.0
model_1,1110,1,0.294785737991333,1,1,1,0,0.9990144968032837,0.2080240249633789,0.0867617130279541,0.29432127082927256,worker2,worker2,worker2,0,0.0,0.2080240249633789,0.0
model_1,1111,1,0.29689574241638184,1,1,1,0,0.9246490001678467,0.1983644962310791,0.09853124618530273,0.33187153639649525,worker2,worker2,worker2,0,0.0,0.1983644962310791,0.0
model_1,1112,1,0.477069616317749,2,2,1,1,0.8304580450057983,0.387906551361084,0.08916306495666504,0.18689738752358226,worker2,worker2,worker2,0,0.0,0.387906551361084,0.0
model_1,1113,1,0.33713531494140625,0,0,1,0,0.8984084725379944,0.24299955368041992,0.09413576126098633,0.2792224874968884,worker2,worker2,worker2,0,0.0,0.24299955368041992,0.0
model_1,1114,1,0.44801759719848633,9,9,1,1,0.9989514350891113,0.35905957221984863,0.0889580249786377,0.19855922074245314,worker2,worker2,worker2,0,0.0,0.35905957221984863,0.0
model_1,1115,1,0.5725369453430176,6,6,1,1,0.9372270107269287,0.40746641159057617,0.1650705337524414,0.28831420416641335,worker2,worker2,worker2,0,0.0,0.40746641159057617,0.0
model_1,1116,1,0.4641847610473633,4,2,0,1,0.971738338470459,0.37288689613342285,0.09129786491394043,0.19668432179449513,worker2,worker2,worker2,0,0.0,0.37288689613342285,0.0
model_1,1117,1,0.3670177459716797,9,9,1,0,0.9939654469490051,0.19686388969421387,0.17015385627746582,0.46361206820390494,worker2,worker2,worker2,0,0.0,0.19686388969421387,0.0
model_1,1118,1,0.4276578426361084,2,8,0,1,0.8176841139793396,0.3413534164428711,0.0863044261932373,0.20180718693535862,worker2,worker2,worker2,0,0.0,0.3413534164428711,0.0
model_1,1119,1,0.3163444995880127,0,0,1,0,0.7797307968139648,0.21866703033447266,0.09767746925354004,0.3087692985993089,worker2,worker2,worker2,0,0.0,0.21866703033447266,0.0
model_1,1120,1,0.4056880474090576,0,0,1,1,0.9500182271003723,0.32012462615966797,0.08556342124938965,0.21090939650759677,worker2,worker2,worker2,0,0.0,0.32012462615966797,0.0
model_1,1121,1,0.3498353958129883,5,5,1,0,0.8806992173194885,0.2546405792236328,0.09519481658935547,0.2721131644444687,worker2,worker2,worker2,0,0.0,0.2546405792236328,0.0
model_1,1122,1,0.39203858375549316,5,3,0,0,0.5385247468948364,0.2244715690612793,0.16756701469421387,0.4274248036737174,worker2,worker2,worker2,0,0.0,0.2244715690612793,0.0
model_1,1123,1,0.4535400867462158,4,4,1,1,0.7440780401229858,0.35566258430480957,0.09787750244140625,0.21580783110837756,worker2,worker2,worker2,0,0.0,0.35566258430480957,0.0
model_1,1124,1,0.31624627113342285,1,1,1,0,0.9998319149017334,0.21939396858215332,0.09685230255126953,0.30625595111098713,worker2,worker2,worker2,0,0.0,0.21939396858215332,0.0
model_1,1125,1,0.2926337718963623,7,7,1,0,0.9302710890769958,0.20835208892822266,0.08428168296813965,0.288010787073436,worker2,worker2,worker2,0,0.0,0.20835208892822266,0.0
model_1,1126,1,0.9184432029724121,8,4,0,3,0.37842434644699097,0.7299473285675049,0.18849587440490723,0.20523411115120332,worker2->worker1->worker3,worker2,worker3,0,0.16502737998962402,0.4630727767944336,0.10184717178344727
model_1,1127,1,0.35689687728881836,3,3,1,0,0.8701130151748657,0.20038199424743652,0.15651488304138184,0.4385437166902482,worker2,worker2,worker2,0,0.0,0.20038199424743652,0.0
model_1,1128,1,0.450031042098999,6,2,0,1,0.9012580513954163,0.34966182708740234,0.10036921501159668,0.223027315056896,worker2,worker2,worker2,0,0.0,0.34966182708740234,0.0
model_1,1129,1,0.3154573440551758,6,6,1,0,0.9430091977119446,0.21372604370117188,0.1017313003540039,0.3224882928584169,worker2,worker2,worker2,0,0.0,0.21372604370117188,0.0
model_1,1130,1,0.29126954078674316,9,9,1,0,0.9976686835289001,0.20797467231750488,0.08329486846923828,0.28597177804535256,worker2,worker2,worker2,0,0.0,0.20797467231750488,0.0
model_1,1131,1,0.34491634368896484,8,8,1,0,0.9305132627487183,0.2562863826751709,0.08862996101379395,0.2569607460924431,worker2,worker2,worker2,0,0.0,0.2562863826751709,0.0
model_1,1132,1,0.42453932762145996,8,8,1,0,0.984413743019104,0.26582956314086914,0.15870976448059082,0.373839958172507,worker2,worker2,worker2,0,0.0,0.26582956314086914,0.0
model_1,1133,1,0.32308053970336914,8,8,1,0,0.9390674829483032,0.21976351737976074,0.1033170223236084,0.31978720358232393,worker2,worker2,worker2,0,0.0,0.21976351737976074,0.0
model_1,1134,1,0.6578705310821533,2,5,0,2,0.8642203211784363,0.5048317909240723,0.15303874015808105,0.23262744404486776,worker2->worker1,worker2,worker1,0,0.19038152694702148,0.3144502639770508,0.0
model_1,1135,1,0.39705896377563477,8,8,1,0,0.9877346158027649,0.24352455139160156,0.1535344123840332,0.3866791242390653,worker2,worker2,worker2,0,0.0,0.24352455139160156,0.0
model_1,1136,1,0.29663991928100586,4,4,1,0,0.9645751118659973,0.20624637603759766,0.0903935432434082,0.3047248106812581,worker2,worker2,worker2,0,0.0,0.20624637603759766,0.0
model_1,1137,1,0.40369749069213867,8,0,0,1,0.8552473187446594,0.3171534538269043,0.08654403686523438,0.21437843647939145,worker2,worker2,worker2,0,0.0,0.3171534538269043,0.0
model_1,1138,1,0.42885398864746094,3,1,0,1,0.7001277804374695,0.3361797332763672,0.09267425537109375,0.2160974546683686,worker2,worker2,worker2,0,0.0,0.3361797332763672,0.0
model_1,1139,1,0.32108426094055176,4,2,0,0,0.928222119808197,0.22550153732299805,0.09558272361755371,0.29768735265180346,worker2,worker2,worker2,0,0.0,0.22550153732299805,0.0
model_1,1140,1,0.39859676361083984,6,6,1,1,0.5707831382751465,0.3093993663787842,0.08919739723205566,0.22377852851595492,worker2,worker2,worker2,0,0.0,0.3093993663787842,0.0
model_1,1141,1,0.33237528800964355,9,9,1,0,0.9927269220352173,0.23404192924499512,0.09833335876464844,0.2958503905434612,worker2,worker2,worker2,0,0.0,0.23404192924499512,0.0
model_1,1142,1,0.40204930305480957,4,4,1,1,0.9998061060905457,0.3152787685394287,0.08677053451538086,0.21582063158943426,worker2,worker2,worker2,0,0.0,0.3152787685394287,0.0
model_1,1143,1,0.6454322338104248,4,4,1,2,0.9804953932762146,0.4936683177947998,0.151763916015625,0.23513532182869074,worker2->worker1,worker2,worker1,0,0.12869811058044434,0.36497020721435547,0.0
model_1,1144,1,0.3023037910461426,0,8,0,0,0.7103809118270874,0.21519231796264648,0.0871114730834961,0.2881587186916876,worker2,worker2,worker2,0,0.0,0.21519231796264648,0.0
model_1,1145,1,0.31454038619995117,2,2,1,0,0.7667313814163208,0.20374345779418945,0.11079692840576172,0.3522502459678703,worker2,worker2,worker2,0,0.0,0.20374345779418945,0.0
model_1,1146,1,0.29008913040161133,8,0,0,0,0.805066704750061,0.20313525199890137,0.08695387840270996,0.29974883334073027,worker2,worker2,worker2,0,0.0,0.20313525199890137,0.0
model_1,1147,1,0.44814634323120117,1,1,1,1,0.9988365769386292,0.36142826080322266,0.08671808242797852,0.1935039384740448,worker2,worker2,worker2,0,0.0,0.36142826080322266,0.0
model_1,1148,1,0.505073070526123,3,3,1,1,0.8528075218200684,0.34798455238342285,0.1570885181427002,0.3110213695991843,worker2,worker2,worker2,0,0.0,0.34798455238342285,0.0
model_1,1149,1,0.5823178291320801,7,7,1,1,0.9886136054992676,0.48757171630859375,0.09474611282348633,0.16270515530101726,worker2,worker2,worker2,0,0.0,0.48757171630859375,0.0
model_1,1150,1,0.3869912624359131,3,3,1,0,0.7481593489646912,0.29193544387817383,0.09505581855773926,0.24562781588248594,worker2,worker2,worker2,0,0.0,0.29193544387817383,0.0
model_1,1151,1,0.2946293354034424,7,9,0,0,0.9097853899002075,0.21012187004089355,0.08450746536254883,0.28682637880179485,worker2,worker2,worker2,0,0.0,0.21012187004089355,0.0
model_1,1152,1,0.34381103515625,5,5,1,0,0.941534161567688,0.26009511947631836,0.08371591567993164,0.243493975235221,worker2,worker2,worker2,0,0.0,0.26009511947631836,0.0
model_1,1153,1,0.6237256526947021,4,4,1,2,0.9998832941055298,0.4711792469024658,0.15254640579223633,0.24457292261940028,worker2->worker1,worker2,worker1,0,0.15956592559814453,0.3116133213043213,0.0
model_1,1154,1,0.41248250007629395,1,1,1,0,0.5655525922775269,0.25936269760131836,0.15311980247497559,0.37121526960938733,worker2,worker2,worker2,0,0.0,0.25936269760131836,0.0
model_1,1155,1,0.34737563133239746,6,6,1,0,0.9870360493659973,0.2590973377227783,0.08827829360961914,0.2541292066775612,worker2,worker2,worker2,0,0.0,0.2590973377227783,0.0
model_1,1156,1,0.4250304698944092,7,7,1,0,0.943378746509552,0.2727701663970947,0.15226030349731445,0.35823385446963524,worker2,worker2,worker2,0,0.0,0.2727701663970947,0.0
model_1,1157,1,0.36599254608154297,1,1,1,0,0.9960910677909851,0.26639819145202637,0.0995943546295166,0.2721212650252364,worker2,worker2,worker2,0,0.0,0.26639819145202637,0.0
model_1,1158,1,0.6595768928527832,8,0,0,2,0.7383798360824585,0.5010292530059814,0.15854763984680176,0.24037779607629373,worker2->worker1,worker2,worker1,0,0.1819009780883789,0.31912827491760254,0.0
model_1,1159,1,0.40767335891723633,7,7,1,1,0.9968055486679077,0.32184505462646484,0.08582830429077148,0.21053204094260153,worker2,worker2,worker2,0,0.0,0.32184505462646484,0.0
model_1,1160,1,0.9176313877105713,4,4,1,3,0.43469542264938354,0.7196567058563232,0.19797468185424805,0.21574532487187648,worker2->worker1->worker3,worker2,worker3,0,0.175950288772583,0.4444580078125,0.09924840927124023
model_1,1161,1,0.6052100658416748,3,5,0,1,0.8653219938278198,0.4406857490539551,0.16452431678771973,0.27184662991173697,worker2,worker2,worker2,0,0.0,0.4406857490539551,0.0
model_1,1162,1,0.3841438293457031,9,9,1,0,0.9998146891593933,0.2823488712310791,0.10179495811462402,0.26499178260394635,worker2,worker2,worker2,0,0.0,0.2823488712310791,0.0
model_1,1163,1,0.7207295894622803,5,5,1,2,0.7554404139518738,0.5454926490783691,0.17523694038391113,0.24313826287422358,worker2->worker1,worker2,worker1,0,0.18492555618286133,0.3605670928955078,0.0
model_1,1164,1,0.2912271022796631,2,0,0,0,0.8143200278282166,0.20616579055786133,0.08506131172180176,0.2920789688046206,worker2,worker2,worker2,0,0.0,0.20616579055786133,0.0
model_1,1165,1,0.40169692039489746,9,9,1,1,0.9995386600494385,0.31718897819519043,0.08450794219970703,0.21037737136901508,worker2,worker2,worker2,0,0.0,0.31718897819519043,0.0
model_1,1166,1,0.39440059661865234,6,2,0,1,0.8056866526603699,0.3090517520904541,0.08534884452819824,0.2164014082633917,worker2,worker2,worker2,0,0.0,0.3090517520904541,0.0
model_1,1167,1,0.4419267177581787,7,7,1,1,0.950785756111145,0.35406994819641113,0.08785676956176758,0.19880393294039897,worker2,worker2,worker2,0,0.0,0.35406994819641113,0.0
model_1,1168,1,0.3125779628753662,0,0,1,0,0.6934736371040344,0.21998953819274902,0.09258842468261719,0.29620906039219036,worker2,worker2,worker2,0,0.0,0.21998953819274902,0.0
model_1,1169,1,0.4805314540863037,1,1,1,1,0.902215838432312,0.39246511459350586,0.08806633949279785,0.18326862631760435,worker2,worker2,worker2,0,0.0,0.39246511459350586,0.0
model_1,1170,1,0.3004939556121826,9,9,1,0,0.8581838607788086,0.21324539184570312,0.08724856376647949,0.29035047839392303,worker2,worker2,worker2,0,0.0,0.21324539184570312,0.0
model_1,1171,1,0.3783698081970215,8,0,0,0,0.6154959201812744,0.22429776191711426,0.15407204627990723,0.4071996310014253,worker2,worker2,worker2,0,0.0,0.22429776191711426,0.0
model_1,1172,1,0.298938512802124,5,5,1,0,0.8179870843887329,0.2083137035369873,0.09062480926513672,0.3031553492912567,worker2,worker2,worker2,0,0.0,0.2083137035369873,0.0
model_1,1173,1,0.4175384044647217,3,3,1,1,0.984432578086853,0.33057641983032227,0.08696198463439941,0.20827302040846626,worker2,worker2,worker2,0,0.0,0.33057641983032227,0.0
model_1,1174,1,0.36071348190307617,9,1,0,0,0.9911419153213501,0.20154595375061035,0.15916752815246582,0.44125749698269995,worker2,worker2,worker2,0,0.0,0.20154595375061035,0.0
model_1,1175,1,0.9314217567443848,7,7,1,3,0.5628053545951843,0.7183699607849121,0.21305179595947266,0.2287382642898062,worker2->worker1->worker3,worker2,worker3,0,0.18732166290283203,0.4300112724304199,0.10103702545166016
model_1,1176,1,0.29326820373535156,5,3,0,0,0.6745519638061523,0.20660996437072754,0.08665823936462402,0.29549142478066037,worker2,worker2,worker2,0,0.0,0.20660996437072754,0.0
model_1,1177,1,0.29817748069763184,0,1,0,0,0.8130422234535217,0.204148530960083,0.09402894973754883,0.3153455771292779,worker2,worker2,worker2,0,0.0,0.204148530960083,0.0
model_1,1178,1,0.4022228717803955,4,4,1,1,0.7168759703636169,0.31620240211486816,0.08602046966552734,0.21386270075783395,worker2,worker2,worker2,0,0.0,0.31620240211486816,0.0
model_1,1179,1,0.4314701557159424,7,7,1,1,0.9341107606887817,0.343644380569458,0.08782577514648438,0.20355005782672098,worker2,worker2,worker2,0,0.0,0.343644380569458,0.0
model_1,1180,1,0.3840785026550293,7,7,1,0,0.9689707159996033,0.2189960479736328,0.16508245468139648,0.4298143570656175,worker2,worker2,worker2,0,0.0,0.2189960479736328,0.0
model_1,1181,1,0.3594632148742676,7,7,1,0,0.8515960574150085,0.20148611068725586,0.15797710418701172,0.43948058563452364,worker2,worker2,worker2,0,0.0,0.20148611068725586,0.0
model_1,1182,1,0.5051999092102051,3,3,1,1,0.9988152980804443,0.40377378463745117,0.1014261245727539,0.20076433650060738,worker2,worker2,worker2,0,0.0,0.40377378463745117,0.0
model_1,1183,1,0.3482639789581299,4,3,0,0,0.97390216588974,0.2527353763580322,0.09552860260009766,0.2742994061168256,worker2,worker2,worker2,0,0.0,0.2527353763580322,0.0
model_1,1184,1,0.8138997554779053,0,0,1,3,0.592857837677002,0.6273887157440186,0.18651103973388672,0.2291572622777989,worker2->worker1->worker3,worker2,worker3,0,0.12594866752624512,0.40177464485168457,0.09966540336608887
model_1,1185,1,0.36685848236083984,7,7,1,0,0.9883291721343994,0.21295475959777832,0.15390372276306152,0.41951796172913003,worker2,worker2,worker2,0,0.0,0.21295475959777832,0.0
model_1,1186,1,0.2876319885253906,5,5,1,0,0.750403642654419,0.19960975646972656,0.08802223205566406,0.30602379278789404,worker2,worker2,worker2,0,0.0,0.19960975646972656,0.0
model_1,1187,1,0.3952364921569824,7,7,1,1,0.9488661885261536,0.3093233108520508,0.08591318130493164,0.21737158134377968,worker2,worker2,worker2,0,0.0,0.3093233108520508,0.0
model_1,1188,1,0.39987754821777344,8,1,0,0,0.9917318820953369,0.24470829963684082,0.15516924858093262,0.3880419125117457,worker2,worker2,worker2,0,0.0,0.24470829963684082,0.0
model_1,1189,1,0.3136940002441406,9,9,1,0,0.9981032609939575,0.21427440643310547,0.09941959381103516,0.3169317670521567,worker2,worker2,worker2,0,0.0,0.21427440643310547,0.0
model_1,1190,1,0.4944798946380615,1,1,1,1,0.9392036199569702,0.408703088760376,0.08577680587768555,0.17346874323468817,worker2,worker2,worker2,0,0.0,0.408703088760376,0.0
model_1,1191,1,0.3996891975402832,3,2,0,1,0.6966888308525085,0.31224560737609863,0.08744359016418457,0.218778968013944,worker2,worker2,worker2,0,0.0,0.31224560737609863,0.0
model_1,1192,1,0.4499330520629883,3,6,0,1,0.5274255275726318,0.36453723907470703,0.08539581298828125,0.18979670996992298,worker2,worker2,worker2,0,0.0,0.36453723907470703,0.0
model_1,1193,1,0.6519463062286377,3,5,0,1,0.765330970287323,0.48435258865356445,0.16759371757507324,0.2570667491692147,worker2,worker2,worker2,0,0.0,0.48435258865356445,0.0
model_1,1194,1,0.4670984745025635,8,8,1,0,0.9786591529846191,0.3772251605987549,0.0898733139038086,0.19240763738207275,worker2,worker2,worker2,0,0.0,0.3772251605987549,0.0
model_1,1195,1,0.44278645515441895,0,0,1,1,0.9724788069725037,0.35578203201293945,0.08700442314147949,0.19649296433680938,worker2,worker2,worker2,0,0.0,0.35578203201293945,0.0
model_1,1196,1,0.29032421112060547,3,5,0,0,0.5163794755935669,0.20647072792053223,0.08385348320007324,0.2888270422794299,worker2,worker2,worker2,0,0.0,0.20647072792053223,0.0
model_1,1197,1,0.2851603031158447,3,3,1,0,0.9518428444862366,0.20058846473693848,0.08457183837890625,0.2965764780539928,worker2,worker2,worker2,0,0.0,0.20058846473693848,0.0
model_1,1198,1,0.2917602062225342,0,9,0,0,0.8126785159111023,0.20612287521362305,0.08563733100891113,0.29351957252043137,worker2,worker2,worker2,0,0.0,0.20612287521362305,0.0
model_1,1199,1,0.29600048065185547,4,4,1,0,0.7529715299606323,0.21097254753112793,0.08502793312072754,0.2872560643600244,worker2,worker2,worker2,0,0.0,0.21097254753112793,0.0
model_1,1200,1,0.6900844573974609,2,2,1,2,0.9981995820999146,0.5335462093353271,0.1565382480621338,0.22683926059209017,worker2->worker1,worker2,worker1,0,0.17732906341552734,0.3562171459197998,0.0
model_1,1201,1,0.28550148010253906,1,1,1,0,0.7699329853057861,0.19744515419006348,0.08805632591247559,0.30842686307913286,worker2,worker2,worker2,0,0.0,0.19744515419006348,0.0
model_1,1202,1,0.44529271125793457,5,5,1,1,0.7682267427444458,0.3596351146697998,0.08565759658813477,0.1923624492890427,worker2,worker2,worker2,0,0.0,0.3596351146697998,0.0
model_1,1203,1,0.4306058883666992,0,0,1,1,0.9196826219558716,0.34122467041015625,0.08938121795654297,0.2075708214199498,worker2,worker2,worker2,0,0.0,0.34122467041015625,0.0
model_1,1204,1,0.3014233112335205,3,3,1,0,0.8117325305938721,0.21281051635742188,0.08861279487609863,0.29398122697765733,worker2,worker2,worker2,0,0.0,0.21281051635742188,0.0
model_1,1205,1,0.29141664505004883,9,9,1,0,0.9568468332290649,0.20603489875793457,0.08538174629211426,0.2929885706338103,worker2,worker2,worker2,0,0.0,0.20603489875793457,0.0
model_1,1206,1,0.35848164558410645,6,6,1,0,0.7736492156982422,0.20690345764160156,0.15157818794250488,0.4228338878982908,worker2,worker2,worker2,0,0.0,0.20690345764160156,0.0
model_1,1207,1,0.4191780090332031,3,3,1,1,0.9654654860496521,0.33134031295776367,0.08783769607543945,0.2095474814578878,worker2,worker2,worker2,0,0.0,0.33134031295776367,0.0
model_1,1208,1,0.4049990177154541,5,5,1,1,0.7987808585166931,0.3168518543243408,0.08814716339111328,0.2176478448968587,worker2,worker2,worker2,0,0.0,0.3168518543243408,0.0
model_1,1209,1,0.5523769855499268,3,3,1,1,0.9995688796043396,0.4669013023376465,0.08547568321228027,0.15474157223835772,worker2,worker2,worker2,0,0.0,0.4669013023376465,0.0
model_1,1210,1,0.4034121036529541,8,8,1,0,0.5340859889984131,0.2991604804992676,0.10425162315368652,0.2584246288340712,worker2,worker2,worker2,0,0.0,0.2991604804992676,0.0
model_1,1211,1,0.34331774711608887,9,9,1,0,0.9112480878829956,0.25864386558532715,0.08467388153076172,0.24663415230361,worker2,worker2,worker2,0,0.0,0.25864386558532715,0.0
model_1,1212,1,0.4098341464996338,7,7,1,0,0.8513649702072144,0.2518928050994873,0.15794134140014648,0.38537867756777466,worker2,worker2,worker2,0,0.0,0.2518928050994873,0.0
model_1,1213,1,0.35028862953186035,6,6,1,0,0.783084511756897,0.25595736503601074,0.09433126449584961,0.2692958221964489,worker2,worker2,worker2,0,0.0,0.25595736503601074,0.0
model_1,1214,1,0.4936990737915039,0,8,0,1,0.6513670086860657,0.410231351852417,0.08346772193908691,0.16906598851416219,worker2,worker2,worker2,0,0.0,0.410231351852417,0.0
model_1,1215,1,0.3293337821960449,4,4,1,0,0.9268711805343628,0.2349700927734375,0.09436368942260742,0.2865290308008392,worker2,worker2,worker2,0,0.0,0.2349700927734375,0.0
model_1,1216,1,0.4012763500213623,9,9,1,0,0.9880130290985107,0.24587535858154297,0.15540099143981934,0.3872667587600077,worker2,worker2,worker2,0,0.0,0.24587535858154297,0.0
model_1,1217,1,0.6563076972961426,4,4,1,2,0.6938235759735107,0.509162425994873,0.14714527130126953,0.22420165405263237,worker2->worker1,worker2,worker1,0,0.15833020210266113,0.3508322238922119,0.0
model_1,1218,1,0.5562388896942139,8,8,1,2,0.986078143119812,0.3965635299682617,0.15967535972595215,0.28706256014161813,worker2->worker1,worker2,worker1,0,0.0830540657043457,0.313509464263916,0.0
model_1,1219,1,0.3448350429534912,6,1,0,0,0.9726765751838684,0.2579832077026367,0.08685183525085449,0.2518648757590696,worker2,worker2,worker2,0,0.0,0.2579832077026367,0.0
model_1,1220,1,0.29172325134277344,1,1,1,0,0.9625325798988342,0.20688343048095703,0.0848398208618164,0.2908229648178781,worker2,worker2,worker2,0,0.0,0.20688343048095703,0.0
model_1,1221,1,0.9363002777099609,9,9,1,3,0.5187700986862183,0.7018938064575195,0.2344064712524414,0.2503539482288329,worker2->worker1->worker3,worker2,worker3,0,0.16841864585876465,0.4314713478088379,0.10200381278991699
model_1,1222,1,0.4106624126434326,0,0,1,0,0.9803082942962646,0.254730224609375,0.15593218803405762,0.3797089366672801,worker2,worker2,worker2,0,0.0,0.254730224609375,0.0
model_1,1223,1,0.3078761100769043,8,8,1,0,0.9662407040596008,0.2085728645324707,0.0993032455444336,0.3225428745336189,worker2,worker2,worker2,0,0.0,0.2085728645324707,0.0
model_1,1224,1,0.38771796226501465,2,2,1,1,0.8778849840164185,0.30216312408447266,0.08555483818054199,0.22066256017837826,worker2,worker2,worker2,0,0.0,0.30216312408447266,0.0
model_1,1225,1,0.39235925674438477,1,9,0,0,0.8763840794563293,0.23726248741149902,0.15509676933288574,0.39529274935376024,worker2,worker2,worker2,0,0.0,0.23726248741149902,0.0
model_1,1226,1,0.2933385372161865,3,3,1,0,0.5638755559921265,0.20295047760009766,0.09038805961608887,0.3081356458441534,worker2,worker2,worker2,0,0.0,0.20295047760009766,0.0
model_1,1227,1,0.39881038665771484,6,6,1,1,0.9832260012626648,0.3131256103515625,0.08568477630615234,0.21485091455176322,worker2,worker2,worker2,0,0.0,0.3131256103515625,0.0
model_1,1228,1,0.29516100883483887,3,2,0,0,0.8593250513076782,0.20854783058166504,0.08661317825317383,0.29344383458737716,worker2,worker2,worker2,0,0.0,0.20854783058166504,0.0
model_1,1229,1,0.3056175708770752,1,1,1,0,0.9999858140945435,0.20633316040039062,0.09928441047668457,0.3248648635998043,worker2,worker2,worker2,0,0.0,0.20633316040039062,0.0
model_1,1230,1,0.3982834815979004,3,7,0,1,0.8185133934020996,0.3113729953765869,0.08691048622131348,0.21821263054302786,worker2,worker2,worker2,0,0.0,0.3113729953765869,0.0
model_1,1231,1,0.5370404720306396,0,0,1,1,0.9926597476005554,0.44647836685180664,0.09056210517883301,0.1686318069034957,worker2,worker2,worker2,0,0.0,0.44647836685180664,0.0
model_1,1232,1,0.33784961700439453,1,1,1,0,0.8549392819404602,0.24002289772033691,0.09782671928405762,0.28955699329025775,worker2,worker2,worker2,0,0.0,0.24002289772033691,0.0
model_1,1233,1,0.2975623607635498,6,6,1,0,0.9876320362091064,0.21277618408203125,0.08478617668151855,0.28493582475940793,worker2,worker2,worker2,0,0.0,0.21277618408203125,0.0
model_1,1234,1,0.3369464874267578,6,6,1,0,0.8063556551933289,0.25069212913513184,0.08625435829162598,0.2559882993597763,worker2,worker2,worker2,0,0.0,0.25069212913513184,0.0
model_1,1235,1,0.3081634044647217,9,9,1,0,0.9784696102142334,0.20929384231567383,0.09886956214904785,0.3208348581194571,worker2,worker2,worker2,0,0.0,0.20929384231567383,0.0
model_1,1236,1,0.9764111042022705,2,3,0,3,0.4397422671318054,0.7547245025634766,0.22168660163879395,0.2270422782828881,worker2->worker1->worker3,worker2,worker3,0,0.17990660667419434,0.47482967376708984,0.09998822212219238
model_1,1237,1,0.4395139217376709,2,2,1,1,0.8392497301101685,0.35194897651672363,0.08756494522094727,0.19923133464066115,worker2,worker2,worker2,0,0.0,0.35194897651672363,0.0
model_1,1238,1,0.4013199806213379,8,8,1,1,0.9966607093811035,0.30243802070617676,0.09888195991516113,0.24639181872297652,worker2,worker2,worker2,0,0.0,0.30243802070617676,0.0
model_1,1239,1,0.4011726379394531,9,8,0,1,0.9635308980941772,0.31465649604797363,0.08651614189147949,0.21565813245851756,worker2,worker2,worker2,0,0.0,0.31465649604797363,0.0
model_1,1240,1,0.44365811347961426,4,3,0,1,0.5265139937400818,0.34838199615478516,0.0952761173248291,0.21475121141722783,worker2,worker2,worker2,0,0.0,0.34838199615478516,0.0
model_1,1241,1,0.4534478187561035,3,3,1,1,0.9357507824897766,0.3609905242919922,0.09245729446411133,0.20389842147160364,worker2,worker2,worker2,0,0.0,0.3609905242919922,0.0
model_1,1242,1,0.341137170791626,7,7,1,0,0.9997122883796692,0.24371933937072754,0.09741783142089844,0.2855679174299167,worker2,worker2,worker2,0,0.0,0.24371933937072754,0.0
model_1,1243,1,0.6763932704925537,2,2,1,2,0.7124965190887451,0.5262651443481445,0.15012812614440918,0.22195390269788604,worker2->worker1,worker2,worker1,0,0.1633596420288086,0.36290550231933594,0.0
model_1,1244,1,0.3666865825653076,5,5,1,0,0.8876148462295532,0.20948529243469238,0.15720129013061523,0.42870750555105835,worker2,worker2,worker2,0,0.0,0.20948529243469238,0.0
model_1,1245,1,0.44620299339294434,4,4,1,1,0.8876578211784363,0.3588573932647705,0.08734560012817383,0.19575305728900338,worker2,worker2,worker2,0,0.0,0.3588573932647705,0.0
model_1,1246,1,0.5877892971038818,5,5,1,1,0.9914162755012512,0.42532777786254883,0.162461519241333,0.2763941433466092,worker2,worker2,worker2,0,0.0,0.42532777786254883,0.0
model_1,1247,1,0.3870737552642822,8,8,1,0,0.9999672174453735,0.2868647575378418,0.10020899772644043,0.25888863908642107,worker2,worker2,worker2,0,0.0,0.2868647575378418,0.0
model_1,1248,1,0.2934892177581787,4,4,1,0,0.8292231559753418,0.20987248420715332,0.08361673355102539,0.28490564045157407,worker2,worker2,worker2,0,0.0,0.20987248420715332,0.0
model_1,1249,1,0.33875322341918945,6,6,1,0,0.9261679649353027,0.2506117820739746,0.08814144134521484,0.26019366090620016,worker2,worker2,worker2,0,0.0,0.2506117820739746,0.0
model_1,1250,1,0.358684778213501,9,9,1,0,0.9327276349067688,0.2071518898010254,0.15153288841247559,0.42246813251238174,worker2,worker2,worker2,0,0.0,0.2071518898010254,0.0
model_1,1251,1,0.461026668548584,6,6,1,1,0.7209840416908264,0.3740682601928711,0.08695840835571289,0.1886190415610394,worker2,worker2,worker2,0,0.0,0.3740682601928711,0.0
model_1,1252,1,0.36972856521606445,7,7,1,0,0.8988847136497498,0.2664203643798828,0.10330820083618164,0.27941633553742246,worker2,worker2,worker2,0,0.0,0.2664203643798828,0.0
model_1,1253,1,0.29921483993530273,0,2,0,0,0.6834837198257446,0.21308422088623047,0.08613061904907227,0.2878554388134483,worker2,worker2,worker2,0,0.0,0.21308422088623047,0.0
model_1,1254,1,0.3128852844238281,7,7,1,0,0.6546367406845093,0.20655035972595215,0.10633492469787598,0.33985275112471197,worker2,worker2,worker2,0,0.0,0.20655035972595215,0.0
model_1,1255,1,0.3231487274169922,0,0,1,0,0.7621073126792908,0.2016429901123047,0.1215057373046875,0.3760056190717907,worker2,worker2,worker2,0,0.0,0.2016429901123047,0.0
model_1,1256,1,0.3573470115661621,9,3,0,0,0.953395426273346,0.20554900169372559,0.15179800987243652,0.42479160300556035,worker2,worker2,worker2,0,0.0,0.20554900169372559,0.0
model_1,1257,1,0.5239741802215576,4,2,0,1,0.7129479646682739,0.36911749839782715,0.15485668182373047,0.29554258142691453,worker2,worker2,worker2,0,0.0,0.36911749839782715,0.0
model_1,1258,1,0.5548207759857178,9,9,1,1,0.9869575500488281,0.4520437717437744,0.10277700424194336,0.18524361143352183,worker2,worker2,worker2,0,0.0,0.4520437717437744,0.0
model_1,1259,1,0.33466410636901855,3,3,1,0,0.7258432507514954,0.2311997413635254,0.10346436500549316,0.3091588342952077,worker2,worker2,worker2,0,0.0,0.2311997413635254,0.0
model_1,1260,1,0.30326199531555176,9,9,1,0,0.6182548403739929,0.2119896411895752,0.09127235412597656,0.30096865263649464,worker2,worker2,worker2,0,0.0,0.2119896411895752,0.0
model_1,1261,1,0.3602421283721924,8,8,1,0,0.8947103023529053,0.20719671249389648,0.1530454158782959,0.42484041655498306,worker2,worker2,worker2,0,0.0,0.20719671249389648,0.0
model_1,1262,1,0.45886802673339844,3,3,1,1,0.9527536630630493,0.30646181106567383,0.1524062156677246,0.3321351822062607,worker2,worker2,worker2,0,0.0,0.30646181106567383,0.0
model_1,1263,1,0.5571465492248535,8,8,1,2,0.9882510304450989,0.39649486541748047,0.16065168380737305,0.2883472652408678,worker2->worker1,worker2,worker1,0,0.08562421798706055,0.3108706474304199,0.0
model_1,1264,1,0.32625699043273926,8,8,1,0,0.9887287616729736,0.23801040649414062,0.08824658393859863,0.2704818180954545,worker2,worker2,worker2,0,0.0,0.23801040649414062,0.0
model_1,1265,1,0.30075645446777344,8,8,1,0,0.8606231808662415,0.20976924896240234,0.0909872055053711,0.302527856522263,worker2,worker2,worker2,0,0.0,0.20976924896240234,0.0
model_1,1266,1,0.48372936248779297,3,3,1,1,0.5621190071105957,0.39260220527648926,0.09112715721130371,0.18838458914844833,worker2,worker2,worker2,0,0.0,0.39260220527648926,0.0
model_1,1267,1,0.6194722652435303,2,2,1,2,0.9016796350479126,0.4659287929534912,0.15354347229003906,0.24786173797414035,worker2->worker1,worker2,worker1,0,0.14889144897460938,0.31703734397888184,0.0
model_1,1268,1,0.40269923210144043,9,9,1,1,0.9967843294143677,0.3136899471282959,0.08900928497314453,0.2210316729651051,worker2,worker2,worker2,0,0.0,0.3136899471282959,0.0
model_1,1269,1,0.6518652439117432,1,1,1,1,0.9989879727363586,0.497835636138916,0.15402960777282715,0.2362905665111383,worker2,worker2,worker2,0,0.0,0.497835636138916,0.0
model_1,1270,1,0.45216894149780273,9,9,1,0,0.9729189276695251,0.35425305366516113,0.0979158878326416,0.21654713282229582,worker2,worker2,worker2,0,0.0,0.35425305366516113,0.0
model_1,1271,1,0.29644298553466797,9,9,1,0,0.9779179096221924,0.2121143341064453,0.08432865142822266,0.28446836505888823,worker2,worker2,worker2,0,0.0,0.2121143341064453,0.0
model_1,1272,1,0.49688172340393066,5,3,0,1,0.877532958984375,0.4118683338165283,0.08501338958740234,0.17109381485197495,worker2,worker2,worker2,0,0.0,0.4118683338165283,0.0
model_1,1273,1,0.642507791519165,0,0,1,2,0.9095669984817505,0.49023938179016113,0.1522684097290039,0.2369907598614109,worker2->worker1,worker2,worker1,0,0.1758711338043213,0.31436824798583984,0.0
model_1,1274,1,0.3999001979827881,4,4,1,1,0.8674036860466003,0.3131725788116455,0.08672761917114258,0.2168731588746935,worker2,worker2,worker2,0,0.0,0.3131725788116455,0.0
model_1,1275,1,0.6380960941314697,5,5,1,2,0.9598168134689331,0.4810009002685547,0.15709519386291504,0.2461936302505372,worker2->worker1,worker2,worker1,0,0.1632843017578125,0.3177165985107422,0.0
model_1,1276,1,0.485260009765625,5,3,0,1,0.5555516481399536,0.39353466033935547,0.09172534942626953,0.18902309603169612,worker2,worker2,worker2,0,0.0,0.39353466033935547,0.0
model_1,1277,1,0.3214607238769531,0,0,1,0,0.9062394499778748,0.2097327709197998,0.11172795295715332,0.34756330916469874,worker2,worker2,worker2,0,0.0,0.2097327709197998,0.0
model_1,1278,1,0.39789557456970215,0,0,1,1,0.9637158513069153,0.3128035068511963,0.08509206771850586,0.21385527549666097,worker2,worker2,worker2,0,0.0,0.3128035068511963,0.0
model_1,1279,1,0.4046332836151123,8,0,0,1,0.6265208721160889,0.3185265064239502,0.08610677719116211,0.2128020127802116,worker2,worker2,worker2,0,0.0,0.3185265064239502,0.0
model_1,1280,1,0.4000053405761719,3,2,0,1,0.800550639629364,0.3132014274597168,0.08680391311645508,0.21700688543663396,worker2,worker2,worker2,0,0.0,0.3132014274597168,0.0
model_1,1281,1,0.44663238525390625,4,4,1,1,0.8532956838607788,0.3607163429260254,0.08591604232788086,0.19236411233152834,worker2,worker2,worker2,0,0.0,0.3607163429260254,0.0
model_1,1282,1,0.617962121963501,5,5,1,2,0.939880907535553,0.46250486373901367,0.1554572582244873,0.25156438024152744,worker2->worker1,worker2,worker1,0,0.08192896842956543,0.38057589530944824,0.0
model_1,1283,1,0.382706880569458,3,3,1,0,0.956394612789154,0.24932050704956055,0.13338637351989746,0.34853403555593765,worker2,worker2,worker2,0,0.0,0.24932050704956055,0.0
model_1,1284,1,0.29236721992492676,8,8,1,0,0.9736919403076172,0.20704913139343262,0.08531808853149414,0.2918182433495858,worker2,worker2,worker2,0,0.0,0.20704913139343262,0.0
model_1,1285,1,0.29288482666015625,1,1,1,0,0.8902543783187866,0.2079005241394043,0.08498430252075195,0.29016287217692566,worker2,worker2,worker2,0,0.0,0.2079005241394043,0.0
model_1,1286,1,0.34064197540283203,6,6,1,0,0.9895308017730713,0.2539560794830322,0.0866858959197998,0.25447802143963,worker2,worker2,worker2,0,0.0,0.2539560794830322,0.0
model_1,1287,1,0.30858564376831055,4,4,1,0,0.9872719645500183,0.2114884853363037,0.09709715843200684,0.3146522218153105,worker2,worker2,worker2,0,0.0,0.2114884853363037,0.0
model_1,1288,1,0.3592238426208496,8,8,1,0,0.9525033235549927,0.20756149291992188,0.15166234970092773,0.42219455310766485,worker2,worker2,worker2,0,0.0,0.20756149291992188,0.0
model_1,1289,1,0.5646052360534668,6,6,1,1,0.9894847273826599,0.4758760929107666,0.0887291431427002,0.15715253326892234,worker2,worker2,worker2,0,0.0,0.4758760929107666,0.0
model_1,1290,1,0.3612523078918457,3,5,0,0,0.7679733037948608,0.26898980140686035,0.09226250648498535,0.2553963101949443,worker2,worker2,worker2,0,0.0,0.26898980140686035,0.0
model_1,1291,1,0.34370946884155273,8,8,1,0,0.9854570031166077,0.259584903717041,0.08412456512451172,0.24475486639354838,worker2,worker2,worker2,0,0.0,0.259584903717041,0.0
model_1,1292,1,0.345522403717041,2,3,0,0,0.756534993648529,0.2553701400756836,0.09015226364135742,0.2609158267930606,worker2,worker2,worker2,0,0.0,0.2553701400756836,0.0
model_1,1293,1,0.3063333034515381,5,5,1,0,0.9048639535903931,0.21035146713256836,0.09598183631896973,0.3133248498857848,worker2,worker2,worker2,0,0.0,0.21035146713256836,0.0
model_1,1294,1,0.36705660820007324,6,6,1,0,0.8236836791038513,0.21453452110290527,0.15252208709716797,0.4155274246255554,worker2,worker2,worker2,0,0.0,0.21453452110290527,0.0
model_1,1295,1,0.6210107803344727,9,9,1,1,0.9771949648857117,0.4679296016693115,0.15308117866516113,0.24650325487540253,worker2,worker2,worker2,0,0.0,0.4679296016693115,0.0
model_1,1296,1,0.39145326614379883,3,3,1,0,0.7035932540893555,0.2984659671783447,0.0929872989654541,0.2375438066502058,worker2,worker2,worker2,0,0.0,0.2984659671783447,0.0
model_1,1297,1,0.6104974746704102,3,3,1,2,0.780958890914917,0.4678521156311035,0.14264535903930664,0.23365429826932,worker2->worker1,worker2,worker1,0,0.15935420989990234,0.30849790573120117,0.0
model_1,1298,1,0.41115593910217285,2,2,1,1,0.708611786365509,0.32695555686950684,0.08420038223266602,0.2047894101117243,worker2,worker2,worker2,0,0.0,0.32695555686950684,0.0
model_1,1299,1,0.2867555618286133,8,8,1,0,0.7741789817810059,0.202988862991333,0.08376669883728027,0.2921188286745265,worker2,worker2,worker2,0,0.0,0.202988862991333,0.0
model_1,1300,1,0.31010890007019043,9,9,1,0,0.9227799773216248,0.2212681770324707,0.08884072303771973,0.28648233900288383,worker2,worker2,worker2,0,0.0,0.2212681770324707,0.0
model_1,1301,1,0.4035813808441162,8,8,1,1,0.9636366367340088,0.31812000274658203,0.08546137809753418,0.21175748474517395,worker2,worker2,worker2,0,0.0,0.31812000274658203,0.0
model_1,1302,1,0.6695172786712646,2,2,1,2,0.989988386631012,0.5107614994049072,0.15875577926635742,0.23711976422987444,worker2->worker1,worker2,worker1,0,0.17035651206970215,0.3404049873352051,0.0
model_1,1303,1,0.36080479621887207,0,0,1,0,0.5747271776199341,0.20696425437927246,0.1538405418395996,0.42638164307072174,worker2,worker2,worker2,0,0.0,0.20696425437927246,0.0
model_1,1304,1,0.5999536514282227,6,6,1,1,0.894001305103302,0.4363110065460205,0.16364264488220215,0.2727588114392534,worker2,worker2,worker2,0,0.0,0.4363110065460205,0.0
model_1,1305,1,0.4538426399230957,3,3,1,1,0.8606950640678406,0.35061168670654297,0.10323095321655273,0.2274597936281293,worker2,worker2,worker2,0,0.0,0.35061168670654297,0.0
model_1,1306,1,0.3855128288269043,1,1,1,0,0.949220597743988,0.21937870979309082,0.16613411903381348,0.43094316611810574,worker2,worker2,worker2,0,0.0,0.21937870979309082,0.0
model_1,1307,1,0.304351806640625,4,7,0,0,0.7195494174957275,0.21491456031799316,0.08943724632263184,0.293861394515191,worker2,worker2,worker2,0,0.0,0.21491456031799316,0.0
model_1,1308,1,0.3880298137664795,6,6,1,0,0.925929069519043,0.2327420711517334,0.1552877426147461,0.40019538990424053,worker2,worker2,worker2,0,0.0,0.2327420711517334,0.0
model_1,1309,1,0.3059823513031006,3,3,1,0,0.8380374908447266,0.21085333824157715,0.09512901306152344,0.31089705878915336,worker2,worker2,worker2,0,0.0,0.21085333824157715,0.0
model_1,1310,1,0.6524438858032227,2,0,0,2,0.8665637969970703,0.4951300621032715,0.15731382369995117,0.24111471825087666,worker2->worker1,worker2,worker1,0,0.17131352424621582,0.32381653785705566,0.0
model_1,1311,1,0.4032275676727295,9,9,1,0,0.9052513241767883,0.24979639053344727,0.15343117713928223,0.3805076573132796,worker2,worker2,worker2,0,0.0,0.24979639053344727,0.0
model_1,1312,1,0.31635475158691406,9,9,1,0,0.986625075340271,0.21628022193908691,0.10007452964782715,0.31633642025551517,worker2,worker2,worker2,0,0.0,0.21628022193908691,0.0
model_1,1313,1,0.29946255683898926,6,6,1,0,0.9788569211959839,0.21419548988342285,0.0852670669555664,0.28473365036221066,worker2,worker2,worker2,0,0.0,0.21419548988342285,0.0
model_1,1314,1,0.29177236557006836,5,5,1,0,0.915514349937439,0.20692729949951172,0.08484506607055664,0.29079198746181917,worker2,worker2,worker2,0,0.0,0.20692729949951172,0.0
model_1,1315,1,0.3275322914123535,8,8,1,0,0.9982225298881531,0.22438812255859375,0.10314416885375977,0.31491297669915636,worker2,worker2,worker2,0,0.0,0.22438812255859375,0.0
model_1,1316,1,0.4610891342163086,7,7,1,0,0.9765955209732056,0.2953605651855469,0.16572856903076172,0.3594284851505832,worker2,worker2,worker2,0,0.0,0.2953605651855469,0.0
model_1,1317,1,0.35138940811157227,4,5,0,0,0.9560789465904236,0.25211024284362793,0.09927916526794434,0.2825331753779598,worker2,worker2,worker2,0,0.0,0.25211024284362793,0.0
model_1,1318,1,0.4022836685180664,3,7,0,1,0.5928698778152466,0.3182852268218994,0.08399844169616699,0.2088040064007586,worker2,worker2,worker2,0,0.0,0.3182852268218994,0.0
model_1,1319,1,0.29816126823425293,3,3,1,0,0.8330996632575989,0.2127091884613037,0.08545207977294922,0.286596848339849,worker2,worker2,worker2,0,0.0,0.2127091884613037,0.0
model_1,1320,1,0.40767693519592285,4,3,0,1,0.759334921836853,0.31883668899536133,0.08884024620056152,0.21791825470299506,worker2,worker2,worker2,0,0.0,0.31883668899536133,0.0
model_1,1321,1,0.35692501068115234,9,9,1,0,0.9586074352264404,0.2570195198059082,0.09990549087524414,0.27990610880583977,worker2,worker2,worker2,0,0.0,0.2570195198059082,0.0
model_1,1322,1,0.4533655643463135,9,9,1,1,0.9991061091423035,0.3643627166748047,0.08900284767150879,0.19631585341034408,worker2,worker2,worker2,0,0.0,0.3643627166748047,0.0
model_1,1323,1,0.6164581775665283,3,3,1,1,0.9468253254890442,0.4536726474761963,0.16278553009033203,0.264065813406724,worker2,worker2,worker2,0,0.0,0.4536726474761963,0.0
model_1,1324,1,0.5257182121276855,6,6,1,1,0.8974581956863403,0.41754627227783203,0.10817193984985352,0.20576030533935716,worker2,worker2,worker2,0,0.0,0.41754627227783203,0.0
model_1,1325,1,0.5383713245391846,8,8,1,1,0.8804709911346436,0.4533729553222656,0.08499836921691895,0.15788056559229402,worker2,worker2,worker2,0,0.0,0.4533729553222656,0.0
model_1,1326,1,0.35104870796203613,5,3,0,0,0.9407212734222412,0.25823211669921875,0.09281659126281738,0.2643980426581002,worker2,worker2,worker2,0,0.0,0.25823211669921875,0.0
model_1,1327,1,0.3000800609588623,4,4,1,0,0.9481377601623535,0.2167952060699463,0.08328485488891602,0.2775421153367916,worker2,worker2,worker2,0,0.0,0.2167952060699463,0.0
model_1,1328,1,0.2985715866088867,1,1,1,0,0.8571351170539856,0.2134711742401123,0.08510041236877441,0.2850251537171604,worker2,worker2,worker2,0,0.0,0.2134711742401123,0.0
model_1,1329,1,0.46872615814208984,3,7,0,1,0.9091658592224121,0.37679266929626465,0.0919334888458252,0.19613475213379586,worker2,worker2,worker2,0,0.0,0.37679266929626465,0.0
model_1,1330,1,0.38849568367004395,1,9,0,0,0.7742151618003845,0.23384690284729004,0.1546487808227539,0.3980707825678181,worker2,worker2,worker2,0,0.0,0.23384690284729004,0.0
model_1,1331,1,0.30204200744628906,4,3,0,0,0.9571323990821838,0.21194219589233398,0.09009981155395508,0.2983022537683841,worker2,worker2,worker2,0,0.0,0.21194219589233398,0.0
model_1,1332,1,0.29547834396362305,1,1,1,0,0.8230125308036804,0.21107053756713867,0.08440780639648438,0.28566495014225474,worker2,worker2,worker2,0,0.0,0.21107053756713867,0.0
model_1,1333,1,0.4566471576690674,6,6,1,1,0.9997320771217346,0.3695833683013916,0.08706378936767578,0.19065877867736777,worker2,worker2,worker2,0,0.0,0.3695833683013916,0.0
model_1,1334,1,0.6922979354858398,9,9,1,2,0.9984868764877319,0.5307977199554443,0.1615002155303955,0.23328137677755476,worker2->worker1,worker2,worker1,0,0.16484308242797852,0.3659546375274658,0.0
model_1,1335,1,0.4566538333892822,2,2,1,1,0.9805400967597961,0.3044729232788086,0.15218091011047363,0.33325223393174597,worker2,worker2,worker2,0,0.0,0.3044729232788086,0.0
model_1,1336,1,0.5705211162567139,5,5,1,2,0.9361771941184998,0.42353057861328125,0.14699053764343262,0.25764258930127343,worker2->worker1,worker2,worker1,0,0.08056187629699707,0.3429687023162842,0.0
model_1,1337,1,0.348207950592041,0,0,1,0,0.7137708067893982,0.2530324459075928,0.09517550468444824,0.273329499003759,worker2,worker2,worker2,0,0.0,0.2530324459075928,0.0
model_1,1338,1,0.3993947505950928,2,2,1,1,0.7916173934936523,0.3157308101654053,0.0836639404296875,0.20947681536882837,worker2,worker2,worker2,0,0.0,0.3157308101654053,0.0
model_1,1339,1,0.46521425247192383,5,5,1,1,0.9600602388381958,0.3784027099609375,0.08681154251098633,0.18660550928891736,worker2,worker2,worker2,0,0.0,0.3784027099609375,0.0
model_1,1340,1,0.3694186210632324,5,5,1,0,0.6236311793327332,0.21273350715637207,0.15668511390686035,0.42413972922074483,worker2,worker2,worker2,0,0.0,0.21273350715637207,0.0
model_1,1341,1,0.5556433200836182,8,8,1,1,0.9099010229110718,0.391909122467041,0.16373419761657715,0.2946750040870409,worker2,worker2,worker2,0,0.0,0.391909122467041,0.0
model_1,1342,1,0.6106414794921875,6,6,1,1,0.8674672842025757,0.5138795375823975,0.09676194190979004,0.15845949736375223,worker2,worker2,worker2,0,0.0,0.5138795375823975,0.0
model_1,1343,1,0.33384037017822266,8,8,1,0,0.9996440410614014,0.2388451099395752,0.09499526023864746,0.28455294423479605,worker2,worker2,worker2,0,0.0,0.2388451099395752,0.0
model_1,1344,1,0.29671573638916016,4,4,1,0,0.9811752438545227,0.2098696231842041,0.08684611320495605,0.2926912952505231,worker2,worker2,worker2,0,0.0,0.2098696231842041,0.0
model_1,1345,1,0.4023416042327881,7,7,1,1,0.7646092772483826,0.31580138206481934,0.08654022216796875,0.21509140804115806,worker2,worker2,worker2,0,0.0,0.31580138206481934,0.0
model_1,1346,1,0.36154913902282715,7,7,1,0,0.7693396806716919,0.2065129280090332,0.15503621101379395,0.4288108981059015,worker2,worker2,worker2,0,0.0,0.2065129280090332,0.0
model_1,1347,1,0.5199012756347656,3,4,0,1,0.5813223123550415,0.42994165420532227,0.08995962142944336,0.17303212291527562,worker2,worker2,worker2,0,0.0,0.42994165420532227,0.0
model_1,1348,1,0.3509032726287842,7,7,1,0,0.5444299578666687,0.25163817405700684,0.09926509857177734,0.28288450497521733,worker2,worker2,worker2,0,0.0,0.25163817405700684,0.0
model_1,1349,1,0.32161664962768555,6,6,1,0,0.979518711566925,0.23506569862365723,0.08655095100402832,0.26911215916285014,worker2,worker2,worker2,0,0.0,0.23506569862365723,0.0
model_1,1350,1,0.30455613136291504,5,2,0,0,0.7329216003417969,0.21564269065856934,0.0889134407043457,0.29194434637204764,worker2,worker2,worker2,0,0.0,0.21564269065856934,0.0
model_1,1351,1,1.0651299953460693,5,5,1,3,0.601130485534668,0.8621852397918701,0.20294475555419922,0.19053519893434306,worker2->worker1->worker3,worker2,worker3,0,0.1921706199645996,0.5699687004089355,0.10004591941833496
model_1,1352,1,0.3367938995361328,5,5,1,0,0.8713114857673645,0.2512478828430176,0.08554601669311523,0.25400108734433136,worker2,worker2,worker2,0,0.0,0.2512478828430176,0.0
model_1,1353,1,0.4821021556854248,4,4,1,0,0.8450828790664673,0.3234436511993408,0.15865850448608398,0.32909727246606596,worker2,worker2,worker2,0,0.0,0.3234436511993408,0.0
model_1,1354,1,0.35550951957702637,0,0,1,0,0.9440858960151672,0.26206207275390625,0.09344744682312012,0.26285497765095245,worker2,worker2,worker2,0,0.0,0.26206207275390625,0.0
model_1,1355,1,0.39926719665527344,1,1,1,1,0.6656762361526489,0.3151671886444092,0.08410000801086426,0.21063590676966146,worker2,worker2,worker2,0,0.0,0.3151671886444092,0.0
model_1,1356,1,0.2842230796813965,2,5,0,0,0.8284196257591248,0.20056366920471191,0.08365941047668457,0.2943441840488945,worker2,worker2,worker2,0,0.0,0.20056366920471191,0.0
model_1,1357,1,0.2878143787384033,4,4,1,0,0.9554255604743958,0.20299243927001953,0.08482193946838379,0.29471056950034835,worker2,worker2,worker2,0,0.0,0.20299243927001953,0.0
model_1,1358,1,0.4412839412689209,0,0,1,1,0.9116002917289734,0.3558957576751709,0.08538818359375,0.19349941298161577,worker2,worker2,worker2,0,0.0,0.3558957576751709,0.0
model_1,1359,1,0.5849547386169434,9,9,1,1,0.987031877040863,0.49400949478149414,0.09094524383544922,0.15547398427864445,worker2,worker2,worker2,0,0.0,0.49400949478149414,0.0
model_1,1360,1,0.37885427474975586,8,8,1,0,0.7198430299758911,0.2774646282196045,0.10138964653015137,0.26762175666916294,worker2,worker2,worker2,0,0.0,0.2774646282196045,0.0
model_1,1361,1,0.8458313941955566,5,9,0,3,0.8059007525444031,0.6600332260131836,0.18579816818237305,0.21966336252992805,worker2->worker1->worker3,worker2,worker3,0,0.13110017776489258,0.4278564453125,0.10107660293579102
model_1,1362,1,0.6416909694671631,2,2,1,2,0.9827521443367004,0.48476362228393555,0.15692734718322754,0.24455283719129525,worker2->worker1,worker2,worker1,0,0.17345666885375977,0.3113069534301758,0.0
model_1,1363,1,0.3258028030395508,1,1,1,0,0.8194622993469238,0.2061614990234375,0.11964130401611328,0.3672199959605303,worker2,worker2,worker2,0,0.0,0.2061614990234375,0.0
model_1,1364,1,0.3973867893218994,5,5,1,0,0.9171551465988159,0.24482965469360352,0.1525571346282959,0.3839008712106895,worker2,worker2,worker2,0,0.0,0.24482965469360352,0.0
model_1,1365,1,0.32105207443237305,1,9,0,0,0.670065701007843,0.21729040145874023,0.10376167297363281,0.32319265700770095,worker2,worker2,worker2,0,0.0,0.21729040145874023,0.0
model_1,1366,1,0.2913205623626709,8,8,1,0,0.9920397996902466,0.205918550491333,0.08540201187133789,0.2931547679940944,worker2,worker2,worker2,0,0.0,0.205918550491333,0.0
model_1,1367,1,0.40079569816589355,7,7,1,1,0.7728400230407715,0.31549930572509766,0.0852963924407959,0.21281763459819078,worker2,worker2,worker2,0,0.0,0.31549930572509766,0.0
model_1,1368,1,0.3357415199279785,8,8,1,0,0.9996657371520996,0.209120512008667,0.12662100791931152,0.37713836509250803,worker2,worker2,worker2,0,0.0,0.209120512008667,0.0
model_1,1369,1,0.4014718532562256,3,3,1,1,0.982628583908081,0.3148033618927002,0.08666849136352539,0.21587688068436572,worker2,worker2,worker2,0,0.0,0.3148033618927002,0.0
model_1,1370,1,0.6346235275268555,4,7,0,2,0.6362558007240295,0.4802076816558838,0.15441584587097168,0.24331881686254886,worker2->worker1,worker2,worker1,0,0.11539483070373535,0.36481285095214844,0.0
model_1,1371,1,0.29984545707702637,9,9,1,0,0.9587357640266418,0.2126922607421875,0.08715319633483887,0.29066038613501605,worker2,worker2,worker2,0,0.0,0.2126922607421875,0.0
model_1,1372,1,0.3119547367095947,2,2,1,0,0.9372752904891968,0.20516681671142578,0.10678791999816895,0.3423186361089945,worker2,worker2,worker2,0,0.0,0.20516681671142578,0.0
model_1,1373,1,0.2980992794036865,9,9,1,0,0.9497056007385254,0.2110157012939453,0.08708357810974121,0.2921294485647263,worker2,worker2,worker2,0,0.0,0.2110157012939453,0.0
model_1,1374,1,0.45571064949035645,6,6,1,1,0.9883654117584229,0.36777639389038086,0.08793425559997559,0.19296072123466232,worker2,worker2,worker2,0,0.0,0.36777639389038086,0.0
model_1,1375,1,0.41233277320861816,3,1,0,0,0.7829423546791077,0.2554042339324951,0.15692853927612305,0.38058711184891836,worker2,worker2,worker2,0,0.0,0.2554042339324951,0.0
model_1,1376,1,0.3630192279815674,8,0,0,0,0.6284936666488647,0.2662067413330078,0.09681248664855957,0.26668693883475314,worker2,worker2,worker2,0,0.0,0.2662067413330078,0.0
model_1,1377,1,0.30251312255859375,2,4,0,0,0.5716055631637573,0.2048490047454834,0.09766411781311035,0.3228425827847974,worker2,worker2,worker2,0,0.0,0.2048490047454834,0.0
model_1,1378,1,0.29848408699035645,7,7,1,0,0.9791393280029297,0.2109072208404541,0.08757686614990234,0.29340547776917775,worker2,worker2,worker2,0,0.0,0.2109072208404541,0.0
model_1,1379,1,0.3570108413696289,2,4,0,0,0.7233558297157288,0.2671520709991455,0.0898587703704834,0.25169759558491583,worker2,worker2,worker2,0,0.0,0.2671520709991455,0.0
model_1,1380,1,0.32573986053466797,6,6,1,0,0.7583563327789307,0.21450042724609375,0.11123943328857422,0.3414977617599096,worker2,worker2,worker2,0,0.0,0.21450042724609375,0.0
model_1,1381,1,0.464155912399292,4,2,0,0,0.7922919392585754,0.29938626289367676,0.16476964950561523,0.35498772094466285,worker2,worker2,worker2,0,0.0,0.29938626289367676,0.0
model_1,1382,1,0.3533906936645508,9,9,1,0,0.9900612831115723,0.2401878833770752,0.11320281028747559,0.32033330904557195,worker2,worker2,worker2,0,0.0,0.2401878833770752,0.0
model_1,1383,1,0.2917299270629883,0,9,0,0,0.732962965965271,0.20169639587402344,0.09003353118896484,0.3086194553139741,worker2,worker2,worker2,0,0.0,0.20169639587402344,0.0
model_1,1384,1,0.2916538715362549,9,9,1,0,0.7858684062957764,0.20727181434631348,0.0843820571899414,0.28932260266413795,worker2,worker2,worker2,0,0.0,0.20727181434631348,0.0
model_1,1385,1,0.8184688091278076,6,6,1,3,0.5709851384162903,0.6306486129760742,0.1878201961517334,0.22947752444211275,worker2->worker1->worker3,worker2,worker3,0,0.13748931884765625,0.39272165298461914,0.10043764114379883
model_1,1386,1,0.6562590599060059,6,6,1,2,0.9730241894721985,0.5018763542175293,0.15438270568847656,0.23524658952607583,worker2->worker1,worker2,worker1,0,0.1872999668121338,0.3145763874053955,0.0
model_1,1387,1,0.3872232437133789,0,0,1,1,0.6396680474281311,0.3020355701446533,0.08518767356872559,0.21999628109045324,worker2,worker2,worker2,0,0.0,0.3020355701446533,0.0
model_1,1388,1,0.4199542999267578,6,2,0,1,0.767961323261261,0.32800769805908203,0.09194660186767578,0.2189443039009524,worker2,worker2,worker2,0,0.0,0.32800769805908203,0.0
model_1,1389,1,0.6303808689117432,5,5,1,2,0.8830652832984924,0.4789085388183594,0.1514723300933838,0.2402870035616369,worker2->worker1,worker2,worker1,0,0.15973544120788574,0.31917309761047363,0.0
model_1,1390,1,0.43949103355407715,2,2,1,1,0.9127426743507385,0.34265971183776855,0.0968313217163086,0.22032604609302908,worker2,worker2,worker2,0,0.0,0.34265971183776855,0.0
model_1,1391,1,0.3218872547149658,1,1,1,0,0.7584136128425598,0.22805500030517578,0.09383225440979004,0.2915065851019152,worker2,worker2,worker2,0,0.0,0.22805500030517578,0.0
model_1,1392,1,0.31365346908569336,4,4,1,0,0.885762631893158,0.21665692329406738,0.09699654579162598,0.3092474828171772,worker2,worker2,worker2,0,0.0,0.21665692329406738,0.0
model_1,1393,1,0.32289576530456543,8,8,1,0,0.9742196798324585,0.23006510734558105,0.09283065795898438,0.2874941945163746,worker2,worker2,worker2,0,0.0,0.23006510734558105,0.0
model_1,1394,1,0.31633543968200684,8,8,1,0,0.8588029742240906,0.21749067306518555,0.09884476661682129,0.31246820374025763,worker2,worker2,worker2,0,0.0,0.21749067306518555,0.0
model_1,1395,1,0.4492182731628418,3,5,0,1,0.9200767278671265,0.3541436195373535,0.09507465362548828,0.21164467098831413,worker2,worker2,worker2,0,0.0,0.3541436195373535,0.0
model_1,1396,1,0.3064548969268799,1,1,1,0,0.8858214616775513,0.2142624855041504,0.09219241142272949,0.30083517133265647,worker2,worker2,worker2,0,0.0,0.2142624855041504,0.0
model_1,1397,1,0.45719361305236816,3,5,0,0,0.7402451634407043,0.2972598075866699,0.15993380546569824,0.34981635985229526,worker2,worker2,worker2,0,0.0,0.2972598075866699,0.0
model_1,1398,1,0.3765225410461426,6,6,1,0,0.8015559911727905,0.2789759635925293,0.09754657745361328,0.2590723444673104,worker2,worker2,worker2,0,0.0,0.2789759635925293,0.0
model_1,1399,1,0.35268235206604004,9,9,1,0,0.9625504612922668,0.25224781036376953,0.10043454170227051,0.2847733693333883,worker2,worker2,worker2,0,0.0,0.25224781036376953,0.0
model_1,1400,1,0.458035945892334,7,7,1,1,0.5771662592887878,0.3722398281097412,0.08579611778259277,0.1873130669154076,worker2,worker2,worker2,0,0.0,0.3722398281097412,0.0
model_1,1401,1,0.36411166191101074,7,7,1,0,0.9316104650497437,0.27326083183288574,0.090850830078125,0.24951365084353996,worker2,worker2,worker2,0,0.0,0.27326083183288574,0.0
model_1,1402,1,0.457500696182251,6,6,1,1,0.9198883175849915,0.37260913848876953,0.08489155769348145,0.18555503500187867,worker2,worker2,worker2,0,0.0,0.37260913848876953,0.0
model_1,1403,1,0.5960111618041992,7,7,1,2,0.9521631598472595,0.4426121711730957,0.15339899063110352,0.2573760366613704,worker2->worker1,worker2,worker1,0,0.0795125961303711,0.3630995750427246,0.0
model_1,1404,1,0.30066347122192383,4,4,1,0,0.627048671245575,0.21064090728759766,0.09002256393432617,0.29941303999606683,worker2,worker2,worker2,0,0.0,0.21064090728759766,0.0
model_1,1405,1,0.30869126319885254,9,9,1,0,0.8521648049354553,0.22094225883483887,0.08774900436401367,0.2842613796539087,worker2,worker2,worker2,0,0.0,0.22094225883483887,0.0
model_1,1406,1,0.5002398490905762,3,3,1,1,0.8820522427558899,0.4069802761077881,0.09325957298278809,0.18642971596991265,worker2,worker2,worker2,0,0.0,0.4069802761077881,0.0
model_1,1407,1,0.3179943561553955,8,8,1,0,0.9990028738975525,0.215651273727417,0.10234308242797852,0.32183930452515996,worker2,worker2,worker2,0,0.0,0.215651273727417,0.0
model_1,1408,1,0.6661577224731445,6,2,0,2,0.7221681475639343,0.5156922340393066,0.1504654884338379,0.22587066599667582,worker2->worker1,worker2,worker1,0,0.15077733993530273,0.3649148941040039,0.0
model_1,1409,1,0.4996354579925537,0,0,1,0,0.8558867573738098,0.34281420707702637,0.15682125091552734,0.3138713404080791,worker2,worker2,worker2,0,0.0,0.34281420707702637,0.0
model_1,1410,1,0.3484163284301758,8,8,1,0,0.9865880608558655,0.2436532974243164,0.10476303100585938,0.3006834710585453,worker2,worker2,worker2,0,0.0,0.2436532974243164,0.0
model_1,1411,1,0.4343137741088867,0,0,1,1,0.9576857686042786,0.346637487411499,0.0876762866973877,0.20187314316079322,worker2,worker2,worker2,0,0.0,0.346637487411499,0.0
model_1,1412,1,0.4683525562286377,0,0,1,1,0.9542292356491089,0.3794231414794922,0.08892941474914551,0.18987707778354143,worker2,worker2,worker2,0,0.0,0.3794231414794922,0.0
model_1,1413,1,0.3649778366088867,1,1,1,0,0.8596921563148499,0.20691728591918945,0.15806055068969727,0.43306890127434305,worker2,worker2,worker2,0,0.0,0.20691728591918945,0.0
model_1,1414,1,0.6840572357177734,4,4,1,1,0.98111891746521,0.5278832912445068,0.1561739444732666,0.22830537609823698,worker2,worker2,worker2,0,0.0,0.5278832912445068,0.0
model_1,1415,1,0.4548981189727783,0,0,1,0,0.7048603296279907,0.34534740447998047,0.10955071449279785,0.24082472519380435,worker2,worker2,worker2,0,0.0,0.34534740447998047,0.0
model_1,1416,1,0.4853854179382324,3,3,1,1,0.9799301624298096,0.4007141590118408,0.0846712589263916,0.1744412909766614,worker2,worker2,worker2,0,0.0,0.4007141590118408,0.0
model_1,1417,1,0.28992605209350586,7,7,1,0,0.9736853837966919,0.20561814308166504,0.08430790901184082,0.29079107725252007,worker2,worker2,worker2,0,0.0,0.20561814308166504,0.0
model_1,1418,1,0.46334242820739746,4,7,0,1,0.8253658413887024,0.37242555618286133,0.09091687202453613,0.19621961316229966,worker2,worker2,worker2,0,0.0,0.37242555618286133,0.0
model_1,1419,1,0.6199343204498291,5,5,1,2,0.997356653213501,0.45748233795166016,0.16245198249816895,0.2620470865047325,worker2->worker1,worker2,worker1,0,0.09012746810913086,0.3673548698425293,0.0
model_1,1420,1,0.3352994918823242,9,8,0,0,0.8958423733711243,0.24521160125732422,0.090087890625,0.26867887606765894,worker2,worker2,worker2,0,0.0,0.24521160125732422,0.0
model_1,1421,1,0.305370569229126,0,0,1,0,0.8376890420913696,0.21951961517333984,0.08585095405578613,0.281136961798602,worker2,worker2,worker2,0,0.0,0.21951961517333984,0.0
model_1,1422,1,0.64994215965271,2,2,1,2,0.9858161211013794,0.4924957752227783,0.15744638442993164,0.24224676317975977,worker2->worker1,worker2,worker1,0,0.12566852569580078,0.36682724952697754,0.0
model_1,1423,1,0.2910606861114502,8,8,1,0,0.9781683087348938,0.20467185974121094,0.08638882637023926,0.29680692203535886,worker2,worker2,worker2,0,0.0,0.20467185974121094,0.0
model_1,1424,1,0.402987003326416,3,3,1,1,0.9309594035148621,0.31636524200439453,0.08662176132202148,0.21494926785978405,worker2,worker2,worker2,0,0.0,0.31636524200439453,0.0
model_1,1425,1,0.3888120651245117,5,5,1,0,0.7547858357429504,0.22158217430114746,0.16722989082336426,0.4301046850740375,worker2,worker2,worker2,0,0.0,0.22158217430114746,0.0
model_1,1426,1,0.7753477096557617,4,2,0,1,0.69411301612854,0.6193549633026123,0.15599274635314941,0.20119069729683856,worker2,worker2,worker2,0,0.0,0.6193549633026123,0.0
model_1,1427,1,0.511091947555542,5,5,1,0,0.9442455768585205,0.39968204498291016,0.11140990257263184,0.21798406941350718,worker2,worker2,worker2,0,0.0,0.39968204498291016,0.0
model_1,1428,1,0.48984479904174805,3,3,1,1,0.8648666739463806,0.35942864418029785,0.1304161548614502,0.26623974596969274,worker2,worker2,worker2,0,0.0,0.35942864418029785,0.0
model_1,1429,1,0.2870006561279297,2,2,1,0,0.9958612322807312,0.20253705978393555,0.08446359634399414,0.29429757228967707,worker2,worker2,worker2,0,0.0,0.20253705978393555,0.0
model_1,1430,1,0.4450371265411377,8,8,1,1,0.98451828956604,0.3599977493286133,0.08503937721252441,0.1910837818710922,worker2,worker2,worker2,0,0.0,0.3599977493286133,0.0
model_1,1431,1,0.3613908290863037,6,6,1,0,0.9580148458480835,0.20851588249206543,0.15287494659423828,0.423018334418581,worker2,worker2,worker2,0,0.0,0.20851588249206543,0.0
model_1,1432,1,0.5501842498779297,4,4,1,1,0.9168003797531128,0.39417099952697754,0.15601325035095215,0.28356546081711187,worker2,worker2,worker2,0,0.0,0.39417099952697754,0.0
model_1,1433,1,0.5166654586791992,4,4,1,1,0.9966896772384644,0.40996432304382324,0.10670113563537598,0.20651880988550345,worker2,worker2,worker2,0,0.0,0.40996432304382324,0.0
model_1,1434,1,0.5831127166748047,3,3,1,1,0.9920652508735657,0.41785693168640137,0.16525578498840332,0.2834028143491245,worker2,worker2,worker2,0,0.0,0.41785693168640137,0.0
model_1,1435,1,0.5299561023712158,2,2,1,1,0.9982438087463379,0.4262049198150635,0.10375118255615234,0.19577316327131988,worker2,worker2,worker2,0,0.0,0.4262049198150635,0.0
model_1,1436,1,0.3188960552215576,9,1,0,0,0.9196633696556091,0.2257852554321289,0.09311079978942871,0.2919785248667897,worker2,worker2,worker2,0,0.0,0.2257852554321289,0.0
model_1,1437,1,0.9730851650238037,3,0,0,3,0.5414263606071472,0.752173662185669,0.22091150283813477,0.22702175593513524,worker2->worker1->worker3,worker2,worker3,0,0.17128300666809082,0.4772186279296875,0.10367202758789062
model_1,1438,1,0.2984182834625244,6,6,1,0,0.9274464845657349,0.21117877960205078,0.08723950386047363,0.2923396745274464,worker2,worker2,worker2,0,0.0,0.21117877960205078,0.0
model_1,1439,1,0.40171027183532715,1,1,1,1,0.9977794289588928,0.31526970863342285,0.0864405632019043,0.21518136144982328,worker2,worker2,worker2,0,0.0,0.31526970863342285,0.0
model_1,1440,1,0.4981238842010498,4,4,1,1,0.9669119715690613,0.4108307361602783,0.08729314804077148,0.17524385159884995,worker2,worker2,worker2,0,0.0,0.4108307361602783,0.0
model_1,1441,1,0.655174732208252,7,7,1,2,0.9999784231185913,0.4995296001434326,0.15564513206481934,0.2375627819775968,worker2->worker1,worker2,worker1,0,0.0803382396697998,0.4191913604736328,0.0
model_1,1442,1,0.34856557846069336,8,8,1,0,0.7763741612434387,0.25017428398132324,0.09839129447937012,0.2822748445611803,worker2,worker2,worker2,0,0.0,0.25017428398132324,0.0
model_1,1443,1,0.4032437801361084,9,9,1,1,0.9843024015426636,0.31973910331726074,0.08350467681884766,0.20708236786854345,worker2,worker2,worker2,0,0.0,0.31973910331726074,0.0
model_1,1444,1,0.7205102443695068,3,3,1,2,0.928295373916626,0.5566399097442627,0.16387033462524414,0.22743650892658898,worker2->worker1,worker2,worker1,0,0.19560790061950684,0.36103200912475586,0.0
model_1,1445,1,0.4678323268890381,4,4,1,1,0.9997715353965759,0.37940192222595215,0.08843040466308594,0.18902157798954353,worker2,worker2,worker2,0,0.0,0.37940192222595215,0.0
model_1,1446,1,0.2976796627044678,6,6,1,0,0.9834307432174683,0.20925426483154297,0.0884253978729248,0.2970488379003315,worker2,worker2,worker2,0,0.0,0.20925426483154297,0.0
model_1,1447,1,0.4267873764038086,4,4,1,0,0.7552825808525085,0.2687826156616211,0.1580047607421875,0.37021891807945584,worker2,worker2,worker2,0,0.0,0.2687826156616211,0.0
model_1,1448,1,0.3545656204223633,9,9,1,0,0.8384501934051514,0.2554442882537842,0.0991213321685791,0.2795570874877955,worker2,worker2,worker2,0,0.0,0.2554442882537842,0.0
model_1,1449,1,0.7110962867736816,0,2,0,2,0.8258068561553955,0.5544788837432861,0.1566174030303955,0.22024781445700564,worker2->worker1,worker2,worker1,0,0.19335722923278809,0.36112165451049805,0.0
model_1,1450,1,0.4951958656311035,4,4,1,0,0.9037739038467407,0.33417582511901855,0.16102004051208496,0.32516434745850026,worker2,worker2,worker2,0,0.0,0.33417582511901855,0.0
model_1,1451,1,0.35491108894348145,1,1,1,0,0.97966468334198,0.24080109596252441,0.11410999298095703,0.32151712509362795,worker2,worker2,worker2,0,0.0,0.24080109596252441,0.0
model_1,1452,1,0.4023716449737549,1,1,1,1,0.7282442450523376,0.3173685073852539,0.08500313758850098,0.21125528761860293,worker2,worker2,worker2,0,0.0,0.3173685073852539,0.0
model_1,1453,1,0.297976016998291,8,8,1,0,0.9927846193313599,0.2116096019744873,0.08636641502380371,0.289843511212176,worker2,worker2,worker2,0,0.0,0.2116096019744873,0.0
model_1,1454,1,0.3649728298187256,9,9,1,0,0.9969040751457214,0.21346330642700195,0.15150952339172363,0.4151254860998153,worker2,worker2,worker2,0,0.0,0.21346330642700195,0.0
model_1,1455,1,0.4621284008026123,3,7,0,1,0.8523995280265808,0.37627148628234863,0.08585691452026367,0.18578584300629364,worker2,worker2,worker2,0,0.0,0.37627148628234863,0.0
model_1,1456,1,0.3421604633331299,3,4,0,0,0.8123021125793457,0.2455146312713623,0.09664583206176758,0.28245762564236565,worker2,worker2,worker2,0,0.0,0.2455146312713623,0.0
model_1,1457,1,0.43877410888671875,4,4,1,1,0.8098016381263733,0.3519937992095947,0.08678030967712402,0.197779011841213,worker2,worker2,worker2,0,0.0,0.3519937992095947,0.0
model_1,1458,1,0.40769100189208984,1,1,1,1,0.9927686452865601,0.3217353820800781,0.08595561981201172,0.2108352144469526,worker2,worker2,worker2,0,0.0,0.3217353820800781,0.0
model_1,1459,1,0.6259493827819824,3,5,0,1,0.9683535099029541,0.5367026329040527,0.08924674987792969,0.14257822171064308,worker2,worker2,worker2,0,0.0,0.5367026329040527,0.0
model_1,1460,1,0.3786892890930176,6,6,1,0,0.9277701377868652,0.2839329242706299,0.0947563648223877,0.2502219300929651,worker2,worker2,worker2,0,0.0,0.2839329242706299,0.0
model_1,1461,1,0.3012995719909668,9,9,1,0,0.8639581799507141,0.21793389320373535,0.08336567878723145,0.27668701364677284,worker2,worker2,worker2,0,0.0,0.21793389320373535,0.0
model_1,1462,1,0.32355666160583496,3,3,1,0,0.571850061416626,0.23704123497009277,0.08651542663574219,0.26738879739443444,worker2,worker2,worker2,0,0.0,0.23704123497009277,0.0
model_1,1463,1,0.31324052810668945,3,3,1,0,0.8229562640190125,0.2293720245361328,0.08386850357055664,0.2677447394099371,worker2,worker2,worker2,0,0.0,0.2293720245361328,0.0
model_1,1464,1,0.41387486457824707,4,4,1,0,0.7287954092025757,0.2570157051086426,0.1568591594696045,0.37900141539025195,worker2,worker2,worker2,0,0.0,0.2570157051086426,0.0
model_1,1465,1,0.3028261661529541,7,7,1,0,0.9902141690254211,0.20815730094909668,0.09466886520385742,0.31261785071783144,worker2,worker2,worker2,0,0.0,0.20815730094909668,0.0
model_1,1466,1,0.5198731422424316,9,9,1,1,0.9945143461227417,0.43409156799316406,0.08578157424926758,0.16500481998215094,worker2,worker2,worker2,0,0.0,0.43409156799316406,0.0
model_1,1467,1,0.3155362606048584,7,7,1,0,0.8073514699935913,0.21918964385986328,0.09634661674499512,0.3053424559202995,worker2,worker2,worker2,0,0.0,0.21918964385986328,0.0
model_1,1468,1,0.4632985591888428,4,4,1,1,0.9784913063049316,0.37239527702331543,0.09090328216552734,0.19620886005923174,worker2,worker2,worker2,0,0.0,0.37239527702331543,0.0
model_1,1469,1,0.3620643615722656,8,8,1,0,0.9835582375526428,0.20586752891540527,0.15619683265686035,0.4314062615237112,worker2,worker2,worker2,0,0.0,0.20586752891540527,0.0
model_1,1470,1,0.5069012641906738,3,3,1,1,0.9996851682662964,0.3521544933319092,0.15474677085876465,0.3052799071350427,worker2,worker2,worker2,0,0.0,0.3521544933319092,0.0
model_1,1471,1,0.9354076385498047,0,0,1,3,0.8934116959571838,0.7243616580963135,0.2110459804534912,0.2256192613315444,worker2->worker1->worker3,worker2,worker3,0,0.15384316444396973,0.46857190132141113,0.10194659233093262
model_1,1472,1,0.4001598358154297,6,2,0,1,0.9970666766166687,0.3139512538909912,0.08620858192443848,0.2154353690913684,worker2,worker2,worker2,0,0.0,0.3139512538909912,0.0
model_1,1473,1,0.34882378578186035,8,8,1,0,0.8672927618026733,0.251650333404541,0.09717345237731934,0.2785746165775734,worker2,worker2,worker2,0,0.0,0.251650333404541,0.0
model_1,1474,1,0.3996748924255371,6,6,1,1,0.9695234894752502,0.3131895065307617,0.08648538589477539,0.21638933927001272,worker2,worker2,worker2,0,0.0,0.3131895065307617,0.0
model_1,1475,1,0.47508931159973145,3,7,0,1,0.9366216063499451,0.3856325149536133,0.08945679664611816,0.18829469420159595,worker2,worker2,worker2,0,0.0,0.3856325149536133,0.0
model_1,1476,1,0.6478443145751953,7,7,1,1,0.9714188575744629,0.4922308921813965,0.15561342239379883,0.24020188013201554,worker2,worker2,worker2,0,0.0,0.4922308921813965,0.0
model_1,1477,1,0.45360279083251953,5,3,0,0,0.9072672128677368,0.36144208908081055,0.09216070175170898,0.20317490018648676,worker2,worker2,worker2,0,0.0,0.36144208908081055,0.0
model_1,1478,1,0.33503198623657227,0,1,0,0,0.6175219416618347,0.24994969367980957,0.0850822925567627,0.25395274496771336,worker2,worker2,worker2,0,0.0,0.24994969367980957,0.0
model_1,1479,1,0.2939918041229248,9,1,0,0,0.8777807950973511,0.20897412300109863,0.08501768112182617,0.2891838477452191,worker2,worker2,worker2,0,0.0,0.20897412300109863,0.0
model_1,1480,1,0.4087669849395752,4,4,1,1,0.9679613709449768,0.31806039810180664,0.09070658683776855,0.22190291823880295,worker2,worker2,worker2,0,0.0,0.31806039810180664,0.0
model_1,1481,1,0.44364404678344727,0,0,1,1,0.8067771792411804,0.34465527534484863,0.09898877143859863,0.2231265631902355,worker2,worker2,worker2,0,0.0,0.34465527534484863,0.0
model_1,1482,1,0.3452634811401367,8,8,1,0,0.9904881715774536,0.2580690383911133,0.08719444274902344,0.2525446434736973,worker2,worker2,worker2,0,0.0,0.2580690383911133,0.0
model_1,1483,1,0.5025837421417236,5,5,1,1,0.9992654919624329,0.4147469997406006,0.08783674240112305,0.17477036170492352,worker2,worker2,worker2,0,0.0,0.4147469997406006,0.0
model_1,1484,1,0.41547608375549316,9,9,1,0,0.9947320222854614,0.31713366508483887,0.0983424186706543,0.2366981458517083,worker2,worker2,worker2,0,0.0,0.31713366508483887,0.0
model_1,1485,1,0.45078468322753906,4,4,1,1,0.8648507595062256,0.35902857780456543,0.09175610542297363,0.2035475224358025,worker2,worker2,worker2,0,0.0,0.35902857780456543,0.0
model_1,1486,1,0.3129236698150635,4,4,1,0,0.8259879350662231,0.22077560424804688,0.0921480655670166,0.29447457784665415,worker2,worker2,worker2,0,0.0,0.22077560424804688,0.0
model_1,1487,1,0.39983248710632324,2,2,1,1,0.7024099230766296,0.31455540657043457,0.08527708053588867,0.21328202006059563,worker2,worker2,worker2,0,0.0,0.31455540657043457,0.0
model_1,1488,1,0.7273836135864258,3,0,0,2,0.8456650972366333,0.5683276653289795,0.1590559482574463,0.21866858874261358,worker2->worker1,worker2,worker1,0,0.16973257064819336,0.39859509468078613,0.0
model_1,1489,1,0.6813855171203613,1,1,1,1,0.9026692509651184,0.5209500789642334,0.16043543815612793,0.23545472295060285,worker2,worker2,worker2,0,0.0,0.5209500789642334,0.0
model_1,1490,1,0.4439215660095215,6,6,1,0,0.7767417430877686,0.3478355407714844,0.09608602523803711,0.21644820300524936,worker2,worker2,worker2,0,0.0,0.3478355407714844,0.0
model_1,1491,1,0.6916754245758057,9,0,0,3,0.4769057035446167,0.5151536464691162,0.17652177810668945,0.25520897784527713,worker2->worker1->worker3,worker2,worker3,0,0.08095622062683105,0.3258371353149414,0.10836029052734375
model_1,1492,1,0.2967531681060791,3,3,1,0,0.9756501913070679,0.21216893196105957,0.08458423614501953,0.28503229362250165,worker2,worker2,worker2,0,0.0,0.21216893196105957,0.0
model_1,1493,1,0.3400719165802002,1,1,1,0,0.9926403164863586,0.2570488452911377,0.0830230712890625,0.24413386475411272,worker2,worker2,worker2,0,0.0,0.2570488452911377,0.0
model_1,1494,1,0.4053158760070801,5,5,1,1,0.9622870087623596,0.3221421241760254,0.08317375183105469,0.2052072389821755,worker2,worker2,worker2,0,0.0,0.3221421241760254,0.0
model_1,1495,1,0.4482290744781494,2,2,1,1,0.7390605807304382,0.36020755767822266,0.08802151679992676,0.19637618756080424,worker2,worker2,worker2,0,0.0,0.36020755767822266,0.0
model_1,1496,1,0.4580364227294922,2,2,1,1,0.8486031889915466,0.36600637435913086,0.09203004837036133,0.20092299171743502,worker2,worker2,worker2,0,0.0,0.36600637435913086,0.0
model_1,1497,1,0.5431492328643799,5,5,1,1,0.8097304105758667,0.4424397945404053,0.10070943832397461,0.18541762048133273,worker2,worker2,worker2,0,0.0,0.4424397945404053,0.0
model_1,1498,1,0.3644733428955078,5,5,1,0,0.8413979411125183,0.2492208480834961,0.11525249481201172,0.3162165273772954,worker2,worker2,worker2,0,0.0,0.2492208480834961,0.0
model_1,1499,1,0.3117554187774658,9,9,1,0,0.6701762080192566,0.2261066436767578,0.08564877510070801,0.27473067007648383,worker2,worker2,worker2,0,0.0,0.2261066436767578,0.0
model_1,1500,1,0.29590582847595215,0,0,1,0,0.7953104972839355,0.2070775032043457,0.08882832527160645,0.30019119842658115,worker2,worker2,worker2,0,0.0,0.2070775032043457,0.0
model_1,1501,1,0.4143853187561035,6,6,1,1,0.768375039100647,0.32758164405822754,0.08680367469787598,0.20947574822013995,worker2,worker2,worker2,0,0.0,0.32758164405822754,0.0
model_1,1502,1,0.3493688106536865,8,0,0,0,0.9118125438690186,0.2513895034790039,0.09797930717468262,0.2804466345789667,worker2,worker2,worker2,0,0.0,0.2513895034790039,0.0
model_1,1503,1,0.5296223163604736,6,6,1,1,0.7821489572525024,0.44003725051879883,0.0895850658416748,0.16914896346758368,worker2,worker2,worker2,0,0.0,0.44003725051879883,0.0
model_1,1504,1,0.3325784206390381,4,4,1,0,0.9762536883354187,0.24039554595947266,0.09218287467956543,0.2771763558875503,worker2,worker2,worker2,0,0.0,0.24039554595947266,0.0
model_1,1505,1,0.46155405044555664,8,0,0,1,0.7388555407524109,0.37760257720947266,0.08395147323608398,0.1818887152112353,worker2,worker2,worker2,0,0.0,0.37760257720947266,0.0
model_1,1506,1,0.30638861656188965,6,2,0,0,0.9486421346664429,0.20918560028076172,0.09720301628112793,0.31725400692715744,worker2,worker2,worker2,0,0.0,0.20918560028076172,0.0
model_1,1507,1,0.4961123466491699,4,4,1,1,0.9861211180686951,0.40999817848205566,0.08611416816711426,0.17357795819584917,worker2,worker2,worker2,0,0.0,0.40999817848205566,0.0
model_1,1508,1,0.34421277046203613,9,9,1,0,0.9792771935462952,0.2498157024383545,0.09439706802368164,0.27424045858894963,worker2,worker2,worker2,0,0.0,0.2498157024383545,0.0
model_1,1509,1,0.37770962715148926,9,9,1,0,0.9617854356765747,0.21100139617919922,0.16670823097229004,0.4413661156310104,worker2,worker2,worker2,0,0.0,0.21100139617919922,0.0
model_1,1510,1,0.5895352363586426,2,2,1,1,0.8354741930961609,0.42511534690856934,0.16441988945007324,0.2788974760281313,worker2,worker2,worker2,0,0.0,0.42511534690856934,0.0
model_1,1511,1,0.449962854385376,7,7,1,1,0.9543200731277466,0.34957337379455566,0.10038948059082031,0.2231061511242894,worker2,worker2,worker2,0,0.0,0.34957337379455566,0.0
model_1,1512,1,0.6109426021575928,1,1,1,1,0.9922768473625183,0.5185122489929199,0.09243035316467285,0.15129138619282342,worker2,worker2,worker2,0,0.0,0.5185122489929199,0.0
model_1,1513,1,0.42105984687805176,9,9,1,0,0.9548493027687073,0.32598018646240234,0.09507966041564941,0.2258103239257259,worker2,worker2,worker2,0,0.0,0.32598018646240234,0.0
model_1,1514,1,0.40630245208740234,0,0,1,1,0.7364991307258606,0.3205392360687256,0.08576321601867676,0.21108220139470799,worker2,worker2,worker2,0,0.0,0.3205392360687256,0.0
model_1,1515,1,0.45479631423950195,5,5,1,1,0.9753153324127197,0.3691692352294922,0.08562707901000977,0.18827566611482557,worker2,worker2,worker2,0,0.0,0.3691692352294922,0.0
model_1,1516,1,0.546105146408081,9,1,0,1,0.7913508415222168,0.39318180084228516,0.1529233455657959,0.28002546134498946,worker2,worker2,worker2,0,0.0,0.39318180084228516,0.0
model_1,1517,1,0.6386890411376953,5,5,1,1,0.9148319363594055,0.5264933109283447,0.11219573020935059,0.17566565728057051,worker2,worker2,worker2,0,0.0,0.5264933109283447,0.0
model_1,1518,1,0.3782687187194824,9,9,1,0,0.8476322889328003,0.27980947494506836,0.09845924377441406,0.2602891513411918,worker2,worker2,worker2,0,0.0,0.27980947494506836,0.0
model_1,1519,1,0.6318492889404297,3,3,1,2,0.8427618741989136,0.4775257110595703,0.15432357788085938,0.24424111980825366,worker2->worker1,worker2,worker1,0,0.15524816513061523,0.3222775459289551,0.0
model_1,1520,1,0.4040355682373047,1,9,0,1,0.5674668550491333,0.31809067726135254,0.08594489097595215,0.21271615108270273,worker2,worker2,worker2,0,0.0,0.31809067726135254,0.0
model_1,1521,1,0.40492725372314453,6,2,0,1,0.9517208933830261,0.3202342987060547,0.08469295501708984,0.2091559761373726,worker2,worker2,worker2,0,0.0,0.3202342987060547,0.0
model_1,1522,1,0.3308572769165039,9,9,1,0,0.9528766870498657,0.24398207664489746,0.08687520027160645,0.26257606023134417,worker2,worker2,worker2,0,0.0,0.24398207664489746,0.0
model_1,1523,1,0.3757786750793457,4,2,0,0,0.8332354426383972,0.21104717254638672,0.16473150253295898,0.4383737382068738,worker2,worker2,worker2,0,0.0,0.21104717254638672,0.0
model_1,1524,1,0.6977615356445312,1,1,1,1,0.9974896907806396,0.5346424579620361,0.16311907768249512,0.23377482040740458,worker2,worker2,worker2,0,0.0,0.5346424579620361,0.0
model_1,1525,1,0.5848557949066162,4,4,1,1,0.9262468218803406,0.4676189422607422,0.11723685264587402,0.20045428918865923,worker2,worker2,worker2,0,0.0,0.4676189422607422,0.0
model_1,1526,1,0.30724215507507324,5,5,1,0,0.9805285334587097,0.21251130104064941,0.09473085403442383,0.30832635583901813,worker2,worker2,worker2,0,0.0,0.21251130104064941,0.0
model_1,1527,1,0.7404942512512207,2,2,1,2,0.9990940093994141,0.5736105442047119,0.1668837070465088,0.22536799815059155,worker2->worker1,worker2,worker1,0,0.15738320350646973,0.4162273406982422,0.0
model_1,1528,1,0.535473108291626,0,0,1,1,0.6518950462341309,0.37903332710266113,0.15643978118896484,0.29215245129315737,worker2,worker2,worker2,0,0.0,0.37903332710266113,0.0
model_1,1529,1,0.46031665802001953,4,5,0,1,0.8432348370552063,0.3576943874359131,0.10262227058410645,0.222938424660798,worker2,worker2,worker2,0,0.0,0.3576943874359131,0.0
model_1,1530,1,0.42727208137512207,8,0,0,0,0.6563469171524048,0.263948917388916,0.16332316398620605,0.38224628077868034,worker2,worker2,worker2,0,0.0,0.263948917388916,0.0
model_1,1531,1,0.6389675140380859,3,6,0,1,0.7715768814086914,0.49692416191101074,0.1420433521270752,0.22230136745044074,worker2,worker2,worker2,0,0.0,0.49692416191101074,0.0
model_1,1532,1,0.4058551788330078,7,4,0,0,0.9806674718856812,0.29535865783691406,0.11049652099609375,0.2722560330850389,worker2,worker2,worker2,0,0.0,0.29535865783691406,0.0
model_1,1533,1,0.7693853378295898,2,2,1,3,0.6511898636817932,0.5734195709228516,0.19596576690673828,0.2547043169025694,worker2->worker1->worker3,worker2,worker3,0,0.1004953384399414,0.37247300148010254,0.10045123100280762
model_1,1534,1,0.2918846607208252,4,2,0,0,0.7708985209465027,0.2091662883758545,0.0827183723449707,0.28339403701685845,worker2,worker2,worker2,0,0.0,0.2091662883758545,0.0
model_1,1535,1,0.2945075035095215,0,0,1,0,0.9954915642738342,0.20974302291870117,0.08476448059082031,0.28781772817574364,worker2,worker2,worker2,0,0.0,0.20974302291870117,0.0
model_1,1536,1,0.29244470596313477,1,1,1,0,0.9901933073997498,0.20596909523010254,0.08647561073303223,0.29569901239358815,worker2,worker2,worker2,0,0.0,0.20596909523010254,0.0
model_1,1537,1,0.29506516456604004,7,7,1,0,0.7724463939666748,0.20975923538208008,0.08530592918395996,0.2891087780877882,worker2,worker2,worker2,0,0.0,0.20975923538208008,0.0
model_1,1538,1,0.2975165843963623,6,6,1,0,0.9690819382667542,0.20267987251281738,0.09483671188354492,0.31876109385956125,worker2,worker2,worker2,0,0.0,0.20267987251281738,0.0
model_1,1539,1,0.36124324798583984,8,8,1,0,0.9441171288490295,0.20978236198425293,0.15146088600158691,0.4192767251597847,worker2,worker2,worker2,0,0.0,0.20978236198425293,0.0
model_1,1540,1,0.5807838439941406,8,8,1,1,0.8718966841697693,0.49547386169433594,0.08530998229980469,0.14688766428679334,worker2,worker2,worker2,0,0.0,0.49547386169433594,0.0
model_1,1541,1,0.39327073097229004,3,3,1,0,0.885375440120697,0.2867119312286377,0.10655879974365234,0.27095532759380586,worker2,worker2,worker2,0,0.0,0.2867119312286377,0.0
model_1,1542,1,0.39768338203430176,9,9,1,1,0.9971688389778137,0.3121051788330078,0.08557820320129395,0.21519180098381,worker2,worker2,worker2,0,0.0,0.3121051788330078,0.0
model_1,1543,1,0.35700178146362305,9,9,1,0,0.8258729577064514,0.26709818840026855,0.08990359306335449,0.2518295362414467,worker2,worker2,worker2,0,0.0,0.26709818840026855,0.0
model_1,1544,1,0.45415735244750977,2,2,1,0,0.8397606611251831,0.29936695098876953,0.15479040145874023,0.34082989216084636,worker2,worker2,worker2,0,0.0,0.29936695098876953,0.0
model_1,1545,1,0.3711283206939697,5,5,1,0,0.8092418909072876,0.27280211448669434,0.09832620620727539,0.26493856901951335,worker2,worker2,worker2,0,0.0,0.27280211448669434,0.0
model_1,1546,1,0.6715052127838135,5,5,1,2,0.9786990880966187,0.5161838531494141,0.15532135963439941,0.23130328205568831,worker2->worker1,worker2,worker1,0,0.11199092864990234,0.4041929244995117,0.0
model_1,1547,1,0.2897465229034424,8,8,1,0,0.9933404326438904,0.20288968086242676,0.08685684204101562,0.299768367090847,worker2,worker2,worker2,0,0.0,0.20288968086242676,0.0
model_1,1548,1,0.6523048877716064,2,7,0,2,0.8475950360298157,0.49190187454223633,0.16040301322937012,0.24590190298487005,worker2->worker1,worker2,worker1,0,0.17488479614257812,0.3170170783996582,0.0
model_1,1549,1,0.2936553955078125,6,6,1,0,0.9865167140960693,0.2070605754852295,0.08659482002258301,0.29488584697323983,worker2,worker2,worker2,0,0.0,0.2070605754852295,0.0
model_1,1550,1,0.8921182155609131,2,2,1,3,0.6827226281166077,0.6928684711456299,0.1992497444152832,0.22334455337850748,worker2->worker1->worker3,worker2,worker3,0,0.16108989715576172,0.42429637908935547,0.1074821949005127
model_1,1551,1,0.2848222255706787,5,5,1,0,0.8626437783241272,0.19818902015686035,0.08663320541381836,0.3041658888811692,worker2,worker2,worker2,0,0.0,0.19818902015686035,0.0
model_1,1552,1,0.2988283634185791,7,7,1,0,0.6359698176383972,0.21025490760803223,0.08857345581054688,0.29640243917033743,worker2,worker2,worker2,0,0.0,0.21025490760803223,0.0
model_1,1553,1,0.4885427951812744,8,8,1,1,0.991824209690094,0.4003276824951172,0.08821511268615723,0.18056783061026394,worker2,worker2,worker2,0,0.0,0.4003276824951172,0.0
model_1,1554,1,0.3638896942138672,8,8,1,0,0.9907212257385254,0.2746577262878418,0.08923196792602539,0.24521707908985602,worker2,worker2,worker2,0,0.0,0.2746577262878418,0.0
model_1,1555,1,0.4390873908996582,3,3,1,1,0.9833804368972778,0.3455841541290283,0.09350323677062988,0.2129490363616421,worker2,worker2,worker2,0,0.0,0.3455841541290283,0.0
model_1,1556,1,0.3063349723815918,6,6,1,0,0.9654122591018677,0.21011805534362793,0.09621691703796387,0.3140905404627112,worker2,worker2,worker2,0,0.0,0.21011805534362793,0.0
model_1,1557,1,0.4819622039794922,0,0,1,0,0.8896986246109009,0.3202848434448242,0.16167736053466797,0.33545651339404087,worker2,worker2,worker2,0,0.0,0.3202848434448242,0.0
model_1,1558,1,0.39401984214782715,6,6,1,0,0.7665808200836182,0.289872407913208,0.10414743423461914,0.2643202780522546,worker2,worker2,worker2,0,0.0,0.289872407913208,0.0
model_1,1559,1,0.36974430084228516,5,3,0,0,0.7353939414024353,0.21570968627929688,0.15403461456298828,0.41659767090958333,worker2,worker2,worker2,0,0.0,0.21570968627929688,0.0
model_1,1560,1,0.4270055294036865,6,2,0,1,0.8822773098945618,0.31459498405456543,0.1124105453491211,0.26325313750878704,worker2,worker2,worker2,0,0.0,0.31459498405456543,0.0
model_1,1561,1,0.5715134143829346,0,0,1,2,0.890469491481781,0.41908764839172363,0.15242576599121094,0.26670549134141613,worker2->worker1,worker2,worker1,0,0.09904289245605469,0.32004475593566895,0.0
model_1,1562,1,0.2995269298553467,9,9,1,0,0.9957952499389648,0.21049928665161133,0.08902764320373535,0.2972275088811891,worker2,worker2,worker2,0,0.0,0.21049928665161133,0.0
model_1,1563,1,0.3519124984741211,6,2,0,0,0.9013439416885376,0.25562000274658203,0.09629249572753906,0.2736262455725772,worker2,worker2,worker2,0,0.0,0.25562000274658203,0.0
model_1,1564,1,0.4407351016998291,3,5,0,1,0.48982512950897217,0.3510894775390625,0.0896456241607666,0.203400237047199,worker2,worker2,worker2,0,0.0,0.3510894775390625,0.0
model_1,1565,1,0.306976318359375,7,0,0,0,0.7585431933403015,0.21393513679504395,0.09304118156433105,0.303089117954071,worker2,worker2,worker2,0,0.0,0.21393513679504395,0.0
model_1,1566,1,0.3868751525878906,9,9,1,0,0.9989878535270691,0.23088812828063965,0.15598702430725098,0.40319731898991296,worker2,worker2,worker2,0,0.0,0.23088812828063965,0.0
model_1,1567,1,0.3814060688018799,4,4,1,0,0.9354462623596191,0.2244868278503418,0.15691924095153809,0.41142303121833457,worker2,worker2,worker2,0,0.0,0.2244868278503418,0.0
model_1,1568,1,0.2908921241760254,1,1,1,0,0.8420365452766418,0.20048141479492188,0.09041070938110352,0.31080494061913466,worker2,worker2,worker2,0,0.0,0.20048141479492188,0.0
model_1,1569,1,0.4010913372039795,8,8,1,1,0.9562451243400574,0.3143308162689209,0.0867605209350586,0.21631113137438707,worker2,worker2,worker2,0,0.0,0.3143308162689209,0.0
model_1,1570,1,0.45165562629699707,7,7,1,1,0.9443962574005127,0.36481428146362305,0.08684134483337402,0.19227336000519432,worker2,worker2,worker2,0,0.0,0.36481428146362305,0.0
model_1,1571,1,0.9738161563873291,2,2,1,3,0.5775620937347412,0.7777066230773926,0.19610953330993652,0.20138250122843024,worker2->worker1->worker3,worker2,worker3,0,0.11022162437438965,0.5649731159210205,0.10251188278198242
model_1,1572,1,0.2971489429473877,8,8,1,0,0.9834730625152588,0.21035981178283691,0.08678913116455078,0.29207282483894753,worker2,worker2,worker2,0,0.0,0.21035981178283691,0.0
model_1,1573,1,0.463132381439209,6,6,1,1,0.9988223910331726,0.37009501457214355,0.09303736686706543,0.2008871989860583,worker2,worker2,worker2,0,0.0,0.37009501457214355,0.0
model_1,1574,1,0.4924483299255371,1,8,0,1,0.9848741888999939,0.40746426582336426,0.08498406410217285,0.1725745807992145,worker2,worker2,worker2,0,0.0,0.40746426582336426,0.0
model_1,1575,1,0.42838358879089355,5,5,1,0,0.8262104988098145,0.2609279155731201,0.16745567321777344,0.39090123337921195,worker2,worker2,worker2,0,0.0,0.2609279155731201,0.0
model_1,1576,1,0.31647396087646484,1,1,1,0,0.909214437007904,0.2107982635498047,0.10567569732666016,0.3339159311369396,worker2,worker2,worker2,0,0.0,0.2107982635498047,0.0
model_1,1577,1,0.45143985748291016,2,2,1,1,0.6653335094451904,0.3600895404815674,0.09135031700134277,0.2023532381714899,worker2,worker2,worker2,0,0.0,0.3600895404815674,0.0
model_1,1578,1,0.310011625289917,1,1,1,0,0.9908288717269897,0.21704363822937012,0.09296798706054688,0.2998854864671768,worker2,worker2,worker2,0,0.0,0.21704363822937012,0.0
model_1,1579,1,0.43294405937194824,4,7,0,1,0.7298126220703125,0.3434765338897705,0.08946752548217773,0.2066491583507673,worker2,worker2,worker2,0,0.0,0.3434765338897705,0.0
model_1,1580,1,0.6791365146636963,3,3,1,1,0.8186155557632446,0.5225303173065186,0.15660619735717773,0.23059604950667104,worker2,worker2,worker2,0,0.0,0.5225303173065186,0.0
model_1,1581,1,0.3968079090118408,5,5,1,0,0.9529812335968018,0.3001103401184082,0.09669756889343262,0.24368861279563644,worker2,worker2,worker2,0,0.0,0.3001103401184082,0.0
model_1,1582,1,0.4583394527435303,4,4,1,1,0.9753697514533997,0.3700850009918213,0.08825445175170898,0.19255259660375101,worker2,worker2,worker2,0,0.0,0.3700850009918213,0.0
model_1,1583,1,0.3000493049621582,0,0,1,0,0.9423198103904724,0.2136387825012207,0.0864105224609375,0.28798774412037204,worker2,worker2,worker2,0,0.0,0.2136387825012207,0.0
model_1,1584,1,0.8984062671661377,0,9,0,3,0.9305548667907715,0.711944580078125,0.1864616870880127,0.2075471798256404,worker2->worker1->worker3,worker2,worker3,0,0.15810632705688477,0.453035831451416,0.10080242156982422
model_1,1585,1,0.4037821292877197,9,9,1,1,0.9994513392448425,0.31710004806518555,0.08668208122253418,0.21467537797040007,worker2,worker2,worker2,0,0.0,0.31710004806518555,0.0
model_1,1586,1,0.9542372226715088,7,7,1,3,0.4233100414276123,0.74680495262146,0.20743227005004883,0.21738019134206035,worker2->worker1->worker3,worker2,worker3,0,0.1746196746826172,0.471865177154541,0.10032010078430176
model_1,1587,1,0.291698694229126,6,6,1,0,0.9003481864929199,0.2060701847076416,0.08562850952148438,0.29355122671280853,worker2,worker2,worker2,0,0.0,0.2060701847076416,0.0
model_1,1588,1,0.396193265914917,5,5,1,1,0.6283237338066101,0.3134589195251465,0.08273434638977051,0.20882320197622392,worker2,worker2,worker2,0,0.0,0.3134589195251465,0.0
model_1,1589,1,0.716463565826416,4,4,1,2,0.8997463583946228,0.5451173782348633,0.17134618759155273,0.23915547944704044,worker2->worker1,worker2,worker1,0,0.13552570343017578,0.4095916748046875,0.0
model_1,1590,1,0.28731584548950195,9,9,1,0,0.9973704814910889,0.20160794258117676,0.0857079029083252,0.2983055207494876,worker2,worker2,worker2,0,0.0,0.20160794258117676,0.0
model_1,1591,1,0.39844465255737305,2,2,1,1,0.9848253130912781,0.3139495849609375,0.08449506759643555,0.21206224516783767,worker2,worker2,worker2,0,0.0,0.3139495849609375,0.0
model_1,1592,1,0.4145843982696533,7,7,1,1,0.7931163907051086,0.3274240493774414,0.08716034889221191,0.21023547739855183,worker2,worker2,worker2,0,0.0,0.3274240493774414,0.0
model_1,1593,1,0.6545898914337158,0,0,1,2,0.8319463133811951,0.49648523330688477,0.15810465812683105,0.24153238569043933,worker2->worker1,worker2,worker1,0,0.16469550132751465,0.3317897319793701,0.0
model_1,1594,1,0.5481452941894531,4,4,1,1,0.9855127930641174,0.46088194847106934,0.08726334571838379,0.15919747308497978,worker2,worker2,worker2,0,0.0,0.46088194847106934,0.0
model_1,1595,1,0.3521859645843506,9,9,1,0,0.9959259033203125,0.25533175468444824,0.09685420989990234,0.27500871596120974,worker2,worker2,worker2,0,0.0,0.25533175468444824,0.0
model_1,1596,1,0.28920602798461914,0,0,1,0,0.9287335276603699,0.20505499839782715,0.08415102958679199,0.29097259892268706,worker2,worker2,worker2,0,0.0,0.20505499839782715,0.0
model_1,1597,1,0.4403347969055176,6,6,1,1,0.9939696788787842,0.35573887825012207,0.08459591865539551,0.19211726906412807,worker2,worker2,worker2,0,0.0,0.35573887825012207,0.0
model_1,1598,1,0.4021644592285156,4,2,0,1,0.9342818856239319,0.31656312942504883,0.0856013298034668,0.21285155323689828,worker2,worker2,worker2,0,0.0,0.31656312942504883,0.0
model_1,1599,1,0.4612851142883301,7,7,1,0,0.9878582954406738,0.295543909072876,0.1657412052154541,0.35930317298697,worker2,worker2,worker2,0,0.0,0.295543909072876,0.0
model_1,1600,1,0.3947563171386719,1,9,0,0,0.8933659791946411,0.294750452041626,0.1000058650970459,0.2533356928191104,worker2,worker2,worker2,0,0.0,0.294750452041626,0.0
model_1,1601,1,0.7099406719207764,5,6,0,2,0.9833472371101379,0.5576822757720947,0.15225839614868164,0.21446636623415266,worker2->worker1,worker2,worker1,0,0.1867051124572754,0.37097716331481934,0.0
model_1,1602,1,0.4184556007385254,9,9,1,1,0.9079498052597046,0.3292853832244873,0.08917021751403809,0.21309361699703155,worker2,worker2,worker2,0,0.0,0.3292853832244873,0.0
model_1,1603,1,0.31386303901672363,4,4,1,0,0.9169499278068542,0.2123720645904541,0.10149097442626953,0.32336070772851266,worker2,worker2,worker2,0,0.0,0.2123720645904541,0.0
model_1,1604,1,0.4908721446990967,9,9,1,1,0.9774991273880005,0.4008824825286865,0.08998966217041016,0.18332607205807855,worker2,worker2,worker2,0,0.0,0.4008824825286865,0.0
model_1,1605,1,0.32358217239379883,3,5,0,0,0.9168989658355713,0.22411441802978516,0.09946775436401367,0.3073956566524364,worker2,worker2,worker2,0,0.0,0.22411441802978516,0.0
model_1,1606,1,0.2936515808105469,8,8,1,0,0.9984562397003174,0.20795726776123047,0.0856943130493164,0.2918230946102184,worker2,worker2,worker2,0,0.0,0.20795726776123047,0.0
model_1,1607,1,0.35819053649902344,6,6,1,0,0.8792210817337036,0.20613408088684082,0.15205645561218262,0.4245127665805799,worker2,worker2,worker2,0,0.0,0.20613408088684082,0.0
model_1,1608,1,0.9695544242858887,5,5,1,3,0.9399271011352539,0.766925573348999,0.20262885093688965,0.20899172430277238,worker2->worker1->worker3,worker2,worker3,0,0.1800525188446045,0.48621368408203125,0.10065937042236328
model_1,1609,1,0.5801815986633301,3,5,0,2,0.9246160984039307,0.4245598316192627,0.15562176704406738,0.26822940852071414,worker2->worker1,worker2,worker1,0,0.08008456230163574,0.34447526931762695,0.0
model_1,1610,1,0.31824183464050293,2,4,0,0,0.7644372582435608,0.22008633613586426,0.09815549850463867,0.3084305324456118,worker2,worker2,worker2,0,0.0,0.22008633613586426,0.0
model_1,1611,1,0.3008146286010742,4,4,1,0,0.879645586013794,0.21706104278564453,0.08375358581542969,0.27842258272120013,worker2,worker2,worker2,0,0.0,0.21706104278564453,0.0
model_1,1612,1,0.40665411949157715,6,3,0,1,0.8793532848358154,0.32027721405029297,0.08637690544128418,0.2124087800937014,worker2,worker2,worker2,0,0.0,0.32027721405029297,0.0
model_1,1613,1,0.3576493263244629,4,4,1,0,0.8377131223678589,0.20624876022338867,0.15140056610107422,0.4233212673906232,worker2,worker2,worker2,0,0.0,0.20624876022338867,0.0
model_1,1614,1,0.6426117420196533,3,3,1,1,0.7247721552848816,0.4891018867492676,0.15350985527038574,0.23888429860917618,worker2,worker2,worker2,0,0.0,0.4891018867492676,0.0
model_1,1615,1,0.40169286727905273,0,0,1,0,0.8125140070915222,0.3000459671020508,0.10164690017700195,0.25304631587194376,worker2,worker2,worker2,0,0.0,0.3000459671020508,0.0
model_1,1616,1,0.4738767147064209,3,1,0,1,0.7589549422264099,0.38481616973876953,0.08906054496765137,0.1879403275234292,worker2,worker2,worker2,0,0.0,0.38481616973876953,0.0
model_1,1617,1,0.7456924915313721,9,9,1,2,0.9557300806045532,0.5803327560424805,0.1653597354888916,0.2217532526702862,worker2->worker1,worker2,worker1,0,0.17892169952392578,0.4014110565185547,0.0
model_1,1618,1,0.6552562713623047,2,2,1,2,0.9942704439163208,0.49771642684936523,0.15753984451293945,0.2404247794308136,worker2->worker1,worker2,worker1,0,0.17065930366516113,0.3270571231842041,0.0
model_1,1619,1,0.6316714286804199,2,2,1,2,0.9585294723510742,0.47429919242858887,0.15737223625183105,0.24913622669397326,worker2->worker1,worker2,worker1,0,0.17066645622253418,0.3036327362060547,0.0
model_1,1620,1,0.3571176528930664,8,8,1,0,0.9993765950202942,0.20018434524536133,0.15693330764770508,0.4394442738306651,worker2,worker2,worker2,0,0.0,0.20018434524536133,0.0
model_1,1621,1,0.41565918922424316,9,9,1,1,0.7762874960899353,0.3271033763885498,0.08855581283569336,0.2130490919759711,worker2,worker2,worker2,0,0.0,0.3271033763885498,0.0
model_1,1622,1,0.3023524284362793,1,9,0,0,0.9460269212722778,0.21061086654663086,0.09174156188964844,0.303425913805693,worker2,worker2,worker2,0,0.0,0.21061086654663086,0.0
model_1,1623,1,0.6412820816040039,0,2,0,2,0.9101388454437256,0.4932122230529785,0.1480698585510254,0.23089660977376184,worker2->worker1,worker2,worker1,0,0.1859447956085205,0.307267427444458,0.0
model_1,1624,1,0.28684425354003906,3,5,0,0,0.6829520463943481,0.2018601894378662,0.08498406410217285,0.29627249998337646,worker2,worker2,worker2,0,0.0,0.2018601894378662,0.0
model_1,1625,1,0.3725590705871582,9,9,1,0,0.9528146982192993,0.21744322776794434,0.15511584281921387,0.4163523453468712,worker2,worker2,worker2,0,0.0,0.21744322776794434,0.0
model_1,1626,1,0.3196570873260498,8,8,1,0,0.5592523813247681,0.20930171012878418,0.11035537719726562,0.34523050347606804,worker2,worker2,worker2,0,0.0,0.20930171012878418,0.0
model_1,1627,1,0.2956705093383789,7,7,1,0,0.9663586616516113,0.20997214317321777,0.08569836616516113,0.28984414562320787,worker2,worker2,worker2,0,0.0,0.20997214317321777,0.0
model_1,1628,1,0.40885210037231445,6,6,1,1,0.9717370867729187,0.3218519687652588,0.08700013160705566,0.21279120622794997,worker2,worker2,worker2,0,0.0,0.3218519687652588,0.0
model_1,1629,1,0.40874481201171875,5,5,1,1,0.9939941763877869,0.32273077964782715,0.0860140323638916,0.21043455436304245,worker2,worker2,worker2,0,0.0,0.32273077964782715,0.0
model_1,1630,1,0.5151550769805908,3,3,1,1,0.8520826697349548,0.4228665828704834,0.09228849411010742,0.17914701462523783,worker2,worker2,worker2,0,0.0,0.4228665828704834,0.0
model_1,1631,1,0.361342191696167,1,1,1,0,0.9953455328941345,0.26844143867492676,0.09290075302124023,0.257099102059345,worker2,worker2,worker2,0,0.0,0.26844143867492676,0.0
model_1,1632,1,0.6644237041473389,0,0,1,2,0.8390187621116638,0.5027339458465576,0.16168975830078125,0.2433533862375955,worker2->worker1,worker2,worker1,0,0.17987442016601562,0.322859525680542,0.0
model_1,1633,1,0.4027845859527588,3,3,1,1,0.9906609654426575,0.3170316219329834,0.08575296401977539,0.2129003120040772,worker2,worker2,worker2,0,0.0,0.3170316219329834,0.0
model_1,1634,1,0.29487133026123047,7,7,1,0,0.9989190101623535,0.20941781997680664,0.08545351028442383,0.28979931758275523,worker2,worker2,worker2,0,0.0,0.20941781997680664,0.0
model_1,1635,1,0.6783566474914551,8,8,1,2,0.9461340308189392,0.5252983570098877,0.15305829048156738,0.22563100258186145,worker2->worker1,worker2,worker1,0,0.15241169929504395,0.37288665771484375,0.0
model_1,1636,1,0.39184117317199707,8,8,1,0,0.8807522058486938,0.2371814250946045,0.15465974807739258,0.3947000944934016,worker2,worker2,worker2,0,0.0,0.2371814250946045,0.0
model_1,1637,1,0.40337061882019043,1,1,1,0,0.8392543196678162,0.23000884056091309,0.17336177825927734,0.42978286015560396,worker2,worker2,worker2,0,0.0,0.23000884056091309,0.0
model_1,1638,1,0.2971339225769043,3,3,1,0,0.8670368790626526,0.20705127716064453,0.09008264541625977,0.30317186484469655,worker2,worker2,worker2,0,0.0,0.20705127716064453,0.0
model_1,1639,1,0.3270730972290039,4,4,1,0,0.8247487545013428,0.21993184089660645,0.10714125633239746,0.32757587597423615,worker2,worker2,worker2,0,0.0,0.21993184089660645,0.0
model_1,1640,1,0.3000755310058594,8,8,1,0,0.9456926584243774,0.20953583717346191,0.09053969383239746,0.30172301463203793,worker2,worker2,worker2,0,0.0,0.20953583717346191,0.0
model_1,1641,1,0.41091012954711914,3,3,1,1,0.6038248538970947,0.3260154724121094,0.08489465713500977,0.20660151948207175,worker2,worker2,worker2,0,0.0,0.3260154724121094,0.0
model_1,1642,1,0.5089623928070068,4,4,1,1,0.7073737978935242,0.42055463790893555,0.08840775489807129,0.17370193976511458,worker2,worker2,worker2,0,0.0,0.42055463790893555,0.0
model_1,1643,1,0.3446848392486572,8,0,0,0,0.7416041493415833,0.24071717262268066,0.10396766662597656,0.30163109828852613,worker2,worker2,worker2,0,0.0,0.24071717262268066,0.0
model_1,1644,1,0.3491635322570801,4,4,1,0,0.8744116425514221,0.25853562355041504,0.09062790870666504,0.2595571998049844,worker2,worker2,worker2,0,0.0,0.25853562355041504,0.0
model_1,1645,1,0.4791998863220215,1,1,1,0,0.9036584496498108,0.3100271224975586,0.1691727638244629,0.3530317277888065,worker2,worker2,worker2,0,0.0,0.3100271224975586,0.0
model_1,1646,1,0.40044212341308594,2,2,1,0,0.8880842924118042,0.2974209785461426,0.10302114486694336,0.2572685010978961,worker2,worker2,worker2,0,0.0,0.2974209785461426,0.0
model_1,1647,1,0.3976595401763916,1,1,1,1,0.7675718069076538,0.31307339668273926,0.08458614349365234,0.21270995650231878,worker2,worker2,worker2,0,0.0,0.31307339668273926,0.0
model_1,1648,1,0.35982823371887207,6,2,0,0,0.5488532185554504,0.20699763298034668,0.1528306007385254,0.42473209830979924,worker2,worker2,worker2,0,0.0,0.20699763298034668,0.0
model_1,1649,1,0.4741387367248535,9,1,0,1,0.6414136290550232,0.383284330368042,0.09085440635681152,0.1916198768832825,worker2,worker2,worker2,0,0.0,0.383284330368042,0.0
model_1,1650,1,0.6584668159484863,6,6,1,1,0.9919710159301758,0.5020327568054199,0.1564340591430664,0.2375731857006818,worker2,worker2,worker2,0,0.0,0.5020327568054199,0.0
model_1,1651,1,0.5059804916381836,9,1,0,1,0.7197756171226501,0.40761423110961914,0.09836626052856445,0.19440721955522383,worker2,worker2,worker2,0,0.0,0.40761423110961914,0.0
model_1,1652,1,0.4423673152923584,1,1,1,1,0.9735674858093262,0.3566439151763916,0.0857234001159668,0.1937833044001287,worker2,worker2,worker2,0,0.0,0.3566439151763916,0.0
model_1,1653,1,0.5281445980072021,7,6,0,1,0.8782965540885925,0.4426262378692627,0.08551836013793945,0.16192224716605597,worker2,worker2,worker2,0,0.0,0.4426262378692627,0.0
model_1,1654,1,0.35279273986816406,0,0,1,0,0.7219055891036987,0.24816370010375977,0.1046290397644043,0.296573676100884,worker2,worker2,worker2,0,0.0,0.24816370010375977,0.0
model_1,1655,1,0.716923713684082,3,3,1,2,0.9600680470466614,0.5617151260375977,0.15520858764648438,0.21649247288656187,worker2->worker1,worker2,worker1,0,0.17824578285217285,0.3834693431854248,0.0
model_1,1656,1,0.4069063663482666,0,0,1,0,0.8692260980606079,0.24688982963562012,0.16001653671264648,0.3932514945605204,worker2,worker2,worker2,0,0.0,0.24688982963562012,0.0
model_1,1657,1,0.31916165351867676,5,5,1,0,0.9193576574325562,0.22050881385803223,0.09865283966064453,0.30909991401856035,worker2,worker2,worker2,0,0.0,0.22050881385803223,0.0
model_1,1658,1,0.3031742572784424,7,4,0,0,0.49782252311706543,0.21705269813537598,0.0861215591430664,0.28406619980261166,worker2,worker2,worker2,0,0.0,0.21705269813537598,0.0
model_1,1659,1,0.3261857032775879,2,2,1,0,0.910301923751831,0.21341466903686523,0.11277103424072266,0.34572647760945296,worker2,worker2,worker2,0,0.0,0.21341466903686523,0.0
model_1,1660,1,0.6086232662200928,4,4,1,1,0.9217519164085388,0.5204975605010986,0.08812570571899414,0.14479516411902296,worker2,worker2,worker2,0,0.0,0.5204975605010986,0.0
model_1,1661,1,0.38013553619384766,4,4,1,0,0.8097649216651917,0.28353166580200195,0.0966038703918457,0.2541300699195436,worker2,worker2,worker2,0,0.0,0.28353166580200195,0.0
model_1,1662,1,0.33030104637145996,9,1,0,0,0.7303287386894226,0.24067974090576172,0.08962130546569824,0.2713321875611293,worker2,worker2,worker2,0,0.0,0.24067974090576172,0.0
model_1,1663,1,0.3434638977050781,6,6,1,0,0.9926706552505493,0.25787353515625,0.08559036254882812,0.24919755211746283,worker2,worker2,worker2,0,0.0,0.25787353515625,0.0
model_1,1664,1,0.4381718635559082,5,5,1,1,0.9733128547668457,0.3498666286468506,0.08830523490905762,0.20153104809704508,worker2,worker2,worker2,0,0.0,0.3498666286468506,0.0
model_1,1665,1,0.3427245616912842,7,7,1,0,0.865354061126709,0.2508554458618164,0.09186911582946777,0.268055243476307,worker2,worker2,worker2,0,0.0,0.2508554458618164,0.0
model_1,1666,1,0.4222536087036133,6,6,1,1,0.9416596293449402,0.33434438705444336,0.08790922164916992,0.2081905751357944,worker2,worker2,worker2,0,0.0,0.33434438705444336,0.0
model_1,1667,1,0.41199254989624023,5,5,1,0,0.7920332551002502,0.25597190856933594,0.1560206413269043,0.3786977249132245,worker2,worker2,worker2,0,0.0,0.25597190856933594,0.0
model_1,1668,1,0.5443346500396729,6,6,1,1,0.8988332748413086,0.45338892936706543,0.09094572067260742,0.16707685367076855,worker2,worker2,worker2,0,0.0,0.45338892936706543,0.0
model_1,1669,1,0.35846900939941406,7,7,1,0,0.9661142826080322,0.2546210289001465,0.10384798049926758,0.2896986288250036,worker2,worker2,worker2,0,0.0,0.2546210289001465,0.0
model_1,1670,1,0.37263965606689453,5,5,1,0,0.9496122598648071,0.2843613624572754,0.08827829360961914,0.23689989020860366,worker2,worker2,worker2,0,0.0,0.2843613624572754,0.0
model_1,1671,1,0.37270665168762207,7,7,1,0,0.7750748991966248,0.20827317237854004,0.16443347930908203,0.44118740184679944,worker2,worker2,worker2,0,0.0,0.20827317237854004,0.0
model_1,1672,1,0.5192582607269287,6,6,1,1,0.984183132648468,0.3491075038909912,0.1701507568359375,0.32768040434780416,worker2,worker2,worker2,0,0.0,0.3491075038909912,0.0
model_1,1673,1,0.5742843151092529,3,3,1,1,0.9948490262031555,0.48026275634765625,0.09402155876159668,0.16371953105442177,worker2,worker2,worker2,0,0.0,0.48026275634765625,0.0
model_1,1674,1,0.38718485832214355,5,5,1,0,0.8922517895698547,0.2941157817840576,0.09306907653808594,0.2403737505164809,worker2,worker2,worker2,0,0.0,0.2941157817840576,0.0
model_1,1675,1,0.6582932472229004,2,2,1,2,0.9593340754508972,0.4930720329284668,0.1652212142944336,0.2509842156082289,worker2->worker1,worker2,worker1,0,0.16645288467407227,0.32661914825439453,0.0
model_1,1676,1,0.28782033920288086,8,8,1,0,0.7430282235145569,0.2035059928894043,0.08431434631347656,0.29294088995581535,worker2,worker2,worker2,0,0.0,0.2035059928894043,0.0
model_1,1677,1,0.29396677017211914,9,1,0,0,0.9168543219566345,0.20775985717773438,0.08620691299438477,0.2932539380009181,worker2,worker2,worker2,0,0.0,0.20775985717773438,0.0
model_1,1678,1,0.3674314022064209,8,8,1,0,0.9966636300086975,0.21497511863708496,0.15245628356933594,0.41492448019912803,worker2,worker2,worker2,0,0.0,0.21497511863708496,0.0
model_1,1679,1,0.46305036544799805,6,0,0,1,0.9783908724784851,0.3719766139984131,0.09107375144958496,0.19668217162828872,worker2,worker2,worker2,0,0.0,0.3719766139984131,0.0
model_1,1680,1,0.5663437843322754,2,3,0,2,0.5292870998382568,0.41548824310302734,0.15085554122924805,0.2663674351208924,worker2->worker1,worker2,worker1,0,0.07885527610778809,0.33663296699523926,0.0
model_1,1681,1,0.34044814109802246,0,9,0,0,0.9269821047782898,0.24363207817077637,0.0968160629272461,0.28437829801329606,worker2,worker2,worker2,0,0.0,0.24363207817077637,0.0
model_1,1682,1,0.47376036643981934,3,3,1,1,0.9989534616470337,0.38349413871765137,0.09026622772216797,0.19053140388355866,worker2,worker2,worker2,0,0.0,0.38349413871765137,0.0
model_1,1683,1,0.3826637268066406,6,6,1,0,0.7977738976478577,0.21335506439208984,0.16930866241455078,0.44244763889027344,worker2,worker2,worker2,0,0.0,0.21335506439208984,0.0
model_1,1684,1,0.5451788902282715,4,7,0,1,0.9506106972694397,0.3768496513366699,0.16832923889160156,0.3087596418509905,worker2,worker2,worker2,0,0.0,0.3768496513366699,0.0
model_1,1685,1,0.6971023082733154,2,8,0,2,0.8764599561691284,0.5516452789306641,0.14545702934265137,0.20865951470300037,worker2->worker1,worker2,worker1,0,0.07883858680725098,0.4728066921234131,0.0
model_1,1686,1,0.37006473541259766,6,6,1,0,0.8699149489402771,0.27248263359069824,0.09758210182189941,0.2636892751023732,worker2,worker2,worker2,0,0.0,0.27248263359069824,0.0
model_1,1687,1,0.5077075958251953,3,3,1,1,0.9341138601303101,0.3643357753753662,0.1433718204498291,0.2823905366568364,worker2,worker2,worker2,0,0.0,0.3643357753753662,0.0
model_1,1688,1,0.40584349632263184,6,2,0,1,0.7148863077163696,0.3220980167388916,0.08374547958374023,0.20634919702437565,worker2,worker2,worker2,0,0.0,0.3220980167388916,0.0
model_1,1689,1,0.31441593170166016,5,5,1,0,0.504692018032074,0.22625446319580078,0.08816146850585938,0.2803975868166666,worker2,worker2,worker2,0,0.0,0.22625446319580078,0.0
model_1,1690,1,0.36199402809143066,8,8,1,0,0.828002393245697,0.20958876609802246,0.1524052619934082,0.42101595652543317,worker2,worker2,worker2,0,0.0,0.20958876609802246,0.0
model_1,1691,1,0.5151681900024414,1,1,1,1,0.9650783538818359,0.3629262447357178,0.15224194526672363,0.2955189163872912,worker2,worker2,worker2,0,0.0,0.3629262447357178,0.0
model_1,1692,1,0.43184781074523926,8,8,1,1,0.8415867686271667,0.33452868461608887,0.09731912612915039,0.2253551452795532,worker2,worker2,worker2,0,0.0,0.33452868461608887,0.0
model_1,1693,1,0.6120109558105469,2,2,1,2,0.9922170639038086,0.4559969902038574,0.15601396560668945,0.25492021691027517,worker2->worker1,worker2,worker1,0,0.08829379081726074,0.3677031993865967,0.0
model_1,1694,1,0.3004310131072998,7,7,1,0,0.991312563419342,0.21242570877075195,0.08800530433654785,0.29293015866213684,worker2,worker2,worker2,0,0.0,0.21242570877075195,0.0
model_1,1695,1,0.35134291648864746,7,4,0,0,0.9044269323348999,0.26445508003234863,0.08688783645629883,0.24730208687473662,worker2,worker2,worker2,0,0.0,0.26445508003234863,0.0
model_1,1696,1,0.9514994621276855,3,3,1,3,0.9516903758049011,0.7541284561157227,0.1973710060119629,0.20743154764440305,worker2->worker1->worker3,worker2,worker3,0,0.17697930335998535,0.47634339332580566,0.10080575942993164
model_1,1697,1,0.7021574974060059,6,6,1,1,0.9030207991600037,0.5391702651977539,0.16298723220825195,0.23212346633109932,worker2,worker2,worker2,0,0.0,0.5391702651977539,0.0
model_1,1698,1,0.4668090343475342,0,0,1,0,0.9192326068878174,0.37065720558166504,0.09615182876586914,0.20597679498697355,worker2,worker2,worker2,0,0.0,0.37065720558166504,0.0
model_1,1699,1,0.2863292694091797,6,6,1,0,0.8077753186225891,0.20088791847229004,0.08544135093688965,0.29840243406897193,worker2,worker2,worker2,0,0.0,0.20088791847229004,0.0
model_1,1700,1,0.3583042621612549,3,3,1,0,0.8349219560623169,0.21439027786254883,0.14391398429870605,0.40165300694619577,worker2,worker2,worker2,0,0.0,0.21439027786254883,0.0
model_1,1701,1,0.2977883815765381,3,3,1,0,0.7716107368469238,0.21291446685791016,0.08487391471862793,0.2850141911826519,worker2,worker2,worker2,0,0.0,0.21291446685791016,0.0
model_1,1702,1,0.29927849769592285,4,7,0,0,0.9072067737579346,0.21007990837097168,0.08919858932495117,0.29804543263772987,worker2,worker2,worker2,0,0.0,0.21007990837097168,0.0
model_1,1703,1,0.7357368469238281,4,4,1,2,0.95637446641922,0.573676586151123,0.16206026077270508,0.22026932788576703,worker2->worker1,worker2,worker1,0,0.15428900718688965,0.4193875789642334,0.0
model_1,1704,1,0.2871429920196533,9,9,1,0,0.7875368595123291,0.20011591911315918,0.08702707290649414,0.3030792160183997,worker2,worker2,worker2,0,0.0,0.20011591911315918,0.0
model_1,1705,1,0.40152978897094727,2,2,1,0,0.9347077012062073,0.24920320510864258,0.1523265838623047,0.37936558643056567,worker2,worker2,worker2,0,0.0,0.24920320510864258,0.0
model_1,1706,1,0.5996153354644775,5,3,0,2,0.9174791574478149,0.43813276290893555,0.161482572555542,0.26931027778075994,worker2->worker1,worker2,worker1,0,0.1132194995880127,0.32491326332092285,0.0
model_1,1707,1,0.29796886444091797,8,9,0,0,0.7441584467887878,0.2105271816253662,0.08744168281555176,0.29345912694475473,worker2,worker2,worker2,0,0.0,0.2105271816253662,0.0
model_1,1708,1,0.4080848693847656,3,3,1,1,0.7827802300453186,0.32335662841796875,0.08472824096679688,0.20762406872505304,worker2,worker2,worker2,0,0.0,0.32335662841796875,0.0
model_1,1709,1,0.41903138160705566,6,6,1,0,0.9854017496109009,0.2596116065979004,0.15941977500915527,0.3804482957762106,worker2,worker2,worker2,0,0.0,0.2596116065979004,0.0
model_1,1710,1,0.3238942623138428,7,7,1,0,0.9530119895935059,0.2185208797454834,0.10537338256835938,0.3253326620100978,worker2,worker2,worker2,0,0.0,0.2185208797454834,0.0
model_1,1711,1,0.4035453796386719,9,7,0,1,0.9990860223770142,0.3191657066345215,0.08437967300415039,0.20909587189352188,worker2,worker2,worker2,0,0.0,0.3191657066345215,0.0
model_1,1712,1,0.4499633312225342,3,5,0,1,0.9980535507202148,0.364959716796875,0.08500361442565918,0.18891231468730446,worker2,worker2,worker2,0,0.0,0.364959716796875,0.0
model_1,1713,1,0.41477441787719727,9,0,0,1,0.7199610471725464,0.32372117042541504,0.09105324745178223,0.21952474291396742,worker2,worker2,worker2,0,0.0,0.32372117042541504,0.0
model_1,1714,1,1.0423219203948975,4,7,0,3,0.3766201138496399,0.8524158000946045,0.18990612030029297,0.18219526672560482,worker2->worker1->worker3,worker2,worker3,0,0.17702460289001465,0.5436937808990479,0.131697416305542
model_1,1715,1,0.9191641807556152,8,0,0,3,0.38427332043647766,0.7337782382965088,0.18538594245910645,0.20168969411613347,worker2->worker1->worker3,worker2,worker3,0,0.17112255096435547,0.4626305103302002,0.10002517700195312
model_1,1716,1,0.29413914680480957,8,8,1,0,0.9981688261032104,0.20810580253601074,0.08603334426879883,0.29249198960208606,worker2,worker2,worker2,0,0.0,0.20810580253601074,0.0
model_1,1717,1,0.29445672035217285,6,6,1,0,0.8202880024909973,0.20847606658935547,0.08598065376281738,0.2919975936021557,worker2,worker2,worker2,0,0.0,0.20847606658935547,0.0
model_1,1718,1,0.29773926734924316,4,3,0,0,0.8453181982040405,0.2131180763244629,0.08462119102478027,0.284212397572407,worker2,worker2,worker2,0,0.0,0.2131180763244629,0.0
model_1,1719,1,0.3399655818939209,3,6,0,0,0.7391064167022705,0.25565004348754883,0.08431553840637207,0.24801198385041506,worker2,worker2,worker2,0,0.0,0.25565004348754883,0.0
model_1,1720,1,0.44600367546081543,2,2,1,0,0.9066725373268127,0.2857379913330078,0.16026568412780762,0.3593371376642121,worker2,worker2,worker2,0,0.0,0.2857379913330078,0.0
model_1,1721,1,0.3370046615600586,8,8,1,0,0.9563647508621216,0.24178862571716309,0.09521603584289551,0.2825362575168023,worker2,worker2,worker2,0,0.0,0.24178862571716309,0.0
model_1,1722,1,0.4508860111236572,4,4,1,1,0.9266934394836426,0.3673269748687744,0.08355903625488281,0.18532186449219074,worker2,worker2,worker2,0,0.0,0.3673269748687744,0.0
model_1,1723,1,0.6779744625091553,4,4,1,2,0.8111267685890198,0.5237059593200684,0.15426850318908691,0.22754323609497856,worker2->worker1,worker2,worker1,0,0.16724753379821777,0.3564584255218506,0.0
model_1,1724,1,0.6312844753265381,7,7,1,2,0.9967628717422485,0.4825863838195801,0.148698091506958,0.23554846874706123,worker2->worker1,worker2,worker1,0,0.16654682159423828,0.3160395622253418,0.0
model_1,1725,1,0.44817352294921875,6,1,0,1,0.7533208131790161,0.35141444206237793,0.09675908088684082,0.21589646851539757,worker2,worker2,worker2,0,0.0,0.35141444206237793,0.0
model_1,1726,1,0.3464653491973877,0,0,1,0,0.8968827724456787,0.2521829605102539,0.09428238868713379,0.2721264591265644,worker2,worker2,worker2,0,0.0,0.2521829605102539,0.0
model_1,1727,1,0.6574492454528809,4,4,1,2,0.9888448119163513,0.5064640045166016,0.1509852409362793,0.2296530750936885,worker2->worker1,worker2,worker1,0,0.13809943199157715,0.3683645725250244,0.0
model_1,1728,1,0.29824137687683105,8,8,1,0,0.9788884520530701,0.21149730682373047,0.08674407005310059,0.2908518964118265,worker2,worker2,worker2,0,0.0,0.21149730682373047,0.0
model_1,1729,1,0.29805564880371094,4,4,1,0,0.9797786474227905,0.2012181282043457,0.09683752059936523,0.3248974511573141,worker2,worker2,worker2,0,0.0,0.2012181282043457,0.0
model_1,1730,1,0.4022049903869629,3,3,1,0,0.8337819576263428,0.2448408603668213,0.1573641300201416,0.3912535492628796,worker2,worker2,worker2,0,0.0,0.2448408603668213,0.0
model_1,1731,1,0.351743221282959,6,6,1,0,0.8658854961395264,0.25367212295532227,0.09807109832763672,0.2788144657626356,worker2,worker2,worker2,0,0.0,0.25367212295532227,0.0
model_1,1732,1,0.39964842796325684,4,2,0,1,0.7963536977767944,0.3144185543060303,0.08522987365722656,0.2132621266436271,worker2,worker2,worker2,0,0.0,0.3144185543060303,0.0
model_1,1733,1,0.5811030864715576,9,0,0,1,0.9668280482292175,0.4945507049560547,0.08655238151550293,0.1489449695424037,worker2,worker2,worker2,0,0.0,0.4945507049560547,0.0
model_1,1734,1,0.39451169967651367,7,7,1,0,0.977025032043457,0.3046731948852539,0.08983850479125977,0.22772076180484463,worker2,worker2,worker2,0,0.0,0.3046731948852539,0.0
model_1,1735,1,0.298018217086792,0,0,1,0,0.7444325089454651,0.2144925594329834,0.0835256576538086,0.2802703085411835,worker2,worker2,worker2,0,0.0,0.2144925594329834,0.0
model_1,1736,1,0.6822376251220703,5,5,1,2,0.9639142155647278,0.52870774269104,0.15352988243103027,0.22503872078817072,worker2->worker1,worker2,worker1,0,0.17262649536132812,0.3560812473297119,0.0
model_1,1737,1,0.4476289749145508,3,3,1,1,0.9109684228897095,0.3632845878601074,0.08434438705444336,0.18842477091779886,worker2,worker2,worker2,0,0.0,0.3632845878601074,0.0
model_1,1738,1,0.533036470413208,0,8,0,1,0.9037606716156006,0.4478633403778076,0.08517313003540039,0.15978856000110928,worker2,worker2,worker2,0,0.0,0.4478633403778076,0.0
model_1,1739,1,0.3965778350830078,3,5,0,0,0.616916298866272,0.29674220085144043,0.09983563423156738,0.25174284944762676,worker2,worker2,worker2,0,0.0,0.29674220085144043,0.0
model_1,1740,1,0.6318943500518799,4,7,0,2,0.7436521053314209,0.4805409908294678,0.1513533592224121,0.23952320385517875,worker2->worker1,worker2,worker1,0,0.17145681381225586,0.3090841770172119,0.0
model_1,1741,1,0.39963269233703613,0,0,1,1,0.8720418810844421,0.3140707015991211,0.08556199073791504,0.214101579721999,worker2,worker2,worker2,0,0.0,0.3140707015991211,0.0
model_1,1742,1,0.41219115257263184,0,0,1,0,0.9707264304161072,0.25919151306152344,0.1529996395111084,0.3711861318618392,worker2,worker2,worker2,0,0.0,0.25919151306152344,0.0
model_1,1743,1,0.3207740783691406,4,4,1,0,0.7812551259994507,0.22188973426818848,0.09888434410095215,0.30826787689234025,worker2,worker2,worker2,0,0.0,0.22188973426818848,0.0
model_1,1744,1,0.2996697425842285,9,9,1,0,0.8283558487892151,0.21654415130615234,0.08312559127807617,0.27739067201525014,worker2,worker2,worker2,0,0.0,0.21654415130615234,0.0
model_1,1745,1,0.3929579257965088,8,8,1,0,0.9989898800849915,0.23988127708435059,0.1530766487121582,0.3895497168097028,worker2,worker2,worker2,0,0.0,0.23988127708435059,0.0
model_1,1746,1,0.307009220123291,6,6,1,0,0.933983564376831,0.2159738540649414,0.09103536605834961,0.29652323152311505,worker2,worker2,worker2,0,0.0,0.2159738540649414,0.0
model_1,1747,1,0.6371910572052002,8,8,1,2,0.8172056078910828,0.48413729667663574,0.15305376052856445,0.24020073539618936,worker2->worker1,worker2,worker1,0,0.16167330741882324,0.3224639892578125,0.0
model_1,1748,1,0.682600736618042,6,6,1,2,0.9833388328552246,0.5232968330383301,0.15930390357971191,0.23337786649482106,worker2->worker1,worker2,worker1,0,0.15496301651000977,0.3683338165283203,0.0
model_1,1749,1,0.29426026344299316,9,9,1,0,0.9501902461051941,0.20708107948303223,0.08717918395996094,0.29626556756226824,worker2,worker2,worker2,0,0.0,0.20708107948303223,0.0
model_1,1750,1,0.575359582901001,0,7,0,1,0.8909456729888916,0.47698521614074707,0.0983743667602539,0.17097893158265282,worker2,worker2,worker2,0,0.0,0.47698521614074707,0.0
model_1,1751,1,0.33855319023132324,4,4,1,0,0.9192020893096924,0.24382805824279785,0.09472513198852539,0.2797939429364188,worker2,worker2,worker2,0,0.0,0.24382805824279785,0.0
model_1,1752,1,0.4430251121520996,0,3,0,1,0.532020092010498,0.3583083152770996,0.084716796875,0.1912234646552383,worker2,worker2,worker2,0,0.0,0.3583083152770996,0.0
model_1,1753,1,0.4098653793334961,1,1,1,1,0.9880130290985107,0.3178672790527344,0.09199810028076172,0.22445931010412426,worker2,worker2,worker2,0,0.0,0.3178672790527344,0.0
model_1,1754,1,0.4284098148345947,7,7,1,0,0.8911084532737732,0.2697477340698242,0.1586620807647705,0.3703511807404052,worker2,worker2,worker2,0,0.0,0.2697477340698242,0.0
model_1,1755,1,0.36990928649902344,1,1,1,0,0.9942241311073303,0.2763197422027588,0.09358954429626465,0.2530067443886995,worker2,worker2,worker2,0,0.0,0.2763197422027588,0.0
model_1,1756,1,0.6999163627624512,2,2,1,2,0.6392269134521484,0.5416090488433838,0.15830731391906738,0.2261803300243693,worker2->worker1,worker2,worker1,0,0.17906594276428223,0.36254310607910156,0.0
model_1,1757,1,0.36901068687438965,8,8,1,0,0.9969950914382935,0.21162700653076172,0.15738368034362793,0.42650168664952776,worker2,worker2,worker2,0,0.0,0.21162700653076172,0.0
model_1,1758,1,0.6207189559936523,1,1,1,1,0.9882937669754028,0.46583056449890137,0.15488839149475098,0.24953062895719735,worker2,worker2,worker2,0,0.0,0.46583056449890137,0.0
model_1,1759,1,0.4102895259857178,6,6,1,0,0.8905357122421265,0.3189730644226074,0.09131646156311035,0.22256590963106646,worker2,worker2,worker2,0,0.0,0.3189730644226074,0.0
model_1,1760,1,0.3025946617126465,4,4,1,0,0.8921372890472412,0.21879792213439941,0.08379673957824707,0.2769273559023428,worker2,worker2,worker2,0,0.0,0.21879792213439941,0.0
model_1,1761,1,0.3332207202911377,8,8,1,0,0.9996660947799683,0.24705219268798828,0.08616852760314941,0.2585929456243395,worker2,worker2,worker2,0,0.0,0.24705219268798828,0.0
model_1,1762,1,0.4602639675140381,6,4,0,1,0.6992140412330627,0.37377166748046875,0.08649230003356934,0.18791890336479863,worker2,worker2,worker2,0,0.0,0.37377166748046875,0.0
model_1,1763,1,0.36824560165405273,6,6,1,0,0.8463597893714905,0.2126483917236328,0.15559720993041992,0.4225365061565495,worker2,worker2,worker2,0,0.0,0.2126483917236328,0.0
model_1,1764,1,0.748239278793335,5,5,1,1,0.9878219962120056,0.5926837921142578,0.15555548667907715,0.2078953766366519,worker2,worker2,worker2,0,0.0,0.5926837921142578,0.0
model_1,1765,1,0.5122437477111816,5,3,0,0,0.6773233413696289,0.4056365489959717,0.10660719871520996,0.20811810625616126,worker2,worker2,worker2,0,0.0,0.4056365489959717,0.0
model_1,1766,1,0.3156394958496094,8,8,1,0,0.9005711674690247,0.2114095687866211,0.10422992706298828,0.3302182661977448,worker2,worker2,worker2,0,0.0,0.2114095687866211,0.0
model_1,1767,1,0.8594400882720947,5,7,0,3,0.7782997488975525,0.6834208965301514,0.17601919174194336,0.20480682032860503,worker2->worker1->worker3,worker2,worker3,0,0.1159963607788086,0.4672119617462158,0.10021257400512695
model_1,1768,1,0.4559764862060547,7,1,0,1,0.6844034790992737,0.3706624507904053,0.08531403541564941,0.18710183089813145,worker2,worker2,worker2,0,0.0,0.3706624507904053,0.0
model_1,1769,1,0.6327559947967529,2,2,1,2,0.7768138647079468,0.48140931129455566,0.15134668350219727,0.2391864869661349,worker2->worker1,worker2,worker1,0,0.16804099082946777,0.3133683204650879,0.0
model_1,1770,1,0.45317792892456055,5,5,1,1,0.7840188145637512,0.3661003112792969,0.08707761764526367,0.19214884946384772,worker2,worker2,worker2,0,0.0,0.3661003112792969,0.0
model_1,1771,1,0.472198486328125,9,9,1,1,0.9350406527519226,0.3852968215942383,0.08690166473388672,0.1840363051767595,worker2,worker2,worker2,0,0.0,0.3852968215942383,0.0
model_1,1772,1,0.3310873508453369,4,4,1,0,0.9656751155853271,0.23370671272277832,0.0973806381225586,0.29412370443608,worker2,worker2,worker2,0,0.0,0.23370671272277832,0.0
model_1,1773,1,0.32698631286621094,4,4,1,0,0.8509267568588257,0.24124979972839355,0.08573651313781738,0.2622021465861697,worker2,worker2,worker2,0,0.0,0.24124979972839355,0.0
model_1,1774,1,0.36896491050720215,4,6,0,0,0.8154835104942322,0.2109365463256836,0.15802836418151855,0.42830187825797017,worker2,worker2,worker2,0,0.0,0.2109365463256836,0.0
model_1,1775,1,0.6200218200683594,5,5,1,1,0.8096495270729065,0.5222818851470947,0.09773993492126465,0.15763950841357247,worker2,worker2,worker2,0,0.0,0.5222818851470947,0.0
model_1,1776,1,0.39695191383361816,9,9,1,0,0.7854437232017517,0.2851243019104004,0.11182761192321777,0.28171576462052317,worker2,worker2,worker2,0,0.0,0.2851243019104004,0.0
model_1,1777,1,0.298443078994751,2,2,1,0,0.8383921980857849,0.21480607986450195,0.08363699913024902,0.28024439170097165,worker2,worker2,worker2,0,0.0,0.21480607986450195,0.0
model_1,1778,1,0.30209922790527344,2,2,1,0,0.7931398749351501,0.21846747398376465,0.08363175392150879,0.27683537790348955,worker2,worker2,worker2,0,0.0,0.21846747398376465,0.0
model_1,1779,1,0.2999989986419678,8,8,1,0,0.777251124382019,0.21549558639526367,0.0845034122467041,0.28167898102738087,worker2,worker2,worker2,0,0.0,0.21549558639526367,0.0
model_1,1780,1,0.4740898609161377,9,0,0,1,0.9664583206176758,0.3879556655883789,0.08613419532775879,0.18168326814944302,worker2,worker2,worker2,0,0.0,0.3879556655883789,0.0
model_1,1781,1,0.45564866065979004,0,7,0,1,0.8979027271270752,0.34469103813171387,0.11095762252807617,0.2435157438351885,worker2,worker2,worker2,0,0.0,0.34469103813171387,0.0
model_1,1782,1,0.5704035758972168,6,6,1,1,0.9884461164474487,0.47681760787963867,0.09358596801757812,0.1640697428489504,worker2,worker2,worker2,0,0.0,0.47681760787963867,0.0
model_1,1783,1,0.3829011917114258,5,5,1,0,0.872840404510498,0.28472208976745605,0.09817910194396973,0.2564084522828088,worker2,worker2,worker2,0,0.0,0.28472208976745605,0.0
model_1,1784,1,0.2934093475341797,7,7,1,0,0.9904283285140991,0.2069072723388672,0.0865020751953125,0.2948170394783886,worker2,worker2,worker2,0,0.0,0.2069072723388672,0.0
model_1,1785,1,0.2939448356628418,9,9,1,0,0.9981614947319031,0.20857906341552734,0.08536577224731445,0.290414261080028,worker2,worker2,worker2,0,0.0,0.20857906341552734,0.0
model_1,1786,1,0.4756472110748291,3,3,1,1,0.9091637134552002,0.38565516471862793,0.08999204635620117,0.18919914647001593,worker2,worker2,worker2,0,0.0,0.38565516471862793,0.0
model_1,1787,1,0.35367417335510254,7,7,1,0,0.9981822967529297,0.26093220710754395,0.0927419662475586,0.2622243104939474,worker2,worker2,worker2,0,0.0,0.26093220710754395,0.0
model_1,1788,1,0.3075737953186035,9,9,1,0,0.7641035318374634,0.2172102928161621,0.0903635025024414,0.29379454257095416,worker2,worker2,worker2,0,0.0,0.2172102928161621,0.0
model_1,1789,1,0.5309092998504639,5,5,1,1,0.6042753458023071,0.4334080219268799,0.09750127792358398,0.1836495950457945,worker2,worker2,worker2,0,0.0,0.4334080219268799,0.0
model_1,1790,1,0.45632243156433105,3,3,1,1,0.8218107223510742,0.36112284660339355,0.0951995849609375,0.20862350473234742,worker2,worker2,worker2,0,0.0,0.36112284660339355,0.0
model_1,1791,1,0.31085872650146484,9,1,0,0,0.8026208877563477,0.21532869338989258,0.09553003311157227,0.3073101218251375,worker2,worker2,worker2,0,0.0,0.21532869338989258,0.0
model_1,1792,1,0.35268211364746094,1,1,1,0,0.9951743483543396,0.2614474296569824,0.09123468399047852,0.25868815134094436,worker2,worker2,worker2,0,0.0,0.2614474296569824,0.0
model_1,1793,1,0.4580233097076416,6,6,1,1,0.8942139148712158,0.3610820770263672,0.09694123268127441,0.21165130819030248,worker2,worker2,worker2,0,0.0,0.3610820770263672,0.0
model_1,1794,1,0.3144969940185547,9,1,0,0,0.8270379900932312,0.2134106159210205,0.10108637809753418,0.32142239836979264,worker2,worker2,worker2,0,0.0,0.2134106159210205,0.0
model_1,1795,1,0.48533105850219727,1,5,0,1,0.7788957357406616,0.3918571472167969,0.09347391128540039,0.19259824741873016,worker2,worker2,worker2,0,0.0,0.3918571472167969,0.0
model_1,1796,1,0.32705235481262207,7,5,0,0,0.8738328218460083,0.2284224033355713,0.09862995147705078,0.30157236303514395,worker2,worker2,worker2,0,0.0,0.2284224033355713,0.0
model_1,1797,1,0.30133891105651855,9,9,1,0,0.9095849394798279,0.21079492568969727,0.09054398536682129,0.30047226576005986,worker2,worker2,worker2,0,0.0,0.21079492568969727,0.0
model_1,1798,1,0.3006913661956787,2,4,0,0,0.5764104127883911,0.21425080299377441,0.0864405632019043,0.28747271428356214,worker2,worker2,worker2,0,0.0,0.21425080299377441,0.0
model_1,1799,1,0.5027613639831543,0,0,1,1,0.9931643605232239,0.41474199295043945,0.08801937103271484,0.1750718677652089,worker2,worker2,worker2,0,0.0,0.41474199295043945,0.0
model_1,1800,1,0.5823967456817627,2,2,1,2,0.9686177968978882,0.42090582847595215,0.16149091720581055,0.2772867781339794,worker2->worker1,worker2,worker1,0,0.0883796215057373,0.33252620697021484,0.0
model_1,1801,1,0.3474428653717041,0,8,0,0,0.762383222579956,0.2572658061981201,0.09017705917358398,0.259545001959128,worker2,worker2,worker2,0,0.0,0.2572658061981201,0.0
model_1,1802,1,0.5037815570831299,2,3,0,1,0.871083676815033,0.4088170528411865,0.09496450424194336,0.18850333623124893,worker2,worker2,worker2,0,0.0,0.4088170528411865,0.0
model_1,1803,1,0.312941312789917,8,8,1,0,0.9203459024429321,0.2165663242340088,0.0963749885559082,0.30796505484274755,worker2,worker2,worker2,0,0.0,0.2165663242340088,0.0
model_1,1804,1,0.48763203620910645,9,8,0,1,0.9773889780044556,0.398848295211792,0.08878374099731445,0.18207118155633686,worker2,worker2,worker2,0,0.0,0.398848295211792,0.0
model_1,1805,1,0.30293822288513184,1,1,1,0,0.5372281670570374,0.2133166790008545,0.08962154388427734,0.2958409903865451,worker2,worker2,worker2,0,0.0,0.2133166790008545,0.0
model_1,1806,1,0.40392374992370605,9,9,1,0,0.7825467586517334,0.24494409561157227,0.1589796543121338,0.3935882808133025,worker2,worker2,worker2,0,0.0,0.24494409561157227,0.0
model_1,1807,1,0.39979052543640137,7,7,1,0,0.9789589047431946,0.3075687885284424,0.09222173690795898,0.23067514370755043,worker2,worker2,worker2,0,0.0,0.3075687885284424,0.0
model_1,1808,1,0.5434706211090088,4,4,1,1,0.6180145144462585,0.45610761642456055,0.08736300468444824,0.16075018831040924,worker2,worker2,worker2,0,0.0,0.45610761642456055,0.0
model_1,1809,1,0.35686373710632324,9,1,0,0,0.8598670363426208,0.2561309337615967,0.10073280334472656,0.28227245547987534,worker2,worker2,worker2,0,0.0,0.2561309337615967,0.0
model_1,1810,1,0.31653642654418945,0,1,0,0,0.8404912948608398,0.2256641387939453,0.09087228775024414,0.28708319210635336,worker2,worker2,worker2,0,0.0,0.2256641387939453,0.0
model_1,1811,1,0.7121272087097168,6,2,0,2,0.47634804248809814,0.5407466888427734,0.17138051986694336,0.24065998008623052,worker2->worker1,worker2,worker1,0,0.16724419593811035,0.3735024929046631,0.0
model_1,1812,1,0.6195368766784668,2,2,1,2,0.9623250961303711,0.45741987228393555,0.16211700439453125,0.261674503160638,worker2->worker1,worker2,worker1,0,0.09074950218200684,0.3666703701019287,0.0
model_1,1813,1,0.3393862247467041,8,7,0,0,0.9089151620864868,0.2522733211517334,0.0871129035949707,0.2566777825469673,worker2,worker2,worker2,0,0.0,0.2522733211517334,0.0
model_1,1814,1,0.40462446212768555,5,5,1,1,0.9871505498886108,0.31885457038879395,0.0857698917388916,0.21197406426659784,worker2,worker2,worker2,0,0.0,0.31885457038879395,0.0
model_1,1815,1,0.3835737705230713,3,0,0,0,0.7581560611724854,0.24236679077148438,0.14120697975158691,0.3681351296753842,worker2,worker2,worker2,0,0.0,0.24236679077148438,0.0
model_1,1816,1,0.6593658924102783,2,2,1,2,0.9785838723182678,0.49985551834106445,0.15951037406921387,0.24191480922091957,worker2->worker1,worker2,worker1,0,0.17219972610473633,0.3276557922363281,0.0
model_1,1817,1,0.40280914306640625,4,4,1,1,0.779823362827301,0.3152801990509033,0.08752894401550293,0.21729631891963558,worker2,worker2,worker2,0,0.0,0.3152801990509033,0.0
model_1,1818,1,0.4301576614379883,4,7,0,1,0.8773158192634583,0.3418769836425781,0.08828067779541016,0.20522865383890584,worker2,worker2,worker2,0,0.0,0.3418769836425781,0.0
model_1,1819,1,0.34422755241394043,9,0,0,0,0.9562166929244995,0.25102686882019043,0.09320068359375,0.27075311938329194,worker2,worker2,worker2,0,0.0,0.25102686882019043,0.0
model_1,1820,1,0.5089366436004639,3,7,0,1,0.9912800192832947,0.41129446029663086,0.09764218330383301,0.19185528205056135,worker2,worker2,worker2,0,0.0,0.41129446029663086,0.0
model_1,1821,1,0.3668942451477051,7,7,1,0,0.978585958480835,0.2647264003753662,0.10216784477233887,0.27846674109376646,worker2,worker2,worker2,0,0.0,0.2647264003753662,0.0
model_1,1822,1,0.354886531829834,7,7,1,0,0.9341738224029541,0.20221161842346191,0.15267491340637207,0.4302076853104665,worker2,worker2,worker2,0,0.0,0.20221161842346191,0.0
model_1,1823,1,0.5406131744384766,2,2,1,1,0.9163262844085693,0.4497807025909424,0.09083247184753418,0.16801749595148127,worker2,worker2,worker2,0,0.0,0.4497807025909424,0.0
model_1,1824,1,0.42745137214660645,8,0,0,1,0.9838500022888184,0.3317394256591797,0.09571194648742676,0.2239130640914159,worker2,worker2,worker2,0,0.0,0.3317394256591797,0.0
model_1,1825,1,0.44383859634399414,8,7,0,1,0.5749566555023193,0.3585948944091797,0.08524370193481445,0.19206013770994104,worker2,worker2,worker2,0,0.0,0.3585948944091797,0.0
model_1,1826,1,0.6694979667663574,4,4,1,1,0.9015055298805237,0.4933130741119385,0.17618489265441895,0.26315971280000056,worker2,worker2,worker2,0,0.0,0.4933130741119385,0.0
model_1,1827,1,0.5729448795318604,8,8,1,1,0.6706438064575195,0.4698612689971924,0.10308361053466797,0.17991889659419794,worker2,worker2,worker2,0,0.0,0.4698612689971924,0.0
model_1,1828,1,0.5260477066040039,4,4,1,1,0.7386084794998169,0.4295632839202881,0.09648442268371582,0.18341382629835695,worker2,worker2,worker2,0,0.0,0.4295632839202881,0.0
model_1,1829,1,0.33304905891418457,1,1,1,0,0.9712844491004944,0.22929024696350098,0.1037588119506836,0.311542126222968,worker2,worker2,worker2,0,0.0,0.22929024696350098,0.0
model_1,1830,1,0.32915401458740234,9,9,1,0,0.9819586873054504,0.243635892868042,0.08551812171936035,0.2598118750778663,worker2,worker2,worker2,0,0.0,0.243635892868042,0.0
model_1,1831,1,0.30138349533081055,7,7,1,0,0.8793894648551941,0.21244311332702637,0.08894038200378418,0.29510700944708224,worker2,worker2,worker2,0,0.0,0.21244311332702637,0.0
model_1,1832,1,0.31621861457824707,3,5,0,0,0.7577511072158813,0.2169346809387207,0.09928393363952637,0.31397245153307995,worker2,worker2,worker2,0,0.0,0.2169346809387207,0.0
model_1,1833,1,0.3534097671508789,8,8,1,0,0.9881356954574585,0.2583186626434326,0.09509110450744629,0.2690675622070447,worker2,worker2,worker2,0,0.0,0.2583186626434326,0.0
model_1,1834,1,0.35521578788757324,9,9,1,0,0.9646190404891968,0.2554748058319092,0.09974098205566406,0.28078983383258954,worker2,worker2,worker2,0,0.0,0.2554748058319092,0.0
model_1,1835,1,0.40337085723876953,8,8,1,0,0.8501671552658081,0.22852563858032227,0.17484521865844727,0.43346021538425167,worker2,worker2,worker2,0,0.0,0.22852563858032227,0.0
model_1,1836,1,0.5387213230133057,7,0,0,1,0.6376529932022095,0.37491917610168457,0.1638021469116211,0.3040572925448793,worker2,worker2,worker2,0,0.0,0.37491917610168457,0.0
model_1,1837,1,0.8814451694488525,4,3,0,2,0.505366861820221,0.6655571460723877,0.21588802337646484,0.24492507402525637,worker2->worker1,worker2,worker1,0,0.13134551048278809,0.5342116355895996,0.0
model_1,1838,1,0.4473576545715332,6,6,1,0,0.8945530652999878,0.33588194847106934,0.11147570610046387,0.24918698710371284,worker2,worker2,worker2,0,0.0,0.33588194847106934,0.0
model_1,1839,1,0.2914860248565674,4,4,1,0,0.908889651298523,0.2084519863128662,0.08303403854370117,0.28486456112110364,worker2,worker2,worker2,0,0.0,0.2084519863128662,0.0
model_1,1840,1,0.8129522800445557,0,1,0,3,0.8678345084190369,0.6356875896453857,0.17726469039916992,0.21805054829227435,worker2->worker1->worker3,worker2,worker3,0,0.11218452453613281,0.4219026565551758,0.10160040855407715
model_1,1841,1,0.2948026657104492,9,9,1,0,0.9991193413734436,0.21015667915344238,0.08464598655700684,0.28712761586811725,worker2,worker2,worker2,0,0.0,0.21015667915344238,0.0
model_1,1842,1,0.33994388580322266,8,8,1,0,0.9041509032249451,0.2554342746734619,0.08450961112976074,0.24859870896068811,worker2,worker2,worker2,0,0.0,0.2554342746734619,0.0
model_1,1843,1,0.4270470142364502,3,2,0,1,0.7447296380996704,0.33872056007385254,0.08832645416259766,0.2068307498192517,worker2,worker2,worker2,0,0.0,0.33872056007385254,0.0
model_1,1844,1,0.3073134422302246,1,1,1,0,0.8332268595695496,0.21851515769958496,0.08879828453063965,0.28895021280623384,worker2,worker2,worker2,0,0.0,0.21851515769958496,0.0
model_1,1845,1,0.3708031177520752,7,5,0,0,0.9554699063301086,0.21811652183532715,0.15268659591674805,0.4117726863851148,worker2,worker2,worker2,0,0.0,0.21811652183532715,0.0
model_1,1846,1,0.6071841716766357,0,6,0,1,0.7407485842704773,0.5173285007476807,0.08985567092895508,0.14798750547273645,worker2,worker2,worker2,0,0.0,0.5173285007476807,0.0
model_1,1847,1,0.39984583854675293,7,5,0,0,0.8686537146568298,0.30742526054382324,0.09242057800292969,0.23114052740634736,worker2,worker2,worker2,0,0.0,0.30742526054382324,0.0
model_1,1848,1,0.3178391456604004,0,0,1,0,0.9994598031044006,0.23087501525878906,0.08696413040161133,0.2736105089287188,worker2,worker2,worker2,0,0.0,0.23087501525878906,0.0
model_1,1849,1,0.4481189250946045,3,4,0,1,0.8628587126731873,0.36329078674316406,0.08482813835144043,0.18929827240287153,worker2,worker2,worker2,0,0.0,0.36329078674316406,0.0
model_1,1850,1,0.3953378200531006,8,8,1,1,0.9521461129188538,0.3100883960723877,0.08524942398071289,0.2156369050885707,worker2,worker2,worker2,0,0.0,0.3100883960723877,0.0
model_1,1851,1,0.5330073833465576,4,4,1,1,0.949604868888855,0.43928003311157227,0.09372735023498535,0.17584625122171055,worker2,worker2,worker2,0,0.0,0.43928003311157227,0.0
model_1,1852,1,0.3767712116241455,5,7,0,0,0.8148683905601501,0.2785947322845459,0.09817647933959961,0.2605731975019822,worker2,worker2,worker2,0,0.0,0.2785947322845459,0.0
model_1,1853,1,0.29871535301208496,4,4,1,0,0.8034778237342834,0.2126302719116211,0.08608508110046387,0.28818432073352845,worker2,worker2,worker2,0,0.0,0.2126302719116211,0.0
model_1,1854,1,0.34610462188720703,6,6,1,0,0.9125378131866455,0.25981712341308594,0.0862874984741211,0.2493104483945365,worker2,worker2,worker2,0,0.0,0.25981712341308594,0.0
model_1,1855,1,0.5710508823394775,8,0,0,1,0.8091598749160767,0.48325014114379883,0.08780074119567871,0.15375292099362006,worker2,worker2,worker2,0,0.0,0.48325014114379883,0.0
model_1,1856,1,0.4218134880065918,8,8,1,0,0.9333752989768982,0.31473755836486816,0.10707592964172363,0.2538466234158219,worker2,worker2,worker2,0,0.0,0.31473755836486816,0.0
model_1,1857,1,0.33849596977233887,8,8,1,0,0.9780875444412231,0.25352954864501953,0.08496642112731934,0.251011618201732,worker2,worker2,worker2,0,0.0,0.25352954864501953,0.0
model_1,1858,1,0.673130989074707,6,6,1,2,0.9911932349205017,0.5175590515136719,0.15557193756103516,0.23111688525124358,worker2->worker1,worker2,worker1,0,0.16117238998413086,0.356386661529541,0.0
model_1,1859,1,0.31023645401000977,8,8,1,0,0.9996668100357056,0.2081468105316162,0.10208964347839355,0.3290704305016961,worker2,worker2,worker2,0,0.0,0.2081468105316162,0.0
model_1,1860,1,0.3204660415649414,0,0,1,0,0.9241041541099548,0.21379423141479492,0.10667181015014648,0.33286462936675865,worker2,worker2,worker2,0,0.0,0.21379423141479492,0.0
model_1,1861,1,0.40244626998901367,3,3,1,1,0.7918968796730042,0.31599855422973633,0.08644771575927734,0.21480560811667423,worker2,worker2,worker2,0,0.0,0.31599855422973633,0.0
model_1,1862,1,0.39704465866088867,2,2,1,0,0.9236757755279541,0.24193358421325684,0.15511107444763184,0.39066405016195027,worker2,worker2,worker2,0,0.0,0.24193358421325684,0.0
model_1,1863,1,0.6205859184265137,4,2,0,2,0.6090767979621887,0.4640796184539795,0.15650629997253418,0.25219118791698264,worker2->worker1,worker2,worker1,0,0.07619953155517578,0.3878800868988037,0.0
model_1,1864,1,0.3934743404388428,5,5,1,0,0.8822457790374756,0.25745415687561035,0.13602018356323242,0.3456900986517414,worker2,worker2,worker2,0,0.0,0.25745415687561035,0.0
model_1,1865,1,0.43986010551452637,9,8,0,1,0.9778384566307068,0.35518527030944824,0.08467483520507812,0.1925040123973729,worker2,worker2,worker2,0,0.0,0.35518527030944824,0.0
model_1,1866,1,0.6046419143676758,3,5,0,1,0.8914012312889099,0.5181729793548584,0.08646893501281738,0.1430085029802228,worker2,worker2,worker2,0,0.0,0.5181729793548584,0.0
model_1,1867,1,0.34438180923461914,4,4,1,0,0.9351617693901062,0.25338053703308105,0.09100127220153809,0.26424529333818875,worker2,worker2,worker2,0,0.0,0.25338053703308105,0.0
model_1,1868,1,0.3045022487640381,6,6,1,0,0.9846115708351135,0.21559691429138184,0.08890533447265625,0.29196938555796975,worker2,worker2,worker2,0,0.0,0.21559691429138184,0.0
model_1,1869,1,0.3383359909057617,3,3,1,0,0.9896590113639832,0.25376391410827637,0.08457207679748535,0.24996476600398568,worker2,worker2,worker2,0,0.0,0.25376391410827637,0.0
model_1,1870,1,0.3570518493652344,7,7,1,0,0.9533516764640808,0.25319361686706543,0.10385823249816895,0.2908771728330431,worker2,worker2,worker2,0,0.0,0.25319361686706543,0.0
model_1,1871,1,0.4701228141784668,7,7,1,0,0.9320605397224426,0.30309271812438965,0.16703009605407715,0.35529034332435017,worker2,worker2,worker2,0,0.0,0.30309271812438965,0.0
model_1,1872,1,0.33852243423461914,5,5,1,0,0.9836902022361755,0.2415158748626709,0.09700655937194824,0.28655873159861567,worker2,worker2,worker2,0,0.0,0.2415158748626709,0.0
model_1,1873,1,0.300384521484375,5,5,1,0,0.8373181223869324,0.2167367935180664,0.0836477279663086,0.2784688357208168,worker2,worker2,worker2,0,0.0,0.2167367935180664,0.0
model_1,1874,1,0.4567892551422119,5,5,1,1,0.9896788597106934,0.37233543395996094,0.08445382118225098,0.18488574376811473,worker2,worker2,worker2,0,0.0,0.37233543395996094,0.0
model_1,1875,1,0.5296645164489746,4,4,1,1,0.9986246824264526,0.43808722496032715,0.09157729148864746,0.17289678399189043,worker2,worker2,worker2,0,0.0,0.43808722496032715,0.0
model_1,1876,1,0.3290691375732422,8,8,1,0,0.9952515363693237,0.2401750087738037,0.08889412879943848,0.2701381522892069,worker2,worker2,worker2,0,0.0,0.2401750087738037,0.0
model_1,1877,1,0.3920300006866455,9,1,0,1,0.8570106625556946,0.30765390396118164,0.08437609672546387,0.21522867274871327,worker2,worker2,worker2,0,0.0,0.30765390396118164,0.0
model_1,1878,1,1.0810880661010742,4,4,1,3,0.6591348052024841,0.8503046035766602,0.23078346252441406,0.21347332355330748,worker2->worker1->worker3,worker2,worker3,0,0.17483925819396973,0.5722942352294922,0.10317111015319824
model_1,1879,1,0.4492216110229492,6,6,1,1,0.9032650589942932,0.3633759021759033,0.0858457088470459,0.19109879565135243,worker2,worker2,worker2,0,0.0,0.3633759021759033,0.0
model_1,1880,1,0.5278263092041016,3,6,0,1,0.6975107789039612,0.42539167404174805,0.10243463516235352,0.1940688316897515,worker2,worker2,worker2,0,0.0,0.42539167404174805,0.0
model_1,1881,1,0.3289461135864258,4,7,0,0,0.7869745492935181,0.22466206550598145,0.10428404808044434,0.3170247155178662,worker2,worker2,worker2,0,0.0,0.22466206550598145,0.0
model_1,1882,1,0.3218648433685303,9,9,1,0,0.9909571409225464,0.2341010570526123,0.08776378631591797,0.2726727945724404,worker2,worker2,worker2,0,0.0,0.2341010570526123,0.0
model_1,1883,1,0.4730527400970459,9,0,0,1,0.9042607545852661,0.3846399784088135,0.08841276168823242,0.18689831850481345,worker2,worker2,worker2,0,0.0,0.3846399784088135,0.0
model_1,1884,1,0.43625760078430176,0,0,1,1,0.8623192310333252,0.3472299575805664,0.08902764320373535,0.2040712712940288,worker2,worker2,worker2,0,0.0,0.3472299575805664,0.0
model_1,1885,1,0.3549039363861084,9,9,1,0,0.996715784072876,0.2586326599121094,0.09627127647399902,0.27126009774448717,worker2,worker2,worker2,0,0.0,0.2586326599121094,0.0
model_1,1886,1,1.0063745975494385,1,9,0,3,0.5537747740745544,0.7823612689971924,0.2240133285522461,0.22259437896954803,worker2->worker1->worker3,worker2,worker3,0,0.19654631614685059,0.4844479560852051,0.10136699676513672
model_1,1887,1,0.29258155822753906,9,9,1,0,0.9765093922615051,0.20540261268615723,0.08717894554138184,0.2979645951354981,worker2,worker2,worker2,0,0.0,0.20540261268615723,0.0
model_1,1888,1,0.2959887981414795,8,8,1,0,0.9825267195701599,0.20945286750793457,0.08653593063354492,0.29236218119370067,worker2,worker2,worker2,0,0.0,0.20945286750793457,0.0
model_1,1889,1,0.2901163101196289,5,5,1,0,0.7747259736061096,0.20614409446716309,0.08397221565246582,0.2894432774835721,worker2,worker2,worker2,0,0.0,0.20614409446716309,0.0
model_1,1890,1,0.3015937805175781,0,0,1,0,0.98506098985672,0.21609115600585938,0.08550262451171875,0.2835026119072615,worker2,worker2,worker2,0,0.0,0.21609115600585938,0.0
model_1,1891,1,0.3170454502105713,2,0,0,0,0.5365269780158997,0.22912240028381348,0.08792304992675781,0.27732001789763006,worker2,worker2,worker2,0,0.0,0.22912240028381348,0.0
model_1,1892,1,1.0109946727752686,5,5,1,3,0.9971641898155212,0.7785534858703613,0.23244118690490723,0.22991336469344184,worker2->worker1->worker3,worker2,worker3,0,0.16762042045593262,0.506751298904419,0.10418176651000977
model_1,1893,1,0.2899434566497803,7,3,0,0,0.7352292537689209,0.19794058799743652,0.09200286865234375,0.31731314000120053,worker2,worker2,worker2,0,0.0,0.19794058799743652,0.0
model_1,1894,1,0.39619874954223633,9,1,0,1,0.8002376556396484,0.3121337890625,0.08406496047973633,0.21217876274688918,worker2,worker2,worker2,0,0.0,0.3121337890625,0.0
model_1,1895,1,0.40041351318359375,9,1,0,1,0.6126431226730347,0.3159151077270508,0.08449840545654297,0.21102785663929272,worker2,worker2,worker2,0,0.0,0.3159151077270508,0.0
model_1,1896,1,0.5259480476379395,6,6,1,1,0.671451210975647,0.4281034469604492,0.09784460067749023,0.18603472551503047,worker2,worker2,worker2,0,0.0,0.4281034469604492,0.0
model_1,1897,1,0.37893104553222656,0,9,0,0,0.6189917325973511,0.2837717533111572,0.09515929222106934,0.25112561597430905,worker2,worker2,worker2,0,0.0,0.2837717533111572,0.0
model_1,1898,1,0.3391416072845459,9,1,0,0,0.8878682851791382,0.25153112411499023,0.08761048316955566,0.25833009364742704,worker2,worker2,worker2,0,0.0,0.25153112411499023,0.0
model_1,1899,1,0.40926551818847656,9,9,1,1,0.984686017036438,0.32357192039489746,0.0856935977935791,0.20938386935914585,worker2,worker2,worker2,0,0.0,0.32357192039489746,0.0
model_1,1900,1,0.4446842670440674,6,6,1,1,0.8898371458053589,0.35898470878601074,0.08569955825805664,0.19272001419731805,worker2,worker2,worker2,0,0.0,0.35898470878601074,0.0
model_1,1901,1,0.6684739589691162,4,4,1,2,0.9957178235054016,0.480893611907959,0.18758034706115723,0.28060980468174607,worker2->worker1,worker2,worker1,0,0.07547807693481445,0.40541553497314453,0.0
model_1,1902,1,0.8229465484619141,2,2,1,3,0.7698054909706116,0.6343851089477539,0.18856143951416016,0.22912963164689276,worker2->worker1->worker3,worker2,worker3,0,0.08106493949890137,0.40935254096984863,0.1439676284790039
model_1,1903,1,0.3174893856048584,9,9,1,0,0.8389051556587219,0.22769546508789062,0.08979392051696777,0.28282495285912856,worker2,worker2,worker2,0,0.0,0.22769546508789062,0.0
model_1,1904,1,0.3471832275390625,7,7,1,0,0.9803531169891357,0.25797367095947266,0.08920955657958984,0.2569523799059465,worker2,worker2,worker2,0,0.0,0.25797367095947266,0.0
model_1,1905,1,0.4648582935333252,4,4,1,1,0.9994934797286987,0.3781580924987793,0.0867002010345459,0.18650888290181802,worker2,worker2,worker2,0,0.0,0.3781580924987793,0.0
model_1,1906,1,0.28983545303344727,0,0,1,0,0.7527434825897217,0.20541167259216309,0.08442378044128418,0.29128175852089977,worker2,worker2,worker2,0,0.0,0.20541167259216309,0.0
model_1,1907,1,0.4492809772491455,0,2,0,1,0.8125738501548767,0.3656449317932129,0.08363604545593262,0.18615532304087037,worker2,worker2,worker2,0,0.0,0.3656449317932129,0.0
model_1,1908,1,0.33457279205322266,5,3,0,0,0.9494333267211914,0.24910998344421387,0.08546280860900879,0.25543860899308773,worker2,worker2,worker2,0,0.0,0.24910998344421387,0.0
model_1,1909,1,0.3626105785369873,5,5,1,0,0.7951494455337524,0.21068525314331055,0.15192532539367676,0.41897653953352587,worker2,worker2,worker2,0,0.0,0.21068525314331055,0.0
model_1,1910,1,0.60563063621521,9,1,0,1,0.9813848733901978,0.4492180347442627,0.15641260147094727,0.2582640178978104,worker2,worker2,worker2,0,0.0,0.4492180347442627,0.0
model_1,1911,1,0.6281330585479736,6,6,1,1,0.9826157093048096,0.5304346084594727,0.09769845008850098,0.15553782555935838,worker2,worker2,worker2,0,0.0,0.5304346084594727,0.0
model_1,1912,1,0.33714723587036133,9,9,1,0,0.9850098490715027,0.2386765480041504,0.09847068786621094,0.2920702808433362,worker2,worker2,worker2,0,0.0,0.2386765480041504,0.0
model_1,1913,1,0.5086085796356201,4,4,1,1,0.9812877774238586,0.42313599586486816,0.08547258377075195,0.16805179305466425,worker2,worker2,worker2,0,0.0,0.42313599586486816,0.0
model_1,1914,1,0.7027590274810791,8,6,0,2,0.8975870609283447,0.5500528812408447,0.15270614624023438,0.2172951755420115,worker2->worker1,worker2,worker1,0,0.13294434547424316,0.41710853576660156,0.0
model_1,1915,1,0.4582479000091553,3,3,1,1,0.6516355276107788,0.3666267395019531,0.09162116050720215,0.1999379822697969,worker2,worker2,worker2,0,0.0,0.3666267395019531,0.0
model_1,1916,1,0.3954958915710449,7,7,1,0,0.9114529490470886,0.30034637451171875,0.09514951705932617,0.24058282042162246,worker2,worker2,worker2,0,0.0,0.30034637451171875,0.0
model_1,1917,1,0.4405174255371094,0,0,1,0,0.8607304096221924,0.27568507194519043,0.16483235359191895,0.37417896327470795,worker2,worker2,worker2,0,0.0,0.27568507194519043,0.0
model_1,1918,1,0.31511735916137695,1,1,1,0,0.9866525530815125,0.20929360389709473,0.10582375526428223,0.3358233121333315,worker2,worker2,worker2,0,0.0,0.20929360389709473,0.0
model_1,1919,1,0.6734838485717773,5,5,1,2,0.9960711002349854,0.5230464935302734,0.1504373550415039,0.22337188242974007,worker2->worker1,worker2,worker1,0,0.1949150562286377,0.32813143730163574,0.0
model_1,1920,1,0.45084285736083984,6,1,0,1,0.8912111520767212,0.36545515060424805,0.0853877067565918,0.18939571818091436,worker2,worker2,worker2,0,0.0,0.36545515060424805,0.0
model_1,1921,1,0.5125415325164795,6,6,1,1,0.9536550045013428,0.3549621105194092,0.1575794219970703,0.30744712769594673,worker2,worker2,worker2,0,0.0,0.3549621105194092,0.0
model_1,1922,1,0.46843743324279785,5,5,1,1,0.9776163101196289,0.3715064525604248,0.09693098068237305,0.206924070972211,worker2,worker2,worker2,0,0.0,0.3715064525604248,0.0
model_1,1923,1,0.3053581714630127,0,0,1,0,0.9609553813934326,0.21261358261108398,0.09274458885192871,0.30372394623525784,worker2,worker2,worker2,0,0.0,0.21261358261108398,0.0
model_1,1924,1,0.3148512840270996,5,5,1,0,0.9322443604469299,0.22543573379516602,0.0894155502319336,0.28399296673739305,worker2,worker2,worker2,0,0.0,0.22543573379516602,0.0
model_1,1925,1,0.49047160148620605,6,6,1,1,0.7647853493690491,0.39978766441345215,0.0906839370727539,0.18489131031841052,worker2,worker2,worker2,0,0.0,0.39978766441345215,0.0
model_1,1926,1,0.616856575012207,3,5,0,1,0.9791163802146912,0.45152997970581055,0.16532659530639648,0.26801464392776364,worker2,worker2,worker2,0,0.0,0.45152997970581055,0.0
model_1,1927,1,0.390056848526001,0,0,1,0,0.9244922399520874,0.29550671577453613,0.09455013275146484,0.24240090414708404,worker2,worker2,worker2,0,0.0,0.29550671577453613,0.0
model_1,1928,1,0.45124220848083496,9,9,1,1,0.9883593320846558,0.36766624450683594,0.08357596397399902,0.1852130904495133,worker2,worker2,worker2,0,0.0,0.36766624450683594,0.0
model_1,1929,1,0.2982747554779053,6,6,1,0,0.7470019459724426,0.21190738677978516,0.08636736869812012,0.289556414386258,worker2,worker2,worker2,0,0.0,0.21190738677978516,0.0
model_1,1930,1,0.33876681327819824,6,6,1,0,0.7478315234184265,0.24823379516601562,0.09053301811218262,0.26724287788436973,worker2,worker2,worker2,0,0.0,0.24823379516601562,0.0
model_1,1931,1,0.4454073905944824,5,5,1,1,0.8577796220779419,0.35954833030700684,0.08585906028747559,0.19276523492993694,worker2,worker2,worker2,0,0.0,0.35954833030700684,0.0
model_1,1932,1,0.4284555912017822,7,7,1,1,0.8767728209495544,0.3230569362640381,0.10539865493774414,0.24599668460880555,worker2,worker2,worker2,0,0.0,0.3230569362640381,0.0
model_1,1933,1,0.4640939235687256,3,5,0,1,0.9934712648391724,0.3629188537597656,0.10117506980895996,0.2180055904006625,worker2,worker2,worker2,0,0.0,0.3629188537597656,0.0
model_1,1934,1,1.0049545764923096,3,5,0,3,0.5212862491607666,0.8176100254058838,0.18734455108642578,0.1864209144062338,worker2->worker1->worker3,worker2,worker3,0,0.18992280960083008,0.526761531829834,0.10092568397521973
model_1,1935,1,0.30302929878234863,7,7,1,0,0.9362266659736633,0.21771550178527832,0.08531379699707031,0.2815364631073087,worker2,worker2,worker2,0,0.0,0.21771550178527832,0.0
model_1,1936,1,0.455242395401001,2,2,1,1,0.9592163562774658,0.37154483795166016,0.08369755744934082,0.18385273053406131,worker2,worker2,worker2,0,0.0,0.37154483795166016,0.0
model_1,1937,1,0.31931161880493164,8,8,1,0,0.6439329385757446,0.21344566345214844,0.1058659553527832,0.33154432572482434,worker2,worker2,worker2,0,0.0,0.21344566345214844,0.0
model_1,1938,1,0.6536874771118164,2,2,1,2,0.9994669556617737,0.4932689666748047,0.16041851043701172,0.24540551265535618,worker2->worker1,worker2,worker1,0,0.11822795867919922,0.37504100799560547,0.0
model_1,1939,1,0.3062467575073242,1,1,1,0,0.643753707408905,0.21798300743103027,0.08826375007629395,0.2882112150172987,worker2,worker2,worker2,0,0.0,0.21798300743103027,0.0
model_1,1940,1,0.3167686462402344,3,3,1,0,0.787474513053894,0.20502829551696777,0.1117403507232666,0.35275066535001626,worker2,worker2,worker2,0,0.0,0.20502829551696777,0.0
model_1,1941,1,0.36304235458374023,0,0,1,0,0.6206050515174866,0.21008706092834473,0.1529552936553955,0.4213152865614595,worker2,worker2,worker2,0,0.0,0.21008706092834473,0.0
model_1,1942,1,0.7583234310150146,9,9,1,1,0.9996852874755859,0.6053197383880615,0.15300369262695312,0.20176574581397008,worker2,worker2,worker2,0,0.0,0.6053197383880615,0.0
model_1,1943,1,0.4983704090118408,8,8,1,0,0.9916018843650818,0.39246058464050293,0.10590982437133789,0.21251226488613928,worker2,worker2,worker2,0,0.0,0.39246058464050293,0.0
model_1,1944,1,0.45037293434143066,3,3,1,1,0.9951347708702087,0.36459898948669434,0.08577394485473633,0.19045093147118503,worker2,worker2,worker2,0,0.0,0.36459898948669434,0.0
model_1,1945,1,0.29723596572875977,7,7,1,0,0.7706007361412048,0.21178793907165527,0.08544802665710449,0.2874753950034411,worker2,worker2,worker2,0,0.0,0.21178793907165527,0.0
model_1,1946,1,0.3455357551574707,9,9,1,0,0.9956048727035522,0.2565484046936035,0.08898735046386719,0.25753442049235414,worker2,worker2,worker2,0,0.0,0.2565484046936035,0.0
model_1,1947,1,0.2879512310028076,5,5,1,0,0.8713359236717224,0.20297980308532715,0.08497142791748047,0.2950896498048031,worker2,worker2,worker2,0,0.0,0.20297980308532715,0.0
model_1,1948,1,0.29179930686950684,7,7,1,0,0.9642460346221924,0.2086324691772461,0.08316683769226074,0.2850138288006733,worker2,worker2,worker2,0,0.0,0.2086324691772461,0.0
model_1,1949,1,0.6956853866577148,3,2,0,2,0.9233812093734741,0.5104405879974365,0.18524479866027832,0.266276685141039,worker2->worker1,worker2,worker1,0,0.19516706466674805,0.3152735233306885,0.0
model_1,1950,1,0.6308882236480713,2,2,1,2,0.5702559351921082,0.48466968536376953,0.14621853828430176,0.23176615572058437,worker2->worker1,worker2,worker1,0,0.17130184173583984,0.3133678436279297,0.0
model_1,1951,1,0.4694211483001709,3,5,0,1,0.9982693195343018,0.38179898262023926,0.08762216567993164,0.18666003011841667,worker2,worker2,worker2,0,0.0,0.38179898262023926,0.0
model_1,1952,1,0.36415672302246094,0,0,1,0,0.8212842345237732,0.20852327346801758,0.15563344955444336,0.4273804099034689,worker2,worker2,worker2,0,0.0,0.20852327346801758,0.0
model_1,1953,1,0.9472866058349609,4,2,0,3,0.31713902950286865,0.747596025466919,0.199690580368042,0.21080270652832672,worker2->worker1->worker3,worker2,worker3,0,0.16037321090698242,0.48650670051574707,0.10071611404418945
model_1,1954,1,0.5355551242828369,0,0,1,1,0.9445701241493225,0.43264031410217285,0.10291481018066406,0.19216473807150575,worker2,worker2,worker2,0,0.0,0.43264031410217285,0.0
model_1,1955,1,0.34035420417785645,3,3,1,0,0.8523808121681213,0.24431371688842773,0.09604048728942871,0.28217805483384456,worker2,worker2,worker2,0,0.0,0.24431371688842773,0.0
model_1,1956,1,0.3475320339202881,9,9,1,0,0.7765659093856812,0.2622971534729004,0.0852348804473877,0.24525762268849624,worker2,worker2,worker2,0,0.0,0.2622971534729004,0.0
model_1,1957,1,0.6692450046539307,2,2,1,2,0.7699958086013794,0.5077512264251709,0.16149377822875977,0.24130740925331054,worker2->worker1,worker2,worker1,0,0.13478374481201172,0.3729674816131592,0.0
model_1,1958,1,0.310314416885376,1,1,1,0,0.9510274529457092,0.2153925895690918,0.09492182731628418,0.3058891954457483,worker2,worker2,worker2,0,0.0,0.2153925895690918,0.0
model_1,1959,1,0.2953801155090332,5,4,0,0,0.740088701248169,0.2099299430847168,0.0854501724243164,0.28928884490771756,worker2,worker2,worker2,0,0.0,0.2099299430847168,0.0
model_1,1960,1,0.3051121234893799,1,1,1,0,0.7349070906639099,0.21893882751464844,0.08617329597473145,0.28243156971024425,worker2,worker2,worker2,0,0.0,0.21893882751464844,0.0
model_1,1961,1,0.9558708667755127,2,2,1,3,0.5506027340888977,0.7525277137756348,0.20334315299987793,0.21273077783594935,worker2->worker1->worker3,worker2,worker3,0,0.1714458465576172,0.47951412200927734,0.10156774520874023
model_1,1962,1,0.29458093643188477,8,8,1,0,0.9259387850761414,0.20668506622314453,0.08789587020874023,0.29837596170811337,worker2,worker2,worker2,0,0.0,0.20668506622314453,0.0
model_1,1963,1,0.3995676040649414,5,3,0,1,0.6819021701812744,0.3130629062652588,0.08650469779968262,0.2164957742310437,worker2,worker2,worker2,0,0.0,0.3130629062652588,0.0
model_1,1964,1,0.2919790744781494,8,8,1,0,0.8666954040527344,0.20625615119934082,0.0857229232788086,0.2935926947231411,worker2,worker2,worker2,0,0.0,0.20625615119934082,0.0
model_1,1965,1,0.31507301330566406,6,6,1,0,0.9686583280563354,0.21605658531188965,0.09901642799377441,0.3142650237001253,worker2,worker2,worker2,0,0.0,0.21605658531188965,0.0
model_1,1966,1,0.3334658145904541,9,9,1,0,0.9590250253677368,0.21590900421142578,0.11755681037902832,0.35253032015712216,worker2,worker2,worker2,0,0.0,0.21590900421142578,0.0
model_1,1967,1,0.47225522994995117,7,7,1,0,0.9972797632217407,0.31177258491516113,0.16048264503479004,0.33982184813876537,worker2,worker2,worker2,0,0.0,0.31177258491516113,0.0
model_1,1968,1,0.3531949520111084,0,0,1,0,0.9665665626525879,0.2530059814453125,0.1001889705657959,0.2836647862471286,worker2,worker2,worker2,0,0.0,0.2530059814453125,0.0
model_1,1969,1,0.2900390625,9,1,0,0,0.6581738591194153,0.206343412399292,0.08369565010070801,0.28856682054924243,worker2,worker2,worker2,0,0.0,0.206343412399292,0.0
model_1,1970,1,0.44574427604675293,3,3,1,1,0.9835616946220398,0.3612210750579834,0.08452320098876953,0.18962262788519604,worker2,worker2,worker2,0,0.0,0.3612210750579834,0.0
model_1,1971,1,0.3558833599090576,6,6,1,0,0.8439655303955078,0.20221304893493652,0.1536703109741211,0.43179965203596476,worker2,worker2,worker2,0,0.0,0.20221304893493652,0.0
model_1,1972,1,0.6358048915863037,5,2,0,2,0.7666460871696472,0.48110151290893555,0.15470337867736816,0.24331895008135343,worker2->worker1,worker2,worker1,0,0.1657867431640625,0.31531476974487305,0.0
model_1,1973,1,0.6078495979309082,8,0,0,1,0.779316782951355,0.4755229949951172,0.13232660293579102,0.21769629096774043,worker2,worker2,worker2,0,0.0,0.4755229949951172,0.0
model_1,1974,1,0.38745546340942383,1,1,1,0,0.9734611511230469,0.2792012691497803,0.10825419425964355,0.279397774668237,worker2,worker2,worker2,0,0.0,0.2792012691497803,0.0
model_1,1975,1,0.7385525703430176,0,0,1,3,0.5743623375892639,0.5455837249755859,0.19296884536743164,0.2612797695332752,worker2->worker1->worker3,worker2,worker3,0,0.09506535530090332,0.3499412536621094,0.10057711601257324
model_1,1976,1,0.29482078552246094,3,3,1,0,0.8456315398216248,0.2087996006011963,0.08602118492126465,0.2917744919810314,worker2,worker2,worker2,0,0.0,0.2087996006011963,0.0
model_1,1977,1,0.3468506336212158,9,1,0,0,0.859786868095398,0.2615785598754883,0.08527207374572754,0.24584667139126629,worker2,worker2,worker2,0,0.0,0.2615785598754883,0.0
model_1,1978,1,0.4685070514678955,9,9,1,0,0.7555135488510132,0.2998805046081543,0.1686265468597412,0.3599231779573255,worker2,worker2,worker2,0,0.0,0.2998805046081543,0.0
model_1,1979,1,0.3367640972137451,7,7,1,0,0.9736552834510803,0.23426246643066406,0.10250163078308105,0.3043722048494468,worker2,worker2,worker2,0,0.0,0.23426246643066406,0.0
model_1,1980,1,0.40169548988342285,3,3,1,1,0.9709072113037109,0.31784510612487793,0.08385038375854492,0.20874116307076132,worker2,worker2,worker2,0,0.0,0.31784510612487793,0.0
model_1,1981,1,0.39809203147888184,2,2,1,1,0.731514573097229,0.31355738639831543,0.0845346450805664,0.21234950311998604,worker2,worker2,worker2,0,0.0,0.31355738639831543,0.0
model_1,1982,1,0.6556241512298584,5,5,1,2,0.9974356293678284,0.49210572242736816,0.16351842880249023,0.2494087938886216,worker2->worker1,worker2,worker1,0,0.17612481117248535,0.3159809112548828,0.0
model_1,1983,1,0.36803722381591797,5,5,1,0,0.9980317950248718,0.2091834545135498,0.15885376930236816,0.43162419185571954,worker2,worker2,worker2,0,0.0,0.2091834545135498,0.0
model_1,1984,1,0.5650033950805664,3,8,0,1,0.7467448711395264,0.46999597549438477,0.09500741958618164,0.16815371449694405,worker2,worker2,worker2,0,0.0,0.46999597549438477,0.0
model_1,1985,1,0.4018120765686035,5,3,0,0,0.8856046199798584,0.30925726890563965,0.09255480766296387,0.2303435189239801,worker2,worker2,worker2,0,0.0,0.30925726890563965,0.0
model_1,1986,1,0.2927827835083008,8,9,0,0,0.8667929172515869,0.20846867561340332,0.08431410789489746,0.2879749515480204,worker2,worker2,worker2,0,0.0,0.20846867561340332,0.0
model_1,1987,1,0.2965559959411621,9,9,1,0,0.9345242381095886,0.21242618560791016,0.08412981033325195,0.283689459949222,worker2,worker2,worker2,0,0.0,0.21242618560791016,0.0
model_1,1988,1,0.37395548820495605,0,0,1,0,0.9350411891937256,0.2195131778717041,0.15444231033325195,0.4129965068158214,worker2,worker2,worker2,0,0.0,0.2195131778717041,0.0
model_1,1989,1,0.42016029357910156,0,0,1,0,0.7553619146347046,0.2571883201599121,0.16297197341918945,0.3878804730235831,worker2,worker2,worker2,0,0.0,0.2571883201599121,0.0
model_1,1990,1,0.34787511825561523,8,8,1,0,0.9751265645027161,0.24995160102844238,0.09792351722717285,0.28149043173366484,worker2,worker2,worker2,0,0.0,0.24995160102844238,0.0
model_1,1991,1,0.34125566482543945,8,8,1,0,0.9843235611915588,0.25194239616394043,0.08931326866149902,0.2617195196076377,worker2,worker2,worker2,0,0.0,0.25194239616394043,0.0
model_1,1992,1,0.3002772331237793,7,7,1,0,0.860777735710144,0.20446085929870605,0.09581637382507324,0.31909303555350177,worker2,worker2,worker2,0,0.0,0.20446085929870605,0.0
model_1,1993,1,0.41077709197998047,2,2,1,1,0.9832106828689575,0.3249320983886719,0.0858449935913086,0.20898194000431825,worker2,worker2,worker2,0,0.0,0.3249320983886719,0.0
model_1,1994,1,0.5168473720550537,4,4,1,1,0.9997913241386414,0.43116235733032227,0.08568501472473145,0.16578398064410477,worker2,worker2,worker2,0,0.0,0.43116235733032227,0.0
model_1,1995,1,0.33471202850341797,0,0,1,0,0.8979026675224304,0.2298126220703125,0.10489940643310547,0.31340196198546316,worker2,worker2,worker2,0,0.0,0.2298126220703125,0.0
model_1,1996,1,0.3845252990722656,2,2,1,0,0.8525087237358093,0.29740118980407715,0.08712410926818848,0.22657575321673395,worker2,worker2,worker2,0,0.0,0.29740118980407715,0.0
model_1,1997,1,0.5671253204345703,3,3,1,1,0.8147445321083069,0.475416898727417,0.09170842170715332,0.16170750697020553,worker2,worker2,worker2,0,0.0,0.475416898727417,0.0
model_1,1998,1,0.4070444107055664,7,7,1,0,0.8854248523712158,0.3185396194458008,0.08850479125976562,0.21743276392458594,worker2,worker2,worker2,0,0.0,0.3185396194458008,0.0
model_1,1999,1,0.2958183288574219,1,1,1,0,0.9686884880065918,0.21004080772399902,0.08577752113342285,0.2899668910467201,worker2,worker2,worker2,0,0.0,0.21004080772399902,0.0
