sample_index,batch_size,latency_sec,predicted_class,true_class,correct,exit_id
0,1,0.5834193229675293,1,1,1,
1,1,0.6567051410675049,4,4,1,
2,1,0.6316494941711426,2,2,1,
3,1,0.6366703510284424,1,1,1,
4,1,0.6633007526397705,2,2,1,
5,1,0.6714301109313965,1,1,1,
6,1,0.6764991283416748,4,4,1,
7,1,0.6816239356994629,5,6,0,
8,1,0.6806511878967285,5,5,1,
9,1,0.7833795547485352,6,6,1,
10,1,0.7399182319641113,5,5,1,
11,1,0.6969263553619385,1,1,1,
12,1,0.7792360782623291,0,0,1,
13,1,0.7875492572784424,5,5,1,
14,1,0.8037292957305908,0,0,1,
15,1,0.7014694213867188,9,9,1,
16,1,0.7579827308654785,9,9,1,
17,1,0.7877814769744873,8,8,1,
18,1,0.7344725131988525,8,8,1,
19,1,0.8262948989868164,7,7,1,
20,1,0.7780091762542725,4,4,1,
21,1,0.7776439189910889,5,5,1,
22,1,0.7797691822052002,0,0,1,
23,1,0.8219904899597168,3,3,1,
24,1,0.7790367603302002,7,7,1,
25,1,0.7312326431274414,4,4,1,
26,1,0.8226644992828369,9,9,1,
27,1,0.7375810146331787,9,9,1,
28,1,0.7809145450592041,1,1,1,
29,1,0.7845613956451416,3,4,0,
30,1,0.840146541595459,2,2,1,
31,1,0.7920863628387451,5,4,0,
32,1,0.7346236705780029,7,7,1,
33,1,0.7870128154754639,6,6,1,
34,1,0.7688155174255371,0,0,1,
35,1,0.8502039909362793,9,9,1,
36,1,0.7940270900726318,6,6,1,
37,1,0.8472919464111328,6,6,1,
38,1,0.7955191135406494,3,3,1,
39,1,0.7336106300354004,0,2,0,
40,1,0.8259575366973877,0,0,1,
41,1,0.8265504837036133,5,5,1,
42,1,0.8253340721130371,0,2,0,
43,1,0.7878906726837158,4,4,1,
44,1,0.8107044696807861,6,6,1,
45,1,0.8325495719909668,6,6,1,
46,1,0.7450239658355713,9,9,1,
47,1,0.8453309535980225,5,3,0,
48,1,0.829338550567627,1,1,1,
49,1,0.8633098602294922,6,6,1,
50,1,0.7459664344787598,0,0,1,
51,1,0.8323116302490234,8,8,1,
52,1,0.8369872570037842,0,0,1,
53,1,0.8253133296966553,5,5,1,
54,1,0.848120927810669,5,5,1,
55,1,0.7379851341247559,5,5,1,
56,1,0.813692569732666,1,1,1,
57,1,0.8113753795623779,9,9,1,
58,1,0.8313961029052734,6,6,1,
59,1,0.825589656829834,0,8,0,
60,1,0.8260238170623779,0,0,1,
61,1,0.8296809196472168,6,6,1,
62,1,0.8370907306671143,8,8,1,
63,1,0.8015844821929932,0,0,1,
64,1,0.8558070659637451,1,1,1,
65,1,0.7878541946411133,9,9,1,
66,1,0.7914505004882812,8,8,1,
67,1,0.8841776847839355,8,8,1,
68,1,0.871992826461792,7,7,1,
69,1,0.7733786106109619,5,2,0,
70,1,0.7899589538574219,9,9,1,
71,1,0.8318750858306885,5,5,1,
72,1,0.8356807231903076,0,0,1,
73,1,0.7876145839691162,0,0,1,
74,1,0.8360252380371094,1,1,1,
75,1,0.8787157535552979,9,9,1,
76,1,0.8443953990936279,5,3,0,
77,1,0.7912435531616211,0,8,0,
78,1,0.7906019687652588,0,0,1,
79,1,0.8454766273498535,8,8,1,
80,1,0.8535566329956055,3,3,1,
81,1,0.8421640396118164,5,4,0,
82,1,0.7868771553039551,3,3,1,
83,1,0.8707454204559326,0,0,1,
84,1,0.8386530876159668,0,0,1,
85,1,0.843393087387085,8,8,1,
86,1,0.7364187240600586,5,5,1,
87,1,0.8767790794372559,6,6,1,
88,1,0.8245785236358643,8,8,1,
89,1,0.8423936367034912,5,3,0,
90,1,0.829535722732544,4,4,1,
91,1,0.8178427219390869,0,0,1,
92,1,0.8529062271118164,6,6,1,
93,1,0.8360161781311035,0,0,1,
94,1,0.8383655548095703,5,5,1,
95,1,0.743736743927002,2,2,1,
96,1,0.9280884265899658,4,4,1,
97,1,0.7833654880523682,9,9,1,
98,1,0.8845729827880859,7,7,1,
99,1,0.7846496105194092,3,3,1,
100,1,0.8372514247894287,1,1,1,
101,1,0.8418064117431641,5,5,1,
102,1,0.824784517288208,7,7,1,
103,1,0.8019816875457764,8,8,1,
104,1,0.7923867702484131,1,1,1,
105,1,0.7893478870391846,6,6,1,
106,1,0.797682523727417,8,8,1,
107,1,0.842360258102417,8,8,1,
108,1,0.7903733253479004,7,7,1,
109,1,0.9262738227844238,1,1,1,
110,1,0.7424759864807129,5,4,0,
111,1,0.8873257637023926,7,7,1,
112,1,0.8795130252838135,0,0,1,
113,1,0.8324010372161865,1,1,1,
114,1,0.787189245223999,8,8,1,
115,1,0.932164192199707,9,9,1,
116,1,0.8333189487457275,2,3,0,
117,1,0.7429792881011963,1,1,1,
118,1,0.8531808853149414,6,6,1,
119,1,0.8378868103027344,4,4,1,
120,1,0.8567147254943848,9,9,1,
121,1,0.835721492767334,9,9,1,
122,1,0.7875878810882568,7,7,1,
123,1,0.7868695259094238,5,5,1,
124,1,0.8379390239715576,3,3,1,
125,1,0.881110429763794,3,3,1,
126,1,0.8319423198699951,7,7,1,
127,1,0.741450309753418,4,4,1,
128,1,0.7935938835144043,6,6,1,
129,1,0.8359417915344238,8,8,1,
130,1,0.7953839302062988,5,5,1,
131,1,0.837167501449585,5,5,1,
132,1,0.7873213291168213,7,7,1,
133,1,0.7533445358276367,1,1,1,
134,1,0.839336633682251,3,3,1,
135,1,0.7683651447296143,0,0,1,
136,1,0.8476657867431641,4,4,1,
137,1,0.7952725887298584,7,7,1,
138,1,0.7979154586791992,9,9,1,
139,1,0.8566780090332031,7,3,0,
140,1,0.837928295135498,0,0,1,
141,1,0.8307187557220459,0,0,1,
142,1,0.7609498500823975,9,9,1,
143,1,0.833552360534668,5,2,0,
144,1,0.8312208652496338,4,4,1,
145,1,0.8400993347167969,5,3,0,
146,1,0.7897894382476807,3,3,1,
147,1,0.7073156833648682,3,3,1,
148,1,0.816455602645874,4,4,1,
149,1,0.7441644668579102,8,8,1,
150,1,0.8878335952758789,5,5,1,
151,1,0.8510220050811768,3,3,1,
152,1,0.8281595706939697,7,4,0,
153,1,0.8353235721588135,0,0,1,
154,1,0.8290956020355225,5,7,0,
155,1,0.8283257484436035,0,0,1,
156,1,0.7457840442657471,5,5,1,
157,1,0.7933247089385986,8,2,0,
158,1,0.7924776077270508,8,8,1,
159,1,0.891268253326416,1,1,1,
160,1,0.8352148532867432,5,6,0,
161,1,0.7845015525817871,9,8,0,
162,1,0.8811724185943604,7,7,1,
163,1,0.7429962158203125,1,1,1,
164,1,0.83500075340271,4,4,1,
165,1,0.8939497470855713,6,6,1,
166,1,0.7847514152526855,4,4,1,
167,1,0.7523632049560547,8,8,1,
168,1,0.7906131744384766,0,0,1,
169,1,0.8256533145904541,0,0,1,
170,1,0.9262471199035645,9,9,1,
171,1,0.8067262172698975,0,0,1,
172,1,0.8124551773071289,4,4,1,
173,1,0.8026132583618164,1,1,1,
174,1,0.8168501853942871,3,3,1,
175,1,0.9053537845611572,2,2,1,
176,1,0.8132967948913574,2,2,1,
177,1,0.8360908031463623,5,5,1,
178,1,0.8439328670501709,7,7,1,
179,1,0.8579576015472412,1,1,1,
180,1,0.8004195690155029,0,0,1,
181,1,0.7997369766235352,5,5,1,
182,1,0.9355237483978271,8,8,1,
183,1,0.8835906982421875,4,3,0,
184,1,0.8368942737579346,5,5,1,
185,1,0.8315858840942383,6,6,1,
186,1,0.7811470031738281,5,5,1,
187,1,0.8590524196624756,6,6,1,
188,1,0.9328699111938477,8,8,1,
189,1,0.7937088012695312,7,7,1,
190,1,0.7944433689117432,1,1,1,
191,1,0.7885539531707764,4,4,1,
192,1,0.885455846786499,1,1,1,
193,1,0.7866160869598389,9,9,1,
194,1,0.9252188205718994,9,9,1,
195,1,0.7984373569488525,0,0,1,
196,1,0.7904453277587891,9,9,1,
197,1,0.7430994510650635,6,6,1,
198,1,0.8443646430969238,8,8,1,
199,1,0.8943686485290527,4,4,1,
200,1,0.8548765182495117,4,4,1,
201,1,0.9111394882202148,5,4,0,
202,1,0.7402372360229492,2,2,1,
203,1,0.8480784893035889,5,5,1,
204,1,0.8731803894042969,2,8,0,
205,1,0.837371826171875,0,0,1,
206,1,0.8333005905151367,0,0,1,
207,1,0.8307108879089355,9,9,1,
208,1,0.7928445339202881,5,3,0,
209,1,0.9215784072875977,8,8,1,
210,1,0.8515496253967285,4,4,1,
211,1,0.8116261959075928,9,9,1,
212,1,0.806626558303833,1,1,1,
213,1,0.9485635757446289,5,5,1,
214,1,0.8308107852935791,1,1,1,
215,1,0.8402087688446045,3,3,1,
216,1,0.827561616897583,2,2,1,
217,1,0.8251614570617676,5,3,0,
218,1,0.8505935668945312,3,3,1,
219,1,0.8400349617004395,2,2,1,
220,1,0.8419764041900635,6,6,1,
221,1,0.8825976848602295,1,1,1,
222,1,0.8311078548431396,8,8,1,
223,1,0.8366966247558594,4,4,1,
224,1,0.8890426158905029,9,9,1,
225,1,0.8815383911132812,1,1,1,
226,1,0.8342618942260742,4,4,1,
227,1,0.8944113254547119,5,5,1,
228,1,0.785550594329834,7,7,1,
229,1,0.8393490314483643,5,5,1,
230,1,0.8087987899780273,5,5,1,
231,1,0.8899343013763428,5,5,1,
232,1,0.8355486392974854,2,2,1,
233,1,0.8398869037628174,1,1,1,
234,1,0.7838788032531738,4,4,1,
235,1,0.8417658805847168,0,0,1,
236,1,0.7960634231567383,7,7,1,
237,1,0.9204361438751221,6,6,1,
238,1,0.8758771419525146,1,1,1,
239,1,0.8361313343048096,3,3,1,
240,1,0.8715004920959473,9,9,1,
241,1,0.8382182121276855,0,0,1,
242,1,0.8435039520263672,6,6,1,
243,1,0.7893257141113281,9,9,1,
244,1,0.8732314109802246,5,3,0,
245,1,0.8374207019805908,4,4,1,
246,1,0.7938230037689209,9,9,1,
247,1,0.7374370098114014,8,1,0,
248,1,0.9254567623138428,9,9,1,
249,1,0.7904195785522461,2,2,1,
250,1,0.874946117401123,9,9,1,
251,1,0.8387234210968018,0,0,1,
252,1,0.8417892456054688,6,6,1,
253,1,0.862238883972168,4,7,0,
254,1,0.8016793727874756,2,2,1,
255,1,0.8893680572509766,5,2,0,
256,1,0.8757386207580566,9,9,1,
257,1,0.8316569328308105,9,9,1,
258,1,0.790799617767334,2,7,0,
259,1,0.9334800243377686,9,9,1,
260,1,0.8766098022460938,9,9,1,
261,1,0.8325068950653076,1,1,1,
262,1,0.8456041812896729,7,7,1,
263,1,0.8683545589447021,2,2,1,
264,1,0.843660831451416,4,4,1,
265,1,0.831043004989624,8,8,1,
266,1,0.7713356018066406,2,2,1,
267,1,0.7982585430145264,2,5,0,
268,1,0.8419370651245117,7,7,1,
269,1,0.8685996532440186,8,8,1,
270,1,0.8342127799987793,3,3,1,
271,1,0.8927257061004639,4,4,1,
272,1,0.8353841304779053,3,3,1,
273,1,0.7872714996337891,6,2,0,
274,1,0.8396224975585938,1,1,1,
275,1,0.8485925197601318,1,9,0,
276,1,0.8706684112548828,7,7,1,
277,1,0.7994110584259033,6,6,1,
278,1,0.8679132461547852,2,4,0,
279,1,0.9151310920715332,5,5,1,
280,1,0.8690052032470703,7,7,1,
281,1,0.8852343559265137,8,8,1,
282,1,0.74772047996521,2,2,1,
283,1,0.8843541145324707,7,7,1,
284,1,0.7383573055267334,0,0,1,
285,1,0.8865385055541992,2,2,1,
286,1,0.7974131107330322,4,4,1,
287,1,0.8875072002410889,0,0,1,
288,1,0.8398480415344238,5,3,0,
289,1,0.8050265312194824,9,1,0,
290,1,0.8569729328155518,7,7,1,
291,1,0.8347275257110596,0,8,0,
292,1,0.8813767433166504,3,3,1,
293,1,0.8202080726623535,5,3,0,
294,1,0.7940001487731934,6,6,1,
295,1,0.8822348117828369,4,3,0,
296,1,0.794409990310669,2,2,1,
297,1,0.8892254829406738,5,5,1,
298,1,0.787539005279541,7,7,1,
299,1,0.8362219333648682,2,2,1,
300,1,0.78912353515625,9,0,0,
301,1,0.8359601497650146,9,9,1,
302,1,0.8273239135742188,2,2,1,
303,1,0.8343486785888672,3,3,1,
304,1,0.8481647968292236,2,2,1,
305,1,0.7973847389221191,3,3,1,
306,1,0.8437149524688721,7,7,1,
307,1,0.8394415378570557,9,9,1,
308,1,0.775972843170166,5,3,0,
309,1,0.8533017635345459,6,6,1,
310,1,0.7895944118499756,9,9,1,
311,1,0.836026668548584,6,6,1,
312,1,0.8644440174102783,5,2,0,
313,1,0.8851275444030762,6,6,1,
314,1,0.7918944358825684,5,5,1,
315,1,0.7860162258148193,0,0,1,
316,1,0.8865933418273926,9,9,1,
317,1,0.8133208751678467,4,4,1,
318,1,0.8280074596405029,1,1,1,
319,1,0.781486988067627,6,6,1,
320,1,0.9061968326568604,0,0,1,
321,1,0.846449613571167,2,2,1,
322,1,0.8456709384918213,4,2,0,
323,1,0.8672525882720947,9,9,1,
324,1,0.8214173316955566,4,4,1,
325,1,0.8421802520751953,9,9,1,
326,1,0.8885195255279541,4,7,0,
327,1,0.764972448348999,8,8,1,
328,1,0.8069725036621094,7,7,1,
329,1,0.8458316326141357,7,7,1,
330,1,0.9217946529388428,0,8,0,
331,1,0.8825216293334961,6,6,1,
332,1,0.8358209133148193,1,1,1,
333,1,0.9280169010162354,2,2,1,
334,1,0.7811951637268066,7,7,1,
335,1,0.8335449695587158,8,8,1,
336,1,0.8884899616241455,6,6,1,
337,1,0.921048641204834,5,5,1,
338,1,0.8815023899078369,4,4,1,
339,1,0.7893073558807373,9,9,1,
340,1,0.9241859912872314,0,0,1,
341,1,0.8982734680175781,0,8,0,
342,1,0.7775115966796875,5,5,1,
343,1,0.794358491897583,2,2,1,
344,1,0.8847987651824951,3,3,1,
345,1,0.7881457805633545,8,8,1,
346,1,0.887364387512207,6,6,1,
347,1,0.7909190654754639,0,0,1,
348,1,0.8986401557922363,8,8,1,
349,1,0.8426666259765625,2,5,0,
350,1,0.8380019664764404,9,9,1,
351,1,0.8419697284698486,5,5,1,
352,1,0.7742044925689697,0,0,1,
353,1,0.8522839546203613,1,1,1,
354,1,0.8595542907714844,3,3,1,
355,1,0.8338601589202881,4,4,1,
356,1,0.8448562622070312,0,2,0,
357,1,0.7844564914703369,0,0,1,
358,1,0.8855226039886475,7,7,1,
359,1,0.836176872253418,7,7,1,
360,1,0.8331804275512695,1,1,1,
361,1,0.7898745536804199,8,8,1,
362,1,0.8451106548309326,9,9,1,
363,1,0.7833232879638672,7,7,1,
364,1,0.848468542098999,6,6,1,
365,1,0.8614106178283691,5,5,1,
366,1,0.8814342021942139,7,7,1,
367,1,0.7949008941650391,1,1,1,
368,1,0.8330285549163818,7,7,1,
369,1,0.8261728286743164,3,4,0,
370,1,0.891218900680542,1,1,1,
371,1,0.781123161315918,9,9,1,
372,1,0.7866888046264648,5,5,1,
373,1,1.0275557041168213,8,8,1,
374,1,0.835820198059082,9,9,1,
375,1,0.8427174091339111,0,0,1,
376,1,0.7163822650909424,3,6,0,
377,1,0.9022200107574463,5,5,1,
378,1,0.8797316551208496,5,5,1,
379,1,0.7796404361724854,2,2,1,
380,1,0.8318324089050293,7,7,1,
381,1,0.836489200592041,7,4,0,
382,1,0.8378238677978516,8,1,0,
383,1,0.8337976932525635,1,1,1,
384,1,0.7479655742645264,5,3,0,
385,1,0.8326184749603271,8,8,1,
386,1,0.8284077644348145,5,2,0,
387,1,0.7876369953155518,4,4,1,
388,1,0.8796093463897705,5,5,1,
389,1,0.8864169120788574,7,7,1,
390,1,0.7979803085327148,6,6,1,
391,1,0.8804061412811279,0,0,1,
392,1,0.7865650653839111,5,5,1,
393,1,0.7953963279724121,4,4,1,
394,1,0.8867185115814209,2,2,1,
395,1,0.7790360450744629,9,9,1,
396,1,0.7881972789764404,5,5,1,
397,1,0.8784148693084717,1,1,1,
398,1,0.7915928363800049,9,9,1,
399,1,0.8093948364257812,7,5,0,
400,1,0.8463280200958252,4,4,1,
401,1,0.7384750843048096,2,2,1,
402,1,0.8273594379425049,2,2,1,
403,1,0.8548409938812256,3,3,1,
404,1,0.8432600498199463,2,2,1,
405,1,0.7571287155151367,7,7,1,
406,1,0.8677470684051514,8,8,1,
407,1,0.8355739116668701,3,3,1,
408,1,0.8591384887695312,2,2,1,
409,1,0.7849173545837402,2,2,1,
410,1,0.7906336784362793,3,3,1,
411,1,0.7534756660461426,2,2,1,
412,1,0.8246665000915527,7,7,1,
413,1,0.8981385231018066,9,9,1,
414,1,0.8197262287139893,2,2,1,
415,1,0.7518191337585449,1,1,1,
416,1,0.783456563949585,6,6,1,
417,1,0.7869670391082764,5,5,1,
418,1,0.8882784843444824,5,3,0,
419,1,0.8390953540802002,8,8,1,
420,1,0.8380661010742188,4,4,1,
421,1,0.8345210552215576,2,2,1,
422,1,0.7887780666351318,0,0,1,
423,1,0.8938732147216797,2,2,1,
424,1,0.884829044342041,5,5,1,
425,1,0.8292276859283447,1,1,1,
426,1,0.8391058444976807,5,4,0,
427,1,0.7963991165161133,8,8,1,
428,1,0.9060640335083008,9,9,1,
429,1,0.9232916831970215,8,9,0,
430,1,0.8421726226806641,5,3,0,
431,1,0.8405020236968994,0,0,1,
432,1,0.7792046070098877,1,1,1,
433,1,0.8421230316162109,7,7,1,
434,1,0.789081335067749,9,9,1,
435,1,0.8794333934783936,2,2,1,
436,1,0.788548469543457,8,0,0,
437,1,0.8350493907928467,5,5,1,
438,1,0.8197767734527588,5,5,1,
439,1,0.7528090476989746,0,0,1,
440,1,0.769817590713501,4,4,1,
441,1,0.8467726707458496,2,2,1,
442,1,0.9406492710113525,9,9,1,
443,1,0.8129324913024902,3,3,1,
444,1,0.8354957103729248,7,7,1,
445,1,0.7491621971130371,9,9,1,
446,1,0.805182933807373,5,5,1,
447,1,0.8464999198913574,9,9,1,
448,1,0.8408863544464111,8,8,1,
449,1,0.893944501876831,1,1,1,
450,1,0.8134772777557373,7,7,1,
451,1,0.8742709159851074,9,9,1,
452,1,0.8776047229766846,2,2,1,
453,1,0.8139438629150391,3,3,1,
454,1,0.8585004806518555,2,2,1,
455,1,0.8400397300720215,8,8,1,
456,1,0.811924934387207,4,4,1,
457,1,0.9055793285369873,7,7,1,
458,1,0.8077476024627686,9,9,1,
459,1,0.8396461009979248,7,7,1,
460,1,0.8478293418884277,5,5,1,
461,1,0.8542819023132324,8,8,1,
462,1,0.8098962306976318,5,5,1,
463,1,0.8955702781677246,2,2,1,
464,1,0.7936124801635742,1,1,1,
465,1,0.8546638488769531,2,2,1,
466,1,0.9397706985473633,2,2,1,
467,1,0.804896354675293,7,7,1,
468,1,0.917926549911499,1,1,1,
469,1,0.8450202941894531,9,9,1,
470,1,0.7793858051300049,1,1,1,
471,1,0.844876766204834,4,4,1,
472,1,0.8819472789764404,8,8,1,
473,1,0.8781518936157227,9,9,1,
474,1,0.8704414367675781,7,7,1,
475,1,0.8281230926513672,8,8,1,
476,1,0.7844314575195312,8,8,1,
477,1,0.8396539688110352,5,5,1,
478,1,0.8388559818267822,3,3,1,
479,1,0.8630733489990234,7,7,1,
480,1,0.8303349018096924,6,6,1,
481,1,0.7949609756469727,1,1,1,
482,1,0.8802461624145508,2,2,1,
483,1,0.7860462665557861,1,1,1,
484,1,0.888606071472168,4,4,1,
485,1,0.8374373912811279,1,1,1,
486,1,0.7812445163726807,0,0,1,
487,1,0.9280295372009277,7,7,1,
488,1,0.7940235137939453,5,4,0,
489,1,0.7891857624053955,8,8,1,
490,1,0.7954530715942383,6,6,1,
491,1,0.8893382549285889,1,1,1,
492,1,0.7769150733947754,1,1,1,
493,1,0.9373843669891357,5,5,1,
494,1,0.8249139785766602,2,2,1,
495,1,0.9481601715087891,7,7,1,
496,1,0.8633866310119629,6,6,1,
497,1,0.8775229454040527,4,4,1,
498,1,0.796128511428833,5,5,1,
499,1,0.8903512954711914,1,1,1,
500,1,0.7854101657867432,7,7,1,
501,1,0.8814141750335693,0,0,1,
502,1,0.8872880935668945,7,7,1,
503,1,0.878223180770874,9,9,1,
504,1,0.8410615921020508,8,8,1,
505,1,0.8837392330169678,1,1,1,
506,1,0.8341803550720215,9,9,1,
507,1,0.7903833389282227,8,8,1,
508,1,0.8382489681243896,7,7,1,
509,1,0.7936885356903076,5,5,1,
510,1,0.9299929141998291,7,7,1,
511,1,0.8099579811096191,1,1,1,
512,1,0.788689136505127,0,0,1,
513,1,0.9365143775939941,8,8,1,
514,1,0.7750420570373535,3,3,1,
515,1,0.8377037048339844,8,8,1,
516,1,0.8328773975372314,4,4,1,
517,1,0.8919270038604736,5,5,1,
518,1,0.8388125896453857,8,8,1,
519,1,0.8263990879058838,9,9,1,
520,1,0.7932043075561523,9,9,1,
521,1,0.8805427551269531,0,0,1,
522,1,0.8276782035827637,1,1,1,
523,1,0.8369729518890381,4,4,1,
524,1,0.8818471431732178,8,8,1,
525,1,0.8583362102508545,5,5,1,
526,1,0.8098068237304688,9,9,1,
527,1,0.8385770320892334,5,3,0,
528,1,0.909132719039917,7,4,0,
529,1,0.8426353931427002,7,7,1,
530,1,0.8549809455871582,9,9,1,
531,1,0.8158111572265625,7,5,0,
532,1,0.8450393676757812,4,4,1,
533,1,0.8433570861816406,8,8,1,
534,1,0.8501856327056885,2,2,1,
535,1,0.8750615119934082,8,8,1,
536,1,0.7778656482696533,7,7,1,
537,1,0.9218995571136475,5,5,1,
538,1,0.8315713405609131,5,5,1,
539,1,0.7984373569488525,8,8,1,
540,1,0.8690273761749268,4,4,1,
541,1,0.8233916759490967,2,2,1,
542,1,0.8491873741149902,1,1,1,
543,1,0.8409411907196045,6,6,1,
544,1,0.8383474349975586,0,0,1,
545,1,0.7846517562866211,7,7,1,
546,1,0.7915260791778564,6,6,1,
547,1,0.8255493640899658,1,1,1,
548,1,0.8374640941619873,5,5,1,
549,1,0.8793485164642334,4,4,1,
550,1,0.7858223915100098,5,5,1,
551,1,0.8391690254211426,4,4,1,
552,1,0.9161136150360107,9,9,1,
553,1,0.840977668762207,5,5,1,
554,1,0.8380424976348877,8,8,1,
555,1,0.7965657711029053,5,5,1,
556,1,0.8942365646362305,7,7,1,
557,1,0.8889155387878418,1,1,1,
558,1,0.7979998588562012,0,0,1,
559,1,0.7813403606414795,9,9,1,
560,1,0.888526439666748,9,9,1,
561,1,0.7835133075714111,7,2,0,
562,1,0.9245924949645996,4,4,1,
563,1,0.8603136539459229,5,3,0,
564,1,0.8564777374267578,6,6,1,
565,1,0.7753677368164062,7,7,1,
566,1,0.8575186729431152,1,1,1,
567,1,0.8499484062194824,7,7,1,
568,1,0.8261263370513916,2,2,1,
569,1,0.884678840637207,7,7,1,
570,1,0.8405284881591797,0,0,1,
571,1,0.8407785892486572,4,4,1,
572,1,0.7888076305389404,7,7,1,
573,1,0.8321623802185059,3,3,1,
574,1,0.7953896522521973,1,1,1,
575,1,0.8410372734069824,6,6,1,
576,1,0.8217170238494873,4,4,1,
577,1,0.8779547214508057,7,7,1,
578,1,0.8433706760406494,4,4,1,
579,1,0.8293824195861816,9,9,1,
580,1,0.8139364719390869,7,7,1,
581,1,0.8396434783935547,5,5,1,
582,1,0.8061037063598633,5,5,1,
583,1,0.829430341720581,1,1,1,
584,1,0.8986797332763672,4,4,1,
585,1,0.8787519931793213,2,2,1,
586,1,0.7466082572937012,0,0,1,
587,1,0.8454251289367676,3,3,1,
588,1,0.8811683654785156,4,4,1,
589,1,0.8246254920959473,8,8,1,
590,1,0.8272190093994141,2,2,1,
591,1,0.7379412651062012,2,2,1,
592,1,0.8166928291320801,2,2,1,
593,1,0.8534197807312012,7,7,1,
594,1,0.7884578704833984,8,8,1,
595,1,0.8900513648986816,0,0,1,
596,1,0.887031078338623,6,6,1,
597,1,0.8274767398834229,8,8,1,
598,1,0.8428678512573242,4,4,1,
599,1,0.7917344570159912,4,4,1,
600,1,0.879932165145874,8,8,1,
601,1,0.8171687126159668,6,6,1,
602,1,0.86545729637146,7,7,1,
603,1,0.8503186702728271,5,5,1,
604,1,0.929607629776001,7,3,0,
605,1,0.7905962467193604,5,6,0,
606,1,0.9035491943359375,8,8,1,
607,1,0.8914549350738525,8,8,1,
608,1,0.9022634029388428,3,3,1,
609,1,0.8519225120544434,0,0,1,
610,1,0.8842959403991699,2,2,1,
611,1,0.8725862503051758,8,8,1,
612,1,0.7396571636199951,3,3,1,
613,1,0.8710756301879883,0,0,1,
614,1,0.7984466552734375,8,8,1,
615,1,0.9296114444732666,8,8,1,
616,1,0.8455142974853516,5,5,1,
617,1,0.8354899883270264,0,0,1,
618,1,0.8406474590301514,6,6,1,
619,1,0.8315250873565674,6,6,1,
620,1,0.8495144844055176,6,6,1,
621,1,0.8785994052886963,6,6,1,
622,1,0.8349697589874268,8,8,1,
623,1,0.7865080833435059,5,6,0,
624,1,0.9337766170501709,6,6,1,
625,1,0.8655760288238525,6,6,1,
626,1,0.8425354957580566,2,2,1,
627,1,0.8326189517974854,5,5,1,
628,1,0.8895063400268555,5,3,0,
629,1,0.8307089805603027,2,2,1,
630,1,0.9481263160705566,0,0,1,
631,1,0.8408007621765137,1,1,1,
632,1,0.8711214065551758,1,1,1,
633,1,0.8632755279541016,6,6,1,
634,1,0.8826785087585449,5,5,1,
635,1,0.7878282070159912,0,0,1,
636,1,0.7821314334869385,7,7,1,
637,1,0.8337364196777344,3,2,0,
638,1,0.7949314117431641,1,1,1,
639,1,0.9022495746612549,9,9,1,
640,1,0.8886306285858154,8,8,1,
641,1,0.7319872379302979,2,2,1,
642,1,0.8428370952606201,7,7,1,
643,1,0.8428888320922852,0,0,1,
644,1,0.8251359462738037,1,1,1,
645,1,0.8912789821624756,3,3,1,
646,1,0.8835742473602295,4,6,0,
647,1,0.8334290981292725,5,3,0,
648,1,0.7875914573669434,6,6,1,
649,1,0.9177844524383545,6,6,1,
650,1,0.8471493721008301,8,8,1,
651,1,0.8600671291351318,0,0,1,
652,1,0.757725715637207,8,8,1,
653,1,0.7878899574279785,3,3,1,
654,1,0.8846452236175537,2,3,0,
655,1,0.8047060966491699,1,1,1,
656,1,0.8087153434753418,7,7,1,
657,1,0.9145693778991699,1,1,1,
658,1,0.8533926010131836,7,4,0,
659,1,0.8322169780731201,7,7,1,
660,1,0.7890520095825195,5,4,0,
661,1,0.8759889602661133,6,6,1,
662,1,0.7969846725463867,3,3,1,
663,1,0.8836996555328369,7,7,1,
664,1,0.7924678325653076,2,2,1,
665,1,0.8859128952026367,3,5,0,
666,1,0.8909766674041748,4,4,1,
667,1,0.7886168956756592,8,8,1,
668,1,0.8760883808135986,9,9,1,
669,1,0.7913205623626709,8,8,1,
670,1,0.8047237396240234,0,0,1,
671,1,0.7937824726104736,5,5,1,
672,1,0.9223840236663818,9,9,1,
673,1,0.8858020305633545,9,9,1,
674,1,0.7456691265106201,1,1,1,
675,1,0.8266215324401855,3,3,1,
676,1,0.7968816757202148,5,5,1,
677,1,0.8279983997344971,2,2,1,
678,1,0.8242077827453613,4,4,1,
679,1,0.8895137310028076,4,4,1,
680,1,0.8432164192199707,3,3,1,
681,1,0.7408459186553955,9,9,1,
682,1,0.8007614612579346,5,5,1,
683,1,0.8771748542785645,2,2,1,
684,1,0.8434979915618896,7,7,1,
685,1,0.7380735874176025,9,9,1,
686,1,0.9322512149810791,1,1,1,
687,1,0.7941689491271973,3,3,1,
688,1,0.8438048362731934,9,9,1,
689,1,0.824105978012085,5,5,1,
690,1,0.8787534236907959,7,7,1,
691,1,0.8350839614868164,2,2,1,
692,1,0.8411731719970703,3,3,1,
693,1,0.782785177230835,2,5,0,
694,1,0.8226137161254883,5,5,1,
695,1,0.848181962966919,0,0,1,
696,1,0.8516333103179932,8,8,1,
697,1,0.877575159072876,6,6,1,
698,1,0.8357000350952148,7,7,1,
699,1,0.7845618724822998,8,8,1,
700,1,0.8638474941253662,0,0,1,
701,1,0.894921064376831,2,2,1,
702,1,0.8426661491394043,0,0,1,
703,1,0.8299896717071533,6,6,1,
704,1,0.7514209747314453,5,4,0,
705,1,0.7877168655395508,9,9,1,
706,1,0.8410558700561523,1,1,1,
707,1,0.9536135196685791,1,1,1,
708,1,0.8648693561553955,1,1,1,
709,1,0.822413444519043,1,1,1,
710,1,0.8429586887359619,5,5,1,
711,1,0.8008732795715332,9,9,1,
712,1,0.817155122756958,2,2,1,
713,1,0.8443257808685303,0,0,1,
714,1,0.8597407341003418,6,6,1,
715,1,0.7934801578521729,1,1,1,
716,1,0.927239179611206,3,7,0,
717,1,0.7911403179168701,0,0,1,
718,1,0.887608528137207,2,2,1,
719,1,0.8831601142883301,4,4,1,
720,1,0.8396303653717041,6,6,1,
721,1,0.775090217590332,5,3,0,
722,1,0.8967704772949219,0,0,1,
723,1,0.8352155685424805,6,6,1,
724,1,0.8225588798522949,5,3,0,
725,1,0.8451917171478271,2,2,1,
726,1,0.8473761081695557,1,1,1,
727,1,0.8794512748718262,6,6,1,
728,1,0.8296988010406494,9,9,1,
729,1,0.827491283416748,6,6,1,
730,1,0.8620615005493164,2,2,1,
731,1,0.814974308013916,9,9,1,
732,1,0.8448235988616943,3,3,1,
733,1,0.7844123840332031,6,6,1,
734,1,0.927055835723877,0,0,1,
735,1,0.8614292144775391,5,5,1,
736,1,0.8168518543243408,4,4,1,
737,1,0.8714339733123779,4,4,1,
738,1,0.7888038158416748,2,2,1,
739,1,0.8671720027923584,0,0,1,
740,1,0.7522380352020264,5,3,0,
741,1,0.798638105392456,3,3,1,
742,1,0.8372864723205566,5,3,0,
743,1,0.8739960193634033,7,7,1,
744,1,0.8484649658203125,6,6,1,
745,1,0.8527374267578125,3,4,0,
746,1,0.8486061096191406,1,1,1,
747,1,0.8400468826293945,0,0,1,
748,1,0.873396635055542,7,7,1,
749,1,0.8900034427642822,9,9,1,
750,1,0.8564980030059814,5,3,0,
751,1,0.8500330448150635,4,4,1,
752,1,0.8406264781951904,8,8,1,
753,1,0.8143908977508545,7,7,1,
754,1,0.8489389419555664,8,8,1,
755,1,0.8342549800872803,1,1,1,
756,1,0.8498141765594482,3,3,1,
757,1,0.8420720100402832,4,4,1,
758,1,0.8467130661010742,4,4,1,
759,1,0.9036657810211182,5,5,1,
760,1,0.8938601016998291,2,2,1,
761,1,0.9347877502441406,3,3,1,
762,1,0.8451380729675293,7,0,0,
763,1,0.8075342178344727,9,9,1,
764,1,0.8529641628265381,8,8,1,
765,1,0.8317477703094482,0,0,1,
766,1,0.7939140796661377,2,2,1,
767,1,0.9259624481201172,4,4,1,
768,1,0.7973694801330566,2,2,1,
769,1,0.9302489757537842,5,5,1,
770,1,0.8379220962524414,6,6,1,
771,1,0.8201324939727783,7,7,1,
772,1,0.8794426918029785,0,0,1,
773,1,0.8437600135803223,6,6,1,
774,1,0.819084644317627,1,1,1,
775,1,0.788914680480957,2,7,0,
776,1,0.9374048709869385,5,3,0,
777,1,0.8337388038635254,1,1,1,
778,1,0.8148868083953857,0,0,1,
779,1,0.8510620594024658,0,0,1,
780,1,0.841069221496582,4,4,1,
781,1,0.7883963584899902,0,6,0,
782,1,0.9269533157348633,0,0,1,
783,1,0.783449649810791,9,9,1,
784,1,0.7975342273712158,7,7,1,
785,1,0.9056832790374756,0,0,1,
786,1,0.8567028045654297,4,4,1,
787,1,0.8232853412628174,9,9,1,
788,1,0.7877883911132812,1,1,1,
789,1,0.7866325378417969,6,6,1,
790,1,0.8364713191986084,1,1,1,
791,1,0.7824952602386475,8,8,1,
792,1,0.8930196762084961,4,4,1,
793,1,0.7329859733581543,6,6,1,
794,1,0.82965087890625,3,3,1,
795,1,0.9272365570068359,4,4,1,
796,1,0.7906911373138428,3,3,1,
797,1,0.8266921043395996,2,2,1,
798,1,0.7905542850494385,0,0,1,
799,1,0.8272249698638916,5,5,1,
800,1,0.7863667011260986,5,5,1,
801,1,0.8787951469421387,6,6,1,
802,1,0.8379158973693848,9,9,1,
803,1,0.8057868480682373,8,8,1,
804,1,0.85256028175354,3,3,1,
805,1,0.9331541061401367,5,5,1,
806,1,0.8656306266784668,4,4,1,
807,1,0.8002490997314453,4,4,1,
808,1,0.7923994064331055,0,0,1,
809,1,0.7863445281982422,6,6,1,
810,1,0.8870747089385986,8,8,1,
811,1,0.8421661853790283,9,9,1,
812,1,0.7893450260162354,5,5,1,
813,1,0.9336817264556885,4,4,1,
814,1,0.7463908195495605,7,7,1,
815,1,0.8352019786834717,0,0,1,
816,1,0.8442215919494629,8,8,1,
817,1,0.9240384101867676,7,7,1,
818,1,0.8808414936065674,3,3,1,
819,1,0.7650365829467773,7,7,1,
820,1,0.8606665134429932,1,1,1,
821,1,0.7875838279724121,6,6,1,
822,1,0.889141321182251,7,7,1,
823,1,0.8815734386444092,2,2,1,
824,1,0.7864930629730225,7,7,1,
825,1,0.7939174175262451,9,1,0,
826,1,0.9038314819335938,3,3,1,
827,1,0.8469700813293457,0,0,1,
828,1,0.786433219909668,0,0,1,
829,1,0.8340613842010498,8,8,1,
830,1,0.926591157913208,3,3,1,
831,1,0.7867851257324219,5,5,1,
832,1,0.8210711479187012,1,1,1,
833,1,0.8276224136352539,7,7,1,
834,1,0.9161238670349121,6,6,1,
835,1,0.8244836330413818,0,0,1,
836,1,0.8894047737121582,8,8,1,
837,1,0.8840234279632568,4,4,1,
838,1,0.7894809246063232,9,9,1,
839,1,0.9205553531646729,2,2,1,
840,1,0.8074085712432861,3,3,1,
841,1,0.8347742557525635,7,7,1,
842,1,0.8467719554901123,5,5,1,
843,1,0.7866683006286621,8,8,1,
844,1,0.8407175540924072,3,3,1,
845,1,0.9187009334564209,6,6,1,
846,1,0.8873748779296875,9,9,1,
847,1,0.829512357711792,9,9,1,
848,1,0.8432166576385498,2,2,1,
849,1,0.9332540035247803,1,1,1,
850,1,0.7949240207672119,0,0,1,
851,1,0.82716965675354,6,6,1,
852,1,0.8647518157958984,9,9,1,
853,1,0.8424637317657471,8,8,1,
854,1,0.7898116111755371,7,7,1,
855,1,0.8366217613220215,8,8,1,
856,1,0.8454604148864746,9,9,1,
857,1,0.8505542278289795,6,6,1,
858,1,0.805203914642334,7,7,1,
859,1,0.8818094730377197,0,0,1,
860,1,0.8655462265014648,4,4,1,
861,1,0.8432164192199707,7,7,1,
862,1,0.7676393985748291,0,0,1,
863,1,0.9155294895172119,6,6,1,
864,1,0.7695646286010742,9,9,1,
865,1,0.8495440483093262,1,1,1,
866,1,0.8386895656585693,8,8,1,
867,1,0.7671449184417725,6,6,1,
868,1,0.8090999126434326,9,9,1,
869,1,0.9154973030090332,0,0,1,
870,1,0.814201831817627,3,3,1,
871,1,0.8275711536407471,7,7,1,
872,1,0.8341183662414551,7,7,1,
873,1,0.8556206226348877,4,4,1,
874,1,0.8157196044921875,9,9,1,
875,1,0.8804237842559814,5,5,1,
876,1,0.7854979038238525,9,9,1,
877,1,0.9267845153808594,4,4,1,
878,1,0.7921020984649658,3,3,1,
879,1,0.8745989799499512,5,5,1,
880,1,0.8953607082366943,3,3,1,
881,1,0.8678479194641113,3,3,1,
882,1,0.8530418872833252,4,4,1,
883,1,0.7816512584686279,5,6,0,
884,1,0.836144208908081,1,9,0,
885,1,0.7833168506622314,2,2,1,
886,1,0.8963973522186279,0,0,1,
887,1,0.8164381980895996,1,1,1,
888,1,0.8445777893066406,1,1,1,
889,1,0.8368709087371826,5,5,1,
890,1,0.8561828136444092,1,1,1,
891,1,0.8488421440124512,3,3,1,
892,1,0.7686767578125,0,0,1,
893,1,0.9592652320861816,1,1,1,
894,1,0.8432149887084961,2,2,1,
895,1,0.832697868347168,8,8,1,
896,1,0.9430146217346191,5,5,1,
897,1,0.8765816688537598,5,5,1,
898,1,0.9853188991546631,8,8,1,
899,1,0.774547815322876,9,9,1,
900,1,0.7839901447296143,9,9,1,
901,1,0.9310383796691895,8,8,1,
902,1,0.837775468826294,5,5,1,
903,1,0.9075174331665039,9,9,1,
904,1,0.80428147315979,3,3,1,
905,1,0.8276224136352539,8,8,1,
906,1,0.8348493576049805,1,1,1,
907,1,0.8409230709075928,9,9,1,
908,1,0.8467848300933838,0,0,1,
909,1,0.935481071472168,6,6,1,
910,1,0.7912030220031738,7,7,1,
911,1,0.7858645915985107,0,4,0,
912,1,0.786827802658081,6,6,1,
913,1,0.8501179218292236,7,7,1,
914,1,0.9152209758758545,2,2,1,
915,1,0.7416999340057373,8,8,1,
916,1,0.7973065376281738,0,0,1,
917,1,0.8383126258850098,1,1,1,
918,1,0.8341705799102783,6,6,1,
919,1,0.7896175384521484,5,5,1,
920,1,0.9373621940612793,4,4,1,
921,1,0.7571094036102295,4,4,1,
922,1,0.8462240695953369,6,6,1,
923,1,0.7898597717285156,9,9,1,
924,1,0.7954099178314209,4,4,1,
925,1,0.8369631767272949,2,2,1,
926,1,0.8911516666412354,2,2,1,
927,1,0.7810628414154053,5,3,0,
928,1,0.842902660369873,8,8,1,
929,1,0.8719310760498047,0,0,1,
930,1,0.8385214805603027,5,9,0,
931,1,0.7883868217468262,4,4,1,
932,1,0.8798060417175293,4,4,1,
933,1,0.8248217105865479,5,6,0,
934,1,0.7933106422424316,6,6,1,
935,1,0.8345394134521484,6,6,1,
936,1,0.8449869155883789,2,4,0,
937,1,0.7911193370819092,4,4,1,
938,1,0.7875571250915527,9,9,1,
939,1,0.8282561302185059,7,7,1,
940,1,0.9305143356323242,4,4,1,
941,1,0.7878556251525879,0,0,1,
942,1,0.843040943145752,3,3,1,
943,1,0.8648324012756348,0,0,1,
944,1,0.7893500328063965,9,9,1,
945,1,0.8366091251373291,6,6,1,
946,1,0.8323638439178467,2,2,1,
947,1,0.87530517578125,8,8,1,
948,1,0.8355774879455566,3,3,1,
949,1,0.7411272525787354,8,8,1,
950,1,0.8546466827392578,5,6,0,
951,1,0.7995851039886475,0,0,1,
952,1,0.88037109375,4,4,1,
953,1,0.880338191986084,6,6,1,
954,1,0.8878390789031982,2,2,1,
955,1,0.7850134372711182,0,0,1,
956,1,0.8398046493530273,1,1,1,
957,1,0.7894272804260254,1,1,1,
958,1,0.8429200649261475,1,1,1,
959,1,0.7811944484710693,6,6,1,
960,1,0.8417115211486816,0,0,1,
961,1,0.8694005012512207,6,6,1,
962,1,0.7413268089294434,7,4,0,
963,1,0.8352270126342773,1,1,1,
964,1,0.7930662631988525,7,7,1,
965,1,0.7887735366821289,7,7,1,
966,1,0.8849091529846191,5,5,1,
967,1,0.79170823097229,4,4,1,
968,1,0.830641508102417,2,2,1,
969,1,0.8232612609863281,7,7,1,
970,1,0.8789708614349365,7,7,1,
971,1,0.7895503044128418,9,9,1,
972,1,0.7868692874908447,5,5,1,
973,1,0.9087135791778564,4,4,1,
974,1,0.7922203540802002,9,8,0,
975,1,0.7901787757873535,1,1,1,
976,1,0.7910199165344238,5,6,0,
977,1,0.8831512928009033,5,5,1,
978,1,0.6937363147735596,8,8,1,
979,1,0.917931079864502,0,0,1,
980,1,0.8548049926757812,9,9,1,
981,1,0.811917781829834,7,7,1,
982,1,0.8067638874053955,4,4,1,
983,1,0.8437864780426025,2,2,1,
984,1,0.867640495300293,7,7,1,
985,1,0.7692084312438965,5,5,1,
986,1,0.7469959259033203,0,0,1,
987,1,0.8760066032409668,8,8,1,
988,1,0.7872111797332764,0,9,0,
989,1,0.8294134140014648,0,0,1,
990,1,0.9380321502685547,8,8,1,
991,1,0.7872402667999268,4,4,1,
992,1,0.8429543972015381,7,7,1,
993,1,0.7860534191131592,7,7,1,
994,1,0.778505802154541,6,6,1,
995,1,0.8738877773284912,2,2,1,
996,1,0.8357422351837158,7,7,1,
997,1,0.7946872711181641,1,1,1,
998,1,0.8422870635986328,0,0,1,
999,1,0.7766194343566895,2,4,0,
1000,1,0.8425004482269287,0,9,0,
1001,1,0.8387913703918457,6,6,1,
1002,1,0.8314101696014404,5,5,1,
1003,1,0.7826728820800781,8,8,1,
1004,1,0.8854107856750488,3,3,1,
1005,1,0.7838661670684814,5,3,0,
1006,1,0.7879073619842529,2,2,1,
1007,1,0.8832950592041016,7,7,1,
1008,1,0.7888884544372559,0,0,1,
1009,1,0.8714604377746582,0,0,1,
1010,1,0.7944140434265137,8,8,1,
1011,1,0.8769705295562744,2,2,1,
1012,1,0.8461887836456299,0,0,1,
1013,1,0.7838397026062012,7,7,1,
1014,1,0.831392765045166,6,6,1,
1015,1,0.8116137981414795,2,2,1,
1016,1,0.8578429222106934,8,8,1,
1017,1,0.7920818328857422,1,1,1,
1018,1,0.8804495334625244,3,3,1,
1019,1,0.7808938026428223,7,6,0,
1020,1,0.8397834300994873,7,7,1,
1021,1,0.9188821315765381,8,8,1,
1022,1,0.833162784576416,9,9,1,
1023,1,0.773890495300293,7,7,1,
1024,1,0.8562736511230469,5,3,0,
1025,1,0.7898211479187012,5,5,1,
1026,1,0.8463566303253174,3,3,1,
1027,1,0.9082987308502197,8,8,1,
1028,1,0.7867319583892822,0,0,1,
1029,1,0.7984213829040527,2,2,1,
1030,1,0.8641958236694336,9,9,1,
1031,1,0.7759182453155518,3,3,1,
1032,1,0.8929095268249512,8,8,1,
1033,1,0.7939202785491943,2,2,1,
1034,1,0.8304119110107422,3,3,1,
1035,1,0.8361268043518066,9,9,1,
1036,1,0.8031237125396729,6,6,1,
1037,1,0.852919340133667,4,4,1,
1038,1,0.8299767971038818,0,0,1,
1039,1,0.7940449714660645,4,4,1,
1040,1,0.8814504146575928,6,6,1,
1041,1,0.7861897945404053,5,3,0,
1042,1,0.7879536151885986,8,8,1,
1043,1,0.8362562656402588,5,3,0,
1044,1,0.833465576171875,4,4,1,
1045,1,0.8247432708740234,9,9,1,
1046,1,0.8798379898071289,3,6,0,
1047,1,0.8034214973449707,3,3,1,
1048,1,0.781951904296875,7,7,1,
1049,1,0.7357480525970459,2,2,1,
1050,1,0.9288632869720459,3,3,1,
1051,1,0.7844738960266113,4,4,1,
1052,1,0.8238627910614014,3,3,1,
1053,1,0.8564398288726807,2,2,1,
1054,1,0.8219599723815918,1,1,1,
1055,1,0.8787903785705566,7,7,1,
1056,1,0.737407922744751,0,3,0,
1057,1,0.8299410343170166,5,4,0,
1058,1,0.8855628967285156,8,8,1,
1059,1,0.8345379829406738,5,3,0,
1060,1,0.845003604888916,5,3,0,
1061,1,0.7802071571350098,3,3,1,
1062,1,0.7585794925689697,9,9,1,
1063,1,0.8353848457336426,8,8,1,
1064,1,0.8154332637786865,7,7,1,
1065,1,0.8262238502502441,7,7,1,
1066,1,0.8946149349212646,5,5,1,
1067,1,0.8827741146087646,5,5,1,
1068,1,0.7997744083404541,0,0,1,
1069,1,0.8952069282531738,9,9,1,
1070,1,0.8349800109863281,1,1,1,
1071,1,0.8306214809417725,7,7,1,
1072,1,0.8293111324310303,5,5,1,
1073,1,0.8859329223632812,1,1,1,
1074,1,0.792304515838623,0,0,1,
1075,1,0.770543098449707,7,7,1,
1076,1,0.837458610534668,4,4,1,
1077,1,0.8784186840057373,6,6,1,
1078,1,0.8446416854858398,5,5,1,
1079,1,0.7857716083526611,7,7,1,
1080,1,0.850273609161377,3,3,1,
1081,1,0.8773391246795654,7,7,1,
1082,1,0.7383959293365479,7,7,1,
1083,1,0.8795714378356934,6,6,1,
1084,1,0.8433742523193359,1,1,1,
1085,1,0.8317370414733887,5,3,0,
1086,1,0.8251512050628662,0,0,1,
1087,1,0.8723971843719482,9,9,1,
1088,1,0.832362174987793,7,7,1,
1089,1,0.8288483619689941,4,4,1,
1090,1,0.8339293003082275,1,1,1,
1091,1,0.7902219295501709,1,1,1,
1092,1,0.8000931739807129,2,2,1,
1093,1,0.7842776775360107,8,8,1,
1094,1,0.8826103210449219,5,5,1,
1095,1,0.8389441967010498,5,5,1,
1096,1,0.7494633197784424,4,4,1,
1097,1,0.8737845420837402,7,7,1,
1098,1,0.8280832767486572,2,2,1,
1099,1,0.8815033435821533,0,0,1,
1100,1,0.8176307678222656,9,9,1,
1101,1,0.7527697086334229,2,2,1,
1102,1,0.9347531795501709,5,5,1,
1103,1,0.778620719909668,1,1,1,
1104,1,0.8862578868865967,2,2,1,
1105,1,0.740485429763794,4,4,1,
1106,1,0.8462097644805908,5,5,1,
1107,1,0.7893147468566895,2,2,1,
1108,1,0.7916898727416992,0,0,1,
1109,1,0.8358747959136963,7,4,0,
1110,1,0.7959954738616943,2,2,1,
1111,1,0.9235537052154541,5,5,1,
1112,1,0.8841638565063477,0,8,0,
1113,1,0.8334898948669434,6,6,1,
1114,1,0.8461441993713379,3,3,1,
1115,1,0.8474464416503906,2,2,1,
1116,1,0.8107326030731201,3,3,1,
1117,1,0.8289806842803955,1,1,1,
1118,1,0.8356411457061768,8,8,1,
1119,1,0.8345987796783447,2,2,1,
1120,1,0.8504030704498291,2,2,1,
1121,1,0.7547972202301025,2,2,1,
1122,1,0.8702473640441895,5,5,1,
1123,1,0.8049876689910889,3,5,0,
1124,1,0.7981319427490234,1,1,1,
1125,1,0.8354837894439697,6,2,0,
1126,1,0.7877755165100098,1,1,1,
1127,1,0.8710041046142578,7,7,1,
1128,1,0.842444658279419,0,0,1,
1129,1,0.881615161895752,3,3,1,
1130,1,0.7982170581817627,5,5,1,
1131,1,0.7398543357849121,7,7,1,
1132,1,0.9357190132141113,8,8,1,
1133,1,0.9295945167541504,7,7,1,
1134,1,0.7982997894287109,6,6,1,
1135,1,0.8104779720306396,2,2,1,
1136,1,0.8423101902008057,2,2,1,
1137,1,0.8314540386199951,2,2,1,
1138,1,0.8542702198028564,3,3,1,
1139,1,0.8527288436889648,0,0,1,
1140,1,0.8341341018676758,6,6,1,
1141,1,0.830711841583252,3,3,1,
1142,1,0.8824124336242676,7,7,1,
1143,1,0.8801584243774414,6,6,1,
1144,1,0.7771718502044678,6,6,1,
1145,1,0.9062192440032959,6,6,1,
1146,1,0.7621254920959473,1,1,1,
1147,1,0.8010194301605225,5,3,0,
1148,1,0.8452596664428711,7,7,1,
1149,1,0.8168036937713623,7,7,1,
1150,1,0.8933203220367432,7,7,1,
1151,1,0.782691240310669,6,7,0,
1152,1,0.8258697986602783,9,9,1,
1153,1,0.8707339763641357,4,4,1,
1154,1,0.7991490364074707,7,7,1,
1155,1,0.7939879894256592,5,4,0,
1156,1,0.9270663261413574,9,9,1,
1157,1,0.7927680015563965,1,1,1,
1158,1,0.8883864879608154,4,4,1,
1159,1,0.7286138534545898,2,2,1,
1160,1,0.9381699562072754,4,4,1,
1161,1,0.77752685546875,3,3,1,
1162,1,0.7479612827301025,5,5,1,
1163,1,0.8688030242919922,2,4,0,
1164,1,0.8833091259002686,9,9,1,
1165,1,0.7879624366760254,5,6,0,
1166,1,0.790637731552124,7,7,1,
1167,1,0.9055311679840088,1,1,1,
1168,1,0.8343944549560547,7,7,1,
1169,1,0.8338065147399902,4,4,1,
1170,1,0.7883484363555908,0,0,1,
1171,1,0.8780703544616699,1,1,1,
1172,1,0.838824987411499,0,0,1,
1173,1,0.8324670791625977,0,0,1,
1174,1,0.8219518661499023,3,7,0,
1175,1,0.8370957374572754,0,6,0,
1176,1,0.7910070419311523,4,4,1,
1177,1,0.8881847858428955,7,7,1,
1178,1,0.8475651741027832,3,3,1,
1179,1,0.6959195137023926,2,2,1,
1180,1,0.9049370288848877,1,1,1,
1181,1,0.8512954711914062,6,6,1,
1182,1,0.7830824851989746,2,5,0,
1183,1,0.824312686920166,2,2,1,
1184,1,0.7897212505340576,1,1,1,
1185,1,0.841179609298706,5,5,1,
1186,1,0.7880368232727051,0,0,1,
1187,1,0.8272020816802979,9,9,1,
1188,1,0.8306393623352051,5,3,0,
1189,1,0.7885739803314209,9,1,0,
1190,1,0.819866418838501,9,9,1,
1191,1,0.7785067558288574,5,5,1,
1192,1,0.8512446880340576,4,4,1,
1193,1,0.8274967670440674,1,1,1,
1194,1,0.8372182846069336,9,9,1,
1195,1,0.8392455577850342,0,0,1,
1196,1,0.8437941074371338,5,5,1,
1197,1,0.7920725345611572,8,8,1,
1198,1,0.9013404846191406,0,0,1,
1199,1,0.7282860279083252,5,5,1,
1200,1,0.8394005298614502,3,3,1,
1201,1,0.8318278789520264,4,4,1,
1202,1,0.7963600158691406,7,7,1,
1203,1,0.8318462371826172,3,3,1,
1204,1,0.8259835243225098,9,9,1,
1205,1,0.7910764217376709,6,6,1,
1206,1,0.7959978580474854,1,1,1,
1207,1,0.9162240028381348,9,9,1,
1208,1,0.7419185638427734,5,2,0,
1209,1,0.8329215049743652,7,7,1,
1210,1,0.8917994499206543,2,2,1,
1211,1,0.8309075832366943,9,9,1,
1212,1,0.8411209583282471,0,0,1,
1213,1,0.8272314071655273,2,2,1,
1214,1,0.788815975189209,8,8,1,
1215,1,0.8272039890289307,4,4,1,
1216,1,0.8196001052856445,7,7,1,
1217,1,0.7977614402770996,5,5,1,
1218,1,0.8442609310150146,4,2,0,
1219,1,0.828772783279419,6,6,1,
1220,1,0.8354654312133789,0,2,0,
1221,1,0.8136115074157715,4,4,1,
1222,1,0.8362371921539307,6,6,1,
1223,1,0.8332996368408203,5,3,0,
1224,1,0.8809013366699219,2,2,1,
1225,1,0.7802009582519531,9,9,1,
1226,1,0.878302812576294,2,2,1,
1227,1,0.7949433326721191,4,4,1,
1228,1,0.8853378295898438,5,2,0,
1229,1,0.7883501052856445,8,8,1,
1230,1,0.831162691116333,1,1,1,
1231,1,0.7845745086669922,4,0,0,
1232,1,0.8415560722351074,5,3,0,
1233,1,0.8364856243133545,4,4,1,
1234,1,0.8259992599487305,7,7,1,
1235,1,0.8395850658416748,1,1,1,
1236,1,0.9301807880401611,7,7,1,
1237,1,0.8159871101379395,9,9,1,
1238,1,0.7457427978515625,0,0,1,
1239,1,0.7831568717956543,0,0,1,
1240,1,0.8637905120849609,3,2,0,
1241,1,0.8352584838867188,6,6,1,
1242,1,0.8627309799194336,7,7,1,
1243,1,0.8489320278167725,0,0,1,
1244,1,0.8354506492614746,4,3,0,
1245,1,0.8274078369140625,9,9,1,
1246,1,0.7815933227539062,8,8,1,
1247,1,0.8200716972351074,9,9,1,
1248,1,0.8429684638977051,8,8,1,
1249,1,0.8049240112304688,0,2,0,
1250,1,0.7402560710906982,5,5,1,
1251,1,0.8426659107208252,4,4,1,
1252,1,0.7768771648406982,5,5,1,
1253,1,0.7989726066589355,7,7,1,
1254,1,0.8076221942901611,8,8,1,
1255,1,0.7826309204101562,9,9,1,
1256,1,0.899519681930542,7,7,1,
1257,1,0.8448245525360107,1,1,1,
1258,1,0.8389406204223633,9,9,1,
1259,1,0.7867341041564941,9,9,1,
1260,1,0.8405911922454834,5,5,1,
1261,1,0.8308851718902588,6,6,1,
1262,1,0.8282215595245361,7,7,1,
1263,1,0.7703368663787842,7,7,1,
1264,1,0.8536708354949951,0,0,1,
1265,1,0.8780226707458496,5,5,1,
1266,1,0.8630328178405762,7,7,1,
1267,1,0.74587082862854,8,8,1,
1268,1,0.7890744209289551,5,5,1,
1269,1,0.8877294063568115,5,5,1,
1270,1,0.7474014759063721,0,0,1,
1271,1,0.8290586471557617,7,7,1,
1272,1,0.8364689350128174,7,7,1,
1273,1,0.8186366558074951,4,4,1,
1274,1,0.8397321701049805,8,8,1,
1275,1,0.8841784000396729,8,8,1,
1276,1,0.7950475215911865,4,4,1,
1277,1,0.881688117980957,8,8,1,
1278,1,0.8029866218566895,5,5,1,
1279,1,0.816356897354126,8,8,1,
1280,1,0.8042223453521729,0,0,1,
1281,1,0.7887310981750488,5,0,0,
1282,1,0.7725715637207031,5,3,0,
1283,1,0.8924996852874756,3,6,0,
1284,1,0.854438304901123,9,9,1,
1285,1,0.8807742595672607,3,3,1,
1286,1,0.8411822319030762,9,9,1,
1287,1,0.7917602062225342,7,7,1,
1288,1,0.7849657535552979,8,8,1,
1289,1,0.8953652381896973,7,7,1,
1290,1,0.9114687442779541,7,7,1,
1291,1,0.792832612991333,9,9,1,
1292,1,0.8214302062988281,3,3,1,
1293,1,0.9245498180389404,0,0,1,
1294,1,0.8427915573120117,1,1,1,
1295,1,0.7820930480957031,0,0,1,
1296,1,0.788851261138916,9,9,1,
1297,1,0.9238228797912598,7,7,1,
1298,1,0.8757755756378174,0,0,1,
1299,1,0.8256022930145264,2,2,1,
1300,1,0.823096752166748,2,6,0,
1301,1,0.9277963638305664,1,1,1,
1302,1,0.7924323081970215,4,4,1,
1303,1,0.8332116603851318,3,3,1,
1304,1,0.8386754989624023,1,1,1,
1305,1,0.8235569000244141,3,3,1,
1306,1,0.8400709629058838,4,4,1,
1307,1,0.7493789196014404,9,1,0,
1308,1,0.8697187900543213,1,1,1,
1309,1,0.7907018661499023,5,5,1,
1310,1,0.847905158996582,5,5,1,
1311,1,0.8527083396911621,0,0,1,
1312,1,0.8382282257080078,8,8,1,
1313,1,0.8406610488891602,0,2,0,
1314,1,0.7967932224273682,7,7,1,
1315,1,0.976581335067749,1,0,0,
1316,1,0.876387357711792,5,5,1,
1317,1,0.7888023853302002,5,5,1,
1318,1,0.8319482803344727,2,2,1,
1319,1,0.784738302230835,5,5,1,
1320,1,0.8532803058624268,3,3,1,
1321,1,0.8684329986572266,9,9,1,
1322,1,0.8738698959350586,0,0,1,
1323,1,0.7751853466033936,5,5,1,
1324,1,0.8015701770782471,8,8,1,
1325,1,0.9007351398468018,2,2,1,
1326,1,0.8428659439086914,5,5,1,
1327,1,0.8851723670959473,1,1,1,
1328,1,0.7684082984924316,0,0,1,
1329,1,0.8611927032470703,2,2,1,
1330,1,0.8912131786346436,9,1,0,
1331,1,0.8335354328155518,5,5,1,
1332,1,0.8516733646392822,7,7,1,
1333,1,0.8565747737884521,5,3,0,
1334,1,0.8436088562011719,7,7,1,
1335,1,0.835768461227417,2,2,1,
1336,1,0.8293166160583496,6,6,1,
1337,1,0.8824291229248047,8,8,1,
1338,1,0.8772838115692139,7,7,1,
1339,1,0.8370468616485596,2,2,1,
1340,1,0.8553619384765625,2,2,1,
1341,1,0.8140249252319336,5,5,1,
1342,1,0.8949794769287109,0,0,1,
1343,1,0.7632317543029785,9,9,1,
1344,1,0.9352388381958008,9,9,1,
1345,1,0.7799820899963379,5,5,1,
1346,1,0.8208439350128174,2,2,1,
1347,1,0.9805212020874023,9,9,1,
1348,1,0.8162577152252197,3,6,0,
1349,1,0.8510866165161133,6,6,1,
1350,1,0.7964169979095459,3,4,0,
1351,1,0.8423237800598145,4,4,1,
1352,1,0.8797597885131836,2,0,0,
1353,1,0.8304111957550049,8,8,1,
1354,1,0.9226994514465332,5,5,1,
1355,1,0.8374173641204834,2,2,1,
1356,1,0.8280341625213623,4,4,1,
1357,1,0.9155545234680176,1,1,1,
1358,1,0.8025715351104736,6,6,1,
1359,1,0.840507984161377,8,8,1,
1360,1,0.8322525024414062,8,8,1,
1361,1,0.9160435199737549,7,7,1,
1362,1,0.8207912445068359,6,6,1,
1363,1,0.8470845222473145,5,5,1,
1364,1,0.8763039112091064,8,8,1,
1365,1,0.8451130390167236,3,3,1,
1366,1,0.862623929977417,1,1,1,
1367,1,0.8350095748901367,1,1,1,
1368,1,0.8829305171966553,0,0,1,
1369,1,0.8205752372741699,1,1,1,
1370,1,0.9371113777160645,7,7,1,
1371,1,0.7924277782440186,7,7,1,
1372,1,0.7812075614929199,7,7,1,
1373,1,0.8296682834625244,3,3,1,
1374,1,0.8352541923522949,5,5,1,
1375,1,0.9298355579376221,6,6,1,
1376,1,0.8277649879455566,1,1,1,
1377,1,0.7925899028778076,0,1,0,
1378,1,0.8190782070159912,5,5,1,
1379,1,0.8785405158996582,5,5,1,
1380,1,0.8822469711303711,5,5,1,
1381,1,0.7985515594482422,2,2,1,
1382,1,0.9061517715454102,9,9,1,
1383,1,0.7900826930999756,7,7,1,
1384,1,0.822716474533081,5,5,1,
1385,1,0.8364782333374023,6,6,1,
1386,1,0.8744208812713623,9,9,1,
1387,1,0.8262856006622314,3,3,1,
1388,1,0.7828357219696045,2,2,1,
1389,1,0.8801314830780029,5,5,1,
1390,1,0.785754919052124,0,0,1,
1391,1,0.8225769996643066,0,0,1,
1392,1,0.8283038139343262,7,7,1,
1393,1,0.8345673084259033,8,8,1,
1394,1,0.8797585964202881,2,2,1,
1395,1,0.8306498527526855,1,1,1,
1396,1,0.7821674346923828,7,7,1,
1397,1,0.8206658363342285,5,5,1,
1398,1,0.8512086868286133,5,5,1,
1399,1,0.8986666202545166,5,5,1,
1400,1,0.7897903919219971,1,1,1,
1401,1,0.8496198654174805,5,6,0,
1402,1,0.8759760856628418,8,8,1,
1403,1,0.8376796245574951,9,9,1,
1404,1,0.8383495807647705,4,4,1,
1405,1,0.8237767219543457,6,6,1,
1406,1,0.864694356918335,1,1,1,
1407,1,0.7364161014556885,5,5,1,
1408,1,0.9344437122344971,5,3,0,
1409,1,0.7919390201568604,5,5,1,
1410,1,0.8799469470977783,8,8,1,
1411,1,0.8374881744384766,9,9,1,
1412,1,0.7915306091308594,7,7,1,
1413,1,0.8734743595123291,3,4,0,
1414,1,0.835935115814209,6,6,1,
1415,1,0.8531768321990967,4,4,1,
1416,1,0.7479729652404785,4,4,1,
1417,1,0.8837950229644775,8,8,1,
1418,1,0.8243286609649658,4,4,1,
1419,1,0.8389403820037842,5,5,1,
1420,1,0.8330967426300049,9,9,1,
1421,1,0.8392887115478516,6,6,1,
1422,1,0.7351431846618652,5,3,0,
1423,1,0.7949643135070801,1,1,1,
1424,1,0.878211498260498,0,7,0,
1425,1,0.7777814865112305,3,3,1,
1426,1,0.8382699489593506,9,9,1,
1427,1,0.8235061168670654,5,5,1,
1428,1,0.7894492149353027,8,8,1,
1429,1,0.841118335723877,3,3,1,
1430,1,0.8270189762115479,0,0,1,
1431,1,0.8838093280792236,7,7,1,
1432,1,0.8819010257720947,2,6,0,
1433,1,0.8274872303009033,5,5,1,
1434,1,0.741673469543457,1,1,1,
1435,1,0.8444778919219971,0,0,1,
1436,1,0.8361759185791016,0,0,1,
1437,1,0.7927601337432861,1,1,1,
1438,1,0.8859992027282715,6,6,1,
1439,1,0.7867963314056396,8,8,1,
1440,1,0.8916535377502441,2,2,1,
1441,1,0.8402340412139893,4,7,0,
1442,1,0.8226985931396484,6,6,1,
1443,1,0.9269194602966309,4,4,1,
1444,1,0.7452471256256104,5,5,1,
1445,1,0.8395371437072754,1,1,1,
1446,1,0.7762007713317871,2,2,1,
1447,1,0.8949501514434814,9,1,0,
1448,1,0.7761449813842773,8,8,1,
1449,1,0.8937029838562012,0,0,1,
1450,1,0.8847920894622803,4,4,1,
1451,1,0.8373794555664062,2,2,1,
1452,1,0.8413441181182861,0,0,1,
1453,1,0.7838857173919678,0,0,1,
1454,1,0.8118948936462402,2,8,0,
1455,1,0.8527228832244873,8,8,1,
1456,1,0.7823657989501953,1,1,1,
1457,1,0.8518548011779785,7,7,1,
1458,1,0.8656299114227295,2,2,1,
1459,1,0.8365859985351562,0,0,1,
1460,1,0.9216201305389404,5,5,1,
1461,1,0.8447966575622559,5,5,1,
1462,1,0.7445776462554932,6,6,1,
1463,1,0.8366367816925049,4,4,1,
1464,1,0.8474807739257812,7,7,1,
1465,1,0.8177700042724609,3,3,1,
1466,1,0.8748667240142822,1,1,1,
1467,1,0.889301061630249,8,8,1,
1468,1,0.8992879390716553,6,6,1,
1469,1,0.8169760704040527,6,6,1,
1470,1,0.8503093719482422,0,0,1,
1471,1,0.864285945892334,9,9,1,
1472,1,0.7951381206512451,5,5,1,
1473,1,0.8367283344268799,7,7,1,
1474,1,0.7904148101806641,7,7,1,
1475,1,0.7874147891998291,5,5,1,
1476,1,0.7882471084594727,0,0,1,
1477,1,0.855161190032959,8,8,1,
1478,1,0.8470110893249512,1,1,1,
1479,1,0.9409410953521729,1,1,1,
1480,1,0.8478610515594482,1,1,1,
1481,1,0.9102761745452881,7,5,0,
1482,1,0.8785943984985352,8,8,1,
1483,1,0.8286044597625732,7,7,1,
1484,1,0.7962448596954346,2,2,1,
1485,1,0.8521857261657715,5,2,0,
1486,1,0.8528058528900146,9,9,1,
1487,1,0.8848788738250732,5,3,0,
1488,1,0.8888461589813232,5,3,0,
1489,1,0.8617937564849854,3,3,1,
1490,1,0.8206443786621094,0,0,1,
1491,1,0.745760440826416,0,0,1,
1492,1,0.8818042278289795,1,1,1,
1493,1,0.8490240573883057,4,4,1,
1494,1,0.8786575794219971,4,4,1,
1495,1,0.8255445957183838,3,3,1,
1496,1,0.8319962024688721,5,7,0,
1497,1,0.8971612453460693,4,4,1,
1498,1,0.8190507888793945,0,0,1,
1499,1,0.8786585330963135,0,0,1,
1500,1,0.8763415813446045,6,6,1,
1501,1,0.8369278907775879,5,5,1,
1502,1,0.826876163482666,7,7,1,
1503,1,0.8064773082733154,1,1,1,
1504,1,0.8303050994873047,6,6,1,
1505,1,0.8014898300170898,4,4,1,
1506,1,0.7889895439147949,4,4,1,
1507,1,0.9413290023803711,5,3,0,
1508,1,0.7493047714233398,9,9,1,
1509,1,0.8171281814575195,2,2,1,
1510,1,0.8002192974090576,0,0,1,
1511,1,0.9145982265472412,6,6,1,
1512,1,0.7836580276489258,3,3,1,
1513,1,0.8504035472869873,6,6,1,
1514,1,0.8477427959442139,8,8,1,
1515,1,0.7474908828735352,5,5,1,
1516,1,0.8760695457458496,7,7,1,
1517,1,0.8830916881561279,1,1,1,
1518,1,0.8350081443786621,4,4,1,
1519,1,0.7437207698822021,0,0,1,
1520,1,0.9146087169647217,5,5,1,
1521,1,0.7926850318908691,6,6,1,
1522,1,0.7875692844390869,2,2,1,
1523,1,0.835378885269165,0,0,1,
1524,1,0.8346943855285645,0,0,1,
1525,1,0.8232810497283936,0,2,0,
1526,1,0.7850139141082764,9,9,1,
1527,1,0.7454545497894287,0,2,0,
1528,1,0.7858328819274902,9,9,1,
1529,1,0.7939209938049316,5,3,0,
1530,1,0.9203433990478516,6,6,1,
1531,1,0.8374710083007812,4,4,1,
1532,1,0.7768793106079102,2,2,1,
1533,1,0.8030192852020264,5,6,0,
1534,1,0.7973427772521973,4,4,1,
1535,1,0.7938880920410156,5,5,1,
1536,1,0.8326671123504639,9,9,1,
1537,1,0.8227725028991699,0,5,0,
1538,1,0.8486895561218262,5,5,1,
1539,1,0.873319149017334,7,7,1,
1540,1,0.775214672088623,1,1,1,
1541,1,0.8969128131866455,3,6,0,
1542,1,0.8227269649505615,2,2,1,
1543,1,0.7448112964630127,0,0,1,
1544,1,0.8345022201538086,6,6,1,
1545,1,0.8833012580871582,1,1,1,
1546,1,0.8991186618804932,5,5,1,
1547,1,0.8133840560913086,2,2,1,
1548,1,0.8836383819580078,5,5,1,
1549,1,0.7840437889099121,9,2,0,
1550,1,0.7888798713684082,7,7,1,
1551,1,0.7955930233001709,9,9,1,
1552,1,0.8699626922607422,9,9,1,
1553,1,0.8404428958892822,1,1,1,
1554,1,0.8346683979034424,5,5,1,
1555,1,0.790194034576416,2,2,1,
1556,1,0.8799049854278564,4,4,1,
1557,1,0.8384537696838379,5,5,1,
1558,1,0.840951681137085,0,5,0,
1559,1,0.9016799926757812,4,4,1,
1560,1,0.7792203426361084,8,8,1,
1561,1,0.8417541980743408,9,1,0,
1562,1,0.772773265838623,6,6,1,
1563,1,0.8904521465301514,8,8,1,
1564,1,0.8293416500091553,0,0,1,
1565,1,0.832305908203125,5,3,0,
1566,1,0.7835791110992432,9,9,1,
1567,1,0.8352136611938477,9,9,1,
1568,1,0.8451111316680908,6,6,1,
1569,1,0.8656919002532959,5,5,1,
1570,1,0.8248758316040039,1,1,1,
1571,1,0.7355151176452637,8,8,1,
1572,1,0.7926461696624756,0,0,1,
1573,1,0.8168032169342041,1,1,1,
1574,1,0.826850175857544,1,1,1,
1575,1,0.8197896480560303,9,9,1,
1576,1,0.8426177501678467,0,0,1,
1577,1,0.8205111026763916,5,5,1,
1578,1,0.8704512119293213,6,6,1,
1579,1,0.7886102199554443,0,0,1,
1580,1,0.8276958465576172,3,3,1,
1581,1,0.7996551990509033,5,7,0,
1582,1,0.8248255252838135,0,0,1,
1583,1,0.8067262172698975,7,7,1,
1584,1,0.792367696762085,0,0,1,
1585,1,0.862952470779419,4,3,0,
1586,1,0.7757692337036133,5,5,1,
1587,1,0.839597225189209,9,9,1,
1588,1,0.8381819725036621,6,6,1,
1589,1,0.8429126739501953,5,3,0,
1590,1,0.7848536968231201,2,2,1,
1591,1,0.8464524745941162,7,7,1,
1592,1,0.7893164157867432,1,1,1,
1593,1,0.8474547863006592,4,4,1,
1594,1,0.789381742477417,8,8,1,
1595,1,0.840806245803833,7,7,1,
1596,1,0.7869400978088379,3,3,1,
1597,1,0.7863321304321289,9,9,1,
1598,1,0.9190146923065186,0,0,1,
1599,1,0.8502426147460938,3,3,1,
1600,1,0.8384673595428467,4,4,1,
1601,1,0.8140466213226318,4,4,1,
1602,1,0.7886743545532227,3,6,0,
1603,1,0.8930485248565674,6,6,1,
1604,1,0.8314721584320068,7,7,1,
1605,1,0.8163151741027832,0,8,0,
1606,1,0.7840237617492676,5,5,1,
1607,1,0.8573203086853027,1,1,1,
1608,1,0.864649772644043,0,0,1,
1609,1,0.8613355159759521,8,8,1,
1610,1,0.7472198009490967,4,4,1,
1611,1,0.805927038192749,7,7,1,
1612,1,0.941185712814331,9,9,1,
1613,1,0.8383641242980957,1,1,1,
1614,1,0.877119779586792,3,5,0,
1615,1,0.8298501968383789,1,1,1,
1616,1,0.8256673812866211,4,4,1,
1617,1,0.7506930828094482,4,4,1,
1618,1,0.7885692119598389,5,4,0,
1619,1,0.8864529132843018,9,9,1,
1620,1,0.8284091949462891,6,6,1,
1621,1,0.7967889308929443,8,0,0,
1622,1,0.8198192119598389,9,9,1,
1623,1,0.84806227684021,6,6,1,
1624,1,0.7801992893218994,0,0,1,
1625,1,0.8902747631072998,1,1,1,
1626,1,0.8353273868560791,9,9,1,
1627,1,0.8655717372894287,7,7,1,
1628,1,0.8285064697265625,5,5,1,
1629,1,0.8361780643463135,0,0,1,
1630,1,0.8817825317382812,1,1,1,
1631,1,0.8320133686065674,9,9,1,
1632,1,0.8332226276397705,3,3,1,
1633,1,0.928067684173584,6,6,1,
1634,1,0.8142480850219727,1,1,1,
1635,1,0.7951397895812988,0,0,1,
1636,1,0.7855546474456787,5,5,1,
1637,1,0.8934385776519775,9,9,1,
1638,1,0.8369007110595703,5,5,1,
1639,1,0.7897331714630127,5,5,1,
1640,1,0.8158190250396729,9,9,1,
1641,1,0.8320467472076416,9,9,1,
1642,1,0.8814566135406494,0,0,1,
1643,1,0.8795585632324219,9,1,0,
1644,1,0.7880039215087891,8,8,1,
1645,1,0.8869421482086182,4,4,1,
1646,1,0.6884913444519043,5,5,1,
1647,1,0.8377087116241455,9,9,1,
1648,1,0.7868316173553467,7,7,1,
1649,1,0.831108808517456,9,9,1,
1650,1,0.8839685916900635,8,8,1,
1651,1,0.8350262641906738,1,1,1,
1652,1,0.7888803482055664,0,0,1,
1653,1,0.8748815059661865,5,5,1,
1654,1,0.8703577518463135,1,1,1,
1655,1,0.8778071403503418,4,4,1,
1656,1,0.7304155826568604,3,3,1,
1657,1,0.7963032722473145,9,9,1,
1658,1,0.87933349609375,6,6,1,
1659,1,0.7398560047149658,8,8,1,
1660,1,0.8722095489501953,8,8,1,
1661,1,0.8408114910125732,7,7,1,
1662,1,0.8348853588104248,6,6,1,
1663,1,0.7894971370697021,1,1,1,
1664,1,0.8504722118377686,3,3,1,
1665,1,0.7421679496765137,9,9,1,
1666,1,0.9062597751617432,8,8,1,
1667,1,0.8405478000640869,0,0,1,
1668,1,0.8146545886993408,0,0,1,
1669,1,0.8374700546264648,9,1,0,
1670,1,0.8357617855072021,4,4,1,
1671,1,0.8349602222442627,6,6,1,
1672,1,0.8289990425109863,7,3,0,
1673,1,0.841834306716919,4,4,1,
1674,1,0.8333165645599365,2,2,1,
1675,1,0.893674373626709,8,8,1,
1676,1,0.9173579216003418,4,4,1,
1677,1,0.8374083042144775,9,9,1,
1678,1,0.7769217491149902,7,7,1,
1679,1,0.8331377506256104,0,0,1,
1680,1,0.8241105079650879,2,2,1,
1681,1,0.8879764080047607,5,5,1,
1682,1,0.7415153980255127,2,2,1,
1683,1,0.896611213684082,9,9,1,
1684,1,0.8215534687042236,9,9,1,
1685,1,0.8309049606323242,1,1,1,
1686,1,0.8911962509155273,6,6,1,
1687,1,0.7935917377471924,5,5,1,
1688,1,0.8083014488220215,5,5,1,
1689,1,0.8861315250396729,0,0,1,
1690,1,0.8754498958587646,5,5,1,
1691,1,0.8474578857421875,7,7,1,
1692,1,0.7511262893676758,1,1,1,
1693,1,0.8311865329742432,9,9,1,
1694,1,0.810678243637085,3,3,1,
1695,1,0.9062049388885498,8,8,1,
1696,1,0.8033044338226318,3,3,1,
1697,1,0.8435854911804199,6,6,1,
1698,1,0.8499126434326172,6,6,1,
1699,1,0.773400068283081,0,0,1,
1700,1,0.8276739120483398,8,8,1,
1701,1,0.8417491912841797,3,3,1,
1702,1,0.8764042854309082,2,2,1,
1703,1,0.8316431045532227,7,7,1,
1704,1,0.8188884258270264,5,5,1,
1705,1,0.8813309669494629,6,6,1,
1706,1,0.7812724113464355,6,6,1,
1707,1,0.7995200157165527,8,8,1,
1708,1,0.8719940185546875,9,9,1,
1709,1,0.8620197772979736,6,6,1,
1710,1,0.907341480255127,8,8,1,
1711,1,0.785968542098999,7,7,1,
1712,1,0.831484317779541,5,5,1,
1713,1,0.7796132564544678,3,3,1,
1714,1,0.8707451820373535,4,4,1,
1715,1,0.8003401756286621,4,4,1,
1716,1,0.8903687000274658,5,5,1,
1717,1,0.8790905475616455,4,4,1,
1718,1,0.782893180847168,0,0,1,
1719,1,0.8415038585662842,1,1,1,
1720,1,0.7970705032348633,0,0,1,
1721,1,0.8456592559814453,7,7,1,
1722,1,0.8434853553771973,7,7,1,
1723,1,0.8125171661376953,8,8,1,
1724,1,0.8320629596710205,6,6,1,
1725,1,0.8181030750274658,4,4,1,
1726,1,0.8653514385223389,3,3,1,
1727,1,0.7757797241210938,1,1,1,
1728,1,0.7907609939575195,0,0,1,
1729,1,0.9001500606536865,6,6,1,
1730,1,0.8081097602844238,0,0,1,
1731,1,0.8361799716949463,4,4,1,
1732,1,0.8352904319763184,0,0,1,
1733,1,0.8692920207977295,2,2,1,
1734,1,0.8528985977172852,5,5,1,
1735,1,0.7881519794464111,5,3,0,
1736,1,0.7737088203430176,4,4,1,
1737,1,0.8887386322021484,3,3,1,
1738,1,0.8322677612304688,5,5,1,
1739,1,0.7926852703094482,7,7,1,
1740,1,0.845940351486206,2,2,1,
1741,1,0.7629756927490234,0,0,1,
1742,1,0.8414032459259033,4,4,1,
1743,1,0.9079201221466064,8,8,1,
1744,1,0.8360903263092041,4,4,1,
1745,1,0.7944784164428711,9,9,1,
1746,1,0.8280031681060791,1,1,1,
1747,1,0.8862502574920654,7,7,1,
1748,1,0.9100437164306641,5,4,0,
1749,1,0.8331253528594971,2,6,0,
1750,1,0.8319442272186279,0,0,1,
1751,1,0.837867021560669,5,6,0,
1752,1,0.8917760848999023,6,6,1,
1753,1,0.8037610054016113,4,4,1,
1754,1,0.812875509262085,4,4,1,
1755,1,0.8458461761474609,4,4,1,
1756,1,0.7900655269622803,2,2,1,
1757,1,0.8929250240325928,0,0,1,
1758,1,0.7418444156646729,5,5,1,
1759,1,0.7889657020568848,7,7,1,
1760,1,0.8251891136169434,2,2,1,
1761,1,0.8479220867156982,1,1,1,
1762,1,0.8334298133850098,6,6,1,
1763,1,0.7907631397247314,7,7,1,
1764,1,0.8229687213897705,7,7,1,
1765,1,0.7973933219909668,4,4,1,
1766,1,0.8435289859771729,6,6,1,
1767,1,0.8496227264404297,4,4,1,
1768,1,0.7763354778289795,2,0,0,
1769,1,0.8656115531921387,2,2,1,
1770,1,0.8438224792480469,6,6,1,
1771,1,0.8271937370300293,0,0,1,
1772,1,0.8285737037658691,0,0,1,
1773,1,0.8113868236541748,2,2,1,
1774,1,0.856889009475708,8,8,1,
1775,1,0.7910454273223877,8,8,1,
1776,1,0.8137741088867188,0,0,1,
1777,1,0.8524160385131836,5,3,0,
1778,1,0.7902631759643555,4,4,1,
1779,1,0.8821794986724854,5,3,0,
1780,1,0.7847921848297119,7,7,1,
1781,1,0.850275993347168,5,3,0,
1782,1,0.826270341873169,0,0,1,
1783,1,0.8332867622375488,5,2,0,
1784,1,0.8737068176269531,8,0,0,
1785,1,0.8938860893249512,3,3,1,
1786,1,0.8301188945770264,1,1,1,
1787,1,0.7933454513549805,5,5,1,
1788,1,0.7806892395019531,2,2,1,
1789,1,0.9213216304779053,2,2,1,
1790,1,0.7800657749176025,0,0,1,
1791,1,0.746636152267456,6,6,1,
1792,1,0.828963041305542,5,5,1,
1793,1,0.8042643070220947,6,6,1,
1794,1,0.7984471321105957,6,6,1,
1795,1,0.7944979667663574,0,0,1,
1796,1,0.7398345470428467,9,9,1,
1797,1,0.8936197757720947,5,5,1,
1798,1,0.8182780742645264,9,9,1,
1799,1,0.8601601123809814,9,9,1,
1800,1,0.7973160743713379,9,9,1,
1801,1,0.7992188930511475,9,9,1,
1802,1,0.8580479621887207,4,4,1,
1803,1,0.8439545631408691,2,2,1,
1804,1,0.8327183723449707,5,5,1,
1805,1,0.7958118915557861,3,5,0,
1806,1,0.8655107021331787,4,4,1,
1807,1,0.8810019493103027,6,6,1,
1808,1,0.7834305763244629,9,9,1,
1809,1,0.8479719161987305,8,8,1,
1810,1,0.7758612632751465,2,2,1,
1811,1,0.7472259998321533,1,9,0,
1812,1,0.8289806842803955,1,1,1,
1813,1,0.9156293869018555,9,9,1,
1814,1,0.7506375312805176,5,5,1,
1815,1,0.7916712760925293,9,5,0,
1816,1,0.872859001159668,8,8,1,
1817,1,0.8482389450073242,1,1,1,
1818,1,0.7923293113708496,6,6,1,
1819,1,0.8082661628723145,7,7,1,
1820,1,0.8729901313781738,7,7,1,
1821,1,0.8779325485229492,5,5,1,
1822,1,0.8266472816467285,7,7,1,
1823,1,0.793872594833374,9,9,1,
1824,1,0.7754042148590088,2,2,1,
1825,1,0.7984986305236816,1,1,1,
1826,1,0.8377351760864258,6,6,1,
1827,1,0.8188755512237549,7,7,1,
1828,1,0.8074052333831787,1,1,1,
1829,1,0.8855836391448975,5,5,1,
1830,1,0.6812291145324707,3,4,0,
1831,1,0.847900390625,1,1,1,
1832,1,0.811323881149292,9,9,1,
1833,1,0.7908034324645996,4,6,0,
1834,1,0.7323336601257324,5,3,0,
1835,1,0.7440955638885498,2,2,1,
1836,1,0.8271639347076416,6,6,1,
1837,1,0.8467106819152832,5,5,1,
1838,1,0.8283238410949707,8,8,1,
1839,1,0.785907506942749,0,0,1,
1840,1,0.7804927825927734,5,5,1,
1841,1,0.7877457141876221,1,1,1,
1842,1,0.8117082118988037,0,0,1,
1843,1,0.8483216762542725,2,2,1,
1844,1,0.8324286937713623,5,4,0,
1845,1,0.7559423446655273,1,1,1,
1846,1,0.7326052188873291,4,4,1,
1847,1,0.9185094833374023,0,0,1,
1848,1,0.8321254253387451,2,2,1,
1849,1,0.865401029586792,5,5,1,
1850,1,0.834632158279419,2,2,1,
1851,1,0.7343738079071045,0,0,1,
1852,1,0.8355298042297363,4,4,1,
1853,1,0.8169174194335938,8,8,1,
1854,1,0.7493538856506348,2,5,0,
1855,1,0.8368468284606934,6,6,1,
1856,1,0.8473646640777588,0,0,1,
1857,1,0.8575007915496826,8,8,1,
1858,1,0.6849665641784668,8,8,1,
1859,1,0.8848950862884521,4,4,1,
1860,1,0.7345857620239258,8,8,1,
1861,1,0.8381092548370361,6,6,1,
1862,1,0.8242025375366211,5,5,1,
1863,1,0.8368489742279053,1,1,1,
1864,1,0.829148530960083,5,5,1,
1865,1,0.829505443572998,0,0,1,
1866,1,0.7941784858703613,0,0,1,
1867,1,0.8171737194061279,4,4,1,
1868,1,0.7854940891265869,9,9,1,
1869,1,0.7945091724395752,5,5,1,
1870,1,0.7791271209716797,0,0,1,
1871,1,0.9123220443725586,4,4,1,
1872,1,0.7869210243225098,2,2,1,
1873,1,0.8438210487365723,9,9,1,
1874,1,0.8369503021240234,8,8,1,
1875,1,0.8388345241546631,4,4,1,
1876,1,0.7881238460540771,6,6,1,
1877,1,0.7805850505828857,7,7,1,
1878,1,0.8428499698638916,6,6,1,
1879,1,0.8420112133026123,3,3,1,
1880,1,0.8285012245178223,5,3,0,
1881,1,0.7885539531707764,4,4,1,
1882,1,0.9508910179138184,9,1,0,
1883,1,0.83884596824646,9,9,1,
1884,1,0.8256046772003174,9,9,1,
1885,1,0.7861185073852539,2,2,1,
1886,1,0.8305203914642334,1,1,1,
1887,1,0.8377435207366943,9,9,1,
1888,1,0.7793200016021729,4,4,1,
1889,1,0.8347997665405273,2,6,0,
1890,1,0.882897138595581,2,2,1,
1891,1,0.7902288436889648,0,0,1,
1892,1,0.8241479396820068,4,4,1,
1893,1,0.7872703075408936,4,4,1,
1894,1,0.7931544780731201,8,8,1,
1895,1,0.7976889610290527,1,1,1,
1896,1,0.8299529552459717,7,7,1,
1897,1,0.7944228649139404,9,9,1,
1898,1,0.8233447074890137,4,4,1,
1899,1,0.8543658256530762,0,0,1,
1900,1,0.8337042331695557,2,2,1,
1901,1,0.8266046047210693,4,4,1,
1902,1,0.8142540454864502,9,9,1,
1903,1,0.8185904026031494,7,7,1,
1904,1,0.8573853969573975,0,0,1,
1905,1,0.7814607620239258,8,8,1,
1906,1,0.8397660255432129,8,8,1,
1907,1,0.7510232925415039,8,8,1,
1908,1,0.8274738788604736,9,1,0,
1909,1,0.7961657047271729,5,5,1,
1910,1,0.7760350704193115,0,0,1,
1911,1,0.8365700244903564,2,2,1,
1912,1,0.8338460922241211,5,5,1,
1913,1,0.9261391162872314,5,7,0,
1914,1,0.776212215423584,7,3,0,
1915,1,0.7425918579101562,1,1,1,
1916,1,0.781808614730835,1,1,1,
1917,1,0.8637402057647705,3,3,1,
1918,1,0.8057115077972412,5,2,0,
1919,1,0.8477141857147217,8,8,1,
1920,1,0.8340811729431152,9,9,1,
1921,1,0.7953636646270752,8,8,1,
1922,1,0.8259322643280029,8,8,1,
1923,1,0.8765943050384521,0,0,1,
1924,1,0.7746586799621582,7,7,1,
1925,1,0.793755054473877,0,0,1,
1926,1,0.8085296154022217,0,0,1,
1927,1,0.7954633235931396,6,6,1,
1928,1,0.8252081871032715,9,9,1,
1929,1,0.8011317253112793,1,1,1,
1930,1,0.7364909648895264,7,7,1,
1931,1,0.7979912757873535,5,6,0,
1932,1,0.874384880065918,8,8,1,
1933,1,0.8336992263793945,9,9,1,
1934,1,0.83915114402771,7,7,1,
1935,1,0.7937748432159424,6,6,1,
1936,1,0.8307147026062012,1,1,1,
1937,1,0.7705371379852295,8,8,1,
1938,1,0.790024995803833,3,6,0,
1939,1,0.8960056304931641,5,5,1,
1940,1,0.8334691524505615,0,0,1,
1941,1,0.838036298751831,6,6,1,
1942,1,0.8216242790222168,7,4,0,
1943,1,0.7984864711761475,6,6,1,
1944,1,0.7456409931182861,0,0,1,
1945,1,0.8703429698944092,2,2,1,
1946,1,0.8302958011627197,3,3,1,
1947,1,0.8566267490386963,5,5,1,
1948,1,0.838608980178833,4,4,1,
1949,1,0.8015320301055908,2,2,1,
1950,1,0.8245725631713867,8,8,1,
1951,1,0.7941100597381592,0,0,1,
1952,1,0.7835373878479004,5,5,1,
1953,1,0.8066339492797852,3,0,0,
1954,1,0.8051824569702148,7,7,1,
1955,1,0.8021712303161621,5,5,1,
1956,1,0.8551411628723145,1,1,1,
1957,1,0.836735725402832,0,0,1,
1958,1,0.8203432559967041,3,3,1,
1959,1,0.8369700908660889,9,9,1,
1960,1,0.8281126022338867,0,0,1,
1961,1,0.7376382350921631,5,5,1,
1962,1,0.8828403949737549,1,1,1,
1963,1,0.7959034442901611,9,1,0,
1964,1,0.8459980487823486,7,7,1,
1965,1,0.8125853538513184,5,3,0,
1966,1,0.8103890419006348,2,2,1,
1967,1,0.8116085529327393,3,3,1,
1968,1,0.8762311935424805,9,9,1,
1969,1,0.7897307872772217,5,3,0,
1970,1,0.8229069709777832,5,5,1,
1971,1,0.8260014057159424,8,8,1,
1972,1,0.786921501159668,8,8,1,
1973,1,0.8361318111419678,2,2,1,
1974,1,0.7297897338867188,6,6,1,
1975,1,0.8390548229217529,0,0,1,
1976,1,0.8335785865783691,9,9,1,
1977,1,0.8887472152709961,1,1,1,
1978,1,0.8248775005340576,0,0,1,
1979,1,0.7880876064300537,1,1,1,
1980,1,0.8343427181243896,9,9,1,
1981,1,0.8829872608184814,4,4,1,
1982,1,0.8202559947967529,4,4,1,
1983,1,0.7419977188110352,0,0,1,
1984,1,0.7795407772064209,4,4,1,
1985,1,0.8839383125305176,2,2,1,
1986,1,0.8426685333251953,7,7,1,
1987,1,0.8087363243103027,8,8,1,
1988,1,0.7909290790557861,5,5,1,
1989,1,0.7862377166748047,8,8,1,
1990,1,0.8415505886077881,0,0,1,
1991,1,0.8415331840515137,7,7,1,
1992,1,0.8316679000854492,5,5,1,
1993,1,0.7965869903564453,2,2,1,
1994,1,0.7875990867614746,5,7,0,
1995,1,0.8431830406188965,6,6,1,
1996,1,0.83573317527771,2,2,1,
1997,1,0.8473615646362305,5,6,0,
1998,1,0.7745556831359863,4,4,1,
1999,1,0.8420810699462891,9,9,1,
2000,1,0.7803349494934082,9,9,1,
2001,1,0.8253195285797119,2,2,1,
2002,1,0.8776888847351074,8,8,1,
2003,1,0.7933182716369629,0,8,0,
2004,1,0.8244185447692871,3,3,1,
2005,1,0.7809972763061523,1,1,1,
2006,1,0.7836754322052002,0,0,1,
2007,1,0.7445735931396484,3,3,1,
2008,1,0.8217878341674805,1,1,1,
2009,1,0.8480496406555176,2,2,1,
2010,1,0.7754700183868408,2,2,1,
2011,1,0.8797821998596191,2,5,0,
2012,1,0.8107142448425293,3,3,1,
2013,1,0.7664473056793213,4,4,1,
2014,1,0.7972846031188965,0,0,1,
2015,1,0.7454605102539062,5,3,0,
2016,1,0.8374035358428955,1,1,1,
2017,1,0.7679717540740967,4,4,1,
2018,1,0.7526805400848389,0,0,1,
2019,1,0.8827781677246094,6,6,1,
2020,1,0.8281452655792236,7,7,1,
2021,1,0.8383140563964844,3,3,1,
2022,1,0.7273943424224854,6,6,1,
2023,1,0.8381261825561523,2,2,1,
2024,1,0.8359739780426025,2,2,1,
2025,1,0.784064769744873,3,5,0,
2026,1,0.7379543781280518,9,9,1,
2027,1,0.8503341674804688,8,8,1,
2028,1,0.6849007606506348,9,9,1,
2029,1,0.8857252597808838,9,9,1,
2030,1,0.8125383853912354,5,5,1,
2031,1,0.8565645217895508,1,1,1,
2032,1,0.7813563346862793,3,6,0,
2033,1,0.8450429439544678,9,9,1,
2034,1,0.7760484218597412,8,8,1,
2035,1,0.7947394847869873,6,6,1,
2036,1,0.8301479816436768,5,5,1,
2037,1,0.8286898136138916,6,6,1,
2038,1,0.8324332237243652,6,6,1,
2039,1,0.7394609451293945,8,8,1,
2040,1,0.8226327896118164,0,0,1,
2041,1,0.8254821300506592,2,2,1,
2042,1,0.815589189529419,9,9,1,
2043,1,0.7947506904602051,4,4,1,
2044,1,0.789600133895874,9,9,1,
2045,1,0.8394491672515869,1,1,1,
2046,1,0.7921674251556396,6,6,1,
2047,1,0.7955396175384521,8,8,1,
2048,1,0.8192179203033447,7,7,1,
2049,1,0.7973179817199707,6,6,1,
2050,1,0.7720019817352295,2,2,1,
2051,1,0.787163257598877,3,3,1,
2052,1,0.8303916454315186,9,9,1,
2053,1,0.8322978019714355,6,6,1,
2054,1,0.8250958919525146,2,2,1,
2055,1,0.7909553050994873,9,9,1,
2056,1,0.8811900615692139,5,4,0,
2057,1,0.8500144481658936,5,4,0,
2058,1,0.8320586681365967,3,3,1,
2059,1,0.7820372581481934,5,5,1,
2060,1,0.8257846832275391,0,0,1,
2061,1,0.7819437980651855,2,2,1,
2062,1,0.8212285041809082,7,7,1,
2063,1,0.7881908416748047,1,1,1,
2064,1,0.8253192901611328,0,2,0,
2065,1,0.7968151569366455,9,9,1,
2066,1,0.8506178855895996,8,8,1,
2067,1,0.7914180755615234,0,0,1,
2068,1,0.8745889663696289,8,8,1,
2069,1,0.8254342079162598,1,1,1,
2070,1,0.7408304214477539,8,8,1,
2071,1,0.8835663795471191,5,5,1,
2072,1,0.8970389366149902,4,4,1,
2073,1,0.7393801212310791,9,9,1,
2074,1,0.8458902835845947,0,0,1,
2075,1,0.7845859527587891,9,9,1,
2076,1,0.8896100521087646,5,5,1,
2077,1,0.8420665264129639,3,3,1,
2078,1,0.8296205997467041,0,0,1,
2079,1,0.8380348682403564,9,9,1,
2080,1,0.7823219299316406,4,4,1,
2081,1,0.9260973930358887,7,7,1,
2082,1,0.8303453922271729,6,6,1,
2083,1,0.7410168647766113,8,8,1,
2084,1,0.8864099979400635,2,2,1,
2085,1,0.7870259284973145,5,5,1,
2086,1,0.7844047546386719,2,2,1,
2087,1,0.8385179042816162,0,0,1,
2088,1,0.786419153213501,4,4,1,
2089,1,0.833909273147583,0,0,1,
2090,1,0.8774187564849854,3,3,1,
2091,1,0.843062162399292,2,2,1,
2092,1,0.7967231273651123,6,6,1,
2093,1,0.8390412330627441,7,7,1,
2094,1,0.7476351261138916,5,5,1,
2095,1,0.9036712646484375,5,5,1,
2096,1,0.8139548301696777,3,3,1,
2097,1,0.8457117080688477,7,7,1,
2098,1,0.8828940391540527,3,2,0,
2099,1,0.789161205291748,3,3,1,
2100,1,0.8254904747009277,7,7,1,
2101,1,0.865952730178833,4,4,1,
2102,1,0.7897648811340332,3,3,1,
2103,1,0.8846163749694824,2,2,1,
2104,1,0.9066441059112549,9,9,1,
2105,1,0.838292121887207,5,5,1,
2106,1,0.827998161315918,1,1,1,
2107,1,0.833871603012085,8,8,1,
2108,1,0.8588206768035889,9,9,1,
2109,1,0.857609748840332,9,9,1,
2110,1,0.846348762512207,2,2,1,
2111,1,0.8243927955627441,8,8,1,
2112,1,0.8399074077606201,9,9,1,
2113,1,0.8449001312255859,5,3,0,
2114,1,0.8484983444213867,0,0,1,
2115,1,0.8310811519622803,9,9,1,
2116,1,0.8849480152130127,0,0,1,
2117,1,0.832909345626831,5,2,0,
2118,1,0.8476803302764893,9,9,1,
2119,1,0.8299057483673096,0,0,1,
2120,1,0.8299195766448975,8,8,1,
2121,1,0.777327299118042,9,9,1,
2122,1,0.8328931331634521,7,7,1,
2123,1,0.8816049098968506,9,9,1,
2124,1,0.8878297805786133,9,9,1,
2125,1,0.8404996395111084,2,3,0,
2126,1,0.7667303085327148,9,9,1,
2127,1,0.8681182861328125,9,1,0,
2128,1,0.8374505043029785,3,3,1,
2129,1,0.8350543975830078,6,6,1,
2130,1,0.7915630340576172,4,4,1,
2131,1,0.8874795436859131,2,2,1,
2132,1,0.8860766887664795,8,8,1,
2133,1,0.8285229206085205,9,9,1,
2134,1,0.793165922164917,8,8,1,
2135,1,0.7907602787017822,9,1,0,
2136,1,0.8431928157806396,2,3,0,
2137,1,0.8795511722564697,8,0,0,
2138,1,0.787743330001831,9,9,1,
2139,1,0.8197023868560791,2,2,1,
2140,1,0.8328604698181152,9,9,1,
2141,1,0.736285924911499,0,0,1,
2142,1,0.845588207244873,0,0,1,
2143,1,0.8334391117095947,7,7,1,
2144,1,0.7662289142608643,8,8,1,
2145,1,0.803025484085083,3,3,1,
2146,1,0.8145875930786133,7,7,1,
2147,1,0.7601208686828613,6,6,1,
2148,1,0.7842304706573486,6,6,1,
2149,1,0.8764877319335938,4,4,1,
2150,1,0.8328099250793457,2,0,0,
2151,1,0.7893691062927246,8,8,1,
2152,1,0.7889199256896973,1,1,1,
2153,1,0.8359813690185547,9,9,1,
2154,1,0.8067166805267334,4,4,1,
2155,1,0.7072880268096924,9,9,1,
2156,1,0.8387546539306641,5,5,1,
2157,1,0.7992496490478516,7,7,1,
2158,1,0.8338479995727539,1,1,1,
2159,1,0.8284990787506104,8,8,1,
2160,1,0.8370099067687988,2,2,1,
2161,1,0.7459280490875244,0,0,1,
2162,1,0.8900775909423828,8,8,1,
2163,1,0.7748181819915771,4,4,1,
2164,1,0.8416054248809814,9,9,1,
2165,1,0.7278985977172852,1,1,1,
2166,1,0.840958833694458,2,2,1,
2167,1,0.7802937030792236,8,8,1,
2168,1,0.838695764541626,8,1,0,
2169,1,0.7839386463165283,6,6,1,
2170,1,0.7992291450500488,2,2,1,
2171,1,0.8390145301818848,5,5,1,
2172,1,0.7923524379730225,5,3,0,
2173,1,0.8060777187347412,2,2,1,
2174,1,0.7878768444061279,4,4,1,
2175,1,0.829547643661499,8,8,1,
2176,1,0.8692495822906494,5,5,1,
2177,1,0.8302004337310791,2,2,1,
2178,1,0.7459440231323242,3,6,0,
2179,1,0.8385865688323975,8,8,1,
2180,1,0.885521650314331,5,5,1,
2181,1,0.7344200611114502,1,1,1,
2182,1,0.833979606628418,0,9,0,
2183,1,0.832233190536499,3,3,1,
2184,1,0.8312363624572754,6,6,1,
2185,1,0.7731831073760986,7,7,1,
2186,1,0.7549045085906982,5,5,1,
2187,1,0.834190845489502,4,4,1,
2188,1,0.8337228298187256,2,2,1,
2189,1,0.8775768280029297,9,9,1,
2190,1,0.8524227142333984,8,8,1,
2191,1,0.7544209957122803,7,7,1,
2192,1,0.8125777244567871,1,4,0,
2193,1,0.8267257213592529,1,1,1,
2194,1,0.8724155426025391,5,3,0,
2195,1,0.8860921859741211,5,5,1,
2196,1,0.8418624401092529,5,5,1,
2197,1,0.8353781700134277,6,6,1,
2198,1,0.7911524772644043,2,2,1,
2199,1,0.8057808876037598,8,8,1,
2200,1,0.769110918045044,0,0,1,
2201,1,0.7712266445159912,8,8,1,
2202,1,0.8271238803863525,8,8,1,
2203,1,0.8359858989715576,6,6,1,
2204,1,0.919569730758667,0,2,0,
2205,1,0.8295509815216064,3,3,1,
2206,1,0.8972198963165283,6,6,1,
2207,1,0.789069414138794,9,9,1,
2208,1,0.8513364791870117,0,0,1,
2209,1,0.8332226276397705,0,0,1,
2210,1,0.7977266311645508,1,1,1,
2211,1,0.7924864292144775,7,7,1,
2212,1,0.856205940246582,8,8,1,
2213,1,0.8347671031951904,9,9,1,
2214,1,0.7742061614990234,1,1,1,
2215,1,0.8827300071716309,4,4,1,
2216,1,0.8344132900238037,1,1,1,
2217,1,0.825526237487793,8,0,0,
2218,1,0.8356566429138184,0,0,1,
2219,1,0.7745635509490967,5,2,0,
2220,1,0.8346679210662842,9,9,1,
2221,1,0.8290703296661377,4,4,1,
2222,1,0.7941994667053223,0,9,0,
2223,1,0.8875772953033447,9,9,1,
2224,1,0.840050458908081,7,5,0,
2225,1,0.8214869499206543,8,8,1,
2226,1,0.8321328163146973,9,9,1,
2227,1,0.7860317230224609,9,9,1,
2228,1,0.879669189453125,5,5,1,
2229,1,0.8305246829986572,9,1,0,
2230,1,0.7987043857574463,9,9,1,
2231,1,0.8340749740600586,2,4,0,
2232,1,0.7985680103302002,0,0,1,
2233,1,0.7922801971435547,2,3,0,
2234,1,0.8410069942474365,7,7,1,
2235,1,0.8761467933654785,9,9,1,
2236,1,0.7922658920288086,7,7,1,
2237,1,0.8751258850097656,8,8,1,
2238,1,0.7397620677947998,7,7,1,
2239,1,0.8413872718811035,9,9,1,
2240,1,0.8134274482727051,3,3,1,
2241,1,0.7818984985351562,6,6,1,
2242,1,0.7900030612945557,9,9,1,
2243,1,0.872612476348877,9,9,1,
2244,1,0.7458593845367432,8,8,1,
2245,1,0.9248254299163818,7,7,1,
2246,1,0.8375039100646973,8,8,1,
2247,1,0.8776454925537109,6,6,1,
2248,1,0.794884204864502,0,0,1,
2249,1,0.8269383907318115,9,9,1,
2250,1,0.7979443073272705,4,4,1,
2251,1,0.7918384075164795,7,7,1,
2252,1,0.8362364768981934,5,3,0,
2253,1,0.8353607654571533,0,0,1,
2254,1,0.8349852561950684,1,1,1,
2255,1,0.7673752307891846,8,8,1,
2256,1,0.8372724056243896,7,7,1,
2257,1,0.8221147060394287,9,9,1,
2258,1,0.7717223167419434,1,1,1,
2259,1,0.8136568069458008,6,6,1,
2260,1,0.7848894596099854,1,1,1,
2261,1,0.8384661674499512,4,4,1,
2262,1,0.8443460464477539,4,4,1,
2263,1,0.8289065361022949,1,1,1,
2264,1,0.8351376056671143,0,0,1,
2265,1,0.788644552230835,1,1,1,
2266,1,0.9311208724975586,7,7,1,
2267,1,0.7854392528533936,0,0,1,
2268,1,0.7901957035064697,3,3,1,
2269,1,0.8215851783752441,4,4,1,
2270,1,0.8194308280944824,1,1,1,
2271,1,0.8436291217803955,6,6,1,
2272,1,0.8366403579711914,5,5,1,
2273,1,0.751312255859375,6,6,1,
2274,1,0.8440067768096924,9,9,1,
2275,1,0.8770394325256348,2,2,1,
2276,1,0.8549323081970215,7,7,1,
2277,1,0.7645256519317627,5,5,1,
2278,1,0.9068045616149902,8,8,1,
2279,1,0.8368768692016602,1,1,1,
2280,1,0.8251814842224121,4,4,1,
2281,1,0.8124213218688965,3,6,0,
2282,1,0.8799784183502197,0,0,1,
2283,1,0.7444572448730469,5,5,1,
2284,1,0.8008029460906982,9,9,1,
2285,1,0.7801053524017334,1,1,1,
2286,1,0.7919645309448242,2,2,1,
2287,1,0.8776278495788574,3,3,1,
2288,1,0.8810889720916748,9,9,1,
2289,1,0.7556321620941162,8,8,1,
2290,1,0.8672587871551514,1,1,1,
2291,1,0.7299182415008545,3,2,0,
2292,1,0.8621902465820312,5,5,1,
2293,1,0.8164234161376953,3,3,1,
2294,1,0.8517887592315674,3,3,1,
2295,1,0.7448794841766357,0,0,1,
2296,1,0.8857500553131104,0,0,1,
2297,1,0.8291709423065186,8,8,1,
2298,1,0.8039436340332031,9,9,1,
2299,1,0.8099870681762695,7,7,1,
2300,1,0.782036304473877,6,6,1,
2301,1,0.7815406322479248,2,2,1,
2302,1,0.8298835754394531,1,1,1,
2303,1,0.8818905353546143,5,5,1,
2304,1,0.8357300758361816,1,1,1,
2305,1,0.8296341896057129,6,6,1,
2306,1,0.7940573692321777,5,3,0,
2307,1,0.8315300941467285,5,5,1,
2308,1,0.8464581966400146,5,3,0,
2309,1,0.7931153774261475,2,2,1,
2310,1,0.8469748497009277,1,1,1,
2311,1,0.7972712516784668,8,2,0,
2312,1,0.9139363765716553,6,6,1,
2313,1,0.818958044052124,7,7,1,
2314,1,0.7934553623199463,1,1,1,
2315,1,0.7847974300384521,7,5,0,
2316,1,0.8479313850402832,8,8,1,
2317,1,0.8296775817871094,5,5,1,
2318,1,0.8293776512145996,4,4,1,
2319,1,0.8464877605438232,0,2,0,
2320,1,0.8443107604980469,5,5,1,
2321,1,0.8238916397094727,6,6,1,
2322,1,0.8050868511199951,2,2,1,
2323,1,0.7311699390411377,3,3,1,
2324,1,0.8458049297332764,5,3,0,
2325,1,0.8368690013885498,6,6,1,
2326,1,0.7925825119018555,2,3,0,
2327,1,0.8414783477783203,3,2,0,
2328,1,0.8271853923797607,3,3,1,
2329,1,0.8380012512207031,8,8,1,
2330,1,0.759005069732666,7,7,1,
2331,1,0.8468294143676758,8,8,1,
2332,1,0.9230611324310303,3,3,1,
2333,1,0.883915901184082,1,1,1,
2334,1,0.8585119247436523,2,2,1,
2335,1,0.8550283908843994,8,8,1,
2336,1,0.8326013088226318,6,6,1,
2337,1,0.8458447456359863,7,7,1,
2338,1,0.8637683391571045,7,7,1,
2339,1,0.7780539989471436,5,5,1,
2340,1,0.79544997215271,9,9,1,
2341,1,0.7236225605010986,1,1,1,
2342,1,0.9430274963378906,0,0,1,
2343,1,0.8368813991546631,6,6,1,
2344,1,0.8417243957519531,6,6,1,
2345,1,0.835895299911499,1,1,1,
2346,1,0.7927370071411133,3,3,1,
2347,1,0.8352117538452148,7,5,0,
2348,1,0.8915796279907227,9,9,1,
2349,1,0.9158768653869629,9,9,1,
2350,1,0.8866209983825684,7,7,1,
2351,1,0.7304291725158691,5,5,1,
2352,1,0.7993574142456055,6,6,1,
2353,1,0.8285095691680908,4,4,1,
2354,1,0.795172929763794,7,7,1,
2355,1,0.8342161178588867,1,1,1,
2356,1,0.8272569179534912,5,5,1,
2357,1,0.7994616031646729,1,1,1,
2358,1,0.8977229595184326,2,2,1,
2359,1,0.8795425891876221,8,8,1,
2360,1,0.8209719657897949,1,1,1,
2361,1,0.8305726051330566,4,4,1,
2362,1,0.8381602764129639,5,4,0,
2363,1,0.834923505783081,0,0,1,
2364,1,0.8922255039215088,6,6,1,
2365,1,0.8229589462280273,0,0,1,
2366,1,0.7892148494720459,3,3,1,
2367,1,0.835334062576294,5,3,0,
2368,1,0.848372220993042,5,3,0,
2369,1,0.8328397274017334,8,8,1,
2370,1,0.8572564125061035,4,4,1,
2371,1,0.8833565711975098,8,8,1,
2372,1,0.8335464000701904,7,7,1,
2373,1,0.8151772022247314,8,8,1,
2374,1,0.8393142223358154,8,8,1,
2375,1,0.8580248355865479,1,1,1,
2376,1,0.933941125869751,2,2,1,
2377,1,0.8316316604614258,4,4,1,
2378,1,0.8788895606994629,1,1,1,
2379,1,0.7888638973236084,1,1,1,
2380,1,0.7978050708770752,4,4,1,
2381,1,0.862342357635498,9,9,1,
2382,1,0.8539407253265381,8,8,1,
2383,1,0.9105932712554932,1,1,1,
2384,1,0.8849172592163086,7,7,1,
2385,1,0.824852466583252,6,6,1,
2386,1,0.7869343757629395,3,3,1,
2387,1,0.8838434219360352,1,1,1,
2388,1,0.7961671352386475,2,2,1,
2389,1,0.7802588939666748,1,1,1,
2390,1,0.8334143161773682,9,9,1,
2391,1,0.8146092891693115,8,8,1,
2392,1,0.8881409168243408,5,5,1,
2393,1,0.739051103591919,1,1,1,
2394,1,0.9000518321990967,2,2,1,
2395,1,0.8233699798583984,5,2,0,
2396,1,0.8711109161376953,6,3,0,
2397,1,0.7776837348937988,3,3,1,
2398,1,0.7981443405151367,4,4,1,
2399,1,0.9382474422454834,5,5,1,
2400,1,0.8032169342041016,5,5,1,
2401,1,0.7698347568511963,7,7,1,
2402,1,0.7764604091644287,5,5,1,
2403,1,0.8969371318817139,9,9,1,
2404,1,0.8117845058441162,7,7,1,
2405,1,0.8097701072692871,8,8,1,
2406,1,0.9362654685974121,2,2,1,
2407,1,0.8267581462860107,9,9,1,
2408,1,0.7464156150817871,0,0,1,
2409,1,0.7966504096984863,5,3,0,
2410,1,0.8528833389282227,7,7,1,
2411,1,0.8480954170227051,0,0,1,
2412,1,0.8241949081420898,9,9,1,
2413,1,0.778397798538208,8,8,1,
2414,1,0.8359365463256836,7,7,1,
2415,1,0.8212485313415527,6,6,1,
2416,1,0.7962203025817871,3,3,1,
2417,1,0.7876296043395996,6,6,1,
2418,1,0.7926421165466309,5,3,0,
2419,1,0.8244962692260742,4,4,1,
2420,1,0.8863232135772705,8,8,1,
2421,1,0.832068681716919,8,8,1,
2422,1,0.8208606243133545,4,4,1,
2423,1,0.8309555053710938,8,8,1,
2424,1,0.8353431224822998,9,9,1,
2425,1,0.7820439338684082,5,5,1,
2426,1,0.8393969535827637,5,3,0,
2427,1,0.9182131290435791,4,4,1,
2428,1,0.7911512851715088,0,0,1,
2429,1,0.8202009201049805,5,5,1,
2430,1,0.8454523086547852,4,4,1,
2431,1,0.7725582122802734,6,6,1,
2432,1,0.7879219055175781,4,4,1,
2433,1,0.8260986804962158,3,3,1,
2434,1,0.8359031677246094,4,4,1,
2435,1,0.8781156539916992,0,0,1,
2436,1,0.7431631088256836,0,0,1,
2437,1,0.7796595096588135,2,2,1,
2438,1,0.835486888885498,8,8,1,
2439,1,0.8358299732208252,2,6,0,
2440,1,0.7888987064361572,5,5,1,
2441,1,0.8855798244476318,4,4,1,
2442,1,0.9104533195495605,9,9,1,
2443,1,0.7550058364868164,8,8,1,
2444,1,0.826662540435791,2,2,1,
2445,1,0.8243601322174072,2,2,1,
2446,1,0.8109047412872314,2,2,1,
2447,1,0.8419053554534912,8,8,1,
2448,1,0.8193116188049316,8,8,1,
2449,1,0.8431689739227295,7,7,1,
2450,1,0.8376514911651611,7,7,1,
2451,1,0.7844486236572266,2,2,1,
2452,1,0.7800662517547607,2,2,1,
2453,1,0.8306369781494141,1,1,1,
2454,1,0.8491928577423096,3,3,1,
2455,1,0.9400699138641357,3,3,1,
2456,1,0.848503589630127,9,9,1,
2457,1,0.8373305797576904,1,1,1,
2458,1,0.781365156173706,8,8,1,
2459,1,0.8401803970336914,7,7,1,
2460,1,0.7903299331665039,6,6,1,
2461,1,0.9178407192230225,8,8,1,
2462,1,0.7728977203369141,0,0,1,
2463,1,0.7500379085540771,2,2,1,
2464,1,0.9284491539001465,7,4,0,
2465,1,0.9265809059143066,8,8,1,
2466,1,0.9064352512359619,7,7,1,
2467,1,0.8123290538787842,9,9,1,
2468,1,0.7907834053039551,9,9,1,
2469,1,0.7816512584686279,5,5,1,
2470,1,0.8446223735809326,8,8,1,
2471,1,0.8452291488647461,3,3,1,
2472,1,0.851884126663208,4,4,1,
2473,1,0.8322842121124268,4,4,1,
2474,1,0.7882585525512695,9,9,1,
2475,1,0.7934556007385254,1,1,1,
2476,1,0.8425884246826172,8,8,1,
2477,1,0.8370826244354248,2,2,1,
2478,1,0.8872573375701904,1,1,1,
2479,1,0.8506364822387695,9,9,1,
2480,1,0.8420782089233398,3,3,1,
2481,1,0.8516643047332764,7,7,1,
2482,1,0.8595685958862305,4,4,1,
2483,1,0.7976391315460205,5,5,1,
2484,1,0.8681130409240723,9,9,1,
2485,1,0.8782787322998047,9,9,1,
2486,1,0.7919347286224365,7,7,1,
2487,1,0.7850508689880371,9,9,1,
2488,1,0.8439536094665527,9,9,1,
2489,1,0.8351423740386963,4,4,1,
2490,1,0.8444132804870605,2,2,1,
2491,1,0.8306622505187988,6,6,1,
2492,1,0.8468606472015381,5,5,1,
2493,1,0.8314049243927002,5,5,1,
2494,1,0.784210205078125,6,6,1,
2495,1,0.7877895832061768,6,6,1,
2496,1,0.8433389663696289,0,0,1,
2497,1,0.8330104351043701,7,7,1,
2498,1,0.9365003108978271,8,9,0,
2499,1,0.7758917808532715,2,2,1,
2500,1,0.8423643112182617,1,1,1,
2501,1,0.8106997013092041,6,4,0,
2502,1,0.8744621276855469,4,4,1,
2503,1,0.8012824058532715,4,4,1,
2504,1,0.8433501720428467,7,7,1,
2505,1,0.7814548015594482,0,0,1,
2506,1,0.7946934700012207,3,4,0,
2507,1,0.8305950164794922,9,9,1,
2508,1,0.8721053600311279,3,6,0,
2509,1,0.8382346630096436,2,2,1,
2510,1,0.8836953639984131,0,0,1,
2511,1,0.730363130569458,9,9,1,
2512,1,0.7872231006622314,2,2,1,
2513,1,0.8187248706817627,6,6,1,
2514,1,0.8027095794677734,5,5,1,
2515,1,0.8317339420318604,7,7,1,
2516,1,0.8529143333435059,4,4,1,
2517,1,0.8455288410186768,4,4,1,
2518,1,0.8443326950073242,5,5,1,
2519,1,0.7815070152282715,0,0,1,
2520,1,0.8341670036315918,5,3,0,
2521,1,0.7574856281280518,6,3,0,
2522,1,0.8195557594299316,3,3,1,
2523,1,0.8365299701690674,0,0,1,
2524,1,0.8331222534179688,7,7,1,
2525,1,0.7866611480712891,8,8,1,
2526,1,0.8377029895782471,1,1,1,
2527,1,0.8349487781524658,9,9,1,
2528,1,0.8784959316253662,0,0,1,
2529,1,0.7952573299407959,5,5,1,
2530,1,0.8014388084411621,2,2,1,
2531,1,0.8181591033935547,6,6,1,
2532,1,0.8062942028045654,5,5,1,
2533,1,0.779477596282959,8,8,1,
2534,1,0.8421716690063477,9,9,1,
2535,1,0.8915979862213135,0,0,1,
2536,1,0.8136138916015625,6,6,1,
2537,1,0.8809170722961426,9,9,1,
2538,1,0.7442765235900879,4,4,1,
2539,1,0.7427327632904053,0,7,0,
2540,1,0.8359062671661377,9,9,1,
2541,1,0.7835140228271484,5,5,1,
2542,1,0.8333659172058105,8,8,1,
2543,1,0.776357889175415,1,1,1,
2544,1,0.8396966457366943,6,6,1,
2545,1,0.785968542098999,8,8,1,
2546,1,0.8403711318969727,0,0,1,
2547,1,0.7871370315551758,0,0,1,
2548,1,0.8314070701599121,4,4,1,
2549,1,0.7896311283111572,4,4,1,
2550,1,0.834176778793335,7,7,1,
2551,1,0.8589131832122803,6,6,1,
2552,1,0.7772326469421387,8,8,1,
2553,1,0.7841410636901855,9,9,1,
2554,1,0.8377346992492676,0,0,1,
2555,1,0.843513011932373,7,7,1,
2556,1,0.8594608306884766,5,6,0,
2557,1,0.7471778392791748,9,9,1,
2558,1,0.839374303817749,6,6,1,
2559,1,0.8248069286346436,1,1,1,
2560,1,0.8291749954223633,6,6,1,
2561,1,0.7330117225646973,9,9,1,
2562,1,0.9234635829925537,9,9,1,
2563,1,0.833378791809082,9,9,1,
2564,1,0.7949347496032715,6,6,1,
2565,1,0.8390371799468994,7,7,1,
2566,1,0.838219165802002,5,3,0,
2567,1,0.782921314239502,2,2,1,
2568,1,0.7884387969970703,3,3,1,
2569,1,0.8291654586791992,5,3,0,
2570,1,0.820950984954834,3,3,1,
2571,1,0.8786118030548096,8,8,1,
2572,1,0.8383152484893799,8,8,1,
2573,1,0.7744927406311035,2,2,1,
2574,1,0.8842668533325195,6,6,1,
2575,1,0.7283673286437988,0,0,1,
2576,1,0.7903122901916504,4,4,1,
2577,1,0.8310189247131348,2,2,1,
2578,1,0.8338031768798828,1,1,1,
2579,1,0.8257966041564941,5,5,1,
2580,1,0.8312327861785889,8,8,1,
2581,1,0.7430613040924072,5,3,0,
2582,1,0.8395154476165771,5,5,1,
2583,1,0.8334822654724121,1,1,1,
2584,1,0.8433794975280762,0,8,0,
2585,1,0.7723958492279053,5,5,1,
2586,1,0.8521742820739746,6,6,1,
2587,1,0.8477089405059814,3,9,0,
2588,1,0.8252453804016113,2,2,1,
2589,1,0.7874925136566162,4,4,1,
2590,1,0.7963199615478516,6,6,1,
2591,1,0.8052899837493896,5,5,1,
2592,1,0.8233942985534668,6,6,1,
2593,1,0.7924160957336426,5,5,1,
2594,1,0.8543171882629395,7,7,1,
2595,1,0.868976354598999,1,1,1,
2596,1,0.7878987789154053,3,3,1,
2597,1,0.8543102741241455,6,6,1,
2598,1,0.8463196754455566,7,7,1,
2599,1,0.8326132297515869,7,7,1,
2600,1,0.7949099540710449,4,4,1,
2601,1,0.8346052169799805,0,0,1,
2602,1,0.8357350826263428,7,7,1,
2603,1,0.7407169342041016,6,6,1,
2604,1,0.7529494762420654,8,9,0,
2605,1,0.9043858051300049,2,4,0,
2606,1,0.8378195762634277,5,5,1,
2607,1,0.8328373432159424,4,4,1,
2608,1,0.8762848377227783,6,6,1,
2609,1,0.7718663215637207,9,9,1,
2610,1,0.7935695648193359,3,3,1,
2611,1,0.7798285484313965,5,5,1,
2612,1,0.7981784343719482,2,6,0,
2613,1,0.7805740833282471,0,0,1,
2614,1,0.7912263870239258,9,9,1,
2615,1,0.7755870819091797,2,2,1,
2616,1,0.8824670314788818,8,8,1,
2617,1,0.8268170356750488,5,5,1,
2618,1,0.8181848526000977,6,6,1,
2619,1,0.7640388011932373,8,8,1,
2620,1,0.7757420539855957,7,7,1,
2621,1,0.912085771560669,4,4,1,
2622,1,0.7461953163146973,5,5,1,
2623,1,0.8241052627563477,5,5,1,
2624,1,0.7956957817077637,7,7,1,
2625,1,0.7806367874145508,0,0,1,
2626,1,0.8561999797821045,9,9,1,
2627,1,0.8380258083343506,5,5,1,
2628,1,0.8635122776031494,8,8,1,
2629,1,0.8337936401367188,3,3,1,
2630,1,0.8800804615020752,4,4,1,
2631,1,0.7763242721557617,9,9,1,
2632,1,0.8019516468048096,9,9,1,
2633,1,0.8700146675109863,2,2,1,
2634,1,0.8428008556365967,2,2,1,
2635,1,0.740588903427124,4,4,1,
2636,1,0.8222153186798096,3,3,1,
2637,1,0.8325588703155518,8,8,1,
2638,1,0.8358831405639648,6,6,1,
2639,1,0.7905776500701904,5,5,1,
2640,1,0.7623414993286133,9,9,1,
2641,1,0.8322956562042236,5,3,0,
2642,1,0.8388035297393799,6,6,1,
2643,1,0.7937049865722656,3,3,1,
2644,1,0.8433287143707275,7,7,1,
2645,1,0.8195507526397705,7,7,1,
2646,1,0.8509998321533203,5,5,1,
2647,1,0.7599835395812988,2,2,1,
2648,1,0.9023611545562744,1,1,1,
2649,1,0.8400149345397949,5,5,1,
2650,1,0.8468437194824219,8,8,1,
2651,1,0.8419923782348633,0,0,1,
2652,1,0.8140521049499512,9,9,1,
2653,1,0.7894823551177979,8,8,1,
2654,1,0.830277681350708,5,3,0,
2655,1,0.8356149196624756,2,2,1,
2656,1,0.7892563343048096,3,3,1,
2657,1,0.9279065132141113,1,1,1,
2658,1,0.7885017395019531,4,4,1,
2659,1,0.8117473125457764,1,1,1,
2660,1,0.8797910213470459,3,3,1,
2661,1,0.783470630645752,7,7,1,
2662,1,0.8879668712615967,3,3,1,
2663,1,0.7832064628601074,6,6,1,
2664,1,0.8299291133880615,9,9,1,
2665,1,0.7891952991485596,0,0,1,
2666,1,0.8467814922332764,9,9,1,
2667,1,0.7587790489196777,0,0,1,
2668,1,0.8389651775360107,3,3,1,
2669,1,0.8660902976989746,9,9,1,
2670,1,0.789482831954956,5,5,1,
2671,1,0.8778741359710693,0,0,1,
2672,1,0.8857948780059814,6,6,1,
2673,1,0.823803186416626,4,3,0,
2674,1,0.7529497146606445,5,3,0,
2675,1,0.8861637115478516,8,8,1,
2676,1,0.7854049205780029,0,0,1,
2677,1,0.8363783359527588,7,7,1,
2678,1,0.8850605487823486,0,0,1,
2679,1,0.7774319648742676,8,8,1,
2680,1,0.8904883861541748,1,1,1,
2681,1,0.8727037906646729,5,5,1,
2682,1,0.8405530452728271,8,1,0,
2683,1,0.8278844356536865,9,9,1,
2684,1,0.7874066829681396,7,7,1,
2685,1,0.8287644386291504,1,1,1,
2686,1,0.7898857593536377,9,9,1,
2687,1,0.8795695304870605,1,9,0,
2688,1,0.8165414333343506,9,9,1,
2689,1,0.7457587718963623,9,0,0,
2690,1,0.8439171314239502,5,3,0,
2691,1,0.7850136756896973,3,3,1,
2692,1,0.8706114292144775,1,1,1,
2693,1,0.794508695602417,2,2,1,
2694,1,0.9396178722381592,7,7,1,
2695,1,0.8301568031311035,0,0,1,
2696,1,0.780602216720581,0,0,1,
2697,1,0.7368361949920654,3,3,1,
2698,1,0.850522518157959,4,4,1,
2699,1,0.8803718090057373,7,7,1,
2700,1,0.7883543968200684,0,0,1,
2701,1,0.8275527954101562,1,1,1,
2702,1,0.8549849987030029,5,3,0,
2703,1,0.8322296142578125,7,7,1,
2704,1,0.7903966903686523,1,1,1,
2705,1,0.7260472774505615,8,8,1,
2706,1,0.9357352256774902,8,8,1,
2707,1,0.8246190547943115,6,6,1,
2708,1,0.8360419273376465,1,1,1,
2709,1,0.7359163761138916,1,1,1,
2710,1,0.8689179420471191,0,0,1,
2711,1,0.8862144947052002,4,4,1,
2712,1,0.7968072891235352,2,2,1,
2713,1,0.8171079158782959,3,3,1,
2714,1,0.8318095207214355,0,8,0,
2715,1,0.7830393314361572,4,4,1,
2716,1,0.8427231311798096,8,8,1,
2717,1,0.8294811248779297,4,4,1,
2718,1,0.7538344860076904,0,0,1,
2719,1,0.8807146549224854,2,2,1,
2720,1,0.8380227088928223,2,2,1,
2721,1,0.8843770027160645,0,0,1,
2722,1,0.8398468494415283,8,8,1,
2723,1,0.7721729278564453,5,5,1,
2724,1,0.9153223037719727,3,3,1,
2725,1,0.8298776149749756,4,4,1,
2726,1,0.7967779636383057,0,0,1,
2727,1,0.837162971496582,6,6,1,
2728,1,0.8396310806274414,2,2,1,
2729,1,0.7761101722717285,9,9,1,
2730,1,0.7870254516601562,1,1,1,
2731,1,0.7891712188720703,7,7,1,
2732,1,0.8363077640533447,5,5,1,
2733,1,0.8199722766876221,9,9,1,
2734,1,0.8874180316925049,8,8,1,
2735,1,0.787609338760376,9,9,1,
2736,1,0.7941546440124512,2,2,1,
2737,1,0.8437156677246094,8,8,1,
2738,1,0.8353629112243652,5,3,0,
2739,1,0.8872458934783936,5,3,0,
2740,1,0.7491779327392578,4,4,1,
2741,1,0.8334639072418213,4,4,1,
2742,1,0.7868595123291016,1,1,1,
2743,1,0.7886974811553955,6,6,1,
2744,1,0.837597131729126,0,0,1,
2745,1,0.880866527557373,3,3,1,
2746,1,0.8023951053619385,9,9,1,
2747,1,0.8871212005615234,2,2,1,
2748,1,0.8261682987213135,3,3,1,
2749,1,0.8752377033233643,5,6,0,
2750,1,0.8121287822723389,0,0,1,
2751,1,0.847609281539917,5,5,1,
2752,1,0.8264942169189453,5,4,0,
2753,1,0.8342294692993164,8,8,1,
2754,1,0.7851793766021729,5,5,1,
2755,1,0.8569281101226807,4,4,1,
2756,1,0.8495111465454102,9,9,1,
2757,1,0.8259994983673096,5,5,1,
2758,1,0.788475513458252,0,0,1,
2759,1,0.783308744430542,7,7,1,
2760,1,0.9320967197418213,0,0,1,
2761,1,0.7377660274505615,5,3,0,
2762,1,0.8293983936309814,3,5,0,
2763,1,0.8259544372558594,5,5,1,
2764,1,0.8386318683624268,9,9,1,
2765,1,0.7820656299591064,4,4,1,
2766,1,0.8467123508453369,1,1,1,
2767,1,0.7689471244812012,8,8,1,
2768,1,0.834026575088501,1,1,1,
2769,1,0.8292500972747803,1,1,1,
2770,1,0.7532765865325928,6,6,1,
2771,1,0.7966852188110352,6,6,1,
2772,1,0.8373041152954102,8,8,1,
2773,1,0.8556661605834961,9,1,0,
2774,1,0.8148167133331299,7,7,1,
2775,1,0.8294949531555176,5,3,0,
2776,1,0.7367377281188965,9,9,1,
2777,1,0.8741333484649658,7,7,1,
2778,1,0.8357646465301514,7,4,0,
2779,1,0.8327910900115967,9,9,1,
2780,1,0.7849583625793457,5,5,1,
2781,1,0.7232379913330078,8,8,1,
2782,1,0.8867576122283936,1,1,1,
2783,1,0.8253798484802246,3,3,1,
2784,1,0.7909131050109863,0,0,1,
2785,1,0.7860915660858154,0,0,1,
2786,1,0.8505470752716064,6,6,1,
2787,1,0.8567285537719727,5,5,1,
2788,1,0.8395261764526367,9,9,1,
2789,1,0.8673379421234131,1,1,1,
2790,1,0.8024826049804688,0,0,1,
2791,1,0.759099006652832,2,2,1,
2792,1,0.8477938175201416,0,0,1,
2793,1,0.7950527667999268,1,1,1,
2794,1,0.7534828186035156,9,9,1,
2795,1,0.7851948738098145,7,7,1,
2796,1,0.8205122947692871,1,1,1,
2797,1,0.8481545448303223,9,9,1,
2798,1,0.845881462097168,2,2,1,
2799,1,0.8238725662231445,6,6,1,
2800,1,0.8581452369689941,2,2,1,
2801,1,0.8794207572937012,5,5,1,
2802,1,0.7970821857452393,9,9,1,
2803,1,0.8346681594848633,0,0,1,
2804,1,0.8312885761260986,4,4,1,
2805,1,0.8234148025512695,9,9,1,
2806,1,0.7979261875152588,5,5,1,
2807,1,0.8718380928039551,2,2,1,
2808,1,0.8318850994110107,6,6,1,
2809,1,0.8309540748596191,9,9,1,
2810,1,0.8803262710571289,9,9,1,
2811,1,0.7810506820678711,7,7,1,
2812,1,0.8488857746124268,8,8,1,
2813,1,0.7749006748199463,5,6,0,
2814,1,0.7797274589538574,5,5,1,
2815,1,0.8429834842681885,5,6,0,
2816,1,0.8624584674835205,6,6,1,
2817,1,0.7813043594360352,1,1,1,
2818,1,0.8326551914215088,3,5,0,
2819,1,0.8840651512145996,3,3,1,
2820,1,0.8456242084503174,1,1,1,
2821,1,0.8311059474945068,0,0,1,
2822,1,0.8208029270172119,9,1,0,
2823,1,0.7419171333312988,4,4,1,
2824,1,0.846071720123291,7,4,0,
2825,1,0.8810598850250244,8,8,1,
2826,1,0.8752508163452148,2,2,1,
2827,1,0.8044586181640625,3,0,0,
2828,1,0.7884128093719482,7,7,1,
2829,1,0.791424036026001,4,6,0,
2830,1,0.8717942237854004,9,9,1,
2831,1,0.764836311340332,1,1,1,
2832,1,0.8927114009857178,6,6,1,
2833,1,0.917194128036499,0,0,1,
2834,1,0.8003964424133301,0,0,1,
2835,1,0.7874126434326172,7,7,1,
2836,1,0.8455276489257812,2,2,1,
2837,1,0.8400423526763916,8,8,1,
2838,1,0.8835082054138184,4,4,1,
2839,1,0.7917273044586182,4,4,1,
2840,1,0.8358232975006104,2,2,1,
2841,1,0.7869985103607178,5,5,1,
2842,1,0.7968504428863525,8,8,1,
2843,1,0.7507467269897461,5,5,1,
2844,1,0.9007329940795898,5,5,1,
2845,1,0.8258299827575684,2,2,1,
2846,1,0.8815944194793701,9,9,1,
2847,1,0.7824289798736572,7,7,1,
2848,1,0.8315775394439697,2,2,1,
2849,1,0.8856556415557861,5,3,0,
2850,1,0.8262054920196533,4,4,1,
2851,1,0.7805666923522949,5,5,1,
2852,1,0.8380191326141357,5,5,1,
2853,1,0.8298313617706299,7,7,1,
2854,1,0.7873795032501221,2,2,1,
2855,1,0.8356826305389404,0,0,1,
2856,1,0.8787016868591309,0,0,1,
2857,1,0.8876311779022217,2,2,1,
2858,1,0.845867395401001,2,2,1,
2859,1,0.8436946868896484,2,5,0,
2860,1,0.7774927616119385,6,6,1,
2861,1,0.8237223625183105,7,7,1,
2862,1,0.8611245155334473,1,1,1,
2863,1,0.8343138694763184,9,9,1,
2864,1,0.8333003520965576,6,6,1,
2865,1,0.8502483367919922,1,1,1,
2866,1,0.9154553413391113,7,7,1,
2867,1,0.7928969860076904,9,9,1,
2868,1,0.7356753349304199,3,3,1,
2869,1,0.8818271160125732,9,9,1,
2870,1,0.826446533203125,0,0,1,
2871,1,0.8408300876617432,6,6,1,
2872,1,0.78556227684021,6,6,1,
2873,1,0.8500127792358398,8,8,1,
2874,1,0.7369499206542969,3,3,1,
2875,1,0.8349761962890625,2,2,1,
2876,1,0.8303642272949219,2,0,0,
2877,1,0.831993818283081,2,2,1,
2878,1,0.8293540477752686,7,7,1,
2879,1,0.752190113067627,0,0,1,
2880,1,0.7895715236663818,4,4,1,
2881,1,0.8448376655578613,3,3,1,
2882,1,0.83270263671875,2,2,1,
2883,1,0.7879810333251953,4,4,1,
2884,1,0.8096358776092529,8,8,1,
2885,1,0.8194139003753662,8,8,1,
2886,1,0.7440593242645264,8,8,1,
2887,1,0.9132158756256104,0,0,1,
2888,1,0.7888329029083252,7,0,0,
2889,1,0.8315279483795166,9,9,1,
2890,1,0.8542673587799072,1,1,1,
2891,1,0.81333327293396,9,7,0,
2892,1,0.8735315799713135,4,4,1,
2893,1,0.7883145809173584,8,8,1,
2894,1,0.8792107105255127,7,7,1,
2895,1,0.8375873565673828,3,3,1,
2896,1,0.7780342102050781,8,8,1,
2897,1,0.8350050449371338,8,8,1,
2898,1,0.7880723476409912,2,0,0,
2899,1,0.8304126262664795,5,5,1,
2900,1,0.789740800857544,0,2,0,
2901,1,0.7737514972686768,9,9,1,
2902,1,0.836428165435791,7,3,0,
2903,1,0.8250761032104492,0,0,1,
2904,1,0.7791762351989746,7,7,1,
2905,1,0.7345030307769775,8,9,0,
2906,1,0.8560237884521484,8,8,1,
2907,1,0.795231819152832,9,9,1,
2908,1,0.7451400756835938,5,5,1,
2909,1,0.8491811752319336,8,8,1,
2910,1,0.7311720848083496,9,9,1,
2911,1,0.8813364505767822,2,2,1,
2912,1,0.7884583473205566,0,0,1,
2913,1,0.7801249027252197,5,5,1,
2914,1,0.7957675457000732,8,8,1,
2915,1,0.8346483707427979,7,7,1,
2916,1,0.8014004230499268,8,8,1,
2917,1,0.8068966865539551,5,7,0,
2918,1,0.7969958782196045,4,4,1,
2919,1,0.8049502372741699,0,0,1,
2920,1,0.7862324714660645,7,7,1,
2921,1,0.8573548793792725,3,4,0,
2922,1,0.7069282531738281,1,1,1,
2923,1,0.7445254325866699,6,6,1,
2924,1,0.879709005355835,8,8,1,
2925,1,0.7925944328308105,8,8,1,
2926,1,0.7353894710540771,8,8,1,
2927,1,0.8344593048095703,3,6,0,
2928,1,0.8705053329467773,1,1,1,
2929,1,0.7971982955932617,0,0,1,
2930,1,0.8300344944000244,1,1,1,
2931,1,0.8417873382568359,5,5,1,
2932,1,0.8729429244995117,9,9,1,
2933,1,0.7893943786621094,7,7,1,
2934,1,0.822580099105835,3,3,1,
2935,1,0.7909884452819824,8,3,0,
2936,1,0.8337557315826416,8,3,0,
2937,1,0.8562076091766357,7,7,1,
2938,1,0.773888349533081,1,1,1,
2939,1,0.8007566928863525,9,9,1,
2940,1,0.8065140247344971,5,5,1,
2941,1,0.8358910083770752,4,4,1,
2942,1,0.7340898513793945,0,0,1,
2943,1,0.8433473110198975,2,2,1,
2944,1,0.927018404006958,7,4,0,
2945,1,0.8405985832214355,3,3,1,
2946,1,0.829430341720581,7,7,1,
2947,1,0.8351747989654541,2,4,0,
2948,1,0.829641580581665,3,6,0,
2949,1,0.8190975189208984,0,0,1,
2950,1,0.7849142551422119,9,9,1,
2951,1,0.7929155826568604,1,1,1,
2952,1,0.8191084861755371,1,1,1,
2953,1,0.8455009460449219,9,9,1,
2954,1,0.859799861907959,7,7,1,
2955,1,0.7408730983734131,8,8,1,
2956,1,0.8791980743408203,3,3,1,
2957,1,0.8284668922424316,7,7,1,
2958,1,0.8288908004760742,9,9,1,
2959,1,0.8306617736816406,5,3,0,
2960,1,0.8428778648376465,3,3,1,
2961,1,0.7913544178009033,5,3,0,
2962,1,0.8210570812225342,1,6,0,
2963,1,0.8399994373321533,3,3,1,
2964,1,0.7770442962646484,5,5,1,
2965,1,0.8324007987976074,4,4,1,
2966,1,0.8221824169158936,5,5,1,
2967,1,0.7886192798614502,2,2,1,
2968,1,0.748298168182373,7,7,1,
2969,1,0.8668773174285889,4,4,1,
2970,1,0.7811012268066406,9,9,1,
2971,1,0.823829174041748,9,9,1,
2972,1,0.794379472732544,0,5,0,
2973,1,0.788841962814331,9,9,1,
2974,1,0.8295753002166748,5,3,0,
2975,1,0.8958628177642822,6,6,1,
2976,1,0.7336111068725586,9,9,1,
2977,1,0.8393354415893555,5,6,0,
2978,1,0.6905367374420166,4,4,1,
2979,1,0.7970170974731445,4,4,1,
2980,1,0.7843742370605469,5,5,1,
2981,1,0.794877290725708,4,4,1,
2982,1,0.7935841083526611,7,4,0,
2983,1,0.7878477573394775,7,7,1,
2984,1,0.872830867767334,2,2,1,
2985,1,0.7382781505584717,9,9,1,
2986,1,0.7846581935882568,5,4,0,
2987,1,0.8395397663116455,8,8,1,
2988,1,0.8860867023468018,0,0,1,
2989,1,0.7853126525878906,3,3,1,
2990,1,0.8253889083862305,7,7,1,
2991,1,0.8109126091003418,1,1,1,
2992,1,0.739605188369751,5,2,0,
2993,1,0.8747775554656982,8,8,1,
2994,1,0.7756741046905518,4,4,1,
2995,1,0.7831969261169434,6,6,1,
2996,1,0.831425666809082,8,8,1,
2997,1,0.8409361839294434,5,2,0,
2998,1,0.7753262519836426,5,5,1,
2999,1,0.7917015552520752,2,3,0,
3000,1,0.7722973823547363,5,5,1,
3001,1,0.7899408340454102,8,8,1,
3002,1,0.7676045894622803,1,1,1,
3003,1,0.7920346260070801,6,6,1,
3004,1,0.764197587966919,8,8,1,
3005,1,0.7991693019866943,9,1,0,
3006,1,0.7723746299743652,2,2,1,
3007,1,0.8535499572753906,1,1,1,
3008,1,0.74786376953125,0,0,1,
3009,1,0.7914702892303467,4,4,1,
3010,1,0.7805097103118896,5,6,0,
3011,1,0.7945640087127686,5,5,1,
3012,1,0.7821307182312012,0,0,1,
3013,1,0.832301139831543,3,3,1,
3014,1,0.8357563018798828,2,2,1,
3015,1,0.816659688949585,0,0,1,
3016,1,0.7965998649597168,5,5,1,
3017,1,0.8035168647766113,4,4,1,
3018,1,0.8432478904724121,7,7,1,
3019,1,0.7903687953948975,9,9,1,
3020,1,0.8631362915039062,8,8,1,
3021,1,0.7947869300842285,5,5,1,
3022,1,0.884742259979248,7,7,1,
3023,1,0.8390805721282959,8,8,1,
3024,1,0.8280351161956787,9,9,1,
3025,1,0.7467079162597656,1,1,1,
3026,1,0.7923438549041748,1,0,0,
3027,1,0.912071704864502,1,1,1,
3028,1,0.7324674129486084,8,8,1,
3029,1,0.8966197967529297,7,7,1,
3030,1,0.8366255760192871,8,8,1,
3031,1,0.878856897354126,4,4,1,
3032,1,0.7603805065155029,0,0,1,
3033,1,0.8106238842010498,3,3,1,
3034,1,0.8636503219604492,2,2,1,
3035,1,0.7713088989257812,1,1,1,
3036,1,0.7757751941680908,2,2,1,
3037,1,0.8257031440734863,6,6,1,
3038,1,0.8607995510101318,5,5,1,
3039,1,0.7901279926300049,9,9,1,
3040,1,0.8302547931671143,2,2,1,
3041,1,0.7601370811462402,2,2,1,
3042,1,0.9203274250030518,9,9,1,
3043,1,0.7735986709594727,4,4,1,
3044,1,0.778771162033081,5,4,0,
3045,1,0.8371224403381348,1,1,1,
3046,1,0.802302360534668,3,3,1,
3047,1,0.8347139358520508,5,5,1,
3048,1,0.8264150619506836,3,3,1,
3049,1,0.838376522064209,8,8,1,
3050,1,0.7765159606933594,3,3,1,
3051,1,0.8260412216186523,6,6,1,
3052,1,0.7863743305206299,5,3,0,
3053,1,0.8469488620758057,5,5,1,
3054,1,0.8436498641967773,5,5,1,
3055,1,0.8266756534576416,9,9,1,
3056,1,0.8110125064849854,5,5,1,
3057,1,0.8213434219360352,4,4,1,
3058,1,0.7858359813690186,1,1,1,
3059,1,0.8064103126525879,5,5,1,
3060,1,0.876279354095459,7,7,1,
3061,1,0.827643632888794,5,5,1,
3062,1,0.7925872802734375,5,5,1,
3063,1,0.8608860969543457,9,9,1,
3064,1,0.8306066989898682,0,0,1,
3065,1,0.8001189231872559,4,4,1,
3066,1,0.893559455871582,8,8,1,
3067,1,0.7425286769866943,4,4,1,
3068,1,0.8087117671966553,0,0,1,
3069,1,0.8353314399719238,1,1,1,
3070,1,0.7755439281463623,9,9,1,
3071,1,0.8782155513763428,9,9,1,
3072,1,0.7811281681060791,8,8,1,
3073,1,0.8935859203338623,6,6,1,
3074,1,0.7288897037506104,6,6,1,
3075,1,0.7856380939483643,6,6,1,
3076,1,0.8387947082519531,5,5,1,
3077,1,0.8084733486175537,8,8,1,
3078,1,0.7875204086303711,3,3,1,
3079,1,0.8325786590576172,6,6,1,
3080,1,0.7818114757537842,7,7,1,
3081,1,0.8276591300964355,0,0,1,
3082,1,0.8351998329162598,3,3,1,
3083,1,0.832298755645752,1,1,1,
3084,1,0.7831037044525146,1,1,1,
3085,1,0.8475863933563232,4,4,1,
3086,1,0.7691941261291504,2,2,1,
3087,1,0.7100515365600586,8,8,1,
3088,1,0.7520549297332764,8,8,1,
3089,1,0.8336079120635986,2,2,1,
3090,1,0.7821857929229736,9,9,1,
3091,1,0.8390240669250488,8,8,1,
3092,1,0.8289406299591064,3,3,1,
3093,1,0.865851640701294,5,5,1,
3094,1,0.7470335960388184,0,0,1,
3095,1,0.78800368309021,7,7,1,
3096,1,0.7805502414703369,0,0,1,
3097,1,0.796189546585083,3,3,1,
3098,1,0.815220832824707,7,7,1,
3099,1,0.7896320819854736,9,0,0,
3100,1,0.8305914402008057,4,4,1,
3101,1,0.794036865234375,5,5,1,
3102,1,0.7689757347106934,9,1,0,
3103,1,0.8373878002166748,9,9,1,
3104,1,0.7823560237884521,4,1,0,
3105,1,0.8001677989959717,9,9,1,
3106,1,0.8243734836578369,1,1,1,
3107,1,0.822990894317627,2,2,1,
3108,1,0.7907061576843262,2,2,1,
3109,1,0.8277442455291748,7,7,1,
3110,1,0.8191440105438232,5,5,1,
3111,1,0.798724889755249,1,1,1,
3112,1,0.7890963554382324,1,1,1,
3113,1,0.8039693832397461,1,1,1,
3114,1,0.8423149585723877,7,7,1,
3115,1,0.85347580909729,7,7,1,
3116,1,0.795147180557251,6,6,1,
3117,1,0.8339495658874512,8,8,1,
3118,1,0.7839515209197998,0,0,1,
3119,1,0.8616020679473877,4,4,1,
3120,1,0.8023097515106201,1,1,1,
3121,1,0.8300645351409912,1,1,1,
3122,1,0.8386020660400391,8,8,1,
3123,1,0.8437175750732422,1,1,1,
3124,1,0.8081574440002441,4,4,1,
3125,1,0.8763222694396973,0,0,1,
3126,1,0.7805895805358887,5,5,1,
3127,1,0.7883059978485107,5,5,1,
3128,1,0.8297586441040039,0,0,1,
3129,1,0.7456250190734863,6,6,1,
3130,1,0.8220963478088379,1,1,1,
3131,1,0.7983810901641846,0,0,1,
3132,1,0.871628999710083,5,5,1,
3133,1,0.7871661186218262,5,5,1,
3134,1,0.8291270732879639,8,8,1,
3135,1,0.8429548740386963,6,6,1,
3136,1,0.822659969329834,4,4,1,
3137,1,0.7424955368041992,3,3,1,
3138,1,0.7817659378051758,7,7,1,
3139,1,0.7366187572479248,2,2,1,
3140,1,0.829655647277832,5,5,1,
3141,1,0.8337962627410889,4,4,1,
3142,1,0.7390317916870117,1,1,1,
3143,1,0.8422935009002686,9,9,1,
3144,1,0.836951494216919,2,2,1,
3145,1,0.7804253101348877,1,1,1,
3146,1,0.7772748470306396,3,3,1,
3147,1,0.8439328670501709,0,0,1,
3148,1,0.7328689098358154,6,6,1,
3149,1,0.7913699150085449,1,1,1,
3150,1,0.7795560359954834,2,2,1,
3151,1,0.8361539840698242,0,0,1,
3152,1,0.8347170352935791,7,3,0,
3153,1,0.7906978130340576,3,3,1,
3154,1,0.8339695930480957,3,3,1,
3155,1,0.8490333557128906,7,7,1,
3156,1,0.8387196063995361,2,2,1,
3157,1,0.8349757194519043,3,3,1,
3158,1,0.8383877277374268,8,8,1,
3159,1,0.8212687969207764,6,6,1,
3160,1,0.8320233821868896,8,8,1,
3161,1,0.7946827411651611,9,9,1,
3162,1,0.8211376667022705,6,6,1,
3163,1,0.800656795501709,8,8,1,
3164,1,0.8324489593505859,0,3,0,
3165,1,0.8568506240844727,3,3,1,
3166,1,0.8123049736022949,9,0,0,
3167,1,0.7835643291473389,0,6,0,
3168,1,0.8317413330078125,1,1,1,
3169,1,0.8794229030609131,9,9,1,
3170,1,0.8046061992645264,6,6,1,
3171,1,0.807680606842041,0,0,1,
3172,1,0.8267683982849121,0,0,1,
3173,1,0.8275833129882812,6,6,1,
3174,1,0.7857708930969238,5,5,1,
3175,1,0.8019328117370605,1,1,1,
3176,1,0.8421368598937988,1,1,1,
3177,1,0.7973747253417969,1,1,1,
3178,1,0.8193881511688232,3,3,1,
3179,1,0.8449175357818604,6,6,1,
3180,1,0.8535704612731934,0,0,1,
3181,1,0.8086636066436768,5,5,1,
3182,1,0.7303252220153809,7,7,1,
3183,1,0.842188835144043,0,0,1,
3184,1,0.8280129432678223,6,6,1,
3185,1,0.8668558597564697,5,5,1,
3186,1,0.8336763381958008,5,3,0,
3187,1,0.7961142063140869,7,7,1,
3188,1,0.8339407444000244,6,6,1,
3189,1,0.8423793315887451,7,7,1,
3190,1,0.7948732376098633,1,1,1,
3191,1,0.7961976528167725,0,3,0,
3192,1,0.830467939376831,5,5,1,
3193,1,0.7902078628540039,6,6,1,
3194,1,0.8327920436859131,3,3,1,
3195,1,0.8248472213745117,3,3,1,
3196,1,0.8669891357421875,8,8,1,
3197,1,0.7476320266723633,3,3,1,
3198,1,0.7818267345428467,2,2,1,
3199,1,0.8412117958068848,5,5,1,
3200,1,0.806588888168335,6,6,1,
3201,1,0.7823145389556885,5,5,1,
3202,1,0.8298485279083252,8,8,1,
3203,1,0.8485066890716553,9,9,1,
3204,1,0.8356873989105225,0,0,1,
3205,1,0.8491988182067871,1,1,1,
3206,1,0.8472697734832764,9,9,1,
3207,1,0.8229713439941406,9,9,1,
3208,1,0.8319952487945557,2,2,1,
3209,1,0.8526432514190674,7,7,1,
3210,1,0.8825936317443848,6,6,1,
3211,1,0.8652710914611816,8,8,1,
3212,1,0.790776252746582,2,2,1,
3213,1,0.8150646686553955,9,9,1,
3214,1,0.8525457382202148,5,3,0,
3215,1,0.8018362522125244,2,5,0,
3216,1,0.8898425102233887,9,9,1,
3217,1,0.844174861907959,4,5,0,
3218,1,0.821491003036499,1,1,1,
3219,1,0.8767695426940918,6,6,1,
3220,1,0.8308031558990479,8,8,1,
3221,1,0.7936644554138184,9,9,1,
3222,1,0.8333961963653564,0,0,1,
3223,1,0.7684993743896484,3,0,0,
3224,1,0.8821370601654053,0,0,1,
3225,1,0.8264415264129639,0,0,1,
3226,1,0.8775055408477783,2,2,1,
3227,1,0.7899496555328369,5,5,1,
3228,1,0.7784717082977295,7,7,1,
3229,1,0.836916446685791,9,1,0,
3230,1,0.7892661094665527,3,2,0,
3231,1,0.8435211181640625,4,4,1,
3232,1,0.8791079521179199,9,9,1,
3233,1,0.7960946559906006,9,9,1,
3234,1,0.8323240280151367,5,5,1,
3235,1,0.7911336421966553,5,3,0,
3236,1,0.8521232604980469,3,3,1,
3237,1,0.8450272083282471,8,8,1,
3238,1,0.7540981769561768,5,5,1,
3239,1,0.8360981941223145,3,3,1,
3240,1,0.8718960285186768,5,6,0,
3241,1,0.8399341106414795,6,2,0,
3242,1,0.7825779914855957,3,3,1,
3243,1,0.8376946449279785,5,5,1,
3244,1,0.6867132186889648,7,7,1,
3245,1,0.8805625438690186,4,4,1,
3246,1,0.7848646640777588,3,3,1,
3247,1,0.7855002880096436,5,6,0,
3248,1,0.8730723857879639,4,4,1,
3249,1,0.846224308013916,8,8,1,
3250,1,0.8160834312438965,3,3,1,
3251,1,0.8882761001586914,3,3,1,
3252,1,0.7782583236694336,0,0,1,
3253,1,0.7872951030731201,3,3,1,
3254,1,0.7787084579467773,7,7,1,
3255,1,0.8415877819061279,4,4,1,
3256,1,0.7827928066253662,5,5,1,
3257,1,0.827202320098877,8,8,1,
3258,1,0.8284890651702881,1,1,1,
3259,1,0.7392871379852295,5,5,1,
3260,1,0.8745026588439941,3,3,1,
3261,1,0.8716082572937012,5,2,0,
3262,1,0.8394167423248291,2,2,1,
3263,1,0.7891075611114502,6,6,1,
3264,1,0.8157808780670166,9,9,1,
3265,1,0.8105020523071289,7,7,1,
3266,1,0.9011814594268799,4,4,1,
3267,1,0.8581511974334717,8,8,1,
3268,1,0.7410531044006348,7,7,1,
3269,1,0.7922906875610352,6,6,1,
3270,1,0.8366518020629883,0,0,1,
3271,1,0.8039352893829346,9,9,1,
3272,1,0.8559355735778809,7,2,0,
3273,1,0.8160531520843506,5,5,1,
3274,1,0.761681079864502,1,1,1,
3275,1,0.8160333633422852,9,0,0,
3276,1,0.7681307792663574,0,0,1,
3277,1,0.8291573524475098,3,3,1,
3278,1,0.7814764976501465,4,4,1,
3279,1,0.7907383441925049,7,7,1,
3280,1,0.9062011241912842,6,6,1,
3281,1,0.8190934658050537,5,3,0,
3282,1,0.9022681713104248,8,8,1,
3283,1,0.8359510898590088,3,3,1,
3284,1,0.8352785110473633,8,8,1,
3285,1,0.8677740097045898,7,7,1,
3286,1,0.7874341011047363,4,4,1,
3287,1,0.7920210361480713,7,3,0,
3288,1,0.8366923332214355,0,0,1,
3289,1,0.7947721481323242,6,6,1,
3290,1,0.8089768886566162,7,7,1,
3291,1,0.7974026203155518,8,8,1,
3292,1,0.8416690826416016,2,6,0,
3293,1,0.8665876388549805,0,0,1,
3294,1,0.775334358215332,4,4,1,
3295,1,0.7928273677825928,6,6,1,
3296,1,0.7737641334533691,8,8,1,
3297,1,0.838231086730957,7,7,1,
3298,1,0.7790184020996094,7,2,0,
3299,1,0.7973709106445312,6,6,1,
3300,1,0.9105672836303711,5,5,1,
3301,1,0.7378628253936768,6,6,1,
3302,1,0.6868672370910645,9,9,1,
3303,1,0.8419239521026611,9,9,1,
3304,1,0.8215489387512207,9,9,1,
3305,1,0.7947282791137695,6,6,1,
3306,1,0.8292655944824219,5,5,1,
3307,1,0.7901468276977539,9,9,1,
3308,1,0.785036563873291,1,1,1,
3309,1,0.8871951103210449,7,7,1,
3310,1,0.7848401069641113,0,0,1,
3311,1,0.8861007690429688,9,9,1,
3312,1,0.7801723480224609,5,3,0,
3313,1,0.8082647323608398,1,1,1,
3314,1,0.7487943172454834,7,7,1,
3315,1,0.7846488952636719,7,7,1,
3316,1,0.7902302742004395,9,9,1,
3317,1,0.7372932434082031,2,2,1,
3318,1,0.8916351795196533,1,1,1,
3319,1,0.8904163837432861,0,0,1,
3320,1,0.7724728584289551,2,2,1,
3321,1,0.8427271842956543,1,1,1,
3322,1,0.7413971424102783,2,2,1,
3323,1,0.8253989219665527,8,8,1,
3324,1,0.826185941696167,0,0,1,
3325,1,0.8044137954711914,0,8,0,
3326,1,0.8234264850616455,5,5,1,
3327,1,0.8530948162078857,2,2,1,
3328,1,0.8175196647644043,1,1,1,
3329,1,0.891772985458374,8,8,1,
3330,1,0.7893362045288086,0,0,1,
3331,1,0.8261170387268066,0,0,1,
3332,1,0.8274931907653809,7,7,1,
3333,1,0.8728921413421631,9,9,1,
3334,1,0.8209102153778076,5,5,1,
3335,1,0.8377165794372559,6,6,1,
3336,1,0.7799375057220459,7,7,1,
3337,1,0.8374390602111816,0,0,1,
3338,1,0.780780553817749,5,5,1,
3339,1,0.8535706996917725,0,0,1,
3340,1,0.7860217094421387,4,4,1,
3341,1,0.8473901748657227,8,8,1,
3342,1,0.8432142734527588,6,6,1,
3343,1,0.8413643836975098,5,5,1,
3344,1,0.7879388332366943,8,8,1,
3345,1,0.9382226467132568,2,2,1,
3346,1,0.7834722995758057,9,9,1,
3347,1,0.7916812896728516,7,7,1,
3348,1,0.8098642826080322,5,6,0,
3349,1,0.8164761066436768,6,6,1,
3350,1,0.8239667415618896,9,9,1,
3351,1,0.7977087497711182,5,5,1,
3352,1,0.8970386981964111,1,1,1,
3353,1,0.7933082580566406,0,0,1,
3354,1,0.8183596134185791,6,6,1,
3355,1,0.8419389724731445,9,9,1,
3356,1,0.851193904876709,1,1,1,
3357,1,0.839940071105957,6,6,1,
3358,1,0.7968764305114746,5,3,0,
3359,1,0.8905959129333496,4,4,1,
3360,1,0.8278582096099854,6,6,1,
3361,1,0.7964403629302979,7,7,1,
3362,1,0.83074951171875,2,2,1,
3363,1,0.8276188373565674,5,3,0,
3364,1,0.8785152435302734,7,0,0,
3365,1,0.8427393436431885,7,7,1,
3366,1,0.873112678527832,6,6,1,
3367,1,0.7933826446533203,1,1,1,
3368,1,0.8838193416595459,2,2,1,
3369,1,0.7917885780334473,1,1,1,
3370,1,0.923886775970459,5,5,1,
3371,1,0.8308043479919434,6,6,1,
3372,1,0.8822243213653564,7,7,1,
3373,1,0.834498405456543,1,1,1,
3374,1,0.8339419364929199,2,2,1,
3375,1,0.8153796195983887,1,1,1,
3376,1,0.8451004028320312,3,3,1,
3377,1,0.853482723236084,1,1,1,
3378,1,0.7902677059173584,5,5,1,
3379,1,0.8262302875518799,0,0,1,
3380,1,0.8319902420043945,2,2,1,
3381,1,0.7941560745239258,1,1,1,
3382,1,0.8303968906402588,0,0,1,
3383,1,0.9404323101043701,9,9,1,
3384,1,0.7818405628204346,8,7,0,
3385,1,0.8948419094085693,1,1,1,
3386,1,0.834636926651001,1,1,1,
3387,1,0.7479236125946045,0,0,1,
3388,1,0.8274819850921631,3,3,1,
3389,1,0.8394978046417236,8,8,1,
3390,1,0.8252408504486084,3,3,1,
3391,1,0.7883687019348145,9,9,1,
3392,1,0.9380393028259277,2,2,1,
3393,1,0.7998008728027344,3,7,0,
3394,1,0.8282840251922607,8,8,1,
3395,1,0.826850175857544,1,1,1,
3396,1,0.7806458473205566,1,8,0,
3397,1,0.873072624206543,3,3,1,
3398,1,0.8791730403900146,6,6,1,
3399,1,0.7965281009674072,7,7,1,
3400,1,0.8393549919128418,7,7,1,
3401,1,0.73105788230896,9,9,1,
3402,1,0.7650892734527588,2,2,1,
3403,1,0.8638882637023926,7,7,1,
3404,1,0.8372080326080322,0,0,1,
3405,1,0.8301479816436768,5,5,1,
3406,1,0.8557288646697998,4,4,1,
3407,1,0.8554317951202393,2,2,1,
3408,1,0.8661494255065918,1,1,1,
3409,1,0.9265520572662354,4,4,1,
3410,1,0.7790126800537109,9,9,1,
3411,1,0.8818879127502441,6,6,1,
3412,1,0.7850949764251709,9,9,1,
3413,1,0.8513128757476807,6,6,1,
3414,1,0.859748363494873,1,1,1,
3415,1,0.7518417835235596,0,0,1,
3416,1,0.8319261074066162,7,7,1,
3417,1,0.9382297992706299,3,3,1,
3418,1,0.7836828231811523,4,4,1,
3419,1,0.8015894889831543,7,7,1,
3420,1,0.8237404823303223,7,4,0,
3421,1,0.8473856449127197,5,5,1,
3422,1,0.8869724273681641,6,6,1,
3423,1,0.8465847969055176,2,2,1,
3424,1,0.9325010776519775,1,1,1,
3425,1,0.7875030040740967,9,9,1,
3426,1,0.7837309837341309,0,0,1,
3427,1,0.8098337650299072,4,4,1,
3428,1,0.8526716232299805,5,5,1,
3429,1,0.840522050857544,9,9,1,
3430,1,0.7349059581756592,4,4,1,
3431,1,0.8877575397491455,9,9,1,
3432,1,0.790701150894165,6,6,1,
3433,1,0.8670222759246826,8,8,1,
3434,1,0.80208420753479,6,6,1,
3435,1,0.8393516540527344,4,4,1,
3436,1,0.8452825546264648,0,0,1,
3437,1,0.8410730361938477,0,0,1,
3438,1,0.7775712013244629,7,7,1,
3439,1,0.9314594268798828,5,5,1,
3440,1,0.8792715072631836,5,5,1,
3441,1,0.7833037376403809,5,6,0,
3442,1,0.8396158218383789,6,6,1,
3443,1,0.7958633899688721,5,5,1,
3444,1,0.8222689628601074,4,4,1,
3445,1,0.8413734436035156,1,1,1,
3446,1,0.7895264625549316,8,8,1,
3447,1,0.8882646560668945,5,3,0,
3448,1,0.7977755069732666,3,3,1,
3449,1,0.9729800224304199,4,4,1,
3450,1,0.8773999214172363,3,3,1,
3451,1,0.7330875396728516,2,2,1,
3452,1,0.8349289894104004,2,2,1,
3453,1,0.8784401416778564,1,1,1,
3454,1,0.8277852535247803,5,3,0,
3455,1,0.8907361030578613,9,9,1,
3456,1,0.8293521404266357,5,5,1,
3457,1,0.8442327976226807,1,1,1,
3458,1,0.8379926681518555,2,4,0,
3459,1,0.8908178806304932,3,3,1,
3460,1,0.9244341850280762,2,2,1,
3461,1,0.8015661239624023,1,1,1,
3462,1,0.8819079399108887,2,4,0,
3463,1,0.8456952571868896,6,6,1,
3464,1,0.8241939544677734,7,7,1,
3465,1,0.8362991809844971,2,2,1,
3466,1,0.7803401947021484,9,9,1,
3467,1,0.8863978385925293,3,3,1,
3468,1,0.8281838893890381,9,9,1,
3469,1,0.8934712409973145,6,2,0,
3470,1,0.844562292098999,0,0,1,
3471,1,0.9335074424743652,9,0,0,
3472,1,0.7760047912597656,2,2,1,
3473,1,0.8860623836517334,6,6,1,
3474,1,0.933326005935669,5,5,1,
3475,1,0.7891390323638916,0,0,1,
3476,1,0.8649466037750244,0,0,1,
3477,1,0.8063206672668457,9,9,1,
3478,1,0.8708736896514893,3,3,1,
3479,1,0.8820102214813232,0,0,1,
3480,1,0.835721492767334,4,4,1,
3481,1,0.8402483463287354,2,2,1,
3482,1,0.8341357707977295,2,2,1,
3483,1,0.8368380069732666,0,0,1,
3484,1,0.9301445484161377,8,8,1,
3485,1,0.8428826332092285,1,1,1,
3486,1,0.8558993339538574,3,6,0,
3487,1,0.8338489532470703,6,6,1,
3488,1,0.8728711605072021,8,8,1,
3489,1,0.8948099613189697,0,0,1,
3490,1,0.779698371887207,1,1,1,
3491,1,0.89430832862854,3,3,1,
3492,1,0.8294854164123535,9,9,1,
3493,1,0.8887522220611572,1,1,1,
3494,1,0.8477294445037842,6,6,1,
3495,1,0.861581563949585,5,5,1,
3496,1,0.8492729663848877,3,3,1,
3497,1,0.805668830871582,0,0,1,
3498,1,0.9024014472961426,6,6,1,
3499,1,0.91265869140625,6,6,1,
3500,1,0.9002814292907715,0,0,1,
3501,1,0.8578774929046631,9,9,1,
3502,1,0.8881487846374512,8,6,0,
3503,1,0.8380558490753174,8,8,1,
3504,1,0.8760013580322266,5,5,1,
3505,1,0.8360412120819092,9,1,0,
3506,1,0.8277642726898193,9,9,1,
3507,1,0.9781479835510254,2,2,1,
3508,1,0.8156228065490723,8,8,1,
3509,1,0.849365234375,9,6,0,
3510,1,0.9288070201873779,5,5,1,
3511,1,0.9300076961517334,5,3,0,
3512,1,0.8342888355255127,5,2,0,
3513,1,0.8354518413543701,9,3,0,
3514,1,0.883232593536377,4,4,1,
3515,1,0.8688654899597168,0,0,1,
3516,1,0.8524684906005859,4,0,0,
3517,1,0.9462175369262695,7,7,1,
3518,1,0.8821065425872803,4,4,1,
3519,1,0.7938089370727539,7,7,1,
3520,1,0.9568939208984375,5,5,1,
3521,1,0.859919548034668,0,0,1,
3522,1,0.9358594417572021,2,2,1,
3523,1,0.8443424701690674,8,8,1,
3524,1,0.9289817810058594,1,1,1,
3525,1,0.7961688041687012,5,5,1,
3526,1,0.8791649341583252,2,2,1,
3527,1,0.8575601577758789,3,3,1,
3528,1,0.9073617458343506,5,5,1,
3529,1,0.8162791728973389,8,8,1,
3530,1,0.7593011856079102,1,1,1,
3531,1,0.804987907409668,2,2,1,
3532,1,0.937859058380127,0,0,1,
3533,1,0.8678295612335205,9,9,1,
3534,1,0.8303108215332031,9,9,1,
3535,1,0.7969653606414795,4,4,1,
3536,1,0.8328380584716797,5,5,1,
3537,1,0.9369735717773438,4,4,1,
3538,1,0.8423845767974854,1,1,1,
3539,1,0.8209288120269775,0,0,1,
3540,1,0.8564589023590088,2,2,1,
3541,1,0.9383180141448975,9,9,1,
3542,1,0.9275541305541992,3,3,1,
3543,1,0.8389863967895508,7,7,1,
3544,1,0.9123380184173584,5,5,1,
3545,1,0.8163025379180908,6,6,1,
3546,1,0.9304401874542236,6,6,1,
3547,1,0.839108943939209,4,4,1,
3548,1,0.7867953777313232,9,9,1,
3549,1,0.8935458660125732,4,4,1,
3550,1,0.8886771202087402,4,4,1,
3551,1,0.7955355644226074,6,6,1,
3552,1,0.9233548641204834,9,1,0,
3553,1,0.8453736305236816,1,1,1,
3554,1,0.8331453800201416,9,9,1,
3555,1,0.9222583770751953,2,2,1,
3556,1,0.8903772830963135,5,5,1,
3557,1,0.9434378147125244,4,4,1,
3558,1,0.8858640193939209,4,4,1,
3559,1,0.8237171173095703,0,0,1,
3560,1,0.8483583927154541,7,7,1,
3561,1,0.9482612609863281,6,6,1,
3562,1,0.8229706287384033,0,0,1,
3563,1,0.8608276844024658,9,9,1,
3564,1,0.8817527294158936,9,9,1,
3565,1,0.8883481025695801,7,7,1,
3566,1,0.8411116600036621,8,8,1,
3567,1,0.8955376148223877,2,2,1,
3568,1,0.8332972526550293,5,5,1,
3569,1,0.8491296768188477,1,1,1,
3570,1,0.8399360179901123,3,3,1,
3571,1,0.8930046558380127,9,9,1,
3572,1,0.913372278213501,1,1,1,
3573,1,0.9279665946960449,6,6,1,
3574,1,0.8554770946502686,5,5,1,
3575,1,0.8578917980194092,4,4,1,
3576,1,0.8304264545440674,8,8,1,
3577,1,0.8899266719818115,8,8,1,
3578,1,0.8711338043212891,3,3,1,
3579,1,0.9046387672424316,6,6,1,
3580,1,0.8268177509307861,7,7,1,
3581,1,0.8936729431152344,4,4,1,
3582,1,0.9322903156280518,5,5,1,
3583,1,0.8856534957885742,2,2,1,
3584,1,0.8354980945587158,2,2,1,
3585,1,0.8767869472503662,3,6,0,
3586,1,0.8372089862823486,8,8,1,
3587,1,0.8369731903076172,0,0,1,
3588,1,0.8915572166442871,5,5,1,
3589,1,0.8806605339050293,3,3,1,
3590,1,0.9281561374664307,1,1,1,
3591,1,0.7410485744476318,5,3,0,
3592,1,0.8897743225097656,5,5,1,
3593,1,0.8379135131835938,8,8,1,
3594,1,0.9102835655212402,1,1,1,
3595,1,0.9042632579803467,0,0,1,
3596,1,0.8241395950317383,7,7,1,
3597,1,0.8384830951690674,2,2,1,
3598,1,0.9353039264678955,0,0,1,
3599,1,0.8852124214172363,2,2,1,
3600,1,0.9242148399353027,3,3,1,
3601,1,0.8981719017028809,7,7,1,
3602,1,0.8316764831542969,6,2,0,
3603,1,0.8962202072143555,2,7,0,
3604,1,0.8462777137756348,8,8,1,
3605,1,0.8439555168151855,4,4,1,
3606,1,0.8880212306976318,2,2,1,
3607,1,0.9401915073394775,1,1,1,
3608,1,0.877924919128418,7,7,1,
3609,1,0.8403661251068115,2,6,0,
3610,1,0.8884592056274414,2,2,1,
3611,1,0.8838906288146973,9,1,0,
3612,1,0.8088455200195312,5,5,1,
3613,1,0.9504220485687256,8,8,1,
3614,1,0.8885750770568848,3,6,0,
3615,1,0.9066669940948486,0,0,1,
3616,1,0.9060544967651367,5,5,1,
3617,1,0.8399920463562012,0,0,1,
3618,1,0.9240903854370117,3,3,1,
3619,1,0.8522956371307373,8,8,1,
3620,1,0.7924454212188721,8,8,1,
3621,1,0.9315207004547119,2,2,1,
3622,1,0.9311437606811523,0,0,1,
3623,1,0.8740122318267822,7,7,1,
3624,1,0.8934788703918457,7,7,1,
3625,1,0.931870698928833,3,3,1,
3626,1,0.9272630214691162,0,7,0,
3627,1,0.9340274333953857,2,7,0,
3628,1,0.7961487770080566,6,6,1,
3629,1,0.8888068199157715,7,7,1,
3630,1,0.8441717624664307,8,8,1,
3631,1,0.8356750011444092,6,6,1,
3632,1,0.8959047794342041,3,3,1,
3633,1,0.8283772468566895,9,9,1,
3634,1,0.8945589065551758,9,9,1,
3635,1,0.8975064754486084,2,2,1,
3636,1,0.8720674514770508,4,4,1,
3637,1,0.9597744941711426,5,5,1,
3638,1,1.0083119869232178,3,3,1,
3639,1,0.888087272644043,7,7,1,
3640,1,0.8451986312866211,2,2,1,
3641,1,0.9239077568054199,5,5,1,
3642,1,0.8332123756408691,7,8,0,
3643,1,0.867103099822998,7,7,1,
3644,1,0.9344899654388428,4,4,1,
3645,1,0.8822064399719238,0,0,1,
3646,1,0.8949840068817139,5,3,0,
3647,1,0.8871967792510986,5,3,0,
3648,1,0.8878347873687744,5,5,1,
3649,1,0.8757543563842773,4,4,1,
3650,1,0.989501953125,4,4,1,
3651,1,0.8353695869445801,8,8,1,
3652,1,0.9415113925933838,0,0,1,
3653,1,0.8369054794311523,1,1,1,
3654,1,0.9203147888183594,6,6,1,
3655,1,0.8335492610931396,2,2,1,
3656,1,0.940324068069458,4,4,1,
3657,1,0.8822791576385498,4,6,0,
3658,1,0.887068510055542,9,9,1,
3659,1,0.9406125545501709,4,4,1,
3660,1,0.8453149795532227,4,4,1,
3661,1,0.8360686302185059,8,8,1,
3662,1,0.9364223480224609,3,3,1,
3663,1,0.92236328125,4,3,0,
3664,1,1.0215213298797607,3,3,1,
3665,1,0.7978439331054688,1,1,1,
3666,1,0.9129960536956787,7,7,1,
3667,1,0.8987860679626465,5,2,0,
3668,1,0.8321120738983154,3,3,1,
3669,1,0.9321043491363525,9,9,1,
3670,1,0.8945062160491943,1,1,1,
3671,1,0.8368849754333496,1,1,1,
3672,1,0.929959774017334,7,7,1,
3673,1,0.8357911109924316,1,1,1,
3674,1,0.9428505897521973,2,2,1,
3675,1,0.8855090141296387,9,9,1,
3676,1,0.9811036586761475,2,2,1,
3677,1,0.7943511009216309,3,3,1,
3678,1,0.8985745906829834,1,1,1,
3679,1,0.7869832515716553,4,4,1,
3680,1,0.9835772514343262,6,6,1,
3681,1,0.9214959144592285,7,7,1,
3682,1,0.8912134170532227,8,6,0,
3683,1,0.8901243209838867,9,9,1,
3684,1,0.9352517127990723,9,9,1,
3685,1,0.9065005779266357,8,8,1,
3686,1,0.8625626564025879,3,3,1,
3687,1,0.8820745944976807,7,7,1,
3688,1,0.9855020046234131,7,7,1,
3689,1,0.8743107318878174,1,1,1,
3690,1,0.8874416351318359,2,2,1,
3691,1,0.8905549049377441,2,3,0,
3692,1,0.9405686855316162,4,4,1,
3693,1,0.8923957347869873,8,8,1,
3694,1,0.9399740695953369,9,9,1,
3695,1,0.8262515068054199,7,7,1,
3696,1,0.8471822738647461,0,3,0,
3697,1,0.8844308853149414,9,9,1,
3698,1,0.9883363246917725,5,7,0,
3699,1,0.8269190788269043,9,9,1,
3700,1,0.8398315906524658,5,5,1,
3701,1,0.8819930553436279,5,5,1,
3702,1,0.9937155246734619,7,7,1,
3703,1,0.91021728515625,5,6,0,
3704,1,0.7978987693786621,2,2,1,
3705,1,0.8771913051605225,2,2,1,
3706,1,0.9387445449829102,0,0,1,
3707,1,0.937936544418335,5,3,0,
3708,1,0.8547534942626953,5,3,0,
3709,1,0.8986892700195312,9,9,1,
3710,1,0.8808536529541016,5,5,1,
3711,1,0.9646263122558594,0,0,1,
3712,1,0.8436989784240723,2,6,0,
3713,1,0.8828210830688477,7,7,1,
3714,1,0.8342180252075195,3,3,1,
3715,1,0.9359297752380371,4,4,1,
3716,1,1.0363693237304688,8,8,1,
3717,1,0.9216635227203369,5,2,0,
3718,1,0.8842849731445312,8,8,1,
3719,1,0.9199285507202148,5,5,1,
3720,1,0.9411830902099609,6,6,1,
3721,1,0.8695197105407715,5,5,1,
3722,1,0.9513278007507324,8,8,1,
3723,1,0.8678340911865234,6,6,1,
3724,1,0.9083099365234375,5,5,1,
3725,1,0.8501617908477783,2,2,1,
3726,1,0.9313442707061768,4,4,1,
3727,1,0.877281665802002,2,2,1,
3728,1,0.9295375347137451,2,0,0,
3729,1,0.8275370597839355,7,7,1,
3730,1,0.9447910785675049,6,6,1,
3731,1,0.8944790363311768,3,3,1,
3732,1,0.8467187881469727,5,5,1,
3733,1,0.9295928478240967,3,3,1,
3734,1,0.8413963317871094,2,6,0,
3735,1,0.8397927284240723,4,4,1,
3736,1,0.8854982852935791,9,9,1,
3737,1,0.9268336296081543,0,0,1,
3738,1,0.8487136363983154,3,3,1,
3739,1,0.8933780193328857,9,9,1,
3740,1,0.7960307598114014,3,3,1,
3741,1,0.9259765148162842,4,4,1,
3742,1,0.8936357498168945,5,5,1,
3743,1,0.8853349685668945,3,3,1,
3744,1,0.8929555416107178,4,4,1,
3745,1,0.9749288558959961,8,8,1,
3746,1,0.8286190032958984,7,7,1,
3747,1,0.8521401882171631,6,6,1,
3748,1,0.9588541984558105,4,4,1,
3749,1,0.8596346378326416,7,7,1,
3750,1,0.9760363101959229,5,5,1,
3751,1,0.9238500595092773,0,0,1,
3752,1,0.9459197521209717,4,7,0,
3753,1,0.937920093536377,4,4,1,
3754,1,0.8675715923309326,7,7,1,
3755,1,0.8639342784881592,2,2,1,
3756,1,0.9420206546783447,8,8,1,
3757,1,0.8404498100280762,0,0,1,
3758,1,0.9667696952819824,5,5,1,
3759,1,0.8222212791442871,4,4,1,
3760,1,0.9229490756988525,6,6,1,
3761,1,0.8453822135925293,2,2,1,
3762,1,0.8872268199920654,7,7,1,
3763,1,0.8709759712219238,4,4,1,
3764,1,0.8447864055633545,6,6,1,
3765,1,0.9509315490722656,6,6,1,
3766,1,0.9361739158630371,6,6,1,
3767,1,0.8776671886444092,4,4,1,
3768,1,0.9863474369049072,4,4,1,
3769,1,0.9590628147125244,2,2,1,
3770,1,0.9030044078826904,2,2,1,
3771,1,0.9092280864715576,6,6,1,
3772,1,0.7836308479309082,2,3,0,
3773,1,0.899442195892334,4,4,1,
3774,1,0.9207544326782227,8,8,1,
3775,1,0.9985823631286621,6,6,1,
3776,1,0.8857471942901611,9,9,1,
3777,1,0.9378662109375,7,7,1,
3778,1,0.940305233001709,7,7,1,
3779,1,0.8905751705169678,7,7,1,
3780,1,0.8660614490509033,3,3,1,
3781,1,0.8500723838806152,8,8,1,
3782,1,1.033959150314331,1,1,1,
3783,1,0.9014670848846436,1,1,1,
3784,1,0.8913257122039795,7,7,1,
3785,1,0.8392119407653809,8,8,1,
3786,1,0.8496828079223633,8,8,1,
3787,1,0.9030747413635254,5,5,1,
3788,1,0.8530473709106445,9,9,1,
3789,1,0.974212646484375,8,8,1,
3790,1,0.9358193874359131,8,8,1,
3791,1,0.92350172996521,3,3,1,
3792,1,0.9516162872314453,1,1,1,
3793,1,0.9357256889343262,6,6,1,
3794,1,0.9441499710083008,6,6,1,
3795,1,0.9273998737335205,4,4,1,
3796,1,1.0052924156188965,0,0,1,
3797,1,0.9091086387634277,3,3,1,
3798,1,0.8910417556762695,5,5,1,
3799,1,0.9332492351531982,5,5,1,
3800,1,0.9031834602355957,8,8,1,
3801,1,0.8667612075805664,0,0,1,
3802,1,0.9510648250579834,5,5,1,
3803,1,0.8479022979736328,4,4,1,
3804,1,0.8716745376586914,5,3,0,
3805,1,0.9164266586303711,8,8,1,
3806,1,0.8834376335144043,2,2,1,
3807,1,0.974738597869873,9,9,1,
3808,1,0.8208200931549072,3,3,1,
3809,1,0.9446074962615967,3,3,1,
3810,1,0.8991625308990479,7,7,1,
3811,1,0.8855926990509033,5,5,1,
3812,1,0.891859769821167,0,0,1,
3813,1,0.8651771545410156,7,7,1,
3814,1,0.9061241149902344,7,7,1,
3815,1,0.838263988494873,9,9,1,
3816,1,1.033585548400879,0,6,0,
3817,1,0.9218358993530273,2,2,1,
3818,1,0.884162425994873,9,9,1,
3819,1,0.9972491264343262,0,0,1,
3820,1,0.8614087104797363,5,5,1,
3821,1,0.8534035682678223,9,9,1,
3822,1,0.9169704914093018,0,0,1,
3823,1,0.8383162021636963,7,7,1,
3824,1,0.9884836673736572,7,7,1,
3825,1,0.7922840118408203,4,4,1,
3826,1,0.8457591533660889,1,1,1,
3827,1,0.9220981597900391,1,1,1,
3828,1,0.8767707347869873,9,9,1,
3829,1,1.0106325149536133,9,9,1,
3830,1,0.9342982769012451,5,5,1,
3831,1,0.831794023513794,0,8,0,
3832,1,0.9922175407409668,0,0,1,
3833,1,0.931511402130127,7,7,1,
3834,1,0.8428430557250977,0,0,1,
3835,1,0.8791368007659912,0,0,1,
3836,1,0.9467759132385254,6,6,1,
3837,1,0.8377068042755127,0,0,1,
3838,1,0.8919544219970703,9,9,1,
3839,1,0.9341816902160645,7,7,1,
3840,1,1.0155713558197021,0,0,1,
3841,1,0.9415862560272217,6,6,1,
3842,1,0.8470237255096436,7,7,1,
3843,1,0.8690824508666992,5,5,1,
3844,1,0.8808803558349609,2,2,1,
3845,1,0.8250696659088135,7,7,1,
3846,1,0.9519641399383545,5,5,1,
3847,1,0.96978759765625,2,2,1,
3848,1,0.8923826217651367,1,1,1,
3849,1,0.8412184715270996,3,3,1,
3850,1,0.850273847579956,5,3,0,
3851,1,0.8426249027252197,5,5,1,
3852,1,1.019728422164917,7,7,1,
3853,1,0.8847897052764893,8,8,1,
3854,1,0.7822098731994629,4,4,1,
3855,1,0.9402928352355957,5,5,1,
3856,1,0.9584321975708008,4,4,1,
3857,1,0.8572282791137695,3,6,0,
3858,1,0.9316918849945068,6,6,1,
3859,1,0.8370342254638672,4,4,1,
3860,1,0.8783619403839111,4,4,1,
3861,1,0.9779555797576904,9,9,1,
3862,1,0.9350574016571045,1,1,1,
3863,1,0.9279961585998535,2,2,1,
3864,1,0.9452624320983887,9,9,1,
3865,1,0.8765337467193604,8,8,1,
3866,1,0.8375980854034424,3,3,1,
3867,1,0.8852949142456055,5,5,1,
3868,1,0.9474551677703857,1,1,1,
3869,1,0.87687087059021,3,3,1,
3870,1,0.8483471870422363,8,8,1,
3871,1,0.8600246906280518,7,7,1,
3872,1,0.9710099697113037,7,7,1,
3873,1,0.8310611248016357,2,2,1,
3874,1,0.941457986831665,9,9,1,
3875,1,0.9345400333404541,5,5,1,
3876,1,0.9013831615447998,8,8,1,
3877,1,0.9178628921508789,3,3,1,
3878,1,0.8583033084869385,7,7,1,
3879,1,0.8654580116271973,7,7,1,
3880,1,0.982142448425293,0,0,1,
3881,1,0.8798267841339111,3,3,1,
3882,1,0.9943118095397949,5,5,1,
3883,1,0.9107191562652588,2,2,1,
3884,1,0.8603551387786865,9,9,1,
3885,1,0.9303045272827148,7,7,1,
3886,1,0.8945043087005615,2,2,1,
3887,1,0.8462798595428467,1,1,1,
3888,1,0.9175703525543213,5,5,1,
3889,1,0.8876714706420898,1,1,1,
3890,1,0.9257783889770508,6,6,1,
3891,1,0.8346548080444336,8,8,1,
3892,1,0.9412245750427246,8,8,1,
3893,1,0.9061691761016846,9,9,1,
3894,1,0.9080386161804199,2,2,1,
3895,1,0.8972554206848145,0,0,1,
3896,1,0.9563031196594238,5,5,1,
3897,1,0.98832106590271,7,7,1,
3898,1,0.9314947128295898,2,2,1,
3899,1,0.9119179248809814,0,0,1,
3900,1,0.826995849609375,5,5,1,
3901,1,0.9030606746673584,4,4,1,
3902,1,0.9585616588592529,7,7,1,
3903,1,0.8609046936035156,9,9,1,
3904,1,0.9454646110534668,5,5,1,
3905,1,0.8308823108673096,1,1,1,
3906,1,0.8035650253295898,9,1,0,
3907,1,0.9275634288787842,0,0,1,
3908,1,0.9624650478363037,8,8,1,
3909,1,0.9312112331390381,2,2,1,
3910,1,0.8210666179656982,5,5,1,
3911,1,0.8857247829437256,6,6,1,
3912,1,0.8832681179046631,5,5,1,
3913,1,0.9592080116271973,5,6,0,
3914,1,0.9143776893615723,7,7,1,
3915,1,0.9982168674468994,1,1,1,
3916,1,0.8352715969085693,9,9,1,
3917,1,0.8875992298126221,6,6,1,
3918,1,0.9424948692321777,3,3,1,
3919,1,0.9111487865447998,9,9,1,
3920,1,0.8612370491027832,5,3,0,
3921,1,0.8843331336975098,5,3,0,
3922,1,1.0271825790405273,7,7,1,
3923,1,0.9396169185638428,2,2,1,
3924,1,0.8743212223052979,9,9,1,
3925,1,0.8376595973968506,5,6,0,
3926,1,0.9908339977264404,1,1,1,
3927,1,0.9391577243804932,9,1,0,
3928,1,0.8447539806365967,5,3,0,
3929,1,0.8713588714599609,4,2,0,
3930,1,0.927811861038208,3,3,1,
3931,1,0.8862371444702148,1,1,1,
3932,1,0.930863618850708,2,2,1,
3933,1,0.8926553726196289,7,7,1,
3934,1,0.893204927444458,4,4,1,
3935,1,0.9741041660308838,7,7,1,
3936,1,0.8525617122650146,7,7,1,
3937,1,0.8676333427429199,8,8,1,
3938,1,0.9050233364105225,0,0,1,
3939,1,0.984095573425293,8,8,1,
3940,1,0.8419628143310547,7,7,1,
3941,1,0.8287074565887451,3,3,1,
3942,1,0.9365222454071045,6,6,1,
3943,1,0.9337317943572998,9,9,1,
3944,1,0.8917551040649414,0,0,1,
3945,1,1.0206794738769531,3,3,1,
3946,1,0.9429583549499512,7,7,1,
3947,1,0.8340158462524414,6,6,1,
3948,1,0.8932967185974121,9,9,1,
3949,1,0.9495172500610352,4,4,1,
3950,1,0.9191503524780273,7,7,1,
3951,1,0.9719047546386719,1,1,1,
3952,1,0.8938708305358887,0,0,1,
3953,1,0.8835930824279785,9,9,1,
3954,1,0.8255434036254883,1,1,1,
3955,1,0.9448716640472412,1,1,1,
3956,1,0.9422903060913086,9,9,1,
3957,1,0.8924322128295898,2,4,0,
3958,1,0.9296131134033203,2,2,1,
3959,1,0.9393703937530518,2,2,1,
3960,1,0.9178626537322998,5,5,1,
3961,1,0.8841843605041504,0,0,1,
3962,1,0.8962953090667725,3,3,1,
3963,1,0.9144728183746338,3,3,1,
3964,1,0.9351637363433838,6,6,1,
3965,1,0.871802806854248,7,7,1,
3966,1,0.9427890777587891,5,4,0,
3967,1,0.8397536277770996,5,5,1,
3968,1,0.8715953826904297,7,7,1,
3969,1,0.8867008686065674,4,4,1,
3970,1,0.8902912139892578,9,9,1,
3971,1,0.8784568309783936,7,7,1,
3972,1,0.9346051216125488,7,7,1,
3973,1,0.8558304309844971,8,8,1,
3974,1,0.90751051902771,9,9,1,
3975,1,0.9357366561889648,1,1,1,
3976,1,0.9465224742889404,5,5,1,
3977,1,0.920853853225708,2,2,1,
3978,1,0.9457156658172607,3,3,1,
3979,1,0.9134798049926758,1,1,1,
3980,1,0.8976798057556152,7,7,1,
3981,1,0.8530032634735107,2,2,1,
3982,1,0.9101245403289795,9,9,1,
3983,1,0.8810031414031982,6,6,1,
3984,1,0.915513277053833,7,7,1,
3985,1,0.8921232223510742,6,6,1,
3986,1,0.9397344589233398,1,1,1,
3987,1,0.9330911636352539,5,2,0,
3988,1,0.8453795909881592,4,4,1,
3989,1,0.9809098243713379,0,0,1,
3990,1,0.8826067447662354,9,9,1,
3991,1,0.8355972766876221,5,5,1,
3992,1,0.9476118087768555,7,7,1,
3993,1,0.8702151775360107,5,5,1,
3994,1,0.8633162975311279,8,8,1,
3995,1,0.8246297836303711,4,4,1,
3996,1,0.9253897666931152,0,5,0,
3997,1,0.9272470474243164,6,6,1,
3998,1,0.9410519599914551,5,5,1,
3999,1,0.8508706092834473,0,0,1,
4000,1,0.9239113330841064,7,7,1,
4001,1,0.8074202537536621,9,9,1,
4002,1,0.9331715106964111,3,3,1,
4003,1,0.9246861934661865,7,7,1,
4004,1,0.8435564041137695,4,4,1,
4005,1,0.9722769260406494,0,0,1,
4006,1,0.9284400939941406,4,4,1,
4007,1,0.9323489665985107,3,3,1,
4008,1,0.8993127346038818,0,0,1,
4009,1,0.9178557395935059,1,1,1,
4010,1,0.8920221328735352,1,1,1,
4011,1,0.8816592693328857,6,6,1,
4012,1,0.8922531604766846,2,2,1,
4013,1,1.0234920978546143,1,1,1,
4014,1,0.8900225162506104,9,9,1,
4015,1,0.8211343288421631,7,7,1,
4016,1,0.9547972679138184,6,6,1,
4017,1,0.8785037994384766,0,0,1,
4018,1,0.9393100738525391,0,0,1,
4019,1,0.9343526363372803,7,7,1,
4020,1,0.8894186019897461,0,0,1,
4021,1,0.8807098865509033,8,8,1,
4022,1,0.9385654926300049,3,3,1,
4023,1,0.8854556083679199,2,3,0,
4024,1,0.9453017711639404,7,7,1,
4025,1,0.9217207431793213,0,0,1,
4026,1,0.948725700378418,5,3,0,
4027,1,0.8980307579040527,5,3,0,
4028,1,0.8807315826416016,2,2,1,
4029,1,0.9500415325164795,6,6,1,
4030,1,0.8715109825134277,1,1,1,
4031,1,0.8576757907867432,4,4,1,
4032,1,0.9848544597625732,7,7,1,
4033,1,0.846674919128418,1,3,0,
4034,1,0.8657951354980469,9,9,1,
4035,1,0.9252457618713379,6,6,1,
4036,1,0.9175686836242676,8,8,1,
4037,1,0.853090763092041,0,0,1,
4038,1,0.8888306617736816,5,5,1,
4039,1,0.9321277141571045,8,8,1,
4040,1,0.8772404193878174,6,6,1,
4041,1,0.8823010921478271,9,9,1,
4042,1,0.9066550731658936,1,1,1,
4043,1,0.9576826095581055,5,2,0,
4044,1,0.889188289642334,2,2,1,
4045,1,0.8903348445892334,1,1,1,
4046,1,0.8851118087768555,2,2,1,
4047,1,0.8845396041870117,1,1,1,
4048,1,0.9414432048797607,1,1,1,
4049,1,0.9280288219451904,9,9,1,
4050,1,0.8618111610412598,9,9,1,
4051,1,1.0161159038543701,1,1,1,
4052,1,0.9637644290924072,2,2,1,
4053,1,0.8573775291442871,3,3,1,
4054,1,0.9091310501098633,3,3,1,
4055,1,0.878140926361084,3,3,1,
4056,1,0.9372854232788086,2,2,1,
4057,1,0.9515728950500488,9,1,0,
4058,1,0.7933197021484375,1,1,1,
4059,1,0.9793479442596436,9,9,1,
4060,1,0.8824505805969238,6,6,1,
4061,1,0.937385082244873,7,7,1,
4062,1,0.8466432094573975,2,2,1,
4063,1,0.8387455940246582,5,5,1,
4064,1,0.9453098773956299,4,4,1,
4065,1,0.9363367557525635,6,6,1,
4066,1,0.8929195404052734,0,0,1,
4067,1,0.917914867401123,7,7,1,
4068,1,0.8946654796600342,7,7,1,
4069,1,0.9147107601165771,1,1,1,
4070,1,0.9064888954162598,7,7,1,
4071,1,0.9131286144256592,3,3,1,
4072,1,0.8658902645111084,0,0,1,
4073,1,0.9329080581665039,1,1,1,
4074,1,0.879256010055542,4,4,1,
4075,1,0.9238119125366211,6,6,1,
4076,1,1.0381155014038086,0,0,1,
4077,1,0.9238951206207275,9,9,1,
4078,1,0.8864364624023438,7,7,1,
4079,1,1.0329806804656982,8,8,1,
4080,1,0.8308584690093994,1,1,1,
4081,1,0.8858883380889893,4,4,1,
4082,1,0.9521288871765137,0,0,1,
4083,1,0.9361565113067627,5,2,0,
4084,1,0.9042487144470215,5,3,0,
4085,1,0.8315911293029785,0,0,1,
4086,1,0.986706018447876,3,3,1,
4087,1,0.8777151107788086,2,3,0,
4088,1,0.8909122943878174,6,6,1,
4089,1,0.8825206756591797,1,1,1,
4090,1,0.940413236618042,7,7,1,
4091,1,0.9364380836486816,2,2,1,
4092,1,0.9300577640533447,3,6,0,
4093,1,0.8449745178222656,6,6,1,
4094,1,0.9758644104003906,0,0,1,
4095,1,0.935988187789917,5,5,1,
4096,1,0.9252550601959229,1,1,1,
4097,1,0.8882045745849609,9,9,1,
4098,1,0.9573721885681152,6,6,1,
4099,1,0.9457831382751465,1,1,1,
4100,1,0.8935911655426025,2,2,1,
4101,1,0.8883991241455078,0,0,1,
4102,1,0.9806146621704102,4,4,1,
4103,1,0.8877291679382324,3,3,1,
4104,1,0.8998088836669922,3,3,1,
4105,1,0.8422942161560059,1,1,1,
4106,1,0.8961410522460938,2,2,1,
4107,1,0.8896470069885254,5,3,0,
4108,1,0.8777625560760498,8,8,1,
4109,1,0.880974531173706,6,6,1,
4110,1,0.9895775318145752,5,5,1,
4111,1,0.9331033229827881,5,5,1,
4112,1,0.8943452835083008,5,5,1,
4113,1,0.8709254264831543,5,3,0,
4114,1,0.9792687892913818,6,6,1,
4115,1,0.9340481758117676,2,2,1,
4116,1,0.9891371726989746,5,5,1,
4117,1,0.8448364734649658,4,2,0,
4118,1,0.9924619197845459,5,5,1,
4119,1,0.837893009185791,7,7,1,
4120,1,0.9845438003540039,3,3,1,
4121,1,0.9744267463684082,5,5,1,
4122,1,0.9077737331390381,0,0,1,
4123,1,0.8511364459991455,2,3,0,
4124,1,0.9275860786437988,7,4,0,
4125,1,0.9363508224487305,0,0,1,
4126,1,0.9785828590393066,1,1,1,
4127,1,0.9244115352630615,0,0,1,
4128,1,0.9440405368804932,1,1,1,
4129,1,0.870856523513794,0,2,0,
4130,1,0.8903689384460449,6,6,1,
4131,1,0.8756563663482666,0,0,1,
4132,1,0.9604148864746094,5,3,0,
4133,1,0.9193210601806641,5,4,0,
4134,1,0.9056046009063721,9,9,1,
4135,1,0.9299371242523193,2,2,1,
4136,1,0.936870813369751,1,1,1,
4137,1,0.8884084224700928,0,0,1,
4138,1,0.8433041572570801,6,6,1,
4139,1,0.8915033340454102,3,3,1,
4140,1,0.9327676296234131,7,7,1,
4141,1,0.8895113468170166,3,3,1,
4142,1,0.9348804950714111,6,6,1,
4143,1,0.9339330196380615,3,3,1,
4144,1,0.9680778980255127,8,8,1,
4145,1,0.8830616474151611,1,1,1,
4146,1,0.8928432464599609,3,3,1,
4147,1,0.8831439018249512,3,3,1,
4148,1,0.8957793712615967,0,0,1,
4149,1,0.894707441329956,1,1,1,
4150,1,0.993257999420166,8,8,1,
4151,1,0.938957929611206,2,2,1,
4152,1,0.8490560054779053,2,2,1,
4153,1,0.956024169921875,8,8,1,
4154,1,0.7910721302032471,9,9,1,
4155,1,1.017202377319336,6,6,1,
4156,1,0.8530778884887695,4,4,1,
4157,1,0.8107726573944092,1,1,1,
4158,1,0.8947000503540039,1,1,1,
4159,1,0.9195685386657715,5,5,1,
4160,1,0.9001758098602295,0,0,1,
4161,1,0.879676103591919,5,5,1,
4162,1,0.9354839324951172,6,6,1,
4163,1,0.9349050521850586,9,9,1,
4164,1,0.9862143993377686,7,7,1,
4165,1,0.8716108798980713,0,0,1,
4166,1,0.9367711544036865,7,7,1,
4167,1,0.9552905559539795,4,4,1,
4168,1,0.941746711730957,2,7,0,
4169,1,0.8868551254272461,8,8,1,
4170,1,0.945209264755249,9,1,0,
4171,1,0.9274179935455322,4,4,1,
4172,1,0.8933167457580566,5,6,0,
4173,1,0.9310545921325684,7,7,1,
4174,1,0.9389996528625488,6,6,1,
4175,1,0.9815924167633057,9,9,1,
4176,1,0.983191967010498,6,6,1,
4177,1,0.888319730758667,3,3,1,
4178,1,0.8929448127746582,6,6,1,
4179,1,0.8793938159942627,3,3,1,
4180,1,0.943230152130127,9,9,1,
4181,1,0.9267418384552002,2,2,1,
4182,1,0.9437055587768555,1,1,1,
4183,1,0.978933572769165,7,7,1,
4184,1,0.9400465488433838,9,9,1,
4185,1,0.8820927143096924,1,1,1,
4186,1,0.9583885669708252,7,7,1,
4187,1,0.9262435436248779,4,4,1,
4188,1,0.9130187034606934,5,7,0,
4189,1,0.9284205436706543,5,5,1,
4190,1,0.9159154891967773,6,6,1,
4191,1,0.8991296291351318,7,7,1,
4192,1,0.8934075832366943,4,4,1,
4193,1,0.9332523345947266,1,1,1,
4194,1,0.8696002960205078,5,5,1,
4195,1,0.9360902309417725,9,0,0,
4196,1,0.9807224273681641,7,7,1,
4197,1,0.9237947463989258,4,4,1,
4198,1,0.9875540733337402,1,1,1,
4199,1,0.9264347553253174,5,3,0,
4200,1,0.8892433643341064,1,1,1,
4201,1,0.9302825927734375,5,5,1,
4202,1,0.8414473533630371,1,1,1,
4203,1,0.9356625080108643,6,6,1,
4204,1,0.8744840621948242,8,8,1,
4205,1,0.9801750183105469,4,4,1,
4206,1,0.8997101783752441,8,8,1,
4207,1,0.8974003791809082,5,5,1,
4208,1,0.9523172378540039,8,8,1,
4209,1,0.9540836811065674,0,0,1,
4210,1,0.8655171394348145,9,9,1,
4211,1,1.0197341442108154,0,0,1,
4212,1,0.9419033527374268,1,1,1,
4213,1,0.9068186283111572,7,7,1,
4214,1,0.9124178886413574,1,1,1,
4215,1,0.8823225498199463,8,8,1,
4216,1,0.8940751552581787,9,9,1,
4217,1,0.9344766139984131,3,3,1,
4218,1,0.8908848762512207,0,0,1,
4219,1,0.980851411819458,7,7,1,
4220,1,0.8931219577789307,7,7,1,
4221,1,0.8861744403839111,5,5,1,
4222,1,0.9389233589172363,7,7,1,
4223,1,0.8752496242523193,6,6,1,
4224,1,0.934624433517456,9,9,1,
4225,1,1.0256283283233643,2,2,1,
4226,1,0.852271318435669,6,6,1,
4227,1,0.9859344959259033,7,7,1,
4228,1,0.8853967189788818,6,6,1,
4229,1,0.9517085552215576,9,9,1,
4230,1,0.9516880512237549,5,5,1,
4231,1,0.8581686019897461,5,5,1,
4232,1,0.9888978004455566,3,3,1,
4233,1,0.8823990821838379,9,9,1,
4234,1,0.999798059463501,4,4,1,
4235,1,0.8892519474029541,2,2,1,
4236,1,0.8923635482788086,2,4,0,
4237,1,0.9235107898712158,7,7,1,
4238,1,0.8911821842193604,6,6,1,
4239,1,0.9000494480133057,1,9,0,
4240,1,1.0134038925170898,5,5,1,
4241,1,0.900036096572876,2,2,1,
4242,1,0.9817905426025391,9,9,1,
4243,1,0.9407262802124023,6,6,1,
4244,1,0.8476879596710205,5,5,1,
4245,1,0.8143410682678223,9,9,1,
4246,1,0.8754944801330566,5,5,1,
4247,1,0.9142043590545654,6,6,1,
4248,1,0.9894132614135742,9,9,1,
4249,1,0.9807693958282471,3,3,1,
4250,1,0.8501267433166504,0,9,0,
4251,1,0.9274580478668213,3,2,0,
4252,1,0.9406113624572754,2,2,1,
4253,1,0.8612043857574463,1,1,1,
4254,1,0.8209869861602783,1,1,1,
4255,1,0.9465103149414062,2,2,1,
4256,1,0.9426217079162598,4,7,0,
4257,1,0.8836336135864258,0,0,1,
4258,1,0.9482223987579346,7,7,1,
4259,1,0.9608330726623535,6,6,1,
4260,1,0.8587198257446289,3,3,1,
4261,1,0.9179472923278809,7,7,1,
4262,1,0.9513614177703857,1,9,0,
4263,1,0.982429027557373,9,9,1,
4264,1,0.8896045684814453,5,5,1,
4265,1,0.8863997459411621,8,8,1,
4266,1,0.9272403717041016,7,4,0,
4267,1,0.931588888168335,9,9,1,
4268,1,0.8922276496887207,8,8,1,
4269,1,0.9866838455200195,1,1,1,
4270,1,0.8424091339111328,6,6,1,
4271,1,0.9995322227478027,8,8,1,
4272,1,0.9446353912353516,2,2,1,
4273,1,0.9293560981750488,7,5,0,
4274,1,0.93475341796875,8,8,1,
4275,1,0.8895986080169678,0,0,1,
4276,1,0.9800050258636475,0,0,1,
4277,1,0.9150731563568115,1,1,1,
4278,1,0.9356255531311035,2,2,1,
4279,1,0.9449434280395508,8,8,1,
4280,1,0.847226619720459,2,3,0,
4281,1,0.9332072734832764,1,1,1,
4282,1,0.9959251880645752,5,3,0,
4283,1,0.8359901905059814,2,2,1,
4284,1,0.9469833374023438,0,0,1,
4285,1,1.0742027759552002,1,1,1,
4286,1,0.990525484085083,0,0,1,
4287,1,0.7905337810516357,1,1,1,
4288,1,0.9485173225402832,0,0,1,
4289,1,1.0054969787597656,0,8,0,
4290,1,0.9533436298370361,6,6,1,
4291,1,0.9311387538909912,1,1,1,
4292,1,0.8612334728240967,1,1,1,
4293,1,0.985020637512207,8,8,1,
4294,1,0.9626555442810059,4,4,1,
4295,1,0.9373819828033447,1,1,1,
4296,1,0.957129955291748,7,7,1,
4297,1,0.9306349754333496,4,4,1,
4298,1,0.8886048793792725,3,3,1,
4299,1,0.9273190498352051,9,1,0,
4300,1,0.9442338943481445,0,0,1,
4301,1,0.9815378189086914,2,2,1,
4302,1,0.9465241432189941,4,3,0,
4303,1,0.9215567111968994,2,2,1,
4304,1,0.8763296604156494,8,8,1,
4305,1,0.932605504989624,3,3,1,
4306,1,0.8880047798156738,2,2,1,
4307,1,0.843055248260498,5,7,0,
4308,1,0.884521484375,9,9,1,
4309,1,0.9298501014709473,2,2,1,
4310,1,1.0406036376953125,9,9,1,
4311,1,0.8719768524169922,2,3,0,
4312,1,0.9816019535064697,8,8,1,
4313,1,0.8890113830566406,7,7,1,
4314,1,0.9480462074279785,9,9,1,
4315,1,0.9771919250488281,1,1,1,
4316,1,0.8908042907714844,5,5,1,
4317,1,0.8349363803863525,3,3,1,
4318,1,0.9830827713012695,3,3,1,
4319,1,0.973132848739624,5,3,0,
4320,1,0.8892369270324707,4,4,1,
4321,1,0.978259801864624,8,8,1,
4322,1,0.8970539569854736,1,1,1,
4323,1,0.8844280242919922,9,9,1,
4324,1,0.9424631595611572,9,9,1,
4325,1,1.0163168907165527,3,3,1,
4326,1,0.9421060085296631,1,1,1,
4327,1,0.9300646781921387,7,7,1,
4328,1,0.9386448860168457,8,8,1,
4329,1,0.9722316265106201,6,2,0,
4330,1,0.8851468563079834,8,8,1,
4331,1,0.9353687763214111,3,5,0,
4332,1,0.9790441989898682,9,9,1,
4333,1,0.929455041885376,3,3,1,
4334,1,0.952275276184082,2,2,1,
4335,1,0.9105157852172852,9,9,1,
4336,1,0.8970456123352051,4,5,0,
4337,1,1.0211403369903564,3,3,1,
4338,1,0.838310956954956,2,2,1,
4339,1,0.8612096309661865,5,5,1,
4340,1,0.8944730758666992,2,8,0,
4341,1,0.9459185600280762,7,7,1,
4342,1,0.8404734134674072,0,0,1,
4343,1,0.9770448207855225,9,9,1,
4344,1,0.9383699893951416,7,2,0,
4345,1,1.0146770477294922,3,3,1,
4346,1,0.9631218910217285,8,8,1,
4347,1,0.8871519565582275,6,6,1,
4348,1,0.9284403324127197,6,6,1,
4349,1,0.9321925640106201,0,0,1,
4350,1,0.8031783103942871,4,4,1,
4351,1,0.9368026256561279,2,2,1,
4352,1,0.9192161560058594,4,4,1,
4353,1,0.9594457149505615,6,6,1,
4354,1,0.8868350982666016,5,3,0,
4355,1,0.8977248668670654,8,8,1,
4356,1,0.8367912769317627,7,7,1,
4357,1,0.9877035617828369,6,6,1,
4358,1,0.8778781890869141,7,7,1,
4359,1,0.9893262386322021,9,9,1,
4360,1,0.9298808574676514,9,9,1,
4361,1,0.9408013820648193,4,4,1,
4362,1,0.8696513175964355,8,8,1,
4363,1,0.9369196891784668,5,5,1,
4364,1,0.9479241371154785,5,5,1,
4365,1,0.920722484588623,4,4,1,
4366,1,0.8760166168212891,2,2,1,
4367,1,0.8975780010223389,0,5,0,
4368,1,0.8981387615203857,5,5,1,
4369,1,1.0373027324676514,0,0,1,
4370,1,0.8475477695465088,9,9,1,
4371,1,0.9363784790039062,9,9,1,
4372,1,0.9614689350128174,5,5,1,
4373,1,0.8869373798370361,0,0,1,
4374,1,0.9060864448547363,2,2,1,
4375,1,1.0577819347381592,7,7,1,
4376,1,0.836728572845459,0,0,1,
4377,1,0.884211540222168,2,2,1,
4378,1,0.9247527122497559,4,4,1,
4379,1,0.9561166763305664,1,1,1,
4380,1,0.9525697231292725,0,0,1,
4381,1,0.8624255657196045,8,8,1,
4382,1,0.9560966491699219,4,4,1,
4383,1,0.9519526958465576,7,7,1,
4384,1,0.9203133583068848,4,4,1,
4385,1,0.9397845268249512,0,0,1,
4386,1,0.9542207717895508,6,6,1,
4387,1,0.9532127380371094,2,2,1,
4388,1,0.9750165939331055,6,6,1,
4389,1,0.8026552200317383,6,6,1,
4390,1,0.9491043090820312,1,1,1,
4391,1,0.8614463806152344,2,2,1,
4392,1,0.8674747943878174,6,6,1,
4393,1,0.9380855560302734,4,4,1,
4394,1,1.0123653411865234,3,4,0,
4395,1,0.952887773513794,0,0,1,
4396,1,0.9088246822357178,6,6,1,
4397,1,0.9171059131622314,4,4,1,
4398,1,0.9131076335906982,5,5,1,
4399,1,0.9365386962890625,4,4,1,
4400,1,0.8799774646759033,1,1,1,
4401,1,0.9373831748962402,5,5,1,
4402,1,0.9441254138946533,6,6,1,
4403,1,1.0230977535247803,6,6,1,
4404,1,0.8468983173370361,5,5,1,
4405,1,0.8998417854309082,2,2,1,
4406,1,0.9331731796264648,5,5,1,
4407,1,0.8012466430664062,4,4,1,
4408,1,0.8573505878448486,8,8,1,
4409,1,0.9680933952331543,3,3,1,
4410,1,0.9539766311645508,2,2,1,
4411,1,0.9511682987213135,0,0,1,
4412,1,0.8597559928894043,0,0,1,
4413,1,0.8675966262817383,7,7,1,
4414,1,0.8983047008514404,8,8,1,
4415,1,0.8952381610870361,5,5,1,
4416,1,0.8890249729156494,8,8,1,
4417,1,0.962327241897583,9,9,1,
4418,1,0.9958577156066895,5,3,0,
4419,1,0.9653744697570801,2,2,1,
4420,1,0.9811012744903564,5,5,1,
4421,1,0.9338722229003906,0,0,1,
4422,1,0.9022135734558105,2,2,1,
4423,1,0.9597434997558594,4,4,1,
4424,1,0.9651830196380615,4,4,1,
4425,1,0.9315876960754395,7,7,1,
4426,1,0.9320154190063477,0,7,0,
4427,1,0.9893784523010254,9,9,1,
4428,1,0.9250898361206055,0,0,1,
4429,1,0.8978936672210693,9,9,1,
4430,1,0.9071245193481445,8,8,1,
4431,1,0.8654611110687256,0,0,1,
4432,1,1.0230462551116943,7,7,1,
4433,1,0.9444353580474854,3,3,1,
4434,1,0.8895995616912842,1,1,1,
4435,1,0.8287746906280518,3,3,1,
4436,1,1.065056324005127,8,8,1,
4437,1,0.9889612197875977,6,6,1,
4438,1,0.8988394737243652,2,2,1,
4439,1,0.9616196155548096,6,6,1,
4440,1,0.9160709381103516,7,7,1,
4441,1,0.9839913845062256,9,9,1,
4442,1,0.8417541980743408,5,5,1,
4443,1,0.9836821556091309,4,4,1,
4444,1,0.8028473854064941,9,9,1,
4445,1,1.0182249546051025,1,1,1,
4446,1,0.8965675830841064,9,9,1,
4447,1,0.9471850395202637,0,0,1,
4448,1,0.8536727428436279,2,2,1,
4449,1,0.897904634475708,4,4,1,
4450,1,0.9285478591918945,1,1,1,
4451,1,0.9558334350585938,5,3,0,
4452,1,0.9556441307067871,0,0,1,
4453,1,0.8919827938079834,2,2,1,
4454,1,0.9922449588775635,1,1,1,
4455,1,0.9392220973968506,2,2,1,
4456,1,0.9994337558746338,5,5,1,
4457,1,0.898181676864624,5,5,1,
4458,1,0.8433148860931396,2,2,1,
4459,1,1.0168919563293457,2,2,1,
4460,1,0.9095108509063721,0,7,0,
4461,1,0.991767168045044,4,4,1,
4462,1,0.8807156085968018,4,4,1,
4463,1,0.9429373741149902,3,6,0,
4464,1,0.9203691482543945,5,5,1,
4465,1,1.0380425453186035,3,3,1,
4466,1,0.8804988861083984,4,4,1,
4467,1,0.8861510753631592,9,9,1,
4468,1,0.9834513664245605,4,4,1,
4469,1,0.8916029930114746,0,0,1,
4470,1,1.0292725563049316,8,8,1,
4471,1,0.8931758403778076,4,4,1,
4472,1,0.9342107772827148,0,0,1,
4473,1,0.8571934700012207,4,4,1,
4474,1,0.9359695911407471,1,1,1,
4475,1,0.8964493274688721,1,1,1,
4476,1,0.9376747608184814,0,0,1,
4477,1,0.9849698543548584,1,1,1,
4478,1,0.9278161525726318,9,9,1,
4479,1,0.9894077777862549,6,6,1,
4480,1,0.8608686923980713,5,5,1,
4481,1,0.9769744873046875,9,9,1,
4482,1,0.8834614753723145,1,1,1,
4483,1,0.8946070671081543,4,4,1,
4484,1,0.9311671257019043,0,0,1,
4485,1,0.8931999206542969,3,7,0,
4486,1,1.0050208568572998,0,0,1,
4487,1,0.9176063537597656,1,1,1,
4488,1,0.8950700759887695,6,6,1,
4489,1,0.8684041500091553,4,4,1,
4490,1,0.9274535179138184,1,1,1,
4491,1,1.033686637878418,5,5,1,
4492,1,0.8355391025543213,2,2,1,
4493,1,1.033841848373413,8,8,1,
4494,1,0.8900468349456787,5,3,0,
4495,1,0.9065299034118652,6,6,1,
4496,1,0.9145543575286865,8,3,0,
4497,1,0.957005500793457,6,6,1,
4498,1,0.9399960041046143,5,5,1,
4499,1,1.0361120700836182,9,9,1,
4500,1,0.8837406635284424,5,5,1,
4501,1,0.9389171600341797,8,8,1,
4502,1,0.9243168830871582,0,0,1,
4503,1,0.9209415912628174,1,1,1,
4504,1,0.9294948577880859,7,7,1,
4505,1,0.9353251457214355,0,0,1,
4506,1,0.9784755706787109,8,8,1,
4507,1,0.9369854927062988,7,7,1,
4508,1,0.8842370510101318,5,5,1,
4509,1,0.8773765563964844,3,3,1,
4510,1,0.91522216796875,5,5,1,
4511,1,0.9094631671905518,5,5,1,
4512,1,0.937593936920166,5,3,0,
4513,1,0.991762638092041,5,5,1,
4514,1,0.8868772983551025,8,8,1,
4515,1,0.8959271907806396,8,8,1,
4516,1,0.9336566925048828,3,3,1,
4517,1,0.9191460609436035,9,9,1,
4518,1,0.9346508979797363,5,3,0,
4519,1,0.9527008533477783,4,4,1,
4520,1,0.9514486789703369,8,8,1,
4521,1,0.8736207485198975,9,9,1,
4522,1,0.8843846321105957,5,5,1,
4523,1,0.891589879989624,4,4,1,
4524,1,0.8387155532836914,4,7,0,
4525,1,0.9901111125946045,6,6,1,
4526,1,0.9743335247039795,9,9,1,
4527,1,0.8692047595977783,1,1,1,
4528,1,0.95627760887146,9,9,1,
4529,1,0.9449965953826904,7,3,0,
4530,1,0.933150053024292,2,2,1,
4531,1,0.9158954620361328,3,6,0,
4532,1,0.9379215240478516,8,8,1,
4533,1,1.0816619396209717,7,7,1,
4534,1,0.8723399639129639,9,9,1,
4535,1,0.8603370189666748,3,3,1,
4536,1,1.016057014465332,1,1,1,
4537,1,0.8990464210510254,1,1,1,
4538,1,0.9184226989746094,8,8,1,
4539,1,0.8956851959228516,6,6,1,
4540,1,0.943641185760498,4,4,1,
4541,1,0.9748895168304443,4,4,1,
4542,1,0.8363292217254639,9,9,1,
4543,1,0.8963253498077393,8,8,1,
4544,1,0.9409875869750977,7,7,1,
4545,1,1.0340907573699951,6,6,1,
4546,1,0.8665533065795898,9,9,1,
4547,1,0.8992176055908203,6,6,1,
4548,1,1.0366830825805664,2,2,1,
4549,1,0.990952730178833,2,3,0,
4550,1,0.9426426887512207,5,5,1,
4551,1,0.9717392921447754,0,0,1,
4552,1,0.9694738388061523,6,6,1,
4553,1,0.8610968589782715,8,8,1,
4554,1,1.0001249313354492,6,6,1,
4555,1,0.8923916816711426,2,2,1,
4556,1,0.9470424652099609,1,1,1,
4557,1,1.0417044162750244,8,8,1,
4558,1,0.9134440422058105,2,2,1,
4559,1,0.9276766777038574,4,2,0,
4560,1,0.9399375915527344,6,6,1,
4561,1,0.9447352886199951,9,9,1,
4562,1,0.9821774959564209,4,4,1,
4563,1,0.9465627670288086,1,1,1,
4564,1,0.952355146408081,5,3,0,
4565,1,1.0058681964874268,8,8,1,
4566,1,0.8733136653900146,8,8,1,
4567,1,0.892218828201294,2,2,1,
4568,1,0.9375228881835938,8,8,1,
4569,1,0.9874467849731445,9,9,1,
4570,1,0.9858882427215576,8,8,1,
4571,1,0.9690296649932861,2,2,1,
4572,1,0.9370467662811279,0,8,0,
4573,1,0.9700243473052979,5,5,1,
4574,1,0.8580708503723145,9,9,1,
4575,1,0.9849042892456055,8,8,1,
4576,1,0.8897097110748291,8,8,1,
4577,1,0.9398155212402344,4,4,1,
4578,1,1.0047729015350342,1,1,1,
4579,1,0.9476571083068848,8,8,1,
4580,1,0.9448831081390381,2,2,1,
4581,1,0.9498326778411865,1,1,1,
4582,1,0.8571937084197998,6,6,1,
4583,1,0.9592244625091553,8,8,1,
4584,1,0.8579070568084717,8,8,1,
4585,1,1.0197346210479736,9,9,1,
4586,1,0.8905863761901855,6,6,1,
4587,1,0.9444782733917236,4,4,1,
4588,1,0.9773814678192139,4,4,1,
4589,1,0.9407384395599365,1,1,1,
4590,1,0.9336254596710205,6,6,1,
4591,1,1.0418713092803955,9,9,1,
4592,1,0.9245078563690186,6,6,1,
4593,1,0.8810350894927979,8,8,1,
4594,1,0.882258415222168,9,9,1,
4595,1,1.0172924995422363,8,8,1,
4596,1,0.9555478096008301,6,6,1,
4597,1,0.8976271152496338,7,7,1,
4598,1,0.9303319454193115,5,5,1,
4599,1,0.9853494167327881,3,3,1,
4600,1,0.9348628520965576,5,3,0,
4601,1,0.9857478141784668,1,1,1,
4602,1,0.9781010150909424,0,0,1,
4603,1,0.872673511505127,1,1,1,
4604,1,0.9451074600219727,8,8,1,
4605,1,0.8936374187469482,6,6,1,
4606,1,0.9258344173431396,9,9,1,
4607,1,0.9409914016723633,4,4,1,
4608,1,1.0699405670166016,0,0,1,
4609,1,0.9476945400238037,3,3,1,
4610,1,0.8460564613342285,8,8,1,
4611,1,1.0492405891418457,7,7,1,
4612,1,0.9036500453948975,4,4,1,
4613,1,0.9921741485595703,0,0,1,
4614,1,0.9413461685180664,4,4,1,
4615,1,1.016599178314209,4,4,1,
4616,1,0.9833984375,2,2,1,
4617,1,0.9430084228515625,4,4,1,
4618,1,0.9810101985931396,7,7,1,
4619,1,0.864729642868042,6,6,1,
4620,1,0.9425957202911377,1,1,1,
4621,1,0.9562633037567139,5,3,0,
4622,1,0.9075281620025635,6,6,1,
4623,1,0.9875504970550537,5,5,1,
4624,1,0.9759061336517334,1,1,1,
4625,1,0.8879499435424805,8,8,1,
4626,1,0.8884642124176025,1,1,1,
4627,1,0.8948025703430176,3,3,1,
4628,1,0.9933667182922363,4,4,1,
4629,1,0.9217653274536133,9,9,1,
4630,1,0.895611047744751,7,7,1,
4631,1,0.8718974590301514,6,6,1,
4632,1,0.8382489681243896,7,7,1,
4633,1,0.9859833717346191,5,3,0,
4634,1,0.930950403213501,9,9,1,
4635,1,0.9667055606842041,8,2,0,
4636,1,1.007450819015503,4,4,1,
4637,1,0.948483943939209,4,3,0,
4638,1,0.978179931640625,6,6,1,
4639,1,0.8442645072937012,8,8,1,
4640,1,0.8925549983978271,9,9,1,
4641,1,0.877392053604126,1,1,1,
4642,1,1.0305418968200684,5,6,0,
4643,1,0.939699649810791,2,2,1,
4644,1,0.915696382522583,7,7,1,
4645,1,0.9248919486999512,1,1,1,
4646,1,1.028965950012207,5,5,1,
4647,1,0.9375360012054443,0,0,1,
4648,1,0.928631067276001,0,6,0,
4649,1,0.9321441650390625,1,1,1,
4650,1,0.929286003112793,5,6,0,
4651,1,0.8764965534210205,8,8,1,
4652,1,0.9374184608459473,8,8,1,
4653,1,0.8946070671081543,0,0,1,
4654,1,0.9135417938232422,6,6,1,
4655,1,1.048401117324829,6,6,1,
4656,1,1.0332660675048828,3,3,1,
4657,1,0.8781774044036865,6,6,1,
4658,1,0.8439176082611084,8,8,1,
4659,1,1.0323905944824219,8,8,1,
4660,1,0.9348495006561279,5,4,0,
4661,1,0.9248816967010498,2,2,1,
4662,1,0.9510142803192139,7,7,1,
4663,1,0.9577441215515137,9,9,1,
4664,1,0.867682695388794,2,2,1,
4665,1,0.9000539779663086,4,4,1,
4666,1,0.9759066104888916,0,0,1,
4667,1,0.8918142318725586,9,9,1,
4668,1,0.9285082817077637,2,2,1,
4669,1,1.0155856609344482,7,7,1,
4670,1,0.9256491661071777,3,3,1,
4671,1,0.9492664337158203,8,8,1,
4672,1,0.9383544921875,5,3,0,
4673,1,0.852210521697998,4,4,1,
4674,1,0.9377696514129639,0,0,1,
4675,1,0.9496417045593262,2,2,1,
4676,1,0.9235248565673828,8,8,1,
4677,1,0.897768497467041,0,0,1,
4678,1,0.9934482574462891,2,2,1,
4679,1,0.909517765045166,1,1,1,
4680,1,0.9979920387268066,0,0,1,
4681,1,0.9294052124023438,8,8,1,
4682,1,0.9273402690887451,7,7,1,
4683,1,0.9319448471069336,9,9,1,
4684,1,0.9369602203369141,5,3,0,
4685,1,0.9353508949279785,8,8,1,
4686,1,0.9366140365600586,9,9,1,
4687,1,0.9785263538360596,2,2,1,
4688,1,1.0100066661834717,5,5,1,
4689,1,0.8613343238830566,7,7,1,
4690,1,0.9385628700256348,8,8,1,
4691,1,0.9379146099090576,9,9,1,
4692,1,1.0008573532104492,8,8,1,
4693,1,0.9213345050811768,8,8,1,
4694,1,0.8880627155303955,0,0,1,
4695,1,0.9847574234008789,1,1,1,
4696,1,0.8885204792022705,5,5,1,
4697,1,0.9997363090515137,9,0,0,
4698,1,0.9670755863189697,5,3,0,
4699,1,0.9306514263153076,5,2,0,
4700,1,0.9850130081176758,0,0,1,
4701,1,0.929877758026123,4,4,1,
4702,1,0.9382884502410889,5,3,0,
4703,1,0.9606220722198486,3,3,1,
4704,1,0.9066774845123291,6,6,1,
4705,1,0.8980669975280762,9,9,1,
4706,1,0.8854005336761475,6,6,1,
4707,1,0.9935915470123291,1,1,1,
4708,1,0.9357438087463379,0,0,1,
4709,1,0.9942057132720947,9,9,1,
4710,1,1.0119504928588867,7,3,0,
4711,1,0.8711214065551758,5,5,1,
4712,1,0.8908746242523193,5,5,1,
4713,1,0.9932107925415039,0,0,1,
4714,1,0.9394948482513428,6,6,1,
4715,1,0.9824035167694092,8,8,1,
4716,1,0.892143964767456,5,5,1,
4717,1,0.9340353012084961,2,2,1,
4718,1,0.9366087913513184,7,7,1,
4719,1,1.0349314212799072,3,3,1,
4720,1,0.8866910934448242,4,4,1,
4721,1,0.9073984622955322,7,6,0,
4722,1,0.9547626972198486,8,8,1,
4723,1,1.0078303813934326,3,3,1,
4724,1,0.898287296295166,1,1,1,
4725,1,1.0017240047454834,4,4,1,
4726,1,0.9260215759277344,4,4,1,
4727,1,0.8880019187927246,8,8,1,
4728,1,0.8891332149505615,5,5,1,
4729,1,1.0887579917907715,0,8,0,
4730,1,0.9011282920837402,7,7,1,
4731,1,0.8676023483276367,6,6,1,
4732,1,0.9397668838500977,7,7,1,
4733,1,1.0261344909667969,7,7,1,
4734,1,0.8827841281890869,8,0,0,
4735,1,0.9445531368255615,1,1,1,
4736,1,0.9412612915039062,8,8,1,
4737,1,0.9646775722503662,6,6,1,
4738,1,0.9796969890594482,2,2,1,
4739,1,0.9895918369293213,4,4,1,
4740,1,0.9700727462768555,5,3,0,
4741,1,0.9389047622680664,5,3,0,
4742,1,1.0743284225463867,7,7,1,
4743,1,0.9067819118499756,5,5,1,
4744,1,0.8909685611724854,1,1,1,
4745,1,0.92820143699646,8,8,1,
4746,1,0.8881163597106934,5,5,1,
4747,1,0.9439234733581543,1,1,1,
4748,1,0.984870195388794,0,0,1,
4749,1,0.8008387088775635,5,3,0,
4750,1,0.8421919345855713,5,5,1,
4751,1,0.9285523891448975,8,8,1,
4752,1,0.9661216735839844,5,4,0,
4753,1,0.9052925109863281,7,7,1,
4754,1,0.9382784366607666,2,2,1,
4755,1,0.9400599002838135,4,5,0,
4756,1,0.9356858730316162,9,9,1,
4757,1,0.9456737041473389,1,1,1,
4758,1,0.9769642353057861,8,8,1,
4759,1,0.9639906883239746,6,6,1,
4760,1,0.9241461753845215,2,2,1,
4761,1,0.9471626281738281,1,1,1,
4762,1,0.9524540901184082,6,6,1,
4763,1,0.960071325302124,6,6,1,
4764,1,0.9490945339202881,0,2,0,
4765,1,0.862943172454834,1,1,1,
4766,1,0.9394400119781494,9,9,1,
4767,1,0.992095947265625,4,4,1,
4768,1,0.8883209228515625,3,3,1,
4769,1,0.8949134349822998,4,4,1,
4770,1,1.001439094543457,8,8,1,
4771,1,0.9756226539611816,1,1,1,
4772,1,0.9194729328155518,6,6,1,
4773,1,0.9051370620727539,3,3,1,
4774,1,0.9973869323730469,7,2,0,
4775,1,0.9172663688659668,0,0,1,
4776,1,0.8902022838592529,2,2,1,
4777,1,0.9830148220062256,7,3,0,
4778,1,0.9261925220489502,8,8,1,
4779,1,0.9854030609130859,0,0,1,
4780,1,0.9300127029418945,8,8,1,
4781,1,0.9382283687591553,2,2,1,
4782,1,1.0145020484924316,5,5,1,
4783,1,0.8954153060913086,5,5,1,
4784,1,0.9863219261169434,0,0,1,
4785,1,0.9542088508605957,9,1,0,
4786,1,0.8950622081756592,6,6,1,
4787,1,0.9330124855041504,0,0,1,
4788,1,0.9414238929748535,1,1,1,
4789,1,0.939293384552002,4,4,1,
4790,1,0.9248230457305908,8,8,1,
4791,1,0.9972248077392578,2,2,1,
4792,1,0.9362027645111084,1,1,1,
4793,1,1.029815673828125,4,4,1,
4794,1,0.8412704467773438,2,2,1,
4795,1,0.9925587177276611,0,0,1,
4796,1,0.8821723461151123,0,0,1,
4797,1,0.9538595676422119,2,2,1,
4798,1,0.9533045291900635,2,2,1,
4799,1,0.9405908584594727,9,9,1,
4800,1,0.8851983547210693,9,9,1,
4801,1,0.9685578346252441,4,4,1,
4802,1,0.9627649784088135,9,9,1,
4803,1,0.9587972164154053,6,6,1,
4804,1,0.9168663024902344,2,2,1,
4805,1,0.9551365375518799,1,1,1,
4806,1,1.0869803428649902,5,5,1,
4807,1,0.9297358989715576,2,2,1,
4808,1,1.0319006443023682,7,7,1,
4809,1,0.9467592239379883,9,9,1,
4810,1,1.022620439529419,6,6,1,
4811,1,0.9000027179718018,7,7,1,
4812,1,0.9269697666168213,1,1,1,
4813,1,0.9399559497833252,5,5,1,
4814,1,1.032942771911621,6,6,1,
4815,1,0.7992837429046631,8,8,1,
4816,1,1.065842628479004,5,3,0,
4817,1,0.9935348033905029,6,6,1,
4818,1,0.8917279243469238,8,8,1,
4819,1,1.0381910800933838,4,4,1,
4820,1,1.0087695121765137,2,2,1,
4821,1,0.8906679153442383,4,4,1,
4822,1,0.946998119354248,8,8,1,
4823,1,0.9655992984771729,4,4,1,
4824,1,1.0218477249145508,9,9,1,
4825,1,0.9877774715423584,0,0,1,
4826,1,0.9821343421936035,2,2,1,
4827,1,0.9850180149078369,5,5,1,
4828,1,0.9385640621185303,1,1,1,
4829,1,0.9565212726593018,6,6,1,
4830,1,0.9299254417419434,4,4,1,
4831,1,0.9584355354309082,1,1,1,
4832,1,0.9774017333984375,9,9,1,
4833,1,0.8943803310394287,3,3,1,
4834,1,0.9036557674407959,4,4,1,
4835,1,0.9738192558288574,6,6,1,
4836,1,0.9298927783966064,4,4,1,
4837,1,1.0390491485595703,4,4,1,
4838,1,0.8754315376281738,2,6,0,
4839,1,0.8447353839874268,4,4,1,
4840,1,0.9283502101898193,5,5,1,
4841,1,0.9086825847625732,8,8,1,
4842,1,0.9652845859527588,4,3,0,
4843,1,0.9364030361175537,5,5,1,
4844,1,0.931769847869873,2,3,0,
4845,1,0.9846513271331787,8,8,1,
4846,1,0.9272046089172363,6,6,1,
4847,1,0.835777997970581,3,3,1,
4848,1,0.91245436668396,8,0,0,
4849,1,0.9370708465576172,8,2,0,
4850,1,0.9769415855407715,0,0,1,
4851,1,0.9361629486083984,6,6,1,
4852,1,0.922095775604248,2,2,1,
4853,1,0.972991943359375,2,2,1,
4854,1,0.9144394397735596,0,0,1,
4855,1,0.8575747013092041,5,5,1,
4856,1,0.9820575714111328,0,2,0,
4857,1,0.9811580181121826,0,0,1,
4858,1,0.8870446681976318,8,8,1,
4859,1,0.8900258541107178,7,7,1,
4860,1,0.8910303115844727,9,9,1,
4861,1,0.9935519695281982,3,3,1,
4862,1,0.8794276714324951,0,0,1,
4863,1,0.95688796043396,0,0,1,
4864,1,0.9276242256164551,5,5,1,
4865,1,0.9608137607574463,8,8,1,
4866,1,0.8563785552978516,0,0,1,
4867,1,0.9582180976867676,2,2,1,
4868,1,0.9187846183776855,1,1,1,
4869,1,0.8019905090332031,1,1,1,
4870,1,0.9424855709075928,8,8,1,
4871,1,0.888817548751831,3,3,1,
4872,1,1.018179178237915,1,1,1,
4873,1,0.9344170093536377,4,4,1,
4874,1,0.9345822334289551,3,3,1,
4875,1,0.9409418106079102,4,4,1,
4876,1,0.9806880950927734,8,8,1,
4877,1,0.8948612213134766,4,4,1,
4878,1,0.9269030094146729,7,7,1,
4879,1,0.8672628402709961,5,5,1,
4880,1,0.907188892364502,7,7,1,
4881,1,0.9904134273529053,9,9,1,
4882,1,0.8642902374267578,2,2,1,
4883,1,1.0538763999938965,8,7,0,
4884,1,0.8881840705871582,6,6,1,
4885,1,0.9458184242248535,2,3,0,
4886,1,0.9296910762786865,6,6,1,
4887,1,0.9833474159240723,1,1,1,
4888,1,0.8475983142852783,9,9,1,
4889,1,0.848675012588501,2,0,0,
4890,1,1.010815143585205,7,4,0,
4891,1,0.9622750282287598,5,3,0,
4892,1,0.9868996143341064,0,0,1,
4893,1,0.919121503829956,6,6,1,
4894,1,0.9088759422302246,8,8,1,
4895,1,1.0456697940826416,5,3,0,
4896,1,0.9324443340301514,9,9,1,
4897,1,0.8912346363067627,7,7,1,
4898,1,0.8872659206390381,2,2,1,
4899,1,0.9218881130218506,5,4,0,
4900,1,1.0000145435333252,2,2,1,
4901,1,1.0120635032653809,3,5,0,
4902,1,0.945868730545044,2,2,1,
4903,1,1.0080475807189941,4,4,1,
4904,1,0.8921041488647461,6,3,0,
4905,1,0.9371628761291504,6,6,1,
4906,1,0.9412846565246582,8,8,1,
4907,1,0.9358875751495361,9,9,1,
4908,1,1.005951166152954,1,1,1,
4909,1,0.890486478805542,8,8,1,
4910,1,0.9968221187591553,1,1,1,
4911,1,0.8271477222442627,6,6,1,
4912,1,0.9968595504760742,9,9,1,
4913,1,0.969231128692627,2,2,1,
4914,1,0.9303500652313232,0,0,1,
4915,1,0.9879257678985596,6,3,0,
4916,1,0.9155013561248779,5,5,1,
4917,1,0.9490947723388672,0,0,1,
4918,1,0.9334399700164795,2,2,1,
4919,1,0.9865429401397705,5,5,1,
4920,1,0.8846492767333984,0,0,1,
4921,1,1.0039520263671875,6,6,1,
4922,1,0.9118747711181641,6,6,1,
4923,1,0.9156944751739502,1,1,1,
4924,1,0.9372222423553467,7,7,1,
4925,1,0.910067081451416,5,5,1,
4926,1,0.9894230365753174,2,2,1,
4927,1,0.986574649810791,4,4,1,
4928,1,0.8653500080108643,7,7,1,
4929,1,1.0473618507385254,1,1,1,
4930,1,0.9813268184661865,2,2,1,
4931,1,0.9325351715087891,5,3,0,
4932,1,1.043870449066162,5,5,1,
4933,1,0.9871323108673096,9,0,0,
4934,1,0.9562427997589111,7,7,1,
4935,1,0.8748831748962402,4,4,1,
4936,1,0.9281589984893799,8,8,1,
4937,1,0.9294371604919434,7,7,1,
4938,1,0.9422502517700195,7,7,1,
4939,1,0.9342691898345947,7,7,1,
4940,1,0.8883087635040283,5,5,1,
4941,1,0.9397761821746826,7,7,1,
4942,1,0.9287104606628418,8,8,1,
4943,1,0.9368524551391602,1,1,1,
4944,1,0.9406461715698242,7,7,1,
4945,1,0.9465157985687256,2,2,1,
4946,1,0.96529221534729,5,5,1,
4947,1,0.9938511848449707,5,2,0,
4948,1,0.9739925861358643,2,2,1,
4949,1,0.9505367279052734,3,3,1,
4950,1,0.9136447906494141,2,2,1,
4951,1,0.9966449737548828,6,6,1,
4952,1,0.9826164245605469,7,7,1,
4953,1,0.9317891597747803,6,6,1,
4954,1,1.0196666717529297,5,5,1,
4955,1,0.956061840057373,6,6,1,
4956,1,1.0117597579956055,4,4,1,
4957,1,0.9416966438293457,0,0,1,
4958,1,0.8020627498626709,0,8,0,
4959,1,1.064526081085205,5,6,0,
4960,1,0.9107253551483154,2,2,1,
4961,1,0.8749501705169678,8,8,1,
4962,1,1.029515266418457,8,8,1,
4963,1,0.9643745422363281,3,3,1,
4964,1,1.033520221710205,1,1,1,
4965,1,0.9585263729095459,3,4,0,
4966,1,0.9049630165100098,9,9,1,
4967,1,0.9202582836151123,4,4,1,
4968,1,0.899843692779541,7,7,1,
4969,1,0.9881682395935059,5,5,1,
4970,1,0.9276285171508789,5,5,1,
4971,1,1.061323881149292,2,2,1,
4972,1,0.9438498020172119,8,8,1,
4973,1,0.9416823387145996,5,5,1,
4974,1,0.9510486125946045,8,8,1,
4975,1,0.9601619243621826,1,1,1,
4976,1,0.9360506534576416,2,5,0,
4977,1,0.9448904991149902,2,6,0,
4978,1,0.9797897338867188,8,8,1,
4979,1,0.9437170028686523,6,6,1,
4980,1,0.8895769119262695,3,3,1,
4981,1,1.024756908416748,1,1,1,
4982,1,0.8864047527313232,7,7,1,
4983,1,1.0320937633514404,8,8,1,
4984,1,1.039628028869629,8,8,1,
4985,1,0.9325523376464844,9,9,1,
4986,1,0.8816852569580078,2,2,1,
4987,1,1.0424745082855225,2,2,1,
4988,1,0.8613262176513672,0,0,1,
4989,1,0.9428536891937256,3,3,1,
4990,1,0.9511826038360596,0,0,1,
4991,1,0.9449167251586914,2,2,1,
4992,1,0.9485564231872559,6,6,1,
4993,1,0.9706459045410156,2,2,1,
4994,1,1.0408077239990234,4,4,1,
4995,1,0.9420902729034424,6,6,1,
4996,1,0.8683376312255859,8,8,1,
4997,1,0.9438996315002441,6,6,1,
4998,1,0.8865652084350586,4,4,1,
4999,1,0.9440202713012695,5,5,1,
5000,1,0.980905294418335,6,6,1,
5001,1,0.9944171905517578,4,4,1,
5002,1,0.930715799331665,6,6,1,
5003,1,0.940779447555542,5,3,0,
5004,1,0.9881582260131836,4,4,1,
5005,1,0.9673280715942383,8,8,1,
5006,1,0.9397354125976562,9,9,1,
5007,1,0.9750430583953857,5,6,0,
5008,1,0.9831509590148926,0,0,1,
5009,1,0.9825444221496582,1,1,1,
5010,1,0.9285078048706055,1,1,1,
5011,1,1.0305709838867188,6,6,1,
5012,1,0.91288161277771,6,6,1,
5013,1,0.9392228126525879,4,4,1,
5014,1,0.9376952648162842,6,6,1,
5015,1,1.0505366325378418,9,9,1,
5016,1,0.8834953308105469,0,0,1,
5017,1,1.0245411396026611,5,3,0,
5018,1,0.9483389854431152,2,4,0,
5019,1,0.9764657020568848,9,9,1,
5020,1,0.946295976638794,1,1,1,
5021,1,0.9612722396850586,8,8,1,
5022,1,0.9121119976043701,8,8,1,
5023,1,0.9158337116241455,8,8,1,
5024,1,0.9988806247711182,5,5,1,
5025,1,0.9787201881408691,9,9,1,
5026,1,1.0146596431732178,7,7,1,
5027,1,0.8979415893554688,5,5,1,
5028,1,0.9371447563171387,8,8,1,
5029,1,0.9957022666931152,8,8,1,
5030,1,0.9399056434631348,3,3,1,
5031,1,0.847764253616333,3,3,1,
5032,1,0.9836115837097168,3,7,0,
5033,1,0.9397728443145752,9,9,1,
5034,1,0.9473738670349121,6,6,1,
5035,1,0.9215548038482666,7,7,1,
5036,1,0.9812047481536865,5,3,0,
5037,1,0.9524269104003906,8,8,1,
5038,1,0.8606665134429932,1,1,1,
5039,1,1.0357816219329834,0,0,1,
5040,1,1.0207300186157227,0,0,1,
5041,1,0.8917069435119629,8,8,1,
5042,1,0.9292168617248535,4,4,1,
5043,1,1.024733543395996,1,1,1,
5044,1,0.9370086193084717,4,4,1,
5045,1,0.8654460906982422,7,7,1,
5046,1,0.930305004119873,1,1,1,
5047,1,0.9386048316955566,1,1,1,
5048,1,0.8879382610321045,1,1,1,
5049,1,1.0377633571624756,0,0,1,
5050,1,1.0228099822998047,7,7,1,
5051,1,0.8927783966064453,1,1,1,
5052,1,1.020918369293213,7,7,1,
5053,1,0.9383392333984375,5,5,1,
5054,1,0.9418509006500244,0,0,1,
5055,1,0.8984010219573975,5,5,1,
5056,1,0.9195573329925537,1,1,1,
5057,1,1.0472755432128906,4,4,1,
5058,1,1.000547170639038,9,9,1,
5059,1,1.008134365081787,8,8,1,
5060,1,0.9390904903411865,7,7,1,
5061,1,0.9161248207092285,1,1,1,
5062,1,0.9013102054595947,3,3,1,
5063,1,1.0663135051727295,7,7,1,
5064,1,0.9369814395904541,8,8,1,
5065,1,0.944460391998291,9,9,1,
5066,1,0.9585549831390381,7,7,1,
5067,1,0.9369256496429443,6,6,1,
5068,1,0.8332967758178711,0,0,1,
5069,1,0.973501443862915,9,9,1,
5070,1,1.0102574825286865,7,3,0,
5071,1,0.9596822261810303,6,6,1,
5072,1,0.8752155303955078,7,7,1,
5073,1,0.9867157936096191,8,8,1,
5074,1,0.8848285675048828,8,8,1,
5075,1,1.0379021167755127,6,6,1,
5076,1,0.8878395557403564,1,1,1,
5077,1,0.9427962303161621,4,4,1,
5078,1,1.0180025100708008,1,1,1,
5079,1,0.9469552040100098,8,8,1,
5080,1,0.9635579586029053,5,2,0,
5081,1,0.9391372203826904,1,1,1,
5082,1,0.9718599319458008,6,6,1,
5083,1,0.9505958557128906,5,3,0,
5084,1,0.9840705394744873,1,1,1,
5085,1,0.991044282913208,8,8,1,
5086,1,0.900446891784668,4,4,1,
5087,1,1.0362918376922607,6,6,1,
5088,1,0.9060440063476562,9,9,1,
5089,1,0.8943297863006592,5,3,0,
5090,1,0.8893232345581055,4,4,1,
5091,1,0.986154317855835,1,1,1,
5092,1,0.9309074878692627,7,4,0,
5093,1,0.9021809101104736,4,4,1,
5094,1,1.007784366607666,2,2,1,
5095,1,0.9187057018280029,3,3,1,
5096,1,0.9201395511627197,7,7,1,
5097,1,0.9492216110229492,5,5,1,
5098,1,1.0398657321929932,9,9,1,
5099,1,0.8879010677337646,7,7,1,
5100,1,1.0472793579101562,5,2,0,
5101,1,0.9722247123718262,4,4,1,
5102,1,0.9357867240905762,4,4,1,
5103,1,0.9385385513305664,2,2,1,
5104,1,0.9585754871368408,8,8,1,
5105,1,0.9384233951568604,6,6,1,
5106,1,0.9946808815002441,3,3,1,
5107,1,0.913593053817749,4,4,1,
5108,1,1.0567448139190674,1,1,1,
5109,1,0.9791321754455566,4,4,1,
5110,1,0.9934396743774414,6,6,1,
5111,1,0.9629855155944824,9,9,1,
5112,1,0.9519803524017334,1,1,1,
5113,1,0.9149057865142822,9,9,1,
5114,1,0.889742374420166,4,4,1,
5115,1,0.9230859279632568,2,3,0,
5116,1,0.9562203884124756,2,3,0,
5117,1,0.9574203491210938,0,0,1,
5118,1,0.9847605228424072,0,0,1,
5119,1,0.9287824630737305,5,5,1,
5120,1,1.0439443588256836,5,5,1,
5121,1,0.9259743690490723,4,4,1,
5122,1,0.951763391494751,0,0,1,
5123,1,0.9764971733093262,3,3,1,
5124,1,0.9393353462219238,6,6,1,
5125,1,0.8617548942565918,7,7,1,
5126,1,0.9685585498809814,3,3,1,
5127,1,1.0287485122680664,5,5,1,
5128,1,0.9408390522003174,3,3,1,
5129,1,0.9334421157836914,6,6,1,
5130,1,0.9455070495605469,5,5,1,
5131,1,1.0299370288848877,0,0,1,
5132,1,0.86586594581604,4,4,1,
5133,1,0.9037265777587891,7,4,0,
5134,1,0.977729082107544,9,9,1,
5135,1,0.8896286487579346,5,2,0,
5136,1,0.8927221298217773,8,8,1,
5137,1,0.9390912055969238,8,0,0,
5138,1,1.016505479812622,6,6,1,
5139,1,0.9609787464141846,0,0,1,
5140,1,0.85117506980896,8,7,0,
5141,1,0.9942440986633301,6,6,1,
5142,1,1.0367050170898438,9,9,1,
5143,1,1.001523733139038,4,4,1,
5144,1,0.8823904991149902,7,7,1,
5145,1,0.9310822486877441,8,8,1,
5146,1,0.899651050567627,8,8,1,
5147,1,1.0054538249969482,4,4,1,
5148,1,0.9595425128936768,9,9,1,
5149,1,0.9321942329406738,0,0,1,
5150,1,0.9640610218048096,3,3,1,
5151,1,0.9456949234008789,1,1,1,
5152,1,0.8690094947814941,9,9,1,
5153,1,0.9292163848876953,3,3,1,
5154,1,0.9772250652313232,1,1,1,
5155,1,0.9342231750488281,2,2,1,
5156,1,1.0384252071380615,3,3,1,
5157,1,0.8804042339324951,9,9,1,
5158,1,0.9373612403869629,5,5,1,
5159,1,1.0330522060394287,6,6,1,
5160,1,0.8964629173278809,4,3,0,
5161,1,1.0272948741912842,6,6,1,
5162,1,0.9330406188964844,2,2,1,
5163,1,0.9655723571777344,3,3,1,
5164,1,0.9525966644287109,9,3,0,
5165,1,1.0303478240966797,8,8,1,
5166,1,0.9909267425537109,9,9,1,
5167,1,0.9317541122436523,2,2,1,
5168,1,1.0468063354492188,7,7,1,
5169,1,0.958972692489624,0,0,1,
5170,1,1.0026259422302246,3,3,1,
5171,1,0.8902034759521484,0,0,1,
5172,1,0.8480942249298096,6,6,1,
5173,1,0.9102067947387695,5,5,1,
5174,1,0.8614096641540527,5,5,1,
5175,1,1.0218982696533203,8,8,1,
5176,1,0.9432830810546875,7,7,1,
5177,1,0.9759485721588135,3,3,1,
5178,1,0.9881329536437988,2,2,1,
5179,1,0.9398841857910156,9,9,1,
5180,1,0.9997818470001221,0,0,1,
5181,1,0.9914565086364746,8,8,1,
5182,1,0.846099853515625,0,0,1,
5183,1,0.9899826049804688,8,8,1,
5184,1,0.9980068206787109,6,6,1,
5185,1,0.9404323101043701,3,3,1,
5186,1,0.9393441677093506,2,5,0,
5187,1,1.025115728378296,7,7,1,
5188,1,0.9374172687530518,8,8,1,
5189,1,0.8484084606170654,7,7,1,
5190,1,1.0142035484313965,2,6,0,
5191,1,0.9311723709106445,8,8,1,
5192,1,0.9019372463226318,3,3,1,
5193,1,0.938833475112915,5,5,1,
5194,1,1.0898551940917969,8,8,1,
5195,1,1.0303311347961426,9,9,1,
5196,1,0.9379260540008545,3,3,1,
5197,1,0.9835734367370605,7,7,1,
5198,1,0.854600191116333,3,3,1,
5199,1,0.9905745983123779,3,3,1,
5200,1,1.0381860733032227,5,5,1,
5201,1,0.9775562286376953,7,7,1,
5202,1,0.9428892135620117,7,7,1,
5203,1,0.9648861885070801,6,2,0,
5204,1,0.89613938331604,5,3,0,
5205,1,0.9383196830749512,3,3,1,
5206,1,1.0187819004058838,0,0,1,
5207,1,0.9437556266784668,6,6,1,
5208,1,0.946622371673584,8,8,1,
5209,1,0.970611572265625,7,7,1,
5210,1,0.9022829532623291,8,8,1,
5211,1,0.9305436611175537,4,4,1,
5212,1,1.1102375984191895,0,0,1,
5213,1,0.9031100273132324,5,5,1,
5214,1,1.0392074584960938,8,8,1,
5215,1,1.0222735404968262,4,4,1,
5216,1,0.9937427043914795,3,3,1,
5217,1,0.902400016784668,6,6,1,
5218,1,0.9636917114257812,2,2,1,
5219,1,1.0188238620758057,1,1,1,
5220,1,0.9494433403015137,5,5,1,
5221,1,0.9712927341461182,4,4,1,
5222,1,0.9526405334472656,8,8,1,
5223,1,0.8892538547515869,4,4,1,
5224,1,1.0654242038726807,1,1,1,
5225,1,0.9152112007141113,2,2,1,
5226,1,0.9551150798797607,3,3,1,
5227,1,0.9143257141113281,5,3,0,
5228,1,1.0385499000549316,7,7,1,
5229,1,0.858360767364502,6,6,1,
5230,1,0.919450044631958,7,7,1,
5231,1,0.9996731281280518,8,8,1,
5232,1,0.9173328876495361,9,9,1,
5233,1,1.0244431495666504,7,7,1,
5234,1,0.9426233768463135,0,0,1,
5235,1,0.935560941696167,5,5,1,
5236,1,1.0868396759033203,2,3,0,
5237,1,0.8862624168395996,9,9,1,
5238,1,0.9650824069976807,7,7,1,
5239,1,0.9972043037414551,9,9,1,
5240,1,0.9905941486358643,1,1,1,
5241,1,0.9842061996459961,7,7,1,
5242,1,0.9441778659820557,1,1,1,
5243,1,0.8830175399780273,6,6,1,
5244,1,0.9488043785095215,9,9,1,
5245,1,0.9538629055023193,5,3,0,
5246,1,0.8699309825897217,0,0,1,
5247,1,1.028343915939331,2,2,1,
5248,1,0.903160572052002,5,6,0,
5249,1,0.9763569831848145,1,1,1,
5250,1,0.8529119491577148,8,8,1,
5251,1,0.9394891262054443,7,7,1,
5252,1,1.0408210754394531,8,8,1,
5253,1,0.8833627700805664,1,1,1,
5254,1,0.9871313571929932,6,2,0,
5255,1,1.0193321704864502,4,7,0,
5256,1,0.9054732322692871,5,5,1,
5257,1,0.9504282474517822,2,2,1,
5258,1,0.9334433078765869,0,0,1,
5259,1,0.9728796482086182,5,5,1,
5260,1,0.9188101291656494,0,0,1,
5261,1,0.953338623046875,1,1,1,
5262,1,1.0391292572021484,9,0,0,
5263,1,0.9436767101287842,9,9,1,
5264,1,0.9889202117919922,4,4,1,
5265,1,0.9360630512237549,0,0,1,
5266,1,0.9667298793792725,5,3,0,
5267,1,1.019827127456665,1,1,1,
5268,1,0.8547623157501221,7,7,1,
5269,1,0.9315347671508789,5,5,1,
5270,1,0.9391241073608398,0,0,1,
5271,1,0.8479530811309814,9,9,1,
5272,1,0.9428391456604004,1,1,1,
5273,1,0.9822511672973633,8,8,1,
5274,1,0.90798020362854,1,1,1,
5275,1,0.9579119682312012,2,2,1,
5276,1,1.0300731658935547,0,0,1,
5277,1,1.032374620437622,0,0,1,
5278,1,0.9614706039428711,2,2,1,
5279,1,0.9405779838562012,9,9,1,
5280,1,0.9556005001068115,0,0,1,
5281,1,1.0174996852874756,3,6,0,
5282,1,0.8896527290344238,5,4,0,
5283,1,0.9407246112823486,1,1,1,
5284,1,0.9478750228881836,2,2,1,
5285,1,0.939826488494873,3,3,1,
5286,1,0.9566440582275391,9,9,1,
5287,1,1.0176990032196045,6,6,1,
5288,1,0.9704549312591553,8,8,1,
5289,1,1.02524995803833,1,1,1,
5290,1,1.0435023307800293,7,7,1,
5291,1,0.940047025680542,7,7,1,
5292,1,0.8936080932617188,4,4,1,
5293,1,0.9331812858581543,1,1,1,
5294,1,0.9364068508148193,0,0,1,
5295,1,0.9787271022796631,2,2,1,
5296,1,0.9526569843292236,0,0,1,
5297,1,0.8504934310913086,7,7,1,
5298,1,0.9587488174438477,7,0,0,
5299,1,1.0262739658355713,4,4,1,
5300,1,0.9657599925994873,4,4,1,
5301,1,1.0294523239135742,4,4,1,
5302,1,0.8848841190338135,9,1,0,
5303,1,1.0730209350585938,5,5,1,
5304,1,0.9009573459625244,7,7,1,
5305,1,0.8979108333587646,1,1,1,
5306,1,0.9458997249603271,0,0,1,
5307,1,1.1204190254211426,3,3,1,
5308,1,0.9515237808227539,9,9,1,
5309,1,0.8937239646911621,8,8,1,
5310,1,1.01889967918396,5,5,1,
5311,1,1.0328357219696045,0,4,0,
5312,1,0.9964804649353027,0,0,1,
5313,1,1.0090949535369873,0,0,1,
5314,1,1.0730640888214111,9,9,1,
5315,1,0.9515180587768555,7,7,1,
5316,1,0.8698875904083252,0,0,1,
5317,1,0.9453990459442139,8,8,1,
5318,1,0.9864077568054199,1,1,1,
5319,1,0.9225349426269531,0,0,1,
5320,1,0.9667305946350098,8,8,1,
5321,1,0.9576637744903564,2,2,1,
5322,1,0.9227781295776367,4,4,1,
5323,1,0.9104721546173096,7,7,1,
5324,1,1.0501182079315186,3,7,0,
5325,1,0.9176418781280518,0,0,1,
5326,1,0.9945971965789795,1,1,1,
5327,1,1.0749471187591553,8,8,1,
5328,1,0.9502673149108887,5,5,1,
5329,1,0.9423604011535645,2,2,1,
5330,1,0.8922510147094727,3,3,1,
5331,1,0.9811758995056152,1,1,1,
5332,1,1.043147325515747,0,0,1,
5333,1,0.9406154155731201,0,0,1,
5334,1,0.9378266334533691,4,4,1,
5335,1,0.9291989803314209,5,5,1,
5336,1,1.0460410118103027,1,1,1,
5337,1,0.9375269412994385,6,6,1,
5338,1,0.9260110855102539,1,0,0,
5339,1,0.9405331611633301,9,9,1,
5340,1,1.0280044078826904,9,9,1,
5341,1,0.9297730922698975,2,2,1,
5342,1,0.9848999977111816,7,7,1,
5343,1,0.9087262153625488,1,1,1,
5344,1,1.0552010536193848,6,6,1,
5345,1,0.9419560432434082,4,4,1,
5346,1,1.0478777885437012,9,1,0,
5347,1,0.9066274166107178,3,2,0,
5348,1,0.9426333904266357,1,9,0,
5349,1,0.9850270748138428,1,1,1,
5350,1,0.9265022277832031,8,8,1,
5351,1,0.9801430702209473,7,7,1,
5352,1,0.9851851463317871,0,0,1,
5353,1,1.0101134777069092,7,7,1,
5354,1,0.959031343460083,2,5,0,
5355,1,1.017310380935669,5,3,0,
5356,1,0.9366850852966309,2,2,1,
5357,1,0.9272427558898926,9,9,1,
5358,1,0.9431335926055908,3,3,1,
5359,1,0.999675989151001,7,7,1,
5360,1,0.9222984313964844,4,2,0,
5361,1,0.944054126739502,7,7,1,
5362,1,0.9439339637756348,8,8,1,
5363,1,0.9253330230712891,2,2,1,
5364,1,1.0595293045043945,7,7,1,
5365,1,0.9542558193206787,2,2,1,
5366,1,0.961388111114502,5,5,1,
5367,1,0.9096527099609375,5,5,1,
5368,1,0.9469437599182129,9,9,1,
5369,1,0.9359800815582275,6,6,1,
5370,1,0.9440083503723145,6,2,0,
5371,1,0.8927047252655029,6,6,1,
5372,1,1.041252851486206,9,9,1,
5373,1,0.9546782970428467,5,5,1,
5374,1,1.0046570301055908,0,0,1,
5375,1,0.9897205829620361,2,2,1,
5376,1,0.8900778293609619,6,6,1,
5377,1,1.0238287448883057,4,4,1,
5378,1,1.0513005256652832,5,7,0,
5379,1,0.941523551940918,7,7,1,
5380,1,0.9625751972198486,3,3,1,
5381,1,0.9798352718353271,3,3,1,
5382,1,0.897162675857544,9,9,1,
5383,1,0.9349048137664795,4,4,1,
5384,1,0.940676212310791,8,8,1,
5385,1,1.0031485557556152,4,4,1,
5386,1,1.0132529735565186,0,0,1,
5387,1,0.889376163482666,0,2,0,
5388,1,0.9533309936523438,5,5,1,
5389,1,0.9957065582275391,2,2,1,
5390,1,1.0163967609405518,1,1,1,
5391,1,1.0003409385681152,8,8,1,
5392,1,0.916252613067627,9,9,1,
5393,1,0.9968147277832031,9,9,1,
5394,1,0.9289071559906006,7,7,1,
5395,1,0.8823928833007812,6,6,1,
5396,1,0.9592678546905518,4,4,1,
5397,1,0.9614448547363281,7,7,1,
5398,1,0.9915416240692139,0,0,1,
5399,1,0.9969997406005859,7,7,1,
5400,1,0.9229485988616943,8,8,1,
5401,1,0.9914696216583252,6,6,1,
5402,1,0.9450690746307373,6,6,1,
5403,1,0.9139337539672852,3,3,1,
5404,1,0.9399478435516357,2,2,1,
5405,1,1.0132746696472168,4,4,1,
5406,1,0.9508469104766846,5,5,1,
5407,1,0.9559626579284668,6,6,1,
5408,1,0.9255068302154541,5,5,1,
5409,1,0.9367837905883789,5,4,0,
5410,1,0.946075439453125,5,5,1,
5411,1,0.9885919094085693,8,8,1,
5412,1,0.9001927375793457,5,0,0,
5413,1,0.9885640144348145,1,1,1,
5414,1,1.0611376762390137,0,0,1,
5415,1,0.9496080875396729,4,4,1,
5416,1,1.0267698764801025,1,1,1,
5417,1,0.9760808944702148,2,2,1,
5418,1,1.0113251209259033,4,4,1,
5419,1,0.9280660152435303,6,6,1,
5420,1,0.9999690055847168,4,4,1,
5421,1,0.9863018989562988,5,5,1,
5422,1,0.9783878326416016,1,1,1,
5423,1,0.9420099258422852,3,3,1,
5424,1,0.885385274887085,2,2,1,
5425,1,0.9316956996917725,2,2,1,
5426,1,1.0293920040130615,0,0,1,
5427,1,0.9608335494995117,2,2,1,
5428,1,1.105530023574829,7,4,0,
5429,1,0.9940121173858643,1,1,1,
5430,1,0.8919990062713623,9,9,1,
5431,1,0.9419968128204346,8,8,1,
5432,1,1.0353410243988037,4,4,1,
5433,1,0.9598336219787598,8,8,1,
5434,1,1.0528748035430908,9,9,1,
5435,1,0.9644477367401123,7,7,1,
5436,1,0.9656369686126709,9,9,1,
5437,1,0.8681344985961914,6,6,1,
5438,1,0.9638199806213379,3,3,1,
5439,1,0.972344160079956,5,5,1,
5440,1,0.9946706295013428,7,7,1,
5441,1,0.9808878898620605,9,9,1,
5442,1,0.9592242240905762,9,9,1,
5443,1,0.9580848217010498,7,7,1,
5444,1,0.9535081386566162,1,1,1,
5445,1,0.969367265701294,9,9,1,
5446,1,1.0493955612182617,8,8,1,
5447,1,1.031125545501709,9,9,1,
5448,1,0.9666445255279541,6,6,1,
5449,1,0.9364705085754395,9,9,1,
5450,1,0.9440793991088867,4,4,1,
5451,1,0.8871188163757324,9,9,1,
5452,1,0.9859654903411865,8,8,1,
5453,1,0.9087693691253662,6,6,1,
5454,1,0.9541239738464355,5,5,1,
5455,1,1.0208561420440674,3,3,1,
5456,1,0.989734411239624,8,0,0,
5457,1,0.9361369609832764,9,9,1,
5458,1,0.9477174282073975,4,4,1,
5459,1,1.027947187423706,3,3,1,
5460,1,0.8621735572814941,9,9,1,
5461,1,0.9476253986358643,2,3,0,
5462,1,0.9951992034912109,7,7,1,
5463,1,0.9816262722015381,8,8,1,
5464,1,0.943713903427124,8,8,1,
5465,1,0.9450604915618896,7,7,1,
5466,1,0.9858205318450928,5,5,1,
5467,1,0.9854490756988525,4,4,1,
5468,1,1.0400803089141846,7,7,1,
5469,1,0.8382079601287842,9,9,1,
5470,1,0.940807580947876,5,5,1,
5471,1,1.0224504470825195,8,8,1,
5472,1,0.9456753730773926,0,0,1,
5473,1,0.9689390659332275,6,6,1,
5474,1,0.993492603302002,2,2,1,
5475,1,0.9320878982543945,7,7,1,
5476,1,0.9909768104553223,3,3,1,
5477,1,0.9777805805206299,6,6,1,
5478,1,0.9307470321655273,9,9,1,
5479,1,0.890552282333374,5,5,1,
5480,1,0.9003851413726807,5,3,0,
5481,1,0.921044111251831,5,3,0,
5482,1,0.9524416923522949,3,3,1,
5483,1,0.9385595321655273,5,5,1,
5484,1,1.060530185699463,3,3,1,
5485,1,0.8614394664764404,5,5,1,
5486,1,1.0196597576141357,2,2,1,
5487,1,0.9659404754638672,9,9,1,
5488,1,0.8064424991607666,2,0,0,
5489,1,0.9364089965820312,8,8,1,
5490,1,1.0376992225646973,6,6,1,
5491,1,0.8898108005523682,6,6,1,
5492,1,0.9447002410888672,6,6,1,
5493,1,1.0307834148406982,6,8,0,
5494,1,0.8921852111816406,4,4,1,
5495,1,1.100372314453125,3,6,0,
5496,1,0.9469668865203857,9,9,1,
5497,1,0.9773526191711426,0,0,1,
5498,1,0.9307188987731934,8,8,1,
5499,1,0.9402933120727539,4,4,1,
5500,1,0.9504227638244629,4,4,1,
5501,1,0.8570418357849121,4,4,1,
5502,1,0.9894430637359619,3,3,1,
5503,1,0.9389355182647705,5,5,1,
5504,1,0.9448652267456055,2,2,1,
5505,1,1.020470380783081,9,9,1,
5506,1,1.0386462211608887,2,2,1,
5507,1,0.9107227325439453,0,0,1,
5508,1,0.9786794185638428,1,1,1,
5509,1,1.0270519256591797,7,7,1,
5510,1,0.9451615810394287,1,1,1,
5511,1,0.9038209915161133,2,2,1,
5512,1,0.9409065246582031,2,2,1,
5513,1,1.0296480655670166,6,6,1,
5514,1,0.8983421325683594,2,2,1,
5515,1,0.9653408527374268,5,5,1,
5516,1,0.9072296619415283,5,5,1,
5517,1,0.9888713359832764,7,7,1,
5518,1,1.0405175685882568,8,8,1,
5519,1,0.9061877727508545,8,8,1,
5520,1,0.9475975036621094,5,5,1,
5521,1,0.9818062782287598,6,6,1,
5522,1,0.9469795227050781,0,0,1,
5523,1,0.9139137268066406,9,9,1,
5524,1,0.9425785541534424,2,2,1,
5525,1,0.8825266361236572,5,5,1,
5526,1,1.0346190929412842,1,1,1,
5527,1,0.9382915496826172,8,8,1,
5528,1,0.9411163330078125,2,2,1,
5529,1,0.875049352645874,1,1,1,
5530,1,0.9914016723632812,6,6,1,
5531,1,0.9095189571380615,9,9,1,
5532,1,1.1072888374328613,7,7,1,
5533,1,0.7932686805725098,1,1,1,
5534,1,0.9417204856872559,4,4,1,
5535,1,0.9851224422454834,0,3,0,
5536,1,0.8885128498077393,9,1,0,
5537,1,0.9293127059936523,4,4,1,
5538,1,0.8960838317871094,9,9,1,
5539,1,0.934622049331665,8,8,1,
5540,1,0.9392244815826416,5,3,0,
5541,1,0.8826417922973633,0,8,0,
5542,1,0.9440629482269287,2,2,1,
5543,1,1.0209300518035889,4,4,1,
5544,1,0.9774470329284668,0,0,1,
5545,1,0.9431571960449219,8,8,1,
5546,1,0.9836654663085938,9,9,1,
5547,1,0.9327476024627686,8,8,1,
5548,1,0.9220678806304932,3,3,1,
5549,1,0.8881065845489502,0,0,1,
5550,1,0.928499698638916,2,3,0,
5551,1,0.9412415027618408,2,2,1,
5552,1,0.9812331199645996,6,6,1,
5553,1,0.8868656158447266,7,7,1,
5554,1,0.9135174751281738,1,1,1,
5555,1,0.9572794437408447,6,6,1,
5556,1,0.9366476535797119,6,6,1,
5557,1,0.9422683715820312,2,2,1,
5558,1,0.9141669273376465,7,7,1,
5559,1,0.9549078941345215,0,0,1,
5560,1,0.961885929107666,6,6,1,
5561,1,0.926429033279419,4,4,1,
5562,1,0.967693567276001,7,7,1,
5563,1,0.901007890701294,7,7,1,
5564,1,0.8967900276184082,1,1,1,
5565,1,0.8343865871429443,8,0,0,
5566,1,0.9153873920440674,2,2,1,
5567,1,1.0019307136535645,7,7,1,
5568,1,0.898604154586792,1,1,1,
5569,1,0.8833425045013428,9,9,1,
5570,1,0.8927624225616455,6,6,1,
5571,1,0.9821984767913818,9,9,1,
5572,1,0.894052267074585,9,9,1,
5573,1,0.865821123123169,9,9,1,
5574,1,0.9423227310180664,5,5,1,
5575,1,0.9364902973175049,6,6,1,
5576,1,0.9667205810546875,0,0,1,
5577,1,0.8585054874420166,6,6,1,
5578,1,1.0873138904571533,7,7,1,
5579,1,0.9348926544189453,8,8,1,
5580,1,0.8551385402679443,1,1,1,
5581,1,0.8575737476348877,7,7,1,
5582,1,0.994657039642334,8,1,0,
5583,1,0.9019124507904053,6,2,0,
5584,1,0.9637823104858398,0,0,1,
5585,1,0.9231865406036377,8,8,1,
5586,1,0.947852373123169,9,9,1,
5587,1,0.8842885494232178,1,1,1,
5588,1,0.8969709873199463,8,8,1,
5589,1,0.9194211959838867,2,3,0,
5590,1,0.9553341865539551,2,2,1,
5591,1,0.9294595718383789,0,0,1,
5592,1,0.8948500156402588,8,8,1,
5593,1,0.9251806735992432,5,3,0,
5594,1,0.9808452129364014,3,3,1,
5595,1,0.9381003379821777,5,5,1,
5596,1,0.893979549407959,9,9,1,
5597,1,0.926537036895752,6,6,1,
5598,1,0.8852987289428711,4,4,1,
5599,1,0.8356926441192627,4,4,1,
5600,1,1.045234203338623,7,7,1,
5601,1,0.8707973957061768,8,8,1,
5602,1,0.9862658977508545,5,5,1,
5603,1,0.8366320133209229,1,1,1,
5604,1,0.9239072799682617,7,7,1,
5605,1,0.9436678886413574,2,2,1,
5606,1,0.8032679557800293,8,8,1,
5607,1,0.9212496280670166,5,5,1,
5608,1,0.8912193775177002,2,5,0,
5609,1,0.8824877738952637,4,4,1,
5610,1,0.852832555770874,0,0,1,
5611,1,0.9172930717468262,7,7,1,
5612,1,1.001035213470459,5,3,0,
5613,1,0.9019215106964111,7,7,1,
5614,1,0.9457767009735107,9,9,1,
5615,1,0.8869717121124268,1,1,1,
5616,1,0.9455728530883789,2,2,1,
5617,1,0.8418772220611572,0,0,1,
5618,1,0.8798737525939941,8,8,1,
5619,1,0.9423103332519531,2,2,1,
5620,1,0.8401024341583252,5,3,0,
5621,1,0.9295694828033447,1,1,1,
5622,1,0.8924863338470459,6,6,1,
5623,1,0.8805217742919922,9,9,1,
5624,1,0.8913314342498779,5,5,1,
5625,1,0.8880157470703125,4,4,1,
5626,1,0.8896918296813965,5,4,0,
5627,1,0.9233577251434326,6,6,1,
5628,1,0.8119385242462158,6,6,1,
5629,1,0.9640467166900635,4,4,1,
5630,1,0.8825404644012451,2,2,1,
5631,1,0.7976932525634766,9,9,1,
5632,1,0.8700511455535889,4,4,1,
5633,1,0.9211623668670654,5,7,0,
5634,1,0.9493973255157471,2,2,1,
5635,1,0.8841664791107178,5,3,0,
5636,1,0.8470540046691895,9,9,1,
5637,1,0.8791272640228271,0,0,1,
5638,1,0.9434704780578613,0,0,1,
5639,1,0.9326400756835938,0,0,1,
5640,1,0.8430776596069336,9,9,1,
5641,1,0.9198684692382812,2,2,1,
5642,1,0.954028844833374,5,5,1,
5643,1,0.7847678661346436,1,1,1,
5644,1,0.8957328796386719,3,3,1,
5645,1,0.9014604091644287,8,8,1,
5646,1,0.8880062103271484,1,1,1,
5647,1,0.8542919158935547,5,5,1,
5648,1,0.9459230899810791,0,0,1,
5649,1,0.8421733379364014,9,3,0,
5650,1,0.8937516212463379,7,7,1,
5651,1,0.842139482498169,6,6,1,
5652,1,0.8337390422821045,1,1,1,
5653,1,0.8870763778686523,5,3,0,
5654,1,0.9391405582427979,9,9,1,
5655,1,0.8761279582977295,1,1,1,
5656,1,0.8790805339813232,7,7,1,
5657,1,0.9399635791778564,7,7,1,
5658,1,0.8911588191986084,0,0,1,
5659,1,0.9210107326507568,7,7,1,
5660,1,0.951901912689209,8,8,1,
5661,1,0.7961773872375488,2,4,0,
5662,1,0.9609637260437012,5,5,1,
5663,1,0.8638448715209961,9,9,1,
5664,1,0.8839805126190186,0,8,0,
5665,1,0.8545043468475342,7,7,1,
5666,1,0.9296543598175049,4,4,1,
5667,1,0.9667525291442871,0,0,1,
5668,1,0.9878339767456055,6,6,1,
5669,1,0.8913369178771973,2,2,1,
5670,1,0.9660336971282959,5,5,1,
5671,1,0.8340394496917725,9,9,1,
5672,1,0.9392809867858887,2,2,1,
5673,1,0.781731128692627,4,4,1,
5674,1,0.9425463676452637,4,4,1,
5675,1,0.8878827095031738,9,9,1,
5676,1,0.987072229385376,7,7,1,
5677,1,0.8935117721557617,6,3,0,
5678,1,0.8918113708496094,9,9,1,
5679,1,0.928600549697876,4,4,1,
5680,1,0.992058515548706,0,0,1,
5681,1,0.8422343730926514,1,1,1,
5682,1,0.9813828468322754,6,6,1,
5683,1,0.8355929851531982,5,5,1,
5684,1,0.9310979843139648,9,9,1,
5685,1,0.9811832904815674,0,0,1,
5686,1,0.9492452144622803,0,0,1,
5687,1,0.8406782150268555,8,8,1,
5688,1,0.9273190498352051,7,7,1,
5689,1,0.9175586700439453,1,1,1,
5690,1,1.0268588066101074,5,5,1,
5691,1,0.9068801403045654,2,2,1,
5692,1,0.9729063510894775,5,5,1,
5693,1,0.9802098274230957,2,2,1,
5694,1,0.894390344619751,0,0,1,
5695,1,0.8893663883209229,9,0,0,
5696,1,0.9405262470245361,4,4,1,
5697,1,0.9297950267791748,5,3,0,
5698,1,0.921241044998169,9,9,1,
5699,1,0.883612871170044,5,2,0,
5700,1,0.9896602630615234,1,1,1,
5701,1,0.8844826221466064,8,8,1,
5702,1,0.9441883563995361,5,5,1,
5703,1,0.8579654693603516,2,2,1,
5704,1,0.8578338623046875,7,7,1,
5705,1,1.0185377597808838,2,2,1,
5706,1,0.8690569400787354,1,1,1,
5707,1,1.027008056640625,2,3,0,
5708,1,0.8984596729278564,9,9,1,
5709,1,0.8850479125976562,8,0,0,
5710,1,0.9024529457092285,5,3,0,
5711,1,0.903184175491333,4,4,1,
5712,1,0.9842705726623535,9,9,1,
5713,1,0.8836309909820557,6,6,1,
5714,1,0.8985061645507812,5,3,0,
5715,1,0.9348359107971191,1,1,1,
5716,1,0.9461052417755127,0,0,1,
5717,1,0.9309098720550537,9,9,1,
5718,1,0.948157548904419,7,7,1,
5719,1,0.8897120952606201,7,7,1,
5720,1,0.9427156448364258,9,9,1,
5721,1,0.9339356422424316,0,2,0,
5722,1,0.8968920707702637,2,2,1,
5723,1,0.9298405647277832,6,6,1,
5724,1,0.9019708633422852,5,6,0,
5725,1,0.9767129421234131,7,7,1,
5726,1,0.8890929222106934,5,3,0,
5727,1,0.9364414215087891,5,3,0,
5728,1,0.9271240234375,0,0,1,
5729,1,0.841935396194458,7,7,1,
5730,1,1.0282626152038574,6,6,1,
5731,1,0.8342082500457764,0,0,1,
5732,1,0.8183000087738037,4,4,1,
5733,1,0.9575881958007812,9,9,1,
5734,1,0.8931009769439697,2,5,0,
5735,1,0.9261472225189209,8,8,1,
5736,1,0.8878529071807861,6,6,1,
5737,1,0.8859694004058838,7,7,1,
5738,1,0.9785952568054199,8,8,1,
5739,1,0.8924403190612793,4,4,1,
5740,1,0.8804900646209717,4,4,1,
5741,1,0.8361070156097412,3,3,1,
5742,1,0.8874971866607666,6,6,1,
5743,1,0.9281411170959473,9,9,1,
5744,1,0.7923777103424072,1,1,1,
5745,1,0.9730463027954102,6,6,1,
5746,1,0.835411548614502,9,9,1,
5747,1,0.929713249206543,1,1,1,
5748,1,0.8959774971008301,5,5,1,
5749,1,0.8877360820770264,9,9,1,
5750,1,0.9363560676574707,2,2,1,
5751,1,0.8764870166778564,6,6,1,
5752,1,0.8913183212280273,2,2,1,
5753,1,0.8881275653839111,6,6,1,
5754,1,0.8371658325195312,5,5,1,
5755,1,0.8818771839141846,5,5,1,
5756,1,0.9334170818328857,6,6,1,
5757,1,0.890000581741333,8,8,1,
5758,1,0.9012396335601807,2,3,0,
5759,1,0.8818747997283936,0,0,1,
5760,1,0.9340910911560059,0,0,1,
5761,1,0.8285105228424072,5,5,1,
5762,1,0.9063293933868408,3,3,1,
5763,1,0.8568401336669922,6,6,1,
5764,1,0.8951618671417236,7,7,1,
5765,1,0.8379504680633545,3,3,1,
5766,1,0.8953213691711426,2,2,1,
5767,1,0.9118003845214844,6,6,1,
5768,1,0.905524492263794,0,0,1,
5769,1,0.9323244094848633,5,5,1,
5770,1,0.8909180164337158,2,2,1,
5771,1,0.8954734802246094,7,7,1,
5772,1,0.8374402523040771,4,4,1,
5773,1,0.9303727149963379,8,8,1,
5774,1,0.9073445796966553,7,7,1,
5775,1,0.8654217720031738,7,7,1,
5776,1,0.8462355136871338,5,5,1,
5777,1,0.8881139755249023,4,4,1,
5778,1,0.7971608638763428,7,7,1,
5779,1,0.8559134006500244,9,9,1,
5780,1,0.9568779468536377,4,2,0,
5781,1,0.8347988128662109,0,0,1,
5782,1,0.8344736099243164,7,7,1,
5783,1,0.8873662948608398,5,3,0,
5784,1,0.8681368827819824,8,8,1,
5785,1,0.9430618286132812,1,1,1,
5786,1,0.9392454624176025,4,4,1,
5787,1,0.8638250827789307,1,1,1,
5788,1,0.9097213745117188,2,2,1,
5789,1,0.8913130760192871,2,2,1,
5790,1,0.8255667686462402,5,5,1,
5791,1,0.781496524810791,8,8,1,
5792,1,0.9414608478546143,8,8,1,
5793,1,0.7934777736663818,8,8,1,
5794,1,0.8673083782196045,9,9,1,
5795,1,0.8855235576629639,4,4,1,
5796,1,0.8875608444213867,2,2,1,
5797,1,0.8398938179016113,5,5,1,
5798,1,0.9055204391479492,8,8,1,
5799,1,0.8457181453704834,4,4,1,
5800,1,0.8405158519744873,1,1,1,
5801,1,0.9329724311828613,5,3,0,
5802,1,0.8962721824645996,2,2,1,
5803,1,0.8492403030395508,2,6,0,
5804,1,0.9385054111480713,9,9,1,
5805,1,0.7571272850036621,1,1,1,
5806,1,0.8374614715576172,5,5,1,
5807,1,0.8420741558074951,1,1,1,
5808,1,0.9367401599884033,7,7,1,
5809,1,0.8837146759033203,4,4,1,
5810,1,0.8346662521362305,1,1,1,
5811,1,0.8843615055084229,9,9,1,
5812,1,0.8428666591644287,4,4,1,
5813,1,0.8777909278869629,5,5,1,
5814,1,0.7996463775634766,0,0,1,
5815,1,0.7875611782073975,4,4,1,
5816,1,0.93406081199646,1,1,1,
5817,1,0.8813955783843994,1,1,1,
5818,1,0.9265995025634766,5,5,1,
5819,1,0.8432204723358154,5,5,1,
5820,1,0.8209888935089111,8,8,1,
5821,1,0.8683826923370361,1,9,0,
5822,1,0.8868651390075684,5,5,1,
5823,1,0.8460540771484375,2,2,1,
5824,1,0.9426679611206055,4,4,1,
5825,1,0.9366352558135986,9,3,0,
5826,1,0.9507369995117188,1,1,1,
5827,1,0.9296269416809082,9,9,1,
5828,1,0.8952710628509521,4,4,1,
5829,1,0.883385419845581,1,1,1,
5830,1,0.8454804420471191,2,2,1,
5831,1,0.8289411067962646,8,8,1,
5832,1,0.8846333026885986,6,6,1,
5833,1,0.9355885982513428,8,8,1,
5834,1,0.795335054397583,6,6,1,
5835,1,0.8842582702636719,6,6,1,
5836,1,0.9488356113433838,8,8,1,
5837,1,0.836848258972168,6,6,1,
5838,1,0.8651835918426514,0,0,1,
5839,1,0.8229105472564697,7,7,1,
5840,1,0.9023971557617188,5,5,1,
5841,1,0.7854213714599609,0,0,1,
5842,1,0.8862762451171875,2,6,0,
5843,1,0.9126152992248535,4,4,1,
5844,1,0.9017586708068848,2,2,1,
5845,1,0.9331691265106201,7,7,1,
5846,1,0.9802455902099609,5,5,1,
5847,1,0.8363320827484131,6,6,1,
5848,1,0.8411233425140381,7,7,1,
5849,1,0.9201784133911133,5,5,1,
5850,1,0.8363573551177979,0,0,1,
5851,1,0.8388657569885254,8,8,1,
5852,1,0.8966856002807617,6,6,1,
5853,1,0.873105525970459,5,5,1,
5854,1,0.8943171501159668,7,7,1,
5855,1,0.9363796710968018,3,3,1,
5856,1,0.8408348560333252,7,7,1,
5857,1,0.8772032260894775,6,6,1,
5858,1,0.8714354038238525,0,0,1,
5859,1,0.8766539096832275,3,3,1,
5860,1,0.925041913986206,7,7,1,
5861,1,0.8355669975280762,4,4,1,
5862,1,0.8309798240661621,1,1,1,
5863,1,0.8853747844696045,3,3,1,
5864,1,0.8857288360595703,4,4,1,
5865,1,0.8462903499603271,8,8,1,
5866,1,0.8631606101989746,6,6,1,
5867,1,0.9295148849487305,0,8,0,
5868,1,0.8415405750274658,6,2,0,
5869,1,0.8437950611114502,2,2,1,
5870,1,0.7936441898345947,4,4,1,
5871,1,0.9335072040557861,1,1,1,
5872,1,0.8383169174194336,6,6,1,
5873,1,0.947577714920044,7,7,1,
5874,1,0.7867436408996582,3,3,1,
5875,1,0.941333532333374,7,7,1,
5876,1,0.7844693660736084,6,6,1,
5877,1,0.8881981372833252,7,4,0,
5878,1,0.8351750373840332,2,2,1,
5879,1,0.8912537097930908,1,1,1,
5880,1,0.8348643779754639,5,5,1,
5881,1,0.8536496162414551,5,3,0,
5882,1,0.8796079158782959,1,1,1,
5883,1,0.8393750190734863,3,3,1,
5884,1,0.8392772674560547,5,3,0,
5885,1,0.7938778400421143,7,7,1,
5886,1,0.8822789192199707,9,9,1,
5887,1,0.8990628719329834,8,8,1,
5888,1,0.8283824920654297,5,6,0,
5889,1,0.8407156467437744,1,8,0,
5890,1,0.8785407543182373,4,4,1,
5891,1,0.8368821144104004,2,2,1,
5892,1,0.795208215713501,4,4,1,
5893,1,0.8962469100952148,5,5,1,
5894,1,0.8154692649841309,9,9,1,
5895,1,0.8183166980743408,0,0,1,
5896,1,0.8356704711914062,9,9,1,
5897,1,0.898108959197998,4,4,1,
5898,1,0.9171285629272461,1,1,1,
5899,1,0.8970324993133545,6,6,1,
5900,1,0.7985095977783203,8,8,1,
5901,1,0.8652341365814209,2,3,0,
5902,1,0.8349688053131104,0,2,0,
5903,1,0.8848707675933838,7,7,1,
5904,1,0.8794033527374268,0,0,1,
5905,1,0.8955016136169434,5,5,1,
5906,1,0.7931332588195801,2,2,1,
5907,1,0.8672826290130615,0,0,1,
5908,1,0.8923335075378418,7,7,1,
5909,1,0.8468539714813232,3,3,1,
5910,1,0.8768839836120605,2,2,1,
5911,1,0.8242278099060059,8,8,1,
5912,1,0.8042800426483154,5,5,1,
5913,1,0.8102283477783203,2,4,0,
5914,1,0.9037635326385498,8,8,1,
5915,1,0.8662083148956299,0,0,1,
5916,1,0.8300268650054932,7,7,1,
5917,1,0.8699054718017578,9,9,1,
5918,1,0.8351349830627441,0,0,1,
5919,1,0.9352760314941406,6,6,1,
5920,1,0.8245377540588379,7,7,1,
5921,1,0.805419921875,8,8,1,
5922,1,0.7922630310058594,7,7,1,
5923,1,0.9282963275909424,8,8,1,
5924,1,0.9337894916534424,5,5,1,
5925,1,0.8403334617614746,5,5,1,
5926,1,0.8870861530303955,9,9,1,
5927,1,0.7361311912536621,9,9,1,
5928,1,0.8848674297332764,6,6,1,
5929,1,0.8375537395477295,7,7,1,
5930,1,0.8881747722625732,0,0,1,
5931,1,0.9412689208984375,1,1,1,
5932,1,0.8277928829193115,2,2,1,
5933,1,0.8456802368164062,0,0,1,
5934,1,0.8388893604278564,1,1,1,
5935,1,0.8645586967468262,4,5,0,
5936,1,0.9245977401733398,4,3,0,
5937,1,0.8820481300354004,0,0,1,
5938,1,0.8318707942962646,0,0,1,
5939,1,0.933337926864624,7,7,1,
5940,1,0.7794229984283447,5,5,1,
5941,1,0.8869876861572266,8,0,0,
5942,1,0.9321386814117432,4,3,0,
5943,1,0.8223073482513428,8,8,1,
5944,1,0.8056704998016357,1,1,1,
5945,1,0.8466413021087646,2,2,1,
5946,1,0.885887861251831,2,2,1,
5947,1,0.8234338760375977,9,9,1,
5948,1,0.8583898544311523,8,8,1,
5949,1,0.871274471282959,5,5,1,
5950,1,0.8021402359008789,5,5,1,
5951,1,0.7960023880004883,6,6,1,
5952,1,0.8727948665618896,8,8,1,
5953,1,0.8855109214782715,2,2,1,
5954,1,0.8217835426330566,9,9,1,
5955,1,0.8944869041442871,9,9,1,
5956,1,0.8257782459259033,8,8,1,
5957,1,0.9375734329223633,8,8,1,
5958,1,0.8421735763549805,5,5,1,
5959,1,0.851938009262085,5,3,0,
5960,1,0.8460149765014648,7,7,1,
5961,1,0.8610680103302002,9,9,1,
5962,1,0.8625621795654297,8,8,1,
5963,1,0.8140850067138672,5,5,1,
5964,1,0.8272953033447266,8,8,1,
5965,1,0.8670127391815186,0,0,1,
5966,1,0.832538366317749,2,2,1,
5967,1,0.8517735004425049,7,7,1,
5968,1,0.8384993076324463,4,4,1,
5969,1,0.8786282539367676,8,8,1,
5970,1,0.8872003555297852,7,0,0,
5971,1,0.8904337882995605,7,7,1,
5972,1,0.8074436187744141,0,0,1,
5973,1,0.8106002807617188,5,2,0,
5974,1,0.8887722492218018,2,2,1,
5975,1,0.7904703617095947,3,3,1,
5976,1,0.8401525020599365,9,9,1,
5977,1,0.8466801643371582,7,7,1,
5978,1,0.8215422630310059,1,1,1,
5979,1,0.795454740524292,1,1,1,
5980,1,0.831524133682251,8,8,1,
5981,1,0.9434084892272949,8,8,1,
5982,1,0.8204786777496338,4,4,1,
5983,1,0.8412458896636963,4,4,1,
5984,1,0.8815402984619141,9,9,1,
5985,1,0.7972996234893799,5,5,1,
5986,1,0.9301822185516357,0,0,1,
5987,1,0.8843176364898682,5,3,0,
5988,1,0.7778666019439697,6,2,0,
5989,1,0.837536096572876,3,3,1,
5990,1,0.8310251235961914,4,4,1,
5991,1,0.8357133865356445,9,9,1,
5992,1,0.8366589546203613,1,1,1,
5993,1,0.8374648094177246,5,5,1,
5994,1,0.7383139133453369,5,5,1,
5995,1,0.7966384887695312,5,3,0,
5996,1,0.8355417251586914,4,4,1,
5997,1,0.7897927761077881,3,3,1,
5998,1,0.9345235824584961,5,5,1,
5999,1,0.7825319766998291,5,3,0,
6000,1,0.8415799140930176,4,4,1,
6001,1,0.8459320068359375,4,4,1,
6002,1,0.8389227390289307,0,8,0,
6003,1,0.8872685432434082,5,5,1,
6004,1,0.825080156326294,5,5,1,
6005,1,0.8898513317108154,7,7,1,
6006,1,0.788719892501831,7,7,1,
6007,1,0.8348605632781982,5,2,0,
6008,1,0.8670852184295654,5,5,1,
6009,1,0.8074319362640381,8,8,1,
6010,1,0.8789918422698975,2,2,1,
6011,1,0.9321701526641846,2,2,1,
6012,1,0.8206357955932617,0,0,1,
6013,1,0.881338357925415,1,1,1,
6014,1,0.858994722366333,9,9,1,
6015,1,0.8038132190704346,4,4,1,
6016,1,0.839310884475708,1,1,1,
6017,1,0.8827695846557617,0,0,1,
6018,1,0.8306934833526611,5,5,1,
6019,1,0.8344018459320068,0,0,1,
6020,1,0.7882554531097412,9,9,1,
6021,1,0.8857331275939941,6,6,1,
6022,1,0.7739107608795166,2,2,1,
6023,1,0.781928539276123,9,9,1,
6024,1,0.8874006271362305,3,3,1,
6025,1,0.8468067646026611,0,0,1,
6026,1,0.7891426086425781,2,4,0,
6027,1,0.8948404788970947,4,4,1,
6028,1,0.8343429565429688,7,7,1,
6029,1,0.8863296508789062,1,1,1,
6030,1,0.7936668395996094,4,4,1,
6031,1,0.8019459247589111,7,7,1,
6032,1,0.8490808010101318,4,4,1,
6033,1,0.8570764064788818,3,3,1,
6034,1,0.8846416473388672,1,1,1,
6035,1,0.8038852214813232,9,9,1,
6036,1,0.8770313262939453,5,5,1,
6037,1,0.8340775966644287,3,3,1,
6038,1,0.8287701606750488,0,0,1,
6039,1,0.8866977691650391,0,0,1,
6040,1,0.8708844184875488,0,0,1,
6041,1,0.8571586608886719,5,5,1,
6042,1,0.8396673202514648,5,3,0,
6043,1,0.7883443832397461,6,6,1,
6044,1,0.7891063690185547,5,5,1,
6045,1,0.8458249568939209,0,0,1,
6046,1,0.7888765335083008,8,8,1,
6047,1,0.8925356864929199,7,7,1,
6048,1,0.8016455173492432,3,3,1,
6049,1,0.8352303504943848,9,8,0,
6050,1,0.8392658233642578,4,4,1,
6051,1,0.8426761627197266,0,2,0,
6052,1,0.8350706100463867,7,7,1,
6053,1,0.8640139102935791,5,8,0,
6054,1,0.8904592990875244,1,1,1,
6055,1,0.792386531829834,8,8,1,
6056,1,0.786344051361084,4,4,1,
6057,1,0.8046107292175293,6,6,1,
6058,1,0.8184621334075928,0,0,1,
6059,1,0.8626434803009033,5,5,1,
6060,1,0.8182723522186279,0,0,1,
6061,1,0.8779811859130859,4,4,1,
6062,1,0.8413808345794678,9,9,1,
6063,1,0.8439052104949951,1,1,1,
6064,1,0.8327453136444092,3,3,1,
6065,1,0.8967821598052979,5,2,0,
6066,1,0.8043625354766846,0,0,1,
6067,1,0.911595344543457,5,5,1,
6068,1,0.740262508392334,8,8,1,
6069,1,0.8391497135162354,2,2,1,
6070,1,0.8413591384887695,8,8,1,
6071,1,0.856114387512207,5,5,1,
6072,1,0.8809504508972168,6,6,1,
6073,1,0.846968412399292,7,7,1,
6074,1,0.8355400562286377,2,4,0,
6075,1,0.8895189762115479,9,9,1,
6076,1,0.8855082988739014,2,2,1,
6077,1,0.7995750904083252,6,6,1,
6078,1,0.8387889862060547,8,8,1,
6079,1,0.9270296096801758,2,2,1,
6080,1,0.8436832427978516,5,3,0,
6081,1,0.9368641376495361,2,2,1,
6082,1,0.8815877437591553,6,6,1,
6083,1,0.8275101184844971,5,5,1,
6084,1,0.8299026489257812,9,9,1,
6085,1,0.9485037326812744,3,3,1,
6086,1,0.8539040088653564,2,2,1,
6087,1,0.8533601760864258,0,0,1,
6088,1,0.8852543830871582,1,1,1,
6089,1,0.8279423713684082,8,8,1,
6090,1,0.8390254974365234,1,1,1,
6091,1,0.8949918746948242,4,4,1,
6092,1,0.8279860019683838,9,9,1,
6093,1,0.8428750038146973,1,1,1,
6094,1,0.8715136051177979,6,6,1,
6095,1,0.8337180614471436,0,0,1,
6096,1,0.8379836082458496,1,1,1,
6097,1,0.8516452312469482,4,6,0,
6098,1,0.7907531261444092,8,8,1,
6099,1,0.8471856117248535,2,2,1,
6100,1,0.8187975883483887,4,4,1,
6101,1,0.8725857734680176,1,1,1,
6102,1,0.9210536479949951,8,8,1,
6103,1,0.8975934982299805,7,7,1,
6104,1,0.8551573753356934,8,0,0,
6105,1,0.8597278594970703,5,3,0,
6106,1,0.9000813961029053,1,1,1,
6107,1,0.8159639835357666,8,8,1,
6108,1,0.8396260738372803,5,5,1,
6109,1,0.9363033771514893,9,9,1,
6110,1,0.8735058307647705,8,8,1,
6111,1,0.8533496856689453,5,2,0,
6112,1,0.9255125522613525,5,5,1,
6113,1,0.813366174697876,1,1,1,
6114,1,0.8607003688812256,1,1,1,
6115,1,0.8449780941009521,1,1,1,
6116,1,0.86006760597229,2,2,1,
6117,1,0.8628695011138916,5,5,1,
6118,1,0.8780336380004883,7,7,1,
6119,1,0.8478851318359375,5,3,0,
6120,1,0.8403737545013428,5,5,1,
6121,1,0.9619202613830566,8,8,1,
6122,1,0.8384997844696045,2,2,1,
6123,1,0.837547779083252,1,1,1,
6124,1,0.8365099430084229,9,9,1,
6125,1,0.8483676910400391,1,6,0,
6126,1,0.8326516151428223,1,1,1,
6127,1,0.8918266296386719,6,6,1,
6128,1,0.835503101348877,2,2,1,
6129,1,0.8649077415466309,5,3,0,
6130,1,0.8486485481262207,5,5,1,
6131,1,0.8424994945526123,4,4,1,
6132,1,0.8809158802032471,1,1,1,
6133,1,0.894446849822998,8,8,1,
6134,1,0.8227612972259521,8,8,1,
6135,1,0.8737208843231201,5,5,1,
6136,1,0.815593957901001,6,6,1,
6137,1,0.9426798820495605,6,6,1,
6138,1,0.9130287170410156,8,8,1,
6139,1,0.8073008060455322,4,4,1,
6140,1,0.8301830291748047,9,9,1,
6141,1,0.8428447246551514,1,1,1,
6142,1,0.9259824752807617,1,1,1,
6143,1,0.8143446445465088,2,2,1,
6144,1,0.8072879314422607,0,0,1,
6145,1,0.894366979598999,1,1,1,
6146,1,0.8789339065551758,4,4,1,
6147,1,0.8478078842163086,5,5,1,
6148,1,0.8338546752929688,5,5,1,
6149,1,0.8905553817749023,8,8,1,
6150,1,0.784517765045166,7,3,0,
6151,1,0.9462976455688477,8,8,1,
6152,1,0.8646705150604248,9,9,1,
6153,1,0.8534431457519531,4,4,1,
6154,1,0.9197654724121094,5,5,1,
6155,1,0.8336143493652344,4,4,1,
6156,1,0.831289529800415,8,8,1,
6157,1,0.8829176425933838,3,3,1,
6158,1,0.8324658870697021,0,0,1,
6159,1,0.8165106773376465,6,6,1,
6160,1,0.8626940250396729,0,0,1,
6161,1,0.8879084587097168,5,5,1,
6162,1,0.9204525947570801,6,4,0,
6163,1,0.8882565498352051,9,9,1,
6164,1,0.7830715179443359,7,7,1,
6165,1,0.786461353302002,4,4,1,
6166,1,0.8271315097808838,3,3,1,
6167,1,0.8760013580322266,2,2,1,
6168,1,0.7895326614379883,5,5,1,
6169,1,0.8479619026184082,5,3,0,
6170,1,0.876476526260376,9,9,1,
6171,1,0.8447339534759521,6,6,1,
6172,1,0.790555477142334,0,0,1,
6173,1,0.8953404426574707,5,4,0,
6174,1,0.9277136325836182,0,0,1,
6175,1,0.8446781635284424,0,2,0,
6176,1,0.8371081352233887,7,7,1,
6177,1,0.8793063163757324,5,3,0,
6178,1,0.8423535823822021,0,0,1,
6179,1,0.86720871925354,1,1,1,
6180,1,0.8370018005371094,2,2,1,
6181,1,0.857393741607666,6,6,1,
6182,1,0.8599772453308105,0,0,1,
6183,1,0.9378573894500732,1,1,1,
6184,1,0.7877626419067383,2,3,0,
6185,1,0.8534011840820312,1,1,1,
6186,1,0.9069154262542725,6,6,1,
6187,1,0.8170356750488281,2,2,1,
6188,1,0.8216819763183594,1,1,1,
6189,1,0.895226240158081,9,9,1,
6190,1,0.8355300426483154,6,6,1,
6191,1,0.839972972869873,6,6,1,
6192,1,0.8386104106903076,7,7,1,
6193,1,0.9296813011169434,2,2,1,
6194,1,0.9192359447479248,9,1,0,
6195,1,0.7858011722564697,0,0,1,
6196,1,0.8836970329284668,1,1,1,
6197,1,0.886277437210083,8,8,1,
6198,1,0.8397400379180908,6,6,1,
6199,1,0.8437232971191406,5,5,1,
6200,1,0.9304018020629883,3,3,1,
6201,1,0.8443338871002197,7,7,1,
6202,1,0.8497636318206787,3,3,1,
6203,1,0.9131011962890625,1,1,1,
6204,1,0.9011945724487305,0,0,1,
6205,1,0.8703219890594482,1,1,1,
6206,1,0.8354272842407227,0,0,1,
6207,1,0.8386654853820801,9,9,1,
6208,1,0.832237720489502,4,4,1,
6209,1,0.8444640636444092,0,0,1,
6210,1,0.8338577747344971,1,1,1,
6211,1,0.8586881160736084,5,5,1,
6212,1,0.848752498626709,2,2,1,
6213,1,0.890944242477417,0,0,1,
6214,1,0.9228515625,6,2,0,
6215,1,0.8396363258361816,2,2,1,
6216,1,0.8737277984619141,0,0,1,
6217,1,0.9372990131378174,9,9,1,
6218,1,0.7857494354248047,3,3,1,
6219,1,0.7876937389373779,4,4,1,
6220,1,0.8833878040313721,8,8,1,
6221,1,0.9317708015441895,1,1,1,
6222,1,0.9259350299835205,8,8,1,
6223,1,0.7972209453582764,2,2,1,
6224,1,0.8869905471801758,8,8,1,
6225,1,0.9427671432495117,1,1,1,
6226,1,0.8786566257476807,0,0,1,
6227,1,0.9340684413909912,3,3,1,
6228,1,0.8863914012908936,6,6,1,
6229,1,0.9367737770080566,4,4,1,
6230,1,0.8304133415222168,9,9,1,
6231,1,0.7946517467498779,9,9,1,
6232,1,0.8347549438476562,2,2,1,
6233,1,0.8547928333282471,6,6,1,
6234,1,1.0545341968536377,0,0,1,
6235,1,0.8824329376220703,5,5,1,
6236,1,0.8339285850524902,4,4,1,
6237,1,0.886359453201294,0,0,1,
6238,1,0.8935384750366211,2,2,1,
6239,1,0.8479185104370117,5,5,1,
6240,1,0.8166825771331787,8,8,1,
6241,1,0.8239638805389404,1,1,1,
6242,1,0.8977084159851074,1,1,1,
6243,1,0.9492700099945068,7,7,1,
6244,1,0.8901369571685791,0,0,1,
6245,1,0.7827651500701904,8,8,1,
6246,1,0.9146170616149902,6,6,1,
6247,1,0.8102948665618896,5,3,0,
6248,1,0.8625688552856445,0,0,1,
6249,1,0.8542859554290771,1,1,1,
6250,1,0.9594724178314209,6,6,1,
6251,1,0.8556370735168457,0,0,1,
6252,1,0.91383957862854,6,6,1,
6253,1,0.7917289733886719,3,3,1,
6254,1,0.9189741611480713,9,9,1,
6255,1,0.8919677734375,4,4,1,
6256,1,0.8302524089813232,1,1,1,
6257,1,0.9290497303009033,3,3,1,
6258,1,0.8368828296661377,4,4,1,
6259,1,0.8828914165496826,4,4,1,
6260,1,0.9232933521270752,1,1,1,
6261,1,0.8775303363800049,0,2,0,
6262,1,0.835974931716919,3,3,1,
6263,1,0.8669517040252686,4,4,1,
6264,1,0.8455774784088135,3,6,0,
6265,1,0.9390659332275391,2,2,1,
6266,1,0.8741512298583984,6,6,1,
6267,1,0.8394851684570312,0,0,1,
6268,1,0.8373785018920898,0,2,0,
6269,1,0.9534802436828613,7,7,1,
6270,1,0.8539223670959473,0,0,1,
6271,1,0.8807425498962402,0,0,1,
6272,1,0.8872900009155273,6,6,1,
6273,1,0.8865158557891846,8,8,1,
6274,1,0.9258320331573486,7,7,1,
6275,1,0.8818399906158447,9,9,1,
6276,1,0.8295650482177734,7,7,1,
6277,1,0.8913440704345703,4,4,1,
6278,1,0.7836477756500244,5,3,0,
6279,1,0.8867604732513428,4,4,1,
6280,1,0.8813772201538086,1,1,1,
6281,1,0.8920772075653076,7,2,0,
6282,1,0.8341262340545654,8,8,1,
6283,1,0.8448727130889893,6,6,1,
6284,1,0.8946208953857422,7,7,1,
6285,1,0.8578855991363525,4,4,1,
6286,1,0.9331986904144287,2,2,1,
6287,1,0.9106066226959229,1,1,1,
6288,1,0.841590166091919,7,7,1,
6289,1,0.9467504024505615,8,8,1,
6290,1,0.8836483955383301,7,7,1,
6291,1,0.8518874645233154,9,9,1,
6292,1,0.8787190914154053,7,7,1,
6293,1,0.9528915882110596,1,1,1,
6294,1,0.8385934829711914,3,3,1,
6295,1,0.9590022563934326,4,4,1,
6296,1,0.9184768199920654,4,4,1,
6297,1,0.8749599456787109,5,5,1,
6298,1,0.884831428527832,7,7,1,
6299,1,0.9664745330810547,7,7,1,
6300,1,0.9235014915466309,4,4,1,
6301,1,0.8813402652740479,5,5,1,
6302,1,0.8296685218811035,3,3,1,
6303,1,0.839608907699585,8,8,1,
6304,1,0.8197357654571533,8,8,1,
6305,1,0.8896775245666504,9,9,1,
6306,1,0.9475483894348145,2,2,1,
6307,1,0.8640012741088867,9,9,1,
6308,1,0.864525556564331,7,7,1,
6309,1,0.8655796051025391,5,3,0,
6310,1,0.9310872554779053,9,9,1,
6311,1,0.8902847766876221,7,7,1,
6312,1,0.8288850784301758,2,2,1,
6313,1,0.9440405368804932,2,2,1,
6314,1,0.9285411834716797,3,3,1,
6315,1,0.8988165855407715,8,8,1,
6316,1,0.9161372184753418,8,8,1,
6317,1,0.949641227722168,2,6,0,
6318,1,0.9423916339874268,5,5,1,
6319,1,0.8566241264343262,7,7,1,
6320,1,0.8455755710601807,4,4,1,
6321,1,0.9409270286560059,2,2,1,
6322,1,0.837977409362793,5,3,0,
6323,1,0.8700275421142578,5,5,1,
6324,1,0.8854086399078369,5,5,1,
6325,1,0.8887510299682617,7,7,1,
6326,1,0.8014755249023438,5,5,1,
6327,1,0.8798706531524658,9,9,1,
6328,1,0.9362123012542725,3,3,1,
6329,1,0.9468181133270264,5,5,1,
6330,1,0.9317080974578857,5,3,0,
6331,1,0.7985677719116211,9,9,1,
6332,1,0.8846278190612793,6,6,1,
6333,1,0.9349212646484375,6,6,1,
6334,1,0.8873531818389893,9,9,1,
6335,1,0.8643906116485596,7,4,0,
6336,1,0.9019827842712402,5,5,1,
6337,1,0.9038562774658203,1,1,1,
6338,1,0.8566200733184814,4,4,1,
6339,1,0.8857839107513428,5,2,0,
6340,1,0.9014451503753662,8,8,1,
6341,1,0.9660093784332275,8,8,1,
6342,1,0.9800817966461182,4,4,1,
6343,1,0.8465511798858643,6,6,1,
6344,1,0.8853118419647217,1,1,1,
6345,1,0.9038527011871338,4,4,1,
6346,1,0.9077885150909424,3,3,1,
6347,1,0.8913733959197998,2,2,1,
6348,1,0.9270195960998535,3,3,1,
6349,1,0.8907949924468994,3,3,1,
6350,1,0.9231526851654053,8,8,1,
6351,1,0.8941550254821777,6,6,1,
6352,1,0.8777384757995605,2,3,0,
6353,1,0.9383783340454102,5,5,1,
6354,1,0.8273954391479492,1,1,1,
6355,1,0.8900725841522217,7,7,1,
6356,1,0.8926751613616943,9,9,1,
6357,1,0.8867852687835693,1,1,1,
6358,1,0.8623185157775879,9,9,1,
6359,1,0.8226900100708008,9,9,1,
6360,1,0.8428616523742676,9,9,1,
6361,1,0.9380660057067871,2,2,1,
6362,1,0.9265041351318359,0,8,0,
6363,1,0.879647970199585,9,9,1,
6364,1,0.9401059150695801,8,8,1,
6365,1,0.8363735675811768,0,0,1,
6366,1,0.888023853302002,2,2,1,
6367,1,0.8663358688354492,5,5,1,
6368,1,0.945458173751831,3,3,1,
6369,1,0.7744019031524658,9,9,1,
6370,1,0.9968075752258301,5,5,1,
6371,1,0.8947048187255859,2,3,0,
6372,1,0.8738231658935547,6,6,1,
6373,1,0.9007127285003662,5,2,0,
6374,1,0.834111213684082,7,7,1,
6375,1,0.88779616355896,5,5,1,
6376,1,0.8885185718536377,5,5,1,
6377,1,0.9062633514404297,6,6,1,
6378,1,0.8501520156860352,3,3,1,
6379,1,1.0173516273498535,3,3,1,
6380,1,0.8961825370788574,5,3,0,
6381,1,0.9150955677032471,8,8,1,
6382,1,0.90476393699646,4,4,1,
6383,1,0.9861414432525635,1,1,1,
6384,1,0.7886345386505127,6,6,1,
6385,1,0.9491167068481445,3,4,0,
6386,1,0.9592831134796143,1,1,1,
6387,1,0.8560280799865723,6,6,1,
6388,1,0.8780181407928467,0,0,1,
6389,1,0.9239940643310547,8,8,1,
6390,1,0.8655843734741211,1,1,1,
6391,1,0.8676908016204834,7,7,1,
6392,1,0.842191219329834,9,9,1,
6393,1,0.8495388031005859,1,1,1,
6394,1,0.8927943706512451,9,9,1,
6395,1,0.9434535503387451,3,3,1,
6396,1,0.8879611492156982,9,9,1,
6397,1,0.8894453048706055,2,2,1,
6398,1,0.7844102382659912,9,9,1,
6399,1,0.9959750175476074,2,2,1,
6400,1,0.8752028942108154,0,0,1,
6401,1,0.8507969379425049,4,4,1,
6402,1,0.9350028038024902,2,2,1,
6403,1,0.9817612171173096,2,2,1,
6404,1,0.8332631587982178,0,0,1,
6405,1,0.8401482105255127,5,5,1,
6406,1,0.8852701187133789,6,6,1,
6407,1,0.8150818347930908,5,5,1,
6408,1,0.9448130130767822,8,8,1,
6409,1,0.8468859195709229,3,3,1,
6410,1,0.8919909000396729,6,6,1,
6411,1,0.8966069221496582,6,6,1,
6412,1,0.8779823780059814,7,7,1,
6413,1,0.943932294845581,3,3,1,
6414,1,0.8853507041931152,8,8,1,
6415,1,0.8045275211334229,5,5,1,
6416,1,0.9622573852539062,4,4,1,
6417,1,0.9305994510650635,7,7,1,
6418,1,0.8330538272857666,2,2,1,
6419,1,0.8893947601318359,5,5,1,
6420,1,0.8310630321502686,0,0,1,
6421,1,0.895465612411499,1,1,1,
6422,1,0.8892428874969482,5,5,1,
6423,1,0.8980216979980469,5,5,1,
6424,1,0.7428715229034424,6,6,1,
6425,1,0.9404265880584717,2,2,1,
6426,1,0.8728055953979492,5,3,0,
6427,1,0.8963825702667236,5,4,0,
6428,1,0.8837006092071533,0,0,1,
6429,1,0.8783473968505859,2,2,1,
6430,1,0.8564107418060303,6,6,1,
6431,1,0.8971378803253174,4,4,1,
6432,1,0.8872289657592773,4,4,1,
6433,1,0.8473553657531738,1,1,1,
6434,1,0.929154634475708,7,7,1,
6435,1,0.8631319999694824,4,4,1,
6436,1,0.9027225971221924,1,9,0,
6437,1,0.8451664447784424,5,5,1,
6438,1,0.8379824161529541,7,7,1,
6439,1,0.8808877468109131,3,3,1,
6440,1,0.8390021324157715,2,2,1,
6441,1,0.9366626739501953,8,8,1,
6442,1,0.782581090927124,3,3,1,
6443,1,0.8464658260345459,1,1,1,
6444,1,0.8875164985656738,3,3,1,
6445,1,0.936384916305542,3,3,1,
6446,1,0.8396108150482178,1,3,0,
6447,1,0.8213739395141602,9,9,1,
6448,1,0.855950117111206,9,9,1,
6449,1,0.8488996028900146,0,0,1,
6450,1,0.8950862884521484,6,6,1,
6451,1,0.8810136318206787,7,7,1,
6452,1,0.8929183483123779,0,0,1,
6453,1,0.7940287590026855,5,5,1,
6454,1,0.8142774105072021,1,1,1,
6455,1,0.8672945499420166,1,1,1,
6456,1,0.9152989387512207,8,8,1,
6457,1,0.9014217853546143,0,0,1,
6458,1,0.8853561878204346,1,4,0,
6459,1,0.902421236038208,6,6,1,
6460,1,0.8087239265441895,1,1,1,
6461,1,0.9163980484008789,9,9,1,
6462,1,0.8099091053009033,7,7,1,
6463,1,0.824876070022583,0,8,0,
6464,1,0.7896232604980469,9,9,1,
6465,1,0.9441399574279785,6,6,1,
6466,1,0.8418893814086914,5,3,0,
6467,1,0.9322330951690674,0,0,1,
6468,1,0.9161922931671143,2,2,1,
6469,1,0.8951358795166016,2,4,0,
6470,1,0.8833692073822021,0,0,1,
6471,1,0.8487448692321777,1,1,1,
6472,1,0.9280750751495361,2,2,1,
6473,1,0.7460987567901611,0,0,1,
6474,1,0.8350808620452881,5,5,1,
6475,1,0.8397188186645508,9,9,1,
6476,1,0.9101052284240723,6,6,1,
6477,1,0.8059084415435791,7,7,1,
6478,1,0.8406038284301758,1,1,1,
6479,1,0.8628203868865967,3,6,0,
6480,1,0.8540351390838623,3,5,0,
6481,1,0.8416399955749512,3,3,1,
6482,1,0.8878633975982666,1,1,1,
6483,1,0.8855760097503662,7,7,1,
6484,1,0.831916332244873,5,5,1,
6485,1,0.853485107421875,5,5,1,
6486,1,0.8616983890533447,7,7,1,
6487,1,0.8524169921875,0,0,1,
6488,1,0.8368556499481201,2,7,0,
6489,1,0.8421902656555176,5,5,1,
6490,1,0.8802504539489746,7,7,1,
6491,1,0.8382773399353027,4,4,1,
6492,1,0.9802019596099854,1,1,1,
6493,1,0.89546799659729,7,7,1,
6494,1,0.8668432235717773,7,7,1,
6495,1,0.8173723220825195,5,5,1,
6496,1,0.8327751159667969,5,6,0,
6497,1,0.8887557983398438,4,4,1,
6498,1,0.8914759159088135,2,2,1,
6499,1,0.8363063335418701,1,1,1,
6500,1,0.7953658103942871,5,5,1,
6501,1,0.9580285549163818,6,6,1,
6502,1,0.8872191905975342,2,2,1,
6503,1,0.882976770401001,9,9,1,
6504,1,0.8388054370880127,8,8,1,
6505,1,0.9478139877319336,5,5,1,
6506,1,0.9225280284881592,7,7,1,
6507,1,0.861778736114502,1,1,1,
6508,1,0.8573777675628662,5,5,1,
6509,1,0.8969194889068604,1,1,1,
6510,1,0.8922450542449951,9,9,1,
6511,1,0.8320839405059814,8,8,1,
6512,1,0.7999694347381592,2,2,1,
6513,1,0.9059929847717285,6,6,1,
6514,1,0.8570785522460938,0,0,1,
6515,1,0.966019868850708,2,2,1,
6516,1,0.8920238018035889,1,1,1,
6517,1,0.9621763229370117,2,2,1,
6518,1,0.8836698532104492,6,6,1,
6519,1,0.8048098087310791,0,0,1,
6520,1,0.9286036491394043,4,4,1,
6521,1,0.8451411724090576,8,8,1,
6522,1,0.8327620029449463,1,1,1,
6523,1,0.9552946090698242,5,5,1,
6524,1,0.8606338500976562,3,3,1,
6525,1,0.8437623977661133,7,7,1,
6526,1,0.9306468963623047,1,1,1,
6527,1,0.9193675518035889,7,7,1,
6528,1,0.8809530735015869,2,0,0,
6529,1,0.8611316680908203,2,2,1,
6530,1,0.9389574527740479,1,1,1,
6531,1,0.8679709434509277,8,8,1,
6532,1,0.9300544261932373,7,7,1,
6533,1,0.8582684993743896,2,2,1,
6534,1,0.8359310626983643,7,7,1,
6535,1,0.8672611713409424,3,3,1,
6536,1,0.808483362197876,5,3,0,
6537,1,0.8481955528259277,9,3,0,
6538,1,0.8459994792938232,7,0,0,
6539,1,0.9359183311462402,0,0,1,
6540,1,0.8537278175354004,5,5,1,
6541,1,0.945199728012085,7,7,1,
6542,1,0.9275658130645752,0,0,1,
6543,1,0.8439466953277588,3,6,0,
6544,1,0.8833866119384766,8,8,1,
6545,1,0.8447740077972412,9,9,1,
6546,1,0.8824455738067627,6,6,1,
6547,1,0.9860248565673828,4,4,1,
6548,1,0.7817165851593018,5,5,1,
6549,1,0.8440518379211426,7,7,1,
6550,1,0.8806819915771484,7,7,1,
6551,1,0.8966009616851807,6,6,1,
6552,1,0.8946435451507568,3,2,0,
6553,1,0.8916802406311035,0,0,1,
6554,1,0.8790717124938965,8,8,1,
6555,1,0.8347764015197754,5,5,1,
6556,1,0.9458308219909668,9,9,1,
6557,1,0.8910439014434814,8,8,1,
6558,1,0.9335064888000488,0,8,0,
6559,1,0.7947506904602051,4,4,1,
6560,1,0.8886415958404541,0,0,1,
6561,1,0.9361233711242676,5,3,0,
6562,1,0.8838474750518799,6,6,1,
6563,1,0.8952021598815918,2,2,1,
6564,1,0.7924361228942871,1,1,1,
6565,1,0.8934385776519775,7,7,1,
6566,1,0.9307751655578613,0,0,1,
6567,1,0.8416759967803955,2,2,1,
6568,1,0.8844199180603027,4,4,1,
6569,1,0.8893952369689941,1,1,1,
6570,1,0.924008846282959,5,6,0,
6571,1,0.8887031078338623,9,9,1,
6572,1,0.8816397190093994,5,5,1,
6573,1,0.791172981262207,8,8,1,
6574,1,0.8896210193634033,0,2,0,
6575,1,0.8478519916534424,0,3,0,
6576,1,0.8684511184692383,0,0,1,
6577,1,0.8483107089996338,5,5,1,
6578,1,0.9220056533813477,9,9,1,
6579,1,0.8506078720092773,1,1,1,
6580,1,0.8760936260223389,1,1,1,
6581,1,0.9278731346130371,2,2,1,
6582,1,0.8433983325958252,2,2,1,
6583,1,0.8188509941101074,5,5,1,
6584,1,0.8577167987823486,9,9,1,
6585,1,0.9624011516571045,1,1,1,
6586,1,0.8526287078857422,3,3,1,
6587,1,0.9464693069458008,0,0,1,
6588,1,0.886009931564331,9,9,1,
6589,1,0.8537230491638184,5,6,0,
6590,1,0.8569023609161377,1,1,1,
6591,1,0.8019101619720459,1,1,1,
6592,1,0.8202934265136719,2,5,0,
6593,1,1.0191545486450195,4,4,1,
6594,1,0.932330846786499,4,4,1,
6595,1,0.7748003005981445,3,3,1,
6596,1,0.8511455059051514,2,2,1,
6597,1,0.8879003524780273,8,8,1,
6598,1,0.9143154621124268,8,8,1,
6599,1,0.8495008945465088,0,0,1,
6600,1,0.8326001167297363,8,8,1,
6601,1,0.9356958866119385,0,2,0,
6602,1,0.8881564140319824,9,9,1,
6603,1,0.8883275985717773,9,9,1,
6604,1,0.8492882251739502,6,6,1,
6605,1,0.9683711528778076,5,5,1,
6606,1,0.8387041091918945,4,4,1,
6607,1,0.8719460964202881,4,4,1,
6608,1,0.8470885753631592,0,8,0,
6609,1,0.8734092712402344,0,0,1,
6610,1,0.8766980171203613,8,8,1,
6611,1,0.8428816795349121,4,4,1,
6612,1,0.8160743713378906,3,6,0,
6613,1,0.8601617813110352,7,7,1,
6614,1,0.7956147193908691,7,7,1,
6615,1,0.9364006519317627,2,2,1,
6616,1,0.8444387912750244,0,2,0,
6617,1,0.9069302082061768,4,4,1,
6618,1,0.9548673629760742,2,2,1,
6619,1,0.8100886344909668,6,6,1,
6620,1,0.8837184906005859,9,8,0,
6621,1,0.931394100189209,5,4,0,
6622,1,0.8790755271911621,9,9,1,
6623,1,0.7895643711090088,3,2,0,
6624,1,0.8346264362335205,5,5,1,
6625,1,0.8718836307525635,7,7,1,
6626,1,0.8524188995361328,7,7,1,
6627,1,0.8395743370056152,6,6,1,
6628,1,0.804069995880127,9,9,1,
6629,1,0.8694961071014404,4,4,1,
6630,1,0.8736536502838135,7,7,1,
6631,1,0.8394937515258789,4,4,1,
6632,1,0.9305403232574463,8,8,1,
6633,1,0.7729761600494385,0,0,1,
6634,1,0.8066556453704834,3,3,1,
6635,1,0.8503797054290771,7,7,1,
6636,1,0.8301162719726562,8,8,1,
6637,1,0.9075126647949219,9,9,1,
6638,1,0.9259202480316162,0,0,1,
6639,1,0.8775432109832764,2,2,1,
6640,1,0.7977597713470459,4,5,0,
6641,1,0.8924670219421387,6,6,1,
6642,1,0.8385133743286133,9,9,1,
6643,1,0.9211540222167969,6,6,1,
6644,1,0.8439719676971436,2,2,1,
6645,1,0.870537519454956,7,7,1,
6646,1,0.8510000705718994,9,9,1,
6647,1,0.8550252914428711,6,6,1,
6648,1,0.8438084125518799,8,0,0,
6649,1,0.8846042156219482,0,4,0,
6650,1,0.8359293937683105,0,8,0,
6651,1,0.8194060325622559,4,4,1,
6652,1,0.8460226058959961,7,7,1,
6653,1,0.9718048572540283,4,4,1,
6654,1,0.9159326553344727,2,2,1,
6655,1,0.8903045654296875,9,9,1,
6656,1,0.8006801605224609,4,4,1,
6657,1,0.8840517997741699,8,8,1,
6658,1,0.787423849105835,7,7,1,
6659,1,0.8452000617980957,9,9,1,
6660,1,0.8672633171081543,8,8,1,
6661,1,0.8863496780395508,1,1,1,
6662,1,0.8074262142181396,2,3,0,
6663,1,0.8644111156463623,5,5,1,
6664,1,0.830488920211792,8,8,1,
6665,1,0.8476848602294922,5,5,1,
6666,1,0.8787076473236084,3,3,1,
6667,1,0.8441977500915527,5,5,1,
6668,1,0.907315731048584,0,0,1,
6669,1,0.8138222694396973,0,0,1,
6670,1,0.8855066299438477,6,6,1,
6671,1,0.9172677993774414,2,5,0,
6672,1,0.8837330341339111,9,1,0,
6673,1,0.92584228515625,3,3,1,
6674,1,0.8563272953033447,4,4,1,
6675,1,0.8564765453338623,6,6,1,
6676,1,0.8320505619049072,4,4,1,
6677,1,0.8704314231872559,5,5,1,
6678,1,0.8566205501556396,4,4,1,
6679,1,0.932520866394043,5,5,1,
6680,1,0.8342089653015137,9,9,1,
6681,1,0.8334553241729736,2,2,1,
6682,1,0.8412814140319824,4,4,1,
6683,1,0.8410868644714355,2,6,0,
6684,1,0.8848834037780762,6,6,1,
6685,1,0.8350837230682373,9,9,1,
6686,1,0.9459168910980225,8,8,1,
6687,1,0.8349697589874268,6,6,1,
6688,1,0.8887600898742676,5,5,1,
6689,1,0.8558545112609863,0,0,1,
6690,1,0.8398945331573486,4,4,1,
6691,1,0.937321662902832,9,9,1,
6692,1,0.8801634311676025,4,4,1,
6693,1,0.8344168663024902,1,1,1,
6694,1,0.874342679977417,4,4,1,
6695,1,0.8330433368682861,2,4,0,
6696,1,0.8768794536590576,2,2,1,
6697,1,0.854133129119873,4,4,1,
6698,1,0.8548693656921387,9,9,1,
6699,1,0.9048569202423096,5,3,0,
6700,1,0.7899813652038574,9,9,1,
6701,1,0.947063684463501,2,3,0,
6702,1,0.8128304481506348,5,3,0,
6703,1,0.838963508605957,6,2,0,
6704,1,0.9396958351135254,2,2,1,
6705,1,0.9233283996582031,5,5,1,
6706,1,0.8924674987792969,9,9,1,
6707,1,0.8765926361083984,2,2,1,
6708,1,0.8034877777099609,5,5,1,
6709,1,0.8764660358428955,5,5,1,
6710,1,0.8431658744812012,2,4,0,
6711,1,0.8368513584136963,1,1,1,
6712,1,0.8400797843933105,5,4,0,
6713,1,0.8364400863647461,4,4,1,
6714,1,0.9384610652923584,1,1,1,
6715,1,0.8817934989929199,2,2,1,
6716,1,0.89443039894104,0,0,1,
6717,1,0.8898947238922119,9,9,1,
6718,1,0.8480510711669922,9,0,0,
6719,1,0.8372890949249268,8,8,1,
6720,1,0.8507306575775146,0,0,1,
6721,1,0.8770201206207275,3,3,1,
6722,1,0.9452524185180664,0,0,1,
6723,1,0.8150219917297363,2,2,1,
6724,1,0.8932642936706543,7,7,1,
6725,1,0.9164202213287354,9,9,1,
6726,1,0.8945789337158203,5,3,0,
6727,1,0.9315383434295654,5,5,1,
6728,1,0.9695439338684082,6,6,1,
6729,1,0.7916204929351807,5,4,0,
6730,1,0.9044451713562012,5,5,1,
6731,1,0.8358123302459717,6,6,1,
6732,1,0.8403923511505127,8,8,1,
6733,1,0.8378763198852539,5,5,1,
6734,1,0.9029722213745117,5,5,1,
6735,1,0.8979902267456055,1,1,1,
6736,1,0.9297285079956055,5,5,1,
6737,1,0.8370842933654785,9,9,1,
6738,1,0.8884189128875732,4,4,1,
6739,1,0.9276611804962158,5,5,1,
6740,1,0.8410615921020508,5,5,1,
6741,1,0.8433489799499512,7,7,1,
6742,1,0.7961251735687256,9,9,1,
6743,1,0.8959531784057617,8,8,1,
6744,1,0.868060827255249,2,2,1,
6745,1,0.878065824508667,2,2,1,
6746,1,0.942063570022583,0,7,0,
6747,1,0.8880538940429688,0,0,1,
6748,1,0.8876299858093262,0,0,1,
6749,1,0.8793423175811768,8,8,1,
6750,1,0.8906807899475098,9,9,1,
6751,1,0.808119535446167,7,7,1,
6752,1,0.8735668659210205,8,8,1,
6753,1,0.8721110820770264,4,4,1,
6754,1,0.8476531505584717,4,4,1,
6755,1,0.8555135726928711,0,0,1,
6756,1,0.8625829219818115,3,3,1,
6757,1,0.9239246845245361,4,4,1,
6758,1,0.8876786231994629,2,4,0,
6759,1,0.9366915225982666,6,6,1,
6760,1,0.8380370140075684,7,7,1,
6761,1,0.839280366897583,5,5,1,
6762,1,0.8417599201202393,5,5,1,
6763,1,0.9234166145324707,1,1,1,
6764,1,0.8290824890136719,0,0,1,
6765,1,0.8365499973297119,0,0,1,
6766,1,0.8782041072845459,4,4,1,
6767,1,0.8868756294250488,7,7,1,
6768,1,0.8302550315856934,8,8,1,
6769,1,0.9918031692504883,4,4,1,
6770,1,0.8901402950286865,0,0,1,
6771,1,0.8759853839874268,4,4,1,
6772,1,0.8390951156616211,6,6,1,
6773,1,0.876349687576294,4,4,1,
6774,1,0.9758093357086182,5,3,0,
6775,1,0.835040807723999,9,9,1,
6776,1,0.8462045192718506,2,2,1,
6777,1,0.9302752017974854,2,2,1,
6778,1,0.8394489288330078,1,1,1,
6779,1,0.8488390445709229,2,2,1,
6780,1,0.8248186111450195,3,3,1,
6781,1,0.9409976005554199,9,9,1,
6782,1,0.8942043781280518,4,4,1,
6783,1,0.8284487724304199,4,4,1,
6784,1,0.8868875503540039,1,1,1,
6785,1,0.8387908935546875,7,7,1,
6786,1,0.880906343460083,3,3,1,
6787,1,0.9507043361663818,5,5,1,
6788,1,0.8459112644195557,6,6,1,
6789,1,0.8797059059143066,5,4,0,
6790,1,0.9538450241088867,0,0,1,
6791,1,0.9341933727264404,6,6,1,
6792,1,0.8373498916625977,7,7,1,
6793,1,0.8863363265991211,6,6,1,
6794,1,0.8609166145324707,9,9,1,
6795,1,0.912564754486084,5,6,0,
6796,1,0.8505377769470215,0,5,0,
6797,1,0.8679280281066895,7,4,0,
6798,1,0.9010086059570312,8,8,1,
6799,1,0.7862734794616699,5,5,1,
6800,1,0.8115870952606201,0,0,1,
6801,1,0.9128458499908447,8,8,1,
6802,1,0.8923051357269287,8,8,1,
6803,1,0.931816816329956,1,1,1,
6804,1,0.7834081649780273,6,6,1,
6805,1,0.8861503601074219,0,0,1,
6806,1,0.9318523406982422,8,8,1,
6807,1,0.7941544055938721,7,7,1,
6808,1,0.8452591896057129,9,9,1,
6809,1,0.7796354293823242,6,5,0,
6810,1,0.9375982284545898,2,2,1,
6811,1,0.8873395919799805,3,3,1,
6812,1,0.8412659168243408,5,5,1,
6813,1,0.9247233867645264,6,6,1,
6814,1,0.8016977310180664,5,3,0,
6815,1,0.93178391456604,5,5,1,
6816,1,0.7745914459228516,4,4,1,
6817,1,0.8795480728149414,5,5,1,
6818,1,0.8782343864440918,9,9,1,
6819,1,0.9271104335784912,8,8,1,
6820,1,0.8908703327178955,6,6,1,
6821,1,0.7826211452484131,8,8,1,
6822,1,0.9442658424377441,4,4,1,
6823,1,0.8694274425506592,4,4,1,
6824,1,0.9153547286987305,3,3,1,
6825,1,0.7997496128082275,4,4,1,
6826,1,0.8187577724456787,7,7,1,
6827,1,0.9069476127624512,4,4,1,
6828,1,0.9168272018432617,9,8,0,
6829,1,0.8395659923553467,7,7,1,
6830,1,0.8918130397796631,9,9,1,
6831,1,0.8383035659790039,9,9,1,
6832,1,0.8472561836242676,2,2,1,
6833,1,0.8792152404785156,5,5,1,
6834,1,0.992943525314331,0,3,0,
6835,1,0.8906807899475098,4,4,1,
6836,1,0.800675630569458,2,2,1,
6837,1,0.7875714302062988,0,0,1,
6838,1,0.8443686962127686,5,5,1,
6839,1,0.8316130638122559,4,4,1,
6840,1,0.8960163593292236,0,0,1,
6841,1,0.7920653820037842,8,8,1,
6842,1,0.9542655944824219,7,7,1,
6843,1,0.8641459941864014,5,2,0,
6844,1,0.851043701171875,1,1,1,
6845,1,0.8404204845428467,1,0,0,
6846,1,0.8169596195220947,6,6,1,
6847,1,0.7727029323577881,1,1,1,
6848,1,0.8736979961395264,6,6,1,
6849,1,0.8311259746551514,0,0,1,
6850,1,0.8358078002929688,9,9,1,
6851,1,0.7861292362213135,6,6,1,
6852,1,0.8859171867370605,8,8,1,
6853,1,0.9170293807983398,4,4,1,
6854,1,0.7867295742034912,8,8,1,
6855,1,0.8533186912536621,8,8,1,
6856,1,0.9379096031188965,6,2,0,
6857,1,0.7855253219604492,7,7,1,
6858,1,0.8450007438659668,3,3,1,
6859,1,0.8905243873596191,9,9,1,
6860,1,0.8465616703033447,5,5,1,
6861,1,0.8363504409790039,4,4,1,
6862,1,0.8523852825164795,8,8,1,
6863,1,0.8785462379455566,6,6,1,
6864,1,0.9007384777069092,7,7,1,
6865,1,0.869023323059082,9,9,1,
6866,1,0.8416192531585693,2,2,1,
6867,1,0.7935192584991455,2,2,1,
6868,1,0.8276851177215576,6,6,1,
6869,1,0.8841726779937744,1,1,1,
6870,1,0.9522035121917725,8,8,1,
6871,1,0.83343505859375,5,5,1,
6872,1,0.8966059684753418,7,7,1,
6873,1,0.8287901878356934,3,2,0,
6874,1,0.8639650344848633,3,3,1,
6875,1,0.8753118515014648,6,6,1,
6876,1,0.7972757816314697,3,3,1,
6877,1,0.8803777694702148,2,4,0,
6878,1,0.9606821537017822,3,3,1,
6879,1,0.8291828632354736,7,7,1,
6880,1,0.8492903709411621,5,5,1,
6881,1,0.8463125228881836,8,8,1,
6882,1,0.8431499004364014,7,7,1,
6883,1,0.8242342472076416,9,9,1,
6884,1,0.8861100673675537,1,1,1,
6885,1,0.7889115810394287,0,0,1,
6886,1,0.8862605094909668,9,9,1,
6887,1,0.9748415946960449,1,1,1,
6888,1,0.79439377784729,4,4,1,
6889,1,0.8809797763824463,0,0,1,
6890,1,0.8944034576416016,9,9,1,
6891,1,0.8812122344970703,3,3,1,
6892,1,0.839282751083374,9,9,1,
6893,1,0.8748395442962646,2,2,1,
6894,1,0.7922108173370361,7,7,1,
6895,1,0.8370883464813232,1,1,1,
6896,1,0.978975772857666,6,6,1,
6897,1,0.836977481842041,4,4,1,
6898,1,0.8421173095703125,7,7,1,
6899,1,0.7917375564575195,4,4,1,
6900,1,0.8973329067230225,8,8,1,
6901,1,0.8877923488616943,5,5,1,
6902,1,0.9431185722351074,1,1,1,
6903,1,0.7788798809051514,5,5,1,
6904,1,0.9400641918182373,1,1,1,
6905,1,0.7824828624725342,0,0,1,
6906,1,0.8493988513946533,9,9,1,
6907,1,0.8772125244140625,6,6,1,
6908,1,0.8342123031616211,0,0,1,
6909,1,0.9270434379577637,0,0,1,
6910,1,0.8930137157440186,8,8,1,
6911,1,0.8300068378448486,4,4,1,
6912,1,0.9297454357147217,9,9,1,
6913,1,0.8728582859039307,7,7,1,
6914,1,0.8898909091949463,2,2,1,
6915,1,0.7900111675262451,2,2,1,
6916,1,0.8337171077728271,3,3,1,
6917,1,0.8062472343444824,3,3,1,
6918,1,0.8627643585205078,4,4,1,
6919,1,0.8326473236083984,1,1,1,
6920,1,0.9717493057250977,7,7,1,
6921,1,0.8335437774658203,1,1,1,
6922,1,0.9338319301605225,7,7,1,
6923,1,0.8440520763397217,2,4,0,
6924,1,0.8945906162261963,4,4,1,
6925,1,0.8339347839355469,4,4,1,
6926,1,0.9052014350891113,0,0,1,
6927,1,0.8510479927062988,9,9,1,
6928,1,0.9507465362548828,1,1,1,
6929,1,0.9091246128082275,0,2,0,
6930,1,0.8475151062011719,6,6,1,
6931,1,0.8895554542541504,9,9,1,
6932,1,0.8953280448913574,5,5,1,
6933,1,0.8280739784240723,1,1,1,
6934,1,0.7971029281616211,2,2,1,
6935,1,0.9062304496765137,9,9,1,
6936,1,0.9563617706298828,2,2,1,
6937,1,0.8777093887329102,5,5,1,
6938,1,0.8960154056549072,6,6,1,
6939,1,0.8267033100128174,3,8,0,
6940,1,0.8391690254211426,4,4,1,
6941,1,0.881598711013794,9,9,1,
6942,1,0.88828444480896,0,0,1,
6943,1,0.8013668060302734,1,1,1,
6944,1,0.8247220516204834,2,2,1,
6945,1,0.9228334426879883,9,9,1,
6946,1,0.8359286785125732,2,2,1,
6947,1,0.8437566757202148,0,0,1,
6948,1,0.8802309036254883,4,4,1,
6949,1,0.9803822040557861,5,3,0,
6950,1,0.8862495422363281,9,9,1,
6951,1,0.8747010231018066,5,5,1,
6952,1,0.8499252796173096,3,3,1,
6953,1,0.8591790199279785,7,7,1,
6954,1,0.8612186908721924,2,2,1,
6955,1,0.9369833469390869,6,6,1,
6956,1,0.79164719581604,6,6,1,
6957,1,0.8252944946289062,3,3,1,
6958,1,0.8435211181640625,2,6,0,
6959,1,0.8870089054107666,2,2,1,
6960,1,0.8692307472229004,5,5,1,
6961,1,0.9165127277374268,6,6,1,
6962,1,0.8275861740112305,8,8,1,
6963,1,0.8820805549621582,2,2,1,
6964,1,0.7523908615112305,7,7,1,
6965,1,0.8797729015350342,9,9,1,
6966,1,0.9400596618652344,9,9,1,
6967,1,0.9256038665771484,4,4,1,
6968,1,0.8015103340148926,8,8,1,
6969,1,0.9218442440032959,0,0,1,
6970,1,0.8897645473480225,4,4,1,
6971,1,0.9145400524139404,6,6,1,
6972,1,0.8588507175445557,3,5,0,
6973,1,0.9312682151794434,0,0,1,
6974,1,0.8416643142700195,5,5,1,
6975,1,0.8835399150848389,6,6,1,
6976,1,0.8379614353179932,6,6,1,
6977,1,0.9352359771728516,2,2,1,
6978,1,0.7947478294372559,2,5,0,
6979,1,0.8855369091033936,9,0,0,
6980,1,0.8441421985626221,2,2,1,
6981,1,0.8831067085266113,1,1,1,
6982,1,0.8305141925811768,9,8,0,
6983,1,0.9291820526123047,8,8,1,
6984,1,0.8357915878295898,6,6,1,
6985,1,0.9280872344970703,8,8,1,
6986,1,0.9482057094573975,7,7,1,
6987,1,0.8223536014556885,6,6,1,
6988,1,0.8280003070831299,6,6,1,
6989,1,0.8832221031188965,3,3,1,
6990,1,0.8429975509643555,1,9,0,
6991,1,0.9357566833496094,6,6,1,
6992,1,0.8942916393280029,2,2,1,
6993,1,0.8847265243530273,4,4,1,
6994,1,0.8707971572875977,2,2,1,
6995,1,0.7998390197753906,5,5,1,
6996,1,0.901738166809082,0,0,1,
6997,1,0.9805920124053955,4,4,1,
6998,1,0.874138593673706,2,2,1,
6999,1,0.8994357585906982,1,1,1,
7000,1,0.8084909915924072,1,1,1,
7001,1,0.8851478099822998,5,5,1,
7002,1,0.8341281414031982,8,8,1,
7003,1,0.8893373012542725,5,3,0,
7004,1,0.8747565746307373,5,3,0,
7005,1,0.837273120880127,2,2,1,
7006,1,0.8209307193756104,1,1,1,
7007,1,0.8431119918823242,7,7,1,
7008,1,0.8993535041809082,9,9,1,
7009,1,0.8240830898284912,7,7,1,
7010,1,0.8937017917633057,8,8,1,
7011,1,0.8197982311248779,5,5,1,
7012,1,0.8842818737030029,5,3,0,
7013,1,0.8812134265899658,8,8,1,
7014,1,0.8861498832702637,9,9,1,
7015,1,0.873295783996582,9,9,1,
7016,1,0.8540163040161133,6,6,1,
7017,1,0.8740277290344238,8,8,1,
7018,1,0.8329081535339355,4,4,1,
7019,1,0.8304383754730225,1,1,1,
7020,1,0.8458499908447266,1,1,1,
7021,1,0.898655891418457,7,7,1,
7022,1,0.8695361614227295,8,0,0,
7023,1,0.9232144355773926,1,1,1,
7024,1,0.8741536140441895,6,6,1,
7025,1,0.8882107734680176,6,6,1,
7026,1,0.8422894477844238,2,2,1,
7027,1,0.9227983951568604,0,1,0,
7028,1,0.7979235649108887,2,4,0,
7029,1,0.8331308364868164,8,8,1,
7030,1,0.8488562107086182,5,5,1,
7031,1,0.7975709438323975,1,1,1,
7032,1,0.9234504699707031,9,9,1,
7033,1,0.8376049995422363,9,9,1,
7034,1,0.7961862087249756,0,0,1,
7035,1,0.8892185688018799,9,1,0,
7036,1,0.8795797824859619,8,8,1,
7037,1,0.9159071445465088,7,7,1,
7038,1,0.7871396541595459,7,7,1,
7039,1,0.8281044960021973,2,2,1,
7040,1,0.9232075214385986,1,1,1,
7041,1,0.8256926536560059,8,8,1,
7042,1,0.8914895057678223,0,0,1,
7043,1,0.8205194473266602,4,4,1,
7044,1,0.8019049167633057,2,2,1,
7045,1,0.8349981307983398,0,2,0,
7046,1,0.8464581966400146,2,2,1,
7047,1,0.9091417789459229,4,4,1,
7048,1,0.8099758625030518,0,0,1,
7049,1,0.907996416091919,1,1,1,
7050,1,0.8361895084381104,2,2,1,
7051,1,0.8346269130706787,0,0,1,
7052,1,0.8030698299407959,5,5,1,
7053,1,0.9846434593200684,5,5,1,
7054,1,0.9372632503509521,8,8,1,
7055,1,0.8349525928497314,6,6,1,
7056,1,0.8415372371673584,5,5,1,
7057,1,0.8732082843780518,9,1,0,
7058,1,0.8145637512207031,4,4,1,
7059,1,0.8585586547851562,3,3,1,
7060,1,0.8799600601196289,1,1,1,
7061,1,0.8365004062652588,3,6,0,
7062,1,0.8399124145507812,6,6,1,
7063,1,0.7896780967712402,9,9,1,
7064,1,0.971682071685791,0,3,0,
7065,1,0.8513758182525635,7,7,1,
7066,1,0.8139197826385498,5,5,1,
7067,1,0.8969926834106445,9,9,1,
7068,1,0.8999345302581787,0,0,1,
7069,1,0.9813041687011719,6,6,1,
7070,1,0.8113641738891602,8,8,1,
7071,1,0.8354482650756836,2,6,0,
7072,1,0.8963849544525146,6,6,1,
7073,1,0.8911693096160889,8,8,1,
7074,1,0.8715031147003174,2,2,1,
7075,1,0.8453199863433838,7,6,0,
7076,1,0.8860235214233398,3,3,1,
7077,1,0.8218250274658203,2,2,1,
7078,1,0.9332590103149414,1,1,1,
7079,1,0.9294731616973877,7,7,1,
7080,1,0.8016526699066162,0,0,1,
7081,1,0.8453114032745361,0,0,1,
7082,1,0.8471894264221191,8,8,1,
7083,1,0.7455830574035645,6,6,1,
7084,1,0.946587324142456,5,5,1,
7085,1,0.934471607208252,6,6,1,
7086,1,0.9444422721862793,7,2,0,
7087,1,0.8373355865478516,1,1,1,
7088,1,0.8468515872955322,4,4,1,
7089,1,0.8819804191589355,8,8,1,
7090,1,0.8548023700714111,6,6,1,
7091,1,0.8080620765686035,9,9,1,
7092,1,1.0111048221588135,9,9,1,
7093,1,0.8743629455566406,6,6,1,
7094,1,0.845761775970459,4,4,1,
7095,1,0.8799595832824707,8,8,1,
7096,1,0.8918726444244385,9,9,1,
7097,1,0.8340272903442383,3,2,0,
7098,1,0.8902735710144043,6,6,1,
7099,1,0.8401467800140381,7,7,1,
7100,1,0.9738240242004395,7,5,0,
7101,1,0.8871662616729736,0,0,1,
7102,1,0.8682799339294434,7,7,1,
7103,1,0.8459932804107666,7,7,1,
7104,1,0.8469071388244629,4,3,0,
7105,1,0.8533217906951904,7,7,1,
7106,1,0.8926432132720947,9,9,1,
7107,1,0.8904039859771729,4,4,1,
7108,1,0.802109956741333,5,5,1,
7109,1,0.8830716609954834,0,0,1,
7110,1,0.8386805057525635,5,5,1,
7111,1,0.8420712947845459,3,5,0,
7112,1,0.8666253089904785,8,8,1,
7113,1,0.8517024517059326,3,3,1,
7114,1,0.9217891693115234,1,1,1,
7115,1,0.8398196697235107,3,3,1,
7116,1,0.9329817295074463,5,5,1,
7117,1,0.8297646045684814,3,3,1,
7118,1,0.9622836112976074,8,8,1,
7119,1,0.8077640533447266,5,3,0,
7120,1,0.9314765930175781,3,3,1,
7121,1,0.8356173038482666,4,2,0,
7122,1,0.8877534866333008,2,2,1,
7123,1,0.8894264698028564,2,2,1,
7124,1,0.7956955432891846,3,3,1,
7125,1,0.8818068504333496,7,7,1,
7126,1,0.8898429870605469,2,2,1,
7127,1,0.9151465892791748,5,5,1,
7128,1,0.8585734367370605,2,4,0,
7129,1,0.8855257034301758,9,9,1,
7130,1,0.9260056018829346,9,9,1,
7131,1,0.8879034519195557,4,4,1,
7132,1,0.8909919261932373,3,3,1,
7133,1,0.7899580001831055,5,3,0,
7134,1,0.8974869251251221,1,1,1,
7135,1,0.7922406196594238,0,0,1,
7136,1,0.8907477855682373,5,5,1,
7137,1,0.7901909351348877,3,3,1,
7138,1,0.8884155750274658,2,2,1,
7139,1,0.9218580722808838,9,9,1,
7140,1,0.8460626602172852,1,1,1,
7141,1,0.942657470703125,1,1,1,
7142,1,0.84893798828125,7,7,1,
7143,1,0.9262950420379639,7,7,1,
7144,1,0.9476048946380615,7,7,1,
7145,1,0.8851971626281738,8,8,1,
7146,1,0.7813098430633545,7,7,1,
7147,1,0.9142606258392334,0,0,1,
7148,1,0.9437711238861084,3,6,0,
7149,1,0.7616264820098877,4,4,1,
7150,1,0.8093874454498291,5,3,0,
7151,1,0.8864283561706543,6,6,1,
7152,1,0.8049519062042236,1,1,1,
7153,1,0.9123387336730957,7,7,1,
7154,1,0.843724250793457,7,7,1,
7155,1,0.807917594909668,1,1,1,
7156,1,0.9360387325286865,5,5,1,
7157,1,0.793663501739502,5,3,0,
7158,1,0.8231971263885498,2,2,1,
7159,1,0.8491611480712891,4,4,1,
7160,1,0.8423376083374023,2,2,1,
7161,1,0.8825705051422119,3,6,0,
7162,1,0.8460090160369873,5,5,1,
7163,1,0.9069128036499023,5,5,1,
7164,1,0.8863828182220459,5,5,1,
7165,1,0.8304903507232666,9,9,1,
7166,1,0.8912715911865234,3,3,1,
7167,1,0.919405460357666,9,9,1,
7168,1,0.8453614711761475,2,2,1,
7169,1,0.863877534866333,5,5,1,
7170,1,0.8415067195892334,0,0,1,
7171,1,0.8361289501190186,1,1,1,
7172,1,0.8924713134765625,3,3,1,
7173,1,0.8873076438903809,1,1,1,
7174,1,0.9395222663879395,1,1,1,
7175,1,0.858910083770752,2,2,1,
7176,1,0.889214277267456,2,2,1,
7177,1,0.888390302658081,8,8,1,
7178,1,0.7937867641448975,5,5,1,
7179,1,0.9673399925231934,0,0,1,
7180,1,0.8432903289794922,4,4,1,
7181,1,0.8700582981109619,5,5,1,
7182,1,0.8352084159851074,5,3,0,
7183,1,0.8250834941864014,1,1,1,
7184,1,0.8596916198730469,9,9,1,
7185,1,0.8357088565826416,3,3,1,
7186,1,0.9237039089202881,5,5,1,
7187,1,0.7854394912719727,9,9,1,
7188,1,0.8512437343597412,6,6,1,
7189,1,0.7881484031677246,2,0,0,
7190,1,0.8437159061431885,9,9,1,
7191,1,0.8810975551605225,8,8,1,
7192,1,0.8253123760223389,0,0,1,
7193,1,0.8487176895141602,7,7,1,
7194,1,0.8915057182312012,0,8,0,
7195,1,0.8383450508117676,1,1,1,
7196,1,0.925295352935791,7,7,1,
7197,1,0.7847692966461182,5,3,0,
7198,1,0.7983901500701904,0,0,1,
7199,1,0.9528360366821289,8,8,1,
7200,1,0.8907394409179688,5,5,1,
7201,1,0.8366992473602295,8,8,1,
7202,1,0.8917319774627686,5,3,0,
7203,1,0.8365108966827393,0,0,1,
7204,1,0.9027233123779297,9,9,1,
7205,1,0.9467823505401611,9,9,1,
7206,1,0.8440361022949219,9,9,1,
7207,1,0.881411075592041,2,2,1,
7208,1,0.8909299373626709,9,9,1,
7209,1,0.8266811370849609,9,9,1,
7210,1,0.8874499797821045,6,6,1,
7211,1,0.7991499900817871,5,3,0,
7212,1,0.8123111724853516,9,9,1,
7213,1,0.8393268585205078,2,2,1,
7214,1,0.8410449028015137,7,7,1,
7215,1,0.8253602981567383,1,1,1,
7216,1,0.8893961906433105,4,4,1,
7217,1,0.7826049327850342,5,3,0,
7218,1,0.8893942832946777,5,5,1,
7219,1,0.880683422088623,7,7,1,
7220,1,0.8465213775634766,9,9,1,
7221,1,0.8338565826416016,5,5,1,
7222,1,0.8803527355194092,8,8,1,
7223,1,0.8326466083526611,1,1,1,
7224,1,0.7947242259979248,0,0,1,
7225,1,0.8286066055297852,0,4,0,
7226,1,0.7937636375427246,4,5,0,
7227,1,0.8817615509033203,6,6,1,
7228,1,0.7917237281799316,4,4,1,
7229,1,0.9344470500946045,5,5,1,
7230,1,0.7919027805328369,8,8,1,
7231,1,0.8330690860748291,1,1,1,
7232,1,0.8924565315246582,0,0,1,
7233,1,0.8203284740447998,8,8,1,
7234,1,0.8450043201446533,8,8,1,
7235,1,0.7766141891479492,0,0,1,
7236,1,0.7681303024291992,8,9,0,
7237,1,0.8636164665222168,2,2,1,
7238,1,0.8847286701202393,7,7,1,
7239,1,0.8311903476715088,9,9,1,
7240,1,0.8333005905151367,1,1,1,
7241,1,0.8372707366943359,4,4,1,
7242,1,0.7889008522033691,8,8,1,
7243,1,0.882990837097168,2,2,1,
7244,1,0.8408269882202148,8,8,1,
7245,1,0.7440061569213867,6,6,1,
7246,1,0.8690500259399414,4,4,1,
7247,1,0.8298962116241455,1,1,1,
7248,1,0.8684954643249512,7,7,1,
7249,1,0.8472006320953369,2,2,1,
7250,1,0.8845367431640625,7,7,1,
7251,1,0.8223891258239746,9,9,1,
7252,1,0.887775182723999,6,9,0,
7253,1,0.8321714401245117,8,8,1,
7254,1,0.7889316082000732,0,0,1,
7255,1,0.8394267559051514,6,6,1,
7256,1,0.8887102603912354,3,3,1,
7257,1,0.7293300628662109,4,4,1,
7258,1,0.8445601463317871,3,3,1,
7259,1,0.8286933898925781,2,2,1,
7260,1,0.8913280963897705,2,5,0,
7261,1,0.9685747623443604,9,9,1,
7262,1,0.9291987419128418,6,6,1,
7263,1,0.8367862701416016,6,6,1,
7264,1,0.8413565158843994,3,3,1,
7265,1,0.9326951503753662,8,8,1,
7266,1,0.793842077255249,0,0,1,
7267,1,0.83176589012146,2,2,1,
7268,1,0.8485984802246094,6,6,1,
7269,1,0.8233010768890381,7,7,1,
7270,1,0.8121387958526611,6,6,1,
7271,1,0.8754568099975586,7,7,1,
7272,1,0.8515284061431885,5,5,1,
7273,1,0.8297634124755859,1,1,1,
7274,1,0.9320001602172852,5,5,1,
7275,1,0.832103967666626,5,4,0,
7276,1,0.7886004447937012,8,8,1,
7277,1,0.8377997875213623,2,2,1,
7278,1,0.7960460186004639,0,0,1,
7279,1,0.8332006931304932,0,0,1,
7280,1,0.9272496700286865,6,6,1,
7281,1,0.83327317237854,7,7,1,
7282,1,0.8889079093933105,9,9,1,
7283,1,0.797645092010498,6,6,1,
7284,1,0.8010251522064209,4,4,1,
7285,1,0.8375339508056641,1,1,1,
7286,1,0.8482434749603271,0,8,0,
7287,1,0.9316091537475586,1,1,1,
7288,1,0.7977352142333984,6,6,1,
7289,1,0.8346562385559082,1,1,1,
7290,1,0.9191350936889648,4,4,1,
7291,1,0.8319358825683594,0,0,1,
7292,1,0.7947440147399902,0,0,1,
7293,1,0.8343305587768555,4,4,1,
7294,1,0.851614236831665,7,4,0,
7295,1,0.8519225120544434,0,0,1,
7296,1,0.8922901153564453,9,9,1,
7297,1,0.8797032833099365,2,2,1,
7298,1,0.8476598262786865,8,8,1,
7299,1,0.7364492416381836,7,7,1,
7300,1,0.9370825290679932,7,7,1,
7301,1,0.9073100090026855,8,8,1,
7302,1,0.8487105369567871,6,6,1,
7303,1,0.8887906074523926,4,4,1,
7304,1,0.7941431999206543,6,6,1,
7305,1,0.8397021293640137,0,0,1,
7306,1,0.8896317481994629,5,5,1,
7307,1,0.8522369861602783,6,6,1,
7308,1,0.8399991989135742,8,8,1,
7309,1,0.8647403717041016,1,1,1,
7310,1,0.8127529621124268,1,1,1,
7311,1,0.8221909999847412,7,7,1,
7312,1,0.8801617622375488,9,9,1,
7313,1,0.7898280620574951,9,9,1,
7314,1,0.841498613357544,1,1,1,
7315,1,0.8602087497711182,7,7,1,
7316,1,0.8946471214294434,2,2,1,
7317,1,0.8066840171813965,5,5,1,
7318,1,0.8604140281677246,7,7,1,
7319,1,0.821537971496582,0,0,1,
7320,1,0.852013111114502,3,3,1,
7321,1,0.7701961994171143,5,5,1,
7322,1,0.8412368297576904,8,8,1,
7323,1,0.8586809635162354,7,7,1,
7324,1,0.8940200805664062,2,2,1,
7325,1,0.8259398937225342,9,9,1,
7326,1,0.8468258380889893,5,5,1,
7327,1,0.8328211307525635,0,0,1,
7328,1,0.740501880645752,3,3,1,
7329,1,0.8862159252166748,9,9,1,
7330,1,0.8923594951629639,7,7,1,
7331,1,0.7385785579681396,1,1,1,
7332,1,0.8900012969970703,8,8,1,
7333,1,0.879056453704834,0,0,1,
7334,1,0.8536026477813721,7,5,0,
7335,1,0.9224395751953125,0,0,1,
7336,1,0.8617391586303711,4,4,1,
7337,1,0.7919037342071533,5,5,1,
7338,1,0.8934478759765625,2,2,1,
7339,1,0.8737027645111084,7,7,1,
7340,1,0.899721622467041,9,9,1,
7341,1,0.6923205852508545,0,0,1,
7342,1,0.7948896884918213,7,7,1,
7343,1,1.0019450187683105,3,5,0,
7344,1,0.8223311901092529,8,8,1,
7345,1,0.9054868221282959,2,2,1,
7346,1,0.9526264667510986,7,7,1,
7347,1,0.77752685546875,1,1,1,
7348,1,0.9095330238342285,3,3,1,
7349,1,0.9119040966033936,5,5,1,
7350,1,0.8502278327941895,6,6,1,
7351,1,0.842257022857666,8,8,1,
7352,1,0.8624074459075928,3,3,1,
7353,1,0.7775537967681885,7,7,1,
7354,1,0.8208980560302734,4,4,1,
7355,1,0.883446216583252,9,9,1,
7356,1,0.8846349716186523,0,0,1,
7357,1,0.7977931499481201,8,8,1,
7358,1,0.8387308120727539,3,3,1,
7359,1,0.8483567237854004,2,4,0,
7360,1,0.8956689834594727,3,3,1,
7361,1,0.864922285079956,1,1,1,
7362,1,0.9071006774902344,5,5,1,
7363,1,0.7956748008728027,2,2,1,
7364,1,0.8477826118469238,2,2,1,
7365,1,0.8769412040710449,4,4,1,
7366,1,0.896864652633667,8,8,1,
7367,1,0.8226866722106934,5,3,0,
7368,1,0.799391508102417,1,1,1,
7369,1,0.82904052734375,5,5,1,
7370,1,0.9389729499816895,6,6,1,
7371,1,0.8361115455627441,8,8,1,
7372,1,0.8898990154266357,1,1,1,
7373,1,0.9334065914154053,1,1,1,
7374,1,0.8388230800628662,4,4,1,
7375,1,0.8815383911132812,9,9,1,
7376,1,0.7557053565979004,5,5,1,
7377,1,0.8387446403503418,3,3,1,
7378,1,0.9780631065368652,8,8,1,
7379,1,0.8362319469451904,7,7,1,
7380,1,0.8575835227966309,5,5,1,
7381,1,0.835923433303833,1,1,1,
7382,1,0.8558146953582764,3,3,1,
7383,1,0.9150991439819336,2,2,1,
7384,1,0.8102900981903076,6,8,0,
7385,1,0.7924203872680664,6,6,1,
7386,1,0.8175601959228516,6,6,1,
7387,1,0.8158838748931885,0,0,1,
7388,1,0.8487472534179688,4,4,1,
7389,1,0.8912014961242676,2,2,1,
7390,1,0.8299126625061035,7,7,1,
7391,1,0.8874266147613525,0,0,1,
7392,1,0.9400382041931152,4,4,1,
7393,1,0.7871127128601074,7,7,1,
7394,1,0.8980503082275391,8,8,1,
7395,1,0.8840382099151611,4,4,1,
7396,1,0.8464744091033936,7,7,1,
7397,1,0.7927677631378174,1,1,1,
7398,1,0.8583922386169434,5,6,0,
7399,1,0.8604469299316406,5,5,1,
7400,1,0.8865776062011719,3,3,1,
7401,1,0.7394144535064697,7,7,1,
7402,1,0.8434503078460693,9,9,1,
7403,1,0.9718968868255615,6,6,1,
7404,1,0.792060136795044,5,6,0,
7405,1,0.88765549659729,1,1,1,
7406,1,0.7904195785522461,0,0,1,
7407,1,0.8618466854095459,6,6,1,
7408,1,0.9091885089874268,1,1,1,
7409,1,0.8801548480987549,7,5,0,
7410,1,0.8786964416503906,7,7,1,
7411,1,0.7828726768493652,4,4,1,
7412,1,0.8957071304321289,1,1,1,
7413,1,0.7917647361755371,2,2,1,
7414,1,0.8198621273040771,0,0,1,
7415,1,0.8929157257080078,6,6,1,
7416,1,0.8409576416015625,5,5,1,
7417,1,0.8111493587493896,1,1,1,
7418,1,0.8490986824035645,2,2,1,
7419,1,0.8687319755554199,8,8,1,
7420,1,0.8287277221679688,3,3,1,
7421,1,0.8403921127319336,7,7,1,
7422,1,0.8924357891082764,1,1,1,
7423,1,0.8458781242370605,8,8,1,
7424,1,0.8897168636322021,7,7,1,
7425,1,0.7952802181243896,0,0,1,
7426,1,0.9111685752868652,7,7,1,
7427,1,0.8501291275024414,0,0,1,
7428,1,0.8012237548828125,4,4,1,
7429,1,0.9319713115692139,4,4,1,
7430,1,0.8483121395111084,7,7,1,
7431,1,0.8813889026641846,9,9,1,
7432,1,0.7940726280212402,8,8,1,
7433,1,0.9748306274414062,3,2,0,
7434,1,0.8421802520751953,5,5,1,
7435,1,0.7407882213592529,1,1,1,
7436,1,0.8864388465881348,7,7,1,
7437,1,0.9137899875640869,7,6,0,
7438,1,0.8494713306427002,5,5,1,
7439,1,0.787783145904541,1,1,1,
7440,1,0.8394360542297363,4,4,1,
7441,1,0.8515174388885498,0,0,1,
7442,1,0.8182487487792969,0,0,1,
7443,1,0.8230159282684326,0,0,1,
7444,1,0.8375792503356934,8,8,1,
7445,1,0.7917826175689697,9,9,1,
7446,1,0.8349602222442627,1,1,1,
7447,1,0.8734099864959717,2,2,1,
7448,1,0.8927528858184814,9,9,1,
7449,1,0.8395590782165527,2,2,1,
7450,1,0.8317861557006836,1,1,1,
7451,1,0.8367807865142822,8,8,1,
7452,1,0.8751657009124756,1,1,1,
7453,1,0.8468186855316162,8,8,1,
7454,1,0.8393163681030273,9,9,1,
7455,1,0.9138758182525635,0,0,1,
7456,1,0.8371398448944092,6,6,1,
7457,1,0.8945572376251221,8,8,1,
7458,1,0.7840754985809326,1,1,1,
7459,1,0.841327428817749,1,9,0,
7460,1,0.8804337978363037,9,9,1,
7461,1,0.8510289192199707,4,4,1,
7462,1,0.8861548900604248,4,4,1,
7463,1,0.8090951442718506,9,9,1,
7464,1,0.839423418045044,3,3,1,
7465,1,0.8058755397796631,1,1,1,
7466,1,0.8384668827056885,8,8,1,
7467,1,0.8392980098724365,2,2,1,
7468,1,0.8767762184143066,2,2,1,
7469,1,0.8082256317138672,7,7,1,
7470,1,0.9544765949249268,6,6,1,
7471,1,0.788123607635498,2,2,1,
7472,1,0.8832929134368896,5,5,1,
7473,1,0.8450655937194824,0,0,1,
7474,1,0.8860278129577637,7,5,0,
7475,1,0.8919188976287842,5,3,0,
7476,1,0.7838006019592285,2,2,1,
7477,1,0.8494060039520264,5,5,1,
7478,1,0.8301131725311279,4,4,1,
7479,1,0.8213636875152588,8,8,1,
7480,1,0.8696949481964111,0,0,1,
7481,1,0.792417049407959,2,3,0,
7482,1,0.8726661205291748,2,2,1,
7483,1,0.9213471412658691,5,3,0,
7484,1,0.8572084903717041,5,5,1,
7485,1,0.8977081775665283,5,5,1,
7486,1,0.8463807106018066,1,1,1,
7487,1,0.8933296203613281,6,6,1,
7488,1,0.8807938098907471,7,5,0,
7489,1,0.8368439674377441,3,3,1,
7490,1,0.9114089012145996,9,9,1,
7491,1,0.8566615581512451,5,5,1,
7492,1,0.8192389011383057,8,8,1,
7493,1,0.8852779865264893,2,7,0,
7494,1,0.874103307723999,6,6,1,
7495,1,0.7997965812683105,2,2,1,
7496,1,0.8299367427825928,9,9,1,
7497,1,0.886390209197998,8,8,1,
7498,1,0.8408787250518799,1,1,1,
7499,1,0.894085168838501,7,7,1,
7500,1,0.8349840641021729,2,2,1,
7501,1,0.9204442501068115,5,3,0,
7502,1,0.8463702201843262,7,7,1,
7503,1,0.8450794219970703,7,7,1,
7504,1,0.832392692565918,1,1,1,
7505,1,0.849193811416626,9,9,1,
7506,1,0.8392641544342041,1,1,1,
7507,1,0.8628785610198975,7,7,1,
7508,1,0.8364365100860596,1,1,1,
7509,1,0.9435346126556396,9,9,1,
7510,1,0.8208529949188232,5,5,1,
7511,1,0.8158280849456787,3,3,1,
7512,1,0.8443996906280518,9,9,1,
7513,1,0.9369513988494873,3,3,1,
7514,1,0.8351774215698242,4,4,1,
7515,1,0.8032095432281494,0,0,1,
7516,1,0.8850903511047363,0,0,1,
7517,1,0.7998771667480469,1,1,1,
7518,1,0.8775913715362549,3,3,1,
7519,1,0.8069202899932861,5,3,0,
7520,1,0.8641433715820312,6,6,1,
7521,1,0.8868911266326904,7,7,1,
7522,1,0.7984085083007812,5,3,0,
7523,1,0.8463571071624756,1,1,1,
7524,1,0.8885869979858398,6,6,1,
7525,1,0.8423802852630615,4,4,1,
7526,1,0.9151268005371094,7,7,1,
7527,1,0.799293041229248,9,9,1,
7528,1,0.8399512767791748,5,7,0,
7529,1,0.9432587623596191,8,8,1,
7530,1,0.8358728885650635,7,7,1,
7531,1,0.9155361652374268,6,6,1,
7532,1,0.8287973403930664,0,0,1,
7533,1,0.8870954513549805,0,1,0,
7534,1,0.8819518089294434,8,8,1,
7535,1,0.8640546798706055,2,2,1,
7536,1,0.9027462005615234,9,9,1,
7537,1,0.8416624069213867,7,7,1,
7538,1,0.8708813190460205,9,9,1,
7539,1,0.8232712745666504,2,2,1,
7540,1,0.8083052635192871,4,4,1,
7541,1,0.870999813079834,5,3,0,
7542,1,0.8351061344146729,1,1,1,
7543,1,0.8413465023040771,4,4,1,
7544,1,0.892378568649292,0,0,1,
7545,1,0.8481733798980713,3,3,1,
7546,1,0.8845665454864502,2,2,1,
7547,1,0.8724839687347412,8,8,1,
7548,1,0.8398277759552002,4,4,1,
7549,1,0.8838574886322021,3,3,1,
7550,1,0.895327091217041,9,1,0,
7551,1,0.8450000286102295,9,9,1,
7552,1,0.8889620304107666,9,9,1,
7553,1,0.9913392066955566,1,9,0,
7554,1,0.8362929821014404,4,4,1,
7555,1,0.8334212303161621,7,7,1,
7556,1,0.9015374183654785,8,8,1,
7557,1,0.9353282451629639,2,2,1,
7558,1,0.930577278137207,9,9,1,
7559,1,0.84637451171875,5,5,1,
7560,1,0.813072919845581,5,3,0,
7561,1,0.8561186790466309,0,0,1,
7562,1,0.7947046756744385,2,2,1,
7563,1,0.9363384246826172,6,6,1,
7564,1,0.7883968353271484,4,4,1,
7565,1,0.894709587097168,8,8,1,
7566,1,0.8387253284454346,2,2,1,
7567,1,0.8541157245635986,9,9,1,
7568,1,0.8343548774719238,1,1,1,
7569,1,0.8121423721313477,7,7,1,
7570,1,0.8570997714996338,4,4,1,
7571,1,0.9348022937774658,2,2,1,
7572,1,0.818112850189209,8,8,1,
7573,1,0.8760166168212891,9,9,1,
7574,1,0.9317212104797363,4,4,1,
7575,1,0.937934398651123,5,5,1,
7576,1,0.8543188571929932,7,7,1,
7577,1,0.8537297248840332,1,1,1,
7578,1,0.7926592826843262,5,5,1,
7579,1,0.932075023651123,8,8,1,
7580,1,0.7875454425811768,1,1,1,
7581,1,0.7610313892364502,6,6,1,
7582,1,0.9083096981048584,9,9,1,
7583,1,0.8341279029846191,4,4,1,
7584,1,0.9013113975524902,9,9,1,
7585,1,0.8238284587860107,6,6,1,
7586,1,0.8853602409362793,4,4,1,
7587,1,0.8422646522521973,7,7,1,
7588,1,0.8340930938720703,3,3,1,
7589,1,0.8433003425598145,4,4,1,
7590,1,0.8426897525787354,8,8,1,
7591,1,0.8894329071044922,8,8,1,
7592,1,0.7815189361572266,9,9,1,
7593,1,0.8444011211395264,7,7,1,
7594,1,0.926325798034668,4,4,1,
7595,1,0.7815616130828857,4,4,1,
7596,1,0.8370978832244873,4,4,1,
7597,1,0.8335921764373779,0,0,1,
7598,1,0.8794522285461426,7,7,1,
7599,1,0.8372008800506592,1,1,1,
7600,1,0.8844661712646484,8,8,1,
7601,1,0.8798449039459229,0,0,1,
7602,1,0.8346438407897949,2,2,1,
7603,1,0.8501372337341309,1,1,1,
7604,1,0.8649735450744629,4,4,1,
7605,1,0.937014102935791,8,8,1,
7606,1,0.8797357082366943,7,7,1,
7607,1,0.7528789043426514,8,8,1,
7608,1,0.843876838684082,1,1,1,
7609,1,0.8229994773864746,6,6,1,
7610,1,0.8094134330749512,1,1,1,
7611,1,0.8916921615600586,5,5,1,
7612,1,0.785400390625,1,1,1,
7613,1,0.8439126014709473,4,4,1,
7614,1,0.8101613521575928,8,8,1,
7615,1,0.9037256240844727,5,5,1,
7616,1,0.7941913604736328,5,5,1,
7617,1,0.8445014953613281,9,9,1,
7618,1,0.8265974521636963,8,8,1,
7619,1,0.7973027229309082,2,2,1,
7620,1,0.7955963611602783,5,3,0,
7621,1,0.8987817764282227,6,6,1,
7622,1,0.7415981292724609,8,8,1,
7623,1,0.9346210956573486,9,9,1,
7624,1,0.8413894176483154,5,5,1,
7625,1,0.855980396270752,1,1,1,
7626,1,0.8994479179382324,5,5,1,
7627,1,0.8454666137695312,2,6,0,
7628,1,0.7825615406036377,0,0,1,
7629,1,0.8654499053955078,2,2,1,
7630,1,0.8505837917327881,9,9,1,
7631,1,0.8516855239868164,2,2,1,
7632,1,0.8397612571716309,2,2,1,
7633,1,0.8528425693511963,9,9,1,
7634,1,0.7807390689849854,7,7,1,
7635,1,0.9348640441894531,8,8,1,
7636,1,0.8395886421203613,5,6,0,
7637,1,0.8745412826538086,5,5,1,
7638,1,0.830289363861084,9,9,1,
7639,1,0.8363549709320068,6,6,1,
7640,1,0.7840216159820557,8,8,1,
7641,1,0.8526244163513184,0,0,1,
7642,1,0.8585710525512695,8,8,1,
7643,1,0.8870131969451904,9,9,1,
7644,1,0.7871279716491699,2,2,1,
7645,1,0.8439545631408691,2,2,1,
7646,1,0.8116629123687744,6,6,1,
7647,1,0.9124948978424072,9,8,0,
7648,1,0.8327815532684326,0,0,1,
7649,1,0.795628547668457,9,9,1,
7650,1,0.835289716720581,8,8,1,
7651,1,0.8880190849304199,7,7,1,
7652,1,0.8904039859771729,9,9,1,
7653,1,0.8941872119903564,2,0,0,
7654,1,0.8193182945251465,0,0,1,
7655,1,0.8062777519226074,9,9,1,
7656,1,0.8659911155700684,6,6,1,
7657,1,0.8815701007843018,2,2,1,
7658,1,0.7923791408538818,7,7,1,
7659,1,0.7982223033905029,6,6,1,
7660,1,0.9453825950622559,6,6,1,
7661,1,0.9099869728088379,2,2,1,
7662,1,0.8692457675933838,8,8,1,
7663,1,0.8429083824157715,8,8,1,
7664,1,0.881850004196167,6,6,1,
7665,1,0.8462822437286377,2,2,1,
7666,1,0.8430554866790771,5,3,0,
7667,1,0.8478965759277344,5,5,1,
7668,1,0.8234119415283203,4,4,1,
7669,1,0.7889132499694824,2,2,1,
7670,1,0.9317059516906738,9,9,1,
7671,1,0.7829115390777588,3,3,1,
7672,1,0.8938701152801514,2,2,1,
7673,1,0.8452396392822266,0,0,1,
7674,1,0.842106819152832,5,5,1,
7675,1,0.8863584995269775,3,3,1,
7676,1,0.8294415473937988,0,0,1,
7677,1,0.938349723815918,5,5,1,
7678,1,0.854560375213623,8,8,1,
7679,1,0.8448653221130371,9,9,1,
7680,1,0.7888054847717285,5,5,1,
7681,1,0.7992880344390869,5,5,1,
7682,1,0.8369519710540771,8,8,1,
7683,1,0.8888604640960693,8,8,1,
7684,1,0.9309217929840088,4,4,1,
7685,1,0.8842980861663818,5,3,0,
7686,1,0.8008320331573486,8,8,1,
7687,1,0.7676286697387695,2,2,1,
7688,1,0.8590900897979736,0,0,1,
7689,1,0.776709794998169,9,1,0,
7690,1,0.7906694412231445,2,2,1,
7691,1,0.8482904434204102,2,3,0,
7692,1,0.7633607387542725,6,6,1,
7693,1,0.9332723617553711,5,5,1,
7694,1,0.8392090797424316,1,1,1,
7695,1,0.8494546413421631,3,6,0,
7696,1,0.8837921619415283,5,5,1,
7697,1,0.890916109085083,0,0,1,
7698,1,0.8814373016357422,1,1,1,
7699,1,0.8899486064910889,7,7,1,
7700,1,0.8823692798614502,2,6,0,
7701,1,0.8007538318634033,7,7,1,
7702,1,0.8757188320159912,4,4,1,
7703,1,0.8402731418609619,0,0,1,
7704,1,0.830009937286377,8,8,1,
7705,1,0.7996129989624023,6,6,1,
7706,1,0.8387713432312012,8,8,1,
7707,1,0.8194494247436523,2,2,1,
7708,1,0.7828915119171143,6,6,1,
7709,1,0.889986515045166,4,4,1,
7710,1,0.8789927959442139,1,1,1,
7711,1,0.8854520320892334,8,8,1,
7712,1,0.8396022319793701,5,5,1,
7713,1,0.800391674041748,5,3,0,
7714,1,0.9244332313537598,6,6,1,
7715,1,0.8869013786315918,5,5,1,
7716,1,0.870936393737793,5,5,1,
7717,1,0.8933217525482178,7,7,1,
7718,1,0.7823796272277832,4,4,1,
7719,1,0.863924503326416,5,5,1,
7720,1,0.8943781852722168,6,6,1,
7721,1,0.8060238361358643,7,7,1,
7722,1,0.8103797435760498,4,4,1,
7723,1,0.8418877124786377,8,8,1,
7724,1,0.8873741626739502,7,7,1,
7725,1,0.8095965385437012,5,6,0,
7726,1,0.8554708957672119,5,5,1,
7727,1,0.7911467552185059,4,4,1,
7728,1,0.8860573768615723,4,4,1,
7729,1,0.8990225791931152,9,9,1,
7730,1,0.8627753257751465,8,8,1,
7731,1,0.847938060760498,9,5,0,
7732,1,0.8363511562347412,2,2,1,
7733,1,0.8898727893829346,7,7,1,
7734,1,0.8477785587310791,0,0,1,
7735,1,0.8731293678283691,5,5,1,
7736,1,0.9345214366912842,3,3,1,
7737,1,0.8333399295806885,8,8,1,
7738,1,0.9120118618011475,8,8,1,
7739,1,0.7950928211212158,2,2,1,
7740,1,0.829556941986084,4,4,1,
7741,1,0.7946043014526367,5,5,1,
7742,1,0.8865511417388916,1,1,1,
7743,1,0.8488242626190186,7,7,1,
7744,1,0.864387035369873,0,0,1,
7745,1,0.8500831127166748,2,2,1,
7746,1,0.8780863285064697,2,2,1,
7747,1,0.878446102142334,6,6,1,
7748,1,0.8344109058380127,3,3,1,
7749,1,0.8457183837890625,1,1,1,
7750,1,0.8875751495361328,0,0,1,
7751,1,0.9188220500946045,2,2,1,
7752,1,0.8425304889678955,2,2,1,
7753,1,0.8492302894592285,9,9,1,
7754,1,0.8541984558105469,6,6,1,
7755,1,0.8518416881561279,6,6,1,
7756,1,0.8647382259368896,4,4,1,
7757,1,0.7923970222473145,3,0,0,
7758,1,0.8301522731781006,0,0,1,
7759,1,0.8403313159942627,5,3,0,
7760,1,0.825930118560791,5,7,0,
7761,1,0.8827157020568848,8,8,1,
7762,1,0.793795108795166,7,7,1,
7763,1,0.8868763446807861,6,3,0,
7764,1,0.8146147727966309,8,8,1,
7765,1,0.8458621501922607,3,3,1,
7766,1,0.8891456127166748,2,2,1,
7767,1,0.859417200088501,5,5,1,
7768,1,0.844057559967041,7,7,1,
7769,1,0.8471500873565674,5,3,0,
7770,1,0.7859058380126953,5,5,1,
7771,1,0.8945581912994385,5,5,1,
7772,1,0.8685786724090576,8,8,1,
7773,1,0.8501920700073242,7,7,1,
7774,1,0.8816981315612793,2,2,1,
7775,1,0.7939493656158447,7,7,1,
7776,1,0.8333883285522461,2,2,1,
7777,1,0.8895723819732666,8,8,1,
7778,1,0.8271069526672363,1,1,1,
7779,1,0.8348636627197266,2,2,1,
7780,1,0.7966454029083252,4,4,1,
7781,1,0.7900512218475342,4,4,1,
7782,1,0.906170129776001,0,0,1,
7783,1,0.9564208984375,1,1,1,
7784,1,0.8411962985992432,2,2,1,
7785,1,0.8965423107147217,5,5,1,
7786,1,0.9184143543243408,4,4,1,
7787,1,0.8510122299194336,9,9,1,
7788,1,0.8625915050506592,6,6,1,
7789,1,0.8437464237213135,0,0,1,
7790,1,0.8609592914581299,1,1,1,
7791,1,0.8443706035614014,3,3,1,
7792,1,0.9320018291473389,9,9,1,
7793,1,0.791438102722168,0,0,1,
7794,1,0.9219419956207275,3,3,1,
7795,1,0.8981592655181885,2,6,0,
7796,1,0.9370276927947998,9,9,1,
7797,1,0.8677005767822266,8,8,1,
7798,1,0.7584264278411865,2,2,1,
7799,1,0.8229289054870605,0,8,0,
7800,1,0.8940680027008057,8,8,1,
7801,1,0.8406867980957031,9,9,1,
7802,1,0.8369417190551758,5,5,1,
7803,1,0.8889675140380859,2,2,1,
7804,1,0.8347315788269043,0,0,1,
7805,1,0.7933204174041748,4,4,1,
7806,1,0.887486457824707,3,3,1,
7807,1,0.8475427627563477,6,6,1,
7808,1,0.8348326683044434,9,9,1,
7809,1,0.8457961082458496,1,8,0,
7810,1,0.8374505043029785,4,4,1,
7811,1,0.9334285259246826,3,3,1,
7812,1,0.7880074977874756,1,1,1,
7813,1,0.8717899322509766,1,1,1,
7814,1,0.8823089599609375,0,0,1,
7815,1,0.857048749923706,5,5,1,
7816,1,0.8394393920898438,9,9,1,
7817,1,0.8379573822021484,5,5,1,
7818,1,0.8800010681152344,3,3,1,
7819,1,0.8526113033294678,0,8,0,
7820,1,0.8433654308319092,2,2,1,
7821,1,0.8438129425048828,4,4,1,
7822,1,0.8645522594451904,2,2,1,
7823,1,0.9197533130645752,1,1,1,
7824,1,0.8431265354156494,9,9,1,
7825,1,0.8851456642150879,2,3,0,
7826,1,0.8798937797546387,0,0,1,
7827,1,0.891242504119873,4,4,1,
7828,1,0.8620824813842773,3,5,0,
7829,1,0.8682167530059814,8,8,1,
7830,1,0.8164834976196289,4,4,1,
7831,1,0.8530828952789307,6,6,1,
7832,1,0.8278617858886719,9,3,0,
7833,1,0.9009795188903809,2,2,1,
7834,1,0.8357095718383789,9,9,1,
7835,1,0.8503835201263428,9,9,1,
7836,1,0.949958086013794,6,6,1,
7837,1,0.8743736743927002,0,0,1,
7838,1,0.924654483795166,8,8,1,
7839,1,0.9900028705596924,8,8,1,
7840,1,0.828423023223877,1,1,1,
7841,1,0.7871332168579102,3,3,1,
7842,1,0.8305392265319824,0,0,1,
7843,1,0.9403660297393799,8,8,1,
7844,1,0.8840427398681641,4,0,0,
7845,1,0.8884906768798828,7,7,1,
7846,1,0.964390754699707,7,7,1,
7847,1,0.7432186603546143,9,9,1,
7848,1,0.8851900100708008,0,0,1,
7849,1,0.7568507194519043,1,8,0,
7850,1,0.8791482448577881,3,3,1,
7851,1,0.8388106822967529,9,9,1,
7852,1,0.9772202968597412,7,7,1,
7853,1,0.8393843173980713,9,9,1,
7854,1,0.9381241798400879,4,4,1,
7855,1,0.8369126319885254,6,6,1,
7856,1,0.8822493553161621,5,5,1,
7857,1,0.8137774467468262,1,1,1,
7858,1,0.8520643711090088,9,9,1,
7859,1,0.8639793395996094,1,1,1,
7860,1,0.8326754570007324,4,4,1,
7861,1,0.9390370845794678,4,4,1,
7862,1,0.8781447410583496,7,7,1,
7863,1,0.8963816165924072,3,3,1,
7864,1,0.7955198287963867,3,3,1,
7865,1,0.8720436096191406,9,9,1,
7866,1,0.8468365669250488,5,5,1,
7867,1,0.8916575908660889,2,5,0,
7868,1,0.836477518081665,0,0,1,
7869,1,0.8849749565124512,5,5,1,
7870,1,0.7938332557678223,6,6,1,
7871,1,0.8909797668457031,4,4,1,
7872,1,0.8296246528625488,4,4,1,
7873,1,0.8969447612762451,6,6,1,
7874,1,0.831754207611084,6,6,1,
7875,1,0.8492770195007324,8,8,1,
7876,1,0.8366529941558838,7,7,1,
7877,1,0.8436203002929688,1,1,1,
7878,1,0.8747518062591553,4,4,1,
7879,1,0.7961897850036621,9,9,1,
7880,1,0.8487324714660645,8,8,1,
7881,1,0.8556468486785889,9,8,0,
7882,1,0.8439202308654785,8,8,1,
7883,1,0.8432538509368896,3,3,1,
7884,1,0.8894405364990234,4,2,0,
7885,1,0.8848378658294678,2,2,1,
7886,1,0.8615818023681641,9,9,1,
7887,1,0.849036693572998,7,7,1,
7888,1,0.8060612678527832,8,3,0,
7889,1,0.7943449020385742,3,3,1,
7890,1,0.9316253662109375,5,5,1,
7891,1,0.8445515632629395,6,6,1,
7892,1,0.8342924118041992,8,8,1,
7893,1,0.9267468452453613,2,2,1,
7894,1,0.87272047996521,5,3,0,
7895,1,0.8444623947143555,9,9,1,
7896,1,0.862903356552124,5,5,1,
7897,1,0.9192297458648682,1,1,1,
7898,1,0.7892930507659912,9,9,1,
7899,1,0.9031116962432861,9,9,1,
7900,1,0.9026460647583008,2,7,0,
7901,1,0.8687324523925781,4,4,1,
7902,1,0.8934762477874756,2,2,1,
7903,1,0.8402876853942871,8,8,1,
7904,1,0.798429012298584,0,0,1,
7905,1,0.8583636283874512,7,5,0,
7906,1,0.8612697124481201,7,7,1,
7907,1,0.8426835536956787,3,3,1,
7908,1,0.8318479061126709,5,5,1,
7909,1,0.78432297706604,9,9,1,
7910,1,0.8283188343048096,2,2,1,
7911,1,0.9399964809417725,4,4,1,
7912,1,0.8091645240783691,4,4,1,
7913,1,0.8461263179779053,3,3,1,
7914,1,0.9244835376739502,2,4,0,
7915,1,0.835169792175293,8,8,1,
7916,1,0.8796694278717041,6,6,1,
7917,1,0.8891892433166504,0,0,1,
7918,1,0.8834638595581055,6,6,1,
7919,1,0.859792947769165,1,1,1,
7920,1,0.8428480625152588,0,0,1,
7921,1,0.8875303268432617,6,6,1,
7922,1,0.7916011810302734,8,8,1,
7923,1,0.8163201808929443,0,0,1,
7924,1,0.854975700378418,1,1,1,
7925,1,0.89200758934021,4,4,1,
7926,1,0.9059736728668213,7,7,1,
7927,1,0.8574085235595703,2,2,1,
7928,1,0.7915678024291992,4,4,1,
7929,1,0.8484423160552979,1,1,1,
7930,1,0.8643176555633545,7,7,1,
7931,1,0.8812515735626221,5,5,1,
7932,1,0.9001758098602295,6,6,1,
7933,1,0.9069168567657471,4,4,1,
7934,1,0.8446235656738281,8,8,1,
7935,1,0.890681266784668,2,2,1,
7936,1,0.867609977722168,5,4,0,
7937,1,0.940284013748169,5,5,1,
7938,1,0.8646073341369629,5,3,0,
7939,1,0.866478681564331,9,9,1,
7940,1,0.8320202827453613,9,9,1,
7941,1,0.8614218235015869,1,1,1,
7942,1,0.9189894199371338,1,1,1,
7943,1,0.9286777973175049,6,6,1,
7944,1,0.8548882007598877,4,4,1,
7945,1,0.8208668231964111,0,0,1,
7946,1,0.8353011608123779,8,8,1,
7947,1,0.8052442073822021,5,5,1,
7948,1,0.884943962097168,3,3,1,
7949,1,0.9004397392272949,9,9,1,
7950,1,0.8824019432067871,6,6,1,
7951,1,0.8724217414855957,8,8,1,
7952,1,0.8435547351837158,7,7,1,
7953,1,0.9370803833007812,9,9,1,
7954,1,0.8807168006896973,7,7,1,
7955,1,0.8653566837310791,5,5,1,
7956,1,0.8140943050384521,0,0,1,
7957,1,0.8863189220428467,1,1,1,
7958,1,0.8842275142669678,4,4,1,
7959,1,0.849158763885498,2,2,1,
7960,1,0.8582005500793457,3,3,1,
7961,1,0.8095967769622803,8,8,1,
7962,1,0.8404242992401123,7,7,1,
7963,1,0.889533519744873,3,3,1,
7964,1,0.7911162376403809,3,3,1,
7965,1,0.8018002510070801,5,5,1,
7966,1,0.871269941329956,3,3,1,
7967,1,0.8460986614227295,6,6,1,
7968,1,0.7979724407196045,1,1,1,
7969,1,0.921220064163208,9,9,1,
7970,1,0.8689250946044922,5,5,1,
7971,1,0.856586217880249,4,4,1,
7972,1,0.7889885902404785,9,9,1,
7973,1,0.8882720470428467,0,3,0,
7974,1,0.840728759765625,2,2,1,
7975,1,0.8980879783630371,6,6,1,
7976,1,0.8224413394927979,4,4,1,
7977,1,0.8959455490112305,1,1,1,
7978,1,0.7870168685913086,9,9,1,
7979,1,0.9167890548706055,5,5,1,
7980,1,0.9067835807800293,7,5,0,
7981,1,0.7901413440704346,4,4,1,
7982,1,0.8832628726959229,9,9,1,
7983,1,0.8733782768249512,4,4,1,
7984,1,0.8373608589172363,6,6,1,
7985,1,0.837878942489624,7,7,1,
7986,1,0.8391873836517334,5,2,0,
7987,1,0.8858962059020996,6,6,1,
7988,1,0.8814680576324463,6,6,1,
7989,1,0.8957779407501221,0,0,1,
7990,1,0.8302578926086426,0,0,1,
7991,1,0.9367454051971436,7,7,1,
7992,1,0.8320691585540771,7,7,1,
7993,1,0.8421275615692139,7,7,1,
7994,1,0.787147045135498,5,5,1,
7995,1,0.8805725574493408,2,2,1,
7996,1,0.8394777774810791,3,3,1,
7997,1,0.8002753257751465,6,2,0,
7998,1,0.8328208923339844,6,6,1,
7999,1,0.8767795562744141,3,3,1,
8000,1,0.88771653175354,8,8,1,
8001,1,0.9003458023071289,5,3,0,
8002,1,0.8787946701049805,9,9,1,
8003,1,0.8485074043273926,1,1,1,
8004,1,0.7655031681060791,9,9,1,
8005,1,0.926093578338623,6,6,1,
8006,1,0.8814973831176758,7,7,1,
8007,1,0.8428854942321777,2,2,1,
8008,1,0.926095724105835,6,6,1,
8009,1,0.885063648223877,1,1,1,
8010,1,0.7269508838653564,9,9,1,
8011,1,0.8841111660003662,5,5,1,
8012,1,0.8329501152038574,7,7,1,
8013,1,0.8380134105682373,2,4,0,
8014,1,0.8714959621429443,1,1,1,
8015,1,0.8466150760650635,7,4,0,
8016,1,0.8314712047576904,8,8,1,
8017,1,0.890150785446167,1,1,1,
8018,1,0.883169412612915,3,3,1,
8019,1,0.8175609111785889,5,5,1,
8020,1,0.8791923522949219,8,8,1,
8021,1,0.7974824905395508,2,2,1,
8022,1,0.8366603851318359,0,0,1,
8023,1,0.8954899311065674,6,6,1,
8024,1,0.7824840545654297,7,7,1,
8025,1,0.8929269313812256,3,3,1,
8026,1,0.8342034816741943,7,7,1,
8027,1,0.8486816883087158,5,6,0,
8028,1,0.7873079776763916,3,3,1,
8029,1,0.8547942638397217,5,3,0,
8030,1,0.864976167678833,1,1,1,
8031,1,0.9351487159729004,1,1,1,
8032,1,0.8334729671478271,6,6,1,
8033,1,0.8822140693664551,1,1,1,
8034,1,0.9338092803955078,9,9,1,
8035,1,0.7884020805358887,5,3,0,
8036,1,0.9327526092529297,5,5,1,
8037,1,0.8475728034973145,0,6,0,
8038,1,0.7802071571350098,9,9,1,
8039,1,0.8896999359130859,0,0,1,
8040,1,0.8404223918914795,4,4,1,
8041,1,0.9390170574188232,9,9,1,
8042,1,0.9500339031219482,0,0,1,
8043,1,0.7916481494903564,0,0,1,
8044,1,0.8147375583648682,0,0,1,
8045,1,0.9205853939056396,3,3,1,
8046,1,0.8288159370422363,7,7,1,
8047,1,0.8914675712585449,0,0,1,
8048,1,0.8338007926940918,0,0,1,
8049,1,0.845271110534668,6,6,1,
8050,1,0.8124983310699463,9,3,0,
8051,1,0.9417324066162109,1,1,1,
8052,1,0.7840971946716309,8,8,1,
8053,1,0.8528800010681152,0,0,1,
8054,1,0.91611647605896,3,3,1,
8055,1,0.8581736087799072,7,7,1,
8056,1,0.8637831211090088,4,4,1,
8057,1,0.8652446269989014,8,8,1,
8058,1,0.8355245590209961,6,6,1,
8059,1,0.8448231220245361,0,0,1,
8060,1,0.9322373867034912,9,1,0,
8061,1,0.941422700881958,7,7,1,
8062,1,0.8804514408111572,2,2,1,
8063,1,0.8462834358215332,2,2,1,
8064,1,0.8828721046447754,2,2,1,
8065,1,0.8310465812683105,7,7,1,
8066,1,0.8770596981048584,0,0,1,
8067,1,0.8402571678161621,7,7,1,
8068,1,0.8326506614685059,8,8,1,
8069,1,0.9466750621795654,7,7,1,
8070,1,0.9010119438171387,0,0,1,
8071,1,0.833550214767456,6,6,1,
8072,1,0.8835971355438232,1,1,1,
8073,1,0.8595521450042725,1,1,1,
8074,1,0.864464282989502,2,2,1,
8075,1,0.9373681545257568,0,0,1,
8076,1,0.9274568557739258,1,3,0,
8077,1,0.8026340007781982,5,5,1,
8078,1,0.8282685279846191,3,3,1,
8079,1,0.8904330730438232,2,2,1,
8080,1,0.7885346412658691,5,5,1,
8081,1,0.9469647407531738,9,9,1,
8082,1,0.7922117710113525,6,6,1,
8083,1,0.8624835014343262,6,6,1,
8084,1,0.9067049026489258,8,8,1,
8085,1,0.8400402069091797,5,3,0,
8086,1,0.8805029392242432,7,7,1,
8087,1,0.9394712448120117,0,0,1,
8088,1,0.8234484195709229,5,5,1,
8089,1,0.950615644454956,1,1,1,
8090,1,0.8582072257995605,0,0,1,
8091,1,0.8079807758331299,7,7,1,
8092,1,0.8907651901245117,1,1,1,
8093,1,0.8632633686065674,0,0,1,
8094,1,0.8382344245910645,7,7,1,
8095,1,0.9258174896240234,2,2,1,
8096,1,0.8314371109008789,7,7,1,
8097,1,0.8442420959472656,5,5,1,
8098,1,0.8289880752563477,9,9,1,
8099,1,0.8827657699584961,5,3,0,
8100,1,0.8885815143585205,9,9,1,
8101,1,0.8802876472473145,0,2,0,
8102,1,0.8809540271759033,2,2,1,
8103,1,0.9472370147705078,2,2,1,
8104,1,0.835005521774292,5,5,1,
8105,1,0.803192138671875,6,6,1,
8106,1,0.8837454319000244,1,1,1,
8107,1,0.8891129493713379,5,5,1,
8108,1,0.7919294834136963,1,1,1,
8109,1,0.8472399711608887,1,9,0,
8110,1,0.8354077339172363,5,5,1,
8111,1,0.8936207294464111,5,3,0,
8112,1,0.8945765495300293,0,0,1,
8113,1,0.9098007678985596,4,4,1,
8114,1,0.7891106605529785,7,7,1,
8115,1,0.9334766864776611,9,9,1,
8116,1,0.8754973411560059,2,6,0,
8117,1,0.8465793132781982,3,3,1,
8118,1,0.8384389877319336,2,5,0,
8119,1,0.8999974727630615,1,1,1,
8120,1,0.8328914642333984,1,1,1,
8121,1,0.8443212509155273,2,2,1,
8122,1,0.8770260810852051,8,8,1,
8123,1,0.9066941738128662,6,6,1,
8124,1,0.8580272197723389,2,2,1,
8125,1,0.8403360843658447,1,1,1,
8126,1,0.8773314952850342,7,0,0,
8127,1,0.8831565380096436,2,2,1,
8128,1,0.8377158641815186,0,0,1,
8129,1,0.8972938060760498,0,0,1,
8130,1,0.8798508644104004,1,1,1,
8131,1,0.8719942569732666,0,0,1,
8132,1,0.8059930801391602,4,4,1,
8133,1,0.739997386932373,4,4,1,
8134,1,0.9372751712799072,9,9,1,
8135,1,0.8394505977630615,2,2,1,
8136,1,0.7843177318572998,6,0,0,
8137,1,0.8547208309173584,0,8,0,
8138,1,0.8498694896697998,1,1,1,
8139,1,0.8351075649261475,7,7,1,
8140,1,0.8609910011291504,5,5,1,
8141,1,0.8348381519317627,7,7,1,
8142,1,0.7769558429718018,4,4,1,
8143,1,0.8486807346343994,6,6,1,
8144,1,0.8387892246246338,9,9,1,
8145,1,0.8410005569458008,3,3,1,
8146,1,0.9306309223175049,5,5,1,
8147,1,0.9010982513427734,1,1,1,
8148,1,0.8534045219421387,0,0,1,
8149,1,0.8027281761169434,5,3,0,
8150,1,0.8330667018890381,8,8,1,
8151,1,0.8488743305206299,4,4,1,
8152,1,0.8218891620635986,4,4,1,
8153,1,0.9449858665466309,0,0,1,
8154,1,0.9256637096405029,2,2,1,
8155,1,0.8569540977478027,4,4,1,
8156,1,0.8646423816680908,6,6,1,
8157,1,0.9416899681091309,1,1,1,
8158,1,0.8409855365753174,9,9,1,
8159,1,0.8134799003601074,4,4,1,
8160,1,0.8105316162109375,1,1,1,
8161,1,0.7709469795227051,5,5,1,
8162,1,0.8451628684997559,0,0,1,
8163,1,0.8610374927520752,1,1,1,
8164,1,0.8855371475219727,9,9,1,
8165,1,0.8069097995758057,7,7,1,
8166,1,0.887528657913208,5,5,1,
8167,1,0.8801956176757812,0,0,1,
8168,1,0.8866310119628906,5,5,1,
8169,1,0.919409990310669,9,9,1,
8170,1,0.8477864265441895,4,4,1,
8171,1,0.8220260143280029,0,0,1,
8172,1,0.8874006271362305,1,1,1,
8173,1,0.8825955390930176,0,0,1,
8174,1,0.8894138336181641,3,3,1,
8175,1,0.803591251373291,4,4,1,
8176,1,0.9119873046875,5,3,0,
8177,1,0.9016647338867188,1,9,0,
8178,1,0.8849689960479736,9,9,1,
8179,1,0.8359026908874512,7,7,1,
8180,1,0.8495893478393555,7,7,1,
8181,1,0.8476903438568115,4,4,1,
8182,1,0.8983688354492188,9,8,0,
8183,1,0.8498866558074951,3,3,1,
8184,1,0.8584678173065186,3,3,1,
8185,1,0.8198935985565186,9,9,1,
8186,1,0.8590023517608643,9,9,1,
8187,1,0.9237182140350342,5,5,1,
8188,1,0.7961127758026123,9,9,1,
8189,1,0.8827660083770752,9,9,1,
8190,1,0.8971970081329346,5,3,0,
8191,1,0.8488116264343262,7,7,1,
8192,1,0.8878378868103027,7,7,1,
8193,1,0.8351426124572754,2,0,0,
8194,1,0.9191405773162842,4,5,0,
8195,1,0.8030710220336914,2,2,1,
8196,1,0.8502552509307861,1,1,1,
8197,1,0.941422700881958,5,3,0,
8198,1,0.8966403007507324,0,8,0,
8199,1,0.9261775016784668,0,0,1,
8200,1,0.7966790199279785,4,4,1,
8201,1,0.8515233993530273,6,6,1,
8202,1,0.8758523464202881,6,6,1,
8203,1,0.8753147125244141,4,4,1,
8204,1,0.8490467071533203,5,1,0,
8205,1,0.836411714553833,0,0,1,
8206,1,0.887136697769165,9,9,1,
8207,1,0.8419139385223389,6,6,1,
8208,1,0.8869585990905762,3,3,1,
8209,1,0.7906811237335205,9,9,1,
8210,1,0.8416354656219482,2,2,1,
8211,1,0.8432669639587402,7,7,1,
8212,1,0.8457460403442383,1,9,0,
8213,1,0.9280028343200684,9,9,1,
8214,1,0.8786852359771729,5,5,1,
8215,1,0.8843882083892822,7,7,1,
8216,1,0.8653173446655273,3,3,1,
8217,1,0.8805561065673828,5,5,1,
8218,1,0.8430633544921875,8,8,1,
8219,1,0.7389283180236816,9,9,1,
8220,1,0.944878339767456,2,2,1,
8221,1,0.7827177047729492,0,0,1,
8222,1,0.8397583961486816,5,5,1,
8223,1,0.8607566356658936,2,2,1,
8224,1,0.8388893604278564,1,1,1,
8225,1,1.0691606998443604,5,5,1,
8226,1,0.884364128112793,5,5,1,
8227,1,0.8291754722595215,8,8,1,
8228,1,0.8777217864990234,3,3,1,
8229,1,0.7879009246826172,1,1,1,
8230,1,0.8462398052215576,5,5,1,
8231,1,0.7958972454071045,8,8,1,
8232,1,0.8834409713745117,3,3,1,
8233,1,0.8992657661437988,4,7,0,
8234,1,0.8750710487365723,8,8,1,
8235,1,0.884880781173706,3,3,1,
8236,1,0.8919799327850342,8,8,1,
8237,1,0.8364415168762207,5,5,1,
8238,1,0.8898582458496094,3,3,1,
8239,1,0.8726119995117188,1,1,1,
8240,1,0.8650405406951904,5,5,1,
8241,1,0.8365678787231445,0,0,1,
8242,1,0.8527140617370605,3,3,1,
8243,1,0.7886631488800049,9,9,1,
8244,1,0.9583992958068848,7,7,1,
8245,1,0.8665683269500732,0,2,0,
8246,1,0.8517322540283203,2,2,1,
8247,1,0.7731328010559082,2,2,1,
8248,1,0.8909449577331543,9,9,1,
8249,1,0.8768041133880615,3,3,1,
8250,1,0.8916089534759521,1,1,1,
8251,1,0.7926068305969238,9,9,1,
8252,1,0.8548417091369629,6,6,1,
8253,1,0.8774838447570801,2,2,1,
8254,1,0.853226900100708,2,2,1,
8255,1,0.8379204273223877,0,0,1,
8256,1,0.8404932022094727,4,4,1,
8257,1,0.8362429141998291,3,3,1,
8258,1,0.8908448219299316,0,0,1,
8259,1,0.840423583984375,3,3,1,
8260,1,0.8901526927947998,5,5,1,
8261,1,0.8854129314422607,8,8,1,
8262,1,0.8445148468017578,8,8,1,
8263,1,0.8697128295898438,1,1,1,
8264,1,0.9140961170196533,6,6,1,
8265,1,0.854133129119873,0,0,1,
8266,1,0.7983798980712891,6,6,1,
8267,1,0.8375706672668457,9,9,1,
8268,1,0.942638635635376,3,3,1,
8269,1,0.8797576427459717,1,1,1,
8270,1,0.8704893589019775,8,8,1,
8271,1,0.9207146167755127,0,0,1,
8272,1,0.7581801414489746,2,2,1,
8273,1,0.939530611038208,1,1,1,
8274,1,0.8449561595916748,7,7,1,
8275,1,0.8349106311798096,4,4,1,
8276,1,0.842041015625,1,1,1,
8277,1,0.962956428527832,9,9,1,
8278,1,0.7967870235443115,5,3,0,
8279,1,0.9305999279022217,8,8,1,
8280,1,0.8387782573699951,6,6,1,
8281,1,0.8439910411834717,9,9,1,
8282,1,0.8285682201385498,9,9,1,
8283,1,0.7904975414276123,1,1,1,
8284,1,0.8896427154541016,8,8,1,
8285,1,0.8870024681091309,7,7,1,
8286,1,0.8461840152740479,6,6,1,
8287,1,0.8335514068603516,5,3,0,
8288,1,0.8869636058807373,7,7,1,
8289,1,0.9732890129089355,4,4,1,
8290,1,0.9119246006011963,6,6,1,
8291,1,0.7621955871582031,8,4,0,
8292,1,0.8499088287353516,6,3,0,
8293,1,0.8738579750061035,6,6,1,
8294,1,0.8383095264434814,1,1,1,
8295,1,0.8269393444061279,7,7,1,
8296,1,0.848801851272583,0,0,1,
8297,1,0.8340530395507812,6,6,1,
8298,1,0.9498145580291748,3,4,0,
8299,1,0.8494420051574707,2,2,1,
8300,1,0.833362340927124,7,7,1,
8301,1,0.7882387638092041,7,7,1,
8302,1,0.8902828693389893,3,4,0,
8303,1,0.839083194732666,7,7,1,
8304,1,0.8914473056793213,3,3,1,
8305,1,0.8373270034790039,2,2,1,
8306,1,0.8446030616760254,5,5,1,
8307,1,0.8367452621459961,4,4,1,
8308,1,0.8461782932281494,8,8,1,
8309,1,0.8857746124267578,0,0,1,
8310,1,0.7929878234863281,1,1,1,
8311,1,0.7815015316009521,9,9,1,
8312,1,0.8913092613220215,7,7,1,
8313,1,0.8379218578338623,1,1,1,
8314,1,0.791379451751709,2,2,1,
8315,1,0.8396217823028564,9,9,1,
8316,1,0.7955358028411865,5,5,1,
8317,1,0.9433934688568115,5,5,1,
8318,1,0.9432294368743896,2,7,0,
8319,1,0.8352024555206299,6,6,1,
8320,1,0.8562204837799072,9,1,0,
8321,1,0.8695180416107178,2,2,1,
8322,1,0.9263534545898438,0,0,1,
8323,1,0.9356012344360352,7,7,1,
8324,1,0.8606340885162354,4,4,1,
8325,1,0.7893993854522705,5,5,1,
8326,1,0.9289402961730957,5,5,1,
8327,1,0.869145393371582,1,1,1,
8328,1,0.8846249580383301,1,1,1,
8329,1,0.7920210361480713,7,7,1,
8330,1,0.8666982650756836,1,1,1,
8331,1,0.8413410186767578,3,3,1,
8332,1,0.838409423828125,3,3,1,
8333,1,0.7862546443939209,2,2,1,
8334,1,0.9446637630462646,0,0,1,
8335,1,0.7916126251220703,0,0,1,
8336,1,0.8909206390380859,0,0,1,
8337,1,0.8826396465301514,0,0,1,
8338,1,0.9041092395782471,3,3,1,
8339,1,0.8003814220428467,1,1,1,
8340,1,0.9375133514404297,5,5,1,
8341,1,0.8086600303649902,8,8,1,
8342,1,0.8939056396484375,9,9,1,
8343,1,0.8758187294006348,7,7,1,
8344,1,0.7878897190093994,0,0,1,
8345,1,0.8514518737792969,4,4,1,
8346,1,0.8975601196289062,7,7,1,
8347,1,0.8482282161712646,2,2,1,
8348,1,0.8198940753936768,8,8,1,
8349,1,0.8125455379486084,6,6,1,
8350,1,0.913402795791626,8,0,0,
8351,1,0.8380565643310547,5,3,0,
8352,1,0.884972095489502,5,5,1,
8353,1,0.8082568645477295,3,3,1,
8354,1,0.9150359630584717,5,5,1,
8355,1,0.9274179935455322,9,9,1,
8356,1,0.9355018138885498,0,0,1,
8357,1,0.833855152130127,8,8,1,
8358,1,0.8444530963897705,6,6,1,
8359,1,0.8831279277801514,2,2,1,
8360,1,0.8948936462402344,7,7,1,
8361,1,0.7886960506439209,1,1,1,
8362,1,0.8989307880401611,1,1,1,
8363,1,0.8370673656463623,0,0,1,
8364,1,0.8337492942810059,4,4,1,
8365,1,0.8393299579620361,9,9,1,
8366,1,0.7992849349975586,9,9,1,
8367,1,0.9460880756378174,2,2,1,
8368,1,0.8731479644775391,7,7,1,
8369,1,0.9287614822387695,5,3,0,
8370,1,0.8740494251251221,1,1,1,
8371,1,0.898756742477417,9,9,1,
8372,1,0.8941037654876709,2,2,1,
8373,1,0.8830099105834961,7,7,1,
8374,1,0.9473354816436768,3,4,0,
8375,1,0.8774104118347168,5,5,1,
8376,1,0.742302656173706,1,1,1,
8377,1,0.8823778629302979,4,4,1,
8378,1,0.9401669502258301,5,5,1,
8379,1,0.8663065433502197,3,3,1,
8380,1,0.8811323642730713,7,7,1,
8381,1,0.9279320240020752,2,2,1,
8382,1,0.8465709686279297,5,5,1,
8383,1,0.9296488761901855,9,9,1,
8384,1,0.8550941944122314,1,1,1,
8385,1,0.8948972225189209,4,4,1,
8386,1,0.9091675281524658,2,2,1,
8387,1,0.7811837196350098,0,0,1,
8388,1,0.8898541927337646,8,8,1,
8389,1,0.9419572353363037,3,3,1,
8390,1,0.8696746826171875,6,6,1,
8391,1,0.8424627780914307,6,6,1,
8392,1,0.8057460784912109,2,2,1,
8393,1,0.7941751480102539,0,0,1,
8394,1,0.8893585205078125,2,3,0,
8395,1,0.7915270328521729,6,6,1,
8396,1,0.8188931941986084,9,9,1,
8397,1,0.8358616828918457,1,1,1,
8398,1,0.8430345058441162,5,5,1,
8399,1,0.8822817802429199,3,3,1,
8400,1,0.8463220596313477,8,8,1,
8401,1,0.7936761379241943,2,2,1,
8402,1,0.8463361263275146,8,8,1,
8403,1,0.9156723022460938,7,7,1,
8404,1,0.8630456924438477,7,7,1,
8405,1,0.8377623558044434,3,3,1,
8406,1,0.855828046798706,9,2,0,
8407,1,0.8840315341949463,7,7,1,
8408,1,0.8898348808288574,5,5,1,
8409,1,0.841522216796875,7,7,1,
8410,1,0.8354780673980713,8,8,1,
8411,1,0.7554571628570557,3,3,1,
8412,1,0.8604791164398193,5,5,1,
8413,1,0.8881504535675049,5,5,1,
8414,1,0.8990273475646973,2,2,1,
8415,1,0.8733594417572021,6,6,1,
8416,1,0.9371025562286377,8,8,1,
8417,1,0.8697056770324707,1,1,1,
8418,1,0.7824201583862305,3,3,1,
8419,1,0.8292825222015381,6,6,1,
8420,1,0.8343772888183594,6,6,1,
8421,1,0.7787487506866455,3,3,1,
8422,1,0.8475935459136963,3,3,1,
8423,1,0.9285905361175537,4,4,1,
8424,1,0.7974779605865479,9,9,1,
8425,1,0.8366720676422119,5,5,1,
8426,1,0.8948798179626465,6,6,1,
8427,1,0.7816781997680664,0,0,1,
8428,1,0.8376369476318359,3,3,1,
8429,1,0.829862117767334,1,1,1,
8430,1,0.8427608013153076,4,4,1,
8431,1,0.8334758281707764,2,2,1,
8432,1,0.7937312126159668,1,1,1,
8433,1,0.8919551372528076,7,7,1,
8434,1,0.8291292190551758,8,8,1,
8435,1,0.8111567497253418,0,0,1,
8436,1,0.8611648082733154,1,1,1,
8437,1,0.9225351810455322,6,6,1,
8438,1,0.7846691608428955,1,9,0,
8439,1,0.817197322845459,0,0,1,
8440,1,0.8611149787902832,8,8,1,
8441,1,0.8275830745697021,5,5,1,
8442,1,0.8676605224609375,8,8,1,
8443,1,0.8296685218811035,6,6,1,
8444,1,0.8584825992584229,4,4,1,
8445,1,0.8592770099639893,0,0,1,
8446,1,0.9156839847564697,4,4,1,
8447,1,0.7904775142669678,2,2,1,
8448,1,0.847027063369751,6,6,1,
8449,1,0.8838913440704346,4,4,1,
8450,1,0.9375898838043213,0,0,1,
8451,1,0.8299221992492676,8,8,1,
8452,1,0.8031668663024902,2,6,0,
8453,1,0.8581757545471191,3,3,1,
8454,1,0.8547182083129883,4,4,1,
8455,1,0.8239729404449463,0,0,1,
8456,1,0.9134423732757568,7,7,1,
8457,1,0.8258755207061768,5,5,1,
8458,1,0.8424139022827148,8,8,1,
8459,1,0.8504552841186523,1,1,1,
8460,1,0.9105913639068604,3,3,1,
8461,1,0.8614249229431152,2,2,1,
8462,1,0.9169130325317383,5,3,0,
8463,1,0.7404334545135498,1,1,1,
8464,1,0.8909997940063477,6,6,1,
8465,1,0.8353228569030762,9,1,0,
8466,1,0.8674118518829346,5,4,0,
8467,1,0.8477578163146973,5,5,1,
8468,1,0.8043067455291748,8,8,1,
8469,1,0.8376748561859131,4,3,0,
8470,1,0.8781542778015137,4,4,1,
8471,1,0.8831300735473633,8,2,0,
8472,1,0.893115758895874,4,4,1,
8473,1,0.8360528945922852,3,3,1,
8474,1,0.8978333473205566,2,2,1,
8475,1,0.8286581039428711,4,4,1,
8476,1,0.888394832611084,1,1,1,
8477,1,0.8413114547729492,6,6,1,
8478,1,0.9363856315612793,3,3,1,
8479,1,0.8367280960083008,2,2,1,
8480,1,0.800269365310669,8,8,1,
8481,1,0.8312866687774658,2,2,1,
8482,1,0.8943979740142822,0,6,0,
8483,1,0.927844762802124,3,3,1,
8484,1,0.8104181289672852,4,4,1,
8485,1,0.8513674736022949,3,3,1,
8486,1,0.8926959037780762,0,0,1,
8487,1,0.8788626194000244,0,0,1,
8488,1,0.8570902347564697,1,1,1,
8489,1,0.8864717483520508,1,1,1,
8490,1,0.8412833213806152,7,7,1,
8491,1,0.8543071746826172,5,5,1,
8492,1,0.8084323406219482,6,6,1,
8493,1,0.788621187210083,8,8,1,
8494,1,0.8876092433929443,0,0,1,
8495,1,0.8840582370758057,6,6,1,
8496,1,0.8404028415679932,8,8,1,
8497,1,0.7917699813842773,8,8,1,
8498,1,0.8492200374603271,0,0,1,
8499,1,0.8615138530731201,5,3,0,
8500,1,0.9460463523864746,2,2,1,
8501,1,0.878882646560669,8,8,1,
8502,1,0.7951986789703369,5,3,0,
8503,1,0.8945136070251465,7,7,1,
8504,1,0.8040199279785156,6,6,1,
8505,1,0.8778917789459229,6,6,1,
8506,1,0.8832528591156006,6,6,1,
8507,1,0.8651900291442871,6,6,1,
8508,1,0.8660581111907959,7,7,1,
8509,1,0.8066637516021729,5,5,1,
8510,1,0.8444576263427734,2,2,1,
8511,1,0.9131772518157959,5,5,1,
8512,1,0.7919225692749023,3,3,1,
8513,1,0.9205882549285889,2,2,1,
8514,1,0.8007922172546387,7,7,1,
8515,1,0.8337023258209229,4,4,1,
8516,1,0.9876530170440674,6,6,1,
8517,1,0.9247293472290039,4,4,1,
8518,1,0.8432729244232178,0,0,1,
8519,1,0.828782320022583,1,1,1,
8520,1,0.8702137470245361,9,9,1,
8521,1,0.8455510139465332,5,5,1,
8522,1,0.7989640235900879,2,2,1,
8523,1,0.8839318752288818,5,3,0,
8524,1,0.8525323867797852,1,1,1,
8525,1,0.8820104598999023,0,0,1,
8526,1,0.9434187412261963,8,8,1,
8527,1,0.7427403926849365,1,1,1,
8528,1,0.8027114868164062,2,2,1,
8529,1,0.9266104698181152,6,5,0,
8530,1,0.8616807460784912,1,1,1,
8531,1,0.8342325687408447,7,7,1,
8532,1,0.8391079902648926,8,8,1,
8533,1,0.8313915729522705,4,4,1,
8534,1,0.9547967910766602,8,8,1,
8535,1,0.8455281257629395,2,2,1,
8536,1,0.8437471389770508,2,2,1,
8537,1,0.8706643581390381,0,0,1,
8538,1,0.849445104598999,1,1,1,
8539,1,0.792231559753418,4,4,1,
8540,1,0.875572919845581,0,0,1,
8541,1,0.8404543399810791,1,1,1,
8542,1,0.8444981575012207,6,6,1,
8543,1,0.8004879951477051,6,6,1,
8544,1,0.9153163433074951,0,0,1,
8545,1,0.8847658634185791,5,6,0,
8546,1,0.8329808712005615,6,6,1,
8547,1,0.8381307125091553,1,1,1,
8548,1,0.8412599563598633,7,4,0,
8549,1,0.8288671970367432,5,5,1,
8550,1,0.8490850925445557,9,9,1,
8551,1,0.8862547874450684,0,0,1,
8552,1,0.9486653804779053,1,1,1,
8553,1,0.7706029415130615,5,5,1,
8554,1,0.7905943393707275,3,6,0,
8555,1,0.883857011795044,8,8,1,
8556,1,0.8455655574798584,9,9,1,
8557,1,0.8983442783355713,1,1,1,
8558,1,0.9146161079406738,6,6,1,
8559,1,0.9292778968811035,1,1,1,
8560,1,0.8943629264831543,7,7,1,
8561,1,0.7757987976074219,5,5,1,
8562,1,0.8901925086975098,9,9,1,
8563,1,0.9055495262145996,1,1,1,
8564,1,0.9056520462036133,7,7,1,
8565,1,0.7852180004119873,1,1,1,
8566,1,0.8345110416412354,0,0,1,
8567,1,0.9290263652801514,2,4,0,
8568,1,0.8866314888000488,6,6,1,
8569,1,0.9673054218292236,7,7,1,
8570,1,0.7422077655792236,0,0,1,
8571,1,0.9154341220855713,6,6,1,
8572,1,0.877464771270752,6,6,1,
8573,1,0.9026522636413574,8,8,1,
8574,1,0.8632266521453857,0,0,1,
8575,1,0.8579058647155762,0,0,1,
8576,1,0.8342089653015137,0,2,0,
8577,1,0.919755220413208,8,8,1,
8578,1,0.8901927471160889,7,7,1,
8579,1,0.837172269821167,5,5,1,
8580,1,0.8641915321350098,2,2,1,
8581,1,0.8522078990936279,8,8,1,
8582,1,0.8884592056274414,3,3,1,
8583,1,0.8248786926269531,4,4,1,
8584,1,0.8419580459594727,9,9,1,
8585,1,0.9214916229248047,2,2,1,
8586,1,0.7966101169586182,3,3,1,
8587,1,0.7896482944488525,8,0,0,
8588,1,0.8369455337524414,8,8,1,
8589,1,0.8354575634002686,0,0,1,
8590,1,0.8384885787963867,0,0,1,
8591,1,0.8838186264038086,2,2,1,
8592,1,0.830197811126709,0,0,1,
8593,1,0.8364980220794678,8,8,1,
8594,1,0.8067336082458496,7,7,1,
8595,1,0.8955295085906982,9,1,0,
8596,1,0.8364465236663818,8,8,1,
8597,1,0.8857417106628418,6,7,0,
8598,1,0.8108432292938232,2,2,1,
8599,1,0.9318766593933105,0,0,1,
8600,1,0.9058141708374023,9,1,0,
8601,1,0.8452441692352295,8,8,1,
8602,1,0.8647348880767822,3,3,1,
8603,1,0.7862305641174316,4,4,1,
8604,1,0.8298988342285156,8,8,1,
8605,1,0.9325649738311768,6,6,1,
8606,1,0.8623101711273193,7,7,1,
8607,1,0.8403682708740234,5,5,1,
8608,1,0.8871619701385498,6,6,1,
8609,1,0.9769845008850098,8,8,1,
8610,1,0.7981162071228027,8,8,1,
8611,1,0.8146505355834961,5,4,0,
8612,1,0.9011619091033936,3,3,1,
8613,1,0.7799849510192871,2,2,1,
8614,1,0.7436239719390869,0,0,1,
8615,1,0.8748533725738525,1,1,1,
8616,1,0.7916965484619141,8,8,1,
8617,1,0.8359191417694092,6,6,1,
8618,1,0.9205996990203857,4,4,1,
8619,1,0.8747515678405762,4,4,1,
8620,1,0.7508056163787842,2,2,1,
8621,1,0.8822932243347168,5,5,1,
8622,1,0.8413615226745605,7,4,0,
8623,1,0.8387560844421387,5,5,1,
8624,1,0.7873055934906006,1,1,1,
8625,1,0.7610263824462891,0,0,1,
8626,1,0.8641452789306641,4,4,1,
8627,1,0.844846248626709,8,8,1,
8628,1,0.8004410266876221,3,3,1,
8629,1,0.8372998237609863,3,3,1,
8630,1,0.7919774055480957,5,7,0,
8631,1,0.8165590763092041,6,6,1,
8632,1,0.848114013671875,4,4,1,
8633,1,0.8397674560546875,0,9,0,
8634,1,0.8827998638153076,0,0,1,
8635,1,0.7896921634674072,1,1,1,
8636,1,0.8428728580474854,5,3,0,
8637,1,0.840937614440918,9,8,0,
8638,1,0.8461434841156006,9,9,1,
8639,1,0.814943790435791,5,5,1,
8640,1,0.7689027786254883,5,5,1,
8641,1,0.8239648342132568,7,7,1,
8642,1,0.8468105792999268,0,0,1,
8643,1,0.8406603336334229,7,7,1,
8644,1,0.846674919128418,0,0,1,
8645,1,0.7870867252349854,1,1,1,
8646,1,0.846916675567627,5,3,0,
8647,1,0.9578797817230225,4,4,1,
8648,1,0.9007742404937744,6,6,1,
8649,1,0.7129573822021484,5,5,1,
8650,1,0.8690428733825684,5,3,0,
8651,1,0.8863599300384521,0,0,1,
8652,1,0.831040620803833,0,0,1,
8653,1,0.8106472492218018,5,3,0,
8654,1,0.8459174633026123,7,7,1,
8655,1,0.8381884098052979,4,4,1,
8656,1,0.894993782043457,5,5,1,
8657,1,0.8330173492431641,0,0,1,
8658,1,0.7950377464294434,3,3,1,
8659,1,0.8789157867431641,2,2,1,
8660,1,0.7561275959014893,5,3,0,
8661,1,0.8869824409484863,8,8,1,
8662,1,0.8708820343017578,7,7,1,
8663,1,0.8363640308380127,0,0,1,
8664,1,0.8477168083190918,6,6,1,
8665,1,0.8992149829864502,5,2,0,
8666,1,0.805854320526123,3,3,1,
8667,1,0.8316655158996582,8,8,1,
8668,1,0.76163649559021,0,0,1,
8669,1,0.892892599105835,8,8,1,
8670,1,0.7764570713043213,5,5,1,
8671,1,0.9116108417510986,7,7,1,
8672,1,0.8445873260498047,1,1,1,
8673,1,0.8744685649871826,2,2,1,
8674,1,0.8007655143737793,4,4,1,
8675,1,0.8841233253479004,7,7,1,
8676,1,0.7886147499084473,2,2,1,
8677,1,0.8861134052276611,1,1,1,
8678,1,0.8401060104370117,6,6,1,
8679,1,0.7924108505249023,3,3,1,
8680,1,0.898080587387085,7,7,1,
8681,1,0.785172700881958,4,4,1,
8682,1,0.8694133758544922,7,7,1,
8683,1,0.882932186126709,5,5,1,
8684,1,0.8147385120391846,0,0,1,
8685,1,0.8304717540740967,6,6,1,
8686,1,0.8249788284301758,7,7,1,
8687,1,0.8708927631378174,6,6,1,
8688,1,0.842947244644165,1,1,1,
8689,1,0.8336868286132812,8,8,1,
8690,1,0.8390650749206543,9,9,1,
8691,1,0.8115830421447754,7,7,1,
8692,1,0.8871839046478271,3,3,1,
8693,1,0.8380939960479736,5,5,1,
8694,1,0.8469998836517334,0,0,1,
8695,1,0.8657598495483398,3,3,1,
8696,1,0.8439493179321289,9,9,1,
8697,1,0.7689356803894043,2,2,1,
8698,1,0.9375672340393066,7,7,1,
8699,1,0.8345389366149902,6,3,0,
8700,1,0.8849382400512695,6,6,1,
8701,1,0.8166065216064453,0,0,1,
8702,1,0.7979304790496826,9,9,1,
8703,1,0.8423142433166504,2,2,1,
8704,1,0.8579800128936768,5,4,0,
8705,1,0.8715314865112305,0,0,1,
8706,1,0.7532660961151123,0,0,1,
8707,1,0.7882816791534424,9,9,1,
8708,1,0.898291826248169,0,0,1,
8709,1,0.6946308612823486,4,4,1,
8710,1,0.8400561809539795,5,5,1,
8711,1,0.8785929679870605,7,7,1,
8712,1,0.871912956237793,5,5,1,
8713,1,0.7363290786743164,4,4,1,
8714,1,0.8708858489990234,0,0,1,
8715,1,0.8595700263977051,2,2,1,
8716,1,0.8390495777130127,8,8,1,
8717,1,0.8235490322113037,9,9,1,
8718,1,0.8743376731872559,1,1,1,
8719,1,0.8208785057067871,6,6,1,
8720,1,0.8024849891662598,7,7,1,
8721,1,0.7882390022277832,5,5,1,
8722,1,0.8911223411560059,5,3,0,
8723,1,0.884732723236084,0,0,1,
8724,1,0.8429291248321533,9,9,1,
8725,1,0.8400483131408691,3,3,1,
8726,1,0.7461984157562256,8,8,1,
8727,1,0.8618812561035156,9,9,1,
8728,1,0.8298389911651611,4,4,1,
8729,1,0.8297641277313232,9,9,1,
8730,1,0.8369812965393066,9,9,1,
8731,1,0.8897726535797119,7,7,1,
8732,1,0.7903196811676025,2,2,1,
8733,1,0.8231306076049805,0,0,1,
8734,1,0.8911445140838623,5,5,1,
8735,1,0.7891519069671631,8,8,1,
8736,1,0.9341769218444824,7,7,1,
8737,1,0.9046025276184082,6,6,1,
8738,1,0.8531203269958496,0,0,1,
8739,1,0.8031899929046631,6,6,1,
8740,1,0.9109702110290527,9,9,1,
8741,1,0.8477768898010254,9,9,1,
8742,1,0.8233301639556885,8,8,1,
8743,1,0.9136967658996582,8,8,1,
8744,1,0.8935360908508301,7,7,1,
8745,1,0.8855476379394531,6,6,1,
8746,1,0.8382363319396973,8,6,0,
8747,1,0.85512375831604,4,4,1,
8748,1,0.8766064643859863,3,3,1,
8749,1,0.8329906463623047,7,7,1,
8750,1,0.8436398506164551,6,6,1,
8751,1,0.8296113014221191,7,7,1,
8752,1,0.8689858913421631,5,3,0,
8753,1,0.9101724624633789,1,1,1,
8754,1,0.8851792812347412,0,0,1,
8755,1,0.795069694519043,6,6,1,
8756,1,0.7902758121490479,0,0,1,
8757,1,0.8880369663238525,1,1,1,
8758,1,0.8388471603393555,7,4,0,
8759,1,0.9901430606842041,2,2,1,
8760,1,0.7908754348754883,9,9,1,
8761,1,0.8383872509002686,7,7,1,
8762,1,0.8421995639801025,7,7,1,
8763,1,0.8258793354034424,2,2,1,
8764,1,0.87569260597229,7,7,1,
8765,1,0.9680047035217285,0,0,1,
8766,1,0.8432600498199463,9,9,1,
8767,1,0.8301458358764648,2,2,1,
8768,1,0.8034255504608154,8,8,1,
8769,1,0.9101152420043945,5,5,1,
8770,1,0.7469265460968018,3,3,1,
8771,1,0.893470287322998,7,7,1,
8772,1,0.8156588077545166,1,1,1,
8773,1,0.9509782791137695,1,1,1,
8774,1,0.8531689643859863,6,6,1,
8775,1,0.8131289482116699,6,6,1,
8776,1,0.91933274269104,5,5,1,
8777,1,0.823065996170044,5,3,0,
8778,1,0.8910658359527588,7,7,1,
8779,1,0.836768627166748,7,7,1,
8780,1,0.8073935508728027,5,2,0,
8781,1,0.9032886028289795,4,4,1,
8782,1,0.8820786476135254,1,1,1,
8783,1,0.8693876266479492,1,1,1,
8784,1,0.7980668544769287,4,4,1,
8785,1,0.8823225498199463,5,5,1,
8786,1,0.8439962863922119,6,6,1,
8787,1,0.8787949085235596,9,9,1,
8788,1,0.8475770950317383,7,7,1,
8789,1,0.9345762729644775,2,2,1,
8790,1,0.850292444229126,1,1,1,
8791,1,0.8301069736480713,5,5,1,
8792,1,0.8813047409057617,2,2,1,
8793,1,0.835895299911499,5,5,1,
8794,1,0.8620283603668213,6,6,1,
8795,1,0.7947204113006592,0,0,1,
8796,1,0.8230516910552979,3,3,1,
8797,1,0.8506960868835449,6,3,0,
8798,1,0.9442272186279297,5,5,1,
8799,1,0.735692024230957,1,1,1,
8800,1,0.9205989837646484,9,9,1,
8801,1,0.8560333251953125,3,3,1,
8802,1,0.8372900485992432,4,4,1,
8803,1,0.9070625305175781,1,1,1,
8804,1,0.7965245246887207,1,1,1,
8805,1,0.81534743309021,5,5,1,
8806,1,0.8849081993103027,6,6,1,
8807,1,0.7450587749481201,0,3,0,
8808,1,0.8565232753753662,2,2,1,
8809,1,0.8407583236694336,4,4,1,
8810,1,0.8587408065795898,4,4,1,
8811,1,0.9075038433074951,4,4,1,
8812,1,0.8836197853088379,0,0,1,
8813,1,0.8657341003417969,9,9,1,
8814,1,0.8673694133758545,6,6,1,
8815,1,0.8633718490600586,4,4,1,
8816,1,0.8121769428253174,7,7,1,
8817,1,0.7876369953155518,7,7,1,
8818,1,0.9892556667327881,1,8,0,
8819,1,0.7847399711608887,4,4,1,
8820,1,0.8926103115081787,2,2,1,
8821,1,0.8795180320739746,8,8,1,
8822,1,0.7953011989593506,5,5,1,
8823,1,0.7431235313415527,4,4,1,
8824,1,0.8982787132263184,4,4,1,
8825,1,0.8417837619781494,2,2,1,
8826,1,0.8457448482513428,5,5,1,
8827,1,0.7918179035186768,9,9,1,
8828,1,0.7834944725036621,9,9,1,
8829,1,0.8351728916168213,1,1,1,
8830,1,0.8535215854644775,8,8,1,
8831,1,0.8686892986297607,5,5,1,
8832,1,0.8494460582733154,7,7,1,
8833,1,0.8757359981536865,0,2,0,
8834,1,0.8421411514282227,3,3,1,
8835,1,0.8826062679290771,4,4,1,
8836,1,0.7993462085723877,8,8,1,
8837,1,0.884929895401001,4,4,1,
8838,1,0.7966256141662598,8,8,1,
8839,1,0.8347971439361572,3,3,1,
8840,1,0.895221471786499,5,5,1,
8841,1,0.9318220615386963,6,6,1,
8842,1,0.8318567276000977,8,8,1,
8843,1,0.7917580604553223,3,3,1,
8844,1,0.7988715171813965,0,0,1,
8845,1,0.7831571102142334,0,0,1,
8846,1,0.887976884841919,7,7,1,
8847,1,0.8799560070037842,0,0,1,
8848,1,0.7872490882873535,9,9,1,
8849,1,0.7824912071228027,7,7,1,
8850,1,0.8928413391113281,3,3,1,
8851,1,0.8794753551483154,0,0,1,
8852,1,0.8877272605895996,3,3,1,
8853,1,0.7378509044647217,4,4,1,
8854,1,0.8635704517364502,3,3,1,
8855,1,0.8275516033172607,0,0,1,
8856,1,0.7967007160186768,6,6,1,
8857,1,0.7418036460876465,7,7,1,
8858,1,0.7980694770812988,5,6,0,
8859,1,0.8775327205657959,2,2,1,
8860,1,0.8378913402557373,7,7,1,
8861,1,0.9287087917327881,1,1,1,
8862,1,0.7918088436126709,0,0,1,
8863,1,0.8345322608947754,0,0,1,
8864,1,0.8412911891937256,5,5,1,
8865,1,0.8385264873504639,6,6,1,
8866,1,0.8854794502258301,0,0,1,
8867,1,0.8281874656677246,2,2,1,
8868,1,0.8410804271697998,2,2,1,
8869,1,0.8830018043518066,8,8,1,
8870,1,0.8779258728027344,5,5,1,
8871,1,0.8888263702392578,5,5,1,
8872,1,0.8126218318939209,5,5,1,
8873,1,0.8620274066925049,9,8,0,
8874,1,0.8030219078063965,4,4,1,
8875,1,0.8372666835784912,3,6,0,
8876,1,0.7921535968780518,0,0,1,
8877,1,0.8660407066345215,1,1,1,
8878,1,0.8710174560546875,2,2,1,
8879,1,0.87599778175354,1,1,1,
8880,1,0.8986272811889648,9,9,1,
8881,1,0.8960723876953125,5,2,0,
8882,1,0.810762882232666,5,5,1,
8883,1,0.8967950344085693,5,6,0,
8884,1,0.793609619140625,3,3,1,
8885,1,0.8896918296813965,9,9,1,
8886,1,0.8013744354248047,8,8,1,
8887,1,0.883601188659668,5,5,1,
8888,1,0.8921663761138916,1,1,1,
8889,1,0.834850549697876,3,3,1,
8890,1,0.8174972534179688,6,6,1,
8891,1,0.8551816940307617,7,7,1,
8892,1,0.8457372188568115,0,0,1,
8893,1,0.833622932434082,3,3,1,
8894,1,0.7962155342102051,4,4,1,
8895,1,0.8807752132415771,2,2,1,
8896,1,0.8296854496002197,7,7,1,
8897,1,0.8623762130737305,5,5,1,
8898,1,0.8203954696655273,9,9,1,
8899,1,0.835822582244873,1,1,1,
8900,1,0.8471875190734863,0,0,1,
8901,1,0.7815909385681152,3,3,1,
8902,1,0.8868322372436523,7,7,1,
8903,1,0.879615068435669,2,2,1,
8904,1,0.8503594398498535,8,8,1,
8905,1,0.8420188426971436,8,8,1,
8906,1,0.9456450939178467,7,7,1,
8907,1,0.8578052520751953,6,6,1,
8908,1,0.8999230861663818,4,4,1,
8909,1,0.842414379119873,8,8,1,
8910,1,0.8583800792694092,2,2,1,
8911,1,0.8186547756195068,6,6,1,
8912,1,0.8955812454223633,7,7,1,
8913,1,0.7860803604125977,0,0,1,
8914,1,0.849271297454834,4,4,1,
8915,1,0.8104486465454102,5,3,0,
8916,1,0.8874087333679199,2,2,1,
8917,1,0.9278764724731445,8,8,1,
8918,1,0.8726766109466553,3,3,1,
8919,1,0.8009943962097168,9,9,1,
8920,1,0.9384071826934814,6,6,1,
8921,1,0.8405859470367432,9,9,1,
8922,1,0.8382468223571777,5,5,1,
8923,1,0.8872137069702148,6,6,1,
8924,1,0.7955095767974854,2,2,1,
8925,1,0.8894681930541992,7,7,1,
8926,1,0.8922314643859863,7,7,1,
8927,1,0.93143630027771,1,1,1,
8928,1,0.8693838119506836,7,7,1,
8929,1,0.8425233364105225,1,1,1,
8930,1,0.8804397583007812,3,3,1,
8931,1,0.7819373607635498,2,2,1,
8932,1,0.8648719787597656,4,4,1,
8933,1,0.9020864963531494,9,9,1,
8934,1,0.7960455417633057,4,4,1,
8935,1,0.7866363525390625,9,9,1,
8936,1,0.9410970211029053,6,6,1,
8937,1,0.8129913806915283,0,0,1,
8938,1,0.844332218170166,6,6,1,
8939,1,0.991793155670166,5,5,1,
8940,1,0.8428366184234619,3,3,1,
8941,1,0.7942667007446289,3,3,1,
8942,1,0.8463120460510254,9,9,1,
8943,1,0.8268721103668213,6,6,1,
8944,1,0.8897078037261963,6,6,1,
8945,1,0.7536728382110596,0,0,1,
8946,1,0.8578987121582031,3,3,1,
8947,1,0.8662047386169434,2,2,1,
8948,1,0.8816540241241455,1,1,1,
8949,1,0.9487905502319336,7,7,1,
8950,1,0.8511226177215576,9,9,1,
8951,1,0.7980093955993652,3,3,1,
8952,1,0.8386745452880859,0,0,1,
8953,1,0.8426625728607178,4,4,1,
8954,1,0.9363665580749512,9,9,1,
8955,1,0.8382277488708496,0,0,1,
8956,1,0.8829197883605957,1,9,0,
8957,1,0.8401753902435303,8,8,1,
8958,1,0.7821395397186279,4,4,1,
8959,1,0.9331133365631104,6,6,1,
8960,1,0.9177947044372559,5,3,0,
8961,1,0.7937262058258057,5,5,1,
8962,1,0.8398833274841309,4,4,1,
8963,1,0.859513521194458,8,8,1,
8964,1,0.8401274681091309,9,9,1,
8965,1,0.8789544105529785,0,0,1,
8966,1,0.8480162620544434,8,8,1,
8967,1,0.8449411392211914,9,9,1,
8968,1,0.7981388568878174,4,4,1,
8969,1,0.8998279571533203,4,4,1,
8970,1,0.8858981132507324,5,3,0,
8971,1,0.8031320571899414,6,6,1,
8972,1,0.8347234725952148,2,2,1,
8973,1,0.8511171340942383,9,9,1,
8974,1,0.8480072021484375,4,4,1,
8975,1,0.8060951232910156,8,8,1,
8976,1,0.8944334983825684,7,7,1,
8977,1,0.8945484161376953,8,8,1,
8978,1,0.832056999206543,8,8,1,
8979,1,0.7476589679718018,5,5,1,
8980,1,0.9283130168914795,2,2,1,
8981,1,0.878007173538208,1,1,1,
8982,1,0.9039566516876221,0,0,1,
8983,1,0.8433022499084473,2,7,0,
8984,1,0.8764896392822266,5,3,0,
8985,1,0.8931534290313721,4,2,0,
8986,1,0.731503963470459,4,4,1,
8987,1,0.8832981586456299,8,8,1,
8988,1,0.7912425994873047,1,1,1,
8989,1,0.8888230323791504,5,2,0,
8990,1,0.9255003929138184,2,2,1,
8991,1,0.8309543132781982,4,6,0,
8992,1,0.9201266765594482,3,3,1,
8993,1,0.8023586273193359,1,1,1,
8994,1,0.8347482681274414,0,8,0,
8995,1,0.8721184730529785,6,6,1,
8996,1,0.7673921585083008,7,7,1,
8997,1,0.9463233947753906,7,7,1,
8998,1,0.9333314895629883,1,1,1,
8999,1,0.8424875736236572,7,7,1,
9000,1,0.7768752574920654,6,6,1,
9001,1,0.9443321228027344,5,5,1,
9002,1,0.7869961261749268,7,7,1,
9003,1,0.8561465740203857,0,0,1,
9004,1,0.8048291206359863,6,6,1,
9005,1,0.8812305927276611,0,0,1,
9006,1,0.8305492401123047,5,3,0,
9007,1,0.8275330066680908,6,7,0,
9008,1,0.8395485877990723,3,3,1,
9009,1,0.9148755073547363,4,4,1,
9010,1,0.8510599136352539,5,5,1,
9011,1,0.855043888092041,8,8,1,
9012,1,0.8022017478942871,3,3,1,
9013,1,0.8981571197509766,1,1,1,
9014,1,0.7878279685974121,1,1,1,
9015,1,0.8475890159606934,0,0,1,
9016,1,0.8857975006103516,9,5,0,
9017,1,0.7968885898590088,6,6,1,
9018,1,0.8815793991088867,5,5,1,
9019,1,0.90006422996521,2,2,1,
9020,1,0.9419100284576416,8,8,1,
9021,1,0.8517639636993408,0,0,1,
9022,1,0.790576696395874,4,4,1,
9023,1,0.8903582096099854,0,0,1,
9024,1,0.8507931232452393,5,2,0,
9025,1,0.8534448146820068,4,4,1,
9026,1,0.856252908706665,2,2,1,
9027,1,0.842853307723999,9,9,1,
9028,1,0.9334793090820312,2,0,0,
9029,1,0.8462533950805664,7,7,1,
9030,1,0.8810808658599854,4,4,1,
9031,1,0.7516233921051025,1,1,1,
9032,1,0.9250531196594238,7,7,1,
9033,1,0.8377845287322998,5,5,1,
9034,1,0.9302215576171875,0,4,0,
9035,1,0.9343173503875732,0,0,1,
9036,1,0.9223520755767822,7,7,1,
9037,1,0.8621828556060791,6,6,1,
9038,1,0.7877264022827148,1,1,1,
9039,1,0.8421368598937988,8,8,1,
9040,1,0.830096960067749,1,1,1,
9041,1,0.8040118217468262,5,5,1,
9042,1,0.8378422260284424,2,4,0,
9043,1,0.9141454696655273,6,6,1,
9044,1,0.8376805782318115,6,4,0,
9045,1,0.8451495170593262,9,9,1,
9046,1,0.8834106922149658,2,9,0,
9047,1,0.8575220108032227,5,2,0,
9048,1,0.8849232196807861,6,6,1,
9049,1,0.830441951751709,5,5,1,
9050,1,0.8726813793182373,6,6,1,
9051,1,0.8448493480682373,0,0,1,
9052,1,0.8389644622802734,5,6,0,
9053,1,0.9426448345184326,1,1,1,
9054,1,0.8787651062011719,5,4,0,
9055,1,0.8371520042419434,8,8,1,
9056,1,0.9377315044403076,1,1,1,
9057,1,0.801055908203125,6,6,1,
9058,1,0.9093661308288574,2,2,1,
9059,1,0.8695807456970215,2,2,1,
9060,1,0.8344027996063232,4,4,1,
9061,1,0.835960865020752,6,6,1,
9062,1,0.8745770454406738,3,3,1,
9063,1,0.8923633098602295,2,2,1,
9064,1,0.9069113731384277,8,8,1,
9065,1,0.9040319919586182,7,7,1,
9066,1,0.7365217208862305,4,4,1,
9067,1,0.897773027420044,9,9,1,
9068,1,0.8530542850494385,8,8,1,
9069,1,0.8625245094299316,4,4,1,
9070,1,0.8001320362091064,0,0,1,
9071,1,0.8413474559783936,4,4,1,
9072,1,0.8335976600646973,4,4,1,
9073,1,0.8462297916412354,1,1,1,
9074,1,0.874910831451416,4,4,1,
9075,1,0.8051271438598633,9,1,0,
9076,1,0.8805544376373291,5,5,1,
9077,1,0.9372656345367432,7,7,1,
9078,1,0.8239715099334717,8,8,1,
9079,1,0.8350131511688232,8,8,1,
9080,1,0.9100956916809082,5,5,1,
9081,1,0.8663644790649414,5,5,1,
9082,1,0.9052057266235352,0,3,0,
9083,1,0.8831498622894287,7,7,1,
9084,1,0.8369359970092773,0,0,1,
9085,1,0.8744392395019531,0,0,1,
9086,1,0.93503737449646,5,5,1,
9087,1,0.8359920978546143,4,4,1,
9088,1,0.8273084163665771,1,1,1,
9089,1,0.8459827899932861,8,8,1,
9090,1,0.8378241062164307,5,5,1,
9091,1,0.8462347984313965,5,5,1,
9092,1,0.8421661853790283,8,8,1,
9093,1,0.9422643184661865,4,4,1,
9094,1,0.8696908950805664,0,0,1,
9095,1,0.7459108829498291,4,4,1,
9096,1,0.8846409320831299,3,3,1,
9097,1,0.8825538158416748,3,3,1,
9098,1,0.7775912284851074,2,2,1,
9099,1,0.9398016929626465,1,1,1,
9100,1,0.8718111515045166,8,8,1,
9101,1,0.8926432132720947,2,4,0,
9102,1,0.8351912498474121,9,9,1,
9103,1,0.7855231761932373,2,0,0,
9104,1,0.8846786022186279,7,7,1,
9105,1,0.8960609436035156,4,4,1,
9106,1,0.929938554763794,1,1,1,
9107,1,0.9094264507293701,7,7,1,
9108,1,0.8347387313842773,8,8,1,
9109,1,0.8346529006958008,4,4,1,
9110,1,0.7879986763000488,0,0,1,
9111,1,0.9988625049591064,0,0,1,
9112,1,0.7943925857543945,9,9,1,
9113,1,0.8913042545318604,7,7,1,
9114,1,0.8215558528900146,4,4,1,
9115,1,0.8957984447479248,3,3,1,
9116,1,0.8861968517303467,3,3,1,
9117,1,0.9478104114532471,8,8,1,
9118,1,0.8367555141448975,8,8,1,
9119,1,0.83406662940979,9,9,1,
9120,1,0.935462474822998,7,7,1,
9121,1,0.8394238948822021,4,4,1,
9122,1,0.8128461837768555,1,1,1,
9123,1,0.8581359386444092,3,2,0,
9124,1,0.8819897174835205,6,6,1,
9125,1,0.8754513263702393,7,4,0,
9126,1,0.875128984451294,3,3,1,
9127,1,0.9000904560089111,4,4,1,
9128,1,0.8346242904663086,2,2,1,
9129,1,0.8370084762573242,1,1,1,
9130,1,0.8746140003204346,8,3,0,
9131,1,0.8428902626037598,7,7,1,
9132,1,0.8292562961578369,6,6,1,
9133,1,0.8414304256439209,9,9,1,
9134,1,0.8415737152099609,5,5,1,
9135,1,0.8472275733947754,5,5,1,
9136,1,0.8817400932312012,7,7,1,
9137,1,0.8888952732086182,7,7,1,
9138,1,0.8857934474945068,6,6,1,
9139,1,0.7796139717102051,6,6,1,
9140,1,0.9195866584777832,6,6,1,
9141,1,0.9430348873138428,2,2,1,
9142,1,0.8563215732574463,5,5,1,
9143,1,0.8891527652740479,5,3,0,
9144,1,0.8320035934448242,9,9,1,
9145,1,0.8324124813079834,7,7,1,
9146,1,0.8870546817779541,6,2,0,
9147,1,0.8223047256469727,1,1,1,
9148,1,0.8433051109313965,2,2,1,
9149,1,0.8851087093353271,7,7,1,
9150,1,0.8400557041168213,4,4,1,
9151,1,0.8865313529968262,7,7,1,
9152,1,0.8357367515563965,8,8,1,
9153,1,0.7916998863220215,2,3,0,
9154,1,0.9311258792877197,0,0,1,
9155,1,0.8432068824768066,7,7,1,
9156,1,0.8442773818969727,4,4,1,
9157,1,0.8949484825134277,9,9,1,
9158,1,0.7797501087188721,0,0,1,
9159,1,0.8896186351776123,8,8,1,
9160,1,0.7957022190093994,7,2,0,
9161,1,0.9173538684844971,1,1,1,
9162,1,0.8701393604278564,0,0,1,
9163,1,0.889150857925415,5,5,1,
9164,1,0.8698909282684326,3,3,1,
9165,1,0.8832697868347168,7,7,1,
9166,1,0.8325750827789307,1,1,1,
9167,1,0.8874521255493164,2,2,1,
9168,1,0.847031831741333,0,0,1,
9169,1,0.8973324298858643,5,5,1,
9170,1,0.8257813453674316,5,6,0,
9171,1,0.9304585456848145,9,9,1,
9172,1,0.8224449157714844,4,4,1,
9173,1,0.891312837600708,3,3,1,
9174,1,0.8283355236053467,3,3,1,
9175,1,0.8543779850006104,3,3,1,
9176,1,0.8809366226196289,9,9,1,
9177,1,0.9366195201873779,1,1,1,
9178,1,0.8424844741821289,9,9,1,
9179,1,0.8174502849578857,1,1,1,
9180,1,0.8359370231628418,7,7,1,
9181,1,0.7514808177947998,9,1,0,
9182,1,0.8707196712493896,8,8,1,
9183,1,0.8898599147796631,1,1,1,
9184,1,0.7856361865997314,9,9,1,
9185,1,0.8406755924224854,1,1,1,
9186,1,0.8864905834197998,4,4,1,
9187,1,0.9439172744750977,4,4,1,
9188,1,0.8608071804046631,1,1,1,
9189,1,0.8504412174224854,9,9,1,
9190,1,0.8857583999633789,0,0,1,
9191,1,0.8004937171936035,6,6,1,
9192,1,0.8873231410980225,7,7,1,
9193,1,0.907820463180542,9,9,1,
9194,1,0.8637678623199463,0,0,1,
9195,1,0.9483616352081299,0,0,1,
9196,1,0.8725881576538086,2,2,1,
9197,1,0.8449423313140869,1,1,1,
9198,1,0.837235689163208,6,6,1,
9199,1,0.8491954803466797,2,2,1,
9200,1,0.9163687229156494,9,9,1,
9201,1,0.8628017902374268,5,5,1,
9202,1,0.8114678859710693,9,9,1,
9203,1,0.7829725742340088,5,5,1,
9204,1,0.88828444480896,4,4,1,
9205,1,0.7959015369415283,2,3,0,
9206,1,0.8894004821777344,9,9,1,
9207,1,0.8072187900543213,2,2,1,
9208,1,0.8878288269042969,5,3,0,
9209,1,0.8699593544006348,4,4,1,
9210,1,0.7999026775360107,6,6,1,
9211,1,0.8249688148498535,9,9,1,
9212,1,0.7117128372192383,1,1,1,
9213,1,0.8405306339263916,1,1,1,
9214,1,0.8288393020629883,6,6,1,
9215,1,0.8147432804107666,2,2,1,
9216,1,0.9128291606903076,4,4,1,
9217,1,0.8462059497833252,1,1,1,
9218,1,0.8167991638183594,8,8,1,
9219,1,0.8580799102783203,3,3,1,
9220,1,0.8632287979125977,2,4,0,
9221,1,0.8959579467773438,8,8,1,
9222,1,0.7889947891235352,2,2,1,
9223,1,0.8656244277954102,3,3,1,
9224,1,0.8221049308776855,1,1,1,
9225,1,0.8916993141174316,4,4,1,
9226,1,0.9821474552154541,5,5,1,
9227,1,0.8852577209472656,2,0,0,
9228,1,0.8371105194091797,0,0,1,
9229,1,0.881216287612915,1,1,1,
9230,1,0.7759120464324951,8,8,1,
9231,1,0.8864507675170898,5,3,0,
9232,1,0.8309376239776611,4,4,1,
9233,1,0.8342106342315674,4,4,1,
9234,1,0.8657495975494385,5,7,0,
9235,1,0.7919609546661377,2,2,1,
9236,1,0.8724620342254639,9,9,1,
9237,1,0.8437249660491943,9,9,1,
9238,1,0.8253116607666016,8,8,1,
9239,1,0.8450298309326172,2,2,1,
9240,1,0.8835179805755615,6,6,1,
9241,1,0.8338840007781982,1,1,1,
9242,1,0.779247522354126,0,0,1,
9243,1,0.8501546382904053,2,2,1,
9244,1,0.9293715953826904,9,3,0,
9245,1,0.8376436233520508,2,2,1,
9246,1,0.889519214630127,2,2,1,
9247,1,0.8949868679046631,3,3,1,
9248,1,0.8343925476074219,2,2,1,
9249,1,0.8489859104156494,8,8,1,
9250,1,0.7865071296691895,5,3,0,
9251,1,0.9000864028930664,3,3,1,
9252,1,0.8844537734985352,2,2,1,
9253,1,0.793163537979126,0,0,1,
9254,1,0.8358216285705566,4,4,1,
9255,1,0.8909139633178711,0,8,0,
9256,1,0.8755381107330322,9,9,1,
9257,1,0.8436763286590576,4,4,1,
9258,1,0.8374125957489014,9,9,1,
9259,1,0.7974386215209961,2,2,1,
9260,1,0.8858296871185303,2,2,1,
9261,1,0.8348348140716553,0,0,1,
9262,1,0.792755126953125,4,4,1,
9263,1,0.9338245391845703,8,8,1,
9264,1,0.8273544311523438,5,5,1,
9265,1,0.8704943656921387,1,1,1,
9266,1,0.8889868259429932,5,5,1,
9267,1,0.8361387252807617,9,9,1,
9268,1,0.8294651508331299,5,4,0,
9269,1,0.79978346824646,0,2,0,
9270,1,0.9099671840667725,9,9,1,
9271,1,0.8498029708862305,6,6,1,
9272,1,0.8871500492095947,5,4,0,
9273,1,0.7893753051757812,6,6,1,
9274,1,0.8901376724243164,2,4,0,
9275,1,0.8480446338653564,5,6,0,
9276,1,0.8859786987304688,2,2,1,
9277,1,0.8947014808654785,7,7,1,
9278,1,0.8572962284088135,7,7,1,
9279,1,0.8591976165771484,7,7,1,
9280,1,0.869692325592041,7,7,1,
9281,1,0.7940664291381836,1,1,1,
9282,1,0.8352746963500977,5,5,1,
9283,1,0.8834149837493896,1,1,1,
9284,1,0.8823294639587402,1,1,1,
9285,1,0.8061168193817139,1,1,1,
9286,1,0.8737602233886719,5,4,0,
9287,1,0.8439078330993652,9,9,1,
9288,1,0.8344266414642334,2,2,1,
9289,1,0.8653030395507812,0,0,1,
9290,1,0.9036033153533936,7,7,1,
9291,1,0.82192063331604,8,8,1,
9292,1,0.900010347366333,4,4,1,
9293,1,0.9230706691741943,1,1,1,
9294,1,0.8450446128845215,8,8,1,
9295,1,0.8561434745788574,5,3,0,
9296,1,0.8438587188720703,0,0,1,
9297,1,0.8048110008239746,3,3,1,
9298,1,0.8460578918457031,0,0,1,
9299,1,0.8945019245147705,1,1,1,
9300,1,0.8496296405792236,0,0,1,
9301,1,0.837332010269165,2,2,1,
9302,1,0.8151199817657471,7,7,1,
9303,1,0.856102705001831,3,3,1,
9304,1,0.8366303443908691,0,0,1,
9305,1,0.846118688583374,3,3,1,
9306,1,0.8376283645629883,0,0,1,
9307,1,0.8345768451690674,2,2,1,
9308,1,0.8444523811340332,2,2,1,
9309,1,0.8050475120544434,5,3,0,
9310,1,0.8563811779022217,0,0,1,
9311,1,0.896165132522583,5,5,1,
9312,1,0.8872382640838623,6,6,1,
9313,1,0.8388447761535645,0,2,0,
9314,1,0.8823301792144775,1,1,1,
9315,1,0.7896766662597656,4,2,0,
9316,1,0.8244161605834961,6,6,1,
9317,1,0.8496391773223877,6,6,1,
9318,1,0.882702112197876,0,8,0,
9319,1,0.8464164733886719,6,6,1,
9320,1,0.7848572731018066,9,9,1,
9321,1,0.8033874034881592,6,6,1,
9322,1,0.9224505424499512,1,1,1,
9323,1,0.8921630382537842,2,2,1,
9324,1,0.830486536026001,5,5,1,
9325,1,0.9229598045349121,3,3,1,
9326,1,0.836655855178833,2,2,1,
9327,1,0.8005480766296387,8,9,0,
9328,1,0.8316364288330078,5,5,1,
9329,1,0.9045302867889404,7,7,1,
9330,1,0.7894904613494873,5,5,1,
9331,1,0.8693115711212158,3,3,1,
9332,1,0.8295152187347412,4,4,1,
9333,1,0.801025390625,1,1,1,
9334,1,0.842989444732666,9,9,1,
9335,1,0.8933396339416504,9,9,1,
9336,1,0.8337233066558838,0,0,1,
9337,1,0.8431994915008545,7,6,0,
9338,1,0.8289661407470703,8,8,1,
9339,1,0.8036952018737793,3,3,1,
9340,1,0.9732730388641357,6,6,1,
9341,1,0.9352540969848633,3,3,1,
9342,1,0.7932817935943604,7,7,1,
9343,1,0.898411750793457,3,3,1,
9344,1,0.8392829895019531,7,7,1,
9345,1,0.8427436351776123,2,2,1,
9346,1,0.8328268527984619,5,5,1,
9347,1,0.844749927520752,2,2,1,
9348,1,0.8701107501983643,1,0,0,
9349,1,0.8911516666412354,4,7,0,
9350,1,0.88720703125,6,6,1,
9351,1,0.9438967704772949,9,9,1,
9352,1,0.8293499946594238,5,5,1,
9353,1,0.8532378673553467,4,4,1,
9354,1,0.7824969291687012,1,1,1,
9355,1,0.9382269382476807,0,0,1,
9356,1,0.8916172981262207,9,9,1,
9357,1,0.7695887088775635,0,0,1,
9358,1,0.9181935787200928,8,8,1,
9359,1,0.9405779838562012,5,5,1,
9360,1,0.8496074676513672,6,6,1,
9361,1,0.7386751174926758,2,2,1,
9362,1,0.8564338684082031,0,0,1,
9363,1,0.8896939754486084,7,7,1,
9364,1,0.8996658325195312,8,8,1,
9365,1,0.798095703125,2,7,0,
9366,1,0.8424177169799805,7,7,1,
9367,1,0.8426001071929932,5,5,1,
9368,1,0.8869531154632568,9,9,1,
9369,1,0.886695146560669,3,2,0,
9370,1,0.8438529968261719,6,6,1,
9371,1,0.8646697998046875,8,8,1,
9372,1,0.7788119316101074,4,4,1,
9373,1,0.8360781669616699,7,7,1,
9374,1,0.8806800842285156,4,3,0,
9375,1,0.8820176124572754,3,3,1,
9376,1,0.8364574909210205,3,3,1,
9377,1,0.8411200046539307,2,2,1,
9378,1,0.8315281867980957,4,6,0,
9379,1,0.8436932563781738,5,5,1,
9380,1,0.7884271144866943,5,5,1,
9381,1,0.7994682788848877,8,8,1,
9382,1,0.8874473571777344,5,5,1,
9383,1,0.8125426769256592,7,7,1,
9384,1,0.9227030277252197,5,5,1,
9385,1,0.8112044334411621,5,5,1,
9386,1,0.8378450870513916,5,5,1,
9387,1,0.8926081657409668,2,6,0,
9388,1,0.829120397567749,7,4,0,
9389,1,0.7451298236846924,0,0,1,
9390,1,0.8765733242034912,0,0,1,
9391,1,0.7462649345397949,8,8,1,
9392,1,0.8316476345062256,2,2,1,
9393,1,0.8813059329986572,5,5,1,
9394,1,0.8375589847564697,3,3,1,
9395,1,0.7976894378662109,8,8,1,
9396,1,0.8306946754455566,8,8,1,
9397,1,0.8382644653320312,1,1,1,
9398,1,0.9092953205108643,6,6,1,
9399,1,0.8630785942077637,1,1,1,
9400,1,0.851125955581665,2,2,1,
9401,1,0.9110100269317627,7,7,1,
9402,1,0.7368342876434326,6,6,1,
9403,1,0.9174473285675049,7,7,1,
9404,1,0.8399558067321777,8,8,1,
9405,1,0.7938075065612793,2,2,1,
9406,1,0.8802838325500488,8,8,1,
9407,1,0.8451964855194092,6,6,1,
9408,1,0.8305730819702148,1,1,1,
9409,1,0.84700608253479,5,5,1,
9410,1,0.7905306816101074,7,7,1,
9411,1,0.921405553817749,7,7,1,
9412,1,0.8281710147857666,3,3,1,
9413,1,0.8469009399414062,9,9,1,
9414,1,0.8330671787261963,1,1,1,
9415,1,0.8457961082458496,4,4,1,
9416,1,0.9031667709350586,3,3,1,
9417,1,0.7986936569213867,0,0,1,
9418,1,0.8587164878845215,7,7,1,
9419,1,0.8589661121368408,1,1,1,
9420,1,0.7965161800384521,4,7,0,
9421,1,0.8394372463226318,1,1,1,
9422,1,0.8757064342498779,5,5,1,
9423,1,0.8863270282745361,6,6,1,
9424,1,0.7808346748352051,6,6,1,
9425,1,0.9266636371612549,1,1,1,
9426,1,0.7371580600738525,9,9,1,
9427,1,0.9343352317810059,7,7,1,
9428,1,0.8366572856903076,1,1,1,
9429,1,0.8457865715026855,9,9,1,
9430,1,0.8332014083862305,3,3,1,
9431,1,0.8875224590301514,3,3,1,
9432,1,0.8425967693328857,6,6,1,
9433,1,0.9033570289611816,5,5,1,
9434,1,0.7985193729400635,9,9,1,
9435,1,0.8784210681915283,6,6,1,
9436,1,0.9345266819000244,0,2,0,
9437,1,0.8038856983184814,8,8,1,
9438,1,0.935971736907959,1,1,1,
9439,1,0.8942158222198486,6,6,1,
9440,1,0.8997533321380615,1,1,1,
9441,1,0.8689310550689697,6,6,1,
9442,1,0.8653745651245117,2,2,1,
9443,1,0.8585472106933594,4,4,1,
9444,1,0.8780698776245117,2,4,0,
9445,1,0.8419661521911621,1,9,0,
9446,1,0.8789873123168945,7,7,1,
9447,1,0.8536472320556641,8,8,1,
9448,1,0.8586196899414062,5,5,1,
9449,1,0.8830196857452393,0,0,1,
9450,1,0.8898272514343262,4,4,1,
9451,1,0.8475849628448486,4,4,1,
9452,1,0.8358900547027588,5,5,1,
9453,1,0.9381551742553711,5,5,1,
9454,1,0.8751630783081055,5,2,0,
9455,1,0.8916897773742676,0,0,1,
9456,1,0.877047061920166,7,7,1,
9457,1,0.882476806640625,9,9,1,
9458,1,0.7713596820831299,3,3,1,
9459,1,0.8641729354858398,0,0,1,
9460,1,0.9327216148376465,2,2,1,
9461,1,0.880925178527832,8,8,1,
9462,1,0.8356435298919678,9,9,1,
9463,1,0.8716895580291748,3,3,1,
9464,1,0.8510239124298096,2,2,1,
9465,1,0.8553109169006348,0,0,1,
9466,1,0.879753589630127,8,8,1,
9467,1,0.8674578666687012,4,4,1,
9468,1,0.8570377826690674,2,2,1,
9469,1,0.7986545562744141,3,5,0,
9470,1,0.8371443748474121,9,9,1,
9471,1,0.9489316940307617,7,7,1,
9472,1,0.7917826175689697,4,4,1,
9473,1,0.848059892654419,6,6,1,
9474,1,0.836341381072998,0,0,1,
9475,1,0.8458480834960938,4,4,1,
9476,1,0.8304553031921387,2,2,1,
9477,1,0.951113224029541,2,2,1,
9478,1,0.9271223545074463,5,5,1,
9479,1,0.8910071849822998,2,2,1,
9480,1,0.8327181339263916,2,2,1,
9481,1,0.9335696697235107,8,8,1,
9482,1,0.936753511428833,5,5,1,
9483,1,0.8316984176635742,5,3,0,
9484,1,0.8315482139587402,8,8,1,
9485,1,0.8183362483978271,7,7,1,
9486,1,0.9275543689727783,4,4,1,
9487,1,0.853295087814331,4,4,1,
9488,1,0.8418247699737549,5,5,1,
9489,1,0.9018614292144775,1,1,1,
9490,1,0.8792860507965088,9,9,1,
9491,1,0.8677783012390137,6,6,1,
9492,1,0.9424679279327393,4,4,1,
9493,1,0.8067054748535156,4,4,1,
9494,1,0.9761962890625,1,1,1,
9495,1,0.7970860004425049,6,6,1,
9496,1,0.8632221221923828,9,9,1,
9497,1,0.8406453132629395,3,3,1,
9498,1,0.8888072967529297,4,4,1,
9499,1,0.8943872451782227,3,3,1,
9500,1,0.8798379898071289,8,8,1,
9501,1,0.8493061065673828,0,0,1,
9502,1,0.8401675224304199,8,8,1,
9503,1,0.8704824447631836,8,8,1,
9504,1,0.8555684089660645,1,9,0,
9505,1,0.8456602096557617,4,4,1,
9506,1,0.9315240383148193,1,1,1,
9507,1,0.8426628112792969,9,9,1,
9508,1,0.8309452533721924,9,1,0,
9509,1,0.8535342216491699,5,5,1,
9510,1,0.8428008556365967,0,2,0,
9511,1,0.8234870433807373,9,9,1,
9512,1,0.8454115390777588,7,7,1,
9513,1,0.8930714130401611,3,3,1,
9514,1,0.8812854290008545,1,1,1,
9515,1,0.8409461975097656,2,2,1,
9516,1,0.8375208377838135,1,1,1,
9517,1,0.8508341312408447,3,3,1,
9518,1,0.8719851970672607,6,6,1,
9519,1,0.8048357963562012,4,4,1,
9520,1,0.8845663070678711,1,1,1,
9521,1,0.8561289310455322,9,9,1,
9522,1,0.8742129802703857,2,2,1,
9523,1,0.8487122058868408,1,1,1,
9524,1,0.8286423683166504,0,7,0,
9525,1,0.8898098468780518,0,0,1,
9526,1,0.7936601638793945,2,2,1,
9527,1,0.8403527736663818,3,3,1,
9528,1,0.9346144199371338,1,1,1,
9529,1,0.8423335552215576,3,4,0,
9530,1,0.7865583896636963,9,9,1,
9531,1,0.9011147022247314,1,1,1,
9532,1,0.7849531173706055,3,6,0,
9533,1,0.8389339447021484,7,7,1,
9534,1,0.787308931350708,6,6,1,
9535,1,0.8518555164337158,5,5,1,
9536,1,0.831568717956543,5,5,1,
9537,1,0.8922791481018066,4,4,1,
9538,1,0.8309831619262695,2,2,1,
9539,1,0.7964956760406494,0,0,1,
9540,1,0.7868952751159668,2,2,1,
9541,1,0.8453536033630371,3,6,0,
9542,1,0.859874963760376,0,0,1,
9543,1,0.8977363109588623,7,7,1,
9544,1,0.9125158786773682,6,6,1,
9545,1,0.8150749206542969,8,8,1,
9546,1,0.8901467323303223,5,3,0,
9547,1,0.8725707530975342,9,9,1,
9548,1,0.8350160121917725,2,2,1,
9549,1,0.8396036624908447,3,3,1,
9550,1,0.8136909008026123,9,9,1,
9551,1,0.8955128192901611,5,3,0,
9552,1,0.739504337310791,6,6,1,
9553,1,0.8438305854797363,2,2,1,
9554,1,0.8499476909637451,2,2,1,
9555,1,0.7617886066436768,2,2,1,
9556,1,0.8501389026641846,2,2,1,
9557,1,0.8704302310943604,9,9,1,
9558,1,0.7938978672027588,5,6,0,
9559,1,0.8163735866546631,2,2,1,
9560,1,0.8055150508880615,9,9,1,
9561,1,0.8831236362457275,2,3,0,
9562,1,0.8373968601226807,0,0,1,
9563,1,0.8930914402008057,3,3,1,
9564,1,0.7872881889343262,5,3,0,
9565,1,0.9371230602264404,9,9,1,
9566,1,0.7904050350189209,4,2,0,
9567,1,0.8022050857543945,6,6,1,
9568,1,0.8447284698486328,6,6,1,
9569,1,0.7908873558044434,3,5,0,
9570,1,0.8498842716217041,8,8,1,
9571,1,0.9093120098114014,1,1,1,
9572,1,0.7980856895446777,7,3,0,
9573,1,0.8228416442871094,0,0,1,
9574,1,0.7905337810516357,4,4,1,
9575,1,0.8424468040466309,4,4,1,
9576,1,0.9120547771453857,6,6,1,
9577,1,0.8628983497619629,3,3,1,
9578,1,0.8174655437469482,9,9,1,
9579,1,0.7944118976593018,4,4,1,
9580,1,0.8005850315093994,5,3,0,
9581,1,0.8555505275726318,1,1,1,
9582,1,0.8873181343078613,2,2,1,
9583,1,0.8561997413635254,7,7,1,
9584,1,0.8828408718109131,5,3,0,
9585,1,0.7905588150024414,7,7,1,
9586,1,0.8370792865753174,1,1,1,
9587,1,0.8631892204284668,1,1,1,
9588,1,0.8953635692596436,3,3,1,
9589,1,0.8403327465057373,5,3,0,
9590,1,0.8316187858581543,9,9,1,
9591,1,0.8498432636260986,0,0,1,
9592,1,0.8141326904296875,5,5,1,
9593,1,0.8041987419128418,5,3,0,
9594,1,0.8112452030181885,9,9,1,
9595,1,0.8817346096038818,4,4,1,
9596,1,0.7864711284637451,4,4,1,
9597,1,0.9337508678436279,9,9,1,
9598,1,0.8275301456451416,5,6,0,
9599,1,0.7959909439086914,5,5,1,
9600,1,0.8819482326507568,6,6,1,
9601,1,0.8953514099121094,7,7,1,
9602,1,0.8293111324310303,7,7,1,
9603,1,0.8509540557861328,6,6,1,
9604,1,0.9184622764587402,7,7,1,
9605,1,0.8473715782165527,2,2,1,
9606,1,0.884990930557251,3,3,1,
9607,1,0.8408713340759277,8,8,1,
9608,1,0.7874341011047363,3,3,1,
9609,1,0.8864130973815918,9,9,1,
9610,1,0.7886126041412354,8,8,1,
9611,1,0.9133782386779785,1,1,1,
9612,1,0.8463096618652344,8,8,1,
9613,1,0.8852927684783936,2,2,1,
9614,1,0.8366239070892334,9,9,1,
9615,1,0.843904972076416,1,1,1,
9616,1,0.8877654075622559,5,5,1,
9617,1,0.8019068241119385,2,2,1,
9618,1,0.927213191986084,8,8,1,
9619,1,0.8674454689025879,2,2,1,
9620,1,0.8421094417572021,3,3,1,
9621,1,0.8897726535797119,3,3,1,
9622,1,0.8365194797515869,1,1,1,
9623,1,0.840381383895874,9,9,1,
9624,1,0.7938542366027832,6,6,1,
9625,1,0.7977631092071533,8,8,1,
9626,1,0.8456220626831055,3,3,1,
9627,1,0.8067080974578857,4,4,1,
9628,1,0.8693513870239258,4,4,1,
9629,1,0.8025827407836914,7,7,1,
9630,1,0.884667158126831,9,9,1,
9631,1,0.8462576866149902,9,9,1,
9632,1,0.8333604335784912,1,1,1,
9633,1,0.8004796504974365,6,6,1,
9634,1,0.8313474655151367,8,8,1,
9635,1,0.7807352542877197,8,8,1,
9636,1,0.804412841796875,4,4,1,
9637,1,0.8378820419311523,7,4,0,
9638,1,0.8790981769561768,6,6,1,
9639,1,0.799475908279419,5,5,1,
9640,1,0.8870422840118408,2,2,1,
9641,1,0.8434500694274902,4,4,1,
9642,1,0.7850449085235596,3,3,1,
9643,1,0.924147367477417,2,2,1,
9644,1,0.8366010189056396,7,7,1,
9645,1,0.8427853584289551,1,1,1,
9646,1,0.7968833446502686,9,9,1,
9647,1,0.9351072311401367,9,9,1,
9648,1,0.8712019920349121,6,6,1,
9649,1,0.9429311752319336,3,3,1,
9650,1,0.8311693668365479,3,3,1,
9651,1,0.8854625225067139,8,8,1,
9652,1,0.7851781845092773,1,1,1,
9653,1,0.8010616302490234,7,7,1,
9654,1,0.8607420921325684,2,2,1,
9655,1,0.8422932624816895,5,5,1,
9656,1,0.8364343643188477,0,0,1,
9657,1,0.9342904090881348,7,7,1,
9658,1,0.8602931499481201,7,7,1,
9659,1,0.7989819049835205,5,5,1,
9660,1,0.8360469341278076,0,0,1,
9661,1,0.8675491809844971,8,8,1,
9662,1,0.9050705432891846,5,5,1,
9663,1,0.8449926376342773,5,3,0,
9664,1,0.827268123626709,2,2,1,
9665,1,0.8870251178741455,8,8,1,
9666,1,0.7904515266418457,9,9,1,
9667,1,0.8488688468933105,4,4,1,
9668,1,0.8783659934997559,4,4,1,
9669,1,0.930060863494873,2,2,1,
9670,1,0.7942991256713867,5,3,0,
9671,1,0.8386263847351074,6,6,1,
9672,1,0.8844554424285889,0,0,1,
9673,1,0.8350088596343994,9,9,1,
9674,1,0.8752806186676025,2,3,0,
9675,1,0.8716182708740234,5,5,1,
9676,1,0.7955923080444336,0,0,1,
9677,1,0.8530809879302979,7,7,1,
9678,1,0.8414168357849121,8,8,1,
9679,1,0.8800020217895508,3,2,0,
9680,1,0.86045241355896,6,6,1,
9681,1,0.7677032947540283,6,6,1,
9682,1,0.8667137622833252,4,4,1,
9683,1,0.8571019172668457,1,1,1,
9684,1,0.8429415225982666,5,3,0,
9685,1,0.7766599655151367,2,2,1,
9686,1,0.8837969303131104,1,1,1,
9687,1,0.833977222442627,5,5,1,
9688,1,0.8386538028717041,8,8,1,
9689,1,0.8920252323150635,4,4,1,
9690,1,0.8640105724334717,2,2,1,
9691,1,0.899824857711792,1,1,1,
9692,1,0.8796882629394531,8,8,1,
9693,1,0.855959415435791,2,2,1,
9694,1,0.81292724609375,9,9,1,
9695,1,0.8275818824768066,5,5,1,
9696,1,0.8529119491577148,1,1,1,
9697,1,0.7988359928131104,4,4,1,
9698,1,0.888787031173706,8,8,1,
9699,1,0.9382219314575195,1,1,1,
9700,1,0.7827210426330566,0,0,1,
9701,1,0.8945291042327881,8,8,1,
9702,1,0.7835114002227783,1,1,1,
9703,1,0.9390249252319336,8,8,1,
9704,1,0.8281776905059814,8,8,1,
9705,1,0.8468561172485352,5,5,1,
9706,1,0.8866322040557861,5,5,1,
9707,1,0.818286657333374,4,2,0,
9708,1,0.818418025970459,3,3,1,
9709,1,0.9127018451690674,6,6,1,
9710,1,0.894819974899292,4,4,1,
9711,1,0.8925919532775879,6,6,1,
9712,1,0.8051695823669434,8,8,1,
9713,1,0.9098827838897705,0,0,1,
9714,1,0.7541415691375732,8,8,1,
9715,1,0.8394231796264648,1,1,1,
9716,1,0.8548595905303955,0,0,1,
9717,1,0.9384596347808838,3,3,1,
9718,1,0.7932817935943604,9,9,1,
9719,1,0.8331084251403809,7,7,1,
9720,1,0.8277328014373779,0,0,1,
9721,1,0.7968456745147705,2,2,1,
9722,1,0.8998644351959229,7,7,1,
9723,1,0.8587636947631836,5,3,0,
9724,1,0.8484952449798584,8,8,1,
9725,1,0.8389451503753662,1,1,1,
9726,1,0.7904016971588135,1,1,1,
9727,1,0.8431475162506104,7,7,1,
9728,1,0.8978774547576904,4,4,1,
9729,1,0.8320257663726807,8,8,1,
9730,1,0.8994698524475098,9,9,1,
9731,1,0.7426066398620605,1,1,1,
9732,1,0.844942569732666,9,9,1,
9733,1,0.8697464466094971,5,5,1,
9734,1,0.8869760036468506,9,9,1,
9735,1,0.797766923904419,1,1,1,
9736,1,0.8473026752471924,0,0,1,
9737,1,0.7964997291564941,7,7,1,
9738,1,0.8920202255249023,1,1,1,
9739,1,0.8021674156188965,1,1,1,
9740,1,0.9272081851959229,4,5,0,
9741,1,0.811814546585083,4,4,1,
9742,1,0.8461623191833496,7,7,1,
9743,1,0.8778600692749023,9,9,1,
9744,1,0.9388887882232666,2,2,1,
9745,1,0.8883304595947266,8,8,1,
9746,1,0.8379924297332764,7,7,1,
9747,1,0.8336648941040039,4,4,1,
9748,1,0.8742311000823975,6,6,1,
9749,1,0.8606634140014648,1,1,1,
9750,1,0.8911933898925781,0,0,1,
9751,1,0.8242647647857666,9,9,1,
9752,1,0.8470292091369629,9,9,1,
9753,1,0.8405406475067139,7,7,1,
9754,1,0.8707339763641357,4,4,1,
9755,1,0.8755338191986084,1,1,1,
9756,1,0.9921798706054688,6,6,1,
9757,1,0.881131649017334,3,3,1,
9758,1,0.784435510635376,5,5,1,
9759,1,0.820753812789917,6,6,1,
9760,1,0.7998776435852051,0,0,1,
9761,1,0.746598482131958,3,3,1,
9762,1,0.925971269607544,7,7,1,
9763,1,0.7928142547607422,6,2,0,
9764,1,0.8838655948638916,8,8,1,
9765,1,0.8796322345733643,8,8,1,
9766,1,0.918738603591919,3,3,1,
9767,1,0.858273983001709,7,7,1,
9768,1,0.9228000640869141,9,9,1,
9769,1,0.8456680774688721,8,8,1,
9770,1,0.8339874744415283,9,9,1,
9771,1,0.8933494091033936,4,4,1,
9772,1,0.8650796413421631,9,9,1,
9773,1,0.8356342315673828,8,8,1,
9774,1,0.8335442543029785,5,5,1,
9775,1,0.8780598640441895,5,5,1,
9776,1,0.876945972442627,4,5,0,
9777,1,0.8532946109771729,9,3,0,
9778,1,0.841306209564209,8,8,1,
9779,1,0.8928172588348389,4,4,1,
9780,1,0.9257552623748779,0,0,1,
9781,1,0.8330457210540771,6,6,1,
9782,1,0.8655200004577637,9,9,1,
9783,1,0.8351805210113525,9,9,1,
9784,1,0.9319467544555664,3,3,1,
9785,1,0.8741486072540283,8,8,1,
9786,1,0.8920071125030518,9,9,1,
9787,1,0.7861919403076172,4,4,1,
9788,1,0.891667366027832,3,3,1,
9789,1,0.8346719741821289,0,0,1,
9790,1,0.838362455368042,4,4,1,
9791,1,0.8373522758483887,7,7,1,
9792,1,0.9438350200653076,6,6,1,
9793,1,0.836799144744873,4,4,1,
9794,1,0.8610665798187256,6,6,1,
9795,1,0.8379518985748291,7,7,1,
9796,1,0.8426969051361084,8,8,1,
9797,1,0.8849225044250488,0,0,1,
9798,1,0.8706314563751221,4,4,1,
9799,1,0.8918354511260986,8,8,1,
9800,1,0.791172981262207,8,8,1,
9801,1,0.8321640491485596,5,5,1,
9802,1,0.8016085624694824,6,6,1,
9803,1,0.8351967334747314,1,1,1,
9804,1,0.8971676826477051,4,4,1,
9805,1,0.8778305053710938,2,2,1,
9806,1,0.8880879878997803,6,6,1,
9807,1,0.8300187587738037,8,8,1,
9808,1,0.7990937232971191,6,6,1,
9809,1,0.8362734317779541,9,9,1,
9810,1,0.870830774307251,2,6,0,
9811,1,0.8489484786987305,2,2,1,
9812,1,0.7522764205932617,3,3,1,
9813,1,0.7833964824676514,7,7,1,
9814,1,0.9012460708618164,2,2,1,
9815,1,0.8317553997039795,9,0,0,
9816,1,0.799213171005249,0,0,1,
9817,1,0.8394725322723389,5,6,0,
9818,1,0.8844425678253174,1,1,1,
9819,1,0.8767895698547363,2,2,1,
9820,1,0.800217866897583,2,2,1,
9821,1,0.8822836875915527,5,3,0,
9822,1,0.8853282928466797,2,2,1,
9823,1,0.7850241661071777,9,9,1,
9824,1,0.7982089519500732,5,5,1,
9825,1,0.8810052871704102,2,2,1,
9826,1,0.8104953765869141,2,0,0,
9827,1,0.821298360824585,4,4,1,
9828,1,0.8439030647277832,2,2,1,
9829,1,0.7899303436279297,8,8,1,
9830,1,0.8111686706542969,2,2,1,
9831,1,0.858119010925293,6,6,1,
9832,1,0.7948489189147949,2,2,1,
9833,1,0.9052495956420898,7,7,1,
9834,1,0.8157227039337158,5,5,1,
9835,1,0.776771068572998,0,0,1,
9836,1,0.7974386215209961,7,7,1,
9837,1,0.9276795387268066,4,4,1,
9838,1,0.8876001834869385,5,5,1,
9839,1,0.7836437225341797,7,7,1,
9840,1,0.8495500087738037,8,8,1,
9841,1,0.8242263793945312,0,0,1,
9842,1,0.8399536609649658,6,6,1,
9843,1,0.8405826091766357,1,1,1,
9844,1,0.8447573184967041,7,7,1,
9845,1,0.8800182342529297,2,2,1,
9846,1,0.7482790946960449,6,6,1,
9847,1,0.9250736236572266,7,7,1,
9848,1,0.8517343997955322,5,5,1,
9849,1,0.8332698345184326,3,3,1,
9850,1,0.8409328460693359,5,5,1,
9851,1,0.9213306903839111,5,5,1,
9852,1,0.7381317615509033,2,2,1,
9853,1,0.8431997299194336,8,8,1,
9854,1,0.8382055759429932,3,3,1,
9855,1,0.8825316429138184,0,0,1,
9856,1,0.8454165458679199,8,8,1,
9857,1,0.9330964088439941,9,9,1,
9858,1,0.8806788921356201,4,4,1,
9859,1,0.7423028945922852,7,7,1,
9860,1,0.8416540622711182,5,5,1,
9861,1,0.8194553852081299,3,3,1,
9862,1,0.8357522487640381,3,3,1,
9863,1,0.9118304252624512,8,8,1,
9864,1,0.892247200012207,9,1,0,
9865,1,0.839472770690918,7,7,1,
9866,1,0.9477918148040771,4,4,1,
9867,1,0.842841386795044,5,5,1,
9868,1,0.7970597743988037,0,0,1,
9869,1,0.8446838855743408,3,5,0,
9870,1,0.8464670181274414,9,9,1,
9871,1,0.8398945331573486,2,2,1,
9872,1,0.8943109512329102,5,5,1,
9873,1,0.7928924560546875,8,8,1,
9874,1,0.8449916839599609,0,3,0,
9875,1,0.8343126773834229,7,4,0,
9876,1,0.8002095222473145,4,4,1,
9877,1,0.8342757225036621,7,7,1,
9878,1,0.9876985549926758,5,5,1,
9879,1,0.8264632225036621,3,3,1,
9880,1,0.846137523651123,3,3,1,
9881,1,0.8407480716705322,7,3,0,
9882,1,0.8410851955413818,7,4,0,
9883,1,0.8348531723022461,7,7,1,
9884,1,0.9152581691741943,5,5,1,
9885,1,0.8404581546783447,6,6,1,
9886,1,0.9009959697723389,8,8,1,
9887,1,0.8333711624145508,5,3,0,
9888,1,0.8570621013641357,2,2,1,
9889,1,0.8678698539733887,8,8,1,
9890,1,0.8372876644134521,3,3,1,
9891,1,0.877845287322998,1,1,1,
9892,1,0.8922519683837891,4,4,1,
9893,1,0.9381494522094727,8,8,1,
9894,1,0.8978879451751709,1,1,1,
9895,1,0.8315436840057373,0,0,1,
9896,1,0.8228435516357422,7,7,1,
9897,1,0.848912239074707,2,2,1,
9898,1,0.8657870292663574,6,6,1,
9899,1,0.8637652397155762,1,1,1,
9900,1,0.8425343036651611,6,6,1,
9901,1,0.8408458232879639,5,5,1,
9902,1,0.8993735313415527,3,3,1,
9903,1,0.8575711250305176,8,8,1,
9904,1,0.844717264175415,8,8,1,
9905,1,0.7437412738800049,7,7,1,
9906,1,0.8968803882598877,6,6,1,
9907,1,0.8930137157440186,4,4,1,
9908,1,0.8482413291931152,2,2,1,
9909,1,0.8418474197387695,3,3,1,
9910,1,0.8490471839904785,1,1,1,
9911,1,0.8774678707122803,0,0,1,
9912,1,0.8411471843719482,3,0,0,
9913,1,0.8333084583282471,7,7,1,
9914,1,0.8639388084411621,0,0,1,
9915,1,0.9212417602539062,8,8,1,
9916,1,0.839409589767456,9,9,1,
9917,1,0.8331055641174316,4,4,1,
9918,1,0.9020862579345703,7,7,1,
9919,1,0.8264367580413818,0,8,0,
9920,1,0.7991533279418945,3,3,1,
9921,1,0.8350429534912109,5,7,0,
9922,1,0.8767871856689453,5,5,1,
9923,1,0.9152789115905762,6,6,1,
9924,1,0.7949638366699219,5,5,1,
9925,1,0.7939040660858154,9,9,1,
9926,1,0.9444663524627686,6,6,1,
9927,1,0.8880195617675781,3,3,1,
9928,1,0.7958970069885254,5,5,1,
9929,1,0.9093649387359619,4,4,1,
9930,1,0.8080666065216064,5,3,0,
9931,1,0.7908182144165039,8,8,1,
9932,1,0.8511450290679932,1,1,1,
9933,1,0.8867318630218506,8,8,1,
9934,1,0.8427166938781738,1,1,1,
9935,1,0.8377306461334229,0,0,1,
9936,1,0.8395383358001709,5,3,0,
9937,1,0.8323302268981934,8,8,1,
9938,1,0.8436806201934814,1,0,0,
9939,1,0.8759016990661621,1,1,1,
9940,1,0.8419551849365234,5,5,1,
9941,1,0.8163111209869385,4,4,1,
9942,1,0.9081766605377197,8,8,1,
9943,1,0.7952888011932373,6,6,1,
9944,1,0.8345105648040771,2,4,0,
9945,1,0.844336986541748,5,7,0,
9946,1,0.8789997100830078,7,7,1,
9947,1,0.8424053192138672,4,4,1,
9948,1,0.7946724891662598,2,2,1,
9949,1,0.8860838413238525,5,5,1,
9950,1,0.8943424224853516,4,4,1,
9951,1,0.8733525276184082,1,1,1,
9952,1,0.8400669097900391,0,0,1,
9953,1,0.9271926879882812,5,3,0,
9954,1,0.8446919918060303,1,1,1,
9955,1,0.8298830986022949,2,2,1,
9956,1,0.8509085178375244,1,1,1,
9957,1,0.8257570266723633,8,8,1,
9958,1,0.8509314060211182,6,6,1,
9959,1,0.8776054382324219,6,6,1,
9960,1,0.8374001979827881,6,6,1,
9961,1,0.8979825973510742,2,2,1,
9962,1,0.8728249073028564,8,8,1,
9963,1,0.8870925903320312,5,4,0,
9964,1,0.7926156520843506,1,1,1,
9965,1,0.892902135848999,4,4,1,
9966,1,0.9207463264465332,1,1,1,
9967,1,0.7797505855560303,5,3,0,
9968,1,0.8437056541442871,9,2,0,
9969,1,0.8294422626495361,1,1,1,
9970,1,0.916541337966919,6,6,1,
9971,1,0.8494999408721924,6,6,1,
9972,1,0.8920660018920898,2,2,1,
9973,1,0.8294248580932617,4,4,1,
9974,1,0.8421869277954102,0,0,1,
9975,1,0.8780553340911865,9,9,1,
9976,1,0.9379396438598633,7,7,1,
9977,1,0.7575047016143799,5,5,1,
9978,1,0.8705458641052246,3,3,1,
9979,1,0.8371071815490723,4,4,1,
9980,1,0.8950221538543701,6,6,1,
9981,1,0.8756356239318848,4,4,1,
9982,1,0.8080697059631348,4,4,1,
9983,1,0.9209744930267334,9,9,1,
9984,1,0.8041396141052246,7,7,1,
9985,1,0.8292109966278076,9,9,1,
9986,1,0.9396378993988037,5,5,1,
9987,1,0.8395147323608398,0,0,1,
9988,1,0.8116011619567871,8,8,1,
9989,1,0.8661937713623047,5,3,0,
9990,1,0.8701469898223877,5,5,1,
9991,1,0.8610777854919434,4,4,1,
9992,1,0.8788235187530518,5,5,1,
9993,1,0.8842318058013916,9,9,1,
9994,1,0.8858706951141357,5,5,1,
9995,1,0.8571910858154297,2,3,0,
9996,1,0.8208937644958496,4,4,1,
9997,1,0.8069765567779541,6,6,1,
9998,1,0.9307284355163574,4,4,1,
9999,1,0.9417097568511963,6,6,1,
