model_instance_id,sample_index,batch_size,inference_time_sec,predicted_class,true_class,correct,exit_id,confidence,remote_compute_time_sec,communication_overhead_sec,communication_overhead_ratio,path,entry_worker_id,terminal_worker_id,assigned_partition_id,worker1_compute_time_sec,worker2_compute_time_sec,worker3_compute_time_sec
model_0,0,1,0.45650529861450195,4,4,1,1,0.6980289220809937,0.2802729606628418,0.17623233795166016,0.3860466428024538,worker1,worker1,worker1,0,0.2802729606628418,0.0,0.0
model_0,1,1,0.3894939422607422,0,0,1,0,0.7527434825897217,0.22655224800109863,0.16294169425964355,0.41834204997869806,worker1,worker1,worker1,0,0.22655224800109863,0.0,0.0
model_0,2,1,0.39247655868530273,0,2,0,1,0.8699676990509033,0.28701329231262207,0.10546326637268066,0.26871226838605583,worker1,worker1,worker1,0,0.28701329231262207,0.0,0.0
model_0,3,1,0.2712235450744629,7,7,1,0,0.9279646873474121,0.1859722137451172,0.0852513313293457,0.31432127806581256,worker1,worker1,worker1,0,0.1859722137451172,0.0,0.0
model_0,4,1,0.34017252922058105,7,4,0,0,0.49782252311706543,0.1868727207183838,0.15329980850219727,0.45065311080070114,worker1,worker1,worker1,0,0.1868727207183838,0.0,0.0
model_0,5,1,0.6923532485961914,2,7,0,2,0.7975831627845764,0.43271803855895996,0.25963521003723145,0.37500396013691745,worker1->worker3,worker1,worker3,0,0.2828044891357422,0.0,0.14991354942321777
model_0,6,1,0.27017879486083984,2,2,1,0,0.8525087237358093,0.18509674072265625,0.0850820541381836,0.3149101845021055,worker1,worker1,worker1,0,0.18509674072265625,0.0,0.0
model_0,7,1,0.4271204471588135,3,3,1,1,0.8648666739463806,0.2767035961151123,0.15041685104370117,0.35216495029509237,worker1,worker1,worker1,0,0.2767035961151123,0.0,0.0
model_0,8,1,0.5774400234222412,6,6,1,2,0.9996644258499146,0.42174386978149414,0.15569615364074707,0.2696317319987663,worker1->worker3,worker1,worker3,0,0.27365636825561523,0.0,0.1480875015258789
model_0,9,1,0.2798292636871338,3,3,1,0,0.9838665723800659,0.19491362571716309,0.0849156379699707,0.3034551742412172,worker1,worker1,worker1,0,0.19491362571716309,0.0,0.0
model_0,10,1,0.5638957023620605,6,2,0,2,0.5784951448440552,0.41877222061157227,0.14512348175048828,0.2573587298902818,worker1->worker3,worker1,worker3,0,0.276869535446167,0.0,0.14190268516540527
model_0,11,1,0.367326021194458,5,5,1,1,0.9914162755012512,0.2807435989379883,0.08658242225646973,0.23571001579175907,worker1,worker1,worker1,0,0.2807435989379883,0.0,0.0
model_0,12,1,0.3656589984893799,5,5,1,1,0.9855685830116272,0.2804102897644043,0.08524870872497559,0.23313718266788813,worker1,worker1,worker1,0,0.2804102897644043,0.0,0.0
model_0,13,1,0.2698392868041992,7,1,0,0,0.9370648264884949,0.18501520156860352,0.0848240852355957,0.3143503907092141,worker1,worker1,worker1,0,0.18501520156860352,0.0,0.0
model_0,14,1,0.27373218536376953,9,9,1,0,0.9981614947319031,0.19015741348266602,0.08357477188110352,0.3053158391660773,worker1,worker1,worker1,0,0.19015741348266602,0.0,0.0
model_0,15,1,0.6871492862701416,4,4,1,2,0.95637446641922,0.442385196685791,0.24476408958435059,0.3562022030364528,worker1->worker3,worker1,worker3,0,0.2891395092010498,0.0,0.1532456874847412
model_0,16,1,0.3396599292755127,4,5,0,0,0.9560789465904236,0.18795228004455566,0.15170764923095703,0.44664570694148753,worker1,worker1,worker1,0,0.18795228004455566,0.0,0.0
model_0,17,1,0.3612484931945801,7,7,1,0,0.7851971387863159,0.19668006896972656,0.16456842422485352,0.4555546315765853,worker1,worker1,worker1,0,0.19668006896972656,0.0,0.0
model_0,18,1,0.4262881278991699,3,4,0,1,0.9545087814331055,0.2858161926269531,0.1404719352722168,0.3295234515783716,worker1,worker1,worker1,0,0.2858161926269531,0.0,0.0
model_0,19,1,0.27435851097106934,8,8,1,0,0.9780875444412231,0.18813300132751465,0.08622550964355469,0.31428042577708487,worker1,worker1,worker1,0,0.18813300132751465,0.0,0.0
model_0,20,1,0.3586857318878174,3,1,0,0,0.7829423546791077,0.19974565505981445,0.15894007682800293,0.44311792384792453,worker1,worker1,worker1,0,0.19974565505981445,0.0,0.0
model_0,21,1,0.278472900390625,9,9,1,0,0.9327276349067688,0.18954038619995117,0.08893251419067383,0.3193578767123288,worker1,worker1,worker1,0,0.18954038619995117,0.0,0.0
model_0,22,1,0.34206652641296387,9,8,0,0,0.8753641247749329,0.18853974342346191,0.15352678298950195,0.4488214166976249,worker1,worker1,worker1,0,0.18853974342346191,0.0,0.0
model_0,23,1,0.4327104091644287,5,5,1,1,0.7513871788978577,0.28337740898132324,0.14933300018310547,0.3451107184397761,worker1,worker1,worker1,0,0.28337740898132324,0.0,0.0
model_0,24,1,0.28367114067077637,0,0,1,0,0.8376890420913696,0.18721222877502441,0.09645891189575195,0.34003780457773264,worker1,worker1,worker1,0,0.18721222877502441,0.0,0.0
model_0,25,1,0.2753255367279053,8,8,1,0,0.7661771774291992,0.18823671340942383,0.08708882331848145,0.3163121893939984,worker1,worker1,worker1,0,0.18823671340942383,0.0,0.0
model_0,26,1,0.34405016899108887,9,9,1,0,0.9903342127799988,0.1896378993988037,0.15441226959228516,0.44880742260668544,worker1,worker1,worker1,0,0.1896378993988037,0.0,0.0
model_0,27,1,0.5310916900634766,4,4,1,1,0.9919043183326721,0.3596456050872803,0.1714460849761963,0.32281824058611214,worker1,worker1,worker1,0,0.3596456050872803,0.0,0.0
model_0,28,1,0.2998692989349365,1,1,1,0,0.9953455328941345,0.19669866561889648,0.10317063331604004,0.3440520042647822,worker1,worker1,worker1,0,0.19669866561889648,0.0,0.0
model_0,29,1,0.36530590057373047,5,8,0,1,0.7499812245368958,0.28162288665771484,0.08368301391601562,0.22907654594296842,worker1,worker1,worker1,0,0.28162288665771484,0.0,0.0
model_0,30,1,0.2706625461578369,8,8,1,0,0.5592523813247681,0.1851027011871338,0.08555984497070312,0.3161126139735968,worker1,worker1,worker1,0,0.1851027011871338,0.0,0.0
model_0,31,1,0.3656337261199951,9,9,1,1,0.9970295429229736,0.2810382843017578,0.0845954418182373,0.23136662669480998,worker1,worker1,worker1,0,0.2810382843017578,0.0,0.0
model_0,32,1,0.3609161376953125,6,6,1,1,0.894001305103302,0.2749626636505127,0.0859534740447998,0.23815359045364223,worker1,worker1,worker1,0,0.2749626636505127,0.0,0.0
model_0,33,1,0.2710726261138916,7,7,1,0,0.9970773458480835,0.1841573715209961,0.08691525459289551,0.3206345688198628,worker1,worker1,worker1,0,0.1841573715209961,0.0,0.0
model_0,34,1,0.3638002872467041,6,4,0,1,0.6992140412330627,0.2783851623535156,0.08541512489318848,0.2347857544028432,worker1,worker1,worker1,0,0.2783851623535156,0.0,0.0
model_0,35,1,0.3600649833679199,5,5,1,1,0.9934694766998291,0.27410101890563965,0.08596396446228027,0.2387456943416266,worker1,worker1,worker1,0,0.27410101890563965,0.0,0.0
model_0,36,1,0.2705376148223877,6,6,1,0,0.934094250202179,0.1850743293762207,0.08546328544616699,0.3159016741619276,worker1,worker1,worker1,0,0.1850743293762207,0.0,0.0
model_0,37,1,0.2767200469970703,6,4,0,0,0.9315599799156189,0.18608474731445312,0.09063529968261719,0.3275342739573066,worker1,worker1,worker1,0,0.18608474731445312,0.0,0.0
model_0,38,1,0.36971163749694824,6,6,1,1,0.9894847273826599,0.2799515724182129,0.08976006507873535,0.2427839861531983,worker1,worker1,worker1,0,0.2799515724182129,0.0,0.0
model_0,39,1,0.43201494216918945,8,8,1,1,0.9682856202125549,0.2759590148925781,0.15605592727661133,0.3612280781147041,worker1,worker1,worker1,0,0.2759590148925781,0.0,0.0
model_0,40,1,0.3719301223754883,8,8,1,1,0.9562451243400574,0.2750983238220215,0.0968317985534668,0.26034943858542503,worker1,worker1,worker1,0,0.2750983238220215,0.0,0.0
model_0,41,1,0.5930371284484863,1,1,1,2,0.9428629279136658,0.4374203681945801,0.15561676025390625,0.2624064376222673,worker1->worker3,worker1,worker3,0,0.2765500545501709,0.0,0.16087031364440918
model_0,42,1,0.36997008323669434,0,0,1,1,0.9931643605232239,0.2786417007446289,0.09132838249206543,0.24685342580426056,worker1,worker1,worker1,0,0.2786417007446289,0.0,0.0
model_0,43,1,0.2815561294555664,1,1,1,0,0.9653748273849487,0.1968221664428711,0.08473396301269531,0.30094874217990536,worker1,worker1,worker1,0,0.1968221664428711,0.0,0.0
model_0,44,1,0.2747821807861328,3,3,1,0,0.7391653656959534,0.1913456916809082,0.08343648910522461,0.3036459237149898,worker1,worker1,worker1,0,0.1913456916809082,0.0,0.0
model_0,45,1,0.34578728675842285,5,3,0,0,0.8123048543930054,0.18738603591918945,0.1584012508392334,0.4580887062799887,worker1,worker1,worker1,0,0.18738603591918945,0.0,0.0
model_0,46,1,0.4816102981567383,0,0,1,1,0.9939223527908325,0.3183321952819824,0.16327810287475586,0.33902535618459223,worker1,worker1,worker1,0,0.3183321952819824,0.0,0.0
model_0,47,1,0.2902333736419678,5,5,1,0,0.7696981430053711,0.18794035911560059,0.10229301452636719,0.35245090267446627,worker1,worker1,worker1,0,0.18794035911560059,0.0,0.0
model_0,48,1,0.273465633392334,4,4,1,0,0.9656751155853271,0.18796253204345703,0.08550310134887695,0.31266488694836436,worker1,worker1,worker1,0,0.18796253204345703,0.0,0.0
model_0,49,1,0.349656343460083,9,1,0,0,0.8878682851791382,0.1931781768798828,0.1564781665802002,0.44751988490111244,worker1,worker1,worker1,0,0.1931781768798828,0.0,0.0
model_0,50,1,0.37357044219970703,8,8,1,1,0.9793621301651001,0.28447961807250977,0.08909082412719727,0.2384846713315991,worker1,worker1,worker1,0,0.28447961807250977,0.0,0.0
model_0,51,1,0.5737578868865967,0,2,0,2,0.8258068561553955,0.4301724433898926,0.1435854434967041,0.25025441353991146,worker1->worker3,worker1,worker3,0,0.27738237380981445,0.0,0.15279006958007812
model_0,52,1,0.3574337959289551,5,5,1,0,0.7747259736061096,0.19923162460327148,0.1582021713256836,0.44260552059584335,worker1,worker1,worker1,0,0.19923162460327148,0.0,0.0
model_0,53,1,0.27859950065612793,1,1,1,0,0.8549392819404602,0.18973112106323242,0.08886837959289551,0.318982551596834,worker1,worker1,worker1,0,0.18973112106323242,0.0,0.0
model_0,54,1,0.5818746089935303,4,3,0,2,0.505366861820221,0.43793773651123047,0.1439368724822998,0.24736750883711478,worker1->worker3,worker1,worker3,0,0.2841501235961914,0.0,0.15378761291503906
model_0,55,1,0.4475104808807373,8,7,0,1,0.5749566555023193,0.29003310203552246,0.15747737884521484,0.3518965154409042,worker1,worker1,worker1,0,0.29003310203552246,0.0,0.0
model_0,56,1,0.2696249485015869,3,3,1,0,0.8648797273635864,0.18420171737670898,0.08542323112487793,0.31682242908013075,worker1,worker1,worker1,0,0.18420171737670898,0.0,0.0
model_0,57,1,0.2791767120361328,3,5,0,0,0.8205422163009644,0.19383549690246582,0.08534121513366699,0.30568887537661665,worker1,worker1,worker1,0,0.19383549690246582,0.0,0.0
model_0,58,1,0.6251668930053711,7,7,1,2,0.9941245913505554,0.47414422035217285,0.15102267265319824,0.2415717696232848,worker1->worker3,worker1,worker3,0,0.2784724235534668,0.0,0.19567179679870605
model_0,59,1,0.8147919178009033,3,0,0,3,0.9282718300819397,0.6351087093353271,0.17968320846557617,0.22052649828748333,worker1->worker3->worker3,worker1,worker3,0,0.2821922302246094,0.0,0.3529164791107178
model_0,60,1,0.2806739807128906,5,5,1,0,0.9496122598648071,0.18647456169128418,0.09419941902160645,0.3356186376177338,worker1,worker1,worker1,0,0.18647456169128418,0.0,0.0
model_0,61,1,0.36560988426208496,8,0,0,1,0.5731087923049927,0.2792952060699463,0.08631467819213867,0.23608409375022416,worker1,worker1,worker1,0,0.2792952060699463,0.0,0.0
model_0,62,1,0.427337646484375,5,5,1,1,0.7130683660507202,0.27312636375427246,0.15421128273010254,0.3608651940655574,worker1,worker1,worker1,0,0.27312636375427246,0.0,0.0
model_0,63,1,0.37827277183532715,9,9,1,0,0.7711929678916931,0.22661232948303223,0.15166044235229492,0.40092878378863867,worker1,worker1,worker1,0,0.22661232948303223,0.0,0.0
model_0,64,1,0.29061222076416016,1,1,1,0,0.9955695271492004,0.19150352478027344,0.09910869598388672,0.34103416478247883,worker1,worker1,worker1,0,0.19150352478027344,0.0,0.0
model_0,65,1,0.2683908939361572,4,4,1,0,0.8097649216651917,0.18509554862976074,0.08329534530639648,0.3103508620758577,worker1,worker1,worker1,0,0.18509554862976074,0.0,0.0
model_0,66,1,0.36296725273132324,2,2,1,1,0.775168776512146,0.2731950283050537,0.08977222442626953,0.24732871560928668,worker1,worker1,worker1,0,0.2731950283050537,0.0,0.0
model_0,67,1,0.36298561096191406,4,4,1,1,0.7512853741645813,0.2750985622406006,0.08788704872131348,0.24212267943187132,worker1,worker1,worker1,0,0.2750985622406006,0.0,0.0
model_0,68,1,0.44007372856140137,2,2,1,1,0.7834190726280212,0.28426074981689453,0.15581297874450684,0.35406107802403614,worker1,worker1,worker1,0,0.28426074981689453,0.0,0.0
model_0,69,1,0.6377403736114502,8,8,1,2,0.9857834577560425,0.4168996810913086,0.2208406925201416,0.3462862030665335,worker1->worker3,worker1,worker3,0,0.2827017307281494,0.0,0.13419795036315918
model_0,70,1,0.35300230979919434,1,9,0,0,0.8425337672233582,0.19882583618164062,0.1541764736175537,0.4367576906373704,worker1,worker1,worker1,0,0.19882583618164062,0.0,0.0
model_0,71,1,0.3702523708343506,5,2,0,1,0.6738492250442505,0.2796158790588379,0.0906364917755127,0.24479651965837942,worker1,worker1,worker1,0,0.2796158790588379,0.0,0.0
model_0,72,1,0.26654672622680664,4,4,1,0,0.9811752438545227,0.18052148818969727,0.08602523803710938,0.3227398034666156,worker1,worker1,worker1,0,0.18052148818969727,0.0,0.0
model_0,73,1,0.3700551986694336,1,1,1,1,0.7055109143257141,0.2809734344482422,0.0890817642211914,0.24072561212892785,worker1,worker1,worker1,0,0.2809734344482422,0.0,0.0
model_0,74,1,0.2673919200897217,0,0,1,0,0.9244922399520874,0.18184852600097656,0.08554339408874512,0.31991764769870973,worker1,worker1,worker1,0,0.18184852600097656,0.0,0.0
model_0,75,1,0.2827284336090088,8,8,1,0,0.9843235611915588,0.19296646118164062,0.08976197242736816,0.3174847725131952,worker1,worker1,worker1,0,0.19296646118164062,0.0,0.0
model_0,76,1,0.4343249797821045,3,5,0,1,0.8653219938278198,0.28188371658325195,0.15244126319885254,0.35098433268869417,worker1,worker1,worker1,0,0.28188371658325195,0.0,0.0
model_0,77,1,0.48595571517944336,3,3,1,1,0.9996788501739502,0.3215928077697754,0.16436290740966797,0.33822610224673566,worker1,worker1,worker1,0,0.3215928077697754,0.0,0.0
model_0,78,1,0.821871280670166,4,2,0,3,0.533494770526886,0.6548826694488525,0.16698861122131348,0.20318097876001762,worker1->worker3->worker3,worker1,worker3,0,0.2878420352935791,0.0,0.36704063415527344
model_0,79,1,0.3690917491912842,8,8,1,0,0.9934877157211304,0.2135028839111328,0.15558886528015137,0.42154522722618876,worker1,worker1,worker1,0,0.2135028839111328,0.0,0.0
model_0,80,1,0.3653709888458252,7,7,1,0,0.9752328991889954,0.20163726806640625,0.16373372077941895,0.4481300535016186,worker1,worker1,worker1,0,0.20163726806640625,0.0,0.0
model_0,81,1,0.3682701587677002,7,1,0,1,0.6844034790992737,0.28266191482543945,0.08560824394226074,0.23246044216213907,worker1,worker1,worker1,0,0.28266191482543945,0.0,0.0
model_0,82,1,0.27590012550354004,9,9,1,0,0.9988168478012085,0.18969464302062988,0.08620548248291016,0.3124517697321746,worker1,worker1,worker1,0,0.18969464302062988,0.0,0.0
model_0,83,1,0.2782900333404541,9,9,1,0,0.9742995500564575,0.1924285888671875,0.0858614444732666,0.3085322296405259,worker1,worker1,worker1,0,0.1924285888671875,0.0,0.0
model_0,84,1,0.2731947898864746,0,0,1,0,0.7953104972839355,0.18840885162353516,0.08478593826293945,0.3103497628859322,worker1,worker1,worker1,0,0.18840885162353516,0.0,0.0
model_0,85,1,0.4370577335357666,6,6,1,1,0.9416596293449402,0.2823922634124756,0.15466547012329102,0.3538788088064662,worker1,worker1,worker1,0,0.2823922634124756,0.0,0.0
model_0,86,1,0.33095431327819824,3,3,1,0,0.8726353049278259,0.18350934982299805,0.1474449634552002,0.44551455454595884,worker1,worker1,worker1,0,0.18350934982299805,0.0,0.0
model_0,87,1,0.4753711223602295,6,6,1,1,0.8205158710479736,0.31651854515075684,0.15885257720947266,0.33416539149615493,worker1,worker1,worker1,0,0.31651854515075684,0.0,0.0
model_0,88,1,0.600271463394165,0,0,1,2,0.8390187621116638,0.43627476692199707,0.16399669647216797,0.27320421921253385,worker1->worker3,worker1,worker3,0,0.2817091941833496,0.0,0.15456557273864746
model_0,89,1,0.27727293968200684,9,1,0,0,0.9181298613548279,0.1885695457458496,0.08870339393615723,0.31991363469470757,worker1,worker1,worker1,0,0.1885695457458496,0.0,0.0
model_0,90,1,0.36336445808410645,4,4,1,1,0.9994934797286987,0.27831292152404785,0.0850515365600586,0.23406674667221325,worker1,worker1,worker1,0,0.27831292152404785,0.0,0.0
model_0,91,1,0.9207329750061035,7,7,1,3,0.4233100414276123,0.6504549980163574,0.2702779769897461,0.2935465377331082,worker1->worker3->worker3,worker1,worker3,0,0.27549099922180176,0.0,0.37496399879455566
model_0,92,1,0.592524528503418,2,2,1,2,0.9801661372184753,0.43506288528442383,0.15746164321899414,0.2657470461462691,worker1->worker3,worker1,worker3,0,0.2790677547454834,0.0,0.15599513053894043
model_0,93,1,0.27640390396118164,4,4,1,0,0.8304460644721985,0.18659353256225586,0.08981037139892578,0.3249243954656256,worker1,worker1,worker1,0,0.18659353256225586,0.0,0.0
model_0,94,1,0.5663659572601318,2,8,0,2,0.8322958946228027,0.42432641983032227,0.14203953742980957,0.2507910929480015,worker1->worker3,worker1,worker3,0,0.28198695182800293,0.0,0.14233946800231934
model_0,95,1,0.27642297744750977,5,5,1,0,0.8983569145202637,0.1901252269744873,0.08629775047302246,0.3121945623692214,worker1,worker1,worker1,0,0.1901252269744873,0.0,0.0
model_0,96,1,0.5914323329925537,0,0,1,2,0.7716735601425171,0.44666576385498047,0.14476656913757324,0.2447728354739711,worker1->worker3,worker1,worker3,0,0.2804868221282959,0.0,0.16617894172668457
model_0,97,1,0.38568949699401855,1,1,1,1,0.9392036199569702,0.27997279167175293,0.10571670532226562,0.2740979625999645,worker1,worker1,worker1,0,0.27997279167175293,0.0,0.0
model_0,98,1,0.759484052658081,0,0,1,3,0.8936209082603455,0.6052534580230713,0.15423059463500977,0.20307285465076674,worker1->worker3->worker3,worker1,worker3,0,0.2761421203613281,0.0,0.32911133766174316
model_0,99,1,0.36775946617126465,2,2,1,1,0.9805400967597961,0.28284549713134766,0.08491396903991699,0.2308953999850891,worker1,worker1,worker1,0,0.28284549713134766,0.0,0.0
model_0,100,1,0.43030261993408203,8,0,0,1,0.9838500022888184,0.2770833969116211,0.15321922302246094,0.3560731818131448,worker1,worker1,worker1,0,0.2770833969116211,0.0,0.0
model_0,101,1,0.40177226066589355,0,0,1,1,0.9434777498245239,0.27952098846435547,0.12225127220153809,0.30428002171907037,worker1,worker1,worker1,0,0.27952098846435547,0.0,0.0
model_0,102,1,0.3761162757873535,8,8,1,0,0.9742196798324585,0.22329258918762207,0.15282368659973145,0.40632032283052283,worker1,worker1,worker1,0,0.22329258918762207,0.0,0.0
model_0,103,1,0.27780795097351074,3,3,1,0,0.694382905960083,0.1890397071838379,0.08876824378967285,0.3195309690691214,worker1,worker1,worker1,0,0.1890397071838379,0.0,0.0
model_0,104,1,0.27180051803588867,8,8,1,0,0.9916018843650818,0.1872103214263916,0.08459019660949707,0.31122161657663855,worker1,worker1,worker1,0,0.1872103214263916,0.0,0.0
model_0,105,1,0.36906003952026367,3,6,0,1,0.6975107789039612,0.2852973937988281,0.08376264572143555,0.22696211117930165,worker1,worker1,worker1,0,0.2852973937988281,0.0,0.0
model_0,106,1,0.3606696128845215,1,1,1,1,0.9122942686080933,0.2760434150695801,0.0846261978149414,0.23463633971858022,worker1,worker1,worker1,0,0.2760434150695801,0.0,0.0
model_0,107,1,0.2712843418121338,8,8,1,0,0.8672927618026733,0.1870269775390625,0.08425736427307129,0.31058690564389474,worker1,worker1,worker1,0,0.1870269775390625,0.0,0.0
model_0,108,1,0.3644838333129883,9,0,0,1,0.7904924154281616,0.2798447608947754,0.08463907241821289,0.23221625949464794,worker1,worker1,worker1,0,0.2798447608947754,0.0,0.0
model_0,109,1,0.2674884796142578,3,3,1,0,0.8236808776855469,0.18162846565246582,0.08586001396179199,0.32098583866344366,worker1,worker1,worker1,0,0.18162846565246582,0.0,0.0
model_0,110,1,0.27594685554504395,4,4,1,0,0.7529715299606323,0.18732929229736328,0.08861756324768066,0.32113996397112504,worker1,worker1,worker1,0,0.18732929229736328,0.0,0.0
model_0,111,1,0.627244234085083,2,2,1,2,0.989988386631012,0.4776651859283447,0.14957904815673828,0.23847018438506445,worker1->worker3,worker1,worker3,0,0.2815101146697998,0.0,0.19615507125854492
model_0,112,1,0.6992216110229492,6,6,1,2,0.9730241894721985,0.4393188953399658,0.2599027156829834,0.3717029216284522,worker1->worker3,worker1,worker3,0,0.2815580368041992,0.0,0.1577608585357666
model_0,113,1,0.2743968963623047,5,5,1,0,0.8713359236717224,0.18448185920715332,0.08991503715515137,0.3276824131291576,worker1,worker1,worker1,0,0.18448185920715332,0.0,0.0
model_0,114,1,0.35129475593566895,7,5,0,0,0.8738328218460083,0.19351744651794434,0.1577773094177246,0.44913084169869494,worker1,worker1,worker1,0,0.19351744651794434,0.0,0.0
model_0,115,1,0.3674895763397217,3,3,1,1,0.8147445321083069,0.27747511863708496,0.09001445770263672,0.24494424739662235,worker1,worker1,worker1,0,0.27747511863708496,0.0,0.0
model_0,116,1,0.26717138290405273,7,7,1,0,0.9981822967529297,0.18247485160827637,0.08469653129577637,0.3170119882419922,worker1,worker1,worker1,0,0.18247485160827637,0.0,0.0
model_0,117,1,0.5755798816680908,7,0,0,2,0.8458537459373474,0.43094658851623535,0.14463329315185547,0.251282745902607,worker1->worker3,worker1,worker3,0,0.27884840965270996,0.0,0.1520981788635254
model_0,118,1,0.3671591281890869,3,3,1,1,0.9988152980804443,0.28218579292297363,0.08497333526611328,0.23143462532232625,worker1,worker1,worker1,0,0.28218579292297363,0.0,0.0
model_0,119,1,0.26734209060668945,5,3,0,0,0.5385247468948364,0.18285346031188965,0.0844886302947998,0.3160319054252422,worker1,worker1,worker1,0,0.18285346031188965,0.0,0.0
model_0,120,1,0.26990532875061035,1,1,1,0,0.8420365452766418,0.18709349632263184,0.08281183242797852,0.3068180714004938,worker1,worker1,worker1,0,0.18709349632263184,0.0,0.0
model_0,121,1,0.2742443084716797,8,8,1,0,0.7053479552268982,0.1897268295288086,0.0845174789428711,0.3081831649082298,worker1,worker1,worker1,0,0.1897268295288086,0.0,0.0
model_0,122,1,0.271038293838501,3,3,1,0,0.787474513053894,0.18785500526428223,0.08318328857421875,0.3069060367675712,worker1,worker1,worker1,0,0.18785500526428223,0.0,0.0
model_0,123,1,0.27370190620422363,7,7,1,0,0.9861412048339844,0.18949294090270996,0.08420896530151367,0.30766671109217947,worker1,worker1,worker1,0,0.18949294090270996,0.0,0.0
model_0,124,1,0.5699863433837891,6,6,1,2,0.4952607750892639,0.42667102813720703,0.14331531524658203,0.25143640178425025,worker1->worker3,worker1,worker3,0,0.278092622756958,0.0,0.14857840538024902
model_0,125,1,0.27335572242736816,8,8,1,0,0.9934953451156616,0.18631267547607422,0.08704304695129395,0.3184240892356723,worker1,worker1,worker1,0,0.18631267547607422,0.0,0.0
model_0,126,1,0.3673982620239258,9,9,1,1,0.7362514734268188,0.28243350982666016,0.08496475219726562,0.23126062635465744,worker1,worker1,worker1,0,0.28243350982666016,0.0,0.0
model_0,127,1,0.36437249183654785,9,1,0,1,0.8002376556396484,0.2792985439300537,0.08507394790649414,0.23348070947314284,worker1,worker1,worker1,0,0.2792985439300537,0.0,0.0
model_0,128,1,0.26821017265319824,2,2,1,0,0.9368650317192078,0.18367743492126465,0.0845327377319336,0.31517349582872206,worker1,worker1,worker1,0,0.18367743492126465,0.0,0.0
model_0,129,1,0.36495494842529297,8,8,1,1,0.9998879432678223,0.2813844680786133,0.08357048034667969,0.22898848394101645,worker1,worker1,worker1,0,0.2813844680786133,0.0,0.0
model_0,130,1,0.26953601837158203,1,1,1,0,0.8392543196678162,0.1844491958618164,0.08508682250976562,0.31567885814972985,worker1,worker1,worker1,0,0.1844491958618164,0.0,0.0
model_0,131,1,0.2717404365539551,4,2,0,0,0.7708985209465027,0.18728923797607422,0.08445119857788086,0.3107789170019706,worker1,worker1,worker1,0,0.18728923797607422,0.0,0.0
model_0,132,1,0.27307677268981934,3,3,1,0,0.6976746320724487,0.188737154006958,0.08433961868286133,0.30884947794025847,worker1,worker1,worker1,0,0.188737154006958,0.0,0.0
model_0,133,1,0.6106698513031006,2,2,1,2,0.9827521443367004,0.45464229583740234,0.15602755546569824,0.2555023064144284,worker1->worker3,worker1,worker3,0,0.2788879871368408,0.0,0.17575430870056152
model_0,134,1,0.26923632621765137,2,2,1,0,0.9709251523017883,0.18452715873718262,0.08470916748046875,0.3146275566544079,worker1,worker1,worker1,0,0.18452715873718262,0.0,0.0
model_0,135,1,0.366163969039917,8,8,1,1,0.9529017806053162,0.28117990493774414,0.08498406410217285,0.2320929181672389,worker1,worker1,worker1,0,0.28117990493774414,0.0,0.0
model_0,136,1,0.2696347236633301,5,5,1,0,0.9302339553833008,0.1847991943359375,0.08483552932739258,0.31463132112509173,worker1,worker1,worker1,0,0.1847991943359375,0.0,0.0
model_0,137,1,0.2724616527557373,3,5,0,0,0.7577511072158813,0.18805503845214844,0.08440661430358887,0.30979263852318933,worker1,worker1,worker1,0,0.18805503845214844,0.0,0.0
model_0,138,1,0.27470970153808594,4,4,1,0,0.9554255604743958,0.1917273998260498,0.08298230171203613,0.30207270164621913,worker1,worker1,worker1,0,0.1917273998260498,0.0,0.0
model_0,139,1,0.798297643661499,2,2,1,3,0.6511898636817932,0.6547677516937256,0.14352989196777344,0.1797949588194378,worker1->worker3->worker3,worker1,worker3,0,0.28118371963500977,0.0,0.3735840320587158
model_0,140,1,0.2689669132232666,6,2,0,0,0.8138397336006165,0.18455243110656738,0.08441448211669922,0.31384708663636873,worker1,worker1,worker1,0,0.18455243110656738,0.0,0.0
model_0,141,1,0.36629748344421387,2,2,1,1,0.731514573097229,0.2826533317565918,0.08364415168762207,0.228350331269368,worker1,worker1,worker1,0,0.2826533317565918,0.0,0.0
model_0,142,1,0.36499691009521484,7,7,1,1,0.9323136806488037,0.2746734619140625,0.09032344818115234,0.24746359676740862,worker1,worker1,worker1,0,0.2746734619140625,0.0,0.0
model_0,143,1,0.26866745948791504,1,1,1,0,0.884669303894043,0.18402457237243652,0.08464288711547852,0.31504703724377103,worker1,worker1,worker1,0,0.18402457237243652,0.0,0.0
model_0,144,1,0.2758293151855469,6,6,1,0,0.9857023358345032,0.19130444526672363,0.08452486991882324,0.3064390377141909,worker1,worker1,worker1,0,0.19130444526672363,0.0,0.0
model_0,145,1,0.3708224296569824,8,8,1,1,0.9099010229110718,0.28505706787109375,0.08576536178588867,0.2312841805853632,worker1,worker1,worker1,0,0.28505706787109375,0.0,0.0
model_0,146,1,0.3380897045135498,1,1,1,0,0.8981431126594543,0.18427419662475586,0.15381550788879395,0.4549547230670829,worker1,worker1,worker1,0,0.18427419662475586,0.0,0.0
model_0,147,1,0.3843066692352295,9,1,0,0,0.8270379900932312,0.21926617622375488,0.1650404930114746,0.42944998414913094,worker1,worker1,worker1,0,0.21926617622375488,0.0,0.0
model_0,148,1,0.291363000869751,6,6,1,0,0.9876320362091064,0.19451045989990234,0.09685254096984863,0.3324119420816405,worker1,worker1,worker1,0,0.19451045989990234,0.0,0.0
model_0,149,1,0.27549076080322266,7,7,1,0,0.9803531169891357,0.18924856185913086,0.0862421989440918,0.31304933309793576,worker1,worker1,worker1,0,0.18924856185913086,0.0,0.0
model_0,150,1,0.274669885635376,4,4,1,0,0.8516695499420166,0.18877625465393066,0.08589363098144531,0.31271586538419804,worker1,worker1,worker1,0,0.18877625465393066,0.0,0.0
model_0,151,1,0.3675682544708252,0,0,1,1,0.8806735873222351,0.28129076957702637,0.08627748489379883,0.23472507172309923,worker1,worker1,worker1,0,0.28129076957702637,0.0,0.0
model_0,152,1,0.3709268569946289,3,3,1,1,0.8048291802406311,0.2844219207763672,0.08650493621826172,0.23321292213552045,worker1,worker1,worker1,0,0.2844219207763672,0.0,0.0
model_0,153,1,0.27182769775390625,9,1,0,0,0.8777807950973511,0.18345856666564941,0.08836913108825684,0.325092445760476,worker1,worker1,worker1,0,0.18345856666564941,0.0,0.0
model_0,154,1,0.2726435661315918,5,6,0,0,0.7221587300300598,0.18764948844909668,0.08499407768249512,0.31174063224170345,worker1,worker1,worker1,0,0.18764948844909668,0.0,0.0
model_0,155,1,0.2706151008605957,8,8,1,0,0.9996660947799683,0.18476510047912598,0.08585000038146973,0.3172402430923261,worker1,worker1,worker1,0,0.18476510047912598,0.0,0.0
model_0,156,1,0.3632817268371582,5,5,1,1,0.6283237338066101,0.278484582901001,0.08479714393615723,0.23341978875300745,worker1,worker1,worker1,0,0.278484582901001,0.0,0.0
model_0,157,1,0.3732492923736572,6,1,0,1,0.9096251726150513,0.28747081756591797,0.08577847480773926,0.22981550550902863,worker1,worker1,worker1,0,0.28747081756591797,0.0,0.0
model_0,158,1,0.2775256633758545,5,5,1,0,0.9644933938980103,0.1860804557800293,0.0914452075958252,0.32950180708866716,worker1,worker1,worker1,0,0.1860804557800293,0.0,0.0
model_0,159,1,0.43512558937072754,2,2,1,1,0.8981663584709167,0.2779407501220703,0.15718483924865723,0.361240163962721,worker1,worker1,worker1,0,0.2779407501220703,0.0,0.0
model_0,160,1,0.5352885723114014,3,5,0,1,0.8083117008209229,0.3665287494659424,0.16875982284545898,0.3152688691199704,worker1,worker1,worker1,0,0.3665287494659424,0.0,0.0
model_0,161,1,0.31032323837280273,4,4,1,0,0.9333646297454834,0.2153337001800537,0.09498953819274902,0.30609869467343787,worker1,worker1,worker1,0,0.2153337001800537,0.0,0.0
model_0,162,1,0.36710429191589355,6,0,0,1,0.9783132076263428,0.2838771343231201,0.08322715759277344,0.22671257031187592,worker1,worker1,worker1,0,0.2838771343231201,0.0,0.0
model_0,163,1,0.2751007080078125,4,4,1,0,0.9418591260910034,0.1915137767791748,0.0835869312286377,0.3038412072216984,worker1,worker1,worker1,0,0.1915137767791748,0.0,0.0
model_0,164,1,0.36145758628845215,9,9,1,1,0.9991061091423035,0.27851247787475586,0.08294510841369629,0.22947397304729422,worker1,worker1,worker1,0,0.27851247787475586,0.0,0.0
model_0,165,1,0.2672743797302246,8,8,1,0,0.9989147186279297,0.18409109115600586,0.08318328857421875,0.31122806704548495,worker1,worker1,worker1,0,0.18409109115600586,0.0,0.0
model_0,166,1,0.36267614364624023,1,1,1,1,0.9882937669754028,0.2794375419616699,0.08323860168457031,0.2295122057042784,worker1,worker1,worker1,0,0.2794375419616699,0.0,0.0
model_0,167,1,0.35744214057922363,0,0,1,1,0.9928672313690186,0.2748222351074219,0.08261990547180176,0.23114203976598513,worker1,worker1,worker1,0,0.2748222351074219,0.0,0.0
model_0,168,1,0.2707846164703369,1,1,1,0,0.9998319149017334,0.18622231483459473,0.08456230163574219,0.31228621011786895,worker1,worker1,worker1,0,0.18622231483459473,0.0,0.0
model_0,169,1,0.27214717864990234,7,7,1,0,0.9362266659736633,0.18746137619018555,0.0846858024597168,0.3111764850175388,worker1,worker1,worker1,0,0.18746137619018555,0.0,0.0
model_0,170,1,0.2714533805847168,8,8,1,0,0.9169052243232727,0.18817710876464844,0.08327627182006836,0.30677927694504803,worker1,worker1,worker1,0,0.18817710876464844,0.0,0.0
model_0,171,1,0.27458953857421875,0,0,1,0,0.7553619146347046,0.19039678573608398,0.08419275283813477,0.30661311161123617,worker1,worker1,worker1,0,0.19039678573608398,0.0,0.0
model_0,172,1,0.3632235527038574,7,7,1,1,0.9869917631149292,0.2793731689453125,0.08385038375854492,0.23085062390463876,worker1,worker1,worker1,0,0.2793731689453125,0.0,0.0
model_0,173,1,0.3595554828643799,5,5,1,1,0.9896788597106934,0.27379870414733887,0.08575677871704102,0.23850777641843796,worker1,worker1,worker1,0,0.27379870414733887,0.0,0.0
model_0,174,1,0.36275696754455566,6,6,1,1,0.9030207991600037,0.27605652809143066,0.086700439453125,0.23900420173866407,worker1,worker1,worker1,0,0.27605652809143066,0.0,0.0
model_0,175,1,0.2702653408050537,2,2,1,0,0.9032521843910217,0.18429994583129883,0.08596539497375488,0.3180777628299848,worker1,worker1,worker1,0,0.18429994583129883,0.0,0.0
model_0,176,1,0.7733664512634277,2,1,0,3,0.49312588572502136,0.6180408000946045,0.15532565116882324,0.20084353402590965,worker1->worker3->worker3,worker1,worker3,0,0.2773442268371582,0.0,0.3406965732574463
model_0,177,1,0.3407738208770752,0,0,1,0,0.9062394499778748,0.18514442443847656,0.15562939643859863,0.4566941088316102,worker1,worker1,worker1,0,0.18514442443847656,0.0,0.0
model_0,178,1,0.28257250785827637,7,7,1,0,0.9298492670059204,0.18954229354858398,0.09303021430969238,0.32922599234725086,worker1,worker1,worker1,0,0.18954229354858398,0.0,0.0
model_0,179,1,0.2747957706451416,5,5,1,0,0.769648551940918,0.19108295440673828,0.08371281623840332,0.3046364798187019,worker1,worker1,worker1,0,0.19108295440673828,0.0,0.0
model_0,180,1,0.2763328552246094,3,3,1,0,0.925047755241394,0.19310379028320312,0.08322906494140625,0.3011913472024738,worker1,worker1,worker1,0,0.19310379028320312,0.0,0.0
model_0,181,1,0.2741971015930176,5,5,1,0,0.8922517895698547,0.1906750202178955,0.08352208137512207,0.3046059965254168,worker1,worker1,worker1,0,0.1906750202178955,0.0,0.0
model_0,182,1,0.27799010276794434,5,5,1,0,0.9536311626434326,0.18883204460144043,0.0891580581665039,0.3207238577156457,worker1,worker1,worker1,0,0.18883204460144043,0.0,0.0
model_0,183,1,0.2752511501312256,7,7,1,0,0.9878582954406738,0.18948101997375488,0.0857701301574707,0.3116068002498079,worker1,worker1,worker1,0,0.18948101997375488,0.0,0.0
model_0,184,1,0.27722811698913574,8,8,1,0,0.9689936637878418,0.18985462188720703,0.08737349510192871,0.31516823059239973,worker1,worker1,worker1,0,0.18985462188720703,0.0,0.0
model_0,185,1,0.5778751373291016,5,5,1,2,0.7934825420379639,0.4314451217651367,0.14643001556396484,0.25339386678020814,worker1->worker3,worker1,worker3,0,0.27674412727355957,0.0,0.15470099449157715
model_0,186,1,0.6660223007202148,4,4,1,2,0.9888448119163513,0.4263150691986084,0.23970723152160645,0.35990871666368357,worker1->worker3,worker1,worker3,0,0.27762293815612793,0.0,0.14869213104248047
model_0,187,1,0.30252861976623535,1,1,1,0,0.7888223528862,0.1889495849609375,0.11357903480529785,0.37543236369855076,worker1,worker1,worker1,0,0.1889495849609375,0.0,0.0
model_0,188,1,0.676445722579956,3,2,0,2,0.7489118576049805,0.43539929389953613,0.24104642868041992,0.3563426016814352,worker1->worker3,worker1,worker3,0,0.27782630920410156,0.0,0.15757298469543457
model_0,189,1,0.42615723609924316,8,1,0,0,0.9490959048271179,0.25633835792541504,0.16981887817382812,0.3984887825166034,worker1,worker1,worker1,0,0.25633835792541504,0.0,0.0
model_0,190,1,0.300980806350708,9,9,1,0,0.9095849394798279,0.19428658485412598,0.10669422149658203,0.3544884565571271,worker1,worker1,worker1,0,0.19428658485412598,0.0,0.0
model_0,191,1,0.26830577850341797,5,5,1,0,0.8496706485748291,0.18167424201965332,0.08663153648376465,0.3228836030553887,worker1,worker1,worker1,0,0.18167424201965332,0.0,0.0
model_0,192,1,0.3561062812805176,3,7,0,1,0.9366216063499451,0.2717721462249756,0.08433413505554199,0.23682293598497073,worker1,worker1,worker1,0,0.2717721462249756,0.0,0.0
model_0,193,1,0.35983705520629883,7,7,1,1,0.7646092772483826,0.27517056465148926,0.08466649055480957,0.23529119452767105,worker1,worker1,worker1,0,0.27517056465148926,0.0,0.0
model_0,194,1,0.2667500972747803,8,8,1,0,0.8606231808662415,0.18148136138916016,0.08526873588562012,0.31965774991933543,worker1,worker1,worker1,0,0.18148136138916016,0.0,0.0
model_0,195,1,0.2716217041015625,7,0,0,0,0.8411685228347778,0.18190264701843262,0.08971905708312988,0.3303088660749396,worker1,worker1,worker1,0,0.18190264701843262,0.0,0.0
model_0,196,1,0.26450443267822266,1,1,1,0,0.9949172735214233,0.18085598945617676,0.0836484432220459,0.31624590323522733,worker1,worker1,worker1,0,0.18085598945617676,0.0,0.0
model_0,197,1,0.3580658435821533,6,6,1,1,0.7647853493690491,0.27455711364746094,0.08350872993469238,0.23322171447367457,worker1,worker1,worker1,0,0.27455711364746094,0.0,0.0
model_0,198,1,0.2692077159881592,8,8,1,0,0.8807522058486938,0.18356013298034668,0.0856475830078125,0.3181468357748692,worker1,worker1,worker1,0,0.18356013298034668,0.0,0.0
model_0,199,1,0.27133631706237793,1,1,1,0,0.989992082118988,0.18108034133911133,0.0902559757232666,0.33263507333048054,worker1,worker1,worker1,0,0.18108034133911133,0.0,0.0
model_0,200,1,0.2682657241821289,9,9,1,0,0.9513118267059326,0.18319249153137207,0.08507323265075684,0.3171230052222384,worker1,worker1,worker1,0,0.18319249153137207,0.0,0.0
model_0,201,1,0.2649650573730469,6,6,1,0,0.925929069519043,0.18113231658935547,0.0838327407836914,0.3163916843029701,worker1,worker1,worker1,0,0.18113231658935547,0.0,0.0
model_0,202,1,0.36203527450561523,6,6,1,1,0.9988223910331726,0.27234363555908203,0.0896916389465332,0.24774281751692145,worker1,worker1,worker1,0,0.27234363555908203,0.0,0.0
model_0,203,1,0.2676863670349121,7,7,1,0,0.9736552834510803,0.1828749179840088,0.08481144905090332,0.3168314097962339,worker1,worker1,worker1,0,0.1828749179840088,0.0,0.0
model_0,204,1,0.2649085521697998,1,1,1,0,0.944318950176239,0.18172621726989746,0.08318233489990234,0.3140039618146587,worker1,worker1,worker1,0,0.18172621726989746,0.0,0.0
model_0,205,1,0.2659122943878174,6,6,1,0,0.9654122591018677,0.18247342109680176,0.08343887329101562,0.31378343556136956,worker1,worker1,worker1,0,0.18247342109680176,0.0,0.0
model_0,206,1,0.26540207862854004,9,1,0,0,0.8195995688438416,0.18128204345703125,0.08412003517150879,0.31695318893581165,worker1,worker1,worker1,0,0.18128204345703125,0.0,0.0
model_0,207,1,0.2693309783935547,6,6,1,0,0.8747805953025818,0.1849198341369629,0.0844111442565918,0.3134104541559554,worker1,worker1,worker1,0,0.1849198341369629,0.0,0.0
model_0,208,1,0.3558342456817627,6,0,0,1,0.9783908724784851,0.2711181640625,0.0847160816192627,0.23807737070655025,worker1,worker1,worker1,0,0.2711181640625,0.0,0.0
model_0,209,1,0.775994062423706,4,6,0,3,0.4091918468475342,0.6216404438018799,0.15435361862182617,0.1989108243170377,worker1->worker3->worker3,worker1,worker3,0,0.27246570587158203,0.0,0.34917473793029785
model_0,210,1,0.27199363708496094,6,6,1,0,0.8439655303955078,0.18599510192871094,0.08599853515625,0.3161784815186216,worker1,worker1,worker1,0,0.18599510192871094,0.0,0.0
model_0,211,1,0.6886532306671143,6,2,0,2,0.8181082606315613,0.4456772804260254,0.24297595024108887,0.3528277214436538,worker1->worker3,worker1,worker3,0,0.2757225036621094,0.0,0.16995477676391602
model_0,212,1,0.7511165142059326,0,0,1,3,0.592857837677002,0.6065666675567627,0.14454984664916992,0.19244663632776804,worker1->worker3->worker3,worker1,worker3,0,0.27665090560913086,0.0,0.32991576194763184
model_0,213,1,0.3605921268463135,6,2,0,1,0.9517208933830261,0.27617812156677246,0.08441400527954102,0.23409830385874944,worker1,worker1,worker1,0,0.27617812156677246,0.0,0.0
model_0,214,1,0.2689392566680908,9,9,1,0,0.8429169058799744,0.1828470230102539,0.08609223365783691,0.32011776460023067,worker1,worker1,worker1,0,0.1828470230102539,0.0,0.0
model_0,215,1,0.35777878761291504,6,7,0,1,0.9840599298477173,0.2725794315338135,0.08519935607910156,0.23813417404521958,worker1,worker1,worker1,0,0.2725794315338135,0.0,0.0
model_0,216,1,0.267336368560791,8,8,1,0,0.9924821257591248,0.18236947059631348,0.08496689796447754,0.31782768061785976,worker1,worker1,worker1,0,0.18236947059631348,0.0,0.0
model_0,217,1,0.26663970947265625,9,1,0,0,0.800979495048523,0.1824796199798584,0.08416008949279785,0.31563224269650064,worker1,worker1,worker1,0,0.1824796199798584,0.0,0.0
model_0,218,1,0.2663888931274414,8,8,1,0,0.8618020415306091,0.18266034126281738,0.08372855186462402,0.314309470194645,worker1,worker1,worker1,0,0.18266034126281738,0.0,0.0
model_0,219,1,0.26676058769226074,2,6,0,0,0.9111018776893616,0.18336820602416992,0.08339238166809082,0.3126113283432019,worker1,worker1,worker1,0,0.18336820602416992,0.0,0.0
model_0,220,1,0.36070942878723145,5,5,1,1,0.8096495270729065,0.27632665634155273,0.08438277244567871,0.23393558834707603,worker1,worker1,worker1,0,0.27632665634155273,0.0,0.0
model_0,221,1,0.3588066101074219,5,5,1,1,0.8592778444290161,0.2728235721588135,0.0859830379486084,0.23963615921921347,worker1,worker1,worker1,0,0.2728235721588135,0.0,0.0
model_0,222,1,0.36231470108032227,9,8,0,1,0.9635308980941772,0.276477575302124,0.08583712577819824,0.2369131738851768,worker1,worker1,worker1,0,0.276477575302124,0.0,0.0
model_0,223,1,0.2668607234954834,5,5,1,0,0.7528488039970398,0.18212366104125977,0.08473706245422363,0.31753291134151407,worker1,worker1,worker1,0,0.18212366104125977,0.0,0.0
model_0,224,1,0.35967087745666504,9,9,1,1,0.9990884065628052,0.2737889289855957,0.08588194847106934,0.23877926697419874,worker1,worker1,worker1,0,0.2737889289855957,0.0,0.0
model_0,225,1,0.2667841911315918,0,0,1,0,0.5975388884544373,0.1809539794921875,0.0858302116394043,0.3217215055935169,worker1,worker1,worker1,0,0.1809539794921875,0.0,0.0
model_0,226,1,0.2661612033843994,6,6,1,0,0.9666780829429626,0.18288326263427734,0.08327794075012207,0.31288534801914436,worker1,worker1,worker1,0,0.18288326263427734,0.0,0.0
model_0,227,1,0.2691378593444824,8,8,1,0,0.9997844099998474,0.1831812858581543,0.08595657348632812,0.3193774881604754,worker1,worker1,worker1,0,0.1831812858581543,0.0,0.0
model_0,228,1,0.26805734634399414,7,7,1,0,0.8988847136497498,0.18339896202087402,0.08465838432312012,0.31582191451854197,worker1,worker1,worker1,0,0.18339896202087402,0.0,0.0
model_0,229,1,0.2689535617828369,6,6,1,0,0.7478315234184265,0.1843280792236328,0.0846254825592041,0.3146471903857286,worker1,worker1,worker1,0,0.1843280792236328,0.0,0.0
model_0,230,1,0.26717376708984375,6,2,0,0,0.5488532185554504,0.18254375457763672,0.08463001251220703,0.3167601873268797,worker1,worker1,worker1,0,0.18254375457763672,0.0,0.0
model_0,231,1,0.26827573776245117,0,0,1,0,0.8576487898826599,0.1839733123779297,0.08430242538452148,0.31423797801338393,worker1,worker1,worker1,0,0.1839733123779297,0.0,0.0
model_0,232,1,0.35610127449035645,3,3,1,1,0.6516355276107788,0.272106409072876,0.08399486541748047,0.23587353215090817,worker1,worker1,worker1,0,0.272106409072876,0.0,0.0
model_0,233,1,0.27037692070007324,4,4,1,0,0.9268711805343628,0.1858208179473877,0.08455610275268555,0.3127341732191813,worker1,worker1,worker1,0,0.1858208179473877,0.0,0.0
model_0,234,1,0.35677051544189453,9,9,1,1,0.9989739656448364,0.27211570739746094,0.0846548080444336,0.23728084127013827,worker1,worker1,worker1,0,0.27211570739746094,0.0,0.0
model_0,235,1,0.606346607208252,5,7,0,2,0.8100273013114929,0.45635008811950684,0.14999651908874512,0.24737751857697501,worker1->worker3,worker1,worker3,0,0.27250003814697266,0.0,0.18385004997253418
model_0,236,1,0.3688187599182129,4,4,1,1,0.9966896772384644,0.28176307678222656,0.08705568313598633,0.23603919484814517,worker1,worker1,worker1,0,0.28176307678222656,0.0,0.0
model_0,237,1,0.3414182662963867,4,4,1,0,0.864910364151001,0.18089628219604492,0.1605219841003418,0.4701622612101016,worker1,worker1,worker1,0,0.18089628219604492,0.0,0.0
model_0,238,1,0.2780640125274658,4,4,1,0,0.9762536883354187,0.18214917182922363,0.09591484069824219,0.34493798685569993,worker1,worker1,worker1,0,0.18214917182922363,0.0,0.0
model_0,239,1,0.35863709449768066,8,8,1,1,0.971634030342102,0.2738664150238037,0.08477067947387695,0.2363689667757588,worker1,worker1,worker1,0,0.2738664150238037,0.0,0.0
model_0,240,1,0.2671494483947754,7,7,1,0,0.9532581567764282,0.18180012702941895,0.08534932136535645,0.31948155565432046,worker1,worker1,worker1,0,0.18180012702941895,0.0,0.0
model_0,241,1,0.27195000648498535,1,1,1,0,0.7584136128425598,0.18320846557617188,0.08874154090881348,0.3263156418189422,worker1,worker1,worker1,0,0.18320846557617188,0.0,0.0
model_0,242,1,0.3569941520690918,2,2,1,1,0.9305416941642761,0.2722737789154053,0.08472037315368652,0.23731585703199404,worker1,worker1,worker1,0,0.2722737789154053,0.0,0.0
model_0,243,1,0.3597712516784668,3,5,0,1,0.9934712648391724,0.27391886711120605,0.08585238456726074,0.2386304746883677,worker1,worker1,worker1,0,0.27391886711120605,0.0,0.0
model_0,244,1,0.26917147636413574,6,6,1,0,0.9388352036476135,0.1834414005279541,0.08573007583618164,0.3184961385737834,worker1,worker1,worker1,0,0.1834414005279541,0.0,0.0
model_0,245,1,0.27002978324890137,7,5,0,0,0.9554699063301086,0.18340778350830078,0.08662199974060059,0.3207868358015764,worker1,worker1,worker1,0,0.18340778350830078,0.0,0.0
model_0,246,1,0.2680680751800537,4,2,0,0,0.8082110285758972,0.18360376358032227,0.08446431159973145,0.3150853063834594,worker1,worker1,worker1,0,0.18360376358032227,0.0,0.0
model_0,247,1,0.4404771327972412,4,2,0,1,0.956047773361206,0.271970272064209,0.16850686073303223,0.3825552978492499,worker1,worker1,worker1,0,0.271970272064209,0.0,0.0
model_0,248,1,0.5839788913726807,2,2,1,2,0.975197970867157,0.43253159523010254,0.15144729614257812,0.25933693559811954,worker1->worker3,worker1,worker3,0,0.27169203758239746,0.0,0.16083955764770508
model_0,249,1,0.2944159507751465,6,6,1,0,0.9788569211959839,0.18473029136657715,0.10968565940856934,0.3725533861864002,worker1,worker1,worker1,0,0.18473029136657715,0.0,0.0
model_0,250,1,0.3570854663848877,8,8,1,0,0.9259387850761414,0.20317792892456055,0.15390753746032715,0.43101036572134405,worker1,worker1,worker1,0,0.20317792892456055,0.0,0.0
model_0,251,1,0.273517370223999,7,4,0,0,0.7998475432395935,0.1872696876525879,0.08624768257141113,0.3153279899582903,worker1,worker1,worker1,0,0.1872696876525879,0.0,0.0
model_0,252,1,0.4276750087738037,3,3,1,1,0.9996851682662964,0.2746093273162842,0.15306568145751953,0.3579018607993426,worker1,worker1,worker1,0,0.2746093273162842,0.0,0.0
model_0,253,1,0.27006053924560547,6,6,1,0,0.8202880024909973,0.18229007720947266,0.08777046203613281,0.3250029133516257,worker1,worker1,worker1,0,0.18229007720947266,0.0,0.0
model_0,254,1,0.3339972496032715,6,6,1,0,0.9908714890480042,0.18216800689697266,0.15182924270629883,0.45458231433535634,worker1,worker1,worker1,0,0.18216800689697266,0.0,0.0
model_0,255,1,0.40368008613586426,8,0,0,0,0.9118125438690186,0.2381911277770996,0.16548895835876465,0.4099507606205449,worker1,worker1,worker1,0,0.2381911277770996,0.0,0.0
model_0,256,1,0.39028143882751465,4,2,0,1,0.69411301612854,0.29135656356811523,0.09892487525939941,0.25347061227556705,worker1,worker1,worker1,0,0.29135656356811523,0.0,0.0
model_0,257,1,0.267545223236084,4,4,1,0,0.908889651298523,0.1836085319519043,0.08393669128417969,0.3137289848382503,worker1,worker1,worker1,0,0.1836085319519043,0.0,0.0
model_0,258,1,0.27328062057495117,6,6,1,0,0.9926706552505493,0.18810677528381348,0.0851738452911377,0.3116717354927754,worker1,worker1,worker1,0,0.18810677528381348,0.0,0.0
model_0,259,1,0.3653132915496826,4,4,1,1,0.990632176399231,0.2793724536895752,0.08594083786010742,0.2352524253786136,worker1,worker1,worker1,0,0.2793724536895752,0.0,0.0
model_0,260,1,0.26810789108276367,6,6,1,0,0.8015559911727905,0.1822357177734375,0.08587217330932617,0.3202896153579375,worker1,worker1,worker1,0,0.1822357177734375,0.0,0.0
model_0,261,1,0.34236979484558105,6,2,0,0,0.9013439416885376,0.18909859657287598,0.15327119827270508,0.4476773377214393,worker1,worker1,worker1,0,0.18909859657287598,0.0,0.0
model_0,262,1,0.27675652503967285,9,1,0,0,0.9196633696556091,0.18811273574829102,0.08864378929138184,0.3202952099455462,worker1,worker1,worker1,0,0.18811273574829102,0.0,0.0
model_0,263,1,0.3423788547515869,6,6,1,0,0.9339561462402344,0.18774008750915527,0.15463876724243164,0.4516598063704309,worker1,worker1,worker1,0,0.18774008750915527,0.0,0.0
model_0,264,1,0.27816104888916016,9,9,1,0,0.7858684062957764,0.18979573249816895,0.08836531639099121,0.31767681616056337,worker1,worker1,worker1,0,0.18979573249816895,0.0,0.0
model_0,265,1,0.9021291732788086,2,2,1,3,0.5775620937347412,0.6485693454742432,0.25355982780456543,0.2810682054355881,worker1->worker3->worker3,worker1,worker3,0,0.2801070213317871,0.0,0.36846232414245605
model_0,266,1,0.47031402587890625,0,0,1,1,0.9946521520614624,0.31193017959594727,0.15838384628295898,0.3367619028307243,worker1,worker1,worker1,0,0.31193017959594727,0.0,0.0
model_0,267,1,0.36603713035583496,4,4,1,1,0.9168003797531128,0.27538037300109863,0.09065675735473633,0.2476709323630812,worker1,worker1,worker1,0,0.27538037300109863,0.0,0.0
model_0,268,1,0.26938414573669434,3,3,1,0,0.8059354424476624,0.18065953254699707,0.08872461318969727,0.3293609315687786,worker1,worker1,worker1,0,0.18065953254699707,0.0,0.0
model_0,269,1,0.27783894538879395,1,1,1,0,0.9981746673583984,0.1935725212097168,0.08426642417907715,0.3032923410400904,worker1,worker1,worker1,0,0.1935725212097168,0.0,0.0
model_0,270,1,0.4539051055908203,4,4,1,1,0.9942628741264343,0.2962028980255127,0.15770220756530762,0.3474343108787824,worker1,worker1,worker1,0,0.2962028980255127,0.0,0.0
model_0,271,1,0.36386609077453613,3,3,1,1,0.897663414478302,0.2739698886871338,0.08989620208740234,0.24705847663915761,worker1,worker1,worker1,0,0.2739698886871338,0.0,0.0
model_0,272,1,0.27624964714050293,8,8,1,0,0.9456926584243774,0.18422961235046387,0.09202003479003906,0.3331046238159967,worker1,worker1,worker1,0,0.18422961235046387,0.0,0.0
model_0,273,1,0.36716651916503906,9,9,1,0,0.6901160478591919,0.2070777416229248,0.16008877754211426,0.43601137136949936,worker1,worker1,worker1,0,0.2070777416229248,0.0,0.0
model_0,274,1,0.36826014518737793,0,0,1,0,0.98506098985672,0.20867681503295898,0.15958333015441895,0.43334401574522774,worker1,worker1,worker1,0,0.20867681503295898,0.0,0.0
model_0,275,1,0.6726851463317871,3,5,0,2,0.9246160984039307,0.42144203186035156,0.25124311447143555,0.37349288272750925,worker1->worker3,worker1,worker3,0,0.27631402015686035,0.0,0.1451280117034912
model_0,276,1,0.2757999897003174,9,0,0,0,0.9562166929244995,0.18639039993286133,0.08940958976745605,0.3241827161219548,worker1,worker1,worker1,0,0.18639039993286133,0.0,0.0
model_0,277,1,0.3434739112854004,0,0,1,0,0.9772828221321106,0.18828177452087402,0.15519213676452637,0.45183092999332236,worker1,worker1,worker1,0,0.18828177452087402,0.0,0.0
model_0,278,1,0.27660608291625977,9,8,0,0,0.7576673626899719,0.18892359733581543,0.08768248558044434,0.31699406121516677,worker1,worker1,worker1,0,0.18892359733581543,0.0,0.0
model_0,279,1,0.27359700202941895,4,4,1,0,0.7561643123626709,0.18856573104858398,0.08503127098083496,0.31079021462264356,worker1,worker1,worker1,0,0.18856573104858398,0.0,0.0
model_0,280,1,0.6969964504241943,2,2,1,2,0.5702559351921082,0.43866729736328125,0.2583291530609131,0.3706319492784979,worker1->worker3,worker1,worker3,0,0.2851886749267578,0.0,0.15347862243652344
model_0,281,1,0.3903963565826416,1,9,0,0,0.9460269212722778,0.23109650611877441,0.1592998504638672,0.4080464578571075,worker1,worker1,worker1,0,0.23109650611877441,0.0,0.0
model_0,282,1,0.3782510757446289,9,0,0,1,0.7199610471725464,0.27715396881103516,0.10109710693359375,0.267275133942641,worker1,worker1,worker1,0,0.27715396881103516,0.0,0.0
model_0,283,1,0.2668607234954834,5,5,1,0,0.7875169515609741,0.18105101585388184,0.08580970764160156,0.32155240575540855,worker1,worker1,worker1,0,0.18105101585388184,0.0,0.0
model_0,284,1,0.7715041637420654,9,0,0,3,0.4769057035446167,0.6275756359100342,0.14392852783203125,0.1865557369566581,worker1->worker3->worker3,worker1,worker3,0,0.27361249923706055,0.0,0.35396313667297363
model_0,285,1,0.2676675319671631,0,0,1,0,0.8898136615753174,0.18301057815551758,0.08465695381164551,0.3162765135893697,worker1,worker1,worker1,0,0.18301057815551758,0.0,0.0
model_0,286,1,0.27054381370544434,8,0,0,0,0.8834060430526733,0.18508672714233398,0.08545708656311035,0.31587152333171475,worker1,worker1,worker1,0,0.18508672714233398,0.0,0.0
model_0,287,1,0.3304145336151123,1,1,1,0,0.9987732768058777,0.17998409271240234,0.15043044090270996,0.45527791788342103,worker1,worker1,worker1,0,0.17998409271240234,0.0,0.0
model_0,288,1,0.27757930755615234,9,1,0,0,0.9168543219566345,0.18212509155273438,0.09545421600341797,0.34388087802297096,worker1,worker1,worker1,0,0.18212509155273438,0.0,0.0
model_0,289,1,0.33554744720458984,0,0,1,0,0.6918227672576904,0.18262672424316406,0.15292072296142578,0.45573502118818693,worker1,worker1,worker1,0,0.18262672424316406,0.0,0.0
model_0,290,1,0.27916598320007324,8,8,1,0,0.9696007966995239,0.18106532096862793,0.09810066223144531,0.3514062175732146,worker1,worker1,worker1,0,0.18106532096862793,0.0,0.0
model_0,291,1,0.26894569396972656,4,4,1,0,0.9192020893096924,0.1838362216949463,0.08510947227478027,0.3164559767384135,worker1,worker1,worker1,0,0.1838362216949463,0.0,0.0
model_0,292,1,0.266063928604126,1,1,1,0,0.8230125308036804,0.18004441261291504,0.08601951599121094,0.3233039384275144,worker1,worker1,worker1,0,0.18004441261291504,0.0,0.0
model_0,293,1,0.3575458526611328,4,4,1,1,0.8266454339027405,0.27272820472717285,0.08481764793395996,0.23722173618483172,worker1,worker1,worker1,0,0.27272820472717285,0.0,0.0
model_0,294,1,0.2666618824005127,9,1,0,0,0.9911419153213501,0.1806950569152832,0.08596682548522949,0.32238137941331885,worker1,worker1,worker1,0,0.1806950569152832,0.0,0.0
model_0,295,1,0.35527491569519043,9,9,1,1,0.9869575500488281,0.27080726623535156,0.08446764945983887,0.2377529223940714,worker1,worker1,worker1,0,0.27080726623535156,0.0,0.0
model_0,296,1,0.3583793640136719,5,3,0,1,0.877532958984375,0.2723701000213623,0.08600926399230957,0.23999502379000925,worker1,worker1,worker1,0,0.2723701000213623,0.0,0.0
model_0,297,1,0.6005752086639404,8,8,1,2,0.8172056078910828,0.4507927894592285,0.14978241920471191,0.2493982719298768,worker1->worker3,worker1,worker3,0,0.27131199836730957,0.0,0.17948079109191895
model_0,298,1,0.38492918014526367,6,6,1,1,0.9614145159721375,0.2758922576904297,0.10903692245483398,0.28326489151507267,worker1,worker1,worker1,0,0.2758922576904297,0.0,0.0
model_0,299,1,0.2796809673309326,4,4,1,0,0.8744116425514221,0.181441068649292,0.09823989868164062,0.35125700407564103,worker1,worker1,worker1,0,0.181441068649292,0.0,0.0
model_0,300,1,0.3573734760284424,3,4,0,1,0.866999626159668,0.27118635177612305,0.08618712425231934,0.24116821765882798,worker1,worker1,worker1,0,0.27118635177612305,0.0,0.0
model_0,301,1,0.2709043025970459,9,9,1,0,0.9981032609939575,0.18515467643737793,0.08574962615966797,0.3165310603693713,worker1,worker1,worker1,0,0.18515467643737793,0.0,0.0
model_0,302,1,0.26573729515075684,8,8,1,0,0.9973862767219543,0.18111038208007812,0.08462691307067871,0.31846080552098854,worker1,worker1,worker1,0,0.18111038208007812,0.0,0.0
model_0,303,1,0.5643594264984131,0,2,0,2,0.9101388454437256,0.4199550151824951,0.14440441131591797,0.25587312718754424,worker1->worker3,worker1,worker3,0,0.27651333808898926,0.0,0.14344167709350586
model_0,304,1,0.9043025970458984,4,4,1,3,0.43469542264938354,0.6472768783569336,0.25702571868896484,0.28422534617128753,worker1->worker3->worker3,worker1,worker3,0,0.27460193634033203,0.0,0.37267494201660156
model_0,305,1,0.4029960632324219,4,4,1,1,0.9997913241386414,0.2787144184112549,0.12428164482116699,0.3083941908124533,worker1,worker1,worker1,0,0.2787144184112549,0.0,0.0
model_0,306,1,0.3593893051147461,5,5,1,0,0.8373181223869324,0.20509910583496094,0.15429019927978516,0.42931216116885634,worker1,worker1,worker1,0,0.20509910583496094,0.0,0.0
model_0,307,1,0.2830331325531006,7,7,1,0,0.865354061126709,0.18599247932434082,0.09704065322875977,0.3428596940344209,worker1,worker1,worker1,0,0.18599247932434082,0.0,0.0
model_0,308,1,0.2685506343841553,4,7,0,0,0.687330424785614,0.1837749481201172,0.08477568626403809,0.3156785924503477,worker1,worker1,worker1,0,0.1837749481201172,0.0,0.0
model_0,309,1,0.26940417289733887,5,7,0,0,0.7000274658203125,0.18131399154663086,0.08809018135070801,0.3269815029341669,worker1,worker1,worker1,0,0.18131399154663086,0.0,0.0
model_0,310,1,0.27216625213623047,1,1,1,0,0.9246490001678467,0.1873772144317627,0.08478903770446777,0.31153398718231734,worker1,worker1,worker1,0,0.1873772144317627,0.0,0.0
model_0,311,1,0.43421101570129395,6,6,1,1,0.984183132648468,0.272080659866333,0.16213035583496094,0.3733907016916747,worker1,worker1,worker1,0,0.272080659866333,0.0,0.0
model_0,312,1,0.6115031242370605,7,4,0,2,0.7143769264221191,0.4538145065307617,0.15768861770629883,0.2578705021385433,worker1->worker3,worker1,worker3,0,0.2738637924194336,0.0,0.17995071411132812
model_0,313,1,0.5731089115142822,4,4,1,2,0.9892880916595459,0.42864084243774414,0.14446806907653809,0.2520778619456833,worker1->worker3,worker1,worker3,0,0.2769186496734619,0.0,0.15172219276428223
model_0,314,1,0.36472606658935547,3,5,0,1,0.6523857116699219,0.27782583236694336,0.08690023422241211,0.23826164944841455,worker1,worker1,worker1,0,0.27782583236694336,0.0,0.0
model_0,315,1,0.5665249824523926,2,2,1,2,0.9942704439163208,0.4203329086303711,0.14619207382202148,0.25805053325129684,worker1->worker3,worker1,worker3,0,0.27181029319763184,0.0,0.14852261543273926
model_0,316,1,0.34226489067077637,9,9,1,0,0.7875368595123291,0.18537688255310059,0.15688800811767578,0.4583818334688202,worker1,worker1,worker1,0,0.18537688255310059,0.0,0.0
model_0,317,1,0.2726011276245117,7,7,1,0,0.9846723675727844,0.18659472465515137,0.08600640296936035,0.31550274101517267,worker1,worker1,worker1,0,0.18659472465515137,0.0,0.0
model_0,318,1,0.33571624755859375,3,7,0,0,0.8370970487594604,0.18195033073425293,0.15376591682434082,0.45802345862782085,worker1,worker1,worker1,0,0.18195033073425293,0.0,0.0
model_0,319,1,0.4239675998687744,9,9,1,0,0.6182548403739929,0.2549936771392822,0.1689739227294922,0.3985538583179296,worker1,worker1,worker1,0,0.2549936771392822,0.0,0.0
model_0,320,1,0.3933885097503662,5,5,1,1,0.9600602388381958,0.2927098274230957,0.10067868232727051,0.2559268505100937,worker1,worker1,worker1,0,0.2927098274230957,0.0,0.0
model_0,321,1,0.5499730110168457,2,2,1,2,0.9898982048034668,0.4039747714996338,0.14599823951721191,0.26546437114664156,worker1->worker3,worker1,worker3,0,0.27600693702697754,0.0,0.12796783447265625
model_0,322,1,0.5651991367340088,5,5,1,2,0.9598168134689331,0.4209480285644531,0.14425110816955566,0.2552217418503284,worker1->worker3,worker1,worker3,0,0.2801032066345215,0.0,0.14084482192993164
model_0,323,1,0.5638995170593262,2,2,1,2,0.9172086715698242,0.4200465679168701,0.14385294914245605,0.2551038700877655,worker1->worker3,worker1,worker3,0,0.27853965759277344,0.0,0.14150691032409668
model_0,324,1,0.26338744163513184,8,8,1,0,0.7198430299758911,0.18511748313903809,0.07826995849609375,0.2971666303077593,worker1,worker1,worker1,0,0.18511748313903809,0.0,0.0
model_0,325,1,0.26579928398132324,8,8,1,0,0.9881356954574585,0.18740391731262207,0.07839536666870117,0.2949419783772244,worker1,worker1,worker1,0,0.18740391731262207,0.0,0.0
model_0,326,1,0.2648289203643799,9,9,1,0,0.9353673458099365,0.18673467636108398,0.0780942440032959,0.2948856336983344,worker1,worker1,worker1,0,0.18673467636108398,0.0,0.0
model_0,327,1,0.2648019790649414,1,1,1,0,0.928164541721344,0.18665218353271484,0.07814979553222656,0.2951254209208939,worker1,worker1,worker1,0,0.18665218353271484,0.0,0.0
model_0,328,1,0.26822829246520996,1,1,1,0,0.7349070906639099,0.1887502670288086,0.07947802543640137,0.29630739064079126,worker1,worker1,worker1,0,0.1887502670288086,0.0,0.0
model_0,329,1,0.35785984992980957,3,3,1,1,0.8593601584434509,0.2792325019836426,0.07862734794616699,0.21971547789333987,worker1,worker1,worker1,0,0.2792325019836426,0.0,0.0
model_0,330,1,0.42473506927490234,9,9,1,1,0.984686017036438,0.2751271724700928,0.14960789680480957,0.35223815415152,worker1,worker1,worker1,0,0.2751271724700928,0.0,0.0
model_0,331,1,0.378831148147583,8,8,1,0,0.7924173474311829,0.22706007957458496,0.15177106857299805,0.40062985663964434,worker1,worker1,worker1,0,0.22706007957458496,0.0,0.0
model_0,332,1,0.39364123344421387,3,3,1,1,0.9157276153564453,0.28991103172302246,0.1037302017211914,0.26351457344443024,worker1,worker1,worker1,0,0.28991103172302246,0.0,0.0
model_0,333,1,0.2624025344848633,1,1,1,0,0.9988794922828674,0.18425464630126953,0.07814788818359375,0.29781681925066056,worker1,worker1,worker1,0,0.18425464630126953,0.0,0.0
model_0,334,1,0.35230374336242676,3,5,0,1,0.9692856669425964,0.2735433578491211,0.07876038551330566,0.22355818522280702,worker1,worker1,worker1,0,0.2735433578491211,0.0,0.0
model_0,335,1,0.35471582412719727,8,8,1,1,0.9966607093811035,0.276538610458374,0.07817721366882324,0.22039392762131113,worker1,worker1,worker1,0,0.276538610458374,0.0,0.0
model_0,336,1,0.6220231056213379,2,2,1,2,0.9593340754508972,0.4759829044342041,0.1460402011871338,0.23478259869664242,worker1->worker3,worker1,worker3,0,0.27233266830444336,0.0,0.20365023612976074
model_0,337,1,0.3564572334289551,0,0,1,1,0.8005309104919434,0.27683019638061523,0.07962703704833984,0.22338454541198188,worker1,worker1,worker1,0,0.27683019638061523,0.0,0.0
model_0,338,1,0.3592793941497803,3,5,0,1,0.6683067083358765,0.2741837501525879,0.08509564399719238,0.2368508892600637,worker1,worker1,worker1,0,0.2741837501525879,0.0,0.0
model_0,339,1,0.2675516605377197,0,0,1,0,0.8963152170181274,0.18216156959533691,0.08539009094238281,0.3191536571694887,worker1,worker1,worker1,0,0.18216156959533691,0.0,0.0
model_0,340,1,0.35736870765686035,9,0,0,1,0.9668280482292175,0.27320146560668945,0.0841672420501709,0.2355193396814892,worker1,worker1,worker1,0,0.27320146560668945,0.0,0.0
model_0,341,1,0.7473227977752686,2,2,1,3,0.9264647364616394,0.5954773426055908,0.15184545516967773,0.2031858998838411,worker1->worker3->worker3,worker1,worker3,0,0.2723259925842285,0.0,0.3231513500213623
model_0,342,1,0.3639719486236572,6,6,1,1,0.8974581956863403,0.27857327461242676,0.08539867401123047,0.23462982335358956,worker1,worker1,worker1,0,0.27857327461242676,0.0,0.0
model_0,343,1,0.35987281799316406,6,6,1,1,0.9536550045013428,0.27457237243652344,0.08530044555664062,0.23702942065010574,worker1,worker1,worker1,0,0.27457237243652344,0.0,0.0
model_0,344,1,0.267697811126709,8,8,1,0,0.9952515363693237,0.18171977996826172,0.08597803115844727,0.3211756973154757,worker1,worker1,worker1,0,0.18171977996826172,0.0,0.0
model_0,345,1,0.3582017421722412,6,6,1,1,0.9747092723846436,0.27324390411376953,0.08495783805847168,0.23717874051438792,worker1,worker1,worker1,0,0.27324390411376953,0.0,0.0
model_0,346,1,0.3603644371032715,4,7,0,1,0.8253658413887024,0.27436304092407227,0.08600139617919922,0.23865117454570955,worker1,worker1,worker1,0,0.27436304092407227,0.0,0.0
model_0,347,1,0.2696099281311035,2,2,1,0,0.7927160263061523,0.183274507522583,0.08633542060852051,0.3202234472854356,worker1,worker1,worker1,0,0.183274507522583,0.0,0.0
model_0,348,1,0.6951065063476562,8,8,1,2,0.9882510304450989,0.43239545822143555,0.2627110481262207,0.3779435895465871,worker1->worker3,worker1,worker3,0,0.27753257751464844,0.0,0.1548628807067871
model_0,349,1,0.28174591064453125,6,6,1,0,0.933983564376831,0.184478759765625,0.09726715087890625,0.3452300360150559,worker1,worker1,worker1,0,0.184478759765625,0.0,0.0
model_0,350,1,0.2670576572418213,8,8,1,0,0.9781683087348938,0.18241262435913086,0.08464503288269043,0.3169541504890989,worker1,worker1,worker1,0,0.18241262435913086,0.0,0.0
model_0,351,1,0.3640730381011963,6,2,0,1,0.7148863077163696,0.27396512031555176,0.09010791778564453,0.247499562877816,worker1,worker1,worker1,0,0.27396512031555176,0.0,0.0
model_0,352,1,0.34392642974853516,0,1,0,0,0.6175219416618347,0.18238472938537598,0.16154170036315918,0.46969841916851757,worker1,worker1,worker1,0,0.18238472938537598,0.0,0.0
model_0,353,1,0.4466879367828369,4,4,1,1,0.9861211180686951,0.27849721908569336,0.16819071769714355,0.37652845274599755,worker1,worker1,worker1,0,0.27849721908569336,0.0,0.0
model_0,354,1,0.27133822441101074,6,6,1,0,0.9580148458480835,0.1824052333831787,0.08893299102783203,0.32775695802122007,worker1,worker1,worker1,0,0.1824052333831787,0.0,0.0
model_0,355,1,0.26701951026916504,5,4,0,0,0.8111891746520996,0.18265151977539062,0.08436799049377441,0.3159618951017044,worker1,worker1,worker1,0,0.18265151977539062,0.0,0.0
model_0,356,1,0.2662522792816162,7,7,1,0,0.5966354012489319,0.18166041374206543,0.08459186553955078,0.3177132070673378,worker1,worker1,worker1,0,0.18166041374206543,0.0,0.0
model_0,357,1,0.2703425884246826,4,4,1,0,0.7983118295669556,0.183790922164917,0.08655166625976562,0.3201554988583639,worker1,worker1,worker1,0,0.183790922164917,0.0,0.0
model_0,358,1,0.3386964797973633,7,7,1,0,0.9921424388885498,0.1844482421875,0.15424823760986328,0.45541730372322603,worker1,worker1,worker1,0,0.1844482421875,0.0,0.0
model_0,359,1,0.470020055770874,9,1,0,1,0.8570106625556946,0.3078031539916992,0.1622169017791748,0.3451276169760988,worker1,worker1,worker1,0,0.3078031539916992,0.0,0.0
model_0,360,1,0.2813575267791748,5,5,1,0,0.8822457790374756,0.18682217597961426,0.09453535079956055,0.33599723413035687,worker1,worker1,worker1,0,0.18682217597961426,0.0,0.0
model_0,361,1,0.683403730392456,1,0,0,2,0.7398634552955627,0.42096805572509766,0.2624356746673584,0.3840126458142836,worker1->worker3,worker1,worker3,0,0.27365851402282715,0.0,0.1473095417022705
model_0,362,1,0.28325843811035156,4,4,1,0,0.7399641871452332,0.18616628646850586,0.0970921516418457,0.3427687884235972,worker1,worker1,worker1,0,0.18616628646850586,0.0,0.0
model_0,363,1,0.4273416996002197,2,2,1,1,0.8392497301101685,0.27353692054748535,0.15380477905273438,0.359910533413003,worker1,worker1,worker1,0,0.27353692054748535,0.0,0.0
model_0,364,1,0.47690463066101074,9,9,1,1,0.8308514952659607,0.30851078033447266,0.16839385032653809,0.35309753669855715,worker1,worker1,worker1,0,0.30851078033447266,0.0,0.0
model_0,365,1,0.29349780082702637,4,2,0,0,0.956506073474884,0.1953737735748291,0.09812402725219727,0.3343262776610272,worker1,worker1,worker1,0,0.1953737735748291,0.0,0.0
model_0,366,1,0.3619978427886963,7,0,0,1,0.6376529932022095,0.2767953872680664,0.08520245552062988,0.2353673018166682,worker1,worker1,worker1,0,0.2767953872680664,0.0,0.0
model_0,367,1,0.26859092712402344,7,7,1,0,0.9791393280029297,0.18376445770263672,0.08482646942138672,0.31582030833907354,worker1,worker1,worker1,0,0.18376445770263672,0.0,0.0
model_0,368,1,0.2721407413482666,1,1,1,0,0.9951743483543396,0.1886463165283203,0.08349442481994629,0.30680604604180156,worker1,worker1,worker1,0,0.1886463165283203,0.0,0.0
model_0,369,1,0.594855785369873,5,5,1,2,0.9356955885887146,0.45098328590393066,0.14387249946594238,0.24186114181689342,worker1->worker3,worker1,worker3,0,0.2849857807159424,0.0,0.16599750518798828
model_0,370,1,0.3846111297607422,0,0,1,0,0.985191285610199,0.2327589988708496,0.15185213088989258,0.3948199080571494,worker1,worker1,worker1,0,0.2327589988708496,0.0,0.0
model_0,371,1,0.5833947658538818,5,5,1,2,0.9786990880966187,0.42963600158691406,0.15375876426696777,0.26355869690040806,worker1->worker3,worker1,worker3,0,0.27504491806030273,0.0,0.15459108352661133
model_0,372,1,0.38231563568115234,4,4,1,1,0.9753697514533997,0.27659177780151367,0.10572385787963867,0.2765355324567771,worker1,worker1,worker1,0,0.27659177780151367,0.0,0.0
model_0,373,1,0.369356632232666,7,7,1,1,0.9477939605712891,0.2788074016571045,0.09054923057556152,0.24515393165736504,worker1,worker1,worker1,0,0.2788074016571045,0.0,0.0
model_0,374,1,0.2707488536834717,9,1,0,0,0.7815036177635193,0.1857740879058838,0.08497476577758789,0.3138508792245177,worker1,worker1,worker1,0,0.1857740879058838,0.0,0.0
model_0,375,1,0.4352889060974121,9,9,1,1,0.9972987771034241,0.276918888092041,0.1583700180053711,0.3638273702521835,worker1,worker1,worker1,0,0.276918888092041,0.0,0.0
model_0,376,1,0.37054967880249023,3,6,0,1,0.7715768814086914,0.27327871322631836,0.09727096557617188,0.2625045200161112,worker1,worker1,worker1,0,0.27327871322631836,0.0,0.0
model_0,377,1,0.3604600429534912,6,6,1,1,0.9883654117584229,0.2755563259124756,0.08490371704101562,0.23554265916783024,worker1,worker1,worker1,0,0.2755563259124756,0.0,0.0
model_0,378,1,0.8125782012939453,9,9,1,3,0.5187700986862183,0.6612136363983154,0.15136456489562988,0.18627692036852297,worker1->worker3->worker3,worker1,worker3,0,0.2753767967224121,0.0,0.3858368396759033
model_0,379,1,0.2699916362762451,9,9,1,0,0.9625504612922668,0.1852402687072754,0.08475136756896973,0.3139036776763535,worker1,worker1,worker1,0,0.1852402687072754,0.0,0.0
model_0,380,1,0.44664669036865234,9,1,0,1,0.49256885051727295,0.2794482707977295,0.16719841957092285,0.37434156163324744,worker1,worker1,worker1,0,0.2794482707977295,0.0,0.0
model_0,381,1,0.37131810188293457,8,8,1,1,0.8619253039360046,0.2742886543273926,0.09702944755554199,0.2613108465854769,worker1,worker1,worker1,0,0.2742886543273926,0.0,0.0
model_0,382,1,0.36213064193725586,2,2,1,1,0.9832106828689575,0.27580690383911133,0.08632373809814453,0.23837733707467182,worker1,worker1,worker1,0,0.27580690383911133,0.0,0.0
model_0,383,1,0.4392237663269043,4,2,0,1,0.9342818856239319,0.27467966079711914,0.16454410552978516,0.37462477703749464,worker1,worker1,worker1,0,0.27467966079711914,0.0,0.0
model_0,384,1,0.37652015686035156,4,4,1,0,0.9187469482421875,0.2221386432647705,0.15438151359558105,0.4100219092728148,worker1,worker1,worker1,0,0.2221386432647705,0.0,0.0
model_0,385,1,0.29032444953918457,9,1,0,0,0.5235536098480225,0.19207429885864258,0.09825015068054199,0.33841500719794304,worker1,worker1,worker1,0,0.19207429885864258,0.0,0.0
model_0,386,1,0.27045392990112305,0,0,1,0,0.9930550456047058,0.18701744079589844,0.08343648910522461,0.3085053677560858,worker1,worker1,worker1,0,0.18701744079589844,0.0,0.0
model_0,387,1,0.3464014530181885,7,7,1,0,0.7750748991966248,0.18793511390686035,0.15846633911132812,0.45746441803466553,worker1,worker1,worker1,0,0.18793511390686035,0.0,0.0
model_0,388,1,0.39957165718078613,8,8,1,0,0.9993765950202942,0.2351703643798828,0.16440129280090332,0.41144382952697767,worker1,worker1,worker1,0,0.2351703643798828,0.0,0.0
model_0,389,1,0.29279255867004395,7,7,1,0,0.9370771646499634,0.1911461353302002,0.10164642333984375,0.34716190808111325,worker1,worker1,worker1,0,0.1911461353302002,0.0,0.0
model_0,390,1,0.268665075302124,3,5,0,0,0.7159207463264465,0.18241500854492188,0.08625006675720215,0.3210319266849653,worker1,worker1,worker1,0,0.18241500854492188,0.0,0.0
model_0,391,1,0.35701799392700195,4,4,1,1,0.5631533265113831,0.27257370948791504,0.08444428443908691,0.23652669018232425,worker1,worker1,worker1,0,0.27257370948791504,0.0,0.0
model_0,392,1,0.3657832145690918,6,2,0,1,0.9805353283882141,0.2820549011230469,0.08372831344604492,0.22890146434051228,worker1,worker1,worker1,0,0.2820549011230469,0.0,0.0
model_0,393,1,0.3556082248687744,3,0,0,1,0.7230833768844604,0.27295494079589844,0.08265328407287598,0.23242793133757372,worker1,worker1,worker1,0,0.27295494079589844,0.0,0.0
model_0,394,1,0.359511137008667,3,3,1,1,0.9865829348564148,0.27374792098999023,0.08576321601867676,0.2385551021653307,worker1,worker1,worker1,0,0.27374792098999023,0.0,0.0
model_0,395,1,0.26800966262817383,5,5,1,0,0.7905774116516113,0.18135643005371094,0.08665323257446289,0.32332130015283145,worker1,worker1,worker1,0,0.18135643005371094,0.0,0.0
model_0,396,1,0.43134498596191406,0,0,1,1,0.9926597476005554,0.2766094207763672,0.15473556518554688,0.3587280951938766,worker1,worker1,worker1,0,0.2766094207763672,0.0,0.0
model_0,397,1,0.27576279640197754,5,5,1,0,0.8732824325561523,0.18183064460754395,0.0939321517944336,0.34062662919007153,worker1,worker1,worker1,0,0.18183064460754395,0.0,0.0
model_0,398,1,0.35717344284057617,6,6,1,1,0.9904948472976685,0.2731189727783203,0.08405447006225586,0.23533236232172347,worker1,worker1,worker1,0,0.2731189727783203,0.0,0.0
model_0,399,1,0.2696869373321533,3,3,1,0,0.7716107368469238,0.1838834285736084,0.08580350875854492,0.31815967657664906,worker1,worker1,worker1,0,0.1838834285736084,0.0,0.0
model_0,400,1,0.3560609817504883,9,1,0,1,0.6414136290550232,0.2711164951324463,0.08494448661804199,0.2385672426122987,worker1,worker1,worker1,0,0.2711164951324463,0.0,0.0
model_0,401,1,0.26796984672546387,6,4,0,0,0.9465590715408325,0.1833665370941162,0.08460330963134766,0.31571951346460286,worker1,worker1,worker1,0,0.1833665370941162,0.0,0.0
model_0,402,1,0.6103541851043701,6,6,1,2,0.9833388328552246,0.45783329010009766,0.15252089500427246,0.2498891606325129,worker1->worker3,worker1,worker3,0,0.272784948348999,0.0,0.18504834175109863
model_0,403,1,0.41766905784606934,4,4,1,1,0.9716349244117737,0.2873523235321045,0.13031673431396484,0.31200954886630045,worker1,worker1,worker1,0,0.2873523235321045,0.0,0.0
model_0,404,1,0.27248501777648926,7,7,1,0,0.9533516764640808,0.18218636512756348,0.09029865264892578,0.3313894223828294,worker1,worker1,worker1,0,0.18218636512756348,0.0,0.0
model_0,405,1,0.34668946266174316,9,9,1,0,0.9621953964233398,0.18301177024841309,0.16367769241333008,0.47211614439238553,worker1,worker1,worker1,0,0.18301177024841309,0.0,0.0
model_0,406,1,0.6407673358917236,3,5,0,2,0.8582600355148315,0.42243361473083496,0.21833372116088867,0.34073790739823623,worker1->worker3,worker1,worker3,0,0.2751452922821045,0.0,0.14728832244873047
model_0,407,1,0.359081506729126,0,0,1,0,0.971518874168396,0.20436716079711914,0.15471434593200684,0.43086135886334015,worker1,worker1,worker1,0,0.20436716079711914,0.0,0.0
model_0,408,1,0.3585197925567627,6,6,1,0,0.9015580415725708,0.19939208030700684,0.15912771224975586,0.44384638046046493,worker1,worker1,worker1,0,0.19939208030700684,0.0,0.0
model_0,409,1,0.2797658443450928,9,9,1,0,0.9227799773216248,0.18524169921875,0.09452414512634277,0.3378687821868158,worker1,worker1,worker1,0,0.18524169921875,0.0,0.0
model_0,410,1,0.8933610916137695,3,3,1,3,0.8204953074455261,0.6337149143218994,0.2596461772918701,0.2906396749637313,worker1->worker3->worker3,worker1,worker3,0,0.27617979049682617,0.0,0.35753512382507324
model_0,411,1,0.4758567810058594,1,1,1,1,0.7282442450523376,0.3183107376098633,0.1575460433959961,0.33107869780268234,worker1,worker1,worker1,0,0.3183107376098633,0.0,0.0
model_0,412,1,0.3792414665222168,6,6,1,1,0.9717370867729187,0.28201818466186523,0.09722328186035156,0.25636247732064926,worker1,worker1,worker1,0,0.28201818466186523,0.0,0.0
model_0,413,1,0.27040982246398926,8,8,1,0,0.9852295517921448,0.18540263175964355,0.0850071907043457,0.31436428577096603,worker1,worker1,worker1,0,0.18540263175964355,0.0,0.0
model_0,414,1,0.27277588844299316,4,4,1,0,0.8450828790664673,0.18651485443115234,0.08626103401184082,0.3162340869063591,worker1,worker1,worker1,0,0.18651485443115234,0.0,0.0
model_0,415,1,0.3637521266937256,3,6,0,1,0.6629179120063782,0.2776026725769043,0.08614945411682129,0.23683560258427844,worker1,worker1,worker1,0,0.2776026725769043,0.0,0.0
model_0,416,1,0.2734982967376709,8,8,1,0,0.9981688261032104,0.18765521049499512,0.08584308624267578,0.31387064294960926,worker1,worker1,worker1,0,0.18765521049499512,0.0,0.0
model_0,417,1,0.34118103981018066,7,7,1,0,0.987514078617096,0.18583178520202637,0.1553492546081543,0.45532792412668754,worker1,worker1,worker1,0,0.18583178520202637,0.0,0.0
model_0,418,1,0.41428208351135254,7,7,1,0,0.999679446220398,0.249556303024292,0.16472578048706055,0.39761743759441764,worker1,worker1,worker1,0,0.249556303024292,0.0,0.0
model_0,419,1,0.29578566551208496,1,1,1,0,0.8902543783187866,0.19143080711364746,0.1043548583984375,0.3528056649323118,worker1,worker1,worker1,0,0.19143080711364746,0.0,0.0
model_0,420,1,0.3560068607330322,3,4,0,1,0.9144152998924255,0.2722506523132324,0.0837562084197998,0.23526571439478008,worker1,worker1,worker1,0,0.2722506523132324,0.0,0.0
model_0,421,1,0.2676074504852295,9,9,1,0,0.9985306262969971,0.183152437210083,0.08445501327514648,0.3155929071556547,worker1,worker1,worker1,0,0.183152437210083,0.0,0.0
model_0,422,1,0.358701229095459,2,0,0,1,0.837785005569458,0.2732963562011719,0.08540487289428711,0.23809473167865514,worker1,worker1,worker1,0,0.2732963562011719,0.0,0.0
model_0,423,1,0.2679264545440674,1,1,1,0,0.97966468334198,0.18241620063781738,0.08551025390625,0.3191556953633544,worker1,worker1,worker1,0,0.18241620063781738,0.0,0.0
model_0,424,1,0.2718026638031006,1,1,1,0,0.9621107578277588,0.18399858474731445,0.08780407905578613,0.3230434824560557,worker1,worker1,worker1,0,0.18399858474731445,0.0,0.0
model_0,425,1,0.2679002285003662,4,4,1,0,0.9169499278068542,0.18327569961547852,0.0846245288848877,0.3158807641135402,worker1,worker1,worker1,0,0.18327569961547852,0.0,0.0
model_0,426,1,0.2750070095062256,9,9,1,0,0.9992629885673523,0.18526196479797363,0.08974504470825195,0.3263372990724453,worker1,worker1,worker1,0,0.18526196479797363,0.0,0.0
model_0,427,1,0.26578378677368164,7,7,1,0,0.9661142826080322,0.182145357131958,0.08363842964172363,0.3146859733507479,worker1,worker1,worker1,0,0.182145357131958,0.0,0.0
model_0,428,1,0.3601226806640625,4,4,1,1,0.9797154664993286,0.2738358974456787,0.08628678321838379,0.2396038568281005,worker1,worker1,worker1,0,0.2738358974456787,0.0,0.0
model_0,429,1,0.2679111957550049,7,7,1,0,0.943378746509552,0.1833970546722412,0.08451414108276367,0.31545580185476385,worker1,worker1,worker1,0,0.1833970546722412,0.0,0.0
model_0,430,1,0.27187442779541016,7,7,1,0,0.9789589047431946,0.18303656578063965,0.08883786201477051,0.32676063995846794,worker1,worker1,worker1,0,0.18303656578063965,0.0,0.0
model_0,431,1,0.26488256454467773,5,5,1,0,0.9124339818954468,0.18282508850097656,0.08205747604370117,0.3097881364322888,worker1,worker1,worker1,0,0.18282508850097656,0.0,0.0
model_0,432,1,0.36229372024536133,9,9,1,1,0.9642518162727356,0.2721250057220459,0.09016871452331543,0.2488829076646683,worker1,worker1,worker1,0,0.2721250057220459,0.0,0.0
model_0,433,1,0.3636467456817627,6,6,1,1,0.9998677968978882,0.2778599262237549,0.08578681945800781,0.2359070182167455,worker1,worker1,worker1,0,0.2778599262237549,0.0,0.0
model_0,434,1,0.3366665840148926,2,0,0,0,0.5365269780158997,0.18349599838256836,0.15317058563232422,0.45496224723493395,worker1,worker1,worker1,0,0.18349599838256836,0.0,0.0
model_0,435,1,0.44870734214782715,1,1,1,1,0.9080682992935181,0.2908647060394287,0.15784263610839844,0.3517719040496489,worker1,worker1,worker1,0,0.2908647060394287,0.0,0.0
model_0,436,1,0.36472034454345703,3,3,1,1,0.9951347708702087,0.27559471130371094,0.0891256332397461,0.24436704607556278,worker1,worker1,worker1,0,0.27559471130371094,0.0,0.0
model_0,437,1,0.3640556335449219,6,2,0,1,0.8116304278373718,0.2729172706604004,0.09113836288452148,0.25034185571331274,worker1,worker1,worker1,0,0.2729172706604004,0.0,0.0
model_0,438,1,0.26772117614746094,9,9,1,0,0.88752281665802,0.18284344673156738,0.08487772941589355,0.3170377877360843,worker1,worker1,worker1,0,0.18284344673156738,0.0,0.0
model_0,439,1,0.3550140857696533,3,3,1,1,0.5621190071105957,0.27195000648498535,0.08306407928466797,0.23397403825425425,worker1,worker1,worker1,0,0.27195000648498535,0.0,0.0
model_0,440,1,0.26855039596557617,9,9,1,0,0.9590250253677368,0.1839747428894043,0.08457565307617188,0.3149340099539943,worker1,worker1,worker1,0,0.1839747428894043,0.0,0.0
model_0,441,1,0.2655949592590332,0,0,1,0,0.8984084725379944,0.18207788467407227,0.08351707458496094,0.3144527848644417,worker1,worker1,worker1,0,0.18207788467407227,0.0,0.0
model_0,442,1,0.7757413387298584,2,2,1,3,0.6827226281166077,0.6199221611022949,0.15581917762756348,0.2008648628712894,worker1->worker3->worker3,worker1,worker3,0,0.27442407608032227,0.0,0.34549808502197266
model_0,443,1,0.3440072536468506,3,3,1,0,0.8337819576263428,0.1837475299835205,0.16025972366333008,0.4658614664789853,worker1,worker1,worker1,0,0.1837475299835205,0.0,0.0
model_0,444,1,0.2777249813079834,1,1,1,0,0.9490270018577576,0.18109703063964844,0.09662795066833496,0.34792675190129657,worker1,worker1,worker1,0,0.18109703063964844,0.0,0.0
model_0,445,1,0.35627293586730957,5,5,1,1,0.9537325501441956,0.27265357971191406,0.08361935615539551,0.23470588904496167,worker1,worker1,worker1,0,0.27265357971191406,0.0,0.0
model_0,446,1,0.5694701671600342,9,8,0,2,0.9386211037635803,0.4255249500274658,0.14394521713256836,0.25277042667648025,worker1->worker3,worker1,worker3,0,0.27219128608703613,0.0,0.1533336639404297
model_0,447,1,0.3603818416595459,6,6,1,1,0.9985445737838745,0.275529146194458,0.08485269546508789,0.2354521944678016,worker1,worker1,worker1,0,0.275529146194458,0.0,0.0
model_0,448,1,0.357649564743042,3,3,1,1,0.9799301624298096,0.2727630138397217,0.08488655090332031,0.2373456010335373,worker1,worker1,worker1,0,0.2727630138397217,0.0,0.0
model_0,449,1,0.3726487159729004,9,0,0,1,0.9664583206176758,0.28624868392944336,0.08640003204345703,0.23185383000149712,worker1,worker1,worker1,0,0.28624868392944336,0.0,0.0
model_0,450,1,0.35588979721069336,4,4,1,0,0.7287954092025757,0.1966855525970459,0.15920424461364746,0.44734141259856236,worker1,worker1,worker1,0,0.1966855525970459,0.0,0.0
model_0,451,1,0.3555576801300049,1,1,1,0,0.9651023745536804,0.20125746726989746,0.15430021286010742,0.4339667555590126,worker1,worker1,worker1,0,0.20125746726989746,0.0,0.0
model_0,452,1,0.3651587963104248,0,8,0,0,0.843970775604248,0.20436358451843262,0.1607952117919922,0.44034325180352146,worker1,worker1,worker1,0,0.20436358451843262,0.0,0.0
model_0,453,1,0.3650946617126465,0,0,1,1,0.9576194882392883,0.278580904006958,0.08651375770568848,0.23696253815340773,worker1,worker1,worker1,0,0.278580904006958,0.0,0.0
model_0,454,1,0.26631641387939453,0,0,1,0,0.7621073126792908,0.1815176010131836,0.08479881286621094,0.31841376816005557,worker1,worker1,worker1,0,0.1815176010131836,0.0,0.0
model_0,455,1,0.3376014232635498,8,8,1,0,0.9567612409591675,0.18519878387451172,0.15240263938903809,0.45142771590173186,worker1,worker1,worker1,0,0.18519878387451172,0.0,0.0
model_0,456,1,0.27543044090270996,2,2,1,0,0.9125319719314575,0.18039274215698242,0.09503769874572754,0.34505154344685385,worker1,worker1,worker1,0,0.18039274215698242,0.0,0.0
model_0,457,1,0.6142380237579346,6,6,1,2,0.8150565028190613,0.4637444019317627,0.15049362182617188,0.24500863835398115,worker1->worker3,worker1,worker3,0,0.2756831645965576,0.0,0.18806123733520508
model_0,458,1,0.39064836502075195,1,1,1,1,0.8076109290122986,0.275423526763916,0.11522483825683594,0.29495794318943325,worker1,worker1,worker1,0,0.275423526763916,0.0,0.0
model_0,459,1,0.3607923984527588,8,8,1,0,0.9786591529846191,0.2062370777130127,0.1545553207397461,0.42837743090638636,worker1,worker1,worker1,0,0.2062370777130127,0.0,0.0
model_0,460,1,0.27628064155578613,6,6,1,0,0.7034197449684143,0.18710827827453613,0.08917236328125,0.32276008474247175,worker1,worker1,worker1,0,0.18710827827453613,0.0,0.0
model_0,461,1,0.3670334815979004,5,5,1,1,0.7987808585166931,0.2730221748352051,0.09401130676269531,0.2561382311864627,worker1,worker1,worker1,0,0.2730221748352051,0.0,0.0
model_0,462,1,0.36246752738952637,5,5,1,1,0.6042753458023071,0.27780890464782715,0.08465862274169922,0.23356195064260385,worker1,worker1,worker1,0,0.27780890464782715,0.0,0.0
model_0,463,1,0.26721954345703125,1,1,1,0,0.8571351170539856,0.1827073097229004,0.08451223373413086,0.3162651677373305,worker1,worker1,worker1,0,0.1827073097229004,0.0,0.0
model_0,464,1,0.3332982063293457,6,6,1,0,0.9822300672531128,0.18311643600463867,0.15018177032470703,0.4505927948988307,worker1,worker1,worker1,0,0.18311643600463867,0.0,0.0
model_0,465,1,0.28311872482299805,4,5,0,0,0.894088864326477,0.18661117553710938,0.09650754928588867,0.34087307134568323,worker1,worker1,worker1,0,0.18661117553710938,0.0,0.0
model_0,466,1,0.26552677154541016,9,1,0,0,0.954020619392395,0.1820230484008789,0.08350372314453125,0.31448325401813776,worker1,worker1,worker1,0,0.1820230484008789,0.0,0.0
model_0,467,1,0.27257680892944336,1,1,1,0,0.9334373474121094,0.18666625022888184,0.08591055870056152,0.3151792664899805,worker1,worker1,worker1,0,0.18666625022888184,0.0,0.0
model_0,468,1,0.5726783275604248,4,4,1,2,0.9804953932762146,0.4308891296386719,0.14178919792175293,0.24758959977718448,worker1->worker3,worker1,worker3,0,0.27512359619140625,0.0,0.15576553344726562
model_0,469,1,0.3671607971191406,3,5,0,1,0.9980535507202148,0.2821202278137207,0.08504056930541992,0.2316166921214766,worker1,worker1,worker1,0,0.2821202278137207,0.0,0.0
model_0,470,1,0.2653794288635254,3,5,0,0,0.5163794755935669,0.1808474063873291,0.08453202247619629,0.31853268672029555,worker1,worker1,worker1,0,0.1808474063873291,0.0,0.0
model_0,471,1,0.4228339195251465,0,0,1,1,0.7390989661216736,0.272244930267334,0.1505889892578125,0.3561421690741553,worker1,worker1,worker1,0,0.272244930267334,0.0,0.0
model_0,472,1,0.3787574768066406,9,1,0,0,0.8553737998008728,0.22419452667236328,0.15456295013427734,0.4080789412724471,worker1,worker1,worker1,0,0.22419452667236328,0.0,0.0
model_0,473,1,0.37044382095336914,0,0,1,1,0.8067771792411804,0.2751481533050537,0.09529566764831543,0.2572472862499469,worker1,worker1,worker1,0,0.2751481533050537,0.0,0.0
model_0,474,1,0.3571758270263672,5,5,1,1,0.8577796220779419,0.27228450775146484,0.08489131927490234,0.23767375295707108,worker1,worker1,worker1,0,0.27228450775146484,0.0,0.0
model_0,475,1,0.27284717559814453,2,2,1,0,0.8383921980857849,0.18788599967956543,0.0849611759185791,0.3113874121376717,worker1,worker1,worker1,0,0.18788599967956543,0.0,0.0
model_0,476,1,0.26429128646850586,0,0,1,0,0.9937240481376648,0.18074870109558105,0.0835425853729248,0.31610041514887444,worker1,worker1,worker1,0,0.18074870109558105,0.0,0.0
model_0,477,1,0.26708984375,4,4,1,0,0.9449906349182129,0.18160533905029297,0.08548450469970703,0.32005898651736747,worker1,worker1,worker1,0,0.18160533905029297,0.0,0.0
model_0,478,1,0.35575079917907715,4,4,1,1,0.8758522272109985,0.2720208168029785,0.08372998237609863,0.23536133318410565,worker1,worker1,worker1,0,0.2720208168029785,0.0,0.0
model_0,479,1,0.35805702209472656,9,9,1,1,0.9767935276031494,0.2722022533416748,0.08585476875305176,0.23977959781595418,worker1,worker1,worker1,0,0.2722022533416748,0.0,0.0
model_0,480,1,0.26702046394348145,8,0,0,0,0.7416041493415833,0.1821746826171875,0.08484578132629395,0.31775010826231176,worker1,worker1,worker1,0,0.1821746826171875,0.0,0.0
model_0,481,1,0.26499319076538086,3,3,1,0,0.7258432507514954,0.1815319061279297,0.08346128463745117,0.3149563367888421,worker1,worker1,worker1,0,0.1815319061279297,0.0,0.0
model_0,482,1,0.3590576648712158,9,8,0,1,0.8500019311904907,0.274838924407959,0.08421874046325684,0.23455491611205068,worker1,worker1,worker1,0,0.274838924407959,0.0,0.0
model_0,483,1,0.3562009334564209,6,6,1,1,0.9995731711387634,0.2711336612701416,0.0850672721862793,0.2388182180232461,worker1,worker1,worker1,0,0.2711336612701416,0.0,0.0
model_0,484,1,0.2704155445098877,7,7,1,0,0.8900086879730225,0.18538928031921387,0.08502626419067383,0.3144281677474531,worker1,worker1,worker1,0,0.18538928031921387,0.0,0.0
model_0,485,1,0.3615291118621826,5,5,1,1,0.8097304105758667,0.27785563468933105,0.08367347717285156,0.2314432625960934,worker1,worker1,worker1,0,0.27785563468933105,0.0,0.0
model_0,486,1,0.35997438430786133,5,5,1,1,0.9753153324127197,0.27477216720581055,0.08520221710205078,0.2366896668658045,worker1,worker1,worker1,0,0.27477216720581055,0.0,0.0
model_0,487,1,0.3593714237213135,8,8,1,1,0.6706438064575195,0.27411937713623047,0.08525204658508301,0.2372254468713532,worker1,worker1,worker1,0,0.27411937713623047,0.0,0.0
model_0,488,1,0.268221378326416,5,5,1,0,0.9442455768585205,0.18306207656860352,0.0851593017578125,0.31749632445097875,worker1,worker1,worker1,0,0.18306207656860352,0.0,0.0
model_0,489,1,0.2679009437561035,2,2,1,0,0.7998575568199158,0.18321800231933594,0.08468294143676758,0.3160979586315409,worker1,worker1,worker1,0,0.18321800231933594,0.0,0.0
model_0,490,1,0.277665376663208,0,0,1,0,0.8607304096221924,0.1929643154144287,0.0847010612487793,0.30504725604127725,worker1,worker1,worker1,0,0.1929643154144287,0.0,0.0
model_0,491,1,0.3652491569519043,7,7,1,1,0.5199785828590393,0.28043556213378906,0.08481359481811523,0.2322075032996816,worker1,worker1,worker1,0,0.28043556213378906,0.0,0.0
model_0,492,1,0.27402806282043457,6,6,1,0,0.9277701377868652,0.18917346000671387,0.0848546028137207,0.3096566166995981,worker1,worker1,worker1,0,0.18917346000671387,0.0,0.0
model_0,493,1,0.2773168087005615,6,6,1,0,0.8077753186225891,0.19288945198059082,0.0844273567199707,0.3044437050735459,worker1,worker1,worker1,0,0.19288945198059082,0.0,0.0
model_0,494,1,0.2661020755767822,7,7,1,0,0.9736853837966919,0.18175315856933594,0.08434891700744629,0.31697955314560444,worker1,worker1,worker1,0,0.18175315856933594,0.0,0.0
model_0,495,1,0.362978458404541,6,7,0,1,0.8755778670310974,0.278256893157959,0.08472156524658203,0.2334065928291521,worker1,worker1,worker1,0,0.278256893157959,0.0,0.0
model_0,496,1,0.3591623306274414,5,5,1,1,0.826951801776886,0.27471423149108887,0.08444809913635254,0.23512515632924333,worker1,worker1,worker1,0,0.27471423149108887,0.0,0.0
model_0,497,1,0.3651096820831299,1,1,1,1,0.9988365769386292,0.2816329002380371,0.08347678184509277,0.2286348074058644,worker1,worker1,worker1,0,0.2816329002380371,0.0,0.0
model_0,498,1,0.36571502685546875,2,2,1,1,0.9815497994422913,0.2819490432739258,0.08376598358154297,0.22904714717847086,worker1,worker1,worker1,0,0.2819490432739258,0.0,0.0
model_0,499,1,0.37687063217163086,3,6,0,1,0.8689559698104858,0.2920856475830078,0.08478498458862305,0.22497105730968994,worker1,worker1,worker1,0,0.2920856475830078,0.0,0.0
model_0,500,1,0.3672003746032715,2,2,1,1,0.7916173934936523,0.28214073181152344,0.08505964279174805,0.2316436710709996,worker1,worker1,worker1,0,0.28214073181152344,0.0,0.0
model_0,501,1,0.2710871696472168,2,5,0,0,0.8284196257591248,0.1876354217529297,0.08345174789428711,0.3078410092328908,worker1,worker1,worker1,0,0.1876354217529297,0.0,0.0
model_0,502,1,0.538088321685791,4,7,0,2,0.7436521053314209,0.3860762119293213,0.15201210975646973,0.28250401212988047,worker1->worker3,worker1,worker3,0,0.2777831554412842,0.0,0.10829305648803711
model_0,503,1,0.28142356872558594,9,9,1,0,0.7825467586517334,0.19325733184814453,0.0881662368774414,0.31328661375697237,worker1,worker1,worker1,0,0.19325733184814453,0.0,0.0
model_0,504,1,0.5460174083709717,2,2,1,2,0.9990940093994141,0.39949846267700195,0.14651894569396973,0.2683411617426358,worker1->worker3,worker1,worker3,0,0.2893834114074707,0.0,0.11011505126953125
model_0,505,1,0.2754819393157959,7,3,0,0,0.9190502166748047,0.18959856033325195,0.08588337898254395,0.31175684037889834,worker1,worker1,worker1,0,0.18959856033325195,0.0,0.0
model_0,506,1,0.3824911117553711,5,5,1,1,0.7016101479530334,0.29834842681884766,0.08414268493652344,0.21998598751841944,worker1,worker1,worker1,0,0.29834842681884766,0.0,0.0
model_0,507,1,0.2690732479095459,8,8,1,0,0.9933404326438904,0.18445277214050293,0.08462047576904297,0.3144886250359967,worker1,worker1,worker1,0,0.18445277214050293,0.0,0.0
model_0,508,1,0.5321009159088135,6,6,1,2,0.728075385093689,0.38813352584838867,0.1439673900604248,0.27056407113025266,worker1->worker3,worker1,worker3,0,0.2769606113433838,0.0,0.11117291450500488
model_0,509,1,0.36070775985717773,1,1,1,1,0.9650783538818359,0.27591514587402344,0.0847926139831543,0.23507288564218284,worker1,worker1,worker1,0,0.27591514587402344,0.0,0.0
model_0,510,1,0.2680017948150635,1,1,1,0,0.8715388774871826,0.18247628211975098,0.0855255126953125,0.31912291018173955,worker1,worker1,worker1,0,0.18247628211975098,0.0,0.0
model_0,511,1,0.554405927658081,6,6,1,2,0.8273019194602966,0.40919041633605957,0.14521551132202148,0.2619299399186444,worker1->worker3,worker1,worker3,0,0.28636789321899414,0.0,0.12282252311706543
model_0,512,1,0.27368617057800293,7,7,1,0,0.8073514699935913,0.18850302696228027,0.08518314361572266,0.3112438726290875,worker1,worker1,worker1,0,0.18850302696228027,0.0,0.0
model_0,513,1,0.2695181369781494,8,8,1,0,0.9877346158027649,0.18365740776062012,0.0858607292175293,0.3185712478581368,worker1,worker1,worker1,0,0.18365740776062012,0.0,0.0
model_0,514,1,0.2753489017486572,3,3,1,0,0.7394968271255493,0.19042754173278809,0.08492136001586914,0.30841365074114835,worker1,worker1,worker1,0,0.19042754173278809,0.0,0.0
model_0,515,1,0.35837626457214355,7,7,1,1,0.950785756111145,0.2746281623840332,0.08374810218811035,0.23368763633968648,worker1,worker1,worker1,0,0.2746281623840332,0.0,0.0
model_0,516,1,0.26839208602905273,2,2,1,0,0.7952687740325928,0.1823413372039795,0.08605074882507324,0.32061582030313096,worker1,worker1,worker1,0,0.1823413372039795,0.0,0.0
model_0,517,1,0.28270912170410156,6,6,1,0,0.7273893356323242,0.19510459899902344,0.08760452270507812,0.30987511891027586,worker1,worker1,worker1,0,0.19510459899902344,0.0,0.0
model_0,518,1,0.2662978172302246,0,0,1,0,0.9823976159095764,0.18182587623596191,0.0844719409942627,0.3172085369413054,worker1,worker1,worker1,0,0.18182587623596191,0.0,0.0
model_0,519,1,0.3638317584991455,4,4,1,1,0.9998061060905457,0.2790212631225586,0.08481049537658691,0.23310360735533783,worker1,worker1,worker1,0,0.2790212631225586,0.0,0.0
model_0,520,1,0.3679981231689453,0,0,1,1,0.9542292356491089,0.2815992832183838,0.08639883995056152,0.23478065378854238,worker1,worker1,worker1,0,0.2815992832183838,0.0,0.0
model_0,521,1,0.2682156562805176,2,2,1,0,0.9236757755279541,0.18200349807739258,0.086212158203125,0.3214285079352663,worker1,worker1,worker1,0,0.18200349807739258,0.0,0.0
model_0,522,1,0.2671196460723877,7,7,1,0,0.9114529490470886,0.18356800079345703,0.08355164527893066,0.3127873464473246,worker1,worker1,worker1,0,0.18356800079345703,0.0,0.0
model_0,523,1,0.5612373352050781,0,0,1,2,0.8319463133811951,0.4098973274230957,0.15134000778198242,0.26965420560747666,worker1->worker3,worker1,worker3,0,0.27884960174560547,0.0,0.13104772567749023
model_0,524,1,0.2731616497039795,7,1,0,0,0.8900291919708252,0.1883835792541504,0.0847780704498291,0.31035861198561954,worker1,worker1,worker1,0,0.1883835792541504,0.0,0.0
model_0,525,1,0.3726766109466553,2,2,1,1,0.9127426743507385,0.28122949600219727,0.09144711494445801,0.24537927054817962,worker1,worker1,worker1,0,0.28122949600219727,0.0,0.0
model_0,526,1,0.43372225761413574,5,5,1,1,0.9939941763877869,0.2788712978363037,0.15485095977783203,0.35702792987764154,worker1,worker1,worker1,0,0.2788712978363037,0.0,0.0
model_0,527,1,0.4807288646697998,1,5,0,1,0.7788957357406616,0.32346534729003906,0.15726351737976074,0.3271355829398365,worker1,worker1,worker1,0,0.32346534729003906,0.0,0.0
model_0,528,1,0.28372621536254883,8,8,1,0,0.7741789817810059,0.1886444091796875,0.09508180618286133,0.3351181562879716,worker1,worker1,worker1,0,0.1886444091796875,0.0,0.0
model_0,529,1,0.7578701972961426,7,7,1,3,0.4800994098186493,0.6142959594726562,0.14357423782348633,0.18944436439870163,worker1->worker3->worker3,worker1,worker3,0,0.28238844871520996,0.0,0.3319075107574463
model_0,530,1,0.33757925033569336,8,0,0,0,0.805066704750061,0.1845698356628418,0.15300941467285156,0.45325479726818796,worker1,worker1,worker1,0,0.1845698356628418,0.0,0.0
model_0,531,1,0.8757784366607666,3,3,1,3,0.7915768027305603,0.6233820915222168,0.2523963451385498,0.2881965741254208,worker1->worker3->worker3,worker1,worker3,0,0.2804560661315918,0.0,0.342926025390625
model_0,532,1,0.4169044494628906,0,0,1,0,0.9103913307189941,0.25112056732177734,0.16578388214111328,0.397654384247271,worker1,worker1,worker1,0,0.25112056732177734,0.0,0.0
model_0,533,1,0.29469728469848633,8,8,1,0,0.9367424249649048,0.20520520210266113,0.0894920825958252,0.30367460863233686,worker1,worker1,worker1,0,0.20520520210266113,0.0,0.0
model_0,534,1,0.2673299312591553,6,6,1,0,0.9694703817367554,0.18351244926452637,0.0838174819946289,0.3135357182034902,worker1,worker1,worker1,0,0.18351244926452637,0.0,0.0
model_0,535,1,0.2678663730621338,4,4,1,0,0.7500193119049072,0.18348407745361328,0.08438229560852051,0.3150163816529048,worker1,worker1,worker1,0,0.18348407745361328,0.0,0.0
model_0,536,1,0.2674214839935303,3,3,1,0,0.6751590967178345,0.1820225715637207,0.08539891242980957,0.3193420033219007,worker1,worker1,worker1,0,0.1820225715637207,0.0,0.0
model_0,537,1,0.26818394660949707,8,8,1,0,0.9333752989768982,0.1833820343017578,0.08480191230773926,0.31620801088149925,worker1,worker1,worker1,0,0.1833820343017578,0.0,0.0
model_0,538,1,0.591839075088501,2,2,1,2,0.9981995820999146,0.4319615364074707,0.15987753868103027,0.27013684193988524,worker1->worker3,worker1,worker3,0,0.27556371688842773,0.0,0.15639781951904297
model_0,539,1,0.2782588005065918,0,0,1,0,0.9241041541099548,0.18664240837097168,0.09161639213562012,0.3292488574263432,worker1,worker1,worker1,0,0.18664240837097168,0.0,0.0
model_0,540,1,0.27113842964172363,9,1,0,0,0.6945714950561523,0.18427705764770508,0.08686137199401855,0.32035802563581733,worker1,worker1,worker1,0,0.18427705764770508,0.0,0.0
model_0,541,1,0.27080607414245605,3,3,1,0,0.956394612789154,0.18268823623657227,0.08811783790588379,0.3253909211044132,worker1,worker1,worker1,0,0.18268823623657227,0.0,0.0
model_0,542,1,0.36368560791015625,8,7,0,1,0.8476609587669373,0.27814340591430664,0.08554220199584961,0.23520920304600473,worker1,worker1,worker1,0,0.27814340591430664,0.0,0.0
model_0,543,1,0.3466176986694336,8,8,1,0,0.9907212257385254,0.1847550868988037,0.16186261177062988,0.4669773424495467,worker1,worker1,worker1,0,0.1847550868988037,0.0,0.0
model_0,544,1,0.48107099533081055,0,0,1,1,0.9278719425201416,0.3137216567993164,0.16734933853149414,0.3478682775635136,worker1,worker1,worker1,0,0.3137216567993164,0.0,0.0
model_0,545,1,0.2891547679901123,6,2,0,0,0.9756025075912476,0.19099092483520508,0.09816384315490723,0.33948547290862574,worker1,worker1,worker1,0,0.19099092483520508,0.0,0.0
model_0,546,1,0.27365708351135254,9,9,1,0,0.9917598366737366,0.1883072853088379,0.08534979820251465,0.31188594538600334,worker1,worker1,worker1,0,0.1883072853088379,0.0,0.0
model_0,547,1,0.2706170082092285,7,4,0,0,0.9044269323348999,0.18714070320129395,0.08347630500793457,0.3084665873750055,worker1,worker1,worker1,0,0.18714070320129395,0.0,0.0
model_0,548,1,0.3717470169067383,3,5,0,1,0.9513121843338013,0.2878293991088867,0.08391761779785156,0.22573851028078143,worker1,worker1,worker1,0,0.2878293991088867,0.0,0.0
model_0,549,1,0.26988649368286133,4,4,1,0,0.8247487545013428,0.18537116050720215,0.08451533317565918,0.3131513993989325,worker1,worker1,worker1,0,0.18537116050720215,0.0,0.0
model_0,550,1,0.3623485565185547,9,9,1,1,0.6674340963363647,0.278484582901001,0.08386397361755371,0.23144558494538756,worker1,worker1,worker1,0,0.278484582901001,0.0,0.0
model_0,551,1,0.37160253524780273,4,3,0,1,0.759334921836853,0.2830204963684082,0.08858203887939453,0.23837845675709315,worker1,worker1,worker1,0,0.2830204963684082,0.0,0.0
model_0,552,1,0.27402424812316895,7,7,1,0,0.7084264159202576,0.1894998550415039,0.08452439308166504,0.30845588907034555,worker1,worker1,worker1,0,0.1894998550415039,0.0,0.0
model_0,553,1,0.2709529399871826,5,5,1,0,0.872840404510498,0.18747568130493164,0.08347725868225098,0.3080876652831294,worker1,worker1,worker1,0,0.18747568130493164,0.0,0.0
model_0,554,1,0.3684730529785156,6,6,1,1,0.9939696788787842,0.28357625007629395,0.08489680290222168,0.23040165954054642,worker1,worker1,worker1,0,0.28357625007629395,0.0,0.0
model_0,555,1,0.2726008892059326,7,5,0,0,0.7950559258460999,0.18625187873840332,0.0863490104675293,0.3167598268628468,worker1,worker1,worker1,0,0.18625187873840332,0.0,0.0
model_0,556,1,0.28089022636413574,6,6,1,0,0.6963979005813599,0.19452381134033203,0.08636641502380371,0.30747390588037576,worker1,worker1,worker1,0,0.19452381134033203,0.0,0.0
model_0,557,1,0.3629772663116455,3,3,1,1,0.6038248538970947,0.2769935131072998,0.0859837532043457,0.23688467897193777,worker1,worker1,worker1,0,0.2769935131072998,0.0,0.0
model_0,558,1,0.2714250087738037,8,8,1,0,0.9825267195701599,0.18555712699890137,0.08586788177490234,0.31635950630644244,worker1,worker1,worker1,0,0.18555712699890137,0.0,0.0
model_0,559,1,0.275815486907959,6,6,1,0,0.8945530652999878,0.19106507301330566,0.08475041389465332,0.3072721363283526,worker1,worker1,worker1,0,0.19106507301330566,0.0,0.0
model_0,560,1,0.6211893558502197,4,7,0,2,0.6362558007240295,0.4698777198791504,0.15131163597106934,0.24358375517231717,worker1->worker3,worker1,worker3,0,0.2852287292480469,0.0,0.18464899063110352
model_0,561,1,0.8390495777130127,3,2,0,3,0.46417224407196045,0.6367161273956299,0.2023334503173828,0.24114600101329012,worker1->worker3->worker3,worker1,worker3,0,0.2869992256164551,0.0,0.3497169017791748
model_0,562,1,0.3793678283691406,4,4,1,1,0.9881261587142944,0.27565884590148926,0.10370898246765137,0.27337316111775883,worker1,worker1,worker1,0,0.27565884590148926,0.0,0.0
model_0,563,1,0.5766751766204834,5,5,1,2,0.9960711002349854,0.43193936347961426,0.14473581314086914,0.2509832554074396,worker1->worker3,worker1,worker3,0,0.2772843837738037,0.0,0.15465497970581055
model_0,564,1,0.2819380760192871,0,0,1,0,0.7988569736480713,0.1875152587890625,0.09442281723022461,0.3349062267977073,worker1,worker1,worker1,0,0.1875152587890625,0.0,0.0
model_0,565,1,0.27138495445251465,6,6,1,0,0.7476658225059509,0.18678784370422363,0.08459711074829102,0.3117236580743953,worker1,worker1,worker1,0,0.18678784370422363,0.0,0.0
model_0,566,1,0.2724149227142334,5,5,1,0,0.8281877040863037,0.18653106689453125,0.08588385581970215,0.3152685431619888,worker1,worker1,worker1,0,0.18653106689453125,0.0,0.0
model_0,567,1,0.344632625579834,1,1,1,0,0.9902524948120117,0.19101977348327637,0.15361285209655762,0.4457292800938641,worker1,worker1,worker1,0,0.19101977348327637,0.0,0.0
model_0,568,1,0.8133955001831055,2,2,1,3,0.7000983357429504,0.6268081665039062,0.18658733367919922,0.2293931225796013,worker1->worker3->worker3,worker1,worker3,0,0.2764756679534912,0.0,0.35033249855041504
model_0,569,1,0.36366724967956543,7,2,0,1,0.7241151928901672,0.27774548530578613,0.0859217643737793,0.2362647844959553,worker1,worker1,worker1,0,0.27774548530578613,0.0,0.0
model_0,570,1,0.582176685333252,2,8,0,2,0.8764599561691284,0.43620848655700684,0.14596819877624512,0.2507283483753552,worker1->worker3,worker1,worker3,0,0.280531644821167,0.0,0.15567684173583984
model_0,571,1,0.272491455078125,9,1,0,0,0.5712605118751526,0.18848848342895508,0.08400297164916992,0.30827745268227125,worker1,worker1,worker1,0,0.18848848342895508,0.0,0.0
model_0,572,1,0.2743568420410156,1,1,1,0,0.9926403164863586,0.19010376930236816,0.08425307273864746,0.3070930256809555,worker1,worker1,worker1,0,0.19010376930236816,0.0,0.0
model_0,573,1,0.3406798839569092,4,2,0,0,0.8332354426383972,0.18583989143371582,0.15483999252319336,0.4545028920544609,worker1,worker1,worker1,0,0.18583989143371582,0.0,0.0
model_0,574,1,0.3720433712005615,0,0,1,1,0.9712041616439819,0.2824211120605469,0.08962225914001465,0.2408919660382848,worker1,worker1,worker1,0,0.2824211120605469,0.0,0.0
model_0,575,1,0.3748340606689453,7,7,1,1,0.9933757185935974,0.2857179641723633,0.08911609649658203,0.23774812869871415,worker1,worker1,worker1,0,0.2857179641723633,0.0,0.0
model_0,576,1,0.27943944931030273,4,4,1,0,0.957038164138794,0.1920616626739502,0.08737778663635254,0.31268951771846687,worker1,worker1,worker1,0,0.1920616626739502,0.0,0.0
model_0,577,1,0.6394786834716797,0,0,1,2,0.9195435047149658,0.4866023063659668,0.1528763771057129,0.23906407055784723,worker1->worker3,worker1,worker3,0,0.2882556915283203,0.0,0.19834661483764648
model_0,578,1,0.2744259834289551,8,9,0,0,0.7441584467887878,0.1859910488128662,0.08843493461608887,0.32225423231099903,worker1,worker1,worker1,0,0.1859910488128662,0.0,0.0
model_0,579,1,0.3671231269836426,0,0,1,1,0.9737575650215149,0.28231263160705566,0.08481049537658691,0.23101376389280348,worker1,worker1,worker1,0,0.28231263160705566,0.0,0.0
model_0,580,1,0.3635425567626953,7,7,1,1,0.9574529528617859,0.2780930995941162,0.0854494571685791,0.2350466419378702,worker1,worker1,worker1,0,0.2780930995941162,0.0,0.0
model_0,581,1,0.42911314964294434,2,2,1,1,0.7710504531860352,0.2749178409576416,0.15419530868530273,0.3593348486607909,worker1,worker1,worker1,0,0.2749178409576416,0.0,0.0
model_0,582,1,0.3786640167236328,1,1,1,1,0.7849307656288147,0.28403329849243164,0.09463071823120117,0.24990681462154143,worker1,worker1,worker1,0,0.28403329849243164,0.0,0.0
model_0,583,1,0.43022656440734863,7,7,1,1,0.8863346576690674,0.27657318115234375,0.15365338325500488,0.3571452717399436,worker1,worker1,worker1,0,0.27657318115234375,0.0,0.0
model_0,584,1,0.4990971088409424,4,4,1,1,0.8471298813819885,0.3329355716705322,0.16616153717041016,0.33292426308837686,worker1,worker1,worker1,0,0.3329355716705322,0.0,0.0
model_0,585,1,0.3964674472808838,5,5,1,1,0.9871505498886108,0.289670467376709,0.1067969799041748,0.269371371184764,worker1,worker1,worker1,0,0.289670467376709,0.0,0.0
model_0,586,1,0.2765963077545166,7,7,1,0,0.9987502098083496,0.18968605995178223,0.08691024780273438,0.31421333317243166,worker1,worker1,worker1,0,0.18968605995178223,0.0,0.0
model_0,587,1,0.44528913497924805,0,0,1,1,0.9445701241493225,0.2897489070892334,0.15554022789001465,0.34930164621524695,worker1,worker1,worker1,0,0.2897489070892334,0.0,0.0
model_0,588,1,0.47275781631469727,2,2,1,1,0.946825385093689,0.3084137439727783,0.16434407234191895,0.3476284614880301,worker1,worker1,worker1,0,0.3084137439727783,0.0,0.0
model_0,589,1,0.2746870517730713,1,9,0,0,0.8262816667556763,0.18151307106018066,0.09317398071289062,0.3392004832825719,worker1,worker1,worker1,0,0.18151307106018066,0.0,0.0
model_0,590,1,0.8159201145172119,6,6,1,3,0.5709851384162903,0.6723346710205078,0.1435854434967041,0.1759797815275887,worker1->worker3->worker3,worker1,worker3,0,0.2852437496185303,0.0,0.38709092140197754
model_0,591,1,0.2747533321380615,2,3,0,0,0.756534993648529,0.18848371505737305,0.08626961708068848,0.31398933876200863,worker1,worker1,worker1,0,0.18848371505737305,0.0,0.0
model_0,592,1,0.44309473037719727,3,3,1,1,0.8992002606391907,0.28415608406066895,0.15893864631652832,0.35870127857586387,worker1,worker1,worker1,0,0.28415608406066895,0.0,0.0
model_0,593,1,0.6519830226898193,7,7,1,2,0.9984777569770813,0.43303942680358887,0.21894359588623047,0.33581180531811605,worker1->worker3,worker1,worker3,0,0.27332115173339844,0.0,0.15971827507019043
model_0,594,1,0.38668298721313477,3,5,0,1,0.7022168040275574,0.2750072479248047,0.11167573928833008,0.2888043771803589,worker1,worker1,worker1,0,0.2750072479248047,0.0,0.0
model_0,595,1,0.3649179935455322,0,1,0,0,0.8130422234535217,0.20775604248046875,0.15716195106506348,0.4306774503994245,worker1,worker1,worker1,0,0.20775604248046875,0.0,0.0
model_0,596,1,0.37283802032470703,5,5,1,1,0.9622870087623596,0.2792973518371582,0.09354066848754883,0.2508882232720892,worker1,worker1,worker1,0,0.2792973518371582,0.0,0.0
model_0,597,1,0.4333841800689697,1,1,1,1,0.7350632548332214,0.2762296199798584,0.15715456008911133,0.3626218198922291,worker1,worker1,worker1,0,0.2762296199798584,0.0,0.0
model_0,598,1,0.47966647148132324,4,0,0,1,0.8116182684898376,0.3210787773132324,0.15858769416809082,0.3306207617103914,worker1,worker1,worker1,0,0.3210787773132324,0.0,0.0
model_0,599,1,0.2814509868621826,9,9,1,0,0.9792771935462952,0.19231104850769043,0.08913993835449219,0.31671567169931836,worker1,worker1,worker1,0,0.19231104850769043,0.0,0.0
model_0,600,1,0.2779393196105957,2,2,1,0,0.9059289693832397,0.19513201713562012,0.08280730247497559,0.2979330257805624,worker1,worker1,worker1,0,0.19513201713562012,0.0,0.0
model_0,601,1,0.28501272201538086,3,3,1,0,0.8670368790626526,0.19420480728149414,0.09080791473388672,0.31861003990195996,worker1,worker1,worker1,0,0.19420480728149414,0.0,0.0
model_0,602,1,0.33905959129333496,9,9,1,0,0.9729189276695251,0.18615007400512695,0.152909517288208,0.4509812469983173,worker1,worker1,worker1,0,0.18615007400512695,0.0,0.0
model_0,603,1,0.352752685546875,8,8,1,0,0.9902136921882629,0.18576431274414062,0.16698837280273438,0.47338653862790897,worker1,worker1,worker1,0,0.18576431274414062,0.0,0.0
model_0,604,1,0.42700672149658203,5,5,1,1,0.9733128547668457,0.2783963680267334,0.14861035346984863,0.34802813629957857,worker1,worker1,worker1,0,0.2783963680267334,0.0,0.0
model_0,605,1,0.3745112419128418,8,8,1,0,0.9067682027816772,0.21783757209777832,0.15667366981506348,0.4183417005450677,worker1,worker1,worker1,0,0.21783757209777832,0.0,0.0
model_0,606,1,0.2844271659851074,5,5,1,0,0.7279003858566284,0.18701505661010742,0.097412109375,0.34248525114545664,worker1,worker1,worker1,0,0.18701505661010742,0.0,0.0
model_0,607,1,0.3708188533782959,4,4,1,1,0.9784913063049316,0.2846391201019287,0.08617973327636719,0.23240386105301328,worker1,worker1,worker1,0,0.2846391201019287,0.0,0.0
model_0,608,1,0.36936306953430176,6,6,1,1,0.9969831109046936,0.2827768325805664,0.08658623695373535,0.23442039579892088,worker1,worker1,worker1,0,0.2827768325805664,0.0,0.0
model_0,609,1,0.27005982398986816,9,9,1,0,0.8496429324150085,0.18448185920715332,0.08557796478271484,0.31688521275910136,worker1,worker1,worker1,0,0.18448185920715332,0.0,0.0
model_0,610,1,0.36335229873657227,3,4,0,1,0.8628587126731873,0.27861976623535156,0.0847325325012207,0.23319663256802778,worker1,worker1,worker1,0,0.27861976623535156,0.0,0.0
model_0,611,1,0.5958764553070068,4,4,1,2,0.9805504083633423,0.4426000118255615,0.1532764434814453,0.25722856158576424,worker1->worker3,worker1,worker3,0,0.2873518466949463,0.0,0.15524816513061523
model_0,612,1,0.2774345874786377,5,5,1,0,0.9805285334587097,0.1914975643157959,0.0859370231628418,0.30975598227981904,worker1,worker1,worker1,0,0.1914975643157959,0.0,0.0
model_0,613,1,0.5879209041595459,7,7,1,2,0.9967628717422485,0.43888092041015625,0.14903998374938965,0.25350346057595563,worker1->worker3,worker1,worker3,0,0.28548288345336914,0.0,0.1533980369567871
model_0,614,1,0.5729420185089111,6,0,0,2,0.8680863976478577,0.4218871593475342,0.15105485916137695,0.2636477239957005,worker1->worker3,worker1,worker3,0,0.2792243957519531,0.0,0.14266276359558105
model_0,615,1,0.352367639541626,7,3,0,0,0.7805148959159851,0.19552183151245117,0.1568458080291748,0.44511978521411943,worker1,worker1,worker1,0,0.19552183151245117,0.0,0.0
model_0,616,1,0.40242862701416016,9,9,1,1,0.9918020367622375,0.2766292095184326,0.12579941749572754,0.31260056827741795,worker1,worker1,worker1,0,0.2766292095184326,0.0,0.0
model_0,617,1,0.3603098392486572,3,5,0,0,0.6799286603927612,0.19955706596374512,0.1607527732849121,0.44615149455847447,worker1,worker1,worker1,0,0.19955706596374512,0.0,0.0
model_0,618,1,0.28816914558410645,0,0,1,0,0.9375258088111877,0.19318222999572754,0.0949869155883789,0.32962208842950386,worker1,worker1,worker1,0,0.19318222999572754,0.0,0.0
model_0,619,1,0.2713463306427002,4,4,1,0,0.8272078633308411,0.1865994930267334,0.0847468376159668,0.31231982173939404,worker1,worker1,worker1,0,0.1865994930267334,0.0,0.0
model_0,620,1,0.2779378890991211,5,5,1,0,0.750403642654419,0.1922757625579834,0.0856621265411377,0.30820600537333714,worker1,worker1,worker1,0,0.1922757625579834,0.0,0.0
model_0,621,1,0.2752418518066406,0,0,1,0,0.7024660110473633,0.19083666801452637,0.08440518379211426,0.3066582470583344,worker1,worker1,worker1,0,0.19083666801452637,0.0,0.0
model_0,622,1,0.3697049617767334,5,5,1,1,0.9959189295768738,0.2839021682739258,0.08580279350280762,0.23208450622478888,worker1,worker1,worker1,0,0.2839021682739258,0.0,0.0
model_0,623,1,0.3609933853149414,0,0,1,1,0.9879173636436462,0.275195837020874,0.08579754829406738,0.23767069365887422,worker1,worker1,worker1,0,0.275195837020874,0.0,0.0
model_0,624,1,0.27572178840637207,6,6,1,0,0.8032706379890442,0.1900944709777832,0.08562731742858887,0.3105569491751127,worker1,worker1,worker1,0,0.1900944709777832,0.0,0.0
model_0,625,1,0.27611517906188965,4,4,1,0,0.627048671245575,0.1914048194885254,0.08471035957336426,0.30679356296589877,worker1,worker1,worker1,0,0.1914048194885254,0.0,0.0
model_0,626,1,0.6248965263366699,6,6,1,2,0.9548245072364807,0.46668100357055664,0.15821552276611328,0.2531867534832045,worker1->worker3,worker1,worker3,0,0.2830204963684082,0.0,0.18366050720214844
model_0,627,1,0.27246665954589844,8,8,1,0,0.9736919403076172,0.18693971633911133,0.08552694320678711,0.3138987476461488,worker1,worker1,worker1,0,0.18693971633911133,0.0,0.0
model_0,628,1,0.2706012725830078,9,9,1,0,0.8999121785163879,0.18619990348815918,0.08440136909484863,0.3119030752856428,worker1,worker1,worker1,0,0.18619990348815918,0.0,0.0
model_0,629,1,0.4373660087585449,3,1,0,1,0.8128195405006409,0.2809295654296875,0.15643644332885742,0.35767855799516585,worker1,worker1,worker1,0,0.2809295654296875,0.0,0.0
model_0,630,1,0.3154597282409668,5,5,1,0,0.504692018032074,0.18281936645507812,0.13264036178588867,0.4204668612551714,worker1,worker1,worker1,0,0.18281936645507812,0.0,0.0
model_0,631,1,0.4517667293548584,8,8,1,1,0.8804709911346436,0.2986016273498535,0.15316510200500488,0.3390358166121064,worker1,worker1,worker1,0,0.2986016273498535,0.0,0.0
model_0,632,1,0.35053038597106934,9,9,1,0,0.7943278551101685,0.19379162788391113,0.1567387580871582,0.44714742105152183,worker1,worker1,worker1,0,0.19379162788391113,0.0,0.0
model_0,633,1,0.3791532516479492,9,9,1,1,0.9353556632995605,0.2909369468688965,0.08821630477905273,0.23266661803803598,worker1,worker1,worker1,0,0.2909369468688965,0.0,0.0
model_0,634,1,0.26721620559692383,7,7,1,0,0.9227778315544128,0.18157696723937988,0.08563923835754395,0.3204866941592775,worker1,worker1,worker1,0,0.18157696723937988,0.0,0.0
model_0,635,1,0.3692193031311035,3,3,1,1,0.9338865876197815,0.28404855728149414,0.08517074584960938,0.23067793348650215,worker1,worker1,worker1,0,0.28404855728149414,0.0,0.0
model_0,636,1,0.37403011322021484,7,5,0,1,0.638232409954071,0.2875349521636963,0.08649516105651855,0.23125186448716084,worker1,worker1,worker1,0,0.2875349521636963,0.0,0.0
model_0,637,1,0.2716257572174072,9,9,1,0,0.996715784072876,0.18572235107421875,0.08590340614318848,0.31625648106130094,worker1,worker1,worker1,0,0.18572235107421875,0.0,0.0
model_0,638,1,0.28534460067749023,3,5,0,0,0.616916298866272,0.19608736038208008,0.08925724029541016,0.31280507878364533,worker1,worker1,worker1,0,0.19608736038208008,0.0,0.0
model_0,639,1,0.37670421600341797,4,5,0,1,0.8432348370552063,0.29216885566711426,0.08453536033630371,0.22440778930792932,worker1,worker1,worker1,0,0.29216885566711426,0.0,0.0
model_0,640,1,0.5526714324951172,5,3,0,2,0.989531397819519,0.3994102478027344,0.1532611846923828,0.2773097643213843,worker1->worker3,worker1,worker3,0,0.27953577041625977,0.0,0.11987447738647461
model_0,641,1,0.26917386054992676,1,1,1,0,0.628746509552002,0.18599414825439453,0.08317971229553223,0.30901853592170747,worker1,worker1,worker1,0,0.18599414825439453,0.0,0.0
model_0,642,1,0.3686702251434326,3,3,1,1,0.982628583908081,0.284808874130249,0.0838613510131836,0.22746982341890234,worker1,worker1,worker1,0,0.284808874130249,0.0,0.0
model_0,643,1,0.27760815620422363,0,1,0,0,0.8404912948608398,0.1895608901977539,0.08804726600646973,0.31716382980367974,worker1,worker1,worker1,0,0.1895608901977539,0.0,0.0
model_0,644,1,0.3696417808532715,5,5,1,1,0.6738799810409546,0.2859818935394287,0.08365988731384277,0.2263269241932675,worker1,worker1,worker1,0,0.2859818935394287,0.0,0.0
model_0,645,1,0.26820802688598633,4,4,1,0,0.9037739038467407,0.18492484092712402,0.0832831859588623,0.31051712704432033,worker1,worker1,worker1,0,0.18492484092712402,0.0,0.0
model_0,646,1,0.37697505950927734,1,1,1,1,0.9799195528030396,0.2933061122894287,0.08366894721984863,0.22194823002021316,worker1,worker1,worker1,0,0.2933061122894287,0.0,0.0
model_0,647,1,0.2712430953979492,1,1,1,0,0.9189058542251587,0.1877269744873047,0.08351612091064453,0.3079013708648156,worker1,worker1,worker1,0,0.1877269744873047,0.0,0.0
model_0,648,1,0.2837705612182617,4,4,1,0,0.8383715152740479,0.20032715797424316,0.08344340324401855,0.2940523600678866,worker1,worker1,worker1,0,0.20032715797424316,0.0,0.0
model_0,649,1,0.5155019760131836,2,2,1,2,0.9975355863571167,0.3730764389038086,0.142425537109375,0.2762851429025998,worker1->worker3,worker1,worker3,0,0.28943610191345215,0.0,0.08364033699035645
model_0,650,1,0.37082600593566895,3,2,0,1,0.7447296380996704,0.286113977432251,0.08471202850341797,0.2284414446329685,worker1,worker1,worker1,0,0.286113977432251,0.0,0.0
model_0,651,1,0.37168359756469727,4,4,1,1,0.9510788917541504,0.28266263008117676,0.08902096748352051,0.23950738764581891,worker1,worker1,worker1,0,0.28266263008117676,0.0,0.0
model_0,652,1,0.2731442451477051,1,1,1,0,0.949220597743988,0.1893622875213623,0.08378195762634277,0.30673154977523676,worker1,worker1,worker1,0,0.1893622875213623,0.0,0.0
model_0,653,1,0.5221831798553467,5,5,1,2,0.9658426642417908,0.3801565170288086,0.14202666282653809,0.27198628432628147,worker1->worker3,worker1,worker3,0,0.2969322204589844,0.0,0.08322429656982422
model_0,654,1,0.2799713611602783,6,2,0,0,0.9486421346664429,0.1926422119140625,0.08732914924621582,0.31192172258012324,worker1,worker1,worker1,0,0.1926422119140625,0.0,0.0
model_0,655,1,0.2843921184539795,0,0,1,0,0.8494774103164673,0.19962453842163086,0.08476758003234863,0.298065855316823,worker1,worker1,worker1,0,0.19962453842163086,0.0,0.0
model_0,656,1,0.3672623634338379,7,7,1,1,0.9714188575744629,0.2834773063659668,0.0837850570678711,0.2281340682026214,worker1,worker1,worker1,0,0.2834773063659668,0.0,0.0
model_0,657,1,0.36916422843933105,9,9,1,1,0.9774991273880005,0.28514599800109863,0.08401823043823242,0.22759038922439934,worker1,worker1,worker1,0,0.28514599800109863,0.0,0.0
model_0,658,1,0.2701075077056885,3,3,1,0,0.5638755559921265,0.18631815910339355,0.08378934860229492,0.3102074033928466,worker1,worker1,worker1,0,0.18631815910339355,0.0,0.0
model_0,659,1,0.40684080123901367,6,6,1,1,0.8898371458053589,0.2928340435028076,0.11400675773620605,0.2802244941731608,worker1,worker1,worker1,0,0.2928340435028076,0.0,0.0
model_0,660,1,0.5416946411132812,6,2,0,2,0.7221681475639343,0.3954164981842041,0.14627814292907715,0.2700380100280278,worker1->worker3,worker1,worker3,0,0.29666638374328613,0.0,0.09875011444091797
model_0,661,1,0.6365952491760254,5,5,1,3,0.9971641898155212,0.49202680587768555,0.14456844329833984,0.22709632766732307,worker1->worker3->worker3,worker1,worker3,0,0.28626585006713867,0.0,0.20576095581054688
model_0,662,1,0.2739522457122803,7,7,1,0,0.8515960574150085,0.18919777870178223,0.08475446701049805,0.30937679225857434,worker1,worker1,worker1,0,0.18919777870178223,0.0,0.0
model_0,663,1,0.3879830837249756,8,8,1,1,0.9636366367340088,0.2972681522369385,0.09071493148803711,0.23381156368235115,worker1,worker1,worker1,0,0.2972681522369385,0.0,0.0
model_0,664,1,0.37050819396972656,2,2,1,1,0.9041385054588318,0.2867119312286377,0.08379626274108887,0.22616574776193932,worker1,worker1,worker1,0,0.2867119312286377,0.0,0.0
model_0,665,1,0.3603339195251465,9,9,1,1,0.987031877040863,0.2746579647064209,0.08567595481872559,0.23776822046514706,worker1,worker1,worker1,0,0.2746579647064209,0.0,0.0
model_0,666,1,0.37752795219421387,9,9,1,1,0.9474978446960449,0.2936875820159912,0.08384037017822266,0.22207725200462025,worker1,worker1,worker1,0,0.2936875820159912,0.0,0.0
model_0,667,1,0.2789905071258545,1,1,1,0,0.8858214616775513,0.19324159622192383,0.08574891090393066,0.30735422429713266,worker1,worker1,worker1,0,0.19324159622192383,0.0,0.0
model_0,668,1,0.27126359939575195,5,5,1,0,0.8536288142204285,0.18873119354248047,0.08253240585327148,0.30425168005259445,worker1,worker1,worker1,0,0.18873119354248047,0.0,0.0
model_0,669,1,0.3710041046142578,0,0,1,1,0.9612110257148743,0.2869236469268799,0.08408045768737793,0.22662945407247845,worker1,worker1,worker1,0,0.2869236469268799,0.0,0.0
model_0,670,1,0.3751180171966553,3,5,0,1,0.9683535099029541,0.29168152809143066,0.08343648910522461,0.22242730362237734,worker1,worker1,worker1,0,0.29168152809143066,0.0,0.0
model_0,671,1,0.2820556163787842,3,4,0,0,0.7299677729606628,0.19796276092529297,0.08409285545349121,0.29814281499915046,worker1,worker1,worker1,0,0.19796276092529297,0.0,0.0
model_0,672,1,0.3014826774597168,8,8,1,0,0.9947197437286377,0.19001436233520508,0.11146831512451172,0.3697337308522669,worker1,worker1,worker1,0,0.19001436233520508,0.0,0.0
model_0,673,1,0.550501823425293,7,7,1,2,0.9521631598472595,0.3728814125061035,0.17762041091918945,0.32265181214843663,worker1->worker3,worker1,worker3,0,0.2897682189941406,0.0,0.08311319351196289
model_0,674,1,0.5165483951568604,5,7,0,2,0.7855634689331055,0.37616467475891113,0.14038372039794922,0.27177263875792096,worker1->worker3,worker1,worker3,0,0.2926023006439209,0.0,0.08356237411499023
model_0,675,1,0.3670847415924072,8,8,1,1,0.9593281149864197,0.2823159694671631,0.08476877212524414,0.23092425949800768,worker1,worker1,worker1,0,0.2823159694671631,0.0,0.0
model_0,676,1,0.6128418445587158,7,2,0,3,0.37730681896209717,0.4716475009918213,0.14119434356689453,0.23039279190957207,worker1->worker3->worker3,worker1,worker3,0,0.28150510787963867,0.0,0.19014239311218262
model_0,677,1,0.2775003910064697,1,1,1,0,0.9585636258125305,0.19234848022460938,0.08515191078186035,0.306853300181026,worker1,worker1,worker1,0,0.19234848022460938,0.0,0.0
model_0,678,1,0.3230552673339844,3,3,1,0,0.7891257405281067,0.19054865837097168,0.1325066089630127,0.410166997295925,worker1,worker1,worker1,0,0.19054865837097168,0.0,0.0
model_0,679,1,0.6482763290405273,5,5,1,3,0.601130485534668,0.5068016052246094,0.14147472381591797,0.21823212953850363,worker1->worker3->worker3,worker1,worker3,0,0.2909231185913086,0.0,0.21587848663330078
model_0,680,1,0.3692309856414795,3,3,1,1,0.9995688796043396,0.28423404693603516,0.08499693870544434,0.23019990740423862,worker1,worker1,worker1,0,0.28423404693603516,0.0,0.0
model_0,681,1,0.5114998817443848,6,2,0,2,0.9991177916526794,0.3677480220794678,0.143751859664917,0.2810398688161478,worker1->worker3,worker1,worker3,0,0.2839348316192627,0.0,0.08381319046020508
model_0,682,1,0.360201358795166,3,3,1,1,0.6941111087799072,0.2753582000732422,0.08484315872192383,0.23554369424289479,worker1,worker1,worker1,0,0.2753582000732422,0.0,0.0
model_0,683,1,0.37906932830810547,4,4,1,1,0.8810707926750183,0.29543352127075195,0.08363580703735352,0.22063459317756987,worker1,worker1,worker1,0,0.29543352127075195,0.0,0.0
model_0,684,1,0.5132532119750977,7,7,1,2,0.8073718547821045,0.3731517791748047,0.14010143280029297,0.2729674740098665,worker1->worker3,worker1,worker3,0,0.2863938808441162,0.0,0.08675789833068848
model_0,685,1,0.27553606033325195,0,8,0,0,0.7439790368080139,0.19057679176330566,0.08495926856994629,0.3083417410671794,worker1,worker1,worker1,0,0.19057679176330566,0.0,0.0
model_0,686,1,0.3702974319458008,8,0,0,1,0.779316782951355,0.28752660751342773,0.08277082443237305,0.22352524563143053,worker1,worker1,worker1,0,0.28752660751342773,0.0,0.0
model_0,687,1,0.3632528781890869,1,1,1,1,0.9735674858093262,0.27869272232055664,0.08456015586853027,0.23278592117448688,worker1,worker1,worker1,0,0.27869272232055664,0.0,0.0
model_0,688,1,0.27541327476501465,5,6,0,0,0.7874189019203186,0.19021034240722656,0.08520293235778809,0.30936392746676455,worker1,worker1,worker1,0,0.19021034240722656,0.0,0.0
model_0,689,1,0.31029200553894043,5,5,1,0,0.8626437783241272,0.19200587272644043,0.1182861328125,0.3812090891837545,worker1,worker1,worker1,0,0.19200587272644043,0.0,0.0
model_0,690,1,0.28381896018981934,9,1,0,0,0.9452653527259827,0.19331026077270508,0.09050869941711426,0.31889588826828785,worker1,worker1,worker1,0,0.19331026077270508,0.0,0.0
model_0,691,1,0.385988712310791,9,9,1,1,0.5688800811767578,0.29596996307373047,0.09001874923706055,0.2332160147848549,worker1,worker1,worker1,0,0.29596996307373047,0.0,0.0
model_0,692,1,0.2844674587249756,0,9,0,0,0.732962965965271,0.18485236167907715,0.09961509704589844,0.35018099255495777,worker1,worker1,worker1,0,0.18485236167907715,0.0,0.0
model_0,693,1,0.2884202003479004,7,7,1,0,0.5918135046958923,0.1982872486114502,0.0901329517364502,0.31250568312389126,worker1,worker1,worker1,0,0.1982872486114502,0.0,0.0
model_0,694,1,0.2753617763519287,4,4,1,0,0.97395259141922,0.18520259857177734,0.09015917778015137,0.327420816987041,worker1,worker1,worker1,0,0.18520259857177734,0.0,0.0
model_0,695,1,0.3770895004272461,3,3,1,1,0.9582280516624451,0.29213786125183105,0.08495163917541504,0.22528243050831168,worker1,worker1,worker1,0,0.29213786125183105,0.0,0.0
model_0,696,1,0.37175631523132324,0,0,1,1,0.9923185110092163,0.2876291275024414,0.08412718772888184,0.2262965934459894,worker1,worker1,worker1,0,0.2876291275024414,0.0,0.0
model_0,697,1,0.2739291191101074,0,0,1,0,0.8558867573738098,0.19011187553405762,0.0838172435760498,0.3059815029827441,worker1,worker1,worker1,0,0.19011187553405762,0.0,0.0
model_0,698,1,0.2855799198150635,6,6,1,0,0.783084511756897,0.19386005401611328,0.0917198657989502,0.32117057060015414,worker1,worker1,worker1,0,0.19386005401611328,0.0,0.0
model_0,699,1,0.4359583854675293,3,3,1,1,0.9835616946220398,0.29221463203430176,0.14374375343322754,0.32971897828980684,worker1,worker1,worker1,0,0.29221463203430176,0.0,0.0
model_0,700,1,0.2691361904144287,9,9,1,0,0.9934651255607605,0.1869208812713623,0.0822153091430664,0.3054784606130724,worker1,worker1,worker1,0,0.1869208812713623,0.0,0.0
model_0,701,1,0.2842254638671875,0,0,1,0,0.962352454662323,0.19985580444335938,0.08436965942382812,0.2968406077199764,worker1,worker1,worker1,0,0.19985580444335938,0.0,0.0
model_0,702,1,0.3854794502258301,2,2,1,1,0.9460141062736511,0.2821776866912842,0.1033017635345459,0.26798254348974343,worker1,worker1,worker1,0,0.2821776866912842,0.0,0.0
model_0,703,1,0.27117252349853516,5,5,1,0,0.9529812335968018,0.18579840660095215,0.08537411689758301,0.31483321317413704,worker1,worker1,worker1,0,0.18579840660095215,0.0,0.0
model_0,704,1,0.296445369720459,8,8,1,0,0.8947103023529053,0.18229436874389648,0.1141510009765625,0.3850658928631748,worker1,worker1,worker1,0,0.18229436874389648,0.0,0.0
model_0,705,1,0.281078577041626,4,4,1,0,0.883860170841217,0.1873328685760498,0.09374570846557617,0.33352135709614406,worker1,worker1,worker1,0,0.1873328685760498,0.0,0.0
model_0,706,1,0.2978541851043701,4,4,1,0,0.9797786474227905,0.19649052619934082,0.1013636589050293,0.3403130255480909,worker1,worker1,worker1,0,0.19649052619934082,0.0,0.0
model_0,707,1,0.2727699279785156,1,1,1,0,0.9916481971740723,0.18813514709472656,0.08463478088378906,0.3102790014684288,worker1,worker1,worker1,0,0.18813514709472656,0.0,0.0
model_0,708,1,0.28987574577331543,1,1,1,0,0.5103880167007446,0.19054961204528809,0.09932613372802734,0.34265072251233114,worker1,worker1,worker1,0,0.19054961204528809,0.0,0.0
model_0,709,1,0.3835124969482422,3,3,1,1,0.9468253254890442,0.28281378746032715,0.10069870948791504,0.2625695649795346,worker1,worker1,worker1,0,0.28281378746032715,0.0,0.0
model_0,710,1,0.3678433895111084,9,9,1,1,0.5374962687492371,0.28296446800231934,0.08487892150878906,0.2307474428767078,worker1,worker1,worker1,0,0.28296446800231934,0.0,0.0
model_0,711,1,0.270465612411499,5,7,0,0,0.8148683905601501,0.18541741371154785,0.08504819869995117,0.3144510606788521,worker1,worker1,worker1,0,0.18541741371154785,0.0,0.0
model_0,712,1,0.2842679023742676,8,8,1,0,0.7915925979614258,0.19252920150756836,0.09173870086669922,0.32271916773043163,worker1,worker1,worker1,0,0.19252920150756836,0.0,0.0
model_0,713,1,0.37053799629211426,4,2,0,1,0.7129479646682739,0.2867608070373535,0.08377718925476074,0.2260960821645801,worker1,worker1,worker1,0,0.2867608070373535,0.0,0.0
model_0,714,1,0.38338160514831543,9,9,1,1,0.7735835313796997,0.29280519485473633,0.0905764102935791,0.23625653676977698,worker1,worker1,worker1,0,0.29280519485473633,0.0,0.0
model_0,715,1,0.28212881088256836,9,9,1,0,0.9847500324249268,0.1979968547821045,0.08413195610046387,0.29820405734982686,worker1,worker1,worker1,0,0.1979968547821045,0.0,0.0
model_0,716,1,0.40628886222839355,0,1,0,1,0.8952867984771729,0.2919905185699463,0.11429834365844727,0.28132285741614776,worker1,worker1,worker1,0,0.2919905185699463,0.0,0.0
model_0,717,1,0.5466418266296387,5,5,1,2,0.6421955823898315,0.4013082981109619,0.14533352851867676,0.26586609629698765,worker1->worker3,worker1,worker3,0,0.2895066738128662,0.0,0.1118016242980957
model_0,718,1,0.37052130699157715,4,4,1,1,0.8648507595062256,0.2857086658477783,0.08481264114379883,0.2289008473829194,worker1,worker1,worker1,0,0.2857086658477783,0.0,0.0
model_0,719,1,0.27604246139526367,0,0,1,0,0.8896986246109009,0.19248414039611816,0.08355832099914551,0.3027009706289309,worker1,worker1,worker1,0,0.19248414039611816,0.0,0.0
model_0,720,1,0.28092122077941895,8,8,1,0,0.8818361163139343,0.19699740409851074,0.0839238166809082,0.2987450234199491,worker1,worker1,worker1,0,0.19699740409851074,0.0,0.0
model_0,721,1,0.5478091239929199,2,2,1,2,0.907489538192749,0.38754820823669434,0.16026091575622559,0.2925488253793613,worker1->worker3,worker1,worker3,0,0.29808926582336426,0.0,0.08945894241333008
model_0,722,1,0.5091595649719238,0,0,1,2,0.857879102230072,0.3673667907714844,0.14179277420043945,0.27848396446850254,worker1->worker3,worker1,worker3,0,0.28320860862731934,0.0,0.08415818214416504
model_0,723,1,0.2718517780303955,2,2,1,0,0.7088483572006226,0.18843293190002441,0.0834188461303711,0.30685414947348294,worker1,worker1,worker1,0,0.18843293190002441,0.0,0.0
model_0,724,1,0.29016971588134766,6,6,1,0,0.7736492156982422,0.20117807388305664,0.08899164199829102,0.3066882487305474,worker1,worker1,worker1,0,0.20117807388305664,0.0,0.0
model_0,725,1,0.27582669258117676,8,8,1,0,0.7430282235145569,0.19196176528930664,0.08386492729187012,0.30404935253751186,worker1,worker1,worker1,0,0.19196176528930664,0.0,0.0
model_0,726,1,0.276897668838501,8,8,1,0,0.639806866645813,0.1914348602294922,0.08546280860900879,0.3086440162804494,worker1,worker1,worker1,0,0.1914348602294922,0.0,0.0
model_0,727,1,0.6296679973602295,6,1,0,3,0.5000132322311401,0.4862675666809082,0.1434004306793213,0.22773974742324837,worker1->worker3->worker3,worker1,worker3,0,0.30028438568115234,0.0,0.18598318099975586
model_0,728,1,0.2727317810058594,1,1,1,0,0.8332268595695496,0.18787789344787598,0.0848538875579834,0.31112577802643543,worker1,worker1,worker1,0,0.18787789344787598,0.0,0.0
model_0,729,1,0.3134937286376953,6,6,1,0,0.9470562934875488,0.1890101432800293,0.12448358535766602,0.3970847707181144,worker1,worker1,worker1,0,0.1890101432800293,0.0,0.0
model_0,730,1,0.3935811519622803,3,8,0,1,0.8033937215805054,0.29749345779418945,0.09608769416809082,0.24413693005629394,worker1,worker1,worker1,0,0.29749345779418945,0.0,0.0
model_0,731,1,0.3707387447357178,3,2,0,1,0.800550639629364,0.2836005687713623,0.08713817596435547,0.235039302478278,worker1,worker1,worker1,0,0.2836005687713623,0.0,0.0
model_0,732,1,0.28058457374572754,9,9,1,0,0.9870331287384033,0.1976323127746582,0.08295226097106934,0.2956408467638804,worker1,worker1,worker1,0,0.1976323127746582,0.0,0.0
model_0,733,1,0.2843658924102783,9,9,1,0,0.9998146891593933,0.20006608963012695,0.08429980278015137,0.29644836117872053,worker1,worker1,worker1,0,0.20006608963012695,0.0,0.0
model_0,734,1,0.2969319820404053,5,5,1,0,0.8400465846061707,0.19576144218444824,0.10117053985595703,0.34071957880976983,worker1,worker1,worker1,0,0.19576144218444824,0.0,0.0
model_0,735,1,0.3799412250518799,6,6,1,1,0.9103296995162964,0.2891826629638672,0.0907585620880127,0.23887526834083317,worker1,worker1,worker1,0,0.2891826629638672,0.0,0.0
model_0,736,1,0.6623518466949463,2,3,0,3,0.5793378949165344,0.512200117111206,0.15015172958374023,0.22669481535075167,worker1->worker3->worker3,worker1,worker3,0,0.29415178298950195,0.0,0.2180483341217041
model_0,737,1,0.36984777450561523,1,1,1,1,0.9956747889518738,0.28539347648620605,0.08445429801940918,0.22834880683627568,worker1,worker1,worker1,0,0.28539347648620605,0.0,0.0
model_0,738,1,0.2775857448577881,6,6,1,0,0.9830332398414612,0.19402122497558594,0.08356451988220215,0.3010403863678723,worker1,worker1,worker1,0,0.19402122497558594,0.0,0.0
model_0,739,1,0.3270890712738037,9,9,1,0,0.9011932611465454,0.18982529640197754,0.13726377487182617,0.41965258679316664,worker1,worker1,worker1,0,0.18982529640197754,0.0,0.0
model_0,740,1,0.383563756942749,3,3,1,1,0.8528075218200684,0.299008846282959,0.08455491065979004,0.220445516890718,worker1,worker1,worker1,0,0.299008846282959,0.0,0.0
model_0,741,1,0.26909899711608887,4,4,1,0,0.7669958472251892,0.18617868423461914,0.08292031288146973,0.3081405496494587,worker1,worker1,worker1,0,0.18617868423461914,0.0,0.0
model_0,742,1,0.37516307830810547,1,1,1,1,0.9581461548805237,0.2860743999481201,0.08908867835998535,0.2374665405821748,worker1,worker1,worker1,0,0.2860743999481201,0.0,0.0
model_0,743,1,0.27524495124816895,1,1,1,0,0.9686884880065918,0.1890101432800293,0.08623480796813965,0.31330205178000814,worker1,worker1,worker1,0,0.1890101432800293,0.0,0.0
model_0,744,1,0.2871208190917969,8,8,1,0,0.9386671185493469,0.19090533256530762,0.09621548652648926,0.3351045278807446,worker1,worker1,worker1,0,0.19090533256530762,0.0,0.0
model_0,745,1,0.2795145511627197,9,9,1,0,0.9904139637947083,0.19397974014282227,0.08553481101989746,0.306012014988455,worker1,worker1,worker1,0,0.19397974014282227,0.0,0.0
model_0,746,1,0.384981632232666,2,2,1,1,0.8239924311637878,0.29860687255859375,0.08637475967407227,0.22436072903829124,worker1,worker1,worker1,0,0.29860687255859375,0.0,0.0
model_0,747,1,0.3761558532714844,2,2,1,1,0.9848253130912781,0.28995561599731445,0.08620023727416992,0.2291609622034947,worker1,worker1,worker1,0,0.28995561599731445,0.0,0.0
model_0,748,1,0.27056169509887695,3,2,0,0,0.7285758256912231,0.18720102310180664,0.08336067199707031,0.30810226838136157,worker1,worker1,worker1,0,0.18720102310180664,0.0,0.0
model_0,749,1,0.2748873233795166,5,7,0,0,0.5271373391151428,0.19098544120788574,0.08390188217163086,0.3052228132608128,worker1,worker1,worker1,0,0.19098544120788574,0.0,0.0
model_0,750,1,0.3740711212158203,6,6,1,1,0.7821489572525024,0.2897663116455078,0.0843048095703125,0.22537107194028178,worker1,worker1,worker1,0,0.2897663116455078,0.0,0.0
model_0,751,1,0.679661750793457,5,3,0,3,0.6235042810440063,0.5019369125366211,0.17772483825683594,0.26149012806643124,worker1->worker3->worker3,worker1,worker3,0,0.29258179664611816,0.0,0.20935511589050293
model_0,752,1,0.2744455337524414,0,0,1,0,0.942464292049408,0.18844032287597656,0.08600521087646484,0.31337806704496884,worker1,worker1,worker1,0,0.18844032287597656,0.0,0.0
model_0,753,1,0.3742861747741699,3,5,0,1,0.765330970287323,0.2885622978210449,0.085723876953125,0.22903297725289354,worker1,worker1,worker1,0,0.2885622978210449,0.0,0.0
model_0,754,1,0.2881016731262207,4,4,1,0,0.6924506425857544,0.19263148307800293,0.09547019004821777,0.331376728959124,worker1,worker1,worker1,0,0.19263148307800293,0.0,0.0
model_0,755,1,0.5358023643493652,7,7,1,2,0.9999784231185913,0.3790171146392822,0.156785249710083,0.29261768917438474,worker1->worker3,worker1,worker3,0,0.29433512687683105,0.0,0.08468198776245117
model_0,756,1,0.2824552059173584,8,1,0,0,0.9583210945129395,0.196821928024292,0.0856332778930664,0.3031747197398842,worker1,worker1,worker1,0,0.196821928024292,0.0,0.0
model_0,757,1,0.5130646228790283,2,2,1,2,0.885890781879425,0.3683769702911377,0.14468765258789062,0.2820066832438873,worker1->worker3,worker1,worker3,0,0.28406763076782227,0.0,0.08430933952331543
model_0,758,1,0.27628612518310547,7,7,1,0,0.99664306640625,0.19234776496887207,0.0839383602142334,0.30380953860279525,worker1,worker1,worker1,0,0.19234776496887207,0.0,0.0
model_0,759,1,0.3912642002105713,4,4,1,1,0.8876578211784363,0.28993964195251465,0.10132455825805664,0.2589671076564776,worker1,worker1,worker1,0,0.28993964195251465,0.0,0.0
model_0,760,1,0.2696959972381592,6,6,1,0,0.9274464845657349,0.18737578392028809,0.0823202133178711,0.3052333522220464,worker1,worker1,worker1,0,0.18737578392028809,0.0,0.0
model_0,761,1,0.5416827201843262,5,5,1,2,0.8830652832984924,0.37011218070983887,0.1715705394744873,0.31673622414262087,worker1->worker3,worker1,worker3,0,0.2824103832244873,0.0,0.08770179748535156
model_0,762,1,0.6174180507659912,5,5,1,3,0.8105118274688721,0.4762561321258545,0.14116191864013672,0.22863263953006577,worker1->worker3->worker3,worker1,worker3,0,0.2860684394836426,0.0,0.19018769264221191
model_0,763,1,0.27156639099121094,1,1,1,0,0.9712844491004944,0.18467307090759277,0.08689332008361816,0.31997081732558874,worker1,worker1,worker1,0,0.18467307090759277,0.0,0.0
model_0,764,1,0.3546924591064453,0,0,1,0,0.7460129857063293,0.19475269317626953,0.15993976593017578,0.4509251939922887,worker1,worker1,worker1,0,0.19475269317626953,0.0,0.0
model_0,765,1,0.29534173011779785,4,4,1,0,0.8723108768463135,0.2061307430267334,0.08921098709106445,0.3020602170085562,worker1,worker1,worker1,0,0.2061307430267334,0.0,0.0
model_0,766,1,0.3842356204986572,6,6,1,1,0.9963333606719971,0.2980985641479492,0.08613705635070801,0.22417769658867176,worker1,worker1,worker1,0,0.2980985641479492,0.0,0.0
model_0,767,1,0.2683727741241455,9,9,1,0,0.8843291401863098,0.18469476699829102,0.08367800712585449,0.31179767544954545,worker1,worker1,worker1,0,0.18469476699829102,0.0,0.0
model_0,768,1,0.3950216770172119,0,0,1,1,0.8623192310333252,0.2886016368865967,0.10642004013061523,0.2694030386741999,worker1,worker1,worker1,0,0.2886016368865967,0.0,0.0
model_0,769,1,0.3703329563140869,0,0,1,1,0.9954577684402466,0.2867140769958496,0.0836188793182373,0.22579378338480477,worker1,worker1,worker1,0,0.2867140769958496,0.0,0.0
model_0,770,1,0.2884867191314697,7,7,1,0,0.7831828594207764,0.20284724235534668,0.08563947677612305,0.296857605902805,worker1,worker1,worker1,0,0.20284724235534668,0.0,0.0
model_0,771,1,0.3926703929901123,3,2,0,1,0.7680737972259521,0.30792665481567383,0.08474373817443848,0.2158139235533665,worker1,worker1,worker1,0,0.30792665481567383,0.0,0.0
model_0,772,1,0.2770705223083496,2,0,0,0,0.8143200278282166,0.19161581993103027,0.08545470237731934,0.3084222084160128,worker1,worker1,worker1,0,0.19161581993103027,0.0,0.0
model_0,773,1,0.3925013542175293,4,4,1,1,0.7265541553497314,0.2900681495666504,0.1024332046508789,0.26097541715514466,worker1,worker1,worker1,0,0.2900681495666504,0.0,0.0
model_0,774,1,0.2774801254272461,8,8,1,0,0.8502863645553589,0.1890242099761963,0.0884559154510498,0.3187828869359601,worker1,worker1,worker1,0,0.1890242099761963,0.0,0.0
model_0,775,1,0.2933533191680908,7,7,1,0,0.9836546778678894,0.20292878150939941,0.0904245376586914,0.3082444675080644,worker1,worker1,worker1,0,0.20292878150939941,0.0,0.0
model_0,776,1,0.279646635055542,4,4,1,0,0.931409478187561,0.19483113288879395,0.08481550216674805,0.30329527172712956,worker1,worker1,worker1,0,0.19483113288879395,0.0,0.0
model_0,777,1,0.3821578025817871,3,3,1,1,0.9940472841262817,0.29729485511779785,0.08486294746398926,0.22206257962200682,worker1,worker1,worker1,0,0.29729485511779785,0.0,0.0
model_0,778,1,0.2845168113708496,3,3,1,0,0.49151092767715454,0.1935291290283203,0.0909876823425293,0.3197972095361797,worker1,worker1,worker1,0,0.1935291290283203,0.0,0.0
model_0,779,1,0.3097686767578125,5,2,0,0,0.7329216003417969,0.20465636253356934,0.10511231422424316,0.3393251871828974,worker1,worker1,worker1,0,0.20465636253356934,0.0,0.0
model_0,780,1,0.29912495613098145,9,9,1,0,0.9819586873054504,0.19871854782104492,0.10040640830993652,0.33566710584311915,worker1,worker1,worker1,0,0.19871854782104492,0.0,0.0
model_0,781,1,0.2898898124694824,2,5,0,0,0.7633412480354309,0.20102262496948242,0.0888671875,0.3065550553259105,worker1,worker1,worker1,0,0.20102262496948242,0.0,0.0
model_0,782,1,0.3338181972503662,6,1,0,0,0.9726765751838684,0.18987798690795898,0.14394021034240723,0.43119342063443883,worker1,worker1,worker1,0,0.18987798690795898,0.0,0.0
model_0,783,1,0.274735689163208,9,9,1,0,0.9779179096221924,0.18850445747375488,0.08623123168945312,0.31386978499989154,worker1,worker1,worker1,0,0.18850445747375488,0.0,0.0
model_0,784,1,0.3775622844696045,9,1,0,1,0.9863770604133606,0.2949330806732178,0.08262920379638672,0.21884919970876687,worker1,worker1,worker1,0,0.2949330806732178,0.0,0.0
model_0,785,1,0.2728760242462158,4,4,1,0,0.9481377601623535,0.18829798698425293,0.08457803726196289,0.3099504161114873,worker1,worker1,worker1,0,0.18829798698425293,0.0,0.0
model_0,786,1,0.2877686023712158,7,7,1,0,0.6543970108032227,0.2026994228363037,0.08506917953491211,0.2956166129103082,worker1,worker1,worker1,0,0.2026994228363037,0.0,0.0
model_0,787,1,0.38507747650146484,5,5,1,1,0.9099974036216736,0.297931432723999,0.08714604377746582,0.22630781880366435,worker1,worker1,worker1,0,0.297931432723999,0.0,0.0
model_0,788,1,0.37926220893859863,3,5,0,1,0.9791163802146912,0.29578638076782227,0.08347582817077637,0.2201005694830271,worker1,worker1,worker1,0,0.29578638076782227,0.0,0.0
model_0,789,1,0.379941463470459,3,3,1,1,0.976478099822998,0.29505252838134766,0.08488893508911133,0.22342635182198683,worker1,worker1,worker1,0,0.29505252838134766,0.0,0.0
model_0,790,1,0.3900918960571289,2,3,0,1,0.871083676815033,0.306689977645874,0.08340191841125488,0.2138006947958762,worker1,worker1,worker1,0,0.306689977645874,0.0,0.0
model_0,791,1,0.3859994411468506,4,2,0,1,0.971738338470459,0.3000755310058594,0.08592391014099121,0.22260112575733523,worker1,worker1,worker1,0,0.3000755310058594,0.0,0.0
model_0,792,1,0.2780115604400635,4,4,1,0,0.8288077712059021,0.19388580322265625,0.08412575721740723,0.302598054139349,worker1,worker1,worker1,0,0.19388580322265625,0.0,0.0
model_0,793,1,0.42006683349609375,3,3,1,1,0.8820522427558899,0.3007652759552002,0.11930155754089355,0.2840061343286293,worker1,worker1,worker1,0,0.3007652759552002,0.0,0.0
model_0,794,1,0.3833649158477783,3,5,0,1,0.630253255367279,0.2968289852142334,0.08653593063354492,0.22572730851538203,worker1,worker1,worker1,0,0.2968289852142334,0.0,0.0
model_0,795,1,0.28498125076293945,5,5,1,0,0.7096279263496399,0.20224666595458984,0.08273458480834961,0.2903158877535142,worker1,worker1,worker1,0,0.20224666595458984,0.0,0.0
model_0,796,1,0.2821638584136963,6,6,1,0,0.9609513878822327,0.19642138481140137,0.08574247360229492,0.30387475591074126,worker1,worker1,worker1,0,0.19642138481140137,0.0,0.0
model_0,797,1,0.3937957286834717,3,3,1,1,0.6952878832817078,0.2968447208404541,0.09695100784301758,0.2461961894994185,worker1,worker1,worker1,0,0.2968447208404541,0.0,0.0
model_0,798,1,0.3890869617462158,5,5,1,1,0.7653442621231079,0.30556178092956543,0.08352518081665039,0.21466969862416044,worker1,worker1,worker1,0,0.30556178092956543,0.0,0.0
model_0,799,1,0.5592780113220215,5,3,0,2,0.9174791574478149,0.414764404296875,0.14451360702514648,0.25839314991759676,worker1->worker3,worker1,worker3,0,0.29206371307373047,0.0,0.12270069122314453
model_0,800,1,0.2755928039550781,7,7,1,0,0.9938173890113831,0.19065141677856445,0.08494138717651367,0.3082133711675549,worker1,worker1,worker1,0,0.19065141677856445,0.0,0.0
model_0,801,1,0.2974379062652588,8,8,1,0,0.9953534603118896,0.202772855758667,0.0946650505065918,0.3182682788997591,worker1,worker1,worker1,0,0.202772855758667,0.0,0.0
model_0,802,1,0.35159754753112793,3,5,0,0,0.9202197194099426,0.20080828666687012,0.1507892608642578,0.4288689210805943,worker1,worker1,worker1,0,0.20080828666687012,0.0,0.0
model_0,803,1,0.2846231460571289,1,1,1,0,0.9990144968032837,0.19556689262390137,0.08905625343322754,0.31289181736243044,worker1,worker1,worker1,0,0.19556689262390137,0.0,0.0
model_0,804,1,0.40326952934265137,1,1,1,1,0.9927686452865601,0.2977333068847656,0.10553622245788574,0.2617014546819712,worker1,worker1,worker1,0,0.2977333068847656,0.0,0.0
model_0,805,1,0.28749942779541016,4,2,0,0,0.6363417506217957,0.2030344009399414,0.08446502685546875,0.293791982485529,worker1,worker1,worker1,0,0.2030344009399414,0.0,0.0
model_0,806,1,0.2869699001312256,9,0,0,0,0.7983770966529846,0.19515275955200195,0.09181714057922363,0.3199539064453711,worker1,worker1,worker1,0,0.19515275955200195,0.0,0.0
model_0,807,1,0.3868255615234375,6,6,1,1,0.9832260012626648,0.28981494903564453,0.09701061248779297,0.2507864581278845,worker1,worker1,worker1,0,0.28981494903564453,0.0,0.0
model_0,808,1,0.5285475254058838,4,4,1,2,0.9998832941055298,0.38252735137939453,0.14602017402648926,0.27626687669071387,worker1->worker3,worker1,worker3,0,0.2984435558319092,0.0,0.08408379554748535
model_0,809,1,0.37127113342285156,0,0,1,1,0.9834970235824585,0.28603529930114746,0.0852358341217041,0.22957840362080215,worker1,worker1,worker1,0,0.28603529930114746,0.0,0.0
model_0,810,1,0.377000093460083,6,6,1,1,0.8685495853424072,0.2932140827178955,0.0837860107421875,0.22224400522876478,worker1,worker1,worker1,0,0.2932140827178955,0.0,0.0
model_0,811,1,0.2890007495880127,6,6,1,0,0.7936818599700928,0.19295406341552734,0.09604668617248535,0.3323406126434117,worker1,worker1,worker1,0,0.19295406341552734,0.0,0.0
model_0,812,1,0.6746406555175781,3,7,0,3,0.5183281898498535,0.5221140384674072,0.1525266170501709,0.2260857180822491,worker1->worker3->worker3,worker1,worker3,0,0.29981088638305664,0.0,0.22230315208435059
model_0,813,1,0.2752399444580078,9,9,1,0,0.8269374966621399,0.1915140151977539,0.0837259292602539,0.3041925089220748,worker1,worker1,worker1,0,0.1915140151977539,0.0,0.0
model_0,814,1,0.2912473678588867,3,5,0,0,0.6553635597229004,0.19768333435058594,0.09356403350830078,0.3212528037459683,worker1,worker1,worker1,0,0.19768333435058594,0.0,0.0
model_0,815,1,0.44646286964416504,7,7,1,1,0.8268629908561707,0.28251123428344727,0.16395163536071777,0.3672234501637028,worker1,worker1,worker1,0,0.28251123428344727,0.0,0.0
model_0,816,1,0.275209903717041,5,3,0,0,0.9407212734222412,0.190781831741333,0.08442807197570801,0.3067770121474746,worker1,worker1,worker1,0,0.190781831741333,0.0,0.0
model_0,817,1,0.5305836200714111,4,4,1,2,0.9999340772628784,0.38120484352111816,0.14937877655029297,0.2815367284240477,worker1->worker3,worker1,worker3,0,0.2966136932373047,0.0,0.08459115028381348
model_0,818,1,0.381544828414917,6,6,1,1,0.9884461164474487,0.29647040367126465,0.08507442474365234,0.22297360207209205,worker1,worker1,worker1,0,0.29647040367126465,0.0,0.0
model_0,819,1,0.5303809642791748,3,3,1,2,0.8937127590179443,0.38542723655700684,0.14495372772216797,0.27330115046487446,worker1->worker3,worker1,worker3,0,0.3020479679107666,0.0,0.08337926864624023
model_0,820,1,0.28154587745666504,7,7,1,0,0.9164149761199951,0.19796109199523926,0.08358478546142578,0.29687803002653085,worker1,worker1,worker1,0,0.19796109199523926,0.0,0.0
model_0,821,1,0.2722344398498535,6,6,1,0,0.9768009185791016,0.18950724601745605,0.08272719383239746,0.30388217551763214,worker1,worker1,worker1,0,0.18950724601745605,0.0,0.0
model_0,822,1,0.2903289794921875,0,2,0,0,0.8953427076339722,0.2009446620941162,0.08938431739807129,0.3078725298260367,worker1,worker1,worker1,0,0.2009446620941162,0.0,0.0
model_0,823,1,0.2852492332458496,9,9,1,0,0.9880130290985107,0.20019125938415527,0.08505797386169434,0.2981882646758418,worker1,worker1,worker1,0,0.20019125938415527,0.0,0.0
model_0,824,1,0.2845165729522705,7,7,1,0,0.9217821955680847,0.19629669189453125,0.08821988105773926,0.31006939294372393,worker1,worker1,worker1,0,0.19629669189453125,0.0,0.0
model_0,825,1,0.2896246910095215,6,2,0,0,0.753976047039032,0.19369292259216309,0.0959317684173584,0.3312278662533113,worker1,worker1,worker1,0,0.19369292259216309,0.0,0.0
model_0,826,1,0.39985179901123047,3,3,1,1,0.9309594035148621,0.30942225456237793,0.09042954444885254,0.2261576530916463,worker1,worker1,worker1,0,0.30942225456237793,0.0,0.0
model_0,827,1,0.2855806350708008,5,5,1,0,0.941534161567688,0.1969306468963623,0.08864998817443848,0.3104201661028609,worker1,worker1,worker1,0,0.1969306468963623,0.0,0.0
model_0,828,1,0.3988661766052246,0,8,0,1,0.8909448981285095,0.3096017837524414,0.0892643928527832,0.22379534312113933,worker1,worker1,worker1,0,0.3096017837524414,0.0,0.0
model_0,829,1,0.2794206142425537,3,3,1,0,0.727769136428833,0.19564008712768555,0.08378052711486816,0.29983660061008127,worker1,worker1,worker1,0,0.19564008712768555,0.0,0.0
model_0,830,1,0.3919391632080078,1,1,1,1,0.6630366444587708,0.28436923027038574,0.10756993293762207,0.27445568862566855,worker1,worker1,worker1,0,0.28436923027038574,0.0,0.0
model_0,831,1,0.2824404239654541,6,6,1,0,0.7809211611747742,0.19807195663452148,0.08436846733093262,0.2987124369323702,worker1,worker1,worker1,0,0.19807195663452148,0.0,0.0
model_0,832,1,0.32497310638427734,1,1,1,0,0.9310102462768555,0.1978297233581543,0.12714338302612305,0.3912427844899181,worker1,worker1,worker1,0,0.1978297233581543,0.0,0.0
model_0,833,1,0.39743494987487793,3,3,1,1,0.8606950640678406,0.3049278259277344,0.09250712394714355,0.23276041519817775,worker1,worker1,worker1,0,0.3049278259277344,0.0,0.0
model_0,834,1,0.3860454559326172,6,6,1,1,0.8957473039627075,0.301358699798584,0.0846867561340332,0.21936990795409067,worker1,worker1,worker1,0,0.301358699798584,0.0,0.0
model_0,835,1,0.2837977409362793,0,0,1,0,0.9287335276603699,0.19965744018554688,0.08414030075073242,0.29647981154869135,worker1,worker1,worker1,0,0.19965744018554688,0.0,0.0
model_0,836,1,0.4138188362121582,9,1,0,1,0.9753615856170654,0.31604814529418945,0.09777069091796875,0.23626447701825565,worker1,worker1,worker1,0,0.31604814529418945,0.0,0.0
model_0,837,1,0.2814664840698242,7,7,1,0,0.9924418926239014,0.19597864151000977,0.08548784255981445,0.30372299153957966,worker1,worker1,worker1,0,0.19597864151000977,0.0,0.0
model_0,838,1,0.38608407974243164,4,4,1,1,0.9812877774238586,0.29659342765808105,0.08949065208435059,0.23179057821822777,worker1,worker1,worker1,0,0.29659342765808105,0.0,0.0
model_0,839,1,0.3814530372619629,5,3,0,1,0.5555516481399536,0.29601287841796875,0.08544015884399414,0.2239860493896608,worker1,worker1,worker1,0,0.29601287841796875,0.0,0.0
model_0,840,1,0.2779817581176758,7,7,1,0,0.9552485942840576,0.19266510009765625,0.08531665802001953,0.30691459251762526,worker1,worker1,worker1,0,0.19266510009765625,0.0,0.0
model_0,841,1,0.2857933044433594,9,9,1,0,0.9610302448272705,0.1955263614654541,0.09026694297790527,0.3158469480372135,worker1,worker1,worker1,0,0.1955263614654541,0.0,0.0
model_0,842,1,0.28238677978515625,9,9,1,0,0.9836657643318176,0.19378423690795898,0.08860254287719727,0.31376306973225626,worker1,worker1,worker1,0,0.19378423690795898,0.0,0.0
model_0,843,1,0.39867424964904785,9,1,0,1,0.6126431226730347,0.29248476028442383,0.10618948936462402,0.2663565290662801,worker1,worker1,worker1,0,0.29248476028442383,0.0,0.0
model_0,844,1,0.28624677658081055,0,8,0,0,0.7103809118270874,0.19759202003479004,0.08865475654602051,0.3097144275474219,worker1,worker1,worker1,0,0.19759202003479004,0.0,0.0
model_0,845,1,0.3114309310913086,0,8,0,0,0.7755029797554016,0.19321537017822266,0.11821556091308594,0.3795883745356888,worker1,worker1,worker1,0,0.19321537017822266,0.0,0.0
model_0,846,1,0.38475584983825684,6,6,1,1,0.9826157093048096,0.2938239574432373,0.09093189239501953,0.23633660783389093,worker1,worker1,worker1,0,0.2938239574432373,0.0,0.0
model_0,847,1,0.548891544342041,2,2,1,2,0.9623250961303711,0.40257692337036133,0.1463146209716797,0.26656380933517154,worker1->worker3,worker1,worker3,0,0.2994849681854248,0.0,0.10309195518493652
model_0,848,1,0.37971019744873047,5,5,1,1,0.9634935259819031,0.2901287078857422,0.08958148956298828,0.23592068415566803,worker1,worker1,worker1,0,0.2901287078857422,0.0,0.0
model_0,849,1,0.2878556251525879,1,1,1,0,0.998234748840332,0.20192432403564453,0.08593130111694336,0.2985222229768568,worker1,worker1,worker1,0,0.20192432403564453,0.0,0.0
model_0,850,1,0.37914156913757324,4,5,0,1,0.70713210105896,0.29400181770324707,0.08513975143432617,0.22455926325354428,worker1,worker1,worker1,0,0.29400181770324707,0.0,0.0
model_0,851,1,0.2798495292663574,1,1,1,0,0.722163736820221,0.19310331344604492,0.0867462158203125,0.30997449253433795,worker1,worker1,worker1,0,0.19310331344604492,0.0,0.0
model_0,852,1,0.3678133487701416,2,2,1,1,0.8567764163017273,0.2835428714752197,0.08427047729492188,0.22911206887052163,worker1,worker1,worker1,0,0.2835428714752197,0.0,0.0
model_0,853,1,0.27631545066833496,5,3,0,0,0.6773233413696289,0.19074106216430664,0.08557438850402832,0.3096981667042006,worker1,worker1,worker1,0,0.19074106216430664,0.0,0.0
model_0,854,1,0.3671724796295166,6,6,1,1,0.9032650589942932,0.2832300662994385,0.08394241333007812,0.22861847765599827,worker1,worker1,worker1,0,0.2832300662994385,0.0,0.0
model_0,855,1,0.6677920818328857,2,2,1,3,0.8632214069366455,0.5217633247375488,0.14602875709533691,0.21867398711067745,worker1->worker3->worker3,worker1,worker3,0,0.3047003746032715,0.0,0.21706295013427734
model_0,856,1,0.27954769134521484,3,3,1,0,0.8349219560623169,0.1944258213043213,0.08512187004089355,0.30449856205671944,worker1,worker1,worker1,0,0.1944258213043213,0.0,0.0
model_0,857,1,0.27451062202453613,8,0,0,0,0.616523802280426,0.19094324111938477,0.08356738090515137,0.30442312318858833,worker1,worker1,worker1,0,0.19094324111938477,0.0,0.0
model_0,858,1,0.28551435470581055,3,3,1,0,0.7609851956367493,0.1949453353881836,0.09056901931762695,0.3172135404923785,worker1,worker1,worker1,0,0.1949453353881836,0.0,0.0
model_0,859,1,0.5104689598083496,1,1,1,2,0.9897035956382751,0.36739492416381836,0.14307403564453125,0.2802795995632074,worker1->worker3,worker1,worker3,0,0.2825613021850586,0.0,0.08483362197875977
model_0,860,1,0.2745668888092041,9,9,1,0,0.5741621255874634,0.18677711486816406,0.08778977394104004,0.31973911465356974,worker1,worker1,worker1,0,0.18677711486816406,0.0,0.0
model_0,861,1,0.4079751968383789,6,6,1,1,0.9988320469856262,0.2936253547668457,0.1143498420715332,0.28028625994347733,worker1,worker1,worker1,0,0.2936253547668457,0.0,0.0
model_0,862,1,0.28518033027648926,5,5,1,0,0.9461036324501038,0.19985055923461914,0.08532977104187012,0.29921338178948326,worker1,worker1,worker1,0,0.19985055923461914,0.0,0.0
model_0,863,1,0.4156684875488281,0,0,1,1,0.9778253436088562,0.3068811893463135,0.10878729820251465,0.2617164915339788,worker1,worker1,worker1,0,0.3068811893463135,0.0,0.0
model_0,864,1,0.3754842281341553,4,4,1,1,0.98111891746521,0.2911829948425293,0.08430123329162598,0.2245133802570965,worker1,worker1,worker1,0,0.2911829948425293,0.0,0.0
model_0,865,1,0.3875160217285156,3,6,0,1,0.5274255275726318,0.3034055233001709,0.08411049842834473,0.2170503765319683,worker1,worker1,worker1,0,0.3034055233001709,0.0,0.0
model_0,866,1,0.3773367404937744,0,6,0,1,0.7407485842704773,0.2868053913116455,0.0905313491821289,0.23992190387732085,worker1,worker1,worker1,0,0.2868053913116455,0.0,0.0
model_0,867,1,0.2864384651184082,7,7,1,0,0.9642460346221924,0.19900870323181152,0.08742976188659668,0.30523052080472113,worker1,worker1,worker1,0,0.19900870323181152,0.0,0.0
model_0,868,1,0.32902956008911133,3,5,0,0,0.6829520463943481,0.20198893547058105,0.12704062461853027,0.38610702510778594,worker1,worker1,worker1,0,0.20198893547058105,0.0,0.0
model_0,869,1,0.39449405670166016,9,9,1,1,0.9996852874755859,0.2952113151550293,0.09928274154663086,0.25167107047626414,worker1,worker1,worker1,0,0.2952113151550293,0.0,0.0
model_0,870,1,0.3931152820587158,6,6,1,1,0.9188959002494812,0.30756282806396484,0.08555245399475098,0.21762688427353694,worker1,worker1,worker1,0,0.30756282806396484,0.0,0.0
model_0,871,1,0.3746979236602783,4,4,1,1,0.7440780401229858,0.2908923625946045,0.08380556106567383,0.22366166389984202,worker1,worker1,worker1,0,0.2908923625946045,0.0,0.0
model_0,872,1,0.3772110939025879,6,1,0,1,0.7533208131790161,0.2928628921508789,0.08434820175170898,0.2236100769970761,worker1,worker1,worker1,0,0.2928628921508789,0.0,0.0
model_0,873,1,0.5502355098724365,5,5,1,2,0.4844563603401184,0.4065670967102051,0.14366841316223145,0.26110349220379964,worker1->worker3,worker1,worker3,0,0.2929093837738037,0.0,0.11365771293640137
model_0,874,1,0.3856983184814453,3,3,1,1,0.9234434962272644,0.2993154525756836,0.08638286590576172,0.22396484964172153,worker1,worker1,worker1,0,0.2993154525756836,0.0,0.0
model_0,875,1,0.28583264350891113,4,4,1,0,0.885762631893158,0.20084714889526367,0.08498549461364746,0.2973260631478502,worker1,worker1,worker1,0,0.20084714889526367,0.0,0.0
model_0,876,1,0.3799724578857422,6,2,0,1,0.6367029547691345,0.2959771156311035,0.08399534225463867,0.2210563963556961,worker1,worker1,worker1,0,0.2959771156311035,0.0,0.0
model_0,877,1,0.2858600616455078,1,1,1,0,0.909214437007904,0.20088744163513184,0.08497262001037598,0.29725250712269724,worker1,worker1,worker1,0,0.20088744163513184,0.0,0.0
model_0,878,1,0.2819344997406006,0,2,0,0,0.9169780611991882,0.1968064308166504,0.0851280689239502,0.30194271719946997,worker1,worker1,worker1,0,0.1968064308166504,0.0,0.0
model_0,879,1,0.5172839164733887,7,7,1,2,0.7113820910453796,0.3730294704437256,0.14425444602966309,0.27886899521857483,worker1->worker3,worker1,worker3,0,0.29234933853149414,0.0,0.08068013191223145
model_0,880,1,0.3717026710510254,0,0,1,1,0.9908832907676697,0.28835487365722656,0.08334779739379883,0.22423244137074624,worker1,worker1,worker1,0,0.28835487365722656,0.0,0.0
model_0,881,1,0.2930619716644287,8,8,1,0,0.9776696562767029,0.19826793670654297,0.09479403495788574,0.3234607152183835,worker1,worker1,worker1,0,0.19826793670654297,0.0,0.0
model_0,882,1,0.2856416702270508,1,1,1,0,0.9496243000030518,0.19434380531311035,0.09129786491394043,0.3196237609217507,worker1,worker1,worker1,0,0.19434380531311035,0.0,0.0
model_0,883,1,0.2835085391998291,4,4,1,0,0.7552825808525085,0.19977140426635742,0.08373713493347168,0.2953601862215872,worker1,worker1,worker1,0,0.19977140426635742,0.0,0.0
model_0,884,1,0.4206099510192871,7,7,1,1,0.9461796283721924,0.3009762763977051,0.11963367462158203,0.2844290163170586,worker1,worker1,worker1,0,0.3009762763977051,0.0,0.0
model_0,885,1,0.3824794292449951,3,3,1,1,0.9988306164741516,0.29875898361206055,0.08372044563293457,0.218888753829707,worker1,worker1,worker1,0,0.29875898361206055,0.0,0.0
model_0,886,1,0.3713350296020508,8,8,1,1,0.8459663391113281,0.2881019115447998,0.08323311805725098,0.22414561358902646,worker1,worker1,worker1,0,0.2881019115447998,0.0,0.0
model_0,887,1,0.28368496894836426,6,6,1,0,0.9865167140960693,0.19832515716552734,0.08535981178283691,0.3008964912708291,worker1,worker1,worker1,0,0.19832515716552734,0.0,0.0
model_0,888,1,0.4374098777770996,4,2,0,1,0.7963536977767944,0.29317235946655273,0.14423751831054688,0.32975368330399046,worker1,worker1,worker1,0,0.29317235946655273,0.0,0.0
model_0,889,1,0.28714871406555176,3,3,1,0,0.8359655737876892,0.20305156707763672,0.08409714698791504,0.29286966254258384,worker1,worker1,worker1,0,0.20305156707763672,0.0,0.0
model_0,890,1,0.289837121963501,4,4,1,0,0.9564212560653687,0.1978588104248047,0.09197831153869629,0.31734482772803363,worker1,worker1,worker1,0,0.1978588104248047,0.0,0.0
model_0,891,1,0.27814769744873047,6,6,1,0,0.9183809161186218,0.18765497207641602,0.09049272537231445,0.3253405518087904,worker1,worker1,worker1,0,0.18765497207641602,0.0,0.0
model_0,892,1,0.3906972408294678,8,0,0,1,0.8091598749160767,0.29953932762145996,0.09115791320800781,0.23332110821790158,worker1,worker1,worker1,0,0.29953932762145996,0.0,0.0
model_0,893,1,0.3995542526245117,6,6,1,1,0.6787997484207153,0.3036835193634033,0.0958707332611084,0.23994421941794383,worker1,worker1,worker1,0,0.3036835193634033,0.0,0.0
model_0,894,1,0.28565073013305664,9,9,1,0,0.8283558487892151,0.1914675235748291,0.09418320655822754,0.3297145661569177,worker1,worker1,worker1,0,0.1914675235748291,0.0,0.0
model_0,895,1,0.28475403785705566,0,0,1,0,0.9350411891937256,0.1930532455444336,0.09170079231262207,0.3220350903633372,worker1,worker1,worker1,0,0.1930532455444336,0.0,0.0
model_0,896,1,0.37575316429138184,3,3,1,1,0.895552396774292,0.28865528106689453,0.0870978832244873,0.23179547506603648,worker1,worker1,worker1,0,0.28865528106689453,0.0,0.0
model_0,897,1,0.5586705207824707,3,3,1,2,0.780958890914917,0.4124627113342285,0.1462078094482422,0.26170668401021835,worker1->worker3,worker1,worker3,0,0.2985503673553467,0.0,0.11391234397888184
model_0,898,1,0.28196167945861816,7,7,1,0,0.9902141690254211,0.1967926025390625,0.08516907691955566,0.3020590495952675,worker1,worker1,worker1,0,0.1967926025390625,0.0,0.0
model_0,899,1,0.5102901458740234,7,7,1,2,0.9941891431808472,0.367661714553833,0.14262843132019043,0.27950457690280667,worker1->worker3,worker1,worker3,0,0.2877662181854248,0.0,0.0798954963684082
model_0,900,1,0.3820791244506836,9,9,1,1,0.7762874960899353,0.29782843589782715,0.08425068855285645,0.22050586687766294,worker1,worker1,worker1,0,0.29782843589782715,0.0,0.0
model_0,901,1,0.2851533889770508,2,2,1,0,0.8713181018829346,0.1947019100189209,0.09045147895812988,0.31720288958378623,worker1,worker1,worker1,0,0.1947019100189209,0.0,0.0
model_0,902,1,0.34227418899536133,9,9,1,0,0.9814460873603821,0.2044222354888916,0.13785195350646973,0.4027529914279863,worker1,worker1,worker1,0,0.2044222354888916,0.0,0.0
model_0,903,1,0.2926199436187744,2,2,1,0,0.9152886867523193,0.19877123832702637,0.09384870529174805,0.3207187593953413,worker1,worker1,worker1,0,0.19877123832702637,0.0,0.0
model_0,904,1,0.400315523147583,9,1,0,1,0.5183879137039185,0.3098769187927246,0.0904386043548584,0.22591830475061717,worker1,worker1,worker1,0,0.3098769187927246,0.0,0.0
model_0,905,1,0.28870558738708496,6,6,1,0,0.9690819382667542,0.20064496994018555,0.08806061744689941,0.30501875022193886,worker1,worker1,worker1,0,0.20064496994018555,0.0,0.0
model_0,906,1,0.38428258895874023,7,7,1,1,0.9825652837753296,0.30013370513916016,0.08414888381958008,0.21897657150585867,worker1,worker1,worker1,0,0.30013370513916016,0.0,0.0
model_0,907,1,0.2906811237335205,9,9,1,0,0.9976686835289001,0.2019643783569336,0.08871674537658691,0.3052029806308209,worker1,worker1,worker1,0,0.2019643783569336,0.0,0.0
model_0,908,1,0.4133431911468506,1,1,1,1,0.7675718069076538,0.3034353256225586,0.10990786552429199,0.26589978467854924,worker1,worker1,worker1,0,0.3034353256225586,0.0,0.0
model_0,909,1,0.38036155700683594,4,4,1,1,0.7168759703636169,0.2932312488555908,0.08713030815124512,0.2290723301189957,worker1,worker1,worker1,0,0.2932312488555908,0.0,0.0
model_0,910,1,0.5259089469909668,5,5,1,2,0.9639142155647278,0.3819139003753662,0.14399504661560059,0.2738022378958955,worker1->worker3,worker1,worker3,0,0.3012259006500244,0.0,0.0806879997253418
model_0,911,1,0.2793548107147217,9,9,1,0,0.7641035318374634,0.19327950477600098,0.0860753059387207,0.30812179578543636,worker1,worker1,worker1,0,0.19327950477600098,0.0,0.0
model_0,912,1,0.2756054401397705,1,9,0,0,0.8599125742912292,0.18511343002319336,0.09049201011657715,0.32833898369598596,worker1,worker1,worker1,0,0.18511343002319336,0.0,0.0
model_0,913,1,0.4080643653869629,4,7,0,1,0.7003825902938843,0.30390119552612305,0.10416316986083984,0.2552616172746745,worker1,worker1,worker1,0,0.30390119552612305,0.0,0.0
model_0,914,1,0.37038493156433105,3,3,1,1,0.9144270420074463,0.28569579124450684,0.08468914031982422,0.22865168937120978,worker1,worker1,worker1,0,0.28569579124450684,0.0,0.0
model_0,915,1,0.38753318786621094,6,3,0,1,0.8793532848358154,0.3026115894317627,0.08492159843444824,0.21913374413694328,worker1,worker1,worker1,0,0.3026115894317627,0.0,0.0
model_0,916,1,0.2777378559112549,1,1,1,0,0.9582424759864807,0.19366073608398438,0.08407711982727051,0.30272113807249784,worker1,worker1,worker1,0,0.19366073608398438,0.0,0.0
model_0,917,1,0.5174539089202881,3,3,1,2,0.6098963618278503,0.3768482208251953,0.14060568809509277,0.2717260139912337,worker1->worker3,worker1,worker3,0,0.29238462448120117,0.0,0.08446359634399414
model_0,918,1,0.3888387680053711,4,4,1,1,0.8960040807723999,0.3024473190307617,0.08639144897460938,0.2221780750355017,worker1,worker1,worker1,0,0.3024473190307617,0.0,0.0
model_0,919,1,0.27741074562072754,7,7,1,0,0.9984717965126038,0.18734359741210938,0.09006714820861816,0.32467072609997893,worker1,worker1,worker1,0,0.18734359741210938,0.0,0.0
model_0,920,1,0.27115416526794434,9,9,1,0,0.9808056354522705,0.1870136260986328,0.08414053916931152,0.31030516933482105,worker1,worker1,worker1,0,0.1870136260986328,0.0,0.0
model_0,921,1,0.2818787097930908,1,1,1,0,0.9625325798988342,0.1950082778930664,0.08687043190002441,0.30818372896552015,worker1,worker1,worker1,0,0.1950082778930664,0.0,0.0
model_0,922,1,0.38142871856689453,4,4,1,1,0.8844412565231323,0.2897627353668213,0.09166598320007324,0.24032270969129182,worker1,worker1,worker1,0,0.2897627353668213,0.0,0.0
model_0,923,1,0.28351593017578125,5,5,1,0,0.8262104988098145,0.19870257377624512,0.08481335639953613,0.29914846882484325,worker1,worker1,worker1,0,0.19870257377624512,0.0,0.0
model_0,924,1,0.3106513023376465,8,8,1,0,0.9966636300086975,0.19501590728759766,0.11563539505004883,0.37223534612568554,worker1,worker1,worker1,0,0.19501590728759766,0.0,0.0
model_0,925,1,0.2961759567260742,0,2,0,0,0.6834837198257446,0.19831395149230957,0.09786200523376465,0.33041846581852957,worker1,worker1,worker1,0,0.19831395149230957,0.0,0.0
model_0,926,1,0.29082441329956055,6,6,1,0,0.730057418346405,0.19684886932373047,0.09397554397583008,0.32313499031813253,worker1,worker1,worker1,0,0.19684886932373047,0.0,0.0
model_0,927,1,0.38285160064697266,6,6,1,1,0.8988332748413086,0.2898080348968506,0.09304356575012207,0.243027756950447,worker1,worker1,worker1,0,0.2898080348968506,0.0,0.0
model_0,928,1,0.2812318801879883,6,5,0,0,0.754905104637146,0.19676923751831055,0.08446264266967773,0.3003309675034674,worker1,worker1,worker1,0,0.19676923751831055,0.0,0.0
model_0,929,1,0.3202502727508545,8,8,1,0,0.995518684387207,0.19003629684448242,0.13021397590637207,0.40660067136827954,worker1,worker1,worker1,0,0.19003629684448242,0.0,0.0
model_0,930,1,0.3033938407897949,8,8,1,0,0.9525033235549927,0.19617843627929688,0.10721540451049805,0.35338688561176745,worker1,worker1,worker1,0,0.19617843627929688,0.0,0.0
model_0,931,1,0.396909236907959,3,6,0,1,0.7348257303237915,0.29595494270324707,0.10095429420471191,0.2543510828600914,worker1,worker1,worker1,0,0.29595494270324707,0.0,0.0
model_0,932,1,0.5404891967773438,3,0,0,2,0.9518800973892212,0.3954808712005615,0.14500832557678223,0.2682908861849442,worker1->worker3,worker1,worker3,0,0.3008303642272949,0.0,0.0946505069732666
model_0,933,1,0.2750365734100342,0,0,1,0,0.8155949115753174,0.1903989315032959,0.08463764190673828,0.30773231667832596,worker1,worker1,worker1,0,0.1903989315032959,0.0,0.0
model_0,934,1,0.4281768798828125,5,5,1,1,0.9148319363594055,0.29051637649536133,0.13766050338745117,0.32150382203057626,worker1,worker1,worker1,0,0.29051637649536133,0.0,0.0
model_0,935,1,0.28270840644836426,1,1,1,0,0.5655525922775269,0.1968069076538086,0.08590149879455566,0.30385194368192686,worker1,worker1,worker1,0,0.1968069076538086,0.0,0.0
model_0,936,1,0.5424542427062988,3,3,1,2,0.8427618741989136,0.3745243549346924,0.16792988777160645,0.30957429134263176,worker1->worker3,worker1,worker3,0,0.2910318374633789,0.0,0.08349251747131348
model_0,937,1,0.2901031970977783,7,2,0,0,0.7691748738288879,0.20494651794433594,0.08515667915344238,0.2935392646663615,worker1,worker1,worker1,0,0.20494651794433594,0.0,0.0
model_0,938,1,0.31750965118408203,8,0,0,0,0.8568081259727478,0.19350600242614746,0.12400364875793457,0.3905508015126167,worker1,worker1,worker1,0,0.19350600242614746,0.0,0.0
model_0,939,1,0.2771739959716797,9,9,1,0,0.9978958368301392,0.19162940979003906,0.08554458618164062,0.3086313558447278,worker1,worker1,worker1,0,0.19162940979003906,0.0,0.0
model_0,940,1,0.3704352378845215,3,3,1,1,0.9808760285377502,0.28355884552001953,0.08687639236450195,0.2345251841067684,worker1,worker1,worker1,0,0.28355884552001953,0.0,0.0
model_0,941,1,0.27338719367980957,3,3,1,0,0.7035932540893555,0.18976688385009766,0.08362030982971191,0.30586769154830207,worker1,worker1,worker1,0,0.18976688385009766,0.0,0.0
model_0,942,1,0.6719646453857422,9,1,0,3,0.718619167804718,0.5070345401763916,0.16493010520935059,0.24544461727547026,worker1->worker3->worker3,worker1,worker3,0,0.3044593334197998,0.0,0.2025752067565918
model_0,943,1,0.512598991394043,6,2,0,2,0.47634804248809814,0.3734729290008545,0.13912606239318848,0.27141306309407087,worker1->worker3,worker1,worker3,0,0.28877854347229004,0.0,0.08469438552856445
model_0,944,1,0.2733778953552246,6,6,1,0,0.7470019459724426,0.18954920768737793,0.08382868766784668,0.3066403286151592,worker1,worker1,worker1,0,0.18954920768737793,0.0,0.0
model_0,945,1,0.2782292366027832,7,2,0,0,0.8053174018859863,0.1890859603881836,0.08914327621459961,0.320395071715148,worker1,worker1,worker1,0,0.1890859603881836,0.0,0.0
model_0,946,1,0.3801100254058838,6,6,1,1,0.9874677658081055,0.296722412109375,0.08338761329650879,0.21937756892222715,worker1,worker1,worker1,0,0.296722412109375,0.0,0.0
model_0,947,1,0.27793359756469727,2,2,1,0,0.8445446491241455,0.19393038749694824,0.08400321006774902,0.3022420132139469,worker1,worker1,worker1,0,0.19393038749694824,0.0,0.0
model_0,948,1,0.3827650547027588,3,2,0,1,0.8397007584571838,0.2963414192199707,0.08642363548278809,0.22578768469316376,worker1,worker1,worker1,0,0.2963414192199707,0.0,0.0
model_0,949,1,0.38236308097839355,3,3,1,1,0.9878002405166626,0.2977919578552246,0.08457112312316895,0.22118014873917144,worker1,worker1,worker1,0,0.2977919578552246,0.0,0.0
model_0,950,1,0.4137551784515381,4,4,1,1,0.9217519164085388,0.2990076541900635,0.11474752426147461,0.2773319350126627,worker1,worker1,worker1,0,0.2990076541900635,0.0,0.0
model_0,951,1,0.6580615043640137,1,9,0,3,0.5537747740745544,0.5031464099884033,0.15491509437561035,0.23541126984069474,worker1->worker3->worker3,worker1,worker3,0,0.292438268661499,0.0,0.2107081413269043
model_0,952,1,0.3785865306854248,9,8,0,1,0.6921806931495667,0.29231691360473633,0.08626961708068848,0.22787291699073056,worker1,worker1,worker1,0,0.29231691360473633,0.0,0.0
model_0,953,1,0.3363327980041504,7,7,1,0,0.8793894648551941,0.18970680236816406,0.14662599563598633,0.43595509122537895,worker1,worker1,worker1,0,0.18970680236816406,0.0,0.0
model_0,954,1,0.27518558502197266,4,4,1,0,0.9701001048088074,0.1910264492034912,0.08415913581848145,0.3058268325056402,worker1,worker1,worker1,0,0.1910264492034912,0.0,0.0
model_0,955,1,0.2882833480834961,8,8,1,0,0.9990536570549011,0.19932055473327637,0.08896279335021973,0.30859497762060556,worker1,worker1,worker1,0,0.19932055473327637,0.0,0.0
model_0,956,1,0.6268360614776611,9,7,0,3,0.9036950469017029,0.47862792015075684,0.1482081413269043,0.23643844130078986,worker1->worker3->worker3,worker1,worker3,0,0.29106831550598145,0.0,0.1875596046447754
model_0,957,1,0.2801992893218994,5,5,1,0,0.8876148462295532,0.1949613094329834,0.08523797988891602,0.3042048396882001,worker1,worker1,worker1,0,0.1949613094329834,0.0,0.0
model_0,958,1,0.33281517028808594,9,9,1,0,0.7555135488510132,0.19025349617004395,0.142561674118042,0.428350889157607,worker1,worker1,worker1,0,0.19025349617004395,0.0,0.0
model_0,959,1,0.3933718204498291,3,3,1,1,0.7308942675590515,0.29842329025268555,0.09494853019714355,0.24137095048793245,worker1,worker1,worker1,0,0.29842329025268555,0.0,0.0
model_0,960,1,0.28386473655700684,8,8,1,0,0.9920397996902466,0.19626426696777344,0.0876004695892334,0.3085993373172688,worker1,worker1,worker1,0,0.19626426696777344,0.0,0.0
model_0,961,1,0.2779967784881592,4,4,1,0,0.9354462623596191,0.19272065162658691,0.08527612686157227,0.3067522124728667,worker1,worker1,worker1,0,0.19272065162658691,0.0,0.0
model_0,962,1,0.28464484214782715,4,4,1,0,0.9397600889205933,0.19493818283081055,0.0897066593170166,0.31515294161005186,worker1,worker1,worker1,0,0.19493818283081055,0.0,0.0
model_0,963,1,0.6341261863708496,8,0,0,3,0.38427332043647766,0.49372148513793945,0.14040470123291016,0.22141445070492435,worker1->worker3->worker3,worker1,worker3,0,0.3050081729888916,0.0,0.18871331214904785
model_0,964,1,0.2812328338623047,8,8,1,0,0.9996668100357056,0.1965341567993164,0.08469867706298828,0.3011692336907499,worker1,worker1,worker1,0,0.1965341567993164,0.0,0.0
model_0,965,1,0.5110316276550293,8,0,0,2,0.7383798360824585,0.3724234104156494,0.13860821723937988,0.2712321698666898,worker1->worker3,worker1,worker3,0,0.2881290912628174,0.0,0.08429431915283203
model_0,966,1,0.28680944442749023,6,6,1,0,0.8236836791038513,0.2013719081878662,0.08543753623962402,0.29788954966308273,worker1,worker1,worker1,0,0.2013719081878662,0.0,0.0
model_0,967,1,0.29419851303100586,1,9,0,0,0.916043221950531,0.20430612564086914,0.08989238739013672,0.3055501078642871,worker1,worker1,worker1,0,0.20430612564086914,0.0,0.0
model_0,968,1,0.2760748863220215,8,8,1,0,0.9496300220489502,0.191298246383667,0.08477663993835449,0.3070784201626679,worker1,worker1,worker1,0,0.191298246383667,0.0,0.0
model_0,969,1,0.40280604362487793,6,8,0,1,0.9025586247444153,0.29595470428466797,0.10685133934020996,0.2652674681309341,worker1,worker1,worker1,0,0.29595470428466797,0.0,0.0
model_0,970,1,0.2806878089904785,4,2,0,0,0.8505160212516785,0.19241929054260254,0.08826851844787598,0.31447222009870124,worker1,worker1,worker1,0,0.19241929054260254,0.0,0.0
model_0,971,1,0.3206198215484619,7,0,0,0,0.7585431933403015,0.19823622703552246,0.12238359451293945,0.3817093837863081,worker1,worker1,worker1,0,0.19823622703552246,0.0,0.0
model_0,972,1,0.2843787670135498,1,1,1,0,0.6150550246238708,0.19327092170715332,0.09110784530639648,0.3203749923497469,worker1,worker1,worker1,0,0.19327092170715332,0.0,0.0
model_0,973,1,0.27192139625549316,8,8,1,0,0.9927846193313599,0.1891484260559082,0.08277297019958496,0.30440035738053045,worker1,worker1,worker1,0,0.1891484260559082,0.0,0.0
model_0,974,1,0.6305439472198486,5,5,1,3,0.9399271011352539,0.48346638679504395,0.1470775604248047,0.23325505077526956,worker1->worker3->worker3,worker1,worker3,0,0.29508113861083984,0.0,0.1883852481842041
model_0,975,1,0.27971673011779785,9,9,1,0,0.9501902461051941,0.19460535049438477,0.08511137962341309,0.30427704337731215,worker1,worker1,worker1,0,0.19460535049438477,0.0,0.0
model_0,976,1,0.4150733947753906,0,0,1,1,0.8217294812202454,0.29450440406799316,0.12056899070739746,0.2904763162973651,worker1,worker1,worker1,0,0.29450440406799316,0.0,0.0
model_0,977,1,0.37819790840148926,4,4,1,1,0.779823362827301,0.29436278343200684,0.08383512496948242,0.22166998575910765,worker1,worker1,worker1,0,0.29436278343200684,0.0,0.0
model_0,978,1,0.28440141677856445,4,3,0,0,0.7550343871116638,0.19756865501403809,0.08683276176452637,0.30531761321053663,worker1,worker1,worker1,0,0.19756865501403809,0.0,0.0
model_0,979,1,0.4259345531463623,9,1,0,1,0.841544508934021,0.29822731018066406,0.12770724296569824,0.29982832344154686,worker1,worker1,worker1,0,0.29822731018066406,0.0,0.0
model_0,980,1,0.6537892818450928,4,4,1,3,0.6698585152626038,0.5083062648773193,0.14548301696777344,0.22252279290538113,worker1->worker3->worker3,worker1,worker3,0,0.2859797477722168,0.0,0.22232651710510254
model_0,981,1,0.28214550018310547,9,1,0,0,0.9971303343772888,0.19714736938476562,0.08499813079833984,0.30125637567559344,worker1,worker1,worker1,0,0.19714736938476562,0.0,0.0
model_0,982,1,0.2976219654083252,7,7,1,0,0.9573854804039001,0.18779420852661133,0.10982775688171387,0.36901764535770964,worker1,worker1,worker1,0,0.18779420852661133,0.0,0.0
model_0,983,1,0.2849314212799072,4,4,1,0,0.9411604404449463,0.19539976119995117,0.08953166007995605,0.31422178599250766,worker1,worker1,worker1,0,0.19539976119995117,0.0,0.0
model_0,984,1,0.2991294860839844,6,6,1,0,0.7977738976478577,0.1941852569580078,0.10494422912597656,0.35083211120321367,worker1,worker1,worker1,0,0.1941852569580078,0.0,0.0
model_0,985,1,0.2927060127258301,0,0,1,0,0.8968827724456787,0.20174908638000488,0.0909569263458252,0.3107449877738662,worker1,worker1,worker1,0,0.20174908638000488,0.0,0.0
model_0,986,1,0.38742613792419434,6,6,1,1,0.5798835158348083,0.29828834533691406,0.08913779258728027,0.23007686849647044,worker1,worker1,worker1,0,0.29828834533691406,0.0,0.0
model_0,987,1,0.2765486240386963,9,1,0,0,0.5954744219779968,0.19283294677734375,0.08371567726135254,0.3027159420964559,worker1,worker1,worker1,0,0.19283294677734375,0.0,0.0
model_0,988,1,0.28215551376342773,8,8,1,0,0.9946687817573547,0.19825387001037598,0.08390164375305176,0.2973595753418407,worker1,worker1,worker1,0,0.19825387001037598,0.0,0.0
model_0,989,1,0.6263754367828369,2,2,1,3,0.9701681137084961,0.4797847270965576,0.1465907096862793,0.2340301057129448,worker1->worker3->worker3,worker1,worker3,0,0.29345035552978516,0.0,0.18633437156677246
model_0,990,1,0.3761885166168213,4,4,1,1,0.7386084794998169,0.2899811267852783,0.08620738983154297,0.22916007805563143,worker1,worker1,worker1,0,0.2899811267852783,0.0,0.0
model_0,991,1,0.5123708248138428,8,8,1,2,0.8479437232017517,0.3722841739654541,0.14008665084838867,0.2734087189669429,worker1->worker3,worker1,worker3,0,0.2895522117614746,0.0,0.08273196220397949
model_0,992,1,0.3729114532470703,5,5,1,1,0.9085812568664551,0.2878561019897461,0.08505535125732422,0.22808457749612557,worker1,worker1,worker1,0,0.2878561019897461,0.0,0.0
model_0,993,1,0.2774486541748047,7,7,1,0,0.9919690489768982,0.19246196746826172,0.08498668670654297,0.3063150079401635,worker1,worker1,worker1,0,0.19246196746826172,0.0,0.0
model_0,994,1,0.3717207908630371,7,7,1,1,0.8767728209495544,0.2875847816467285,0.0841360092163086,0.22634195149796998,worker1,worker1,worker1,0,0.2875847816467285,0.0,0.0
model_0,995,1,0.3779313564300537,2,2,1,1,0.9982438087463379,0.2942166328430176,0.08371472358703613,0.22150774780321722,worker1,worker1,worker1,0,0.2942166328430176,0.0,0.0
model_0,996,1,0.38619518280029297,1,1,1,1,0.9989879727363586,0.30142998695373535,0.08476519584655762,0.21948796779889124,worker1,worker1,worker1,0,0.30142998695373535,0.0,0.0
model_0,997,1,0.3822455406188965,9,9,1,1,0.9994513392448425,0.29468345642089844,0.08756208419799805,0.22907287304444585,worker1,worker1,worker1,0,0.29468345642089844,0.0,0.0
model_0,998,1,0.2753612995147705,1,1,1,0,0.9901933073997498,0.1923830509185791,0.0829782485961914,0.30134317619219547,worker1,worker1,worker1,0,0.1923830509185791,0.0,0.0
model_0,999,1,0.4047541618347168,4,7,0,1,0.9506106972694397,0.30025219917297363,0.10450196266174316,0.2581862585131787,worker1,worker1,worker1,0,0.30025219917297363,0.0,0.0
model_0,1000,1,0.281632661819458,1,1,1,0,0.9697999954223633,0.19749808311462402,0.08413457870483398,0.2987387121979796,worker1,worker1,worker1,0,0.19749808311462402,0.0,0.0
model_0,1001,1,0.2878425121307373,5,5,1,0,0.9171551465988159,0.20320391654968262,0.08463859558105469,0.2940448058020424,worker1,worker1,worker1,0,0.20320391654968262,0.0,0.0
model_0,1002,1,0.3807556629180908,5,5,1,1,0.7527730464935303,0.29346537590026855,0.08729028701782227,0.22925538742834242,worker1,worker1,worker1,0,0.29346537590026855,0.0,0.0
model_0,1003,1,0.5201852321624756,8,8,1,2,0.986078143119812,0.37203431129455566,0.14815092086791992,0.2848041653394078,worker1->worker3,worker1,worker3,0,0.2878987789154053,0.0,0.08413553237915039
model_0,1004,1,0.378734827041626,0,3,0,1,0.532020092010498,0.2926003932952881,0.08613443374633789,0.22742675771106477,worker1,worker1,worker1,0,0.2926003932952881,0.0,0.0
model_0,1005,1,0.38286304473876953,7,7,1,1,0.7931163907051086,0.294964075088501,0.08789896965026855,0.22958332191669925,worker1,worker1,worker1,0,0.294964075088501,0.0,0.0
model_0,1006,1,0.28590869903564453,3,2,0,0,0.8593250513076782,0.1998898983001709,0.08601880073547363,0.3008610826659373,worker1,worker1,worker1,0,0.1998898983001709,0.0,0.0
model_0,1007,1,0.2819101810455322,9,9,1,0,0.9967693090438843,0.19812297821044922,0.08378720283508301,0.297212404760757,worker1,worker1,worker1,0,0.19812297821044922,0.0,0.0
model_0,1008,1,0.38527345657348633,3,4,0,1,0.5813223123550415,0.30062174797058105,0.08465170860290527,0.21971850683868477,worker1,worker1,worker1,0,0.30062174797058105,0.0,0.0
model_0,1009,1,0.27565956115722656,0,0,1,0,0.9609553813934326,0.18915772438049316,0.0865018367767334,0.313799515654731,worker1,worker1,worker1,0,0.18915772438049316,0.0,0.0
model_0,1010,1,0.39934611320495605,5,5,1,1,0.4851587414741516,0.30830955505371094,0.09103655815124512,0.22796405208662318,worker1,worker1,worker1,0,0.30830955505371094,0.0,0.0
model_0,1011,1,0.39188385009765625,4,3,0,1,0.5265139937400818,0.3051607608795166,0.08672308921813965,0.22129794120510074,worker1,worker1,worker1,0,0.3051607608795166,0.0,0.0
model_0,1012,1,0.28961658477783203,7,7,1,0,0.9689707159996033,0.2008955478668213,0.08872103691101074,0.30633962823320215,worker1,worker1,worker1,0,0.2008955478668213,0.0,0.0
model_0,1013,1,0.5144593715667725,4,2,0,2,0.6090767979621887,0.3734416961669922,0.14101767539978027,0.274108478129798,worker1->worker3,worker1,worker3,0,0.2918078899383545,0.0,0.0816338062286377
model_0,1014,1,0.38850975036621094,7,7,1,1,0.9443962574005127,0.30298280715942383,0.08552694320678711,0.22014104697802062,worker1,worker1,worker1,0,0.30298280715942383,0.0,0.0
model_0,1015,1,0.2859675884246826,9,9,1,0,0.9725545644760132,0.19584131240844727,0.09012627601623535,0.3151625557033103,worker1,worker1,worker1,0,0.19584131240844727,0.0,0.0
model_0,1016,1,0.6653928756713867,6,3,0,3,0.718873918056488,0.5192210674285889,0.14617180824279785,0.21967744709516063,worker1->worker3->worker3,worker1,worker3,0,0.2986297607421875,0.0,0.22059130668640137
model_0,1017,1,0.28702425956726074,4,4,1,0,0.8921372890472412,0.19936013221740723,0.08766412734985352,0.3054241041576852,worker1,worker1,worker1,0,0.19936013221740723,0.0,0.0
model_0,1018,1,0.3149607181549072,4,4,1,0,0.9673702120780945,0.19688868522644043,0.1180720329284668,0.374878599528705,worker1,worker1,worker1,0,0.19688868522644043,0.0,0.0
model_0,1019,1,0.5240707397460938,3,3,1,2,0.928432047367096,0.3722238540649414,0.15184688568115234,0.28974501754232723,worker1->worker3,worker1,worker3,0,0.28966212272644043,0.0,0.08256173133850098
model_0,1020,1,0.2873849868774414,9,7,0,0,0.8276678919792175,0.2003765106201172,0.08700847625732422,0.30275929582372363,worker1,worker1,worker1,0,0.2003765106201172,0.0,0.0
model_0,1021,1,0.2927205562591553,1,1,1,0,0.5393252372741699,0.19891691207885742,0.09380364418029785,0.3204545843280318,worker1,worker1,worker1,0,0.19891691207885742,0.0,0.0
model_0,1022,1,0.2864499092102051,7,5,0,0,0.5809204578399658,0.19515657424926758,0.0912933349609375,0.3187061054152538,worker1,worker1,worker1,0,0.19515657424926758,0.0,0.0
model_0,1023,1,0.28470659255981445,5,5,1,0,0.9732699394226074,0.19961237907409668,0.08509421348571777,0.29888388856973935,worker1,worker1,worker1,0,0.19961237907409668,0.0,0.0
model_0,1024,1,0.3824765682220459,0,0,1,1,0.8720418810844421,0.29499244689941406,0.08748412132263184,0.2287306689905331,worker1,worker1,worker1,0,0.29499244689941406,0.0,0.0
model_0,1025,1,0.28647637367248535,5,5,1,0,0.9322443604469299,0.20248866081237793,0.08398771286010742,0.2931750070116656,worker1,worker1,worker1,0,0.20248866081237793,0.0,0.0
model_0,1026,1,0.3281395435333252,4,7,0,0,0.9072067737579346,0.2078537940979004,0.1202857494354248,0.3665688936487742,worker1,worker1,worker1,0,0.2078537940979004,0.0,0.0
model_0,1027,1,0.28606081008911133,8,8,1,0,0.9904881715774536,0.19993209838867188,0.08612871170043945,0.3010853240386523,worker1,worker1,worker1,0,0.19993209838867188,0.0,0.0
model_0,1028,1,0.28171539306640625,4,4,1,0,0.9503822922706604,0.18909406661987305,0.0926213264465332,0.3287762356127285,worker1,worker1,worker1,0,0.18909406661987305,0.0,0.0
model_0,1029,1,0.5436084270477295,4,4,1,2,0.9953758716583252,0.37103843688964844,0.17256999015808105,0.3174527501262029,worker1->worker3,worker1,worker3,0,0.29140758514404297,0.0,0.07963085174560547
model_0,1030,1,0.28217601776123047,8,8,1,0,0.828002393245697,0.1969926357269287,0.08518338203430176,0.30188030403909655,worker1,worker1,worker1,0,0.1969926357269287,0.0,0.0
model_0,1031,1,0.3267550468444824,8,8,1,0,0.9969950914382935,0.20003342628479004,0.12672162055969238,0.38781840336808926,worker1,worker1,worker1,0,0.20003342628479004,0.0,0.0
model_0,1032,1,0.2871673107147217,9,1,0,0,0.8141406178474426,0.19829964637756348,0.0888676643371582,0.30946302389355623,worker1,worker1,worker1,0,0.19829964637756348,0.0,0.0
model_0,1033,1,0.5543792247772217,1,1,1,2,0.9918179512023926,0.40772104263305664,0.14665818214416504,0.2645448739589762,worker1->worker3,worker1,worker3,0,0.29222822189331055,0.0,0.1154928207397461
model_0,1034,1,0.2763512134552002,6,6,1,0,0.9264360666275024,0.1917719841003418,0.0845792293548584,0.3060570217780849,worker1,worker1,worker1,0,0.1917719841003418,0.0,0.0
model_0,1035,1,0.3903024196624756,9,0,0,1,0.5668742656707764,0.30063319206237793,0.08966922760009766,0.22974294568207265,worker1,worker1,worker1,0,0.30063319206237793,0.0,0.0
model_0,1036,1,0.5173044204711914,4,4,1,2,0.8111267685890198,0.37596893310546875,0.14133548736572266,0.27321530954053314,worker1->worker3,worker1,worker3,0,0.29338574409484863,0.0,0.08258318901062012
model_0,1037,1,0.2795555591583252,1,8,0,0,0.6953887939453125,0.19591164588928223,0.08364391326904297,0.29920318351341235,worker1,worker1,worker1,0,0.19591164588928223,0.0,0.0
model_0,1038,1,0.37268996238708496,0,0,1,1,0.8023911118507385,0.28992366790771484,0.08276629447937012,0.2220781422425512,worker1,worker1,worker1,0,0.28992366790771484,0.0,0.0
model_0,1039,1,0.37543821334838867,5,5,1,1,0.999440610408783,0.2928445339202881,0.08259367942810059,0.2199927351333776,worker1,worker1,worker1,0,0.2928445339202881,0.0,0.0
model_0,1040,1,0.28428196907043457,7,7,1,0,0.9663586616516113,0.19614410400390625,0.08813786506652832,0.3100367756517509,worker1,worker1,worker1,0,0.19614410400390625,0.0,0.0
model_0,1041,1,0.44547080993652344,1,1,1,1,0.6656762361526489,0.3005819320678711,0.14488887786865234,0.32524887071567726,worker1,worker1,worker1,0,0.3005819320678711,0.0,0.0
model_0,1042,1,0.2771270275115967,7,7,1,0,0.9765955209732056,0.19321274757385254,0.08391427993774414,0.3028007794520607,worker1,worker1,worker1,0,0.19321274757385254,0.0,0.0
model_0,1043,1,0.3911876678466797,6,6,1,1,0.5707831382751465,0.30675625801086426,0.08443140983581543,0.2158335161754309,worker1,worker1,worker1,0,0.30675625801086426,0.0,0.0
model_0,1044,1,0.29964494705200195,4,4,1,0,0.8272407054901123,0.18982911109924316,0.10981583595275879,0.36648652691513856,worker1,worker1,worker1,0,0.18982911109924316,0.0,0.0
model_0,1045,1,0.2781691551208496,4,3,0,0,0.9629872441291809,0.1955106258392334,0.08265852928161621,0.2971520305538747,worker1,worker1,worker1,0,0.1955106258392334,0.0,0.0
model_0,1046,1,0.2750875949859619,6,6,1,0,0.9003481864929199,0.19126152992248535,0.08382606506347656,0.3047249915713368,worker1,worker1,worker1,0,0.19126152992248535,0.0,0.0
model_0,1047,1,0.3053157329559326,8,8,1,0,0.8588029742240906,0.20070648193359375,0.10460925102233887,0.3426264673934688,worker1,worker1,worker1,0,0.20070648193359375,0.0,0.0
model_0,1048,1,0.38985180854797363,3,5,0,1,0.8310816884040833,0.289201021194458,0.10065078735351562,0.2581770435499466,worker1,worker1,worker1,0,0.289201021194458,0.0,0.0
model_0,1049,1,0.2914869785308838,0,0,1,0,0.8217611908912659,0.20362591743469238,0.0878610610961914,0.30142362289738545,worker1,worker1,worker1,0,0.20362591743469238,0.0,0.0
model_0,1050,1,0.29006385803222656,4,3,0,0,0.97390216588974,0.2002723217010498,0.08979153633117676,0.3095578226819309,worker1,worker1,worker1,0,0.2002723217010498,0.0,0.0
model_0,1051,1,0.2929527759552002,4,4,1,0,0.7800998687744141,0.19720983505249023,0.09574294090270996,0.3268203914113156,worker1,worker1,worker1,0,0.19720983505249023,0.0,0.0
model_0,1052,1,0.28064560890197754,5,5,1,0,0.9836902022361755,0.19668841361999512,0.08395719528198242,0.29915734513169084,worker1,worker1,worker1,0,0.19668841361999512,0.0,0.0
model_0,1053,1,0.3894996643066406,6,6,1,1,0.671451210975647,0.2993621826171875,0.09013748168945312,0.23141863767690124,worker1,worker1,worker1,0,0.2993621826171875,0.0,0.0
model_0,1054,1,0.27818894386291504,6,6,1,0,0.9870360493659973,0.1942603588104248,0.08392858505249023,0.30169633590416256,worker1,worker1,worker1,0,0.1942603588104248,0.0,0.0
model_0,1055,1,0.38875246047973633,2,2,1,1,0.6653335094451904,0.30491089820861816,0.08384156227111816,0.21566824854987224,worker1,worker1,worker1,0,0.30491089820861816,0.0,0.0
model_0,1056,1,0.37436437606811523,8,8,1,1,0.7814939618110657,0.29094910621643066,0.08341526985168457,0.2228183961513134,worker1,worker1,worker1,0,0.29094910621643066,0.0,0.0
model_0,1057,1,0.28742122650146484,1,1,1,0,0.9510274529457092,0.1998441219329834,0.08757710456848145,0.30469950196261897,worker1,worker1,worker1,0,0.1998441219329834,0.0,0.0
model_0,1058,1,0.2844665050506592,9,9,1,0,0.9646190404891968,0.19358611106872559,0.0908803939819336,0.3194766075034007,worker1,worker1,worker1,0,0.19358611106872559,0.0,0.0
model_0,1059,1,0.37368345260620117,3,3,1,1,0.9800187945365906,0.290010929107666,0.08367252349853516,0.22391284097535827,worker1,worker1,worker1,0,0.290010929107666,0.0,0.0
model_0,1060,1,0.2821829319000244,3,3,1,0,0.7839606404304504,0.1933155059814453,0.0888674259185791,0.31492842363004525,worker1,worker1,worker1,0,0.1933155059814453,0.0,0.0
model_0,1061,1,0.2794227600097656,7,7,1,0,0.974668025970459,0.19640326499938965,0.08301949501037598,0.29711071140902945,worker1,worker1,worker1,0,0.19640326499938965,0.0,0.0
model_0,1062,1,0.2803685665130615,1,1,1,0,0.8818809986114502,0.19600820541381836,0.08436036109924316,0.300890938482981,worker1,worker1,worker1,0,0.19600820541381836,0.0,0.0
model_0,1063,1,0.2781960964202881,5,5,1,0,0.8413979411125183,0.19559931755065918,0.0825967788696289,0.29690128629571005,worker1,worker1,worker1,0,0.19559931755065918,0.0,0.0
model_0,1064,1,0.28609204292297363,0,9,0,0,0.6189917325973511,0.19325566291809082,0.09283638000488281,0.3244982945222204,worker1,worker1,worker1,0,0.19325566291809082,0.0,0.0
model_0,1065,1,0.3016538619995117,0,9,0,0,0.8126785159111023,0.19960665702819824,0.10204720497131348,0.33829238682672214,worker1,worker1,worker1,0,0.19960665702819824,0.0,0.0
model_0,1066,1,0.2992851734161377,2,2,1,0,0.910301923751831,0.19839715957641602,0.10088801383972168,0.33709659816473125,worker1,worker1,worker1,0,0.19839715957641602,0.0,0.0
model_0,1067,1,0.2878401279449463,4,4,1,0,0.9813499450683594,0.19787931442260742,0.08996081352233887,0.3125374289006195,worker1,worker1,worker1,0,0.19787931442260742,0.0,0.0
model_0,1068,1,0.4051332473754883,4,4,1,1,0.9281070232391357,0.28999876976013184,0.11513447761535645,0.28418916087784507,worker1,worker1,worker1,0,0.28999876976013184,0.0,0.0
model_0,1069,1,0.38306617736816406,3,3,1,1,0.7636070847511292,0.298755407333374,0.08431077003479004,0.2200945293944841,worker1,worker1,worker1,0,0.298755407333374,0.0,0.0
model_0,1070,1,0.27842211723327637,5,5,1,0,0.9501006603240967,0.1945357322692871,0.08388638496398926,0.30129210206998364,worker1,worker1,worker1,0,0.1945357322692871,0.0,0.0
model_0,1071,1,0.26819300651550293,9,9,1,0,0.9955540299415588,0.19012093544006348,0.07807207107543945,0.2911040525992481,worker1,worker1,worker1,0,0.19012093544006348,0.0,0.0
model_0,1072,1,0.26865577697753906,9,9,1,0,0.9939654469490051,0.1899280548095703,0.07872772216796875,0.29304310167337577,worker1,worker1,worker1,0,0.1899280548095703,0.0,0.0
model_0,1073,1,0.3742077350616455,0,0,1,1,0.6000587344169617,0.2960469722747803,0.07816076278686523,0.20886998173351318,worker1,worker1,worker1,0,0.2960469722747803,0.0,0.0
model_0,1074,1,0.37509989738464355,5,5,1,1,0.9776163101196289,0.2966465950012207,0.07845330238342285,0.20915308943146274,worker1,worker1,worker1,0,0.2966465950012207,0.0,0.0
model_0,1075,1,0.381544828414917,9,1,0,1,0.7197756171226501,0.30274295806884766,0.07880187034606934,0.20653371367512022,worker1,worker1,worker1,0,0.30274295806884766,0.0,0.0
model_0,1076,1,0.2705667018890381,7,7,1,0,0.8854248523712158,0.19230270385742188,0.07826399803161621,0.2892595337312165,worker1,worker1,worker1,0,0.19230270385742188,0.0,0.0
model_0,1077,1,0.5167784690856934,3,2,0,2,0.9233812093734741,0.37720346450805664,0.13957500457763672,0.2700867256032915,worker1->worker3,worker1,worker3,0,0.2917811870574951,0.0,0.08542227745056152
model_0,1078,1,0.3789689540863037,0,0,1,1,0.7364991307258606,0.3003699779510498,0.0785989761352539,0.20740215072434226,worker1,worker1,worker1,0,0.3003699779510498,0.0,0.0
model_0,1079,1,0.37478184700012207,5,5,1,1,0.5528219938278198,0.29596424102783203,0.07881760597229004,0.21030262432178143,worker1,worker1,worker1,0,0.29596424102783203,0.0,0.0
model_0,1080,1,0.2845938205718994,3,3,1,0,0.8229562640190125,0.20629239082336426,0.07830142974853516,0.2751339772282694,worker1,worker1,worker1,0,0.20629239082336426,0.0,0.0
model_0,1081,1,0.36779236793518066,9,7,0,1,0.9990860223770142,0.28983306884765625,0.07795929908752441,0.21196551610136694,worker1,worker1,worker1,0,0.28983306884765625,0.0,0.0
model_0,1082,1,0.3840045928955078,6,2,0,1,0.9784247875213623,0.3052852153778076,0.0787193775177002,0.20499592706465536,worker1,worker1,worker1,0,0.3052852153778076,0.0,0.0
model_0,1083,1,0.3806748390197754,9,9,1,1,0.9883593320846558,0.3008389472961426,0.07983589172363281,0.20972200823465897,worker1,worker1,worker1,0,0.3008389472961426,0.0,0.0
model_0,1084,1,0.28357529640197754,8,8,1,0,0.9930832386016846,0.19805264472961426,0.08552265167236328,0.3015871014065063,worker1,worker1,worker1,0,0.19805264472961426,0.0,0.0
model_0,1085,1,0.5196170806884766,2,2,1,2,0.996733546257019,0.3674204349517822,0.15219664573669434,0.2929015449897037,worker1->worker3,worker1,worker3,0,0.287156343460083,0.0,0.08026409149169922
model_0,1086,1,0.2818269729614258,0,0,1,0,0.9803082942962646,0.1952528953552246,0.08657407760620117,0.30718875733037354,worker1,worker1,worker1,0,0.1952528953552246,0.0,0.0
model_0,1087,1,0.5181169509887695,2,2,1,2,0.9589126110076904,0.37676262855529785,0.14135432243347168,0.27282319592847215,worker1->worker3,worker1,worker3,0,0.29360532760620117,0.0,0.08315730094909668
model_0,1088,1,0.3877990245819092,6,6,1,1,0.9961413741111755,0.2977280616760254,0.09007096290588379,0.23226196353379275,worker1,worker1,worker1,0,0.2977280616760254,0.0,0.0
model_0,1089,1,0.6892533302307129,0,9,0,3,0.9305548667907715,0.5137503147125244,0.17550301551818848,0.2546277367415005,worker1->worker3->worker3,worker1,worker3,0,0.28368258476257324,0.0,0.23006772994995117
model_0,1090,1,0.5175378322601318,2,5,0,2,0.8282008767127991,0.37264204025268555,0.1448957920074463,0.27997140107550017,worker1->worker3,worker1,worker3,0,0.28893375396728516,0.0,0.08370828628540039
model_0,1091,1,0.37247157096862793,3,3,1,1,0.9948490262031555,0.2889275550842285,0.08354401588439941,0.22429635546986768,worker1,worker1,worker1,0,0.2889275550842285,0.0,0.0
model_0,1092,1,0.2683556079864502,5,5,1,0,0.8069315552711487,0.18444061279296875,0.08391499519348145,0.31270073252100056,worker1,worker1,worker1,0,0.18444061279296875,0.0,0.0
model_0,1093,1,0.3787572383880615,1,1,1,1,0.9026692509651184,0.2940189838409424,0.08473825454711914,0.223727089435316,worker1,worker1,worker1,0,0.2940189838409424,0.0,0.0
model_0,1094,1,0.5300498008728027,1,9,0,2,0.692227840423584,0.390286922454834,0.13976287841796875,0.263678767896581,worker1->worker3,worker1,worker3,0,0.30388307571411133,0.0,0.08640384674072266
model_0,1095,1,0.2837669849395752,0,0,1,0,0.7662228941917419,0.19746041297912598,0.08630657196044922,0.3041459244415878,worker1,worker1,worker1,0,0.19746041297912598,0.0,0.0
model_0,1096,1,0.2896757125854492,8,0,0,0,0.6563469171524048,0.1987903118133545,0.09088540077209473,0.3137487777657063,worker1,worker1,worker1,0,0.1987903118133545,0.0,0.0
model_0,1097,1,0.2774205207824707,9,9,1,0,0.9796095490455627,0.18578052520751953,0.09163999557495117,0.33032882829459964,worker1,worker1,worker1,0,0.18578052520751953,0.0,0.0
model_0,1098,1,0.38281774520874023,3,8,0,1,0.7467448711395264,0.29687952995300293,0.0859382152557373,0.22448858845056283,worker1,worker1,worker1,0,0.29687952995300293,0.0,0.0
model_0,1099,1,0.5319197177886963,5,5,1,2,0.9881691932678223,0.3849308490753174,0.1469888687133789,0.2763365669624788,worker1->worker3,worker1,worker3,0,0.30472636222839355,0.0,0.08020448684692383
model_0,1100,1,0.37786149978637695,6,1,0,1,0.6541396379470825,0.2940030097961426,0.08385848999023438,0.22192917256096098,worker1,worker1,worker1,0,0.2940030097961426,0.0,0.0
model_0,1101,1,0.3250608444213867,3,3,1,0,0.7481593489646912,0.1912837028503418,0.13377714157104492,0.4115449272556044,worker1,worker1,worker1,0,0.1912837028503418,0.0,0.0
model_0,1102,1,0.37267255783081055,4,4,1,1,0.8737890124320984,0.28987908363342285,0.0827934741973877,0.22216144563822451,worker1,worker1,worker1,0,0.28987908363342285,0.0,0.0
model_0,1103,1,0.37664151191711426,9,9,1,1,0.9771949648857117,0.2920520305633545,0.08458948135375977,0.2245888429111207,worker1,worker1,worker1,0,0.2920520305633545,0.0,0.0
model_0,1104,1,0.28030943870544434,8,8,1,0,0.9930039048194885,0.19604182243347168,0.08426761627197266,0.3006235418298669,worker1,worker1,worker1,0,0.19604182243347168,0.0,0.0
model_0,1105,1,0.27706289291381836,0,9,0,0,0.9269821047782898,0.19251513481140137,0.08454775810241699,0.3051572775164661,worker1,worker1,worker1,0,0.19251513481140137,0.0,0.0
model_0,1106,1,0.3801596164703369,6,6,1,1,0.768375039100647,0.2959277629852295,0.08423185348510742,0.2215697034502871,worker1,worker1,worker1,0,0.2959277629852295,0.0,0.0
model_0,1107,1,0.284822940826416,7,5,0,0,0.8686537146568298,0.1969137191772461,0.08790922164916992,0.3086451582660463,worker1,worker1,worker1,0,0.1969137191772461,0.0,0.0
model_0,1108,1,0.6894400119781494,7,0,0,3,0.6755045056343079,0.5411913394927979,0.14824867248535156,0.21502765999901097,worker1->worker3->worker3,worker1,worker3,0,0.2947099208831787,0.0,0.24648141860961914
model_0,1109,1,0.2752971649169922,7,7,1,0,0.9789791703224182,0.18904471397399902,0.08625245094299316,0.3133067170125056,worker1,worker1,worker1,0,0.18904471397399902,0.0,0.0
model_0,1110,1,0.2860713005065918,6,6,1,0,0.8891629576683044,0.1966254711151123,0.08944582939147949,0.3126697058848042,worker1,worker1,worker1,0,0.1966254711151123,0.0,0.0
model_0,1111,1,0.38683271408081055,3,0,0,1,0.7966159582138062,0.29977965354919434,0.08705306053161621,0.2250405856662644,worker1,worker1,worker1,0,0.29977965354919434,0.0,0.0
model_0,1112,1,0.2787938117980957,3,3,1,0,0.8380374908447266,0.1930687427520752,0.08572506904602051,0.30748555175286013,worker1,worker1,worker1,0,0.1930687427520752,0.0,0.0
model_0,1113,1,0.3081989288330078,5,3,0,0,0.6745519638061523,0.20009422302246094,0.10810470581054688,0.35076275644397686,worker1,worker1,worker1,0,0.20009422302246094,0.0,0.0
model_0,1114,1,0.2871735095977783,8,0,0,0,0.6154959201812744,0.19103646278381348,0.09613704681396484,0.334769899036358,worker1,worker1,worker1,0,0.19103646278381348,0.0,0.0
model_0,1115,1,0.5379464626312256,5,5,1,2,0.939880907535553,0.3739955425262451,0.16395092010498047,0.30477181558747884,worker1->worker3,worker1,worker3,0,0.2913506031036377,0.0,0.08264493942260742
model_0,1116,1,0.5248432159423828,2,2,1,2,0.7768138647079468,0.3834407329559326,0.1414024829864502,0.26941852098165125,worker1->worker3,worker1,worker3,0,0.3009781837463379,0.0,0.08246254920959473
model_0,1117,1,0.28807830810546875,8,8,1,0,0.9968640804290771,0.20407485961914062,0.08400344848632812,0.29159935379644586,worker1,worker1,worker1,0,0.20407485961914062,0.0,0.0
model_0,1118,1,0.3294413089752197,9,9,1,0,0.9650021195411682,0.20144248008728027,0.12799882888793945,0.3885330266750713,worker1,worker1,worker1,0,0.20144248008728027,0.0,0.0
model_0,1119,1,0.382976770401001,3,3,1,1,0.9815324544906616,0.2968735694885254,0.08610320091247559,0.22482617110776737,worker1,worker1,worker1,0,0.2968735694885254,0.0,0.0
model_0,1120,1,0.2938210964202881,2,2,1,0,0.7608509063720703,0.20919489860534668,0.0846261978149414,0.2880194745917436,worker1,worker1,worker1,0,0.20919489860534668,0.0,0.0
model_0,1121,1,0.8092203140258789,5,7,0,3,0.7782997488975525,0.6676969528198242,0.1415233612060547,0.1748885424069183,worker1->worker3->worker3,worker1,worker3,0,0.28916382789611816,0.0,0.37853312492370605
model_0,1122,1,0.27239394187927246,7,7,1,0,0.9954715967178345,0.1877737045288086,0.08462023735046387,0.3106538888738148,worker1,worker1,worker1,0,0.1877737045288086,0.0,0.0
model_0,1123,1,0.28782105445861816,6,6,1,0,0.9186210036277771,0.20319199562072754,0.08462905883789062,0.2940335931889176,worker1,worker1,worker1,0,0.20319199562072754,0.0,0.0
model_0,1124,1,0.28188037872314453,1,1,1,0,0.8596921563148499,0.19843554496765137,0.08344483375549316,0.29602923812391524,worker1,worker1,worker1,0,0.19843554496765137,0.0,0.0
model_0,1125,1,0.2851078510284424,4,2,0,0,0.9193078875541687,0.1945667266845703,0.09054112434387207,0.3175679800372796,worker1,worker1,worker1,0,0.1945667266845703,0.0,0.0
model_0,1126,1,0.3821377754211426,5,5,1,1,0.7313345670700073,0.2974526882171631,0.08468508720397949,0.2216087826194377,worker1,worker1,worker1,0,0.2974526882171631,0.0,0.0
model_0,1127,1,0.283031702041626,0,0,1,0,0.8125140070915222,0.19727802276611328,0.0857536792755127,0.3029825940236926,worker1,worker1,worker1,0,0.19727802276611328,0.0,0.0
model_0,1128,1,0.5281260013580322,3,3,1,2,0.9960858821868896,0.38272619247436523,0.145399808883667,0.2753127255802279,worker1->worker3,worker1,worker3,0,0.29509758949279785,0.0,0.08762860298156738
model_0,1129,1,0.2854039669036865,9,1,0,0,0.9278730750083923,0.19725608825683594,0.08814787864685059,0.30885302542622783,worker1,worker1,worker1,0,0.19725608825683594,0.0,0.0
model_0,1130,1,0.28824424743652344,7,7,1,0,0.8314897418022156,0.1954669952392578,0.09277725219726562,0.3218702646188866,worker1,worker1,worker1,0,0.1954669952392578,0.0,0.0
model_0,1131,1,0.38591599464416504,8,8,1,1,0.903340220451355,0.30307674407958984,0.0828392505645752,0.21465617314192267,worker1,worker1,worker1,0,0.30307674407958984,0.0,0.0
model_0,1132,1,0.28865838050842285,8,8,1,0,0.9888613820075989,0.20361709594726562,0.08504128456115723,0.29460874966239126,worker1,worker1,worker1,0,0.20361709594726562,0.0,0.0
model_0,1133,1,0.2859156131744385,4,4,1,0,0.879645586013794,0.20188117027282715,0.08403444290161133,0.2939134451896529,worker1,worker1,worker1,0,0.20188117027282715,0.0,0.0
model_0,1134,1,0.5222163200378418,4,3,0,2,0.8083888292312622,0.3840360641479492,0.13818025588989258,0.2646034805650645,worker1->worker3,worker1,worker3,0,0.29897403717041016,0.0,0.08506202697753906
model_0,1135,1,0.5282502174377441,3,3,1,2,0.928295373916626,0.3877832889556885,0.14046692848205566,0.2659098356142373,worker1->worker3,worker1,worker3,0,0.3018648624420166,0.0,0.08591842651367188
model_0,1136,1,0.3883247375488281,4,4,1,1,0.9266934394836426,0.303206205368042,0.08511853218078613,0.21919420513374657,worker1,worker1,worker1,0,0.303206205368042,0.0,0.0
model_0,1137,1,0.2843129634857178,8,8,1,0,0.8406434059143066,0.20123910903930664,0.08307385444641113,0.29219158151606506,worker1,worker1,worker1,0,0.20123910903930664,0.0,0.0
model_0,1138,1,0.5264153480529785,2,2,1,2,0.9730700254440308,0.37513113021850586,0.15128421783447266,0.2873856516418427,worker1->worker3,worker1,worker3,0,0.2961409091949463,0.0,0.07899022102355957
model_0,1139,1,0.2890307903289795,7,3,0,0,0.7352292537689209,0.20361113548278809,0.0854196548461914,0.2955382530316766,worker1,worker1,worker1,0,0.20361113548278809,0.0,0.0
model_0,1140,1,0.4187600612640381,2,8,0,1,0.8176841139793396,0.3087601661682129,0.1099998950958252,0.2626800052607397,worker1,worker1,worker1,0,0.3087601661682129,0.0,0.0
model_0,1141,1,0.29271936416625977,9,9,1,0,0.9586074352264404,0.2084980010986328,0.08422136306762695,0.28772050427039947,worker1,worker1,worker1,0,0.2084980010986328,0.0,0.0
model_0,1142,1,0.30672168731689453,4,4,1,0,0.8292231559753418,0.2057051658630371,0.10101652145385742,0.32934261133445886,worker1,worker1,worker1,0,0.2057051658630371,0.0,0.0
model_0,1143,1,0.2906758785247803,5,5,1,0,0.8967678546905518,0.20659852027893066,0.08407735824584961,0.2892477995510108,worker1,worker1,worker1,0,0.20659852027893066,0.0,0.0
model_0,1144,1,0.3960897922515869,3,1,0,1,0.7521197199821472,0.30169105529785156,0.09439873695373535,0.2383266087649527,worker1,worker1,worker1,0,0.30169105529785156,0.0,0.0
model_0,1145,1,0.2871739864349365,9,9,1,0,0.9793105721473694,0.2017221450805664,0.08545184135437012,0.2975612186019867,worker1,worker1,worker1,0,0.2017221450805664,0.0,0.0
model_0,1146,1,0.2864110469818115,9,9,1,0,0.9822360277175903,0.20058250427246094,0.08582854270935059,0.29966910708860023,worker1,worker1,worker1,0,0.20058250427246094,0.0,0.0
model_0,1147,1,0.28362083435058594,8,8,1,0,0.5340859889984131,0.20089268684387207,0.08272814750671387,0.29168572081856636,worker1,worker1,worker1,0,0.20089268684387207,0.0,0.0
model_0,1148,1,0.39078521728515625,7,7,1,1,0.7728400230407715,0.30588579177856445,0.0848994255065918,0.21725342144823412,worker1,worker1,worker1,0,0.30588579177856445,0.0,0.0
model_0,1149,1,0.2866675853729248,7,7,1,0,0.9874047636985779,0.2008657455444336,0.08580183982849121,0.2993077843693835,worker1,worker1,worker1,0,0.2008657455444336,0.0,0.0
model_0,1150,1,0.31804394721984863,4,7,0,0,0.7869745492935181,0.2047586441040039,0.11328530311584473,0.35619386599278996,worker1,worker1,worker1,0,0.2047586441040039,0.0,0.0
model_0,1151,1,0.387253999710083,9,9,1,1,0.8511108160018921,0.30025291442871094,0.08700108528137207,0.22466155377737937,worker1,worker1,worker1,0,0.30025291442871094,0.0,0.0
model_0,1152,1,0.3974118232727051,3,3,1,1,0.930839478969574,0.3072628974914551,0.09014892578125,0.22684006992763667,worker1,worker1,worker1,0,0.3072628974914551,0.0,0.0
model_0,1153,1,0.29811859130859375,5,5,1,0,0.9980317950248718,0.20360970497131348,0.09450888633728027,0.31701775431861806,worker1,worker1,worker1,0,0.20360970497131348,0.0,0.0
model_0,1154,1,0.2808856964111328,4,4,1,0,0.9072713255882263,0.19779491424560547,0.08309078216552734,0.2958170644756052,worker1,worker1,worker1,0,0.19779491424560547,0.0,0.0
model_0,1155,1,0.5622339248657227,2,2,1,2,0.8577776551246643,0.410170316696167,0.15206360816955566,0.27046323859925875,worker1->worker3,worker1,worker3,0,0.2994987964630127,0.0,0.1106715202331543
model_0,1156,1,0.2823657989501953,1,1,1,0,0.9866525530815125,0.1960601806640625,0.08630561828613281,0.3056518126735161,worker1,worker1,worker1,0,0.1960601806640625,0.0,0.0
model_0,1157,1,0.30556488037109375,8,8,1,0,0.9792120456695557,0.21263623237609863,0.09292864799499512,0.3041208396794087,worker1,worker1,worker1,0,0.21263623237609863,0.0,0.0
model_0,1158,1,0.5255534648895264,0,0,1,2,0.890469491481781,0.3861415386199951,0.13941192626953125,0.2652668768891786,worker1->worker3,worker1,worker3,0,0.3022785186767578,0.0,0.0838630199432373
model_0,1159,1,0.29793405532836914,7,7,1,0,0.7724463939666748,0.21239805221557617,0.08553600311279297,0.2870970994521561,worker1,worker1,worker1,0,0.21239805221557617,0.0,0.0
model_0,1160,1,0.32099151611328125,9,1,0,0,0.859786868095398,0.1891789436340332,0.13181257247924805,0.4106419199961971,worker1,worker1,worker1,0,0.1891789436340332,0.0,0.0
model_0,1161,1,0.295886754989624,3,5,0,0,0.7679733037948608,0.20834803581237793,0.0875387191772461,0.2958521045672215,worker1,worker1,worker1,0,0.20834803581237793,0.0,0.0
model_0,1162,1,0.324080228805542,8,3,0,0,0.998921275138855,0.20636248588562012,0.11771774291992188,0.3632364225173271,worker1,worker1,worker1,0,0.20636248588562012,0.0,0.0
model_0,1163,1,0.6228840351104736,0,1,0,3,0.8678345084190369,0.4821646213531494,0.14071941375732422,0.22591591022615706,worker1->worker3->worker3,worker1,worker3,0,0.29763174057006836,0.0,0.18453288078308105
model_0,1164,1,0.38041019439697266,0,0,1,1,0.9576857686042786,0.29520750045776367,0.08520269393920898,0.22397584290366493,worker1,worker1,worker1,0,0.29520750045776367,0.0,0.0
model_0,1165,1,0.34458017349243164,4,4,1,0,0.9919629096984863,0.20168852806091309,0.14289164543151855,0.41468330572611145,worker1,worker1,worker1,0,0.20168852806091309,0.0,0.0
model_0,1166,1,0.3698244094848633,9,1,0,1,0.5194798707962036,0.28274106979370117,0.08708333969116211,0.2354721253052562,worker1,worker1,worker1,0,0.28274106979370117,0.0,0.0
model_0,1167,1,0.2756056785583496,5,5,1,0,0.7920332551002502,0.19183683395385742,0.08376884460449219,0.30394455238612633,worker1,worker1,worker1,0,0.19183683395385742,0.0,0.0
model_0,1168,1,0.5352616310119629,5,5,1,2,0.9997606873512268,0.3907463550567627,0.1445152759552002,0.26998997795149327,worker1->worker3,worker1,worker3,0,0.3014833927154541,0.0,0.0892629623413086
model_0,1169,1,0.28287768363952637,8,8,1,0,0.9441171288490295,0.1968693733215332,0.08600831031799316,0.3040477043342675,worker1,worker1,worker1,0,0.1968693733215332,0.0,0.0
model_0,1170,1,0.2820150852203369,7,7,1,0,0.5066864490509033,0.19844698905944824,0.08356809616088867,0.29632491501508634,worker1,worker1,worker1,0,0.19844698905944824,0.0,0.0
model_0,1171,1,0.2792346477508545,9,9,1,0,0.9548493027687073,0.1945202350616455,0.08471441268920898,0.30338073506119817,worker1,worker1,worker1,0,0.1945202350616455,0.0,0.0
model_0,1172,1,0.5285706520080566,7,7,1,2,0.9958676099777222,0.38883161544799805,0.1397390365600586,0.2643715386565364,worker1->worker3,worker1,worker3,0,0.30423641204833984,0.0,0.0845952033996582
model_0,1173,1,0.28347301483154297,3,3,1,0,0.7217777967453003,0.1985793113708496,0.08489370346069336,0.2994771954259646,worker1,worker1,worker1,0,0.1985793113708496,0.0,0.0
model_0,1174,1,0.2826533317565918,1,1,1,0,0.867413341999054,0.1984877586364746,0.08416557312011719,0.2977696126808679,worker1,worker1,worker1,0,0.1984877586364746,0.0,0.0
model_0,1175,1,0.30356812477111816,9,9,1,0,0.9976413249969482,0.19413065910339355,0.10943746566772461,0.36050381030695294,worker1,worker1,worker1,0,0.19413065910339355,0.0,0.0
model_0,1176,1,0.6324021816253662,6,6,1,3,0.964743971824646,0.4919910430908203,0.1404111385345459,0.22202823237210964,worker1->worker3->worker3,worker1,worker3,0,0.30492162704467773,0.0,0.18706941604614258
model_0,1177,1,0.28571224212646484,7,7,1,0,0.977025032043457,0.19990992546081543,0.08580231666564941,0.30031025631611097,worker1,worker1,worker1,0,0.19990992546081543,0.0,0.0
model_0,1178,1,0.3674919605255127,6,6,1,1,0.9880453944206238,0.28410887718200684,0.08338308334350586,0.22689770743356735,worker1,worker1,worker1,0,0.28410887718200684,0.0,0.0
model_0,1179,1,0.2906668186187744,9,9,1,0,0.9568468332290649,0.20357179641723633,0.08709502220153809,0.2996386812069114,worker1,worker1,worker1,0,0.20357179641723633,0.0,0.0
model_0,1180,1,0.2918987274169922,2,2,1,0,0.8716019988059998,0.1982879638671875,0.09361076354980469,0.32069603173047395,worker1,worker1,worker1,0,0.1982879638671875,0.0,0.0
model_0,1181,1,0.27697229385375977,8,8,1,0,0.9990028738975525,0.19426226615905762,0.08271002769470215,0.29862202657126674,worker1,worker1,worker1,0,0.19426226615905762,0.0,0.0
model_0,1182,1,0.27864718437194824,7,7,1,0,0.9989190101623535,0.19520020484924316,0.08344697952270508,0.29947182029055447,worker1,worker1,worker1,0,0.19520020484924316,0.0,0.0
model_0,1183,1,0.3873772621154785,3,3,1,1,0.9109684228897095,0.30347633361816406,0.08390092849731445,0.21658712759527762,worker1,worker1,worker1,0,0.30347633361816406,0.0,0.0
model_0,1184,1,0.2842864990234375,4,4,1,0,0.8522696495056152,0.19893527030944824,0.08535122871398926,0.30022962401374054,worker1,worker1,worker1,0,0.19893527030944824,0.0,0.0
model_0,1185,1,0.2812163829803467,8,8,1,0,0.9895045757293701,0.19509100914001465,0.08612537384033203,0.3062601578456084,worker1,worker1,worker1,0,0.19509100914001465,0.0,0.0
model_0,1186,1,0.3251960277557373,8,1,0,0,0.8143686056137085,0.20693469047546387,0.11826133728027344,0.3636616907544222,worker1,worker1,worker1,0,0.20693469047546387,0.0,0.0
model_0,1187,1,0.3826327323913574,3,5,0,1,0.5017152428627014,0.2961091995239258,0.08652353286743164,0.2261268457789315,worker1,worker1,worker1,0,0.2961091995239258,0.0,0.0
model_0,1188,1,0.2975938320159912,1,1,1,0,0.9266133904457092,0.20261764526367188,0.09497618675231934,0.3191470270365543,worker1,worker1,worker1,0,0.20261764526367188,0.0,0.0
model_0,1189,1,0.38979053497314453,3,3,1,1,0.9916879534721375,0.3063232898712158,0.08346724510192871,0.21413358615205824,worker1,worker1,worker1,0,0.3063232898712158,0.0,0.0
model_0,1190,1,0.28450894355773926,1,1,1,0,0.9908288717269897,0.19953370094299316,0.0849752426147461,0.29867336173037007,worker1,worker1,worker1,0,0.19953370094299316,0.0,0.0
model_0,1191,1,0.28175997734069824,3,3,1,0,0.8523808121681213,0.19795942306518555,0.0838005542755127,0.29741823188104116,worker1,worker1,worker1,0,0.19795942306518555,0.0,0.0
model_0,1192,1,0.28202295303344727,9,9,1,0,0.7765659093856812,0.19777798652648926,0.08424496650695801,0.29871670231382463,worker1,worker1,worker1,0,0.19777798652648926,0.0,0.0
model_0,1193,1,0.656872034072876,3,3,1,3,0.8127151131629944,0.5136191844940186,0.14325284957885742,0.2180833437079533,worker1->worker3->worker3,worker1,worker3,0,0.29639768600463867,0.0,0.21722149848937988
model_0,1194,1,0.2887566089630127,5,3,0,0,0.5903990268707275,0.203704833984375,0.0850517749786377,0.29454486006078606,worker1,worker1,worker1,0,0.203704833984375,0.0,0.0
model_0,1195,1,0.40551066398620605,3,3,1,1,0.7247721552848816,0.3053457736968994,0.10016489028930664,0.24700926309724341,worker1,worker1,worker1,0,0.3053457736968994,0.0,0.0
model_0,1196,1,0.2762410640716553,7,7,1,0,0.8118190765380859,0.19236278533935547,0.0838782787322998,0.30364160018780656,worker1,worker1,worker1,0,0.19236278533935547,0.0,0.0
model_0,1197,1,0.4265573024749756,3,3,1,1,0.9979478716850281,0.2984316349029541,0.12812566757202148,0.30037152529943645,worker1,worker1,worker1,0,0.2984316349029541,0.0,0.0
model_0,1198,1,0.384493350982666,8,8,1,1,0.8718966841697693,0.2997124195098877,0.08478093147277832,0.22050038383264647,worker1,worker1,worker1,0,0.2997124195098877,0.0,0.0
model_0,1199,1,0.2845308780670166,6,2,0,0,0.9880924820899963,0.20039701461791992,0.08413386344909668,0.2956932619076947,worker1,worker1,worker1,0,0.20039701461791992,0.0,0.0
model_0,1200,1,0.3905041217803955,6,6,1,1,0.9695234894752502,0.30158567428588867,0.08891844749450684,0.22770168747286912,worker1,worker1,worker1,0,0.30158567428588867,0.0,0.0
model_0,1201,1,0.2924208641052246,7,7,1,0,0.9972797632217407,0.20252013206481934,0.08990073204040527,0.3074361069121779,worker1,worker1,worker1,0,0.20252013206481934,0.0,0.0
model_0,1202,1,0.2749197483062744,9,9,1,0,0.9947320222854614,0.19148659706115723,0.08343315124511719,0.3034818406430682,worker1,worker1,worker1,0,0.19148659706115723,0.0,0.0
model_0,1203,1,0.3894989490509033,7,7,1,1,0.9886136054992676,0.30667972564697266,0.08281922340393066,0.21263015883800776,worker1,worker1,worker1,0,0.30667972564697266,0.0,0.0
model_0,1204,1,0.5288279056549072,2,7,0,2,0.8475950360298157,0.3866081237792969,0.14221978187561035,0.268933958202307,worker1->worker3,worker1,worker3,0,0.3036932945251465,0.0,0.08291482925415039
model_0,1205,1,0.39113879203796387,5,5,1,1,0.7682267427444458,0.30292248725891113,0.08821630477905273,0.22553708958248886,worker1,worker1,worker1,0,0.30292248725891113,0.0,0.0
model_0,1206,1,0.29087328910827637,8,8,1,0,0.8713767528533936,0.20314288139343262,0.08773040771484375,0.3016103953161078,worker1,worker1,worker1,0,0.20314288139343262,0.0,0.0
model_0,1207,1,0.2765789031982422,9,9,1,0,0.9910463690757751,0.19375348091125488,0.0828254222869873,0.2994639913935189,worker1,worker1,worker1,0,0.19375348091125488,0.0,0.0
model_0,1208,1,0.2955796718597412,5,5,1,0,0.8924344182014465,0.20624208450317383,0.08933758735656738,0.3022453702396691,worker1,worker1,worker1,0,0.20624208450317383,0.0,0.0
model_0,1209,1,0.2870807647705078,5,5,1,0,0.7317176461219788,0.20163941383361816,0.08544135093688965,0.2976213018144612,worker1,worker1,worker1,0,0.20163941383361816,0.0,0.0
model_0,1210,1,0.3633451461791992,9,9,1,0,0.9991193413734436,0.21037006378173828,0.15297508239746094,0.42101864853869475,worker1,worker1,worker1,0,0.21037006378173828,0.0,0.0
model_0,1211,1,0.3967311382293701,3,3,1,1,0.9709072113037109,0.3108808994293213,0.08585023880004883,0.21639400220311045,worker1,worker1,worker1,0,0.3108808994293213,0.0,0.0
model_0,1212,1,0.4122312068939209,4,4,1,1,0.7073737978935242,0.31160783767700195,0.10062336921691895,0.24409449729702845,worker1,worker1,worker1,0,0.31160783767700195,0.0,0.0
model_0,1213,1,0.4076962471008301,3,5,0,1,0.48982512950897217,0.29929399490356445,0.10840225219726562,0.2658897474973713,worker1,worker1,worker1,0,0.29929399490356445,0.0,0.0
model_0,1214,1,0.3089632987976074,3,3,1,0,0.8456315398216248,0.20495295524597168,0.10401034355163574,0.3366430380450132,worker1,worker1,worker1,0,0.20495295524597168,0.0,0.0
model_0,1215,1,0.38708925247192383,0,8,0,1,0.9037606716156006,0.30365800857543945,0.08343124389648438,0.2155349014825354,worker1,worker1,worker1,0,0.30365800857543945,0.0,0.0
model_0,1216,1,0.2889540195465088,6,6,1,0,0.9686583280563354,0.20364165306091309,0.0853123664855957,0.29524547407053525,worker1,worker1,worker1,0,0.20364165306091309,0.0,0.0
model_0,1217,1,0.3120388984680176,9,1,0,0,0.9823237657546997,0.20179128646850586,0.11024761199951172,0.3533136815338795,worker1,worker1,worker1,0,0.20179128646850586,0.0,0.0
model_0,1218,1,0.29305386543273926,8,8,1,0,0.9971152544021606,0.20166635513305664,0.09138751029968262,0.31184543553020483,worker1,worker1,worker1,0,0.20166635513305664,0.0,0.0
model_0,1219,1,0.2900047302246094,8,8,1,0,0.9865880608558655,0.2052772045135498,0.08472752571105957,0.29215911632006103,worker1,worker1,worker1,0,0.2052772045135498,0.0,0.0
model_0,1220,1,0.4034996032714844,7,7,1,1,0.9558739066123962,0.3185579776763916,0.08494162559509277,0.21051229023871426,worker1,worker1,worker1,0,0.3185579776763916,0.0,0.0
model_0,1221,1,0.4057784080505371,3,3,1,1,0.9906609654426575,0.3126668930053711,0.09311151504516602,0.22946394681889917,worker1,worker1,worker1,0,0.3126668930053711,0.0,0.0
model_0,1222,1,0.3981490135192871,3,7,0,1,0.8185133934020996,0.31045031547546387,0.08769869804382324,0.22026601866633772,worker1,worker1,worker1,0,0.31045031547546387,0.0,0.0
model_0,1223,1,0.3945629596710205,3,1,0,1,0.7589549422264099,0.31083154678344727,0.08373141288757324,0.21221305962776382,worker1,worker1,worker1,0,0.31083154678344727,0.0,0.0
model_0,1224,1,0.28417229652404785,6,6,1,0,0.9451348781585693,0.20096230506896973,0.08320999145507812,0.2928152830972267,worker1,worker1,worker1,0,0.20096230506896973,0.0,0.0
model_0,1225,1,0.2796480655670166,6,6,1,0,0.9804450273513794,0.19469904899597168,0.08494901657104492,0.30377115750399214,worker1,worker1,worker1,0,0.19469904899597168,0.0,0.0
model_0,1226,1,0.4307825565338135,5,5,1,1,0.982573926448822,0.31449103355407715,0.11629152297973633,0.26995411308073297,worker1,worker1,worker1,0,0.31449103355407715,0.0,0.0
model_0,1227,1,0.2930786609649658,1,9,0,0,0.8763840794563293,0.20955991744995117,0.08351874351501465,0.2849704009156721,worker1,worker1,worker1,0,0.20955991744995117,0.0,0.0
model_0,1228,1,0.6686711311340332,8,1,0,3,0.9255660772323608,0.517106294631958,0.1515648365020752,0.22666573962155165,worker1->worker3->worker3,worker1,worker3,0,0.3098149299621582,0.0,0.2072913646697998
model_0,1229,1,0.38073086738586426,2,2,1,1,0.8341140151023865,0.29569482803344727,0.08503603935241699,0.22334947501441854,worker1,worker1,worker1,0,0.29569482803344727,0.0,0.0
model_0,1230,1,0.3158607482910156,7,7,1,0,0.9207509160041809,0.20675969123840332,0.1091010570526123,0.34540872090916774,worker1,worker1,worker1,0,0.20675969123840332,0.0,0.0
model_0,1231,1,0.3851127624511719,1,1,1,1,0.9917516112327576,0.300581693649292,0.08453106880187988,0.21949692932494677,worker1,worker1,worker1,0,0.300581693649292,0.0,0.0
model_0,1232,1,0.5380980968475342,0,0,1,2,0.9095669984817505,0.397141695022583,0.14095640182495117,0.2619529833886219,worker1->worker3,worker1,worker3,0,0.31194424629211426,0.0,0.08519744873046875
model_0,1233,1,0.2883939743041992,2,4,0,0,0.5716055631637573,0.20257091522216797,0.08582305908203125,0.29758964031441487,worker1,worker1,worker1,0,0.20257091522216797,0.0,0.0
model_0,1234,1,0.31763672828674316,9,9,1,0,0.9943406581878662,0.20866107940673828,0.10897564888000488,0.34308264496928165,worker1,worker1,worker1,0,0.20866107940673828,0.0,0.0
model_0,1235,1,0.29715824127197266,8,8,1,0,0.8743783831596375,0.20661520957946777,0.09054303169250488,0.3046963506882375,worker1,worker1,worker1,0,0.20661520957946777,0.0,0.0
model_0,1236,1,0.40299296379089355,3,3,1,1,0.9654654860496521,0.31766772270202637,0.08532524108886719,0.21172886068834953,worker1,worker1,worker1,0,0.31766772270202637,0.0,0.0
model_0,1237,1,0.2920222282409668,4,2,0,0,0.7922919392585754,0.2010946273803711,0.0909276008605957,0.3113721904264265,worker1,worker1,worker1,0,0.2010946273803711,0.0,0.0
model_0,1238,1,0.2907273769378662,9,9,1,0,0.9368136525154114,0.20600414276123047,0.08472323417663574,0.29141814943263034,worker1,worker1,worker1,0,0.20600414276123047,0.0,0.0
model_0,1239,1,0.5372018814086914,5,5,1,2,0.9974356293678284,0.3956756591796875,0.1415262222290039,0.2634507196026253,worker1->worker3,worker1,worker3,0,0.31204748153686523,0.0,0.08362817764282227
model_0,1240,1,0.28664517402648926,3,5,0,0,0.5851868391036987,0.20044422149658203,0.08620095252990723,0.30072354374241544,worker1,worker1,worker1,0,0.20044422149658203,0.0,0.0
model_0,1241,1,0.3984713554382324,6,6,1,1,0.7209840416908264,0.31366634368896484,0.08480501174926758,0.2128258671341642,worker1,worker1,worker1,0,0.31366634368896484,0.0,0.0
model_0,1242,1,0.39891529083251953,6,6,1,1,0.995074450969696,0.312579870223999,0.08633542060852051,0.21642544819062237,worker1,worker1,worker1,0,0.312579870223999,0.0,0.0
model_0,1243,1,0.39771294593811035,0,4,0,1,0.7815663814544678,0.3082103729248047,0.08950257301330566,0.225043147142697,worker1,worker1,worker1,0,0.3082103729248047,0.0,0.0
model_0,1244,1,0.29456448554992676,8,8,1,0,0.9931735396385193,0.20325064659118652,0.09131383895874023,0.30999609062940864,worker1,worker1,worker1,0,0.20325064659118652,0.0,0.0
model_0,1245,1,0.30586838722229004,9,9,1,0,0.9909571409225464,0.21428251266479492,0.09158587455749512,0.299429030208784,worker1,worker1,worker1,0,0.21428251266479492,0.0,0.0
model_0,1246,1,0.3095242977142334,9,9,1,0,0.932708203792572,0.2115490436553955,0.09797525405883789,0.3165349369415031,worker1,worker1,worker1,0,0.2115490436553955,0.0,0.0
model_0,1247,1,0.28948354721069336,0,0,1,0,0.9800129532814026,0.20583748817443848,0.08364605903625488,0.2889492679021761,worker1,worker1,worker1,0,0.20583748817443848,0.0,0.0
model_0,1248,1,0.30301976203918457,4,4,1,0,0.9351617693901062,0.21089553833007812,0.09212422370910645,0.3040205136759151,worker1,worker1,worker1,0,0.21089553833007812,0.0,0.0
model_0,1249,1,0.3067154884338379,8,8,1,0,0.9443404078483582,0.20146965980529785,0.10524582862854004,0.3431382913394763,worker1,worker1,worker1,0,0.20146965980529785,0.0,0.0
model_0,1250,1,0.4495842456817627,8,8,1,1,0.99901282787323,0.3080120086669922,0.1415722370147705,0.3148959029916323,worker1,worker1,worker1,0,0.3080120086669922,0.0,0.0
model_0,1251,1,0.2955944538116455,2,2,1,0,0.7931398749351501,0.2075510025024414,0.0880434513092041,0.2978521760942981,worker1,worker1,worker1,0,0.2075510025024414,0.0,0.0
model_0,1252,1,0.7368683815002441,0,0,1,3,0.8934116959571838,0.5256404876708984,0.2112278938293457,0.28665620500541955,worker1->worker3->worker3,worker1,worker3,0,0.3107883930206299,0.0,0.21485209465026855
model_0,1253,1,0.2822713851928711,8,8,1,0,0.9996657371520996,0.1946396827697754,0.0876317024230957,0.3104519516323573,worker1,worker1,worker1,0,0.1946396827697754,0.0,0.0
model_0,1254,1,0.295133113861084,4,4,1,0,0.7254711985588074,0.20982670783996582,0.08530640602111816,0.28904383145996615,worker1,worker1,worker1,0,0.20982670783996582,0.0,0.0
model_0,1255,1,0.3796679973602295,4,4,1,1,0.6886700391769409,0.2970757484436035,0.08259224891662598,0.2175380845656642,worker1,worker1,worker1,0,0.2970757484436035,0.0,0.0
model_0,1256,1,0.6579446792602539,3,0,0,3,0.5414263606071472,0.5072438716888428,0.15070080757141113,0.22904783991998898,worker1->worker3->worker3,worker1,worker3,0,0.31076788902282715,0.0,0.19647598266601562
model_0,1257,1,0.5188205242156982,8,8,1,2,0.9960811734199524,0.3782360553741455,0.14058446884155273,0.2709693666303477,worker1->worker3,worker1,worker3,0,0.2946784496307373,0.0,0.0835576057434082
model_0,1258,1,0.39421963691711426,9,9,1,1,0.9350406527519226,0.30504703521728516,0.0891726016998291,0.22620030396552235,worker1,worker1,worker1,0,0.30504703521728516,0.0,0.0
model_0,1259,1,0.2908613681793213,6,6,1,0,0.8463597893714905,0.20017504692077637,0.09068632125854492,0.31178537674565004,worker1,worker1,worker1,0,0.20017504692077637,0.0,0.0
model_0,1260,1,0.31564903259277344,9,9,1,0,0.991310715675354,0.19886469841003418,0.11678433418273926,0.3699816002078663,worker1,worker1,worker1,0,0.19886469841003418,0.0,0.0
model_0,1261,1,0.39196157455444336,7,7,1,1,0.5771662592887878,0.30432987213134766,0.0876317024230957,0.2235721767438805,worker1,worker1,worker1,0,0.30432987213134766,0.0,0.0
model_0,1262,1,0.3866105079650879,6,6,1,1,0.9964370727539062,0.30357956886291504,0.08303093910217285,0.21476637957722244,worker1,worker1,worker1,0,0.30357956886291504,0.0,0.0
model_0,1263,1,0.33297038078308105,9,9,1,0,0.9900612831115723,0.20614886283874512,0.12682151794433594,0.38087927714794506,worker1,worker1,worker1,0,0.20614886283874512,0.0,0.0
model_0,1264,1,0.28490543365478516,8,9,0,0,0.8667929172515869,0.20192790031433105,0.0829775333404541,0.2912458785921103,worker1,worker1,worker1,0,0.20192790031433105,0.0,0.0
model_0,1265,1,0.5511469841003418,2,2,1,2,0.992027223110199,0.4041762351989746,0.1469707489013672,0.266663436689712,worker1->worker3,worker1,worker3,0,0.30228209495544434,0.0,0.10189414024353027
model_0,1266,1,0.38533782958984375,2,2,1,1,0.8881168961524963,0.30040407180786133,0.08493375778198242,0.2204137545290752,worker1,worker1,worker1,0,0.30040407180786133,0.0,0.0
model_0,1267,1,0.5203235149383545,4,4,1,2,0.8449755311012268,0.3800063133239746,0.14031720161437988,0.26967299686811963,worker1->worker3,worker1,worker3,0,0.29762721061706543,0.0,0.08237910270690918
model_0,1268,1,0.4020850658416748,6,6,1,1,0.6908254027366638,0.3160896301269531,0.08599543571472168,0.21387373722699585,worker1,worker1,worker1,0,0.3160896301269531,0.0,0.0
model_0,1269,1,0.28379273414611816,1,3,0,0,0.7568740844726562,0.2003021240234375,0.08349061012268066,0.2941957283504423,worker1,worker1,worker1,0,0.2003021240234375,0.0,0.0
model_0,1270,1,0.29514288902282715,8,8,1,0,0.9751265645027161,0.20665717124938965,0.0884857177734375,0.29980636859115983,worker1,worker1,worker1,0,0.20665717124938965,0.0,0.0
model_0,1271,1,0.539189338684082,2,2,1,2,0.7124965190887451,0.39591360092163086,0.14327573776245117,0.26572435225095997,worker1->worker3,worker1,worker3,0,0.31178879737854004,0.0,0.08412480354309082
model_0,1272,1,0.295412540435791,6,3,0,0,0.7019926905632019,0.20906949043273926,0.08634305000305176,0.29227956902465596,worker1,worker1,worker1,0,0.20906949043273926,0.0,0.0
model_0,1273,1,0.42685437202453613,0,8,0,1,0.6513670086860657,0.294208288192749,0.1326460838317871,0.31075254823479337,worker1,worker1,worker1,0,0.294208288192749,0.0,0.0
model_0,1274,1,0.2914106845855713,1,1,1,0,0.9938254356384277,0.2049880027770996,0.08642268180847168,0.2965666201682941,worker1,worker1,worker1,0,0.2049880027770996,0.0,0.0
model_0,1275,1,0.38267040252685547,2,2,1,1,0.7390605807304382,0.29987215995788574,0.08279824256896973,0.21636960167871624,worker1,worker1,worker1,0,0.29987215995788574,0.0,0.0
model_0,1276,1,0.29556798934936523,2,4,0,0,0.5764104127883911,0.21192598342895508,0.08364200592041016,0.28298736309209793,worker1,worker1,worker1,0,0.21192598342895508,0.0,0.0
model_0,1277,1,0.40680480003356934,3,3,1,1,0.9234074354171753,0.3183407783508301,0.08846402168273926,0.21746061421949606,worker1,worker1,worker1,0,0.3183407783508301,0.0,0.0
model_0,1278,1,0.28242945671081543,9,9,1,0,0.9784696102142334,0.19762730598449707,0.08480215072631836,0.30025958238891776,worker1,worker1,worker1,0,0.19762730598449707,0.0,0.0
model_0,1279,1,0.27272629737854004,8,8,1,0,0.7993808388710022,0.1903994083404541,0.08232688903808594,0.30186633936447077,worker1,worker1,worker1,0,0.1903994083404541,0.0,0.0
model_0,1280,1,0.29797935485839844,0,0,1,0,0.7137708067893982,0.2099318504333496,0.08804750442504883,0.29548189493493443,worker1,worker1,worker1,0,0.2099318504333496,0.0,0.0
model_0,1281,1,0.3971855640411377,4,4,1,1,0.9822826981544495,0.31270861625671387,0.08447694778442383,0.21268886745258017,worker1,worker1,worker1,0,0.31270861625671387,0.0,0.0
model_0,1282,1,0.39835572242736816,9,0,0,1,0.9042607545852661,0.31464314460754395,0.08371257781982422,0.21014528750766837,worker1,worker1,worker1,0,0.31464314460754395,0.0,0.0
model_0,1283,1,0.29287004470825195,8,8,1,0,0.7763741612434387,0.20876407623291016,0.0841059684753418,0.2871784601908521,worker1,worker1,worker1,0,0.20876407623291016,0.0,0.0
model_0,1284,1,0.288010835647583,8,8,1,0,0.9390674829483032,0.1983499526977539,0.0896608829498291,0.31131079755464586,worker1,worker1,worker1,0,0.1983499526977539,0.0,0.0
model_0,1285,1,0.2968108654022217,8,1,0,0,0.9917318820953369,0.21155595779418945,0.08525490760803223,0.28723647799247337,worker1,worker1,worker1,0,0.21155595779418945,0.0,0.0
model_0,1286,1,0.2937774658203125,3,3,1,0,0.8701130151748657,0.20934295654296875,0.08443450927734375,0.28740975432400145,worker1,worker1,worker1,0,0.20934295654296875,0.0,0.0
model_0,1287,1,0.3814671039581299,6,6,1,1,0.8691080808639526,0.29668474197387695,0.08478236198425293,0.22225340299214558,worker1,worker1,worker1,0,0.29668474197387695,0.0,0.0
model_0,1288,1,0.2971174716949463,0,8,0,0,0.56706303358078,0.21212005615234375,0.08499741554260254,0.2860734343817731,worker1,worker1,worker1,0,0.21212005615234375,0.0,0.0
model_0,1289,1,0.34490251541137695,0,0,1,0,0.9665665626525879,0.20328426361083984,0.1416182518005371,0.4106037082148392,worker1,worker1,worker1,0,0.20328426361083984,0.0,0.0
model_0,1290,1,0.28114962577819824,8,8,1,0,0.6439329385757446,0.1982872486114502,0.08286237716674805,0.29472696944693433,worker1,worker1,worker1,0,0.1982872486114502,0.0,0.0
model_0,1291,1,0.5796263217926025,2,2,1,2,0.9785838723182678,0.4295990467071533,0.15002727508544922,0.2588344756695346,worker1->worker3,worker1,worker3,0,0.30751609802246094,0.0,0.12208294868469238
model_0,1292,1,0.293057918548584,0,0,1,0,0.9954915642738342,0.2082822322845459,0.08477568626403809,0.28927963006051216,worker1,worker1,worker1,0,0.2082822322845459,0.0,0.0
model_0,1293,1,0.6485130786895752,2,3,0,3,0.4397422671318054,0.5034933090209961,0.1450197696685791,0.22361888207654165,worker1->worker3->worker3,worker1,worker3,0,0.31961607933044434,0.0,0.18387722969055176
model_0,1294,1,0.398395299911499,6,6,1,1,0.8674672842025757,0.3129599094390869,0.08543539047241211,0.21444879116643956,worker1,worker1,worker1,0,0.3129599094390869,0.0,0.0
model_0,1295,1,0.2841050624847412,7,7,1,0,0.9898760914802551,0.19847750663757324,0.08562755584716797,0.3013939811500785,worker1,worker1,worker1,0,0.19847750663757324,0.0,0.0
model_0,1296,1,0.30327630043029785,0,0,1,0,0.6996145248413086,0.21247458457946777,0.09080171585083008,0.2994026098379523,worker1,worker1,worker1,0,0.21247458457946777,0.0,0.0
model_0,1297,1,0.2959563732147217,3,3,1,0,0.571850061416626,0.21102476119995117,0.08493161201477051,0.2869734180488524,worker1,worker1,worker1,0,0.21102476119995117,0.0,0.0
model_0,1298,1,0.2911379337310791,3,5,0,0,0.7402451634407043,0.2070145606994629,0.08412337303161621,0.2889467956082976,worker1,worker1,worker1,0,0.2070145606994629,0.0,0.0
model_0,1299,1,0.39369916915893555,3,3,1,1,0.9920652508735657,0.30849242210388184,0.08520674705505371,0.2164260271035927,worker1,worker1,worker1,0,0.30849242210388184,0.0,0.0
model_0,1300,1,0.3962290287017822,0,0,1,1,0.9232725501060486,0.31057310104370117,0.08565592765808105,0.21617782003183095,worker1,worker1,worker1,0,0.31057310104370117,0.0,0.0
model_0,1301,1,0.4017202854156494,2,5,0,1,0.7079333662986755,0.30440425872802734,0.09731602668762207,0.24224822649155428,worker1,worker1,worker1,0,0.30440425872802734,0.0,0.0
model_0,1302,1,0.6353139877319336,4,2,0,3,0.31713902950286865,0.49371933937072754,0.14159464836120605,0.22287349420197394,worker1->worker3->worker3,worker1,worker3,0,0.3092992305755615,0.0,0.18442010879516602
model_0,1303,1,0.3840489387512207,9,9,1,1,0.9967843294143677,0.2989068031311035,0.08514213562011719,0.2216960575310184,worker1,worker1,worker1,0,0.2989068031311035,0.0,0.0
model_0,1304,1,0.39941930770874023,9,9,1,1,0.9971688389778137,0.30901265144348145,0.09040665626525879,0.22634523299305312,worker1,worker1,worker1,0,0.30901265144348145,0.0,0.0
model_0,1305,1,0.3263697624206543,0,0,1,0,0.8979026675224304,0.20609116554260254,0.12027859687805176,0.3685347441072866,worker1,worker1,worker1,0,0.20609116554260254,0.0,0.0
model_0,1306,1,0.2843623161315918,1,9,0,0,0.670065701007843,0.1961514949798584,0.0882108211517334,0.31020573454224104,worker1,worker1,worker1,0,0.1961514949798584,0.0,0.0
model_0,1307,1,0.2992713451385498,6,6,1,0,0.8347474336624146,0.20787787437438965,0.09139347076416016,0.3053866407485451,worker1,worker1,worker1,0,0.20787787437438965,0.0,0.0
model_0,1308,1,0.3935580253601074,7,7,1,1,0.9515343904495239,0.3087174892425537,0.08484053611755371,0.21557313191599695,worker1,worker1,worker1,0,0.3087174892425537,0.0,0.0
model_0,1309,1,0.29207801818847656,6,6,1,0,0.979518711566925,0.20731568336486816,0.0847623348236084,0.2902044301358949,worker1,worker1,worker1,0,0.20731568336486816,0.0,0.0
model_0,1310,1,0.2870767116546631,1,1,1,0,0.8194622993469238,0.19818615913391113,0.08889055252075195,0.3096404163486525,worker1,worker1,worker1,0,0.19818615913391113,0.0,0.0
model_0,1311,1,0.41118741035461426,8,8,1,1,0.98451828956604,0.30318164825439453,0.10800576210021973,0.2626679693502141,worker1,worker1,worker1,0,0.30318164825439453,0.0,0.0
model_0,1312,1,0.2930736541748047,3,3,1,0,0.7348867058753967,0.20549941062927246,0.08757424354553223,0.2988130877615437,worker1,worker1,worker1,0,0.20549941062927246,0.0,0.0
model_0,1313,1,0.3314242362976074,3,4,0,0,0.8123021125793457,0.19577884674072266,0.13564538955688477,0.40928023572506605,worker1,worker1,worker1,0,0.19577884674072266,0.0,0.0
model_0,1314,1,0.399322509765625,3,3,1,1,0.9359797239303589,0.30542850494384766,0.09389400482177734,0.23513326327856324,worker1,worker1,worker1,0,0.30542850494384766,0.0,0.0
model_0,1315,1,0.2940552234649658,9,9,1,0,0.6701762080192566,0.21036052703857422,0.0836946964263916,0.28462237616521413,worker1,worker1,worker1,0,0.21036052703857422,0.0,0.0
model_0,1316,1,0.3501555919647217,9,9,1,0,0.9574810266494751,0.20324063301086426,0.14691495895385742,0.4195705061556154,worker1,worker1,worker1,0,0.20324063301086426,0.0,0.0
model_0,1317,1,0.45299530029296875,0,3,0,1,0.780033528804779,0.30797362327575684,0.14502167701721191,0.32013947368421053,worker1,worker1,worker1,0,0.30797362327575684,0.0,0.0
model_0,1318,1,0.28764867782592773,2,2,1,0,0.7879716753959656,0.20244240760803223,0.08520627021789551,0.29621645008727826,worker1,worker1,worker1,0,0.20244240760803223,0.0,0.0
model_0,1319,1,0.34108901023864746,1,1,1,0,0.5372281670570374,0.19747018814086914,0.14361882209777832,0.4210596582906424,worker1,worker1,worker1,0,0.19747018814086914,0.0,0.0
model_0,1320,1,0.3436594009399414,7,7,1,0,0.9163609147071838,0.2071092128753662,0.1365501880645752,0.3973416344528837,worker1,worker1,worker1,0,0.2071092128753662,0.0,0.0
model_0,1321,1,0.4081547260284424,0,0,1,1,0.6518950462341309,0.3211207389831543,0.08703398704528809,0.21323772945660588,worker1,worker1,worker1,0,0.3211207389831543,0.0,0.0
model_0,1322,1,0.28737354278564453,4,4,1,0,0.9872719645500183,0.20137882232666016,0.08599472045898438,0.29924369385364363,worker1,worker1,worker1,0,0.20137882232666016,0.0,0.0
model_0,1323,1,0.300762414932251,8,8,1,0,0.9854570031166077,0.20313167572021484,0.09763073921203613,0.32461083687610437,worker1,worker1,worker1,0,0.20313167572021484,0.0,0.0
model_0,1324,1,0.5883121490478516,6,6,1,2,0.5975736379623413,0.41819214820861816,0.1701200008392334,0.289166220882167,worker1->worker3,worker1,worker3,0,0.3046891689300537,0.0,0.11350297927856445
model_0,1325,1,0.29063916206359863,7,7,1,0,0.8738455772399902,0.20571494102478027,0.08492422103881836,0.29219813474494866,worker1,worker1,worker1,0,0.20571494102478027,0.0,0.0
model_0,1326,1,0.38211917877197266,8,8,1,1,0.991824209690094,0.2994561195373535,0.08266305923461914,0.21632795166229493,worker1,worker1,worker1,0,0.2994561195373535,0.0,0.0
model_0,1327,1,0.5370621681213379,4,4,1,2,0.9610657095909119,0.3925611972808838,0.1445009708404541,0.26905818249295704,worker1->worker3,worker1,worker3,0,0.31414318084716797,0.0,0.07841801643371582
model_0,1328,1,0.3864009380340576,6,2,0,1,0.7833697199821472,0.30049824714660645,0.08590269088745117,0.2223149129101743,worker1,worker1,worker1,0,0.30049824714660645,0.0,0.0
model_0,1329,1,0.38550233840942383,1,9,0,1,0.5674668550491333,0.30167603492736816,0.08382630348205566,0.21744693904561405,worker1,worker1,worker1,0,0.30167603492736816,0.0,0.0
model_0,1330,1,0.5249450206756592,9,1,0,2,0.9318526983261108,0.3790585994720459,0.14588642120361328,0.2779080007575692,worker1->worker3,worker1,worker3,0,0.2997167110443115,0.0,0.07934188842773438
model_0,1331,1,0.2823934555053711,5,5,1,0,0.8713114857673645,0.19758272171020508,0.08481073379516602,0.3003282552826474,worker1,worker1,worker1,0,0.19758272171020508,0.0,0.0
model_0,1332,1,0.2713754177093506,3,3,1,0,0.9190186858177185,0.18756699562072754,0.08380842208862305,0.30882834855139246,worker1,worker1,worker1,0,0.18756699562072754,0.0,0.0
model_0,1333,1,0.285203218460083,5,3,0,0,0.8856046199798584,0.20116972923278809,0.08403348922729492,0.2946442528980655,worker1,worker1,worker1,0,0.20116972923278809,0.0,0.0
model_0,1334,1,0.37795162200927734,4,4,1,1,0.9986246824264526,0.29312801361083984,0.0848236083984375,0.22442980386615563,worker1,worker1,worker1,0,0.29312801361083984,0.0,0.0
model_0,1335,1,0.29277896881103516,8,8,1,0,0.9996440410614014,0.20700836181640625,0.0857706069946289,0.29295344314839367,worker1,worker1,worker1,0,0.20700836181640625,0.0,0.0
model_0,1336,1,0.5301077365875244,2,2,1,2,0.9858161211013794,0.3825643062591553,0.14754343032836914,0.2783272533959872,worker1->worker3,worker1,worker3,0,0.3002634048461914,0.0,0.08230090141296387
model_0,1337,1,0.28395819664001465,4,4,1,0,0.9064950346946716,0.19584298133850098,0.08811521530151367,0.3103105187459016,worker1,worker1,worker1,0,0.19584298133850098,0.0,0.0
model_0,1338,1,0.3960690498352051,8,0,0,1,0.7388555407524109,0.30718445777893066,0.08888459205627441,0.2244169093577425,worker1,worker1,worker1,0,0.30718445777893066,0.0,0.0
model_0,1339,1,0.2856302261352539,6,6,1,0,0.9881018400192261,0.19533395767211914,0.09029626846313477,0.31612994774711606,worker1,worker1,worker1,0,0.19533395767211914,0.0,0.0
model_0,1340,1,0.4547584056854248,9,2,0,1,0.815803587436676,0.30447983741760254,0.15027856826782227,0.3304580330765258,worker1,worker1,worker1,0,0.30447983741760254,0.0,0.0
model_0,1341,1,0.3841850757598877,0,7,0,1,0.8979027271270752,0.30051589012145996,0.08366918563842773,0.21778353954259339,worker1,worker1,worker1,0,0.30051589012145996,0.0,0.0
model_0,1342,1,0.39499711990356445,4,7,0,1,0.8773158192634583,0.30765628814697266,0.0873408317565918,0.2211176420170238,worker1,worker1,worker1,0,0.30765628814697266,0.0,0.0
model_0,1343,1,0.2828340530395508,6,4,0,0,0.854827880859375,0.19889569282531738,0.0839383602142334,0.2967760045587427,worker1,worker1,worker1,0,0.19889569282531738,0.0,0.0
model_0,1344,1,0.3883543014526367,6,6,1,1,0.9694939255714417,0.2998034954071045,0.08855080604553223,0.22801551499316092,worker1,worker1,worker1,0,0.2998034954071045,0.0,0.0
model_0,1345,1,0.28691530227661133,0,0,1,0,0.6206050515174866,0.2028179168701172,0.08409738540649414,0.29310874930406094,worker1,worker1,worker1,0,0.2028179168701172,0.0,0.0
model_0,1346,1,0.5811104774475098,0,0,1,2,0.9852627515792847,0.3823270797729492,0.19878339767456055,0.34207505352115447,worker1->worker3,worker1,worker3,0,0.30300426483154297,0.0,0.07932281494140625
model_0,1347,1,0.2908213138580322,6,6,1,0,0.8905357122421265,0.20341920852661133,0.0874021053314209,0.3005354187144868,worker1,worker1,worker1,0,0.20341920852661133,0.0,0.0
model_0,1348,1,0.32762980461120605,9,9,1,0,0.9607568383216858,0.19899344444274902,0.12863636016845703,0.3926271613814503,worker1,worker1,worker1,0,0.19899344444274902,0.0,0.0
model_0,1349,1,0.36295342445373535,9,1,0,0,0.7788178324699402,0.20366454124450684,0.15928888320922852,0.43886866048713263,worker1,worker1,worker1,0,0.20366454124450684,0.0,0.0
model_0,1350,1,0.3545398712158203,7,7,1,0,0.7245311141014099,0.19868087768554688,0.15585899353027344,0.4396092123455329,worker1,worker1,worker1,0,0.19868087768554688,0.0,0.0
model_0,1351,1,0.6148872375488281,4,4,1,2,0.8942907452583313,0.4107992649078369,0.2040879726409912,0.3319112191278561,worker1->worker3,worker1,worker3,0,0.29871344566345215,0.0,0.11208581924438477
model_0,1352,1,0.2934553623199463,0,0,1,0,0.9192326068878174,0.2074267864227295,0.0860285758972168,0.2931572802660945,worker1,worker1,worker1,0,0.2074267864227295,0.0,0.0
model_0,1353,1,0.4072446823120117,7,7,1,1,0.9982134103775024,0.30291056632995605,0.10433411598205566,0.25619515861994674,worker1,worker1,worker1,0,0.30291056632995605,0.0,0.0
model_0,1354,1,0.37889742851257324,0,0,1,1,0.6396680474281311,0.2931532859802246,0.08574414253234863,0.22629908803802642,worker1,worker1,worker1,0,0.2931532859802246,0.0,0.0
model_0,1355,1,0.28938889503479004,4,4,1,0,0.8048321008682251,0.20532536506652832,0.08406352996826172,0.29048637114480735,worker1,worker1,worker1,0,0.20532536506652832,0.0,0.0
model_0,1356,1,0.27074480056762695,4,8,0,0,0.7451170086860657,0.18767619132995605,0.0830686092376709,0.3068151597501202,worker1,worker1,worker1,0,0.18767619132995605,0.0,0.0
model_0,1357,1,0.6290602684020996,6,2,0,3,0.8567700982093811,0.482712984085083,0.1463472843170166,0.23264429764219416,worker1->worker3->worker3,worker1,worker3,0,0.2966160774230957,0.0,0.1860969066619873
model_0,1358,1,0.27952051162719727,8,8,1,0,0.9714372158050537,0.19438481330871582,0.08513569831848145,0.30457764198725,worker1,worker1,worker1,0,0.19438481330871582,0.0,0.0
model_0,1359,1,0.29201579093933105,7,7,1,0,0.9341738224029541,0.1988518238067627,0.09316396713256836,0.31903742887631725,worker1,worker1,worker1,0,0.1988518238067627,0.0,0.0
model_0,1360,1,0.35811471939086914,0,9,0,0,0.8387606739997864,0.2020409107208252,0.15607380867004395,0.4358207027499897,worker1,worker1,worker1,0,0.2020409107208252,0.0,0.0
model_0,1361,1,0.2900679111480713,9,1,0,0,0.7303287386894226,0.19930243492126465,0.09076547622680664,0.3129111243900174,worker1,worker1,worker1,0,0.19930243492126465,0.0,0.0
model_0,1362,1,0.29520320892333984,9,9,1,0,0.8389051556587219,0.19391608238220215,0.1012871265411377,0.34310984257437577,worker1,worker1,worker1,0,0.19391608238220215,0.0,0.0
model_0,1363,1,0.4559483528137207,9,1,0,1,0.9813848733901978,0.2957131862640381,0.16023516654968262,0.3514327128519033,worker1,worker1,worker1,0,0.2957131862640381,0.0,0.0
model_0,1364,1,0.2835373878479004,6,6,1,0,0.8063556551933289,0.19958257675170898,0.0839548110961914,0.29609785056363636,worker1,worker1,worker1,0,0.19958257675170898,0.0,0.0
model_0,1365,1,0.38974595069885254,9,9,1,1,0.6686700582504272,0.2991504669189453,0.09059548377990723,0.2324475305451171,worker1,worker1,worker1,0,0.2991504669189453,0.0,0.0
model_0,1366,1,0.2797682285308838,3,3,1,0,0.9679815173149109,0.19488978385925293,0.08487844467163086,0.3033884337665636,worker1,worker1,worker1,0,0.19488978385925293,0.0,0.0
model_0,1367,1,0.39226508140563965,3,3,1,1,0.9341138601303101,0.3011205196380615,0.09114456176757812,0.2323545125173299,worker1,worker1,worker1,0,0.3011205196380615,0.0,0.0
model_0,1368,1,0.2809135913848877,9,9,1,0,0.9969040751457214,0.19814467430114746,0.08276891708374023,0.29464190990437406,worker1,worker1,worker1,0,0.19814467430114746,0.0,0.0
model_0,1369,1,0.38303208351135254,6,6,1,1,0.9214590191841125,0.30016589164733887,0.08286619186401367,0.21634269146427165,worker1,worker1,worker1,0,0.30016589164733887,0.0,0.0
model_0,1370,1,0.276561975479126,9,1,0,0,0.6581738591194153,0.1899855136871338,0.08657646179199219,0.31304542731156004,worker1,worker1,worker1,0,0.1899855136871338,0.0,0.0
model_0,1371,1,0.3007826805114746,0,0,1,0,0.525024950504303,0.20151090621948242,0.09927177429199219,0.3300448487365783,worker1,worker1,worker1,0,0.20151090621948242,0.0,0.0
model_0,1372,1,0.73390793800354,2,5,0,3,0.9052050113677979,0.5159504413604736,0.2179574966430664,0.2969820673093947,worker1->worker3->worker3,worker1,worker3,0,0.3008718490600586,0.0,0.21507859230041504
model_0,1373,1,0.2853395938873291,9,9,1,0,0.9850098490715027,0.19997930526733398,0.08536028861999512,0.29915332624220736,worker1,worker1,worker1,0,0.19997930526733398,0.0,0.0
model_0,1374,1,0.43347811698913574,2,2,1,1,0.904707670211792,0.30234861373901367,0.13112950325012207,0.3025054740039128,worker1,worker1,worker1,0,0.30234861373901367,0.0,0.0
model_0,1375,1,0.2830023765563965,2,2,1,0,0.8880842924118042,0.1963043212890625,0.08669805526733398,0.30635097952987284,worker1,worker1,worker1,0,0.1963043212890625,0.0,0.0
model_0,1376,1,0.3125886917114258,4,7,0,0,0.6578866839408875,0.20146775245666504,0.11112093925476074,0.35548611386538853,worker1,worker1,worker1,0,0.20146775245666504,0.0,0.0
model_0,1377,1,0.29678964614868164,9,9,1,0,0.9497056007385254,0.2004232406616211,0.09636640548706055,0.324695981607068,worker1,worker1,worker1,0,0.2004232406616211,0.0,0.0
model_0,1378,1,0.5309946537017822,6,2,0,2,0.5103231072425842,0.382612943649292,0.14838171005249023,0.27944106219913944,worker1->worker3,worker1,worker3,0,0.2977144718170166,0.0,0.08489847183227539
model_0,1379,1,0.28607702255249023,7,3,0,0,0.8207148909568787,0.19919133186340332,0.08688569068908691,0.3037143280989821,worker1,worker1,worker1,0,0.19919133186340332,0.0,0.0
model_0,1380,1,0.3848288059234619,6,6,1,1,0.950019121170044,0.3005790710449219,0.08424973487854004,0.21892782863894122,worker1,worker1,worker1,0,0.3005790710449219,0.0,0.0
model_0,1381,1,0.2895011901855469,8,8,1,0,0.9989898800849915,0.20067572593688965,0.08882546424865723,0.3068224493022888,worker1,worker1,worker1,0,0.20067572593688965,0.0,0.0
model_0,1382,1,0.38503432273864746,2,2,1,1,0.8552877306938171,0.29816484451293945,0.08686947822570801,0.22561489481724215,worker1,worker1,worker1,0,0.29816484451293945,0.0,0.0
model_0,1383,1,0.5325067043304443,3,3,1,2,0.9600680470466614,0.3919856548309326,0.14052104949951172,0.2638859724333388,worker1->worker3,worker1,worker3,0,0.3044090270996094,0.0,0.08757662773132324
model_0,1384,1,0.2884516716003418,9,9,1,0,0.9976646900177002,0.20271515846252441,0.08573651313781738,0.2972300790012679,worker1,worker1,worker1,0,0.20271515846252441,0.0,0.0
model_0,1385,1,0.2850151062011719,7,5,0,0,0.887203574180603,0.19844627380371094,0.08656883239746094,0.3037341899217025,worker1,worker1,worker1,0,0.19844627380371094,0.0,0.0
model_0,1386,1,0.391399621963501,3,3,1,1,0.783511757850647,0.30712056159973145,0.08427906036376953,0.21532739337093373,worker1,worker1,worker1,0,0.30712056159973145,0.0,0.0
model_0,1387,1,0.2933192253112793,8,8,1,0,0.8609852194786072,0.20232939720153809,0.09098982810974121,0.31020751542344366,worker1,worker1,worker1,0,0.20232939720153809,0.0,0.0
model_0,1388,1,0.5978050231933594,2,2,1,2,0.6392269134521484,0.41834068298339844,0.17946434020996094,0.3002054737701884,worker1->worker3,worker1,worker3,0,0.30270981788635254,0.0,0.1156308650970459
model_0,1389,1,0.28164172172546387,6,4,0,0,0.5406804084777832,0.19570255279541016,0.08593916893005371,0.3051364989659618,worker1,worker1,worker1,0,0.19570255279541016,0.0,0.0
model_0,1390,1,0.2763662338256836,9,9,1,0,0.7359512448310852,0.19312453269958496,0.08324170112609863,0.3012006929131685,worker1,worker1,worker1,0,0.19312453269958496,0.0,0.0
model_0,1391,1,0.30472826957702637,4,4,1,0,0.9651422500610352,0.1952829360961914,0.10944533348083496,0.359157139023396,worker1,worker1,worker1,0,0.1952829360961914,0.0,0.0
model_0,1392,1,0.3851816654205322,9,1,0,1,0.9487174153327942,0.29967522621154785,0.08550643920898438,0.22198989953384846,worker1,worker1,worker1,0,0.29967522621154785,0.0,0.0
model_0,1393,1,0.2903280258178711,1,9,0,0,0.7742151618003845,0.206620454788208,0.08370757102966309,0.2883206703653701,worker1,worker1,worker1,0,0.206620454788208,0.0,0.0
model_0,1394,1,0.37975502014160156,6,6,1,1,0.9919710159301758,0.29483890533447266,0.0849161148071289,0.22360761623497621,worker1,worker1,worker1,0,0.29483890533447266,0.0,0.0
model_0,1395,1,0.38930702209472656,6,6,1,1,0.9814313650131226,0.30382823944091797,0.0854787826538086,0.21956650613152776,worker1,worker1,worker1,0,0.30382823944091797,0.0,0.0
model_0,1396,1,0.28800320625305176,0,8,0,0,0.762383222579956,0.20390605926513672,0.08409714698791504,0.29200073180443603,worker1,worker1,worker1,0,0.20390605926513672,0.0,0.0
model_0,1397,1,0.38446903228759766,1,1,1,1,0.9977794289588928,0.29743456840515137,0.08703446388244629,0.22637574569943816,worker1,worker1,worker1,0,0.29743456840515137,0.0,0.0
model_0,1398,1,0.2860901355743408,1,1,1,0,0.9036584496498108,0.20139050483703613,0.08469963073730469,0.296059249184757,worker1,worker1,worker1,0,0.20139050483703613,0.0,0.0
model_0,1399,1,0.5250880718231201,2,2,1,2,0.5345557332038879,0.3847513198852539,0.1403367519378662,0.2672632639522989,worker1->worker3,worker1,worker3,0,0.30258750915527344,0.0,0.08216381072998047
model_0,1400,1,0.3984720706939697,3,5,0,1,0.9462785720825195,0.30626797676086426,0.09220409393310547,0.23139411947373112,worker1,worker1,worker1,0,0.30626797676086426,0.0,0.0
model_0,1401,1,0.5542585849761963,2,2,1,2,0.7699958086013794,0.40935611724853516,0.14490246772766113,0.2614347736875997,worker1->worker3,worker1,worker3,0,0.3025991916656494,0.0,0.10675692558288574
model_0,1402,1,0.3849341869354248,3,3,1,1,0.6567863821983337,0.29953455924987793,0.08539962768554688,0.2218551393562589,worker1,worker1,worker1,0,0.29953455924987793,0.0,0.0
model_0,1403,1,0.28161144256591797,1,9,0,0,0.8933659791946411,0.1949448585510254,0.08666658401489258,0.30775235276388374,worker1,worker1,worker1,0,0.1949448585510254,0.0,0.0
model_0,1404,1,0.435640811920166,2,2,1,1,0.708611786365509,0.31128549575805664,0.12435531616210938,0.285453779259089,worker1,worker1,worker1,0,0.31128549575805664,0.0,0.0
model_0,1405,1,0.5301506519317627,3,5,0,2,0.7783602476119995,0.3853752613067627,0.144775390625,0.27308349069734705,worker1->worker3,worker1,worker3,0,0.30650901794433594,0.0,0.07886624336242676
model_0,1406,1,0.38687920570373535,6,6,1,1,0.9758502840995789,0.30156898498535156,0.08531022071838379,0.2205086741821754,worker1,worker1,worker1,0,0.30156898498535156,0.0,0.0
model_0,1407,1,0.29229116439819336,6,6,1,0,0.9353289604187012,0.2066659927368164,0.08562517166137695,0.29294478277396124,worker1,worker1,worker1,0,0.2066659927368164,0.0,0.0
model_0,1408,1,0.5195467472076416,7,7,1,2,0.8807246088981628,0.3790454864501953,0.1405012607574463,0.2704304502195135,worker1->worker3,worker1,worker3,0,0.29709768295288086,0.0,0.08194780349731445
model_0,1409,1,0.5251979827880859,2,0,0,2,0.8665637969970703,0.38419318199157715,0.1410048007965088,0.26847932668736724,worker1->worker3,worker1,worker3,0,0.3049483299255371,0.0,0.07924485206604004
model_0,1410,1,0.5311262607574463,2,2,1,2,0.9957937002182007,0.38999414443969727,0.14113211631774902,0.265722346540498,worker1->worker3,worker1,worker3,0,0.30689311027526855,0.0,0.08310103416442871
model_0,1411,1,0.28537440299987793,9,9,1,0,0.9998741149902344,0.19895577430725098,0.08641862869262695,0.3028254383861608,worker1,worker1,worker1,0,0.19895577430725098,0.0,0.0
model_0,1412,1,0.27945685386657715,8,8,1,0,0.99513840675354,0.19359755516052246,0.08585929870605469,0.3072363318991884,worker1,worker1,worker1,0,0.19359755516052246,0.0,0.0
model_0,1413,1,0.5881752967834473,8,8,1,2,0.9523360133171082,0.4141976833343506,0.17397761344909668,0.2957921123184323,worker1->worker3,worker1,worker3,0,0.2998957633972168,0.0,0.11430191993713379
model_0,1414,1,0.5089495182037354,9,9,1,2,0.9984868764877319,0.3683168888092041,0.14063262939453125,0.276319407651419,worker1->worker3,worker1,worker3,0,0.28664565086364746,0.0,0.08167123794555664
model_0,1415,1,0.28658103942871094,3,3,1,0,0.9896590113639832,0.1981666088104248,0.08841443061828613,0.3085145855934403,worker1,worker1,worker1,0,0.1981666088104248,0.0,0.0
model_0,1416,1,0.2835524082183838,9,9,1,0,0.9967051148414612,0.19347286224365234,0.09007954597473145,0.31768217572447777,worker1,worker1,worker1,0,0.19347286224365234,0.0,0.0
model_0,1417,1,0.5262744426727295,6,6,1,2,0.9863215088844299,0.38213562965393066,0.14413881301879883,0.27388526086651216,worker1->worker3,worker1,worker3,0,0.3002619743347168,0.0,0.08187365531921387
model_0,1418,1,0.29354047775268555,6,6,1,0,0.875029444694519,0.20502614974975586,0.08851432800292969,0.30154045084543674,worker1,worker1,worker1,0,0.20502614974975586,0.0,0.0
model_0,1419,1,0.4652705192565918,9,9,1,1,0.9376912117004395,0.3054819107055664,0.1597886085510254,0.3434316208263856,worker1,worker1,worker1,0,0.3054819107055664,0.0,0.0
model_0,1420,1,0.3922767639160156,2,2,1,1,0.9592163562774658,0.3078627586364746,0.08441400527954102,0.21518991957834546,worker1,worker1,worker1,0,0.3078627586364746,0.0,0.0
model_0,1421,1,0.2929036617279053,1,1,1,0,0.93719881772995,0.20399737358093262,0.08890628814697266,0.30353423245887146,worker1,worker1,worker1,0,0.20399737358093262,0.0,0.0
model_0,1422,1,0.4438929557800293,4,4,1,1,0.8674036860466003,0.28540563583374023,0.15848731994628906,0.35703950216508346,worker1,worker1,worker1,0,0.28540563583374023,0.0,0.0
model_0,1423,1,0.28220200538635254,7,7,1,0,0.6359698176383972,0.19634723663330078,0.08585476875305176,0.30423160400830995,worker1,worker1,worker1,0,0.19634723663330078,0.0,0.0
model_0,1424,1,0.3890516757965088,6,2,0,1,0.9696508049964905,0.303300142288208,0.08575153350830078,0.22041168010069856,worker1,worker1,worker1,0,0.303300142288208,0.0,0.0
model_0,1425,1,0.39655494689941406,0,7,0,1,0.8909456729888916,0.31008481979370117,0.08647012710571289,0.21805333102463098,worker1,worker1,worker1,0,0.31008481979370117,0.0,0.0
model_0,1426,1,0.2874019145965576,1,0,0,0,0.8954302072525024,0.20098042488098145,0.08642148971557617,0.3006990744542914,worker1,worker1,worker1,0,0.20098042488098145,0.0,0.0
model_0,1427,1,0.38691282272338867,3,3,1,1,0.8414563536643982,0.29624414443969727,0.0906686782836914,0.23433877855351454,worker1,worker1,worker1,0,0.29624414443969727,0.0,0.0
model_0,1428,1,0.3899521827697754,5,7,0,1,0.9590764045715332,0.3048055171966553,0.08514666557312012,0.21835155523001654,worker1,worker1,worker1,0,0.3048055171966553,0.0,0.0
model_0,1429,1,0.3907954692840576,3,7,0,1,0.7802218198776245,0.3056299686431885,0.08516550064086914,0.21792857731153703,worker1,worker1,worker1,0,0.3056299686431885,0.0,0.0
model_0,1430,1,0.2978541851043701,5,5,1,0,0.9193576574325562,0.20393633842468262,0.0939178466796875,0.31531484658098075,worker1,worker1,worker1,0,0.20393633842468262,0.0,0.0
model_0,1431,1,0.4695708751678467,5,5,1,1,0.9878219962120056,0.3082876205444336,0.16128325462341309,0.34346945935640255,worker1,worker1,worker1,0,0.3082876205444336,0.0,0.0
model_0,1432,1,0.390653133392334,6,2,0,1,0.9012580513954163,0.3063681125640869,0.08428502082824707,0.2157541143887342,worker1,worker1,worker1,0,0.3063681125640869,0.0,0.0
model_0,1433,1,0.3229348659515381,5,5,1,0,0.9048639535903931,0.20073938369750977,0.12219548225402832,0.3783904902741776,worker1,worker1,worker1,0,0.20073938369750977,0.0,0.0
model_0,1434,1,0.3853108882904053,0,0,1,1,0.9500182271003723,0.3022305965423584,0.08308029174804688,0.21561885291294966,worker1,worker1,worker1,0,0.3022305965423584,0.0,0.0
model_0,1435,1,0.6770150661468506,0,0,1,3,0.5743623375892639,0.5329153537750244,0.14409971237182617,0.21284565082421616,worker1->worker3->worker3,worker1,worker3,0,0.3027217388153076,0.0,0.2301936149597168
model_0,1436,1,0.28774523735046387,7,7,1,0,0.8911084532737732,0.20242929458618164,0.08531594276428223,0.2964981924631139,worker1,worker1,worker1,0,0.20242929458618164,0.0,0.0
model_0,1437,1,0.4143352508544922,6,6,1,1,0.9919949769973755,0.30031800270080566,0.11401724815368652,0.2751811435752724,worker1,worker1,worker1,0,0.30031800270080566,0.0,0.0
model_0,1438,1,0.2900698184967041,8,8,1,0,0.7659785747528076,0.2056260108947754,0.08444380760192871,0.2911154564082585,worker1,worker1,worker1,0,0.2056260108947754,0.0,0.0
model_0,1439,1,0.5594148635864258,5,5,1,2,0.997356653213501,0.3828096389770508,0.176605224609375,0.31569633934492464,worker1->worker3,worker1,worker3,0,0.29857850074768066,0.0,0.08423113822937012
model_0,1440,1,0.38210415840148926,9,9,1,1,0.8224159479141235,0.2967832088470459,0.08532094955444336,0.22329238684912156,worker1,worker1,worker1,0,0.2967832088470459,0.0,0.0
model_0,1441,1,0.3230583667755127,3,3,1,0,0.8967618346214294,0.1917417049407959,0.1313166618347168,0.4064796808867864,worker1,worker1,worker1,0,0.1917417049407959,0.0,0.0
model_0,1442,1,0.2826113700866699,9,9,1,0,0.995202898979187,0.19870924949645996,0.08390212059020996,0.29688161719919215,worker1,worker1,worker1,0,0.19870924949645996,0.0,0.0
model_0,1443,1,0.5273222923278809,6,6,1,2,0.9493933320045471,0.387190580368042,0.14013171195983887,0.26574205945518253,worker1->worker3,worker1,worker3,0,0.3015298843383789,0.0,0.08566069602966309
model_0,1444,1,0.3808627128601074,9,1,0,1,0.9228540658950806,0.29528164863586426,0.08558106422424316,0.22470318394144684,worker1,worker1,worker1,0,0.29528164863586426,0.0,0.0
model_0,1445,1,0.2834906578063965,6,6,1,0,0.9895308017730713,0.19923067092895508,0.0842599868774414,0.2972231520058938,worker1,worker1,worker1,0,0.19923067092895508,0.0,0.0
model_0,1446,1,0.2947201728820801,0,0,1,0,0.7444325089454651,0.20660901069641113,0.08811116218566895,0.29896549436717024,worker1,worker1,worker1,0,0.20660901069641113,0.0,0.0
model_0,1447,1,0.5871424674987793,4,4,1,2,0.9957178235054016,0.44599342346191406,0.14114904403686523,0.24039999122897493,worker1->worker3,worker1,worker3,0,0.31081175804138184,0.0,0.13518166542053223
model_0,1448,1,0.5192995071411133,3,3,1,2,0.9510514140129089,0.37821269035339355,0.14108681678771973,0.2716867912400716,worker1->worker3,worker1,worker3,0,0.2969214916229248,0.0,0.08129119873046875
model_0,1449,1,0.4021925926208496,6,2,0,1,0.8056866526603699,0.31703805923461914,0.08515453338623047,0.2117257626037543,worker1,worker1,worker1,0,0.31703805923461914,0.0,0.0
model_0,1450,1,0.39003801345825195,4,4,1,1,0.8173848986625671,0.30550694465637207,0.08453106880187988,0.2167252059674633,worker1,worker1,worker1,0,0.30550694465637207,0.0,0.0
model_0,1451,1,0.2929720878601074,3,3,1,0,0.7527929544448853,0.2045276165008545,0.08844447135925293,0.30188702277155044,worker1,worker1,worker1,0,0.2045276165008545,0.0,0.0
model_0,1452,1,0.34473657608032227,8,8,1,0,0.9954082369804382,0.20632076263427734,0.13841581344604492,0.40151182975662725,worker1,worker1,worker1,0,0.20632076263427734,0.0,0.0
model_0,1453,1,0.4473695755004883,9,9,1,1,0.9933792352676392,0.3067307472229004,0.1406388282775879,0.3143683343245911,worker1,worker1,worker1,0,0.3067307472229004,0.0,0.0
model_0,1454,1,0.2852306365966797,0,0,1,0,0.6934736371040344,0.20080924034118652,0.08442139625549316,0.2959759065954274,worker1,worker1,worker1,0,0.20080924034118652,0.0,0.0
model_0,1455,1,0.3304755687713623,5,4,0,0,0.740088701248169,0.21203231811523438,0.11844325065612793,0.35840244135587596,worker1,worker1,worker1,0,0.21203231811523438,0.0,0.0
model_0,1456,1,0.29774022102355957,8,0,0,0,0.5696419477462769,0.20749640464782715,0.09024381637573242,0.303095819790473,worker1,worker1,worker1,0,0.20749640464782715,0.0,0.0
model_0,1457,1,0.32125139236450195,0,0,1,0,0.8267244696617126,0.21658968925476074,0.10466170310974121,0.3257937727192439,worker1,worker1,worker1,0,0.21658968925476074,0.0,0.0
model_0,1458,1,0.3018636703491211,1,1,1,0,0.9999858140945435,0.21539521217346191,0.08646845817565918,0.28644870737725375,worker1,worker1,worker1,0,0.21539521217346191,0.0,0.0
model_0,1459,1,0.4220468997955322,8,0,0,1,0.8552473187446594,0.31389474868774414,0.10815215110778809,0.25625623872651176,worker1,worker1,worker1,0,0.31389474868774414,0.0,0.0
model_0,1460,1,0.3978884220123291,3,4,0,1,0.5163466334342957,0.3137776851654053,0.08411073684692383,0.21139277293250203,worker1,worker1,worker1,0,0.3137776851654053,0.0,0.0
model_0,1461,1,0.2980954647064209,0,0,1,0,0.9448944926261902,0.20794153213500977,0.09015393257141113,0.30243309021893094,worker1,worker1,worker1,0,0.20794153213500977,0.0,0.0
model_0,1462,1,0.3584015369415283,8,8,1,0,0.9751545190811157,0.2172703742980957,0.14113116264343262,0.39377945710779017,worker1,worker1,worker1,0,0.2172703742980957,0.0,0.0
model_0,1463,1,0.4429450035095215,0,2,0,1,0.8125738501548767,0.31447815895080566,0.12846684455871582,0.29002888291063955,worker1,worker1,worker1,0,0.31447815895080566,0.0,0.0
model_0,1464,1,0.30595970153808594,8,8,1,0,0.8177432417869568,0.21691370010375977,0.08904600143432617,0.29103833278266455,worker1,worker1,worker1,0,0.21691370010375977,0.0,0.0
model_0,1465,1,0.3670945167541504,5,4,0,0,0.9195156693458557,0.21468186378479004,0.15241265296936035,0.415186405716416,worker1,worker1,worker1,0,0.21468186378479004,0.0,0.0
model_0,1466,1,0.6947269439697266,5,9,0,3,0.8059007525444031,0.5496528148651123,0.14507412910461426,0.20882179734623335,worker1->worker3->worker3,worker1,worker3,0,0.3363516330718994,0.0,0.2133011817932129
model_0,1467,1,0.28666257858276367,9,9,1,0,0.9857732653617859,0.20064568519592285,0.08601689338684082,0.30006320954796856,worker1,worker1,worker1,0,0.20064568519592285,0.0,0.0
model_0,1468,1,0.32398533821105957,8,8,1,0,0.8037562370300293,0.2103273868560791,0.11365795135498047,0.3508120212555367,worker1,worker1,worker1,0,0.2103273868560791,0.0,0.0
model_0,1469,1,0.28818416595458984,6,4,0,0,0.7734686136245728,0.19895076751708984,0.0892333984375,0.30964018492105777,worker1,worker1,worker1,0,0.19895076751708984,0.0,0.0
model_0,1470,1,0.2956104278564453,6,6,1,0,0.9903891682624817,0.21213102340698242,0.08347940444946289,0.28239668355002095,worker1,worker1,worker1,0,0.21213102340698242,0.0,0.0
model_0,1471,1,0.29148268699645996,3,3,1,0,0.931959331035614,0.2065114974975586,0.08497118949890137,0.2915136757331091,worker1,worker1,worker1,0,0.2065114974975586,0.0,0.0
model_0,1472,1,0.28638458251953125,6,6,1,0,0.9854017496109009,0.20211076736450195,0.0842738151550293,0.2942679889176013,worker1,worker1,worker1,0,0.20211076736450195,0.0,0.0
model_0,1473,1,0.4243435859680176,9,9,1,1,0.9945143461227417,0.32713747024536133,0.09720611572265625,0.22907407802785215,worker1,worker1,worker1,0,0.32713747024536133,0.0,0.0
model_0,1474,1,0.3948097229003906,7,7,1,1,0.970775842666626,0.310802698135376,0.08400702476501465,0.2127785104882267,worker1,worker1,worker1,0,0.310802698135376,0.0,0.0
model_0,1475,1,0.399829626083374,4,4,1,1,0.8098016381263733,0.31539058685302734,0.08443903923034668,0.21118755020104268,worker1,worker1,worker1,0,0.31539058685302734,0.0,0.0
model_0,1476,1,0.4053936004638672,6,6,1,1,0.9921878576278687,0.3094909191131592,0.09590268135070801,0.23656683588732633,worker1,worker1,worker1,0,0.3094909191131592,0.0,0.0
model_0,1477,1,0.3225209712982178,0,0,1,0,0.5747271776199341,0.20434188842773438,0.1181790828704834,0.366422941102982,worker1,worker1,worker1,0,0.20434188842773438,0.0,0.0
model_0,1478,1,0.40059614181518555,7,7,1,1,0.8181398510932922,0.3106393814086914,0.08995676040649414,0.22455723112779144,worker1,worker1,worker1,0,0.3106393814086914,0.0,0.0
model_0,1479,1,0.2900824546813965,9,9,1,0,0.9998069405555725,0.20600128173828125,0.08408117294311523,0.2898526663236607,worker1,worker1,worker1,0,0.20600128173828125,0.0,0.0
model_0,1480,1,0.2993922233581543,9,9,1,0,0.9790665507316589,0.20758914947509766,0.09180307388305664,0.30663145773574507,worker1,worker1,worker1,0,0.20758914947509766,0.0,0.0
model_0,1481,1,0.30037784576416016,9,9,1,0,0.9827181696891785,0.20877289772033691,0.09160494804382324,0.3049657267858107,worker1,worker1,worker1,0,0.20877289772033691,0.0,0.0
model_0,1482,1,0.39750099182128906,7,7,1,1,0.9543200731277466,0.310549259185791,0.08695173263549805,0.2187459513927209,worker1,worker1,worker1,0,0.310549259185791,0.0,0.0
model_0,1483,1,0.5954189300537109,2,5,0,2,0.8642203211784363,0.42429137229919434,0.1711275577545166,0.28740698207072407,worker1->worker3,worker1,worker3,0,0.3101987838745117,0.0,0.11409258842468262
model_0,1484,1,0.29249143600463867,4,4,1,0,0.9336035251617432,0.20733332633972168,0.08515810966491699,0.291147360853213,worker1,worker1,worker1,0,0.20733332633972168,0.0,0.0
model_0,1485,1,0.29349493980407715,4,2,0,0,0.8731738328933716,0.21018385887145996,0.08331108093261719,0.2838586620547243,worker1,worker1,worker1,0,0.21018385887145996,0.0,0.0
model_0,1486,1,0.5516026020050049,2,3,0,2,0.5292870998382568,0.40486836433410645,0.14673423767089844,0.26601440445991054,worker1->worker3,worker1,worker3,0,0.3187088966369629,0.0,0.08615946769714355
model_0,1487,1,0.3927266597747803,0,0,1,1,0.9637158513069153,0.30790233612060547,0.0848243236541748,0.21598819826191482,worker1,worker1,worker1,0,0.30790233612060547,0.0,0.0
model_0,1488,1,0.2926828861236572,9,9,1,0,0.8867653608322144,0.20499801635742188,0.08768486976623535,0.29959001336753555,worker1,worker1,worker1,0,0.20499801635742188,0.0,0.0
model_0,1489,1,0.3960390090942383,9,9,1,1,0.7515973448753357,0.3080623149871826,0.08797669410705566,0.22214148628505792,worker1,worker1,worker1,0,0.3080623149871826,0.0,0.0
model_0,1490,1,0.2906811237335205,3,3,1,0,0.9421294927597046,0.20711398124694824,0.08356714248657227,0.28748733806045745,worker1,worker1,worker1,0,0.20711398124694824,0.0,0.0
model_0,1491,1,0.6381752490997314,2,2,1,3,0.5506027340888977,0.4973468780517578,0.14082837104797363,0.22067350817293377,worker1->worker3->worker3,worker1,worker3,0,0.31314778327941895,0.0,0.18419909477233887
model_0,1492,1,0.38509202003479004,8,8,1,1,0.9521461129188538,0.3002002239227295,0.08489179611206055,0.22044548236650358,worker1,worker1,worker1,0,0.3002002239227295,0.0,0.0
model_0,1493,1,0.34508728981018066,1,1,1,0,0.9827102422714233,0.2026522159576416,0.14243507385253906,0.41275085480803175,worker1,worker1,worker1,0,0.2026522159576416,0.0,0.0
model_0,1494,1,0.5471839904785156,3,4,0,2,0.6405245065689087,0.40020298957824707,0.14698100090026855,0.2686134891697632,worker1->worker3,worker1,worker3,0,0.310230016708374,0.0,0.08997297286987305
model_0,1495,1,0.526078462600708,5,4,0,2,0.9275607466697693,0.38570690155029297,0.14037156105041504,0.26682628358606014,worker1->worker3,worker1,worker3,0,0.30410242080688477,0.0,0.0816044807434082
model_0,1496,1,0.2779874801635742,7,7,1,0,0.6746562719345093,0.19334888458251953,0.08463859558105469,0.3044690916700687,worker1,worker1,worker1,0,0.19334888458251953,0.0,0.0
model_0,1497,1,0.4018075466156006,2,2,1,1,0.8486031889915466,0.3074471950531006,0.0943603515625,0.23483966978044898,worker1,worker1,worker1,0,0.3074471950531006,0.0,0.0
model_0,1498,1,0.2913858890533447,0,0,1,0,0.7797307968139648,0.20755362510681152,0.0838322639465332,0.2877018657934593,worker1,worker1,worker1,0,0.20755362510681152,0.0,0.0
model_0,1499,1,0.3902163505554199,3,3,1,1,0.9942703247070312,0.30507493019104004,0.08514142036437988,0.2181902942898027,worker1,worker1,worker1,0,0.30507493019104004,0.0,0.0
model_0,1500,1,0.2944016456604004,8,8,1,0,0.904219388961792,0.20987343788146973,0.08452820777893066,0.2871186660295916,worker1,worker1,worker1,0,0.20987343788146973,0.0,0.0
model_0,1501,1,0.28338193893432617,7,7,1,0,0.8158584237098694,0.19847798347473145,0.08490395545959473,0.2996096214842797,worker1,worker1,worker1,0,0.19847798347473145,0.0,0.0
model_0,1502,1,0.3178222179412842,1,1,1,0,0.5941914916038513,0.20619726181030273,0.11162495613098145,0.3512182277690967,worker1,worker1,worker1,0,0.20619726181030273,0.0,0.0
model_0,1503,1,0.30264782905578613,9,9,1,0,0.7854437232017517,0.21164870262145996,0.09099912643432617,0.30067662047413063,worker1,worker1,worker1,0,0.21164870262145996,0.0,0.0
model_0,1504,1,0.39705514907836914,9,9,1,1,0.9991631507873535,0.3053410053253174,0.09171414375305176,0.23098590703567376,worker1,worker1,worker1,0,0.3053410053253174,0.0,0.0
model_0,1505,1,0.4148080348968506,4,4,1,1,0.8129672408103943,0.3134121894836426,0.10139584541320801,0.24444040829252955,worker1,worker1,worker1,0,0.3134121894836426,0.0,0.0
model_0,1506,1,0.3986825942993164,0,0,1,1,0.8636609315872192,0.2982156276702881,0.10046696662902832,0.25199737351363116,worker1,worker1,worker1,0,0.2982156276702881,0.0,0.0
model_0,1507,1,0.4003298282623291,3,4,0,1,0.8790554404258728,0.30837178230285645,0.09195804595947266,0.22970570631378026,worker1,worker1,worker1,0,0.30837178230285645,0.0,0.0
model_0,1508,1,0.297224760055542,9,9,1,0,0.9345242381095886,0.20750951766967773,0.08971524238586426,0.3018430980282373,worker1,worker1,worker1,0,0.20750951766967773,0.0,0.0
model_0,1509,1,0.29231786727905273,9,3,0,0,0.953395426273346,0.2089834213256836,0.08333444595336914,0.2850816021923707,worker1,worker1,worker1,0,0.2089834213256836,0.0,0.0
model_0,1510,1,0.41506409645080566,0,0,1,1,0.9785587787628174,0.32174229621887207,0.0933218002319336,0.22483708186259446,worker1,worker1,worker1,0,0.32174229621887207,0.0,0.0
model_0,1511,1,0.29079127311706543,0,0,1,0,0.8162775635719299,0.2062854766845703,0.08450579643249512,0.29060637042733795,worker1,worker1,worker1,0,0.2062854766845703,0.0,0.0
model_0,1512,1,0.41674041748046875,4,6,0,1,0.6775137186050415,0.30764079093933105,0.1090996265411377,0.2617927658678579,worker1,worker1,worker1,0,0.30764079093933105,0.0,0.0
model_0,1513,1,0.5527312755584717,6,2,0,2,0.5785545706748962,0.4086785316467285,0.14405274391174316,0.26061985323011505,worker1->worker3,worker1,worker3,0,0.30738067626953125,0.0,0.10129785537719727
model_0,1514,1,0.3842298984527588,5,5,1,1,0.9951006770133972,0.2988409996032715,0.0853888988494873,0.22223387402525602,worker1,worker1,worker1,0,0.2988409996032715,0.0,0.0
model_0,1515,1,0.3337719440460205,8,8,1,0,0.9982225298881531,0.2062208652496338,0.12755107879638672,0.38215039062360484,worker1,worker1,worker1,0,0.2062208652496338,0.0,0.0
model_0,1516,1,0.5200903415679932,7,7,1,2,0.999890923500061,0.3801722526550293,0.13991808891296387,0.2690265089159936,worker1->worker3,worker1,worker3,0,0.2983231544494629,0.0,0.0818490982055664
model_0,1517,1,0.4014706611633301,5,5,1,1,0.995208203792572,0.31625819206237793,0.08521246910095215,0.21225080023041884,worker1,worker1,worker1,0,0.31625819206237793,0.0,0.0
model_0,1518,1,0.2859499454498291,0,0,1,0,0.7219055891036987,0.20169425010681152,0.08425569534301758,0.29465190213788844,worker1,worker1,worker1,0,0.20169425010681152,0.0,0.0
model_0,1519,1,0.3253805637359619,5,5,1,0,0.9403756856918335,0.20402836799621582,0.1213521957397461,0.37295465453253174,worker1,worker1,worker1,0,0.20402836799621582,0.0,0.0
model_0,1520,1,0.41283392906188965,0,0,1,1,0.9724788069725037,0.3012847900390625,0.11154913902282715,0.27020341878466186,worker1,worker1,worker1,0,0.3012847900390625,0.0,0.0
model_0,1521,1,0.2968587875366211,3,3,1,0,0.9763904809951782,0.20725679397583008,0.08960199356079102,0.3018337247292622,worker1,worker1,worker1,0,0.20725679397583008,0.0,0.0
model_0,1522,1,0.35476040840148926,7,7,1,0,0.969474196434021,0.2130565643310547,0.14170384407043457,0.3994353392165046,worker1,worker1,worker1,0,0.2130565643310547,0.0,0.0
model_0,1523,1,0.4087045192718506,6,2,0,1,0.9970666766166687,0.3083641529083252,0.10034036636352539,0.24550833580771786,worker1,worker1,worker1,0,0.3083641529083252,0.0,0.0
model_0,1524,1,0.639448881149292,7,7,1,3,0.5628053545951843,0.49829721450805664,0.14115166664123535,0.22073956308679615,worker1->worker3->worker3,worker1,worker3,0,0.31168532371520996,0.0,0.18661189079284668
model_0,1525,1,0.5454380512237549,7,7,1,2,0.907333254814148,0.3911752700805664,0.15426278114318848,0.28282365118656766,worker1->worker3,worker1,worker3,0,0.3032503128051758,0.0,0.08792495727539062
model_0,1526,1,0.2948620319366455,6,6,1,0,0.9780844449996948,0.2107832431793213,0.08407878875732422,0.28514620280236525,worker1,worker1,worker1,0,0.2107832431793213,0.0,0.0
model_0,1527,1,0.2780470848083496,6,6,1,0,0.7583563327789307,0.19507408142089844,0.08297300338745117,0.2984134987232189,worker1,worker1,worker1,0,0.19507408142089844,0.0,0.0
model_0,1528,1,0.2966127395629883,9,9,1,0,0.7467349767684937,0.20988702774047852,0.08672571182250977,0.29238700923731836,worker1,worker1,worker1,0,0.20988702774047852,0.0,0.0
model_0,1529,1,0.2906789779663086,7,0,0,0,0.8836100101470947,0.20540761947631836,0.08527135848999023,0.29335234039481756,worker1,worker1,worker1,0,0.20540761947631836,0.0,0.0
model_0,1530,1,0.39773106575012207,3,3,1,1,0.9357507824897766,0.3137247562408447,0.08400630950927734,0.2112138496168037,worker1,worker1,worker1,0,0.3137247562408447,0.0,0.0
model_0,1531,1,0.2900872230529785,8,8,1,0,0.9466353058815002,0.2057206630706787,0.0843665599822998,0.2908316991503344,worker1,worker1,worker1,0,0.2057206630706787,0.0,0.0
model_0,1532,1,0.288196325302124,4,2,0,0,0.928222119808197,0.20357394218444824,0.08462238311767578,0.2936275576344141,worker1,worker1,worker1,0,0.20357394218444824,0.0,0.0
model_0,1533,1,0.5414209365844727,0,0,1,2,0.964388370513916,0.39887022972106934,0.14255070686340332,0.26328997870432835,worker1->worker3,worker1,worker3,0,0.31310415267944336,0.0,0.08576607704162598
model_0,1534,1,0.4007399082183838,3,3,1,1,0.9091637134552002,0.3135106563568115,0.08722925186157227,0.21767048919429446,worker1,worker1,worker1,0,0.3135106563568115,0.0,0.0
model_0,1535,1,0.3329331874847412,8,0,0,0,0.8055834174156189,0.20313715934753418,0.12979602813720703,0.3898560822902516,worker1,worker1,worker1,0,0.20313715934753418,0.0,0.0
model_0,1536,1,0.28283119201660156,2,2,1,0,0.8913811445236206,0.19801974296569824,0.08481144905090332,0.2998659675624642,worker1,worker1,worker1,0,0.19801974296569824,0.0,0.0
model_0,1537,1,0.2910299301147461,3,3,1,0,0.8330996632575989,0.2066359519958496,0.08439397811889648,0.28998384491114704,worker1,worker1,worker1,0,0.2066359519958496,0.0,0.0
model_0,1538,1,0.44863009452819824,6,6,1,1,0.8942139148712158,0.3209812641143799,0.12764883041381836,0.28453024433873575,worker1,worker1,worker1,0,0.3209812641143799,0.0,0.0
model_0,1539,1,0.30248069763183594,4,3,0,0,0.8453181982040405,0.21546459197998047,0.08701610565185547,0.2876749039959139,worker1,worker1,worker1,0,0.21546459197998047,0.0,0.0
model_0,1540,1,0.4754807949066162,6,2,0,1,0.767961323261261,0.31467151641845703,0.16080927848815918,0.3382035199123908,worker1,worker1,worker1,0,0.31467151641845703,0.0,0.0
model_0,1541,1,0.3397848606109619,7,7,1,0,0.805944561958313,0.25533509254455566,0.08444976806640625,0.2485389370043104,worker1,worker1,worker1,0,0.25533509254455566,0.0,0.0
model_0,1542,1,0.3302133083343506,0,0,1,0,0.9440858960151672,0.2002878189086914,0.12992548942565918,0.3934592766143327,worker1,worker1,worker1,0,0.2002878189086914,0.0,0.0
model_0,1543,1,0.31862354278564453,7,2,0,0,0.9204412698745728,0.210191011428833,0.10843253135681152,0.34031550339567973,worker1,worker1,worker1,0,0.210191011428833,0.0,0.0
model_0,1544,1,0.3235812187194824,0,0,1,0,0.7081459760665894,0.2002110481262207,0.12337017059326172,0.38126492965654235,worker1,worker1,worker1,0,0.2002110481262207,0.0,0.0
model_0,1545,1,0.2937169075012207,5,5,1,0,0.764976441860199,0.20496630668640137,0.08875060081481934,0.3021637452534137,worker1,worker1,worker1,0,0.20496630668640137,0.0,0.0
model_0,1546,1,0.3891596794128418,7,7,1,1,0.8310999274253845,0.3051748275756836,0.0839848518371582,0.21581077454856903,worker1,worker1,worker1,0,0.3051748275756836,0.0,0.0
model_0,1547,1,0.2862238883972168,8,8,1,0,0.984413743019104,0.20107030868530273,0.08515357971191406,0.2975068929038492,worker1,worker1,worker1,0,0.20107030868530273,0.0,0.0
model_0,1548,1,0.29129624366760254,0,0,1,0,0.8942689895629883,0.20676875114440918,0.08452749252319336,0.2901770769816293,worker1,worker1,worker1,0,0.20676875114440918,0.0,0.0
model_0,1549,1,0.5914950370788574,4,5,0,2,0.6229968667030334,0.42005348205566406,0.17144155502319336,0.2898444522372839,worker1->worker3,worker1,worker3,0,0.30643749237060547,0.0,0.1136159896850586
model_0,1550,1,0.2895646095275879,3,3,1,0,0.7642244100570679,0.2030627727508545,0.0865018367767334,0.29873069405082825,worker1,worker1,worker1,0,0.2030627727508545,0.0,0.0
model_0,1551,1,0.3939988613128662,3,7,0,1,0.9091658592224121,0.30730581283569336,0.08669304847717285,0.22003375387506952,worker1,worker1,worker1,0,0.30730581283569336,0.0,0.0
model_0,1552,1,0.2866549491882324,9,9,1,0,0.9675123691558838,0.2031259536743164,0.08352899551391602,0.2913921275403013,worker1,worker1,worker1,0,0.2031259536743164,0.0,0.0
model_0,1553,1,0.38898324966430664,9,1,0,1,0.9301323890686035,0.30272817611694336,0.08625507354736328,0.221744955912116,worker1,worker1,worker1,0,0.30272817611694336,0.0,0.0
model_0,1554,1,0.39555978775024414,6,6,1,1,0.9997320771217346,0.31026172637939453,0.08529806137084961,0.21563885918734155,worker1,worker1,worker1,0,0.31026172637939453,0.0,0.0
model_0,1555,1,0.40298938751220703,3,3,1,1,0.8939327001571655,0.3176398277282715,0.08534955978393555,0.21179108539514632,worker1,worker1,worker1,0,0.3176398277282715,0.0,0.0
model_0,1556,1,0.29413938522338867,3,3,1,0,0.8316918015480042,0.20864272117614746,0.08549666404724121,0.2906671746196432,worker1,worker1,worker1,0,0.20864272117614746,0.0,0.0
model_0,1557,1,0.36003804206848145,9,9,1,0,0.9989878535270691,0.2093505859375,0.15068745613098145,0.4185320397401777,worker1,worker1,worker1,0,0.2093505859375,0.0,0.0
model_0,1558,1,0.29579925537109375,3,3,1,0,0.9230615496635437,0.2105567455291748,0.08524250984191895,0.28817689123313817,worker1,worker1,worker1,0,0.2105567455291748,0.0,0.0
model_0,1559,1,0.3950779438018799,3,5,0,1,0.6208823323249817,0.30987071990966797,0.08520722389221191,0.2156719331690682,worker1,worker1,worker1,0,0.30987071990966797,0.0,0.0
model_0,1560,1,0.28775525093078613,8,0,0,0,0.8638614416122437,0.20407485961914062,0.08368039131164551,0.2908040462892306,worker1,worker1,worker1,0,0.20407485961914062,0.0,0.0
model_0,1561,1,0.4132378101348877,4,4,1,1,0.9927091598510742,0.3231170177459717,0.09012079238891602,0.21808457546394192,worker1,worker1,worker1,0,0.3231170177459717,0.0,0.0
model_0,1562,1,0.5770232677459717,4,4,1,2,0.8997463583946228,0.4307711124420166,0.14625215530395508,0.2534597190079708,worker1->worker3,worker1,worker3,0,0.31819820404052734,0.0,0.11257290840148926
model_0,1563,1,0.3962364196777344,7,7,1,1,0.9341107606887817,0.3088369369506836,0.08739948272705078,0.22057407746146662,worker1,worker1,worker1,0,0.3088369369506836,0.0,0.0
model_0,1564,1,0.39633607864379883,4,4,1,1,0.9262468218803406,0.3116796016693115,0.0846564769744873,0.21359770542255138,worker1,worker1,worker1,0,0.3116796016693115,0.0,0.0
model_0,1565,1,0.32196593284606934,5,5,1,0,0.9618303179740906,0.20970988273620605,0.11225605010986328,0.3486581611835699,worker1,worker1,worker1,0,0.20970988273620605,0.0,0.0
model_0,1566,1,0.28798747062683105,9,9,1,0,0.8258729577064514,0.20502352714538574,0.08296394348144531,0.2880817811305009,worker1,worker1,worker1,0,0.20502352714538574,0.0,0.0
model_0,1567,1,0.29968881607055664,0,0,1,0,0.7048603296279907,0.20933747291564941,0.09035134315490723,0.30148386696430984,worker1,worker1,worker1,0,0.20933747291564941,0.0,0.0
model_0,1568,1,0.30562353134155273,4,4,1,0,0.7812551259994507,0.22125935554504395,0.08436417579650879,0.2760395295028076,worker1,worker1,worker1,0,0.22125935554504395,0.0,0.0
model_0,1569,1,0.5462403297424316,6,6,1,2,0.9911932349205017,0.4040677547454834,0.14217257499694824,0.2602747678187489,worker1->worker3,worker1,worker3,0,0.32300710678100586,0.0,0.08106064796447754
model_0,1570,1,0.288618803024292,3,3,1,0,0.6360058784484863,0.20310521125793457,0.08551359176635742,0.29628558801541444,worker1,worker1,worker1,0,0.20310521125793457,0.0,0.0
model_0,1571,1,0.43929362297058105,2,2,1,1,0.8753125667572021,0.30411434173583984,0.1351792812347412,0.30771965302076326,worker1,worker1,worker1,0,0.30411434173583984,0.0,0.0
model_0,1572,1,0.5427665710449219,2,2,1,2,0.8241358995437622,0.4032886028289795,0.13947796821594238,0.2569759739392619,worker1->worker3,worker1,worker3,0,0.31242990493774414,0.0,0.09085869789123535
model_0,1573,1,0.29265499114990234,8,8,1,0,0.9984562397003174,0.20606589317321777,0.08658909797668457,0.2958743250421187,worker1,worker1,worker1,0,0.20606589317321777,0.0,0.0
model_0,1574,1,0.2847251892089844,8,8,1,0,0.9828153252601624,0.20113492012023926,0.08359026908874512,0.29358227602191883,worker1,worker1,worker1,0,0.20113492012023926,0.0,0.0
model_0,1575,1,0.3009614944458008,0,0,1,0,0.970171332359314,0.20699524879455566,0.09396624565124512,0.3122201590083053,worker1,worker1,worker1,0,0.20699524879455566,0.0,0.0
model_0,1576,1,0.392974853515625,5,7,0,1,0.8789544105529785,0.3022425174713135,0.09073233604431152,0.23088585753669333,worker1,worker1,worker1,0,0.3022425174713135,0.0,0.0
model_0,1577,1,0.2940673828125,0,0,1,0,0.8996493220329285,0.20975136756896973,0.08431601524353027,0.2867234524180158,worker1,worker1,worker1,0,0.20975136756896973,0.0,0.0
model_0,1578,1,0.33870577812194824,6,6,1,0,0.9920486807823181,0.1994640827178955,0.13924169540405273,0.41109926194976193,worker1,worker1,worker1,0,0.1994640827178955,0.0,0.0
model_0,1579,1,0.3885631561279297,3,3,1,1,0.7163835763931274,0.30582737922668457,0.08273577690124512,0.2129274883540563,worker1,worker1,worker1,0,0.30582737922668457,0.0,0.0
model_0,1580,1,0.2899754047393799,8,8,1,0,0.9501193761825562,0.2059645652770996,0.08401083946228027,0.28971712113924414,worker1,worker1,worker1,0,0.2059645652770996,0.0,0.0
model_0,1581,1,0.5660932064056396,4,4,1,2,0.6938235759735107,0.4206886291503906,0.14540457725524902,0.256856248423264,worker1->worker3,worker1,worker3,0,0.31112074851989746,0.0,0.10956788063049316
model_0,1582,1,0.2796316146850586,8,8,1,0,0.7880262732505798,0.19434022903442383,0.08529138565063477,0.30501338608188533,worker1,worker1,worker1,0,0.19434022903442383,0.0,0.0
model_0,1583,1,0.3906219005584717,3,3,1,1,0.9969336986541748,0.3076822757720947,0.08293962478637695,0.21232712417762103,worker1,worker1,worker1,0,0.3076822757720947,0.0,0.0
model_0,1584,1,0.28634166717529297,7,7,1,0,0.978585958480835,0.1987299919128418,0.08761167526245117,0.3059690059317038,worker1,worker1,worker1,0,0.1987299919128418,0.0,0.0
model_0,1585,1,0.4072291851043701,3,5,0,1,0.8914012312889099,0.2996704578399658,0.1075587272644043,0.2641233271059335,worker1,worker1,worker1,0,0.2996704578399658,0.0,0.0
model_0,1586,1,0.38434624671936035,9,1,0,1,0.6067662835121155,0.30002307891845703,0.08432316780090332,0.2193937589365193,worker1,worker1,worker1,0,0.30002307891845703,0.0,0.0
model_0,1587,1,0.29655909538269043,9,1,0,0,0.8026208877563477,0.21191644668579102,0.08464264869689941,0.28541579069653394,worker1,worker1,worker1,0,0.21191644668579102,0.0,0.0
model_0,1588,1,0.3894846439361572,4,4,1,1,0.949604868888855,0.30600881576538086,0.08347582817077637,0.21432379805058346,worker1,worker1,worker1,0,0.30600881576538086,0.0,0.0
model_0,1589,1,0.29401540756225586,8,8,1,0,0.9005711674690247,0.2030773162841797,0.09093809127807617,0.3092970264111775,worker1,worker1,worker1,0,0.2030773162841797,0.0,0.0
model_0,1590,1,0.4073472023010254,6,2,0,1,0.7386493682861328,0.31526708602905273,0.09208011627197266,0.22604823539189647,worker1,worker1,worker1,0,0.31526708602905273,0.0,0.0
model_0,1591,1,0.6449270248413086,0,0,1,3,0.5678153038024902,0.49346137046813965,0.15146565437316895,0.23485704357084236,worker1->worker3->worker3,worker1,worker3,0,0.3106398582458496,0.0,0.18282151222229004
model_0,1592,1,0.2954726219177246,9,9,1,0,0.8581838607788086,0.2116553783416748,0.0838172435760498,0.2836717765322738,worker1,worker1,worker1,0,0.2116553783416748,0.0,0.0
model_0,1593,1,0.454770565032959,4,4,1,1,0.9669119715690613,0.30370187759399414,0.15106868743896484,0.33218659925366173,worker1,worker1,worker1,0,0.30370187759399414,0.0,0.0
model_0,1594,1,0.29779744148254395,9,9,1,0,0.8639581799507141,0.2067112922668457,0.09108614921569824,0.3058661241756755,worker1,worker1,worker1,0,0.2067112922668457,0.0,0.0
model_0,1595,1,0.2890181541442871,7,7,1,0,0.991312563419342,0.20185041427612305,0.08716773986816406,0.3015995314420531,worker1,worker1,worker1,0,0.20185041427612305,0.0,0.0
model_0,1596,1,0.2884814739227295,3,4,0,0,0.9081926941871643,0.20420169830322266,0.08427977561950684,0.29214969846584116,worker1,worker1,worker1,0,0.20420169830322266,0.0,0.0
model_0,1597,1,0.28914880752563477,6,3,0,0,0.9381171464920044,0.2042245864868164,0.08492422103881836,0.29370420637577527,worker1,worker1,worker1,0,0.2042245864868164,0.0,0.0
model_0,1598,1,0.2929708957672119,4,4,1,0,0.993286669254303,0.20436382293701172,0.0886070728302002,0.30244326009982025,worker1,worker1,worker1,0,0.20436382293701172,0.0,0.0
model_0,1599,1,0.29246091842651367,9,9,1,0,0.9695863723754883,0.20757389068603516,0.08488702774047852,0.29025084170966925,worker1,worker1,worker1,0,0.20757389068603516,0.0,0.0
model_0,1600,1,0.576378583908081,0,5,0,2,0.8606057167053223,0.432753324508667,0.14362525939941406,0.24918562800438634,worker1->worker3,worker1,worker3,0,0.31615328788757324,0.0,0.11660003662109375
model_0,1601,1,0.2900123596191406,0,0,1,0,0.9994598031044006,0.20357894897460938,0.08643341064453125,0.2980335415981585,worker1,worker1,worker1,0,0.20357894897460938,0.0,0.0
model_0,1602,1,0.3910188674926758,4,4,1,1,0.9994981288909912,0.299945592880249,0.09107327461242676,0.23291273691321981,worker1,worker1,worker1,0,0.299945592880249,0.0,0.0
model_0,1603,1,0.36275506019592285,3,5,0,0,0.9168989658355713,0.20222711563110352,0.16052794456481934,0.4425243426738657,worker1,worker1,worker1,0,0.20222711563110352,0.0,0.0
model_0,1604,1,0.5359508991241455,5,3,0,2,0.7671732306480408,0.3972742557525635,0.13867664337158203,0.2587487838871216,worker1->worker3,worker1,worker3,0,0.3040652275085449,0.0,0.09320902824401855
model_0,1605,1,0.2872123718261719,4,3,0,0,0.9571323990821838,0.2014758586883545,0.08573651313781738,0.2985126044281521,worker1,worker1,worker1,0,0.2014758586883545,0.0,0.0
model_0,1606,1,0.3058936595916748,8,8,1,0,0.6920551657676697,0.20389485359191895,0.10199880599975586,0.33344530951020684,worker1,worker1,worker1,0,0.20389485359191895,0.0,0.0
model_0,1607,1,0.2878074645996094,4,4,1,0,0.8509267568588257,0.2027430534362793,0.08506441116333008,0.2955601283019868,worker1,worker1,worker1,0,0.2027430534362793,0.0,0.0
model_0,1608,1,0.2827630043029785,2,2,1,0,0.542796790599823,0.19780850410461426,0.08495450019836426,0.30044418437192766,worker1,worker1,worker1,0,0.19780850410461426,0.0,0.0
model_0,1609,1,0.28812527656555176,2,2,1,0,0.8910220265388489,0.2050180435180664,0.08310723304748535,0.28844131288348634,worker1,worker1,worker1,0,0.2050180435180664,0.0,0.0
model_0,1610,1,0.28877854347229004,5,5,1,0,0.8806992173194885,0.20357227325439453,0.08520627021789551,0.2950574831265867,worker1,worker1,worker1,0,0.20357227325439453,0.0,0.0
model_0,1611,1,0.2990140914916992,9,9,1,0,0.9332363605499268,0.2046356201171875,0.09437847137451172,0.31563218610762933,worker1,worker1,worker1,0,0.2046356201171875,0.0,0.0
model_0,1612,1,0.4041116237640381,6,6,1,1,0.9198883175849915,0.31774353981018066,0.08636808395385742,0.21372333502658164,worker1,worker1,worker1,0,0.31774353981018066,0.0,0.0
model_0,1613,1,0.2846529483795166,9,9,1,0,0.8976165056228638,0.19963884353637695,0.08501410484313965,0.29865878898185055,worker1,worker1,worker1,0,0.19963884353637695,0.0,0.0
model_0,1614,1,0.3911004066467285,9,1,0,1,0.9642066955566406,0.30572056770324707,0.08537983894348145,0.21830669948804982,worker1,worker1,worker1,0,0.30572056770324707,0.0,0.0
model_0,1615,1,0.2840230464935303,9,9,1,0,0.9528146982192993,0.19762063026428223,0.08640241622924805,0.30420917350175736,worker1,worker1,worker1,0,0.19762063026428223,0.0,0.0
model_0,1616,1,0.28150463104248047,8,8,1,0,0.843482255935669,0.19722437858581543,0.08428025245666504,0.29939206379857647,worker1,worker1,worker1,0,0.19722437858581543,0.0,0.0
model_0,1617,1,0.5681977272033691,2,2,1,2,0.9016796350479126,0.42105722427368164,0.1471405029296875,0.25896003430690073,worker1->worker3,worker1,worker3,0,0.3094184398651123,0.0,0.11163878440856934
model_0,1618,1,0.2862207889556885,8,8,1,0,0.8666954040527344,0.1998903751373291,0.08633041381835938,0.30162174499394834,worker1,worker1,worker1,0,0.1998903751373291,0.0,0.0
model_0,1619,1,0.3779628276824951,3,3,1,1,0.9647925496101379,0.29320740699768066,0.08475542068481445,0.2242427415534435,worker1,worker1,worker1,0,0.29320740699768066,0.0,0.0
model_0,1620,1,0.28381991386413574,3,0,0,0,0.7581560611724854,0.19937396049499512,0.08444595336914062,0.29753357408728126,worker1,worker1,worker1,0,0.19937396049499512,0.0,0.0
model_0,1621,1,0.38706398010253906,2,2,1,1,0.8304580450057983,0.30379700660705566,0.0832669734954834,0.21512457313497557,worker1,worker1,worker1,0,0.30379700660705566,0.0,0.0
model_0,1622,1,0.38789916038513184,9,9,1,1,0.9995386600494385,0.3027336597442627,0.08516550064086914,0.21955577464078865,worker1,worker1,worker1,0,0.3027336597442627,0.0,0.0
model_0,1623,1,0.2902858257293701,6,6,1,0,0.9686569571495056,0.20550131797790527,0.08478450775146484,0.29207250315593564,worker1,worker1,worker1,0,0.20550131797790527,0.0,0.0
model_0,1624,1,0.6340091228485107,3,5,0,3,0.5212862491607666,0.4860684871673584,0.14794063568115234,0.23334149359945577,worker1->worker3->worker3,worker1,worker3,0,0.2987844944000244,0.0,0.18728399276733398
model_0,1625,1,0.520960807800293,5,5,1,2,0.9174639582633972,0.37999510765075684,0.14096570014953613,0.27058791763002343,worker1->worker3,worker1,worker3,0,0.2940211296081543,0.0,0.08597397804260254
model_0,1626,1,0.2829148769378662,9,9,1,0,0.9913133978843689,0.19763588905334473,0.08527898788452148,0.3014298463465054,worker1,worker1,worker1,0,0.19763588905334473,0.0,0.0
model_0,1627,1,0.31752967834472656,7,7,1,0,0.9591258764266968,0.19768023490905762,0.11984944343566895,0.37744328045315567,worker1,worker1,worker1,0,0.19768023490905762,0.0,0.0
model_0,1628,1,0.6255745887756348,6,5,0,3,0.49677520990371704,0.48436403274536133,0.14121055603027344,0.22572936715132344,worker1->worker3->worker3,worker1,worker3,0,0.29651832580566406,0.0,0.18784570693969727
model_0,1629,1,0.27883148193359375,2,7,0,0,0.8001179099082947,0.19390368461608887,0.08492779731750488,0.30458467863299316,worker1,worker1,worker1,0,0.19390368461608887,0.0,0.0
model_0,1630,1,0.2709798812866211,6,6,1,0,0.9039909839630127,0.1859607696533203,0.08501911163330078,0.3137469513589988,worker1,worker1,worker1,0,0.1859607696533203,0.0,0.0
model_0,1631,1,0.38416147232055664,4,4,1,1,0.745963454246521,0.30000829696655273,0.0841531753540039,0.21905678059194805,worker1,worker1,worker1,0,0.30000829696655273,0.0,0.0
model_0,1632,1,0.2830517292022705,9,9,1,0,0.9765093922615051,0.1967766284942627,0.08627510070800781,0.30480329850362825,worker1,worker1,worker1,0,0.1967766284942627,0.0,0.0
model_0,1633,1,0.387800931930542,3,3,1,1,0.8218107223510742,0.3037221431732178,0.08407878875732422,0.2168091457097977,worker1,worker1,worker1,0,0.3037221431732178,0.0,0.0
model_0,1634,1,0.37895870208740234,0,0,1,1,0.8790121674537659,0.29351353645324707,0.08544516563415527,0.22547355467363922,worker1,worker1,worker1,0,0.29351353645324707,0.0,0.0
model_0,1635,1,0.4120612144470215,0,0,1,1,0.9196826219558716,0.3045947551727295,0.10746645927429199,0.2608021709068396,worker1,worker1,worker1,0,0.3045947551727295,0.0,0.0
model_0,1636,1,0.3032042980194092,8,0,0,0,0.5518804788589478,0.21155643463134766,0.09164786338806152,0.3022643939638178,worker1,worker1,worker1,0,0.21155643463134766,0.0,0.0
model_0,1637,1,0.2843317985534668,0,0,1,0,0.8824856877326965,0.20024442672729492,0.08408737182617188,0.2957367844678821,worker1,worker1,worker1,0,0.20024442672729492,0.0,0.0
model_0,1638,1,0.28793978691101074,5,5,1,0,0.8780298233032227,0.20202112197875977,0.08591866493225098,0.29839108326771313,worker1,worker1,worker1,0,0.20202112197875977,0.0,0.0
model_0,1639,1,0.3857746124267578,6,6,1,1,0.9815388321876526,0.301685094833374,0.08408951759338379,0.2179757684530078,worker1,worker1,worker1,0,0.301685094833374,0.0,0.0
model_0,1640,1,0.39298295974731445,1,1,1,1,0.958581268787384,0.30716872215270996,0.08581423759460449,0.21836630689987804,worker1,worker1,worker1,0,0.30716872215270996,0.0,0.0
model_0,1641,1,0.2995173931121826,1,1,1,0,0.8993833661079407,0.20951557159423828,0.09000182151794434,0.30048946601319626,worker1,worker1,worker1,0,0.20951557159423828,0.0,0.0
model_0,1642,1,0.3857259750366211,3,5,0,1,0.569166362285614,0.3026905059814453,0.08303546905517578,0.21527061807878595,worker1,worker1,worker1,0,0.3026905059814453,0.0,0.0
model_0,1643,1,0.3798253536224365,4,4,1,1,0.9225872755050659,0.29520297050476074,0.08462238311767578,0.22279287654345012,worker1,worker1,worker1,0,0.29520297050476074,0.0,0.0
model_0,1644,1,0.3938415050506592,4,7,0,1,0.5412805080413818,0.2998652458190918,0.09397625923156738,0.2386144122100066,worker1,worker1,worker1,0,0.2998652458190918,0.0,0.0
model_0,1645,1,0.2933523654937744,7,7,1,0,0.7526599764823914,0.2036283016204834,0.08972406387329102,0.30585764570967866,worker1,worker1,worker1,0,0.2036283016204834,0.0,0.0
model_0,1646,1,0.38595080375671387,5,5,1,1,0.9051987528800964,0.28980183601379395,0.09614896774291992,0.24912234100055905,worker1,worker1,worker1,0,0.28980183601379395,0.0,0.0
model_0,1647,1,0.2847757339477539,4,4,1,0,0.8928217887878418,0.1997530460357666,0.0850226879119873,0.2985601572625072,worker1,worker1,worker1,0,0.1997530460357666,0.0,0.0
model_0,1648,1,0.2898416519165039,9,9,1,0,0.9956048727035522,0.20393824577331543,0.08590340614318848,0.29638047387314465,worker1,worker1,worker1,0,0.20393824577331543,0.0,0.0
model_0,1649,1,0.3897721767425537,9,9,1,1,0.6754277348518372,0.3067512512207031,0.08302092552185059,0.2129985937315538,worker1,worker1,worker1,0,0.3067512512207031,0.0,0.0
model_0,1650,1,0.6528377532958984,0,0,1,3,0.8180358409881592,0.506014347076416,0.14682340621948242,0.224900299466803,worker1->worker3->worker3,worker1,worker3,0,0.3105440139770508,0.0,0.19547033309936523
model_0,1651,1,0.3819308280944824,3,3,1,1,0.9527536630630493,0.29709625244140625,0.08483457565307617,0.22212026213314656,worker1,worker1,worker1,0,0.29709625244140625,0.0,0.0
model_0,1652,1,0.2863504886627197,8,8,1,0,0.6641188859939575,0.19831275939941406,0.08803772926330566,0.3074474559985879,worker1,worker1,worker1,0,0.19831275939941406,0.0,0.0
model_0,1653,1,0.5109782218933105,8,8,1,2,0.47557616233825684,0.3705484867095947,0.14042973518371582,0.2748252844580855,worker1->worker3,worker1,worker3,0,0.2881014347076416,0.0,0.08244705200195312
model_0,1654,1,0.38938426971435547,6,2,0,1,0.8276149034500122,0.30382776260375977,0.0855565071105957,0.21972255626391443,worker1,worker1,worker1,0,0.30382776260375977,0.0,0.0
model_0,1655,1,0.391556978225708,0,0,1,1,0.9962627291679382,0.3057544231414795,0.08580255508422852,0.219131722471228,worker1,worker1,worker1,0,0.3057544231414795,0.0,0.0
model_0,1656,1,0.2895634174346924,5,3,0,0,0.9072672128677368,0.2044384479522705,0.08512496948242188,0.29397694721440704,worker1,worker1,worker1,0,0.2044384479522705,0.0,0.0
model_0,1657,1,0.3926515579223633,0,0,1,1,0.9310781359672546,0.3022007942199707,0.09045076370239258,0.230358856032546,worker1,worker1,worker1,0,0.3022007942199707,0.0,0.0
model_0,1658,1,0.2922065258026123,5,5,1,0,0.6236311793327332,0.20854973793029785,0.08365678787231445,0.286293359268866,worker1,worker1,worker1,0,0.20854973793029785,0.0,0.0
model_0,1659,1,0.28145837783813477,3,3,1,0,0.9756501913070679,0.19791436195373535,0.08354401588439941,0.29682547212165467,worker1,worker1,worker1,0,0.19791436195373535,0.0,0.0
model_0,1660,1,0.4123368263244629,8,8,1,1,0.8415867686271667,0.3132658004760742,0.09907102584838867,0.2402672269937657,worker1,worker1,worker1,0,0.3132658004760742,0.0,0.0
model_0,1661,1,0.39354610443115234,6,2,0,1,0.8822773098945618,0.30287837982177734,0.090667724609375,0.23038653816794818,worker1,worker1,worker1,0,0.30287837982177734,0.0,0.0
model_0,1662,1,0.5768160820007324,4,4,1,2,0.7254289984703064,0.4313197135925293,0.14549636840820312,0.2522404852228416,worker1->worker3,worker1,worker3,0,0.31119298934936523,0.0,0.12012672424316406
model_0,1663,1,0.3975543975830078,9,1,0,1,0.9001811146736145,0.3103933334350586,0.08716106414794922,0.21924311409421732,worker1,worker1,worker1,0,0.3103933334350586,0.0,0.0
model_0,1664,1,0.5349464416503906,4,4,1,2,0.6925893425941467,0.3882100582122803,0.14673638343811035,0.2743010739269644,worker1->worker3,worker1,worker3,0,0.30826282501220703,0.0,0.07994723320007324
model_0,1665,1,0.6512362957000732,8,8,1,2,0.5512314438819885,0.4694406986236572,0.18179559707641602,0.279154583792028,worker1->worker3,worker1,worker3,0,0.3092331886291504,0.0,0.16020750999450684
model_0,1666,1,0.295149564743042,7,7,1,0,0.9819155931472778,0.20285487174987793,0.09229469299316406,0.3127048250046246,worker1,worker1,worker1,0,0.20285487174987793,0.0,0.0
model_0,1667,1,0.2771644592285156,5,3,0,0,0.7353939414024353,0.1932060718536377,0.08395838737487793,0.302919023631584,worker1,worker1,worker1,0,0.1932060718536377,0.0,0.0
model_0,1668,1,0.27645254135131836,6,6,1,0,0.8957427740097046,0.1891160011291504,0.08733654022216797,0.3159187461083236,worker1,worker1,worker1,0,0.1891160011291504,0.0,0.0
model_0,1669,1,0.5242998600006104,3,4,0,2,0.9906754493713379,0.3835322856903076,0.14076757431030273,0.268486766924063,worker1->worker3,worker1,worker3,0,0.30150508880615234,0.0,0.08202719688415527
model_0,1670,1,0.3937652111053467,6,6,1,1,0.761827290058136,0.30803394317626953,0.08573126792907715,0.21772179337128103,worker1,worker1,worker1,0,0.30803394317626953,0.0,0.0
model_0,1671,1,0.3861110210418701,2,2,1,1,0.8354741930961609,0.30054259300231934,0.08556842803955078,0.22161612431744518,worker1,worker1,worker1,0,0.30054259300231934,0.0,0.0
model_0,1672,1,0.3895149230957031,6,6,1,1,0.9794019460678101,0.30494260787963867,0.08457231521606445,0.2171221439833903,worker1,worker1,worker1,0,0.30494260787963867,0.0,0.0
model_0,1673,1,0.39263439178466797,6,6,1,1,0.9372270107269287,0.30701398849487305,0.08562040328979492,0.21806648903224865,worker1,worker1,worker1,0,0.30701398849487305,0.0,0.0
model_0,1674,1,0.2901339530944824,2,7,0,0,0.8623448610305786,0.19272637367248535,0.09740757942199707,0.3357331273471333,worker1,worker1,worker1,0,0.19272637367248535,0.0,0.0
model_0,1675,1,0.3837120532989502,2,2,1,1,0.7024099230766296,0.29601502418518066,0.08769702911376953,0.22854906005635622,worker1,worker1,worker1,0,0.29601502418518066,0.0,0.0
model_0,1676,1,0.3844904899597168,5,5,1,1,0.9992654919624329,0.29943275451660156,0.08505773544311523,0.22122194869378112,worker1,worker1,worker1,0,0.29943275451660156,0.0,0.0
model_0,1677,1,0.28745245933532715,6,6,1,0,0.966378390789032,0.20405840873718262,0.08339405059814453,0.29011423590174035,worker1,worker1,worker1,0,0.20405840873718262,0.0,0.0
model_0,1678,1,0.38378357887268066,3,3,1,1,0.9925480484962463,0.302034854888916,0.08174872398376465,0.2130073522788337,worker1,worker1,worker1,0,0.302034854888916,0.0,0.0
model_0,1679,1,0.2809751033782959,9,9,1,0,0.9988082647323608,0.19784140586853027,0.08313369750976562,0.2958756719375135,worker1,worker1,worker1,0,0.19784140586853027,0.0,0.0
model_0,1680,1,0.5719432830810547,7,7,1,2,0.9897969365119934,0.41674017906188965,0.15520310401916504,0.27136100485888554,worker1->worker3,worker1,worker3,0,0.30088114738464355,0.0,0.1158590316772461
model_0,1681,1,0.39225149154663086,3,3,1,1,0.8186155557632446,0.3055081367492676,0.08674335479736328,0.2211421923606662,worker1,worker1,worker1,0,0.3055081367492676,0.0,0.0
model_0,1682,1,0.3238952159881592,9,9,1,0,0.811642587184906,0.20424914360046387,0.11964607238769531,0.36939746708722393,worker1,worker1,worker1,0,0.20424914360046387,0.0,0.0
model_0,1683,1,0.3810727596282959,3,3,1,1,0.9833804368972778,0.2981545925140381,0.08291816711425781,0.21759143108297072,worker1,worker1,worker1,0,0.2981545925140381,0.0,0.0
model_0,1684,1,0.39318108558654785,1,1,1,1,0.9232379198074341,0.30921316146850586,0.08396792411804199,0.2135604361353715,worker1,worker1,worker1,0,0.30921316146850586,0.0,0.0
model_0,1685,1,0.2929267883300781,7,7,1,0,0.9904283285140991,0.20744705200195312,0.085479736328125,0.29181262941306696,worker1,worker1,worker1,0,0.20744705200195312,0.0,0.0
model_0,1686,1,0.3916585445404053,1,1,1,1,0.988720715045929,0.3072319030761719,0.0844266414642334,0.21556185264208774,worker1,worker1,worker1,0,0.3072319030761719,0.0,0.0
model_0,1687,1,0.39556169509887695,0,0,1,1,0.9116002917289734,0.311443567276001,0.08411812782287598,0.21265488763225496,worker1,worker1,worker1,0,0.311443567276001,0.0,0.0
model_0,1688,1,0.3953087329864502,3,5,0,1,0.8273095488548279,0.31134939193725586,0.08395934104919434,0.2123892897961153,worker1,worker1,worker1,0,0.31134939193725586,0.0,0.0
model_0,1689,1,0.29975342750549316,3,3,1,0,0.9396432638168335,0.20714759826660156,0.0926058292388916,0.3089400178324718,worker1,worker1,worker1,0,0.20714759826660156,0.0,0.0
model_0,1690,1,0.271714448928833,2,2,1,0,0.8297075629234314,0.18768668174743652,0.08402776718139648,0.30925027179325637,worker1,worker1,worker1,0,0.18768668174743652,0.0,0.0
model_0,1691,1,0.2869868278503418,7,7,1,0,0.9320605397224426,0.20229768753051758,0.08468914031982422,0.29509765641225877,worker1,worker1,worker1,0,0.20229768753051758,0.0,0.0
model_0,1692,1,0.4039604663848877,8,0,0,1,0.6265208721160889,0.3165292739868164,0.08743119239807129,0.21643502192308123,worker1,worker1,worker1,0,0.3165292739868164,0.0,0.0
model_0,1693,1,0.28327322006225586,5,5,1,0,0.985015869140625,0.19922852516174316,0.0840446949005127,0.2966912822964413,worker1,worker1,worker1,0,0.19922852516174316,0.0,0.0
model_0,1694,1,0.6428790092468262,5,5,1,2,0.9361771941184998,0.42938756942749023,0.21349143981933594,0.3320864995568214,worker1->worker3,worker1,worker3,0,0.3152353763580322,0.0,0.11415219306945801
model_0,1695,1,0.38974857330322266,2,2,1,1,0.9163262844085693,0.304462194442749,0.08528637886047363,0.21882409507660008,worker1,worker1,worker1,0,0.304462194442749,0.0,0.0
model_0,1696,1,0.4011542797088623,3,3,1,1,0.9931572079658508,0.3169224262237549,0.08423185348510742,0.20997371272279255,worker1,worker1,worker1,0,0.3169224262237549,0.0,0.0
model_0,1697,1,0.3439016342163086,8,8,1,0,0.75807124376297,0.21082234382629395,0.13307929039001465,0.38696905495456274,worker1,worker1,worker1,0,0.21082234382629395,0.0,0.0
model_0,1698,1,0.28721165657043457,8,0,0,0,0.6284936666488647,0.20332551002502441,0.08388614654541016,0.29207082869506823,worker1,worker1,worker1,0,0.20332551002502441,0.0,0.0
model_0,1699,1,0.2935600280761719,3,3,1,0,0.8117325305938721,0.20876741409301758,0.0847926139831543,0.2888425053602755,worker1,worker1,worker1,0,0.20876741409301758,0.0,0.0
model_0,1700,1,0.29215502738952637,8,8,1,0,0.9797742962837219,0.20753169059753418,0.08462333679199219,0.2896521670296812,worker1,worker1,worker1,0,0.20753169059753418,0.0,0.0
model_0,1701,1,0.3012809753417969,0,0,1,0,0.9707264304161072,0.20849108695983887,0.09278988838195801,0.3079845591866192,worker1,worker1,worker1,0,0.20849108695983887,0.0,0.0
model_0,1702,1,0.5638549327850342,4,4,1,2,0.997276246547699,0.3988664150238037,0.16498851776123047,0.2926080950401674,worker1->worker3,worker1,worker3,0,0.3175234794616699,0.0,0.08134293556213379
model_0,1703,1,0.2835671901702881,7,7,1,0,0.9999908208847046,0.19841575622558594,0.08515143394470215,0.3002866230524304,worker1,worker1,worker1,0,0.19841575622558594,0.0,0.0
model_0,1704,1,0.6373112201690674,4,7,0,3,0.3766201138496399,0.4916841983795166,0.14562702178955078,0.22850220925173498,worker1->worker3->worker3,worker1,worker3,0,0.3101811408996582,0.0,0.1815030574798584
model_0,1705,1,0.28310394287109375,7,7,1,0,0.9883291721343994,0.19811081886291504,0.08499312400817871,0.3002187929501172,worker1,worker1,worker1,0,0.19811081886291504,0.0,0.0
model_0,1706,1,0.4033994674682617,0,0,1,1,0.9512172341346741,0.3152477741241455,0.08815169334411621,0.2185220865494864,worker1,worker1,worker1,0,0.3152477741241455,0.0,0.0
model_0,1707,1,0.40787458419799805,3,2,0,1,0.6966888308525085,0.3209798336029053,0.08689475059509277,0.21304281747771445,worker1,worker1,worker1,0,0.3209798336029053,0.0,0.0
model_0,1708,1,0.44642114639282227,9,9,1,1,0.9989514350891113,0.3609447479248047,0.08547639846801758,0.19147031711800627,worker1,worker1,worker1,0,0.3609447479248047,0.0,0.0
model_0,1709,1,0.6586389541625977,8,4,0,3,0.37842434644699097,0.5112037658691406,0.14743518829345703,0.22384826673500977,worker1->worker3->worker3,worker1,worker3,0,0.31769371032714844,0.0,0.1935100555419922
model_0,1710,1,0.5310134887695312,3,0,0,2,0.8456650972366333,0.39052534103393555,0.1404881477355957,0.26456606226922025,worker1->worker3,worker1,worker3,0,0.30362606048583984,0.0,0.0868992805480957
model_0,1711,1,0.29623913764953613,9,9,1,0,0.9955564141273499,0.21065402030944824,0.08558511734008789,0.2889055039085984,worker1,worker1,worker1,0,0.21065402030944824,0.0,0.0
model_0,1712,1,0.40553975105285645,4,4,1,1,0.9855127930641174,0.31920647621154785,0.0863332748413086,0.21288486422643252,worker1,worker1,worker1,0,0.31920647621154785,0.0,0.0
model_0,1713,1,0.40438199043273926,4,3,0,1,0.7051272392272949,0.30466270446777344,0.09971928596496582,0.24659675337730477,worker1,worker1,worker1,0,0.30466270446777344,0.0,0.0
model_0,1714,1,0.28736400604248047,6,6,1,0,0.7665808200836182,0.20228886604309082,0.08507513999938965,0.2960535704211096,worker1,worker1,worker1,0,0.20228886604309082,0.0,0.0
model_0,1715,1,0.28636860847473145,1,1,1,0,0.9960910677909851,0.20097088813781738,0.08539772033691406,0.29820908371124544,worker1,worker1,worker1,0,0.20097088813781738,0.0,0.0
model_0,1716,1,0.28921008110046387,6,6,1,0,0.9834307432174683,0.2055366039276123,0.08367347717285156,0.2893172909273022,worker1,worker1,worker1,0,0.2055366039276123,0.0,0.0
model_0,1717,1,0.2869853973388672,9,9,1,0,0.9973704814910889,0.20355653762817383,0.08342885971069336,0.29070768228733973,worker1,worker1,worker1,0,0.20355653762817383,0.0,0.0
model_0,1718,1,0.5821578502655029,7,1,0,2,0.9099015593528748,0.39225029945373535,0.18990755081176758,0.3262131580380768,worker1->worker3,worker1,worker3,0,0.3072948455810547,0.0,0.08495545387268066
model_0,1719,1,0.29048824310302734,6,6,1,0,0.934687077999115,0.2050328254699707,0.08545541763305664,0.2941785757668279,worker1,worker1,worker1,0,0.2050328254699707,0.0,0.0
model_0,1720,1,0.3296644687652588,8,8,1,0,0.8501671552658081,0.20280885696411133,0.12685561180114746,0.3848021968405591,worker1,worker1,worker1,0,0.20280885696411133,0.0,0.0
model_0,1721,1,0.2994673252105713,8,8,1,0,0.9834730625152588,0.21181321144104004,0.08765411376953125,0.292700092432111,worker1,worker1,worker1,0,0.21181321144104004,0.0,0.0
model_0,1722,1,0.46182966232299805,4,4,1,1,0.9539914727210999,0.3054018020629883,0.15642786026000977,0.3387133244607533,worker1,worker1,worker1,0,0.3054018020629883,0.0,0.0
model_0,1723,1,0.4086265563964844,3,5,0,1,0.9200767278671265,0.32085323333740234,0.08777332305908203,0.21480082898458724,worker1,worker1,worker1,0,0.32085323333740234,0.0,0.0
model_0,1724,1,0.29100465774536133,8,8,1,0,0.9203459024429321,0.20453572273254395,0.08646893501281738,0.2971393505614627,worker1,worker1,worker1,0,0.20453572273254395,0.0,0.0
model_0,1725,1,0.6890625953674316,2,2,1,2,0.9922170639038086,0.47466349601745605,0.21439909934997559,0.31114604216130853,worker1->worker3,worker1,worker3,0,0.30321621894836426,0.0,0.1714472770690918
model_0,1726,1,0.34737443923950195,8,8,1,0,0.924089252948761,0.1953892707824707,0.15198516845703125,0.43752548054418894,worker1,worker1,worker1,0,0.1953892707824707,0.0,0.0
model_0,1727,1,0.4563736915588379,9,9,1,1,0.9079498052597046,0.2949957847595215,0.1613779067993164,0.35360913607464334,worker1,worker1,worker1,0,0.2949957847595215,0.0,0.0
model_0,1728,1,0.4578061103820801,6,2,0,1,0.6415137052536011,0.29370927810668945,0.16409683227539062,0.35844176946095624,worker1,worker1,worker1,0,0.29370927810668945,0.0,0.0
model_0,1729,1,0.3932044506072998,1,1,1,0,0.7699329853057861,0.22960233688354492,0.16360211372375488,0.41607391134834126,worker1,worker1,worker1,0,0.22960233688354492,0.0,0.0
model_0,1730,1,0.41342616081237793,3,3,1,1,0.8397790193557739,0.3192787170410156,0.0941474437713623,0.22772493058098597,worker1,worker1,worker1,0,0.3192787170410156,0.0,0.0
model_0,1731,1,0.32512760162353516,0,0,1,0,0.7412676215171814,0.23922371864318848,0.08590388298034668,0.26421590339110823,worker1,worker1,worker1,0,0.23922371864318848,0.0,0.0
model_0,1732,1,0.28820347785949707,2,2,1,0,0.9347077012062073,0.20139646530151367,0.0868070125579834,0.3012004338139977,worker1,worker1,worker1,0,0.20139646530151367,0.0,0.0
model_0,1733,1,0.290463924407959,9,9,1,0,0.8384501934051514,0.20682597160339355,0.08363795280456543,0.28794609511333064,worker1,worker1,worker1,0,0.20682597160339355,0.0,0.0
model_0,1734,1,0.4050161838531494,0,1,0,1,0.9133583307266235,0.319899320602417,0.08511686325073242,0.21015669655707894,worker1,worker1,worker1,0,0.319899320602417,0.0,0.0
model_0,1735,1,0.2836477756500244,5,5,1,0,0.7547858357429504,0.1973586082458496,0.0862891674041748,0.3042123887854552,worker1,worker1,worker1,0,0.1973586082458496,0.0,0.0
model_0,1736,1,0.33632731437683105,1,1,1,0,0.6936465501785278,0.2032027244567871,0.13312458992004395,0.39581855005355654,worker1,worker1,worker1,0,0.2032027244567871,0.0,0.0
model_0,1737,1,0.2991793155670166,1,1,1,0,0.9590907096862793,0.21115612983703613,0.08802318572998047,0.29421547931265035,worker1,worker1,worker1,0,0.21115612983703613,0.0,0.0
model_0,1738,1,0.7074816226959229,3,2,0,3,0.6412728428840637,0.5624146461486816,0.1450669765472412,0.20504698905739818,worker1->worker3->worker3,worker1,worker3,0,0.32091641426086426,0.0,0.24149823188781738
model_0,1739,1,0.5376341342926025,2,2,1,2,0.7010464668273926,0.3931896686553955,0.14444446563720703,0.26866684316326245,worker1->worker3,worker1,worker3,0,0.3067660331726074,0.0,0.08642363548278809
model_0,1740,1,0.28539466857910156,3,5,0,0,0.6259307265281677,0.20035672187805176,0.0850379467010498,0.2979661362436426,worker1,worker1,worker1,0,0.20035672187805176,0.0,0.0
model_0,1741,1,0.29100823402404785,9,1,0,0,0.9556105136871338,0.20693278312683105,0.0840754508972168,0.2889109003364802,worker1,worker1,worker1,0,0.20693278312683105,0.0,0.0
model_0,1742,1,0.38861751556396484,3,2,0,1,0.7276085615158081,0.3035252094268799,0.08509230613708496,0.21896158235070368,worker1,worker1,worker1,0,0.3035252094268799,0.0,0.0
model_0,1743,1,0.39047789573669434,7,6,0,1,0.8782965540885925,0.3065211772918701,0.08395671844482422,0.2150101692348742,worker1,worker1,worker1,0,0.3065211772918701,0.0,0.0
model_0,1744,1,0.5420880317687988,5,6,0,2,0.9833472371101379,0.40229177474975586,0.13979625701904297,0.2578847877583585,worker1->worker3,worker1,worker3,0,0.31882262229919434,0.0,0.08346915245056152
model_0,1745,1,0.2922189235687256,0,0,1,0,0.7867236137390137,0.20803308486938477,0.08418583869934082,0.2880916734317569,worker1,worker1,worker1,0,0.20803308486938477,0.0,0.0
model_0,1746,1,0.3941056728363037,3,5,0,1,0.82499760389328,0.3104398250579834,0.08366584777832031,0.2122929293968115,worker1,worker1,worker1,0,0.3104398250579834,0.0,0.0
model_0,1747,1,0.4024684429168701,3,7,0,1,0.9912800192832947,0.31786108016967773,0.08460736274719238,0.21022110984405315,worker1,worker1,worker1,0,0.31786108016967773,0.0,0.0
model_0,1748,1,0.3036518096923828,6,6,1,0,0.7767417430877686,0.2140650749206543,0.08958673477172852,0.2950311241763557,worker1,worker1,worker1,0,0.2140650749206543,0.0,0.0
model_0,1749,1,0.35549449920654297,9,9,1,0,0.9717594981193542,0.21081137657165527,0.1446831226348877,0.4069911713340648,worker1,worker1,worker1,0,0.21081137657165527,0.0,0.0
model_0,1750,1,0.41434144973754883,0,0,1,1,0.9926257729530334,0.319307804107666,0.09503364562988281,0.22936070163889902,worker1,worker1,worker1,0,0.319307804107666,0.0,0.0
model_0,1751,1,0.3311004638671875,6,6,1,0,0.9264715909957886,0.20825839042663574,0.12284207344055176,0.3710114809438223,worker1,worker1,worker1,0,0.20825839042663574,0.0,0.0
model_0,1752,1,0.684898853302002,8,1,0,3,0.5235583186149597,0.5376489162445068,0.14724993705749512,0.2149951578215976,worker1->worker3->worker3,worker1,worker3,0,0.28985118865966797,0.0,0.24779772758483887
model_0,1753,1,0.5327837467193604,1,1,1,2,0.795357882976532,0.38909316062927246,0.1436905860900879,0.26969776569737547,worker1->worker3,worker1,worker3,0,0.304431676864624,0.0,0.08466148376464844
model_0,1754,1,0.2933042049407959,7,7,1,0,0.6546367406845093,0.20768189430236816,0.08562231063842773,0.29192322918012986,worker1,worker1,worker1,0,0.20768189430236816,0.0,0.0
model_0,1755,1,0.3020493984222412,0,0,1,0,0.9064449667930603,0.2131035327911377,0.08894586563110352,0.2944745663977924,worker1,worker1,worker1,0,0.2131035327911377,0.0,0.0
model_0,1756,1,0.3053247928619385,7,7,1,0,0.5444299578666687,0.20047307014465332,0.10485172271728516,0.3434104441190825,worker1,worker1,worker1,0,0.20047307014465332,0.0,0.0
model_0,1757,1,0.3185250759124756,8,8,1,0,0.7373992800712585,0.20868730545043945,0.10983777046203613,0.3448324127931999,worker1,worker1,worker1,0,0.20868730545043945,0.0,0.0
model_0,1758,1,0.310748815536499,8,7,0,0,0.9089151620864868,0.21531963348388672,0.0954291820526123,0.3070942744797161,worker1,worker1,worker1,0,0.21531963348388672,0.0,0.0
model_0,1759,1,0.29973363876342773,4,4,1,0,0.8377131223678589,0.21523761749267578,0.08449602127075195,0.28190369829474676,worker1,worker1,worker1,0,0.21523761749267578,0.0,0.0
model_0,1760,1,0.401350736618042,2,2,1,1,0.9686550498008728,0.3094456195831299,0.09190511703491211,0.2289895312248461,worker1,worker1,worker1,0,0.3094456195831299,0.0,0.0
model_0,1761,1,0.30002546310424805,0,0,1,0,0.9351568222045898,0.21550631523132324,0.0845191478729248,0.2817065824961578,worker1,worker1,worker1,0,0.21550631523132324,0.0,0.0
model_0,1762,1,0.6691436767578125,4,7,0,3,0.8078747391700745,0.5205907821655273,0.14855289459228516,0.2220044808793013,worker1->worker3->worker3,worker1,worker3,0,0.32651591300964355,0.0,0.1940748691558838
model_0,1763,1,0.29563474655151367,9,9,1,0,0.9528766870498657,0.2103736400604248,0.08526110649108887,0.28840015419578674,worker1,worker1,worker1,0,0.2103736400604248,0.0,0.0
model_0,1764,1,0.2934837341308594,2,4,0,0,0.9427695870399475,0.20648837089538574,0.08699536323547363,0.2964231169168779,worker1,worker1,worker1,0,0.20648837089538574,0.0,0.0
model_0,1765,1,0.2870213985443115,2,2,1,0,0.9372752904891968,0.20327472686767578,0.08374667167663574,0.29177849491840796,worker1,worker1,worker1,0,0.20327472686767578,0.0,0.0
model_0,1766,1,0.2987527847290039,3,3,1,0,0.885375440120697,0.21575689315795898,0.08299589157104492,0.27780792619667055,worker1,worker1,worker1,0,0.21575689315795898,0.0,0.0
model_0,1767,1,0.5839025974273682,0,0,1,2,0.8637033104896545,0.43091392517089844,0.15298867225646973,0.26201060404685056,worker1->worker3,worker1,worker3,0,0.3200817108154297,0.0,0.11083221435546875
model_0,1768,1,0.3946068286895752,7,7,1,1,0.9968055486679077,0.3084425926208496,0.08616423606872559,0.21835465026001435,worker1,worker1,worker1,0,0.3084425926208496,0.0,0.0
model_0,1769,1,0.291959285736084,7,7,1,0,0.7706007361412048,0.2065415382385254,0.0854177474975586,0.29256732589341855,worker1,worker1,worker1,0,0.2065415382385254,0.0,0.0
model_0,1770,1,0.3207390308380127,6,6,1,0,0.9698076248168945,0.20956635475158691,0.11117267608642578,0.3466141173899502,worker1,worker1,worker1,0,0.20956635475158691,0.0,0.0
model_0,1771,1,0.29105591773986816,4,4,1,0,0.7057870626449585,0.2054600715637207,0.08559584617614746,0.29408729030773023,worker1,worker1,worker1,0,0.2054600715637207,0.0,0.0
model_0,1772,1,0.394758939743042,4,4,1,1,0.9997715353965759,0.31200361251831055,0.08275532722473145,0.2096350934537388,worker1,worker1,worker1,0,0.31200361251831055,0.0,0.0
model_0,1773,1,0.5361242294311523,5,2,0,2,0.7666460871696472,0.3961060047149658,0.14001822471618652,0.26116750004891787,worker1->worker3,worker1,worker3,0,0.3141055107116699,0.0,0.0820004940032959
model_0,1774,1,0.3989253044128418,3,5,0,1,0.9982693195343018,0.3117520809173584,0.0871732234954834,0.21852016538231211,worker1,worker1,worker1,0,0.3117520809173584,0.0,0.0
model_0,1775,1,0.2870631217956543,9,9,1,0,0.9761548042297363,0.20166826248168945,0.08539485931396484,0.29747763760039203,worker1,worker1,worker1,0,0.20166826248168945,0.0,0.0
model_0,1776,1,0.28980135917663574,6,6,1,0,0.9818949103355408,0.20561671257019043,0.08418464660644531,0.29049086189804324,worker1,worker1,worker1,0,0.20561671257019043,0.0,0.0
model_0,1777,1,0.2986185550689697,7,4,0,0,0.9806674718856812,0.21196269989013672,0.08665585517883301,0.2901891182174488,worker1,worker1,worker1,0,0.21196269989013672,0.0,0.0
model_0,1778,1,0.30287981033325195,1,8,0,0,0.858575165271759,0.2136363983154297,0.08924341201782227,0.29464959027684845,worker1,worker1,worker1,0,0.2136363983154297,0.0,0.0
model_0,1779,1,0.30281567573547363,4,4,1,0,0.9458763003349304,0.21263861656188965,0.09017705917358398,0.297795214711271,worker1,worker1,worker1,0,0.21263861656188965,0.0,0.0
model_0,1780,1,0.29808831214904785,7,7,1,0,0.9970554113388062,0.21341300010681152,0.08467531204223633,0.28406116104242835,worker1,worker1,worker1,0,0.21341300010681152,0.0,0.0
model_0,1781,1,0.40750908851623535,3,3,1,1,0.7827802300453186,0.320361852645874,0.08714723587036133,0.21385347793755854,worker1,worker1,worker1,0,0.320361852645874,0.0,0.0
model_0,1782,1,0.4129750728607178,4,4,1,1,0.8532956838607788,0.3292405605316162,0.08373451232910156,0.20275924100954712,worker1,worker1,worker1,0,0.3292405605316162,0.0,0.0
model_0,1783,1,0.3029921054840088,6,6,1,0,0.9253420829772949,0.21877312660217285,0.08421897888183594,0.27795766740292455,worker1,worker1,worker1,0,0.21877312660217285,0.0,0.0
model_0,1784,1,0.5931375026702881,7,7,1,2,0.789166271686554,0.4427189826965332,0.15041851997375488,0.2535980599718868,worker1->worker3,worker1,worker3,0,0.32867860794067383,0.0,0.11404037475585938
model_0,1785,1,0.3954753875732422,1,1,1,1,0.902215838432312,0.3100144863128662,0.08546090126037598,0.2160966369735173,worker1,worker1,worker1,0,0.3100144863128662,0.0,0.0
model_0,1786,1,0.350233793258667,1,1,1,0,0.581649124622345,0.20471501350402832,0.14551877975463867,0.41549040256993425,worker1,worker1,worker1,0,0.20471501350402832,0.0,0.0
model_0,1787,1,0.2877960205078125,0,0,1,0,0.7010943293571472,0.20424342155456543,0.08355259895324707,0.2903188126292349,worker1,worker1,worker1,0,0.20424342155456543,0.0,0.0
model_0,1788,1,0.5397531986236572,2,2,1,2,0.9686177968978882,0.393343448638916,0.1464097499847412,0.27125314006119555,worker1->worker3,worker1,worker3,0,0.30935001373291016,0.0,0.08399343490600586
model_0,1789,1,0.29070281982421875,3,3,1,0,0.9115508794784546,0.203934907913208,0.08676791191101074,0.29847633388447103,worker1,worker1,worker1,0,0.203934907913208,0.0,0.0
model_0,1790,1,0.35201215744018555,4,4,1,0,0.8259879350662231,0.1945185661315918,0.15749359130859375,0.4474095225968305,worker1,worker1,worker1,0,0.1945185661315918,0.0,0.0
model_0,1791,1,0.28913235664367676,8,8,1,0,0.9964662790298462,0.203261137008667,0.08587121963500977,0.29699622910360196,worker1,worker1,worker1,0,0.203261137008667,0.0,0.0
model_0,1792,1,0.27935004234313965,6,6,1,0,0.9771362543106079,0.19447922706604004,0.08487081527709961,0.30381529412065933,worker1,worker1,worker1,0,0.19447922706604004,0.0,0.0
model_0,1793,1,0.29093146324157715,6,6,1,0,0.9874275922775269,0.19901466369628906,0.09191679954528809,0.3159397011280429,worker1,worker1,worker1,0,0.19901466369628906,0.0,0.0
model_0,1794,1,0.30594801902770996,6,6,1,0,0.8051875829696655,0.21687698364257812,0.08907103538513184,0.29113127016869034,worker1,worker1,worker1,0,0.21687698364257812,0.0,0.0
model_0,1795,1,0.3991050720214844,6,6,1,1,0.9930194020271301,0.3161935806274414,0.08291149139404297,0.2077435171998509,worker1,worker1,worker1,0,0.3161935806274414,0.0,0.0
model_0,1796,1,0.29546284675598145,5,5,1,0,0.9535663723945618,0.21037697792053223,0.08508586883544922,0.2879748495272586,worker1,worker1,worker1,0,0.21037697792053223,0.0,0.0
model_0,1797,1,0.2967953681945801,4,4,1,0,0.8002904057502747,0.20898175239562988,0.0878136157989502,0.2958725950917781,worker1,worker1,worker1,0,0.20898175239562988,0.0,0.0
model_0,1798,1,0.30297279357910156,2,2,1,0,0.9066725373268127,0.20806217193603516,0.0949106216430664,0.313264503131984,worker1,worker1,worker1,0,0.20806217193603516,0.0,0.0
model_0,1799,1,0.2981271743774414,8,8,1,0,0.9835582375526428,0.21347451210021973,0.08465266227722168,0.2839481588821819,worker1,worker1,worker1,0,0.21347451210021973,0.0,0.0
model_0,1800,1,0.42490720748901367,9,9,1,1,0.9985526204109192,0.31241273880004883,0.11249446868896484,0.2647506719261134,worker1,worker1,worker1,0,0.31241273880004883,0.0,0.0
model_0,1801,1,0.291546106338501,9,9,1,0,0.9617854356765747,0.20690226554870605,0.08464384078979492,0.2903274609043099,worker1,worker1,worker1,0,0.20690226554870605,0.0,0.0
model_0,1802,1,0.35382080078125,1,1,1,0,0.9942241311073303,0.20096659660339355,0.15285420417785645,0.4320102261945834,worker1,worker1,worker1,0,0.20096659660339355,0.0,0.0
model_0,1803,1,0.6519730091094971,6,0,0,3,0.598260760307312,0.5049149990081787,0.14705801010131836,0.22555843270594714,worker1->worker3->worker3,worker1,worker3,0,0.31375932693481445,0.0,0.19115567207336426
model_0,1804,1,0.390500545501709,0,0,1,1,0.9686385989189148,0.30515241622924805,0.08534812927246094,0.21856084519115587,worker1,worker1,worker1,0,0.30515241622924805,0.0,0.0
model_0,1805,1,0.3302602767944336,9,9,1,0,0.9118841886520386,0.20635747909545898,0.12390279769897461,0.37516712243324485,worker1,worker1,worker1,0,0.20635747909545898,0.0,0.0
model_0,1806,1,0.2870442867279053,4,4,1,0,0.7852674722671509,0.20328569412231445,0.08375859260559082,0.29179675917043135,worker1,worker1,worker1,0,0.20328569412231445,0.0,0.0
model_0,1807,1,0.4137914180755615,9,8,0,1,0.9773889780044556,0.3105616569519043,0.10322976112365723,0.24947293881480806,worker1,worker1,worker1,0,0.3105616569519043,0.0,0.0
model_0,1808,1,0.29566192626953125,1,1,1,0,0.9734611511230469,0.21180105209350586,0.08386087417602539,0.2836377183701907,worker1,worker1,worker1,0,0.21180105209350586,0.0,0.0
model_0,1809,1,0.29990506172180176,6,6,1,0,0.9316254258155823,0.21016287803649902,0.08974218368530273,0.29923530856758085,worker1,worker1,worker1,0,0.21016287803649902,0.0,0.0
model_0,1810,1,0.29973816871643066,8,8,1,0,0.971230149269104,0.21277737617492676,0.0869607925415039,0.2901225189767999,worker1,worker1,worker1,0,0.21277737617492676,0.0,0.0
model_0,1811,1,0.378997802734375,8,8,1,0,0.8438474535942078,0.21068310737609863,0.16831469535827637,0.444104673282873,worker1,worker1,worker1,0,0.21068310737609863,0.0,0.0
model_0,1812,1,0.3102149963378906,2,2,1,0,0.9958612322807312,0.20251226425170898,0.10770273208618164,0.3471873808733292,worker1,worker1,worker1,0,0.20251226425170898,0.0,0.0
model_0,1813,1,0.4197535514831543,3,5,0,1,0.8760392665863037,0.3136866092681885,0.10606694221496582,0.25268861178229374,worker1,worker1,worker1,0,0.3136866092681885,0.0,0.0
model_0,1814,1,0.3993966579437256,0,0,1,1,0.9830158352851868,0.3138585090637207,0.08553814888000488,0.21416841422858648,worker1,worker1,worker1,0,0.3138585090637207,0.0,0.0
model_0,1815,1,0.4140889644622803,3,3,1,1,0.9989534616470337,0.3108382225036621,0.10325074195861816,0.24934434582842732,worker1,worker1,worker1,0,0.3108382225036621,0.0,0.0
model_0,1816,1,0.3913614749908447,3,3,1,1,0.7918968796730042,0.30527377128601074,0.08608770370483398,0.21996979571596276,worker1,worker1,worker1,0,0.30527377128601074,0.0,0.0
model_0,1817,1,0.2914454936981201,9,9,1,0,0.9112480878829956,0.20739483833312988,0.08405065536499023,0.288392365579171,worker1,worker1,worker1,0,0.20739483833312988,0.0,0.0
model_0,1818,1,0.3085212707519531,8,8,1,0,0.9563647508621216,0.19922566413879395,0.10929560661315918,0.3542563089629932,worker1,worker1,worker1,0,0.19922566413879395,0.0,0.0
model_0,1819,1,0.2930443286895752,9,9,1,0,0.9927269220352173,0.2097301483154297,0.08331418037414551,0.28430572516692876,worker1,worker1,worker1,0,0.2097301483154297,0.0,0.0
model_0,1820,1,0.4661221504211426,4,4,1,1,0.9024940133094788,0.3654482364654541,0.10067391395568848,0.21598182764910298,worker1,worker1,worker1,0,0.3654482364654541,0.0,0.0
model_0,1821,1,0.29112839698791504,8,8,1,0,0.9219440817832947,0.20355963706970215,0.08756875991821289,0.3007908566262189,worker1,worker1,worker1,0,0.20355963706970215,0.0,0.0
model_0,1822,1,0.37013888359069824,6,6,1,0,0.9470726847648621,0.21288466453552246,0.15725421905517578,0.42485192998276944,worker1,worker1,worker1,0,0.21288466453552246,0.0,0.0
model_0,1823,1,0.3041975498199463,8,8,1,0,0.9898898601531982,0.20604872703552246,0.09814882278442383,0.32264830154785223,worker1,worker1,worker1,0,0.20604872703552246,0.0,0.0
model_0,1824,1,0.35431361198425293,6,6,1,0,0.9261679649353027,0.21010279655456543,0.1442108154296875,0.407014606698477,worker1,worker1,worker1,0,0.21010279655456543,0.0,0.0
model_0,1825,1,0.294297456741333,6,6,1,0,0.947594404220581,0.20798563957214355,0.08631181716918945,0.2932808802525655,worker1,worker1,worker1,0,0.20798563957214355,0.0,0.0
model_0,1826,1,0.29912543296813965,6,6,1,0,0.8893921375274658,0.2137916088104248,0.08533382415771484,0.2852777288476299,worker1,worker1,worker1,0,0.2137916088104248,0.0,0.0
model_0,1827,1,0.4235341548919678,2,2,1,1,0.6850305199623108,0.31366944313049316,0.10986471176147461,0.25939988662661256,worker1,worker1,worker1,0,0.31366944313049316,0.0,0.0
model_0,1828,1,0.2961404323577881,4,4,1,0,0.792890727519989,0.2105569839477539,0.08558344841003418,0.28899616215402424,worker1,worker1,worker1,0,0.2105569839477539,0.0,0.0
model_0,1829,1,0.31891417503356934,7,3,0,0,0.5076311230659485,0.2032761573791504,0.11563801765441895,0.36259917779523826,worker1,worker1,worker1,0,0.2032761573791504,0.0,0.0
model_0,1830,1,0.30840635299682617,6,6,1,0,0.8792210817337036,0.21273326873779297,0.0956730842590332,0.31021761818252097,worker1,worker1,worker1,0,0.21273326873779297,0.0,0.0
model_0,1831,1,0.3356473445892334,8,8,1,0,0.777251124382019,0.2074904441833496,0.1281569004058838,0.3818200932372122,worker1,worker1,worker1,0,0.2074904441833496,0.0,0.0
model_0,1832,1,0.4446885585784912,4,4,1,1,0.9998831748962402,0.31158876419067383,0.13309979438781738,0.29931013924282057,worker1,worker1,worker1,0,0.31158876419067383,0.0,0.0
model_0,1833,1,0.2976522445678711,4,5,0,0,0.8758665919303894,0.21308231353759766,0.08456993103027344,0.2841232766547799,worker1,worker1,worker1,0,0.21308231353759766,0.0,0.0
model_0,1834,1,0.30169177055358887,9,9,1,0,0.9587357640266418,0.20141983032226562,0.10027194023132324,0.33236551347532417,worker1,worker1,worker1,0,0.20141983032226562,0.0,0.0
model_0,1835,1,0.4552276134490967,7,7,1,1,0.8669686317443848,0.3176541328430176,0.1375734806060791,0.30220811862385516,worker1,worker1,worker1,0,0.3176541328430176,0.0,0.0
model_0,1836,1,0.2978973388671875,8,8,1,0,0.9887287616729736,0.20808625221252441,0.08981108665466309,0.3014833465655893,worker1,worker1,worker1,0,0.20808625221252441,0.0,0.0
model_0,1837,1,0.3178415298461914,6,6,1,0,0.9846115708351135,0.21999382972717285,0.09784770011901855,0.30785058254145903,worker1,worker1,worker1,0,0.21999382972717285,0.0,0.0
model_0,1838,1,0.29279541969299316,9,9,1,0,0.9957952499389648,0.20734405517578125,0.08545136451721191,0.29184665732411674,worker1,worker1,worker1,0,0.20734405517578125,0.0,0.0
model_0,1839,1,0.3982527256011963,4,4,1,1,0.9679613709449768,0.31326889991760254,0.08498382568359375,0.21339169883973413,worker1,worker1,worker1,0,0.31326889991760254,0.0,0.0
model_0,1840,1,0.2935161590576172,6,6,1,0,0.8699149489402771,0.20890522003173828,0.0846109390258789,0.28826671518711783,worker1,worker1,worker1,0,0.20890522003173828,0.0,0.0
model_0,1841,1,0.2893047332763672,6,6,1,0,0.7924689054489136,0.20604491233825684,0.08325982093811035,0.28779280585974326,worker1,worker1,worker1,0,0.20604491233825684,0.0,0.0
model_0,1842,1,0.2943248748779297,3,3,1,0,0.7524174451828003,0.2046523094177246,0.08967256546020508,0.30467205837561806,worker1,worker1,worker1,0,0.2046523094177246,0.0,0.0
model_0,1843,1,0.404341459274292,3,3,1,1,0.9543235301971436,0.32177066802978516,0.08257079124450684,0.20421054866029337,worker1,worker1,worker1,0,0.32177066802978516,0.0,0.0
model_0,1844,1,0.286574125289917,5,3,0,0,0.9494333267211914,0.20256590843200684,0.08400821685791016,0.29314655247720633,worker1,worker1,worker1,0,0.20256590843200684,0.0,0.0
model_0,1845,1,0.3084125518798828,9,9,1,0,0.7046113610267639,0.22377920150756836,0.08463335037231445,0.27441603740329135,worker1,worker1,worker1,0,0.22377920150756836,0.0,0.0
model_0,1846,1,0.29123711585998535,9,9,1,0,0.9987335801124573,0.20152807235717773,0.08970904350280762,0.30802750960470293,worker1,worker1,worker1,0,0.20152807235717773,0.0,0.0
model_0,1847,1,0.4208252429962158,6,6,1,1,0.9453852772712708,0.3163011074066162,0.10452413558959961,0.2483789585562944,worker1,worker1,worker1,0,0.3163011074066162,0.0,0.0
model_0,1848,1,0.41575193405151367,1,1,1,1,0.9974896907806396,0.32369256019592285,0.09205937385559082,0.2214286123902534,worker1,worker1,worker1,0,0.32369256019592285,0.0,0.0
model_0,1849,1,0.45152807235717773,9,1,0,1,0.7913508415222168,0.3636624813079834,0.08786559104919434,0.19459607592169584,worker1,worker1,worker1,0,0.3636624813079834,0.0,0.0
model_0,1850,1,0.30077409744262695,4,4,1,0,0.8034778237342834,0.21633434295654297,0.08443975448608398,0.28074144417369906,worker1,worker1,worker1,0,0.21633434295654297,0.0,0.0
model_0,1851,1,0.29430508613586426,6,6,1,0,0.9941253662109375,0.20986056327819824,0.08444452285766602,0.2869285202182428,worker1,worker1,worker1,0,0.20986056327819824,0.0,0.0
model_0,1852,1,0.7157835960388184,2,2,1,3,0.7698054909706116,0.5632526874542236,0.15253090858459473,0.2130964015223432,worker1->worker3->worker3,worker1,worker3,0,0.3252246379852295,0.0,0.23802804946899414
model_0,1853,1,0.6497478485107422,8,8,1,3,0.8226637244224548,0.4987146854400635,0.1510331630706787,0.23244888523579574,worker1->worker3->worker3,worker1,worker3,0,0.3095567226409912,0.0,0.18915796279907227
model_0,1854,1,0.38576745986938477,3,1,0,1,0.7001277804374695,0.30003952980041504,0.08572793006896973,0.22222696050619706,worker1,worker1,worker1,0,0.30003952980041504,0.0,0.0
model_0,1855,1,0.290724515914917,5,5,1,0,0.8092418909072876,0.20635581016540527,0.08436870574951172,0.2902015520913377,worker1,worker1,worker1,0,0.20635581016540527,0.0,0.0
model_0,1856,1,0.31253957748413086,9,9,1,0,0.8476322889328003,0.2218165397644043,0.09072303771972656,0.29027695772172407,worker1,worker1,worker1,0,0.2218165397644043,0.0,0.0
model_0,1857,1,0.4650592803955078,3,3,1,1,0.7032268047332764,0.31206655502319336,0.15299272537231445,0.3289746744591408,worker1,worker1,worker1,0,0.31206655502319336,0.0,0.0
model_0,1858,1,0.29671764373779297,3,6,0,0,0.7391064167022705,0.20720648765563965,0.08951115608215332,0.3016711610222061,worker1,worker1,worker1,0,0.20720648765563965,0.0,0.0
model_0,1859,1,0.29567885398864746,7,7,1,0,0.9686294198036194,0.21056604385375977,0.0851128101348877,0.2878555871910799,worker1,worker1,worker1,0,0.21056604385375977,0.0,0.0
model_0,1860,1,0.2992267608642578,2,2,1,0,0.8397606611251831,0.20539164543151855,0.09383511543273926,0.3135919901071513,worker1,worker1,worker1,0,0.20539164543151855,0.0,0.0
model_0,1861,1,0.4255678653717041,7,7,1,1,0.9996211528778076,0.31340599060058594,0.11216187477111816,0.2635581393655099,worker1,worker1,worker1,0,0.31340599060058594,0.0,0.0
model_0,1862,1,0.30030107498168945,8,8,1,0,0.9788884520530701,0.2079024314880371,0.09239864349365234,0.30768668909788705,worker1,worker1,worker1,0,0.2079024314880371,0.0,0.0
model_0,1863,1,0.5973434448242188,2,2,1,2,0.6087788939476013,0.4078354835510254,0.18950796127319336,0.317251261255508,worker1->worker3,worker1,worker3,0,0.3232302665710449,0.0,0.08460521697998047
model_0,1864,1,0.30153894424438477,7,7,1,0,0.8595761656761169,0.2161693572998047,0.08536958694458008,0.2831129728815114,worker1,worker1,worker1,0,0.2161693572998047,0.0,0.0
model_0,1865,1,0.7153410911560059,7,0,0,3,0.7059827446937561,0.5652921199798584,0.15004897117614746,0.20975863546950063,worker1->worker3->worker3,worker1,worker3,0,0.3170785903930664,0.0,0.248213529586792
model_0,1866,1,0.2954385280609131,7,9,0,0,0.9097853899002075,0.21030926704406738,0.0851292610168457,0.28814542766505347,worker1,worker1,worker1,0,0.21030926704406738,0.0,0.0
model_0,1867,1,0.2832150459289551,3,3,1,0,0.8470706343650818,0.19868135452270508,0.08453369140625,0.29847881537852833,worker1,worker1,worker1,0,0.19868135452270508,0.0,0.0
model_0,1868,1,0.4269528388977051,4,4,1,1,0.9675742983818054,0.32178354263305664,0.10516929626464844,0.24632532374341765,worker1,worker1,worker1,0,0.32178354263305664,0.0,0.0
model_0,1869,1,0.6396298408508301,2,5,0,3,0.9710325002670288,0.4950587749481201,0.14457106590270996,0.22602301623451898,worker1->worker3->worker3,worker1,worker3,0,0.308795690536499,0.0,0.1862630844116211
model_0,1870,1,0.28942179679870605,7,7,1,0,0.9997122883796692,0.2032942771911621,0.08612751960754395,0.29758477267503786,worker1,worker1,worker1,0,0.2032942771911621,0.0,0.0
model_0,1871,1,0.30773234367370605,5,5,1,0,0.9639618396759033,0.2090928554534912,0.09863948822021484,0.3205366294704596,worker1,worker1,worker1,0,0.2090928554534912,0.0,0.0
model_0,1872,1,0.39928317070007324,1,8,0,1,0.9848741888999939,0.30354809761047363,0.09573507308959961,0.23976736340213112,worker1,worker1,worker1,0,0.30354809761047363,0.0,0.0
model_0,1873,1,0.28863978385925293,4,4,1,0,0.9375747442245483,0.20397019386291504,0.08466958999633789,0.29333998544575074,worker1,worker1,worker1,0,0.20397019386291504,0.0,0.0
model_0,1874,1,0.46720266342163086,9,8,0,1,0.9778384566307068,0.3101210594177246,0.15708160400390625,0.33621726993911993,worker1,worker1,worker1,0,0.3101210594177246,0.0,0.0
model_0,1875,1,0.3055398464202881,8,8,1,0,0.9970070719718933,0.20748233795166016,0.09805750846862793,0.3209319819246883,worker1,worker1,worker1,0,0.20748233795166016,0.0,0.0
model_0,1876,1,0.6592564582824707,4,3,0,3,0.7334305047988892,0.5147519111633301,0.14450454711914062,0.2191932218542256,worker1->worker3->worker3,worker1,worker3,0,0.3132028579711914,0.0,0.20154905319213867
model_0,1877,1,0.2871816158294678,4,6,0,0,0.8154835104942322,0.2007145881652832,0.08646702766418457,0.30108831101336875,worker1,worker1,worker1,0,0.2007145881652832,0.0,0.0
model_0,1878,1,0.29198765754699707,5,5,1,0,0.7951494455337524,0.20528841018676758,0.08669924736022949,0.29692778142951043,worker1,worker1,worker1,0,0.20528841018676758,0.0,0.0
model_0,1879,1,0.29129457473754883,1,1,1,0,0.8583043813705444,0.20668911933898926,0.08460545539855957,0.290446382239654,worker1,worker1,worker1,0,0.20668911933898926,0.0,0.0
model_0,1880,1,0.6626322269439697,3,3,1,3,0.9516903758049011,0.49954843521118164,0.16308379173278809,0.2461150923566203,worker1->worker3->worker3,worker1,worker3,0,0.31157898902893066,0.0,0.18796944618225098
model_0,1881,1,0.285480260848999,6,6,1,0,0.9125378131866455,0.19968295097351074,0.08579730987548828,0.300536750317983,worker1,worker1,worker1,0,0.19968295097351074,0.0,0.0
model_0,1882,1,0.40457606315612793,9,9,1,1,0.9843024015426636,0.30690979957580566,0.09766626358032227,0.24140395953833868,worker1,worker1,worker1,0,0.30690979957580566,0.0,0.0
model_0,1883,1,0.3984992504119873,7,7,1,1,0.9488661885261536,0.31163835525512695,0.08686089515686035,0.21797003398892084,worker1,worker1,worker1,0,0.31163835525512695,0.0,0.0
model_0,1884,1,0.29555702209472656,4,2,0,0,0.7836918830871582,0.21148371696472168,0.08407330513000488,0.28445713972263276,worker1,worker1,worker1,0,0.21148371696472168,0.0,0.0
model_0,1885,1,0.2925150394439697,4,4,1,0,0.9645751118659973,0.20887541770935059,0.08363962173461914,0.285932722958814,worker1,worker1,worker1,0,0.20887541770935059,0.0,0.0
model_0,1886,1,0.3898475170135498,7,7,1,1,0.9853516221046448,0.30420660972595215,0.08564090728759766,0.21967796010002819,worker1,worker1,worker1,0,0.30420660972595215,0.0,0.0
model_0,1887,1,0.48511362075805664,5,5,1,1,0.5990620851516724,0.3580794334411621,0.12703418731689453,0.26186481245030013,worker1,worker1,worker1,0,0.3580794334411621,0.0,0.0
model_0,1888,1,0.35506629943847656,5,5,1,0,0.915514349937439,0.20978713035583496,0.1452791690826416,0.4091606815752295,worker1,worker1,worker1,0,0.20978713035583496,0.0,0.0
model_0,1889,1,0.29278993606567383,7,7,1,0,0.7693396806716919,0.20879745483398438,0.08399248123168945,0.2868694271405887,worker1,worker1,worker1,0,0.20879745483398438,0.0,0.0
model_0,1890,1,0.40421581268310547,4,4,1,1,0.6180145144462585,0.3037388324737549,0.10047698020935059,0.24857261160171853,worker1,worker1,worker1,0,0.3037388324737549,0.0,0.0
model_0,1891,1,0.39626240730285645,5,3,0,1,0.6819021701812744,0.31188273429870605,0.08437967300415039,0.21293887951288923,worker1,worker1,worker1,0,0.31188273429870605,0.0,0.0
model_0,1892,1,0.3078453540802002,7,7,1,0,0.8513649702072144,0.2028801441192627,0.1049652099609375,0.3409673349612801,worker1,worker1,worker1,0,0.2028801441192627,0.0,0.0
model_0,1893,1,0.28832006454467773,9,1,0,0,0.8598670363426208,0.20311808586120605,0.08520197868347168,0.29551179109932835,worker1,worker1,worker1,0,0.20311808586120605,0.0,0.0
model_0,1894,1,0.4040191173553467,1,1,1,1,0.9922768473625183,0.31902432441711426,0.08499479293823242,0.2103731959383422,worker1,worker1,worker1,0,0.31902432441711426,0.0,0.0
model_0,1895,1,0.29433178901672363,6,6,1,0,0.9531242847442627,0.21015262603759766,0.08417916297912598,0.28600092181800657,worker1,worker1,worker1,0,0.21015262603759766,0.0,0.0
model_0,1896,1,0.31952881813049316,2,2,1,0,0.7667313814163208,0.20224332809448242,0.11728549003601074,0.36705762792297575,worker1,worker1,worker1,0,0.20224332809448242,0.0,0.0
model_0,1897,1,0.29508161544799805,7,7,1,0,0.9530119895935059,0.20421910285949707,0.09086251258850098,0.3079233264009075,worker1,worker1,worker1,0,0.20421910285949707,0.0,0.0
model_0,1898,1,0.2948181629180908,7,7,1,0,0.9316104650497437,0.20968389511108398,0.08513426780700684,0.28876873447807094,worker1,worker1,worker1,0,0.20968389511108398,0.0,0.0
model_0,1899,1,0.2768399715423584,7,7,1,0,0.9924690127372742,0.19366860389709473,0.08317136764526367,0.30043121006656326,worker1,worker1,worker1,0,0.19366860389709473,0.0,0.0
model_0,1900,1,0.3966400623321533,4,4,1,1,0.9015055298805237,0.3127777576446533,0.0838623046875,0.2114317555176064,worker1,worker1,worker1,0,0.3127777576446533,0.0,0.0
model_0,1901,1,0.39962172508239746,2,2,1,1,0.8614194989204407,0.31019043922424316,0.0894312858581543,0.2237898498629287,worker1,worker1,worker1,0,0.31019043922424316,0.0,0.0
model_0,1902,1,0.2940495014190674,6,6,1,0,0.8658854961395264,0.20461034774780273,0.08943915367126465,0.3041635957198907,worker1,worker1,worker1,0,0.20461034774780273,0.0,0.0
model_0,1903,1,0.29518675804138184,5,5,1,0,0.8179870843887329,0.2100679874420166,0.08511877059936523,0.28835565377032446,worker1,worker1,worker1,0,0.2100679874420166,0.0,0.0
model_0,1904,1,0.31035852432250977,9,9,1,0,0.986625075340271,0.22270488739013672,0.08765363693237305,0.2824270321677634,worker1,worker1,worker1,0,0.22270488739013672,0.0,0.0
model_0,1905,1,0.29325246810913086,9,8,0,0,0.8958423733711243,0.2089090347290039,0.08434343338012695,0.28761372043675154,worker1,worker1,worker1,0,0.2089090347290039,0.0,0.0
model_0,1906,1,0.29340052604675293,4,7,0,0,0.854514479637146,0.20789504051208496,0.08550548553466797,0.29142921686869366,worker1,worker1,worker1,0,0.20789504051208496,0.0,0.0
model_0,1907,1,0.4146590232849121,3,7,0,1,0.8523995280265808,0.32000279426574707,0.09465622901916504,0.22827485645748694,worker1,worker1,worker1,0,0.32000279426574707,0.0,0.0
model_0,1908,1,0.6675887107849121,8,8,1,3,0.818273663520813,0.5197818279266357,0.14780688285827637,0.221404107754449,worker1->worker3->worker3,worker1,worker3,0,0.3241739273071289,0.0,0.19560790061950684
model_0,1909,1,0.39663267135620117,4,4,1,1,0.7790113091468811,0.3100886344909668,0.08654403686523438,0.21819694421368624,worker1,worker1,worker1,0,0.3100886344909668,0.0,0.0
model_0,1910,1,0.3148324489593506,2,2,1,0,0.7738102674484253,0.20876526832580566,0.10606718063354492,0.33690040840497903,worker1,worker1,worker1,0,0.20876526832580566,0.0,0.0
model_0,1911,1,0.2861194610595703,6,6,1,0,0.9860767126083374,0.20215773582458496,0.08396172523498535,0.2934498930064196,worker1,worker1,worker1,0,0.20215773582458496,0.0,0.0
model_0,1912,1,0.3017873764038086,8,8,1,0,0.9041509032249451,0.21132254600524902,0.09046483039855957,0.2997634675000869,worker1,worker1,worker1,0,0.21132254600524902,0.0,0.0
model_0,1913,1,0.2956840991973877,1,1,1,0,0.9968687891960144,0.20725369453430176,0.08843040466308594,0.29907054489275425,worker1,worker1,worker1,0,0.20725369453430176,0.0,0.0
model_0,1914,1,0.43279504776000977,4,4,1,1,0.7936490178108215,0.31748175621032715,0.11531329154968262,0.26643856519732007,worker1,worker1,worker1,0,0.31748175621032715,0.0,0.0
model_0,1915,1,0.2952396869659424,8,8,1,0,0.9114236235618591,0.2125110626220703,0.08272862434387207,0.28020834595118405,worker1,worker1,worker1,0,0.2125110626220703,0.0,0.0
model_0,1916,1,0.28987765312194824,6,6,1,0,0.8709195852279663,0.20502424240112305,0.0848534107208252,0.2927214630274667,worker1,worker1,worker1,0,0.20502424240112305,0.0,0.0
model_0,1917,1,0.6121916770935059,2,2,1,2,0.9994669556617737,0.4430258274078369,0.16916584968566895,0.27632824165270486,worker1->worker3,worker1,worker3,0,0.3583059310913086,0.0,0.08471989631652832
model_0,1918,1,0.29271411895751953,6,6,1,0,0.9252210259437561,0.20634675025939941,0.08636736869812012,0.2950570645710953,worker1,worker1,worker1,0,0.20634675025939941,0.0,0.0
model_0,1919,1,0.34853553771972656,0,0,1,0,0.9423198103904724,0.21479201316833496,0.1337435245513916,0.3837299502552905,worker1,worker1,worker1,0,0.21479201316833496,0.0,0.0
model_0,1920,1,0.29802632331848145,9,9,1,0,0.9756407737731934,0.21286821365356445,0.08515810966491699,0.28574022830162565,worker1,worker1,worker1,0,0.21286821365356445,0.0,0.0
model_0,1921,1,0.2894937992095947,9,9,1,0,0.8816770911216736,0.2059004306793213,0.08359336853027344,0.2887570260865984,worker1,worker1,worker1,0,0.2059004306793213,0.0,0.0
model_0,1922,1,0.3101937770843506,0,0,1,0,0.8692260980606079,0.20687222480773926,0.10332155227661133,0.33308712137224866,worker1,worker1,worker1,0,0.20687222480773926,0.0,0.0
model_0,1923,1,0.45152783393859863,6,2,0,1,0.9792320728302002,0.3114035129547119,0.14012432098388672,0.31033373903355344,worker1,worker1,worker1,0,0.3114035129547119,0.0,0.0
model_0,1924,1,0.2954089641571045,7,7,1,0,0.860777735710144,0.21071910858154297,0.08468985557556152,0.2866868167565888,worker1,worker1,worker1,0,0.21071910858154297,0.0,0.0
model_0,1925,1,0.39062070846557617,0,0,1,1,0.8941956162452698,0.30493688583374023,0.08568382263183594,0.2193529958214873,worker1,worker1,worker1,0,0.30493688583374023,0.0,0.0
model_0,1926,1,0.4063107967376709,3,3,1,1,0.5328146815299988,0.3212554454803467,0.08505535125732422,0.20933569065908691,worker1,worker1,worker1,0,0.3212554454803467,0.0,0.0
model_0,1927,1,0.2935001850128174,6,6,1,0,0.6500727534294128,0.20878958702087402,0.08471059799194336,0.28862195772804705,worker1,worker1,worker1,0,0.20878958702087402,0.0,0.0
model_0,1928,1,0.3568096160888672,5,5,1,0,0.8104494214057922,0.20597076416015625,0.15083885192871094,0.4227432365251696,worker1,worker1,worker1,0,0.20597076416015625,0.0,0.0
model_0,1929,1,0.42447781562805176,3,3,1,1,0.984432578086853,0.3250854015350342,0.09939241409301758,0.2341521993227323,worker1,worker1,worker1,0,0.3250854015350342,0.0,0.0
model_0,1930,1,0.29406189918518066,9,9,1,0,0.8521648049354553,0.20981144905090332,0.08425045013427734,0.2865058355663479,worker1,worker1,worker1,0,0.20981144905090332,0.0,0.0
model_0,1931,1,0.2906961441040039,1,1,1,0,0.9929037690162659,0.20500421524047852,0.08569192886352539,0.29478178710504993,worker1,worker1,worker1,0,0.20500421524047852,0.0,0.0
model_0,1932,1,0.3318595886230469,1,1,1,0,0.643753707408905,0.20777249336242676,0.12408709526062012,0.3739144491062705,worker1,worker1,worker1,0,0.20777249336242676,0.0,0.0
model_0,1933,1,0.461470365524292,5,5,1,1,0.575481653213501,0.31792354583740234,0.14354681968688965,0.3110640041290653,worker1,worker1,worker1,0,0.31792354583740234,0.0,0.0
model_0,1934,1,0.2856929302215576,9,9,1,0,0.9723881483078003,0.20033669471740723,0.08535623550415039,0.2987691555333757,worker1,worker1,worker1,0,0.20033669471740723,0.0,0.0
model_0,1935,1,0.3539004325866699,2,2,1,0,0.6758894324302673,0.20663809776306152,0.1472623348236084,0.4161123334810956,worker1,worker1,worker1,0,0.20663809776306152,0.0,0.0
model_0,1936,1,0.5986320972442627,8,8,1,2,0.9461340308189392,0.4365200996398926,0.16211199760437012,0.27080405202232716,worker1->worker3,worker1,worker3,0,0.3250129222869873,0.0,0.11150717735290527
model_0,1937,1,0.2886943817138672,8,8,1,0,0.9305132627487183,0.20313692092895508,0.08555746078491211,0.2963599785939389,worker1,worker1,worker1,0,0.20313692092895508,0.0,0.0
model_0,1938,1,0.3229990005493164,3,3,1,0,0.7804386615753174,0.20519518852233887,0.11780381202697754,0.364718812834193,worker1,worker1,worker1,0,0.20519518852233887,0.0,0.0
model_0,1939,1,0.4237406253814697,5,5,1,1,0.7840188145637512,0.31909775733947754,0.10464286804199219,0.24695028461759627,worker1,worker1,worker1,0,0.31909775733947754,0.0,0.0
model_0,1940,1,0.2919270992279053,7,3,0,0,0.6617220044136047,0.2070925235748291,0.08483457565307617,0.29060192040221133,worker1,worker1,worker1,0,0.2070925235748291,0.0,0.0
model_0,1941,1,0.29610753059387207,0,0,1,0,0.9483739137649536,0.2090895175933838,0.08701801300048828,0.2938730157452102,worker1,worker1,worker1,0,0.2090895175933838,0.0,0.0
model_0,1942,1,0.29462671279907227,9,1,0,0,0.9057693481445312,0.21033024787902832,0.08429646492004395,0.28611277001733354,worker1,worker1,worker1,0,0.21033024787902832,0.0,0.0
model_0,1943,1,0.2877039909362793,9,9,1,0,0.9959259033203125,0.20319914817810059,0.08450484275817871,0.2937214825667637,worker1,worker1,worker1,0,0.20319914817810059,0.0,0.0
model_0,1944,1,0.3423588275909424,6,3,0,0,0.7298054099082947,0.20954275131225586,0.13281607627868652,0.3879440679630379,worker1,worker1,worker1,0,0.20954275131225586,0.0,0.0
model_0,1945,1,0.4187033176422119,6,6,1,1,0.9855766892433167,0.3092632293701172,0.10944008827209473,0.2613786030843273,worker1,worker1,worker1,0,0.3092632293701172,0.0,0.0
model_0,1946,1,0.4585433006286621,3,3,1,1,0.9770270586013794,0.36798715591430664,0.09055614471435547,0.19748657234813624,worker1,worker1,worker1,0,0.36798715591430664,0.0,0.0
model_0,1947,1,0.29017210006713867,6,6,1,0,0.8974407911300659,0.2031245231628418,0.08704757690429688,0.29998603202773877,worker1,worker1,worker1,0,0.2031245231628418,0.0,0.0
model_0,1948,1,0.4288368225097656,4,4,1,1,0.983470618724823,0.31036877632141113,0.11846804618835449,0.2762543698906749,worker1,worker1,worker1,0,0.31036877632141113,0.0,0.0
model_0,1949,1,0.4067397117614746,6,2,0,1,0.8968899250030518,0.32268381118774414,0.08405590057373047,0.20665771780608327,worker1,worker1,worker1,0,0.32268381118774414,0.0,0.0
model_0,1950,1,0.2879831790924072,0,1,0,0,0.6118773221969604,0.20309019088745117,0.08489298820495605,0.2947845373208962,worker1,worker1,worker1,0,0.20309019088745117,0.0,0.0
model_0,1951,1,0.5528609752655029,6,4,0,2,0.9132354259490967,0.4066653251647949,0.146195650100708,0.264434743346643,worker1->worker3,worker1,worker3,0,0.29762887954711914,0.0,0.10903644561767578
model_0,1952,1,0.2916438579559326,0,0,1,0,0.9081861972808838,0.20486807823181152,0.0867757797241211,0.2975402270848883,worker1,worker1,worker1,0,0.20486807823181152,0.0,0.0
model_0,1953,1,0.2918827533721924,8,8,1,0,0.9602935910224915,0.20636415481567383,0.08551859855651855,0.2929895568289027,worker1,worker1,worker1,0,0.20636415481567383,0.0,0.0
model_0,1954,1,0.5947756767272949,5,5,1,2,0.7554404139518738,0.39279723167419434,0.20197844505310059,0.33958760076483063,worker1->worker3,worker1,worker3,0,0.30896973609924316,0.0,0.08382749557495117
model_0,1955,1,0.29709410667419434,4,7,0,0,0.7195494174957275,0.21026921272277832,0.08682489395141602,0.2922471095888542,worker1,worker1,worker1,0,0.21026921272277832,0.0,0.0
model_0,1956,1,0.33435940742492676,9,9,1,0,0.9816600680351257,0.20137381553649902,0.13298559188842773,0.39773246672680146,worker1,worker1,worker1,0,0.20137381553649902,0.0,0.0
model_0,1957,1,0.4369316101074219,5,5,1,1,0.780223548412323,0.30112242698669434,0.13580918312072754,0.31082480639782084,worker1,worker1,worker1,0,0.30112242698669434,0.0,0.0
model_0,1958,1,0.31168246269226074,2,4,0,0,0.7233558297157288,0.2268049716949463,0.08487749099731445,0.2723203938526311,worker1,worker1,worker1,0,0.2268049716949463,0.0,0.0
model_0,1959,1,0.28194475173950195,9,9,1,0,0.9052513241767883,0.19820284843444824,0.08374190330505371,0.29701529391270814,worker1,worker1,worker1,0,0.19820284843444824,0.0,0.0
model_0,1960,1,0.2854435443878174,0,0,1,0,0.8212842345237732,0.19814229011535645,0.08730125427246094,0.30584420628497117,worker1,worker1,worker1,0,0.19814229011535645,0.0,0.0
model_0,1961,1,0.5435395240783691,4,3,0,2,0.6917656660079956,0.39290761947631836,0.15063190460205078,0.2771314650162078,worker1->worker3,worker1,worker3,0,0.3090081214904785,0.0,0.08389949798583984
model_0,1962,1,0.29085803031921387,8,8,1,0,0.9662407040596008,0.20552515983581543,0.08533287048339844,0.29338323714062986,worker1,worker1,worker1,0,0.20552515983581543,0.0,0.0
model_0,1963,1,0.689643144607544,4,4,1,3,0.6591348052024841,0.5454752445220947,0.14416790008544922,0.20904710097204116,worker1->worker3->worker3,worker1,worker3,0,0.3034250736236572,0.0,0.2420501708984375
model_0,1964,1,0.2937462329864502,7,7,1,0,0.9302710890769958,0.20784997940063477,0.08589625358581543,0.29241652807774937,worker1,worker1,worker1,0,0.20784997940063477,0.0,0.0
model_0,1965,1,0.5367498397827148,2,2,1,2,0.9488623142242432,0.392916202545166,0.14383363723754883,0.26797145816713247,worker1->worker3,worker1,worker3,0,0.30968356132507324,0.0,0.08323264122009277
model_0,1966,1,0.29180479049682617,1,1,1,0,0.9932369589805603,0.20295357704162598,0.0888512134552002,0.30448853599669257,worker1,worker1,worker1,0,0.20295357704162598,0.0,0.0
model_0,1967,1,0.5368390083312988,9,9,1,2,0.9557300806045532,0.3928229808807373,0.14401602745056152,0.2682666967480967,worker1->worker3,worker1,worker3,0,0.3096909523010254,0.0,0.08313202857971191
model_0,1968,1,0.2858309745788574,1,1,1,0,0.7939394116401672,0.20218110084533691,0.08364987373352051,0.29265503452440733,worker1,worker1,worker1,0,0.20218110084533691,0.0,0.0
model_0,1969,1,0.2780733108520508,8,8,1,0,0.9756724238395691,0.19275212287902832,0.08532118797302246,0.30682983459141716,worker1,worker1,worker1,0,0.19275212287902832,0.0,0.0
model_0,1970,1,0.28477001190185547,2,4,0,0,0.7644372582435608,0.19965434074401855,0.08511567115783691,0.29889267689875854,worker1,worker1,worker1,0,0.19965434074401855,0.0,0.0
model_0,1971,1,0.2789936065673828,1,1,1,0,0.9976773858070374,0.195296049118042,0.08369755744934082,0.29999811995378506,worker1,worker1,worker1,0,0.195296049118042,0.0,0.0
model_0,1972,1,0.39729976654052734,6,1,0,1,0.8912111520767212,0.30738162994384766,0.08991813659667969,0.22632315488035257,worker1,worker1,worker1,0,0.30738162994384766,0.0,0.0
model_0,1973,1,0.2903769016265869,6,6,1,0,0.9430091977119446,0.20542407035827637,0.08495283126831055,0.29256056798056373,worker1,worker1,worker1,0,0.20542407035827637,0.0,0.0
model_0,1974,1,0.2855675220489502,7,7,1,0,0.9607855677604675,0.19486761093139648,0.09069991111755371,0.31761283799635487,worker1,worker1,worker1,0,0.19486761093139648,0.0,0.0
model_0,1975,1,0.37999582290649414,2,2,1,1,0.8778849840164185,0.29562830924987793,0.08436751365661621,0.22202221332674119,worker1,worker1,worker1,0,0.29562830924987793,0.0,0.0
model_0,1976,1,0.39862799644470215,4,7,0,1,0.7298126220703125,0.31438636779785156,0.08424162864685059,0.2113289317313081,worker1,worker1,worker1,0,0.31438636779785156,0.0,0.0
model_0,1977,1,0.7087993621826172,7,7,1,3,0.8749681115150452,0.5568866729736328,0.15191268920898438,0.21432396431790968,worker1->worker3->worker3,worker1,worker3,0,0.3532569408416748,0.0,0.203629732131958
model_0,1978,1,0.29422473907470703,8,8,1,0,0.9999672174453735,0.2082822322845459,0.08594250679016113,0.29209816638953445,worker1,worker1,worker1,0,0.2082822322845459,0.0,0.0
model_0,1979,1,0.4436962604522705,4,2,0,1,0.8844645619392395,0.3555619716644287,0.0881342887878418,0.19863653729694353,worker1,worker1,worker1,0,0.3555619716644287,0.0,0.0
model_0,1980,1,0.6604106426239014,6,2,0,3,0.5242972373962402,0.5167081356048584,0.14370250701904297,0.21759568629617074,worker1->worker3->worker3,worker1,worker3,0,0.30664658546447754,0.0,0.21006155014038086
model_0,1981,1,0.2841160297393799,4,4,1,0,0.7112162113189697,0.19913911819458008,0.0849769115447998,0.2990922814976306,worker1,worker1,worker1,0,0.19913911819458008,0.0,0.0
model_0,1982,1,0.2926144599914551,3,3,1,0,0.9518428444862366,0.20176935195922852,0.09084510803222656,0.31046007786108526,worker1,worker1,worker1,0,0.20176935195922852,0.0,0.0
model_0,1983,1,0.4222884178161621,3,3,1,1,0.8520826697349548,0.30683374404907227,0.11545467376708984,0.2734024162068105,worker1,worker1,worker1,0,0.30683374404907227,0.0,0.0
model_0,1984,1,0.2905235290527344,1,1,1,0,0.807328462600708,0.20638298988342285,0.08414053916931152,0.2896169526910805,worker1,worker1,worker1,0,0.20638298988342285,0.0,0.0
model_0,1985,1,0.5438215732574463,2,2,1,2,0.9585294723510742,0.39490795135498047,0.14891362190246582,0.2738280885226482,worker1->worker3,worker1,worker3,0,0.3100757598876953,0.0,0.08483219146728516
model_0,1986,1,0.4016416072845459,1,1,1,1,0.9880130290985107,0.31624460220336914,0.08539700508117676,0.21261991669273606,worker1,worker1,worker1,0,0.31624460220336914,0.0,0.0
model_0,1987,1,0.2827112674713135,3,6,0,0,0.7640421986579895,0.19803905487060547,0.08467221260070801,0.29950066496482897,worker1,worker1,worker1,0,0.19803905487060547,0.0,0.0
model_0,1988,1,0.28172755241394043,3,6,0,0,0.8003507256507874,0.19718503952026367,0.08454251289367676,0.3000860660211856,worker1,worker1,worker1,0,0.19718503952026367,0.0,0.0
model_0,1989,1,0.2891666889190674,0,0,1,0,0.9975518584251404,0.2048356533050537,0.08433103561401367,0.29163468285109573,worker1,worker1,worker1,0,0.2048356533050537,0.0,0.0
model_0,1990,1,0.3109719753265381,9,1,0,0,0.5972409248352051,0.20011448860168457,0.11085748672485352,0.35648706481813003,worker1,worker1,worker1,0,0.20011448860168457,0.0,0.0
model_0,1991,1,0.3281569480895996,5,5,1,0,0.9118167161941528,0.1910085678100586,0.13714838027954102,0.41793532356381546,worker1,worker1,worker1,0,0.1910085678100586,0.0,0.0
model_0,1992,1,0.38820481300354004,0,0,1,1,0.9930754899978638,0.29757237434387207,0.09063243865966797,0.2334655203227516,worker1,worker1,worker1,0,0.29757237434387207,0.0,0.0
model_0,1993,1,0.4113330841064453,3,7,0,1,0.5928698778152466,0.3143429756164551,0.09699010848999023,0.23579457193599096,worker1,worker1,worker1,0,0.3143429756164551,0.0,0.0
model_0,1994,1,0.3279135227203369,7,7,1,0,0.7162390947341919,0.20423293113708496,0.12368059158325195,0.3771744164656903,worker1,worker1,worker1,0,0.20423293113708496,0.0,0.0
model_0,1995,1,0.3877265453338623,5,3,0,1,0.8807210326194763,0.3032083511352539,0.0845181941986084,0.21798402821718527,worker1,worker1,worker1,0,0.3032083511352539,0.0,0.0
model_0,1996,1,0.2893364429473877,5,7,0,0,0.6824979186058044,0.2036724090576172,0.08566403388977051,0.296070667825786,worker1,worker1,worker1,0,0.2036724090576172,0.0,0.0
model_0,1997,1,0.5557775497436523,2,2,1,2,0.6071071028709412,0.4056839942932129,0.15009355545043945,0.2700604864656171,worker1->worker3,worker1,worker3,0,0.30638861656188965,0.0,0.09929537773132324
model_0,1998,1,0.38631129264831543,7,0,0,1,0.6035557985305786,0.30174899101257324,0.08456230163574219,0.21889678931214887,worker1,worker1,worker1,0,0.30174899101257324,0.0,0.0
model_0,1999,1,0.5360457897186279,8,6,0,2,0.8975870609283447,0.39682507514953613,0.1392207145690918,0.2597179517857405,worker1->worker3,worker1,worker3,0,0.31487154960632324,0.0,0.08195352554321289
model_1,0,1,0.4294865131378174,4,4,1,1,0.6980289220809937,0.26783084869384766,0.16165566444396973,0.3763928773057799,worker2,worker2,worker2,0,0.0,0.26783084869384766,0.0
model_1,1,1,0.26505136489868164,0,0,1,0,0.7527434825897217,0.17894482612609863,0.08610653877258301,0.32486736601223704,worker2,worker2,worker2,0,0.0,0.17894482612609863,0.0
model_1,2,1,0.35522031784057617,0,2,0,1,0.8699676990509033,0.27361297607421875,0.08160734176635742,0.22973725788676033,worker2,worker2,worker2,0,0.0,0.27361297607421875,0.0
model_1,3,1,0.26235079765319824,7,7,1,0,0.9279646873474121,0.18044352531433105,0.08190727233886719,0.31220515840451335,worker2,worker2,worker2,0,0.0,0.18044352531433105,0.0
model_1,4,1,0.26761722564697266,7,4,0,0,0.49782252311706543,0.18580174446105957,0.08181548118591309,0.30571829219184865,worker2,worker2,worker2,0,0.0,0.18580174446105957,0.0
model_1,5,1,0.6378111839294434,2,7,0,2,0.7975831627845764,0.43743109703063965,0.2003800868988037,0.31416834942325245,worker2->worker3,worker2,worker3,0,0.0,0.2715880870819092,0.16584300994873047
model_1,6,1,0.291506290435791,2,2,1,0,0.8525087237358093,0.18230962753295898,0.10919666290283203,0.37459453358480566,worker2,worker2,worker2,0,0.0,0.18230962753295898,0.0
model_1,7,1,0.3748490810394287,3,3,1,1,0.8648666739463806,0.28556203842163086,0.08928704261779785,0.2381946418815047,worker2,worker2,worker2,0,0.0,0.28556203842163086,0.0
model_1,8,1,0.6081349849700928,6,6,1,2,0.9996644258499146,0.3977222442626953,0.21041274070739746,0.3459967703021481,worker2->worker3,worker2,worker3,0,0.0,0.2682926654815674,0.12942957878112793
model_1,9,1,0.2897932529449463,3,3,1,0,0.9838665723800659,0.18210959434509277,0.10768365859985352,0.3715878734426947,worker2,worker2,worker2,0,0.0,0.18210959434509277,0.0
model_1,10,1,0.5843310356140137,6,2,0,2,0.5784951448440552,0.4207336902618408,0.16359734535217285,0.2799737398515298,worker2->worker3,worker2,worker3,0,0.0,0.2746124267578125,0.14612126350402832
model_1,11,1,0.35742616653442383,5,5,1,1,0.9914162755012512,0.27581238746643066,0.08161377906799316,0.22833744898789585,worker2,worker2,worker2,0,0.0,0.27581238746643066,0.0
model_1,12,1,0.3535192012786865,5,5,1,1,0.9855685830116272,0.2659587860107422,0.08756041526794434,0.24768220495870222,worker2,worker2,worker2,0,0.0,0.2659587860107422,0.0
model_1,13,1,0.2749216556549072,7,1,0,0,0.9370648264884949,0.17667150497436523,0.09825015068054199,0.35737508726438616,worker2,worker2,worker2,0,0.0,0.17667150497436523,0.0
model_1,14,1,0.27938318252563477,9,9,1,0,0.9981614947319031,0.18739771842956543,0.09198546409606934,0.3292448144677757,worker2,worker2,worker2,0,0.0,0.18739771842956543,0.0
model_1,15,1,0.6081185340881348,4,4,1,2,0.95637446641922,0.44417810440063477,0.1639404296875,0.26958630677706014,worker2->worker3,worker2,worker3,0,0.0,0.2765505313873291,0.16762757301330566
model_1,16,1,0.3325331211090088,4,5,0,0,0.9560789465904236,0.18194842338562012,0.15058469772338867,0.45284120036279035,worker2,worker2,worker2,0,0.0,0.18194842338562012,0.0
model_1,17,1,0.3255305290222168,7,7,1,0,0.7851971387863159,0.18412399291992188,0.14140653610229492,0.4343879405935663,worker2,worker2,worker2,0,0.0,0.18412399291992188,0.0
model_1,18,1,0.4074070453643799,3,4,0,1,0.9545087814331055,0.27349114418029785,0.13391590118408203,0.3287029586449819,worker2,worker2,worker2,0,0.0,0.27349114418029785,0.0
model_1,19,1,0.3230412006378174,8,8,1,0,0.9780875444412231,0.1800062656402588,0.1430349349975586,0.44277613727025616,worker2,worker2,worker2,0,0.0,0.1800062656402588,0.0
model_1,20,1,0.26613831520080566,3,1,0,0,0.7829423546791077,0.18322300910949707,0.0829153060913086,0.31154967682405166,worker2,worker2,worker2,0,0.0,0.18322300910949707,0.0
model_1,21,1,0.3060140609741211,9,9,1,0,0.9327276349067688,0.184220552444458,0.12179350852966309,0.39799971328756323,worker2,worker2,worker2,0,0.0,0.184220552444458,0.0
model_1,22,1,0.2680182456970215,9,8,0,0,0.8753641247749329,0.18680429458618164,0.08121395111083984,0.30301650135658054,worker2,worker2,worker2,0,0.0,0.18680429458618164,0.0
model_1,23,1,0.42733216285705566,5,5,1,1,0.7513871788978577,0.27613115310668945,0.1512010097503662,0.35382548493300175,worker2,worker2,worker2,0,0.0,0.27613115310668945,0.0
model_1,24,1,0.33896613121032715,0,0,1,0,0.8376890420913696,0.18299651145935059,0.15596961975097656,0.46013334486859997,worker2,worker2,worker2,0,0.0,0.18299651145935059,0.0
model_1,25,1,0.2796750068664551,8,8,1,0,0.7661771774291992,0.18823766708374023,0.09143733978271484,0.3269414053375753,worker2,worker2,worker2,0,0.0,0.18823766708374023,0.0
model_1,26,1,0.2731330394744873,9,9,1,0,0.9903342127799988,0.1893768310546875,0.0837562084197998,0.3066498603792064,worker2,worker2,worker2,0,0.0,0.1893768310546875,0.0
model_1,27,1,0.37181854248046875,4,4,1,1,0.9919043183326721,0.28052735328674316,0.09129118919372559,0.24552618754488562,worker2,worker2,worker2,0,0.0,0.28052735328674316,0.0
model_1,28,1,0.26685380935668945,1,1,1,0,0.9953455328941345,0.1852397918701172,0.08161401748657227,0.3058379330739967,worker2,worker2,worker2,0,0.0,0.1852397918701172,0.0
model_1,29,1,0.3626139163970947,5,8,0,1,0.7499812245368958,0.279679536819458,0.08293437957763672,0.22871262195799497,worker2,worker2,worker2,0,0.0,0.279679536819458,0.0
model_1,30,1,0.26349401473999023,8,8,1,0,0.5592523813247681,0.18227577209472656,0.08121824264526367,0.308235626245279,worker2,worker2,worker2,0,0.0,0.18227577209472656,0.0
model_1,31,1,0.36074113845825195,9,9,1,1,0.9970295429229736,0.2797732353210449,0.08096790313720703,0.22444876534805672,worker2,worker2,worker2,0,0.0,0.2797732353210449,0.0
model_1,32,1,0.353640079498291,6,6,1,1,0.894001305103302,0.27132177352905273,0.08231830596923828,0.23277425479041633,worker2,worker2,worker2,0,0.0,0.27132177352905273,0.0
model_1,33,1,0.26883602142333984,7,7,1,0,0.9970773458480835,0.1885700225830078,0.08026599884033203,0.2985686159740329,worker2,worker2,worker2,0,0.0,0.1885700225830078,0.0
model_1,34,1,0.3592836856842041,6,4,0,1,0.6992140412330627,0.2784860134124756,0.08079767227172852,0.2248854470468398,worker2,worker2,worker2,0,0.0,0.2784860134124756,0.0
model_1,35,1,0.3528628349304199,5,5,1,1,0.9934694766998291,0.27214598655700684,0.08071684837341309,0.22874851183840153,worker2,worker2,worker2,0,0.0,0.27214598655700684,0.0
model_1,36,1,0.26200270652770996,6,6,1,0,0.934094250202179,0.18150544166564941,0.08049726486206055,0.307238295088173,worker2,worker2,worker2,0,0.0,0.18150544166564941,0.0
model_1,37,1,0.2703981399536133,6,4,0,0,0.9315599799156189,0.19034409523010254,0.08005404472351074,0.296059894262749,worker2,worker2,worker2,0,0.0,0.19034409523010254,0.0
model_1,38,1,0.359386682510376,6,6,1,1,0.9894847273826599,0.27894020080566406,0.08044648170471191,0.22384380284427852,worker2,worker2,worker2,0,0.0,0.27894020080566406,0.0
model_1,39,1,0.35715746879577637,8,8,1,1,0.9682856202125549,0.27477383613586426,0.08238363265991211,0.23066473434724474,worker2,worker2,worker2,0,0.0,0.27477383613586426,0.0
model_1,40,1,0.42918944358825684,8,8,1,1,0.9562451243400574,0.27903199195861816,0.15015745162963867,0.3498628726145751,worker2,worker2,worker2,0,0.0,0.27903199195861816,0.0
model_1,41,1,0.5740499496459961,1,1,1,2,0.9428629279136658,0.4228675365447998,0.1511824131011963,0.2633610771927201,worker2->worker3,worker2,worker3,0,0.0,0.27014970779418945,0.15271782875061035
model_1,42,1,0.38043212890625,0,0,1,1,0.9931643605232239,0.2806670665740967,0.09976506233215332,0.26224142166693404,worker2,worker2,worker2,0,0.0,0.2806670665740967,0.0
model_1,43,1,0.26941514015197754,1,1,1,0,0.9653748273849487,0.18094182014465332,0.08847332000732422,0.32839030485597903,worker2,worker2,worker2,0,0.0,0.18094182014465332,0.0
model_1,44,1,0.2884793281555176,3,3,1,0,0.7391653656959534,0.18873286247253418,0.0997464656829834,0.34576642396092466,worker2,worker2,worker2,0,0.0,0.18873286247253418,0.0
model_1,45,1,0.2676734924316406,5,3,0,0,0.8123048543930054,0.18649744987487793,0.0811760425567627,0.3032651527027605,worker2,worker2,worker2,0,0.0,0.18649744987487793,0.0
model_1,46,1,0.3691849708557129,0,0,1,1,0.9939223527908325,0.2803809642791748,0.08880400657653809,0.24054068715393348,worker2,worker2,worker2,0,0.0,0.2803809642791748,0.0
model_1,47,1,0.2635040283203125,5,5,1,0,0.7696981430053711,0.18269944190979004,0.08080458641052246,0.30665408390758003,worker2,worker2,worker2,0,0.0,0.18269944190979004,0.0
model_1,48,1,0.26758480072021484,4,4,1,0,0.9656751155853271,0.1874542236328125,0.08013057708740234,0.29945862721547634,worker2,worker2,worker2,0,0.0,0.1874542236328125,0.0
model_1,49,1,0.2692883014678955,9,1,0,0,0.8878682851791382,0.18742108345031738,0.08186721801757812,0.30401327339998957,worker2,worker2,worker2,0,0.0,0.18742108345031738,0.0
model_1,50,1,0.4249398708343506,8,8,1,1,0.9793621301651001,0.28143954277038574,0.14350032806396484,0.3376956080449884,worker2,worker2,worker2,0,0.0,0.28143954277038574,0.0
model_1,51,1,0.5570032596588135,0,2,0,2,0.8258068561553955,0.40857863426208496,0.14842462539672852,0.2664699403871433,worker2->worker3,worker2,worker3,0,0.0,0.2743513584136963,0.13422727584838867
model_1,52,1,0.27196240425109863,5,5,1,0,0.7747259736061096,0.19051694869995117,0.08144545555114746,0.2994732149666913,worker2,worker2,worker2,0,0.0,0.19051694869995117,0.0
model_1,53,1,0.3085300922393799,1,1,1,0,0.8549392819404602,0.19060444831848145,0.11792564392089844,0.38221764063585484,worker2,worker2,worker2,0,0.0,0.19060444831848145,0.0
model_1,54,1,0.5675482749938965,4,3,0,2,0.505366861820221,0.41362905502319336,0.15391921997070312,0.27120022516561854,worker2->worker3,worker2,worker3,0,0.0,0.2831716537475586,0.13045740127563477
model_1,55,1,0.36060285568237305,8,7,0,1,0.5749566555023193,0.27651405334472656,0.08408880233764648,0.23318950754986187,worker2,worker2,worker2,0,0.0,0.27651405334472656,0.0
model_1,56,1,0.3028597831726074,3,3,1,0,0.8648797273635864,0.18195247650146484,0.12090730667114258,0.39921875861026573,worker2,worker2,worker2,0,0.0,0.18195247650146484,0.0
model_1,57,1,0.270068883895874,3,5,0,0,0.8205422163009644,0.1843430995941162,0.08572578430175781,0.3174219223818827,worker2,worker2,worker2,0,0.0,0.1843430995941162,0.0
model_1,58,1,0.5945703983306885,7,7,1,2,0.9941245913505554,0.4369354248046875,0.15763497352600098,0.2651241534536125,worker2->worker3,worker2,worker3,0,0.0,0.2799406051635742,0.15699481964111328
model_1,59,1,0.8337130546569824,3,0,0,3,0.9282718300819397,0.6345736980438232,0.19913935661315918,0.2388583883877071,worker2->worker3->worker3,worker2,worker3,0,0.0,0.27546095848083496,0.3591127395629883
model_1,60,1,0.28862833976745605,5,5,1,0,0.9496122598648071,0.18415212631225586,0.1044762134552002,0.36197489664173405,worker2,worker2,worker2,0,0.0,0.18415212631225586,0.0
model_1,61,1,0.3706808090209961,8,0,0,1,0.5731087923049927,0.2766904830932617,0.09399032592773438,0.25356134884881665,worker2,worker2,worker2,0,0.0,0.2766904830932617,0.0
model_1,62,1,0.3554677963256836,5,5,1,1,0.7130683660507202,0.2744102478027344,0.08105754852294922,0.22803063838920412,worker2,worker2,worker2,0,0.0,0.2744102478027344,0.0
model_1,63,1,0.2653648853302002,9,9,1,0,0.7711929678916931,0.18243694305419922,0.08292794227600098,0.31250533458038976,worker2,worker2,worker2,0,0.0,0.18243694305419922,0.0
model_1,64,1,0.26828908920288086,1,1,1,0,0.9955695271492004,0.1867067813873291,0.08158230781555176,0.30408358408440167,worker2,worker2,worker2,0,0.0,0.1867067813873291,0.0
model_1,65,1,0.26854538917541504,4,4,1,0,0.8097649216651917,0.1869194507598877,0.08162593841552734,0.3039558365390847,worker2,worker2,worker2,0,0.0,0.1869194507598877,0.0
model_1,66,1,0.35768771171569824,2,2,1,1,0.775168776512146,0.2755770683288574,0.08211064338684082,0.22955958702910378,worker2,worker2,worker2,0,0.0,0.2755770683288574,0.0
model_1,67,1,0.3551912307739258,4,4,1,1,0.7512853741645813,0.2722756862640381,0.0829155445098877,0.23343916551437124,worker2,worker2,worker2,0,0.0,0.2722756862640381,0.0
model_1,68,1,0.3536369800567627,2,2,1,1,0.7834190726280212,0.27019309997558594,0.08344388008117676,0.2359591467718763,worker2,worker2,worker2,0,0.0,0.27019309997558594,0.0
model_1,69,1,0.5689678192138672,8,8,1,2,0.9857834577560425,0.4246785640716553,0.14428925514221191,0.25359827088564313,worker2->worker3,worker2,worker3,0,0.0,0.2719874382019043,0.15269112586975098
model_1,70,1,0.2665221691131592,1,9,0,0,0.8425337672233582,0.18329811096191406,0.08322405815124512,0.3122594207760259,worker2,worker2,worker2,0,0.0,0.18329811096191406,0.0
model_1,71,1,0.39902782440185547,5,2,0,1,0.6738492250442505,0.27785801887512207,0.1211698055267334,0.30366254711276713,worker2,worker2,worker2,0,0.0,0.27785801887512207,0.0
model_1,72,1,0.26810598373413086,4,4,1,0,0.9811752438545227,0.18106389045715332,0.08704209327697754,0.32465554130747576,worker2,worker2,worker2,0,0.0,0.18106389045715332,0.0
model_1,73,1,0.3652915954589844,1,1,1,1,0.7055109143257141,0.27811360359191895,0.08717799186706543,0.23865315531699371,worker2,worker2,worker2,0,0.0,0.27811360359191895,0.0
model_1,74,1,0.2701406478881836,0,0,1,0,0.9244922399520874,0.18086600303649902,0.08927464485168457,0.330474682538842,worker2,worker2,worker2,0,0.0,0.18086600303649902,0.0
model_1,75,1,0.27623701095581055,8,8,1,0,0.9843235611915588,0.18576288223266602,0.09047412872314453,0.32752355815788065,worker2,worker2,worker2,0,0.0,0.18576288223266602,0.0
model_1,76,1,0.35962414741516113,3,5,0,1,0.8653219938278198,0.27794337272644043,0.0816807746887207,0.22712817055197884,worker2,worker2,worker2,0,0.0,0.27794337272644043,0.0
model_1,77,1,0.3615152835845947,3,3,1,1,0.9996788501739502,0.27251529693603516,0.08899998664855957,0.24618595862969522,worker2,worker2,worker2,0,0.0,0.27251529693603516,0.0
model_1,78,1,0.7529034614562988,4,2,0,3,0.533494770526886,0.6102674007415771,0.14263606071472168,0.18944800763543942,worker2->worker3->worker3,worker2,worker3,0,0.0,0.27472519874572754,0.3355422019958496
model_1,79,1,0.269838809967041,8,8,1,0,0.9934877157211304,0.18659019470214844,0.08324861526489258,0.30851238661725805,worker2,worker2,worker2,0,0.0,0.18659019470214844,0.0
model_1,80,1,0.2787971496582031,7,7,1,0,0.9752328991889954,0.1891779899597168,0.08961915969848633,0.3214493398098105,worker2,worker2,worker2,0,0.0,0.1891779899597168,0.0
model_1,81,1,0.4014732837677002,7,1,0,1,0.6844034790992737,0.27822136878967285,0.12325191497802734,0.3069990456683617,worker2,worker2,worker2,0,0.0,0.27822136878967285,0.0
model_1,82,1,0.27250194549560547,9,9,1,0,0.9988168478012085,0.18192648887634277,0.0905754566192627,0.33238462373004735,worker2,worker2,worker2,0,0.0,0.18192648887634277,0.0
model_1,83,1,0.28124403953552246,9,9,1,0,0.9742995500564575,0.18921113014221191,0.09203290939331055,0.32723505730220587,worker2,worker2,worker2,0,0.0,0.18921113014221191,0.0
model_1,84,1,0.2732682228088379,0,0,1,0,0.7953104972839355,0.18492865562438965,0.08833956718444824,0.32327054450910425,worker2,worker2,worker2,0,0.0,0.18492865562438965,0.0
model_1,85,1,0.3607468605041504,6,6,1,1,0.9416596293449402,0.2790381908416748,0.08170866966247559,0.22649862994867428,worker2,worker2,worker2,0,0.0,0.2790381908416748,0.0
model_1,86,1,0.3304722309112549,3,3,1,0,0.8726353049278259,0.18173980712890625,0.14873242378234863,0.4500602769928021,worker2,worker2,worker2,0,0.0,0.18173980712890625,0.0
model_1,87,1,0.36864352226257324,6,6,1,1,0.8205158710479736,0.276263952255249,0.09237957000732422,0.2505932274093376,worker2,worker2,worker2,0,0.0,0.276263952255249,0.0
model_1,88,1,0.5421168804168701,0,0,1,2,0.8390187621116638,0.39783644676208496,0.14428043365478516,0.2661426693517424,worker2->worker3,worker2,worker3,0,0.0,0.2701718807220459,0.12766456604003906
model_1,89,1,0.3059537410736084,9,1,0,0,0.9181298613548279,0.18587684631347656,0.12007689476013184,0.39246748328285,worker2,worker2,worker2,0,0.0,0.18587684631347656,0.0
model_1,90,1,0.3677408695220947,4,4,1,1,0.9994934797286987,0.2803225517272949,0.0874183177947998,0.2377171672770723,worker2,worker2,worker2,0,0.0,0.2803225517272949,0.0
model_1,91,1,0.8369700908660889,7,7,1,3,0.4233100414276123,0.6522362232208252,0.18473386764526367,0.22071740634614886,worker2->worker3->worker3,worker2,worker3,0,0.0,0.2714104652404785,0.3808257579803467
model_1,92,1,0.625499963760376,2,2,1,2,0.9801661372184753,0.4141371250152588,0.2113628387451172,0.3379102333986523,worker2->worker3,worker2,worker3,0,0.0,0.2741215229034424,0.1400156021118164
model_1,93,1,0.28832244873046875,4,4,1,0,0.8304460644721985,0.18357229232788086,0.10475015640258789,0.363309055066021,worker2,worker2,worker2,0,0.0,0.18357229232788086,0.0
model_1,94,1,0.558387279510498,2,8,0,2,0.8322958946228027,0.3996315002441406,0.15875577926635742,0.28431123897651883,worker2->worker3,worker2,worker3,0,0.0,0.2778661251068115,0.1217653751373291
model_1,95,1,0.28679633140563965,5,5,1,0,0.8983569145202637,0.18379592895507812,0.10300040245056152,0.35914128310407006,worker2,worker2,worker2,0,0.0,0.18379592895507812,0.0
model_1,96,1,0.5707714557647705,0,0,1,2,0.7716735601425171,0.4174537658691406,0.15331768989562988,0.26861485161377097,worker2->worker3,worker2,worker3,0,0.0,0.2789134979248047,0.13854026794433594
model_1,97,1,0.3862483501434326,1,1,1,1,0.9392036199569702,0.27568840980529785,0.11055994033813477,0.28624055040514357,worker2,worker2,worker2,0,0.0,0.27568840980529785,0.0
model_1,98,1,0.786221981048584,0,0,1,3,0.8936209082603455,0.6166636943817139,0.16955828666687012,0.21566210402910677,worker2->worker3->worker3,worker2,worker3,0,0.0,0.274519681930542,0.3421440124511719
model_1,99,1,0.3562159538269043,2,2,1,1,0.9805400967597961,0.27414703369140625,0.08206892013549805,0.23039091667235578,worker2,worker2,worker2,0,0.0,0.27414703369140625,0.0
model_1,100,1,0.3542027473449707,8,0,0,1,0.9838500022888184,0.2724771499633789,0.0817255973815918,0.23073112220102662,worker2,worker2,worker2,0,0.0,0.2724771499633789,0.0
model_1,101,1,0.41089653968811035,0,0,1,1,0.9434777498245239,0.27230215072631836,0.138594388961792,0.337297532529701,worker2,worker2,worker2,0,0.0,0.27230215072631836,0.0
model_1,102,1,0.2662522792816162,8,8,1,0,0.9742196798324585,0.18200945854187012,0.0842428207397461,0.31640225190576526,worker2,worker2,worker2,0,0.0,0.18200945854187012,0.0
model_1,103,1,0.26889824867248535,3,3,1,0,0.694382905960083,0.1864175796508789,0.08248066902160645,0.30673561255531584,worker2,worker2,worker2,0,0.0,0.1864175796508789,0.0
model_1,104,1,0.2707822322845459,8,8,1,0,0.9916018843650818,0.18743276596069336,0.08334946632385254,0.30780995348419493,worker2,worker2,worker2,0,0.0,0.18743276596069336,0.0
model_1,105,1,0.3609468936920166,3,6,0,1,0.6975107789039612,0.27832555770874023,0.08262133598327637,0.2289016401780542,worker2,worker2,worker2,0,0.0,0.27832555770874023,0.0
model_1,106,1,0.35977649688720703,1,1,1,1,0.9122942686080933,0.27256083488464355,0.08721566200256348,0.2424162299570845,worker2,worker2,worker2,0,0.0,0.27256083488464355,0.0
model_1,107,1,0.27539587020874023,8,8,1,0,0.8672927618026733,0.18877100944519043,0.0866248607635498,0.31454669490102105,worker2,worker2,worker2,0,0.0,0.18877100944519043,0.0
model_1,108,1,0.36087894439697266,9,0,0,1,0.7904924154281616,0.27726197242736816,0.08361697196960449,0.23170365926814637,worker2,worker2,worker2,0,0.0,0.27726197242736816,0.0
model_1,109,1,0.26887965202331543,3,3,1,0,0.8236808776855469,0.1829209327697754,0.08595871925354004,0.319692169365372,worker2,worker2,worker2,0,0.0,0.1829209327697754,0.0
model_1,110,1,0.2676551342010498,4,4,1,0,0.7529715299606323,0.180405855178833,0.0872492790222168,0.3259764819481448,worker2,worker2,worker2,0,0.0,0.180405855178833,0.0
model_1,111,1,0.578995943069458,2,2,1,2,0.989988386631012,0.41206908226013184,0.16692686080932617,0.28830402493735807,worker2->worker3,worker2,worker3,0,0.0,0.27002739906311035,0.14204168319702148
model_1,112,1,0.671288013458252,6,6,1,2,0.9730241894721985,0.4396848678588867,0.23160314559936523,0.3450130807583217,worker2->worker3,worker2,worker3,0,0.0,0.27434635162353516,0.16533851623535156
model_1,113,1,0.3308532238006592,5,5,1,0,0.8713359236717224,0.18786096572875977,0.14299225807189941,0.43219242789682777,worker2,worker2,worker2,0,0.0,0.18786096572875977,0.0
model_1,114,1,0.2678396701812744,7,5,0,0,0.8738328218460083,0.18640685081481934,0.08143281936645508,0.3040356916185761,worker2,worker2,worker2,0,0.0,0.18640685081481934,0.0
model_1,115,1,0.4278581142425537,3,3,1,1,0.8147445321083069,0.2829594612121582,0.1448986530303955,0.33866052368064276,worker2,worker2,worker2,0,0.0,0.2829594612121582,0.0
model_1,116,1,0.26647305488586426,7,7,1,0,0.9981822967529297,0.18119335174560547,0.08527970314025879,0.32003124359716517,worker2,worker2,worker2,0,0.0,0.18119335174560547,0.0
model_1,117,1,0.5479896068572998,7,0,0,2,0.8458537459373474,0.40372323989868164,0.14426636695861816,0.2632647866918142,worker2->worker3,worker2,worker3,0,0.0,0.27638983726501465,0.127333402633667
model_1,118,1,0.37940049171447754,3,3,1,1,0.9988152980804443,0.2722451686859131,0.10715532302856445,0.28243327399060275,worker2,worker2,worker2,0,0.0,0.2722451686859131,0.0
model_1,119,1,0.27330923080444336,5,3,0,0,0.5385247468948364,0.18126153945922852,0.09204769134521484,0.33678954448148984,worker2,worker2,worker2,0,0.0,0.18126153945922852,0.0
model_1,120,1,0.27266669273376465,1,1,1,0,0.8420365452766418,0.18688464164733887,0.08578205108642578,0.31460406926263085,worker2,worker2,worker2,0,0.0,0.18688464164733887,0.0
model_1,121,1,0.2803330421447754,8,8,1,0,0.7053479552268982,0.19472575187683105,0.08560729026794434,0.30537709580354516,worker2,worker2,worker2,0,0.0,0.19472575187683105,0.0
model_1,122,1,0.2713789939880371,3,3,1,0,0.787474513053894,0.18872666358947754,0.08265233039855957,0.304564215468361,worker2,worker2,worker2,0,0.0,0.18872666358947754,0.0
model_1,123,1,0.27042412757873535,7,7,1,0,0.9861412048339844,0.18726611137390137,0.08315801620483398,0.3075096033382676,worker2,worker2,worker2,0,0.0,0.18726611137390137,0.0
model_1,124,1,0.5499782562255859,6,6,1,2,0.4952607750892639,0.40416502952575684,0.1458132266998291,0.2651254391410349,worker2->worker3,worker2,worker3,0,0.0,0.2782914638519287,0.12587356567382812
model_1,125,1,0.28992533683776855,8,8,1,0,0.9934953451156616,0.1905195713043213,0.09940576553344727,0.3428667760385186,worker2,worker2,worker2,0,0.0,0.1905195713043213,0.0
model_1,126,1,0.3618600368499756,9,9,1,1,0.7362514734268188,0.2754244804382324,0.08643555641174316,0.23886460954398975,worker2,worker2,worker2,0,0.0,0.2754244804382324,0.0
model_1,127,1,0.36718177795410156,9,1,0,1,0.8002376556396484,0.27899885177612305,0.08818292617797852,0.24016149894290656,worker2,worker2,worker2,0,0.0,0.27899885177612305,0.0
model_1,128,1,0.2718334197998047,2,2,1,0,0.9368650317192078,0.1882622241973877,0.08357119560241699,0.3074353244128853,worker2,worker2,worker2,0,0.0,0.1882622241973877,0.0
model_1,129,1,0.3673272132873535,8,8,1,1,0.9998879432678223,0.28446030616760254,0.08286690711975098,0.2255942498192359,worker2,worker2,worker2,0,0.0,0.28446030616760254,0.0
model_1,130,1,0.2638700008392334,1,1,1,0,0.8392543196678162,0.18207740783691406,0.08179259300231934,0.30997306530556556,worker2,worker2,worker2,0,0.0,0.18207740783691406,0.0
model_1,131,1,0.27722930908203125,4,2,0,0,0.7708985209465027,0.19292426109313965,0.0843050479888916,0.3040986116080029,worker2,worker2,worker2,0,0.0,0.19292426109313965,0.0
model_1,132,1,0.2696835994720459,3,3,1,0,0.6976746320724487,0.18621277809143066,0.08347082138061523,0.3095138953352164,worker2,worker2,worker2,0,0.0,0.18621277809143066,0.0
model_1,133,1,0.5662658214569092,2,2,1,2,0.9827521443367004,0.4228501319885254,0.1434156894683838,0.25326566434717657,worker2->worker3,worker2,worker3,0,0.0,0.28276491165161133,0.14008522033691406
model_1,134,1,0.3093111515045166,2,2,1,0,0.9709251523017883,0.1861734390258789,0.1231377124786377,0.3981030489191387,worker2,worker2,worker2,0,0.0,0.1861734390258789,0.0
model_1,135,1,0.3645927906036377,8,8,1,1,0.9529017806053162,0.2809441089630127,0.083648681640625,0.22943043251659515,worker2,worker2,worker2,0,0.0,0.2809441089630127,0.0
model_1,136,1,0.2720601558685303,5,5,1,0,0.9302339553833008,0.18628883361816406,0.08577132225036621,0.3152660189308064,worker2,worker2,worker2,0,0.0,0.18628883361816406,0.0
model_1,137,1,0.27593231201171875,3,5,0,0,0.7577511072158813,0.19088029861450195,0.0850520133972168,0.30823506234965575,worker2,worker2,worker2,0,0.0,0.19088029861450195,0.0
model_1,138,1,0.268627405166626,4,4,1,0,0.9554255604743958,0.18584632873535156,0.08278107643127441,0.308163183797001,worker2,worker2,worker2,0,0.0,0.18584632873535156,0.0
model_1,139,1,0.7609107494354248,2,2,1,3,0.6511898636817932,0.6146321296691895,0.14627861976623535,0.19224149464936607,worker2->worker3->worker3,worker2,worker3,0,0.0,0.28277111053466797,0.3318610191345215
model_1,140,1,0.30643320083618164,6,2,0,0,0.8138397336006165,0.18637323379516602,0.12005996704101562,0.39179816910635396,worker2,worker2,worker2,0,0.0,0.18637323379516602,0.0
model_1,141,1,0.362682580947876,2,2,1,1,0.731514573097229,0.27756571769714355,0.08511686325073242,0.2346869348626513,worker2,worker2,worker2,0,0.0,0.27756571769714355,0.0
model_1,142,1,0.36440253257751465,7,7,1,1,0.9323136806488037,0.2730228900909424,0.09137964248657227,0.2507656624673273,worker2,worker2,worker2,0,0.0,0.2730228900909424,0.0
model_1,143,1,0.2706916332244873,1,1,1,0,0.884669303894043,0.18612051010131836,0.08457112312316895,0.31242606990011124,worker2,worker2,worker2,0,0.0,0.18612051010131836,0.0
model_1,144,1,0.2685980796813965,6,6,1,0,0.9857023358345032,0.1877460479736328,0.08085203170776367,0.3010149283407688,worker2,worker2,worker2,0,0.0,0.1877460479736328,0.0
model_1,145,1,0.36696314811706543,8,8,1,1,0.9099010229110718,0.27657580375671387,0.09038734436035156,0.24631177496743342,worker2,worker2,worker2,0,0.0,0.27657580375671387,0.0
model_1,146,1,0.2646613121032715,1,1,1,0,0.8981431126594543,0.18213200569152832,0.08252930641174316,0.31182988460187194,worker2,worker2,worker2,0,0.0,0.18213200569152832,0.0
model_1,147,1,0.27772974967956543,9,1,0,0,0.8270379900932312,0.1913468837738037,0.08638286590576172,0.31103209506877516,worker2,worker2,worker2,0,0.0,0.1913468837738037,0.0
model_1,148,1,0.27304625511169434,6,6,1,0,0.9876320362091064,0.19218945503234863,0.0808568000793457,0.2961285810210794,worker2,worker2,worker2,0,0.0,0.19218945503234863,0.0
model_1,149,1,0.27099061012268066,7,7,1,0,0.9803531169891357,0.1890246868133545,0.08196592330932617,0.3024677617878318,worker2,worker2,worker2,0,0.0,0.1890246868133545,0.0
model_1,150,1,0.2736217975616455,4,4,1,0,0.8516695499420166,0.18992114067077637,0.08370065689086914,0.30589908273668087,worker2,worker2,worker2,0,0.0,0.18992114067077637,0.0
model_1,151,1,0.3616461753845215,0,0,1,1,0.8806735873222351,0.27731847763061523,0.08432769775390625,0.23317735259952507,worker2,worker2,worker2,0,0.0,0.27731847763061523,0.0
model_1,152,1,0.3645334243774414,3,3,1,1,0.8048291802406311,0.27463245391845703,0.08990097045898438,0.24661927945981724,worker2,worker2,worker2,0,0.0,0.27463245391845703,0.0
model_1,153,1,0.2764577865600586,9,1,0,0,0.8777807950973511,0.18140792846679688,0.09504985809326172,0.3438132789673217,worker2,worker2,worker2,0,0.0,0.18140792846679688,0.0
model_1,154,1,0.28098130226135254,5,6,0,0,0.7221587300300598,0.1911635398864746,0.08981776237487793,0.3196574350393417,worker2,worker2,worker2,0,0.0,0.1911635398864746,0.0
model_1,155,1,0.2754554748535156,8,8,1,0,0.9996660947799683,0.19325828552246094,0.08219718933105469,0.2984046310016757,worker2,worker2,worker2,0,0.0,0.19325828552246094,0.0
model_1,156,1,0.36354637145996094,5,5,1,1,0.6283237338066101,0.28324103355407715,0.08030533790588379,0.22089434583925752,worker2,worker2,worker2,0,0.0,0.28324103355407715,0.0
model_1,157,1,0.3580183982849121,6,1,0,1,0.9096251726150513,0.277573823928833,0.0804445743560791,0.22469396752080062,worker2,worker2,worker2,0,0.0,0.277573823928833,0.0
model_1,158,1,0.2779397964477539,5,5,1,0,0.9644933938980103,0.18397951126098633,0.09396028518676758,0.33805984744768236,worker2,worker2,worker2,0,0.0,0.18397951126098633,0.0
model_1,159,1,0.35869407653808594,2,2,1,1,0.8981663584709167,0.27719950675964355,0.08149456977844238,0.2271979804210381,worker2,worker2,worker2,0,0.0,0.27719950675964355,0.0
model_1,160,1,0.35764002799987793,3,5,0,1,0.8083117008209229,0.27326416969299316,0.08437585830688477,0.2359239785847281,worker2,worker2,worker2,0,0.0,0.27326416969299316,0.0
model_1,161,1,0.2626791000366211,4,4,1,0,0.9333646297454834,0.18096923828125,0.0817098617553711,0.3110634296523005,worker2,worker2,worker2,0,0.0,0.18096923828125,0.0
model_1,162,1,0.36342692375183105,6,0,0,1,0.9783132076263428,0.28103041648864746,0.0823965072631836,0.22672097711574252,worker2,worker2,worker2,0,0.0,0.28103041648864746,0.0
model_1,163,1,0.26337647438049316,4,4,1,0,0.9418591260910034,0.18226361274719238,0.08111286163330078,0.3079730709589465,worker2,worker2,worker2,0,0.0,0.18226361274719238,0.0
model_1,164,1,0.3616483211517334,9,9,1,1,0.9991061091423035,0.27997350692749023,0.08167481422424316,0.22584043516125055,worker2,worker2,worker2,0,0.0,0.27997350692749023,0.0
model_1,165,1,0.2631356716156006,8,8,1,0,0.9989147186279297,0.18218350410461426,0.08095216751098633,0.3076442164376884,worker2,worker2,worker2,0,0.0,0.18218350410461426,0.0
model_1,166,1,0.35949087142944336,1,1,1,1,0.9882937669754028,0.27837395668029785,0.08111691474914551,0.22564387915220313,worker2,worker2,worker2,0,0.0,0.27837395668029785,0.0
model_1,167,1,0.3549339771270752,0,0,1,1,0.9928672313690186,0.27369141578674316,0.08124256134033203,0.22889485531345785,worker2,worker2,worker2,0,0.0,0.27369141578674316,0.0
model_1,168,1,0.2728285789489746,1,1,1,0,0.9998319149017334,0.19146013259887695,0.08136844635009766,0.29824018679991543,worker2,worker2,worker2,0,0.0,0.19146013259887695,0.0
model_1,169,1,0.2678072452545166,7,7,1,0,0.9362266659736633,0.18684101104736328,0.08096623420715332,0.3023302604461102,worker2,worker2,worker2,0,0.0,0.18684101104736328,0.0
model_1,170,1,0.27265095710754395,8,8,1,0,0.9169052243232727,0.191664457321167,0.08098649978637695,0.2970336163332549,worker2,worker2,worker2,0,0.0,0.191664457321167,0.0
model_1,171,1,0.2703211307525635,0,0,1,0,0.7553619146347046,0.18808484077453613,0.08223628997802734,0.304217024207781,worker2,worker2,worker2,0,0.0,0.18808484077453613,0.0
model_1,172,1,0.36255764961242676,7,7,1,1,0.9869917631149292,0.28235363960266113,0.08020401000976562,0.22121726047017218,worker2,worker2,worker2,0,0.0,0.28235363960266113,0.0
model_1,173,1,0.3528122901916504,5,5,1,1,0.9896788597106934,0.2725095748901367,0.08030271530151367,0.22760747721654653,worker2,worker2,worker2,0,0.0,0.2725095748901367,0.0
model_1,174,1,0.35289692878723145,6,6,1,1,0.9030207991600037,0.2725026607513428,0.08039426803588867,0.22781231990930692,worker2,worker2,worker2,0,0.0,0.2725026607513428,0.0
model_1,175,1,0.26697444915771484,2,2,1,0,0.9032521843910217,0.18506550788879395,0.0819089412689209,0.3068044208999689,worker2,worker2,worker2,0,0.0,0.18506550788879395,0.0
model_1,176,1,0.7634155750274658,2,1,0,3,0.49312588572502136,0.6204328536987305,0.14298272132873535,0.18729342969403157,worker2->worker3->worker3,worker2,worker3,0,0.0,0.27855992317199707,0.3418729305267334
model_1,177,1,0.2745692729949951,0,0,1,0,0.9062394499778748,0.18903541564941406,0.08553385734558105,0.31152013629412995,worker2,worker2,worker2,0,0.0,0.18903541564941406,0.0
model_1,178,1,0.3451247215270996,7,7,1,0,0.9298492670059204,0.18829679489135742,0.1568279266357422,0.4544094260817183,worker2,worker2,worker2,0,0.0,0.18829679489135742,0.0
model_1,179,1,0.2772970199584961,5,5,1,0,0.769648551940918,0.19223546981811523,0.08506155014038086,0.3067524856672181,worker2,worker2,worker2,0,0.0,0.19223546981811523,0.0
model_1,180,1,0.271700382232666,3,3,1,0,0.925047755241394,0.18899917602539062,0.08270120620727539,0.3043838419647699,worker2,worker2,worker2,0,0.0,0.18899917602539062,0.0
model_1,181,1,0.2741549015045166,5,5,1,0,0.8922517895698547,0.18707823753356934,0.08707666397094727,0.3176184831753326,worker2,worker2,worker2,0,0.0,0.18707823753356934,0.0
model_1,182,1,0.2860565185546875,5,5,1,0,0.9536311626434326,0.19328808784484863,0.09276843070983887,0.32430105483544036,worker2,worker2,worker2,0,0.0,0.19328808784484863,0.0
model_1,183,1,0.2713034152984619,7,7,1,0,0.9878582954406738,0.18669652938842773,0.08460688591003418,0.3118533757378536,worker2,worker2,worker2,0,0.0,0.18669652938842773,0.0
model_1,184,1,0.2751317024230957,8,8,1,0,0.9689936637878418,0.18913793563842773,0.08599376678466797,0.3125549183438967,worker2,worker2,worker2,0,0.0,0.18913793563842773,0.0
model_1,185,1,0.5531101226806641,5,5,1,2,0.7934825420379639,0.4057745933532715,0.14733552932739258,0.26637648324591623,worker2->worker3,worker2,worker3,0,0.0,0.2796039581298828,0.12617063522338867
model_1,186,1,0.5957431793212891,4,4,1,2,0.9888448119163513,0.4336833953857422,0.16205978393554688,0.2720296086648887,worker2->worker3,worker2,worker3,0,0.0,0.27645039558410645,0.15723299980163574
model_1,187,1,0.31736207008361816,1,1,1,0,0.7888223528862,0.19070196151733398,0.12666010856628418,0.39910285603100565,worker2,worker2,worker2,0,0.0,0.19070196151733398,0.0
model_1,188,1,0.6228744983673096,3,2,0,2,0.7489118576049805,0.4681813716888428,0.1546931266784668,0.24835360427172945,worker2->worker3,worker2,worker3,0,0.0,0.2777371406555176,0.1904442310333252
model_1,189,1,0.2747359275817871,8,1,0,0,0.9490959048271179,0.18659305572509766,0.08814287185668945,0.3208276130192324,worker2,worker2,worker2,0,0.0,0.18659305572509766,0.0
model_1,190,1,0.26900267601013184,9,9,1,0,0.9095849394798279,0.18738532066345215,0.08161735534667969,0.3034072246314963,worker2,worker2,worker2,0,0.0,0.18738532066345215,0.0
model_1,191,1,0.26897692680358887,5,5,1,0,0.8496706485748291,0.18914294242858887,0.079833984375,0.296806069292687,worker2,worker2,worker2,0,0.0,0.18914294242858887,0.0
model_1,192,1,0.35922908782958984,3,7,0,1,0.9366216063499451,0.2791876792907715,0.08004140853881836,0.2228143857236533,worker2,worker2,worker2,0,0.0,0.2791876792907715,0.0
model_1,193,1,0.35448670387268066,7,7,1,1,0.7646092772483826,0.27326130867004395,0.08122539520263672,0.22913523783901937,worker2,worker2,worker2,0,0.0,0.27326130867004395,0.0
model_1,194,1,0.2650468349456787,8,8,1,0,0.8606231808662415,0.18519949913024902,0.07984733581542969,0.30125745825938416,worker2,worker2,worker2,0,0.0,0.18519949913024902,0.0
model_1,195,1,0.2676212787628174,7,0,0,0,0.8411685228347778,0.18721628189086914,0.08040499687194824,0.3004432130496176,worker2,worker2,worker2,0,0.0,0.18721628189086914,0.0
model_1,196,1,0.2694430351257324,1,1,1,0,0.9949172735214233,0.18833708763122559,0.08110594749450684,0.3010133383357254,worker2,worker2,worker2,0,0.0,0.18833708763122559,0.0
model_1,197,1,0.3630027770996094,6,6,1,1,0.7647853493690491,0.2821211814880371,0.08088159561157227,0.22281260837125233,worker2,worker2,worker2,0,0.0,0.2821211814880371,0.0
model_1,198,1,0.26305055618286133,8,8,1,0,0.8807522058486938,0.18223333358764648,0.08081722259521484,0.3072307611432466,worker2,worker2,worker2,0,0.0,0.18223333358764648,0.0
model_1,199,1,0.27082061767578125,1,1,1,0,0.989992082118988,0.18959283828735352,0.08122777938842773,0.2999320365101276,worker2,worker2,worker2,0,0.0,0.18959283828735352,0.0
model_1,200,1,0.2710232734680176,9,9,1,0,0.9513118267059326,0.1890249252319336,0.08199834823608398,0.30255094769844665,worker2,worker2,worker2,0,0.0,0.1890249252319336,0.0
model_1,201,1,0.26763343811035156,6,6,1,0,0.925929069519043,0.18628454208374023,0.08134889602661133,0.3039563987257424,worker2,worker2,worker2,0,0.0,0.18628454208374023,0.0
model_1,202,1,0.3587040901184082,6,6,1,1,0.9988223910331726,0.27797460556030273,0.08072948455810547,0.22505872328206983,worker2,worker2,worker2,0,0.0,0.27797460556030273,0.0
model_1,203,1,0.2639923095703125,7,7,1,0,0.9736552834510803,0.18224763870239258,0.08174467086791992,0.3096479249754349,worker2,worker2,worker2,0,0.0,0.18224763870239258,0.0
model_1,204,1,0.2705366611480713,1,1,1,0,0.944318950176239,0.18858647346496582,0.08195018768310547,0.3029171252995251,worker2,worker2,worker2,0,0.0,0.18858647346496582,0.0
model_1,205,1,0.268359899520874,6,6,1,0,0.9654122591018677,0.1875603199005127,0.08079957962036133,0.301086636880621,worker2,worker2,worker2,0,0.0,0.1875603199005127,0.0
model_1,206,1,0.27714991569519043,9,1,0,0,0.8195995688438416,0.1956465244293213,0.08150339126586914,0.29407691162896327,worker2,worker2,worker2,0,0.0,0.1956465244293213,0.0
model_1,207,1,0.26761722564697266,6,6,1,0,0.8747805953025818,0.18585705757141113,0.08176016807556152,0.3055116047851698,worker2,worker2,worker2,0,0.0,0.18585705757141113,0.0
model_1,208,1,0.3579127788543701,6,0,0,1,0.9783908724784851,0.27636289596557617,0.08154988288879395,0.2278484807103674,worker2,worker2,worker2,0,0.0,0.27636289596557617,0.0
model_1,209,1,0.7176787853240967,4,6,0,3,0.4091918468475342,0.5748038291931152,0.14287495613098145,0.19907925251888353,worker2->worker3->worker3,worker2,worker3,0,0.0,0.2723844051361084,0.30241942405700684
model_1,210,1,0.2661924362182617,6,6,1,0,0.8439655303955078,0.1835777759552002,0.08261466026306152,0.3103569035873074,worker2,worker2,worker2,0,0.0,0.1835777759552002,0.0
model_1,211,1,0.6391732692718506,6,2,0,2,0.8181082606315613,0.4568760395050049,0.1822972297668457,0.28520784352343087,worker2->worker3,worker2,worker3,0,0.0,0.28998851776123047,0.16688752174377441
model_1,212,1,0.8006846904754639,0,0,1,3,0.592857837677002,0.6086153984069824,0.19206929206848145,0.2398813095257592,worker2->worker3->worker3,worker2,worker3,0,0.0,0.2778306007385254,0.33078479766845703
model_1,213,1,0.3616011142730713,6,2,0,1,0.9517208933830261,0.27796506881713867,0.08363604545593262,0.23129366076226457,worker2,worker2,worker2,0,0.0,0.27796506881713867,0.0
model_1,214,1,0.26528024673461914,9,9,1,0,0.8429169058799744,0.18307828903198242,0.08220195770263672,0.3098683702027383,worker2,worker2,worker2,0,0.0,0.18307828903198242,0.0
model_1,215,1,0.3677558898925781,6,7,0,1,0.9840599298477173,0.28244638442993164,0.08530950546264648,0.23197318603806857,worker2,worker2,worker2,0,0.0,0.28244638442993164,0.0
model_1,216,1,0.2643606662750244,8,8,1,0,0.9924821257591248,0.1816723346710205,0.0826883316040039,0.312786061440699,worker2,worker2,worker2,0,0.0,0.1816723346710205,0.0
model_1,217,1,0.26717329025268555,9,1,0,0,0.800979495048523,0.18428802490234375,0.0828852653503418,0.31023035750299394,worker2,worker2,worker2,0,0.0,0.18428802490234375,0.0
model_1,218,1,0.26809144020080566,8,8,1,0,0.8618020415306091,0.18573880195617676,0.0823526382446289,0.30718115499303217,worker2,worker2,worker2,0,0.0,0.18573880195617676,0.0
model_1,219,1,0.26522088050842285,2,6,0,0,0.9111018776893616,0.1847379207611084,0.08048295974731445,0.30345634775448416,worker2,worker2,worker2,0,0.0,0.1847379207611084,0.0
model_1,220,1,0.3614964485168457,5,5,1,1,0.8096495270729065,0.28118300437927246,0.08031344413757324,0.22216938635797037,worker2,worker2,worker2,0,0.0,0.28118300437927246,0.0
model_1,221,1,0.3561058044433594,5,5,1,1,0.8592778444290161,0.2753770351409912,0.08072876930236816,0.22669883022142237,worker2,worker2,worker2,0,0.0,0.2753770351409912,0.0
model_1,222,1,0.3522815704345703,9,8,0,1,0.9635308980941772,0.2713124752044678,0.08096909523010254,0.2298419844393791,worker2,worker2,worker2,0,0.0,0.2713124752044678,0.0
model_1,223,1,0.27146410942077637,5,5,1,0,0.7528488039970398,0.18364548683166504,0.08781862258911133,0.32349993808201805,worker2,worker2,worker2,0,0.0,0.18364548683166504,0.0
model_1,224,1,0.3615736961364746,9,9,1,1,0.9990884065628052,0.2770862579345703,0.0844874382019043,0.23366588638686492,worker2,worker2,worker2,0,0.0,0.2770862579345703,0.0
model_1,225,1,0.265519380569458,0,0,1,0,0.5975388884544373,0.18260931968688965,0.08291006088256836,0.312256155105332,worker2,worker2,worker2,0,0.0,0.18260931968688965,0.0
model_1,226,1,0.26729416847229004,6,6,1,0,0.9666780829429626,0.18570184707641602,0.08159232139587402,0.30525290492573004,worker2,worker2,worker2,0,0.0,0.18570184707641602,0.0
model_1,227,1,0.2733621597290039,8,8,1,0,0.9997844099998474,0.18983912467956543,0.08352303504943848,0.3055398564755216,worker2,worker2,worker2,0,0.0,0.18983912467956543,0.0
model_1,228,1,0.2685220241546631,7,7,1,0,0.8988847136497498,0.18764615058898926,0.08087587356567383,0.30118897628706615,worker2,worker2,worker2,0,0.0,0.18764615058898926,0.0
model_1,229,1,0.26636385917663574,6,6,1,0,0.7478315234184265,0.18560242652893066,0.08076143264770508,0.30319966416370764,worker2,worker2,worker2,0,0.0,0.18560242652893066,0.0
model_1,230,1,0.2704331874847412,6,2,0,0,0.5488532185554504,0.1875746250152588,0.08285856246948242,0.30639198997777445,worker2,worker2,worker2,0,0.0,0.1875746250152588,0.0
model_1,231,1,0.27073240280151367,0,0,1,0,0.8576487898826599,0.18950247764587402,0.08122992515563965,0.30003769151782334,worker2,worker2,worker2,0,0.0,0.18950247764587402,0.0
model_1,232,1,0.36151885986328125,3,3,1,1,0.6516355276107788,0.27858972549438477,0.08292913436889648,0.2293908937427456,worker2,worker2,worker2,0,0.0,0.27858972549438477,0.0
model_1,233,1,0.26367950439453125,4,4,1,0,0.9268711805343628,0.18096113204956055,0.0827183723449707,0.31370800902751655,worker2,worker2,worker2,0,0.0,0.18096113204956055,0.0
model_1,234,1,0.3569066524505615,9,9,1,1,0.9989739656448364,0.27630114555358887,0.08060550689697266,0.22584478698709062,worker2,worker2,worker2,0,0.0,0.27630114555358887,0.0
model_1,235,1,0.557776927947998,5,7,0,2,0.8100273013114929,0.4133875370025635,0.14438939094543457,0.2588658363418289,worker2->worker3,worker2,worker3,0,0.0,0.27108216285705566,0.1423053741455078
model_1,236,1,0.4005897045135498,4,4,1,1,0.9966896772384644,0.27669739723205566,0.12389230728149414,0.3092748163159633,worker2,worker2,worker2,0,0.0,0.27669739723205566,0.0
model_1,237,1,0.2680072784423828,4,4,1,0,0.864910364151001,0.18502044677734375,0.08298683166503906,0.3096439475351035,worker2,worker2,worker2,0,0.0,0.18502044677734375,0.0
model_1,238,1,0.3370659351348877,4,4,1,0,0.9762536883354187,0.18610668182373047,0.15095925331115723,0.4478626807860191,worker2,worker2,worker2,0,0.0,0.18610668182373047,0.0
model_1,239,1,0.3711376190185547,8,8,1,1,0.971634030342102,0.2892463207244873,0.08189129829406738,0.22064941438871843,worker2,worker2,worker2,0,0.0,0.2892463207244873,0.0
model_1,240,1,0.26259517669677734,7,7,1,0,0.9532581567764282,0.18172645568847656,0.08086872100830078,0.30795965876281545,worker2,worker2,worker2,0,0.0,0.18172645568847656,0.0
model_1,241,1,0.26355886459350586,1,1,1,0,0.7584136128425598,0.18155121803283691,0.08200764656066895,0.3111549546517876,worker2,worker2,worker2,0,0.0,0.18155121803283691,0.0
model_1,242,1,0.3526935577392578,2,2,1,1,0.9305416941642761,0.27231693267822266,0.08037662506103516,0.22789365809867343,worker2,worker2,worker2,0,0.0,0.27231693267822266,0.0
model_1,243,1,0.3562917709350586,3,5,0,1,0.9934712648391724,0.27132463455200195,0.08496713638305664,0.23847628071809615,worker2,worker2,worker2,0,0.0,0.27132463455200195,0.0
model_1,244,1,0.2683219909667969,6,6,1,0,0.9388352036476135,0.18085646629333496,0.08746552467346191,0.32597225578981787,worker2,worker2,worker2,0,0.0,0.18085646629333496,0.0
model_1,245,1,0.2704777717590332,7,5,0,0,0.9554699063301086,0.18133878707885742,0.08913898468017578,0.32956122087396184,worker2,worker2,worker2,0,0.0,0.18133878707885742,0.0
model_1,246,1,0.26769471168518066,4,2,0,0,0.8082110285758972,0.18148064613342285,0.08621406555175781,0.32206114573211625,worker2,worker2,worker2,0,0.0,0.18148064613342285,0.0
model_1,247,1,0.3540353775024414,4,2,0,1,0.956047773361206,0.2720208168029785,0.08201456069946289,0.2316563990809007,worker2,worker2,worker2,0,0.0,0.2720208168029785,0.0
model_1,248,1,0.6000652313232422,2,2,1,2,0.975197970867157,0.40253305435180664,0.19753217697143555,0.3291845063841555,worker2->worker3,worker2,worker3,0,0.0,0.27188706398010254,0.1306459903717041
model_1,249,1,0.29845499992370605,6,6,1,0,0.9788569211959839,0.1851203441619873,0.11333465576171875,0.379737835823459,worker2,worker2,worker2,0,0.0,0.1851203441619873,0.0
model_1,250,1,0.262798547744751,8,8,1,0,0.9259387850761414,0.18022537231445312,0.08257317543029785,0.3142071222954356,worker2,worker2,worker2,0,0.0,0.18022537231445312,0.0
model_1,251,1,0.28040337562561035,7,4,0,0,0.7998475432395935,0.18006443977355957,0.10033893585205078,0.3578378314033621,worker2,worker2,worker2,0,0.0,0.18006443977355957,0.0
model_1,252,1,0.35465097427368164,3,3,1,1,0.9996851682662964,0.27254724502563477,0.08210372924804688,0.2315057202822965,worker2,worker2,worker2,0,0.0,0.27254724502563477,0.0
model_1,253,1,0.32189106941223145,6,6,1,0,0.8202880024909973,0.17885875701904297,0.14303231239318848,0.44435004877383977,worker2,worker2,worker2,0,0.0,0.17885875701904297,0.0
model_1,254,1,0.26670217514038086,6,6,1,0,0.9908714890480042,0.1809687614440918,0.08573341369628906,0.3214574971170092,worker2,worker2,worker2,0,0.0,0.1809687614440918,0.0
model_1,255,1,0.2762875556945801,8,0,0,0,0.9118125438690186,0.1799783706665039,0.09630918502807617,0.3485831447817375,worker2,worker2,worker2,0,0.0,0.1799783706665039,0.0
model_1,256,1,0.35414743423461914,4,2,0,1,0.69411301612854,0.2707245349884033,0.08342289924621582,0.2355598013197774,worker2,worker2,worker2,0,0.0,0.2707245349884033,0.0
model_1,257,1,0.26519298553466797,4,4,1,0,0.908889651298523,0.18241477012634277,0.0827782154083252,0.3121433066618718,worker2,worker2,worker2,0,0.0,0.18241477012634277,0.0
model_1,258,1,0.2599222660064697,6,6,1,0,0.9926706552505493,0.17906546592712402,0.0808568000793457,0.3110806985552099,worker2,worker2,worker2,0,0.0,0.17906546592712402,0.0
model_1,259,1,0.35535359382629395,4,4,1,1,0.990632176399231,0.27245402336120605,0.08289957046508789,0.23328755331404177,worker2,worker2,worker2,0,0.0,0.27245402336120605,0.0
model_1,260,1,0.26869869232177734,6,6,1,0,0.8015559911727905,0.1809835433959961,0.08771514892578125,0.32644427171509593,worker2,worker2,worker2,0,0.0,0.1809835433959961,0.0
model_1,261,1,0.2619004249572754,6,2,0,0,0.9013439416885376,0.17983078956604004,0.08206963539123535,0.3133619787162377,worker2,worker2,worker2,0,0.0,0.17983078956604004,0.0
model_1,262,1,0.3259150981903076,9,1,0,0,0.9196633696556091,0.18372869491577148,0.14218640327453613,0.4362682307878568,worker2,worker2,worker2,0,0.0,0.18372869491577148,0.0
model_1,263,1,0.26387643814086914,6,6,1,0,0.9339561462402344,0.18036746978759766,0.08350896835327148,0.3164699695873969,worker2,worker2,worker2,0,0.0,0.18036746978759766,0.0
model_1,264,1,0.3204953670501709,9,9,1,0,0.7858684062957764,0.17931151390075684,0.14118385314941406,0.44051761012605495,worker2,worker2,worker2,0,0.0,0.17931151390075684,0.0
model_1,265,1,0.8156523704528809,2,2,1,3,0.5775620937347412,0.6485404968261719,0.16711187362670898,0.204881245589861,worker2->worker3->worker3,worker2,worker3,0,0.0,0.27082061767578125,0.3777198791503906
model_1,266,1,0.35735177993774414,0,0,1,1,0.9946521520614624,0.27401232719421387,0.08333945274353027,0.23321404123983716,worker2,worker2,worker2,0,0.0,0.27401232719421387,0.0
model_1,267,1,0.3515963554382324,4,4,1,1,0.9168003797531128,0.2706949710845947,0.0809013843536377,0.23009733491919046,worker2,worker2,worker2,0,0.0,0.2706949710845947,0.0
model_1,268,1,0.2676682472229004,3,3,1,0,0.8059354424476624,0.18110013008117676,0.08656811714172363,0.3234157134433437,worker2,worker2,worker2,0,0.0,0.18110013008117676,0.0
model_1,269,1,0.26468777656555176,1,1,1,0,0.9981746673583984,0.1801290512084961,0.08455872535705566,0.3194659249257554,worker2,worker2,worker2,0,0.0,0.1801290512084961,0.0
model_1,270,1,0.3556680679321289,4,4,1,1,0.9942628741264343,0.2717013359069824,0.08396673202514648,0.2360817278687206,worker2,worker2,worker2,0,0.0,0.2717013359069824,0.0
model_1,271,1,0.3862793445587158,3,3,1,1,0.897663414478302,0.2727053165435791,0.11357402801513672,0.29402045337133753,worker2,worker2,worker2,0,0.0,0.2727053165435791,0.0
model_1,272,1,0.2704644203186035,8,8,1,0,0.9456926584243774,0.18043851852416992,0.0900259017944336,0.3328567272855493,worker2,worker2,worker2,0,0.0,0.18043851852416992,0.0
model_1,273,1,0.26366639137268066,9,9,1,0,0.6901160478591919,0.18195295333862305,0.08171343803405762,0.30991222509872074,worker2,worker2,worker2,0,0.0,0.18195295333862305,0.0
model_1,274,1,0.2635655403137207,0,0,1,0,0.98506098985672,0.18006157875061035,0.08350396156311035,0.3168242762832957,worker2,worker2,worker2,0,0.0,0.18006157875061035,0.0
model_1,275,1,0.5963585376739502,3,5,0,2,0.9246160984039307,0.4397892951965332,0.156569242477417,0.26254213293919304,worker2->worker3,worker2,worker3,0,0.0,0.27080559730529785,0.16898369789123535
model_1,276,1,0.32647085189819336,9,0,0,0,0.9562166929244995,0.18521714210510254,0.14125370979309082,0.4326686715576659,worker2,worker2,worker2,0,0.0,0.18521714210510254,0.0
model_1,277,1,0.2650759220123291,0,0,1,0,0.9772828221321106,0.18286991119384766,0.08220601081848145,0.31012251205018126,worker2,worker2,worker2,0,0.0,0.18286991119384766,0.0
model_1,278,1,0.32292604446411133,9,8,0,0,0.7576673626899719,0.18127107620239258,0.14165496826171875,0.4386607109897006,worker2,worker2,worker2,0,0.0,0.18127107620239258,0.0
model_1,279,1,0.27846240997314453,4,4,1,0,0.7561643123626709,0.18574905395507812,0.0927133560180664,0.3329474740486799,worker2,worker2,worker2,0,0.0,0.18574905395507812,0.0
model_1,280,1,0.6180238723754883,2,2,1,2,0.5702559351921082,0.44304990768432617,0.1749739646911621,0.2831184562800423,worker2->worker3,worker2,worker3,0,0.0,0.27329182624816895,0.16975808143615723
model_1,281,1,0.27303576469421387,1,9,0,0,0.9460269212722778,0.1843430995941162,0.08869266510009766,0.32483900121813314,worker2,worker2,worker2,0,0.0,0.1843430995941162,0.0
model_1,282,1,0.35736632347106934,9,0,0,1,0.7199610471725464,0.27530789375305176,0.08205842971801758,0.2296199287078617,worker2,worker2,worker2,0,0.0,0.27530789375305176,0.0
model_1,283,1,0.265366792678833,5,5,1,0,0.7875169515609741,0.18323802947998047,0.08212876319885254,0.3094914867447299,worker2,worker2,worker2,0,0.0,0.18323802947998047,0.0
model_1,284,1,0.7519495487213135,9,0,0,3,0.4769057035446167,0.6104445457458496,0.14150500297546387,0.18818417168557708,worker2->worker3->worker3,worker2,worker3,0,0.0,0.2726123332977295,0.3378322124481201
model_1,285,1,0.27748799324035645,0,0,1,0,0.8898136615753174,0.18746685981750488,0.09002113342285156,0.3244145174413959,worker2,worker2,worker2,0,0.0,0.18746685981750488,0.0
model_1,286,1,0.2669956684112549,8,0,0,0,0.8834060430526733,0.18605303764343262,0.08094263076782227,0.3031608387112329,worker2,worker2,worker2,0,0.0,0.18605303764343262,0.0
model_1,287,1,0.27488183975219727,1,1,1,0,0.9987732768058777,0.18433451652526855,0.09054732322692871,0.3294045299920724,worker2,worker2,worker2,0,0.0,0.18433451652526855,0.0
model_1,288,1,0.3310282230377197,9,1,0,0,0.9168543219566345,0.18189406394958496,0.14913415908813477,0.4505179580145387,worker2,worker2,worker2,0,0.0,0.18189406394958496,0.0
model_1,289,1,0.26929163932800293,0,0,1,0,0.6918227672576904,0.18428707122802734,0.08500456809997559,0.31565988573614134,worker2,worker2,worker2,0,0.0,0.18428707122802734,0.0
model_1,290,1,0.3507707118988037,8,8,1,0,0.9696007966995239,0.18817400932312012,0.1625967025756836,0.46354127371555537,worker2,worker2,worker2,0,0.0,0.18817400932312012,0.0
model_1,291,1,0.267148494720459,4,4,1,0,0.9192020893096924,0.18528318405151367,0.08186531066894531,0.3064412200959927,worker2,worker2,worker2,0,0.0,0.18528318405151367,0.0
model_1,292,1,0.2662034034729004,1,1,1,0,0.8230125308036804,0.1836085319519043,0.0825948715209961,0.3102697803388689,worker2,worker2,worker2,0,0.0,0.1836085319519043,0.0
model_1,293,1,0.354428768157959,4,4,1,1,0.8266454339027405,0.2727322578430176,0.0816965103149414,0.23050191647685764,worker2,worker2,worker2,0,0.0,0.2727322578430176,0.0
model_1,294,1,0.27169275283813477,9,1,0,0,0.9911419153213501,0.18512368202209473,0.08656907081604004,0.3186285607979206,worker2,worker2,worker2,0,0.0,0.18512368202209473,0.0
model_1,295,1,0.35396504402160645,9,9,1,1,0.9869575500488281,0.2726001739501953,0.08136487007141113,0.22986696411311316,worker2,worker2,worker2,0,0.0,0.2726001739501953,0.0
model_1,296,1,0.3563230037689209,5,3,0,1,0.877532958984375,0.2732868194580078,0.08303618431091309,0.23303627167659066,worker2,worker2,worker2,0,0.0,0.2732868194580078,0.0
model_1,297,1,0.5739519596099854,8,8,1,2,0.8172056078910828,0.42605090141296387,0.14790105819702148,0.2576889158066887,worker2->worker3,worker2,worker3,0,0.0,0.2751481533050537,0.15090274810791016
model_1,298,1,0.3877589702606201,6,6,1,1,0.9614145159721375,0.27736568450927734,0.11039328575134277,0.2846956336745617,worker2,worker2,worker2,0,0.0,0.27736568450927734,0.0
model_1,299,1,0.29366207122802734,4,4,1,0,0.8744116425514221,0.18693995475769043,0.10672211647033691,0.3634181153325301,worker2,worker2,worker2,0,0.0,0.18693995475769043,0.0
model_1,300,1,0.36479616165161133,3,4,0,1,0.866999626159668,0.27129626274108887,0.09349989891052246,0.25630724426266577,worker2,worker2,worker2,0,0.0,0.27129626274108887,0.0
model_1,301,1,0.26856017112731934,9,9,1,0,0.9981032609939575,0.18283462524414062,0.08572554588317871,0.3192042421008804,worker2,worker2,worker2,0,0.0,0.18283462524414062,0.0
model_1,302,1,0.2723734378814697,8,8,1,0,0.9973862767219543,0.1865396499633789,0.08583378791809082,0.31513274049668377,worker2,worker2,worker2,0,0.0,0.1865396499633789,0.0
model_1,303,1,0.5477206707000732,0,2,0,2,0.9101388454437256,0.39955615997314453,0.1481645107269287,0.2705110810179049,worker2->worker3,worker2,worker3,0,0.0,0.27249693870544434,0.1270592212677002
model_1,304,1,0.8194549083709717,4,4,1,3,0.43469542264938354,0.6473972797393799,0.1720576286315918,0.20996595038234903,worker2->worker3->worker3,worker2,worker3,0,0.0,0.2786881923675537,0.36870908737182617
model_1,305,1,0.4005117416381836,4,4,1,1,0.9997913241386414,0.27556753158569336,0.12494421005249023,0.3119614160160203,worker2,worker2,worker2,0,0.0,0.27556753158569336,0.0
model_1,306,1,0.2685973644256592,5,5,1,0,0.8373181223869324,0.1828148365020752,0.08578252792358398,0.3193721878359174,worker2,worker2,worker2,0,0.0,0.1828148365020752,0.0
model_1,307,1,0.27733516693115234,7,7,1,0,0.865354061126709,0.18149256706237793,0.09584259986877441,0.34558401276447953,worker2,worker2,worker2,0,0.0,0.18149256706237793,0.0
model_1,308,1,0.277280330657959,4,7,0,0,0.687330424785614,0.18377447128295898,0.093505859375,0.3372249995270843,worker2,worker2,worker2,0,0.0,0.18377447128295898,0.0
model_1,309,1,0.27146291732788086,5,7,0,0,0.7000274658203125,0.18369412422180176,0.0877687931060791,0.3233177996096954,worker2,worker2,worker2,0,0.0,0.18369412422180176,0.0
model_1,310,1,0.2636685371398926,1,1,1,0,0.9246490001678467,0.18209266662597656,0.08157587051391602,0.30938795883194414,worker2,worker2,worker2,0,0.0,0.18209266662597656,0.0
model_1,311,1,0.3585796356201172,6,6,1,1,0.984183132648468,0.2763042449951172,0.082275390625,0.22944802897887756,worker2,worker2,worker2,0,0.0,0.2763042449951172,0.0
model_1,312,1,0.6353781223297119,7,4,0,2,0.7143769264221191,0.42445802688598633,0.21092009544372559,0.33195995900890407,worker2->worker3,worker2,worker3,0,0.0,0.27231383323669434,0.152144193649292
model_1,313,1,0.5821726322174072,4,4,1,2,0.9892880916595459,0.4078333377838135,0.17433929443359375,0.2994632258297025,worker2->worker3,worker2,worker3,0,0.0,0.2782590389251709,0.12957429885864258
model_1,314,1,0.3940708637237549,3,5,0,1,0.6523857116699219,0.2886779308319092,0.1053929328918457,0.2674466513355997,worker2,worker2,worker2,0,0.0,0.2886779308319092,0.0
model_1,315,1,0.5368161201477051,2,2,1,2,0.9942704439163208,0.39058923721313477,0.1462268829345703,0.2723965943763685,worker2->worker3,worker2,worker3,0,0.0,0.27461862564086914,0.11597061157226562
model_1,316,1,0.27364230155944824,9,9,1,0,0.7875368595123291,0.18975138664245605,0.08389091491699219,0.3065714417650703,worker2,worker2,worker2,0,0.0,0.18975138664245605,0.0
model_1,317,1,0.3143138885498047,7,7,1,0,0.9846723675727844,0.18152880668640137,0.13278508186340332,0.4224601161471197,worker2,worker2,worker2,0,0.0,0.18152880668640137,0.0
model_1,318,1,0.2675282955169678,3,7,0,0,0.8370970487594604,0.18543410301208496,0.08209419250488281,0.3068617184819467,worker2,worker2,worker2,0,0.0,0.18543410301208496,0.0
model_1,319,1,0.27704715728759766,9,9,1,0,0.6182548403739929,0.1825876235961914,0.09445953369140625,0.3409511023906645,worker2,worker2,worker2,0,0.0,0.1825876235961914,0.0
model_1,320,1,0.3523743152618408,5,5,1,1,0.9600602388381958,0.27095937728881836,0.08141493797302246,0.23104674332612748,worker2,worker2,worker2,0,0.0,0.27095937728881836,0.0
model_1,321,1,0.5179626941680908,2,2,1,2,0.9898982048034668,0.3753676414489746,0.1425950527191162,0.2752998513689112,worker2->worker3,worker2,worker3,0,0.0,0.2726919651031494,0.1026756763458252
model_1,322,1,0.5735220909118652,5,5,1,2,0.9598168134689331,0.42471909523010254,0.1488029956817627,0.2594546889121132,worker2->worker3,worker2,worker3,0,0.0,0.2761991024017334,0.14851999282836914
model_1,323,1,0.5551226139068604,2,2,1,2,0.9172086715698242,0.41233348846435547,0.14278912544250488,0.2572208767313204,worker2->worker3,worker2,worker3,0,0.0,0.27498769760131836,0.1373457908630371
model_1,324,1,0.26555776596069336,8,8,1,0,0.7198430299758911,0.18755364418029785,0.07800412178039551,0.2937369257427076,worker2,worker2,worker2,0,0.0,0.18755364418029785,0.0
model_1,325,1,0.2645411491394043,8,8,1,0,0.9881356954574585,0.18691349029541016,0.07762765884399414,0.293442661364894,worker2,worker2,worker2,0,0.0,0.18691349029541016,0.0
model_1,326,1,0.2602541446685791,9,9,1,0,0.9353673458099365,0.1821897029876709,0.0780644416809082,0.2999546530961858,worker2,worker2,worker2,0,0.0,0.1821897029876709,0.0
model_1,327,1,0.26456356048583984,1,1,1,0,0.928164541721344,0.18480420112609863,0.07975935935974121,0.3014752266459997,worker2,worker2,worker2,0,0.0,0.18480420112609863,0.0
model_1,328,1,0.26267051696777344,1,1,1,0,0.7349070906639099,0.1822805404663086,0.08038997650146484,0.30604872381367315,worker2,worker2,worker2,0,0.0,0.1822805404663086,0.0
model_1,329,1,0.3602139949798584,3,3,1,1,0.8593601584434509,0.27477312088012695,0.08544087409973145,0.23719476558513206,worker2,worker2,worker2,0,0.0,0.27477312088012695,0.0
model_1,330,1,0.35553431510925293,9,9,1,1,0.984686017036438,0.27660703659057617,0.07892727851867676,0.22199623261237952,worker2,worker2,worker2,0,0.0,0.27660703659057617,0.0
model_1,331,1,0.2628474235534668,8,8,1,0,0.7924173474311829,0.18192577362060547,0.08092164993286133,0.3078654865201703,worker2,worker2,worker2,0,0.0,0.18192577362060547,0.0
model_1,332,1,0.3513631820678711,3,3,1,1,0.9157276153564453,0.27408528327941895,0.07727789878845215,0.2199373831192272,worker2,worker2,worker2,0,0.0,0.27408528327941895,0.0
model_1,333,1,0.2632026672363281,1,1,1,0,0.9988794922828674,0.1856997013092041,0.07750296592712402,0.29446117222487933,worker2,worker2,worker2,0,0.0,0.1856997013092041,0.0
model_1,334,1,0.34940171241760254,3,5,0,1,0.9692856669425964,0.27246618270874023,0.0769355297088623,0.2201921941839526,worker2,worker2,worker2,0,0.0,0.27246618270874023,0.0
model_1,335,1,0.3674454689025879,8,8,1,1,0.9966607093811035,0.28819751739501953,0.07924795150756836,0.21567268673702844,worker2,worker2,worker2,0,0.0,0.28819751739501953,0.0
model_1,336,1,0.5648105144500732,2,2,1,2,0.9593340754508972,0.42656421661376953,0.1382462978363037,0.24476580074099183,worker2->worker3,worker2,worker3,0,0.0,0.2777552604675293,0.14880895614624023
model_1,337,1,0.40654540061950684,0,0,1,1,0.8005309104919434,0.28148436546325684,0.12506103515625,0.3076188660987875,worker2,worker2,worker2,0,0.0,0.28148436546325684,0.0
model_1,338,1,0.3594539165496826,3,5,0,1,0.6683067083358765,0.2786116600036621,0.08084225654602051,0.22490297872396875,worker2,worker2,worker2,0,0.0,0.2786116600036621,0.0
model_1,339,1,0.2661435604095459,0,0,1,0,0.8963152170181274,0.18344831466674805,0.08269524574279785,0.31071668845019246,worker2,worker2,worker2,0,0.0,0.18344831466674805,0.0
model_1,340,1,0.3545088768005371,9,0,0,1,0.9668280482292175,0.2739593982696533,0.08054947853088379,0.22721427812428124,worker2,worker2,worker2,0,0.0,0.2739593982696533,0.0
model_1,341,1,0.741504430770874,2,2,1,3,0.9264647364616394,0.5980494022369385,0.14345502853393555,0.19346482985246433,worker2->worker3->worker3,worker2,worker3,0,0.0,0.27846837043762207,0.3195810317993164
model_1,342,1,0.36674928665161133,6,6,1,1,0.8974581956863403,0.27864718437194824,0.08810210227966309,0.24022433167908114,worker2,worker2,worker2,0,0.0,0.27864718437194824,0.0
model_1,343,1,0.36634016036987305,6,6,1,1,0.9536550045013428,0.28074002265930176,0.08560013771057129,0.2336629913142628,worker2,worker2,worker2,0,0.0,0.28074002265930176,0.0
model_1,344,1,0.26534461975097656,8,8,1,0,0.9952515363693237,0.18327808380126953,0.08206653594970703,0.3092828338736459,worker2,worker2,worker2,0,0.0,0.18327808380126953,0.0
model_1,345,1,0.3545112609863281,6,6,1,1,0.9747092723846436,0.27370452880859375,0.08080673217773438,0.22793840723962425,worker2,worker2,worker2,0,0.0,0.27370452880859375,0.0
model_1,346,1,0.3603403568267822,4,7,0,1,0.8253658413887024,0.2748730182647705,0.08546733856201172,0.2371850306045414,worker2,worker2,worker2,0,0.0,0.2748730182647705,0.0
model_1,347,1,0.26985669136047363,2,2,1,0,0.7927160263061523,0.18405771255493164,0.08579897880554199,0.31794275092082863,worker2,worker2,worker2,0,0.0,0.18405771255493164,0.0
model_1,348,1,0.618455171585083,8,8,1,2,0.9882510304450989,0.4430398941040039,0.1754152774810791,0.28363458750210585,worker2->worker3,worker2,worker3,0,0.0,0.2771742343902588,0.16586565971374512
model_1,349,1,0.3452119827270508,6,6,1,0,0.933983564376831,0.1888139247894287,0.15639805793762207,0.4530493313184946,worker2,worker2,worker2,0,0.0,0.1888139247894287,0.0
model_1,350,1,0.26647520065307617,8,8,1,0,0.9781683087348938,0.1857922077178955,0.08068299293518066,0.3027786178130016,worker2,worker2,worker2,0,0.0,0.1857922077178955,0.0
model_1,351,1,0.3607969284057617,6,2,0,1,0.7148863077163696,0.2747161388397217,0.08608078956604004,0.238585150783854,worker2,worker2,worker2,0,0.0,0.2747161388397217,0.0
model_1,352,1,0.2633516788482666,0,1,0,0,0.6175219416618347,0.18140554428100586,0.08194613456726074,0.31116617492488075,worker2,worker2,worker2,0,0.0,0.18140554428100586,0.0
model_1,353,1,0.418820858001709,4,4,1,1,0.9861211180686951,0.2817411422729492,0.13707971572875977,0.3272991617055529,worker2,worker2,worker2,0,0.0,0.2817411422729492,0.0
model_1,354,1,0.3243379592895508,6,6,1,0,0.9580148458480835,0.18311858177185059,0.1412193775177002,0.43540810895843196,worker2,worker2,worker2,0,0.0,0.18311858177185059,0.0
model_1,355,1,0.2662789821624756,5,4,0,0,0.8111891746520996,0.18253684043884277,0.08374214172363281,0.3144902426904119,worker2,worker2,worker2,0,0.0,0.18253684043884277,0.0
model_1,356,1,0.27301812171936035,7,7,1,0,0.5966354012489319,0.1874711513519287,0.08554697036743164,0.3133380664576058,worker2,worker2,worker2,0,0.0,0.1874711513519287,0.0
model_1,357,1,0.26394104957580566,4,4,1,0,0.7983118295669556,0.18179965019226074,0.08214139938354492,0.3112111568683952,worker2,worker2,worker2,0,0.0,0.18179965019226074,0.0
model_1,358,1,0.26837635040283203,7,7,1,0,0.9921424388885498,0.18354153633117676,0.08483481407165527,0.3161039113331651,worker2,worker2,worker2,0,0.0,0.18354153633117676,0.0
model_1,359,1,0.38744258880615234,9,1,0,1,0.8570106625556946,0.29423069953918457,0.09321188926696777,0.2405824552075872,worker2,worker2,worker2,0,0.0,0.29423069953918457,0.0
model_1,360,1,0.26157689094543457,5,5,1,0,0.8822457790374756,0.17993807792663574,0.08163881301879883,0.31210254362962375,worker2,worker2,worker2,0,0.0,0.17993807792663574,0.0
model_1,361,1,0.6082079410552979,1,0,0,2,0.7398634552955627,0.4351022243499756,0.17310571670532227,0.28461600880279136,worker2->worker3,worker2,worker3,0,0.0,0.2703366279602051,0.1647655963897705
model_1,362,1,0.33337950706481934,4,4,1,0,0.7399641871452332,0.18433737754821777,0.14904212951660156,0.4470644606467162,worker2,worker2,worker2,0,0.0,0.18433737754821777,0.0
model_1,363,1,0.36348867416381836,2,2,1,1,0.8392497301101685,0.2800571918487549,0.08343148231506348,0.22952979898752576,worker2,worker2,worker2,0,0.0,0.2800571918487549,0.0
model_1,364,1,0.3689100742340088,9,9,1,1,0.8308514952659607,0.27458834648132324,0.09432172775268555,0.2556767471003108,worker2,worker2,worker2,0,0.0,0.27458834648132324,0.0
model_1,365,1,0.2626311779022217,4,2,0,0,0.956506073474884,0.18062663078308105,0.08200454711914062,0.31224223937978585,worker2,worker2,worker2,0,0.0,0.18062663078308105,0.0
model_1,366,1,0.3595447540283203,7,0,0,1,0.6376529932022095,0.2776913642883301,0.08185338973999023,0.22765841754860613,worker2,worker2,worker2,0,0.0,0.2776913642883301,0.0
model_1,367,1,0.2664504051208496,7,7,1,0,0.9791393280029297,0.18364858627319336,0.08280181884765625,0.3107588401304969,worker2,worker2,worker2,0,0.0,0.18364858627319336,0.0
model_1,368,1,0.264815092086792,1,1,1,0,0.9951743483543396,0.18343615531921387,0.08137893676757812,0.30730475414485264,worker2,worker2,worker2,0,0.0,0.18343615531921387,0.0
model_1,369,1,0.5536694526672363,5,5,1,2,0.9356955885887146,0.4077322483062744,0.14593720436096191,0.2635818242417509,worker2->worker3,worker2,worker3,0,0.0,0.2757389545440674,0.13199329376220703
model_1,370,1,0.2682318687438965,0,0,1,0,0.985191285610199,0.1847076416015625,0.08352422714233398,0.31138815657315344,worker2,worker2,worker2,0,0.0,0.1847076416015625,0.0
model_1,371,1,0.536210298538208,5,5,1,2,0.9786990880966187,0.3941011428833008,0.14210915565490723,0.2650250396949083,worker2->worker3,worker2,worker3,0,0.0,0.27550435066223145,0.11859679222106934
model_1,372,1,0.38992762565612793,4,4,1,1,0.9753697514533997,0.2821238040924072,0.1078038215637207,0.27647136153105367,worker2,worker2,worker2,0,0.0,0.2821238040924072,0.0
model_1,373,1,0.3778533935546875,7,7,1,1,0.9477939605712891,0.27761411666870117,0.10023927688598633,0.26528616282356743,worker2,worker2,worker2,0,0.0,0.27761411666870117,0.0
model_1,374,1,0.2738027572631836,9,1,0,0,0.7815036177635193,0.18268179893493652,0.09112095832824707,0.3327978112384754,worker2,worker2,worker2,0,0.0,0.18268179893493652,0.0
model_1,375,1,0.35970377922058105,9,9,1,1,0.9972987771034241,0.27770352363586426,0.0820002555847168,0.22796606630710933,worker2,worker2,worker2,0,0.0,0.27770352363586426,0.0
model_1,376,1,0.42558717727661133,3,6,0,1,0.7715768814086914,0.2736542224884033,0.151932954788208,0.35699608188490806,worker2,worker2,worker2,0,0.0,0.2736542224884033,0.0
model_1,377,1,0.3522944450378418,6,6,1,1,0.9883654117584229,0.2680191993713379,0.0842752456665039,0.23921820753503922,worker2,worker2,worker2,0,0.0,0.2680191993713379,0.0
model_1,378,1,0.7852063179016113,9,9,1,3,0.5187700986862183,0.6288447380065918,0.15636157989501953,0.1991343884151122,worker2->worker3->worker3,worker2,worker3,0,0.0,0.26876163482666016,0.36008310317993164
model_1,379,1,0.3059866428375244,9,9,1,0,0.9625504612922668,0.18703866004943848,0.11894798278808594,0.3887358666543037,worker2,worker2,worker2,0,0.0,0.18703866004943848,0.0
model_1,380,1,0.363844633102417,9,1,0,1,0.49256885051727295,0.28151631355285645,0.08232831954956055,0.22627328276788494,worker2,worker2,worker2,0,0.0,0.28151631355285645,0.0
model_1,381,1,0.4262704849243164,8,8,1,1,0.8619253039360046,0.2762627601623535,0.1500077247619629,0.3519073688355329,worker2,worker2,worker2,0,0.0,0.2762627601623535,0.0
model_1,382,1,0.35919880867004395,2,2,1,1,0.9832106828689575,0.27581071853637695,0.08338809013366699,0.23215024137306192,worker2,worker2,worker2,0,0.0,0.27581071853637695,0.0
model_1,383,1,0.35686683654785156,4,2,0,1,0.9342818856239319,0.27516913414001465,0.08169770240783691,0.22893049743186836,worker2,worker2,worker2,0,0.0,0.27516913414001465,0.0
model_1,384,1,0.2727484703063965,4,4,1,0,0.9187469482421875,0.18533945083618164,0.08740901947021484,0.32047482932543114,worker2,worker2,worker2,0,0.0,0.18533945083618164,0.0
model_1,385,1,0.2684054374694824,9,1,0,0,0.5235536098480225,0.1866164207458496,0.08178901672363281,0.3047219068836196,worker2,worker2,worker2,0,0.0,0.1866164207458496,0.0
model_1,386,1,0.27254390716552734,0,0,1,0,0.9930550456047058,0.18863725662231445,0.08390665054321289,0.30786470853759673,worker2,worker2,worker2,0,0.0,0.18863725662231445,0.0
model_1,387,1,0.27051758766174316,7,7,1,0,0.7750748991966248,0.18743419647216797,0.0830833911895752,0.30712750290181934,worker2,worker2,worker2,0,0.0,0.18743419647216797,0.0
model_1,388,1,0.27870869636535645,8,8,1,0,0.9993765950202942,0.18823027610778809,0.09047842025756836,0.3246343635397767,worker2,worker2,worker2,0,0.0,0.18823027610778809,0.0
model_1,389,1,0.2653162479400635,7,7,1,0,0.9370771646499634,0.1829228401184082,0.08239340782165527,0.31054791578489543,worker2,worker2,worker2,0,0.0,0.1829228401184082,0.0
model_1,390,1,0.26671314239501953,3,5,0,0,0.7159207463264465,0.18463349342346191,0.08207964897155762,0.30774504861103663,worker2,worker2,worker2,0,0.0,0.18463349342346191,0.0
model_1,391,1,0.3593928813934326,4,4,1,1,0.5631533265113831,0.278242826461792,0.08115005493164062,0.22579761351144984,worker2,worker2,worker2,0,0.0,0.278242826461792,0.0
model_1,392,1,0.35083603858947754,6,2,0,1,0.9805353283882141,0.2699460983276367,0.08088994026184082,0.23056337252881898,worker2,worker2,worker2,0,0.0,0.2699460983276367,0.0
model_1,393,1,0.3530917167663574,3,0,0,1,0.7230833768844604,0.27034497261047363,0.08274674415588379,0.2343491513017784,worker2,worker2,worker2,0,0.0,0.27034497261047363,0.0
model_1,394,1,0.3570830821990967,3,3,1,1,0.9865829348564148,0.27112793922424316,0.08595514297485352,0.24071468870913357,worker2,worker2,worker2,0,0.0,0.27112793922424316,0.0
model_1,395,1,0.265120267868042,5,5,1,0,0.7905774116516113,0.17871665954589844,0.08640360832214355,0.3259034438104488,worker2,worker2,worker2,0,0.0,0.17871665954589844,0.0
model_1,396,1,0.3619568347930908,0,0,1,1,0.9926597476005554,0.27564477920532227,0.08631205558776855,0.2384595269132244,worker2,worker2,worker2,0,0.0,0.27564477920532227,0.0
model_1,397,1,0.3411886692047119,5,5,1,0,0.8732824325561523,0.18227934837341309,0.15890932083129883,0.46575204622622984,worker2,worker2,worker2,0,0.0,0.18227934837341309,0.0
model_1,398,1,0.35709071159362793,6,6,1,1,0.9904948472976685,0.27434301376342773,0.0827476978302002,0.23172738786991395,worker2,worker2,worker2,0,0.0,0.27434301376342773,0.0
model_1,399,1,0.26681947708129883,3,3,1,0,0.7716107368469238,0.18087220191955566,0.08594727516174316,0.3221176958365576,worker2,worker2,worker2,0,0.0,0.18087220191955566,0.0
model_1,400,1,0.3660285472869873,9,1,0,1,0.6414136290550232,0.2788708209991455,0.0871577262878418,0.23811729148957653,worker2,worker2,worker2,0,0.0,0.2788708209991455,0.0
model_1,401,1,0.2633242607116699,6,4,0,0,0.9465590715408325,0.18085145950317383,0.0824728012084961,0.3131986433213637,worker2,worker2,worker2,0,0.0,0.18085145950317383,0.0
model_1,402,1,0.5638768672943115,6,6,1,2,0.9833388328552246,0.42203402519226074,0.14184284210205078,0.25154931923819623,worker2->worker3,worker2,worker3,0,0.0,0.2787899971008301,0.14324402809143066
model_1,403,1,0.4068875312805176,4,4,1,1,0.9716349244117737,0.27353668212890625,0.13335084915161133,0.32773392866560025,worker2,worker2,worker2,0,0.0,0.27353668212890625,0.0
model_1,404,1,0.323638916015625,7,7,1,0,0.9533516764640808,0.18045330047607422,0.14318561553955078,0.4424239745403112,worker2,worker2,worker2,0,0.0,0.18045330047607422,0.0
model_1,405,1,0.26663875579833984,9,9,1,0,0.9621953964233398,0.18524789810180664,0.0813908576965332,0.3052476653397284,worker2,worker2,worker2,0,0.0,0.18524789810180664,0.0
model_1,406,1,0.5834269523620605,3,5,0,2,0.8582600355148315,0.4365689754486084,0.14685797691345215,0.2517161339888111,worker2->worker3,worker2,worker3,0,0.0,0.27440500259399414,0.16216397285461426
model_1,407,1,0.2665531635284424,0,0,1,0,0.971518874168396,0.18326473236083984,0.08328843116760254,0.31246461330673836,worker2,worker2,worker2,0,0.0,0.18326473236083984,0.0
model_1,408,1,0.2679908275604248,6,6,1,0,0.9015580415725708,0.18552780151367188,0.08246302604675293,0.30770838986330495,worker2,worker2,worker2,0,0.0,0.18552780151367188,0.0
model_1,409,1,0.3032803535461426,9,9,1,0,0.9227799773216248,0.1831073760986328,0.12017297744750977,0.3962438583389018,worker2,worker2,worker2,0,0.0,0.1831073760986328,0.0
model_1,410,1,0.8136975765228271,3,3,1,3,0.8204953074455261,0.6376059055328369,0.17609167098999023,0.21640923614702473,worker2->worker3->worker3,worker2,worker3,0,0.0,0.2747948169708252,0.3628110885620117
model_1,411,1,0.3594496250152588,1,1,1,1,0.7282442450523376,0.2727696895599365,0.08667993545532227,0.2411462675796161,worker2,worker2,worker2,0,0.0,0.2727696895599365,0.0
model_1,412,1,0.3532848358154297,6,6,1,1,0.9717370867729187,0.2724921703338623,0.08079266548156738,0.22868987652721315,worker2,worker2,worker2,0,0.0,0.2724921703338623,0.0
model_1,413,1,0.26192450523376465,8,8,1,0,0.9852295517921448,0.1808156967163086,0.08110880851745605,0.3096648343195966,worker2,worker2,worker2,0,0.0,0.1808156967163086,0.0
model_1,414,1,0.2691304683685303,4,4,1,0,0.8450828790664673,0.184800386428833,0.08433008193969727,0.31334275324123084,worker2,worker2,worker2,0,0.0,0.184800386428833,0.0
model_1,415,1,0.36588287353515625,3,6,0,1,0.6629179120063782,0.2781858444213867,0.08769702911376953,0.2396860729403424,worker2,worker2,worker2,0,0.0,0.2781858444213867,0.0
model_1,416,1,0.26388072967529297,8,8,1,0,0.9981688261032104,0.1789238452911377,0.08495688438415527,0.32195183213528056,worker2,worker2,worker2,0,0.0,0.1789238452911377,0.0
model_1,417,1,0.2680978775024414,7,7,1,0,0.987514078617096,0.18672847747802734,0.08136940002441406,0.3035063193429164,worker2,worker2,worker2,0,0.0,0.18672847747802734,0.0
model_1,418,1,0.27401232719421387,7,7,1,0,0.999679446220398,0.18494153022766113,0.08907079696655273,0.3250612769089813,worker2,worker2,worker2,0,0.0,0.18494153022766113,0.0
model_1,419,1,0.265613317489624,1,1,1,0,0.8902543783187866,0.184159517288208,0.08145380020141602,0.30666308817364907,worker2,worker2,worker2,0,0.0,0.184159517288208,0.0
model_1,420,1,0.35677218437194824,3,4,0,1,0.9144152998924255,0.27648043632507324,0.080291748046875,0.22505047075970439,worker2,worker2,worker2,0,0.0,0.27648043632507324,0.0
model_1,421,1,0.26136255264282227,9,9,1,0,0.9985306262969971,0.1807875633239746,0.08057498931884766,0.3082881939439937,worker2,worker2,worker2,0,0.0,0.1807875633239746,0.0
model_1,422,1,0.35723352432250977,2,0,0,1,0.837785005569458,0.27689456939697266,0.08033895492553711,0.22489198089092907,worker2,worker2,worker2,0,0.0,0.27689456939697266,0.0
model_1,423,1,0.2647359371185303,1,1,1,0,0.97966468334198,0.1840832233428955,0.08065271377563477,0.30465343939883804,worker2,worker2,worker2,0,0.0,0.1840832233428955,0.0
model_1,424,1,0.26389551162719727,1,1,1,0,0.9621107578277588,0.18323659896850586,0.0806589126586914,0.3056471561844428,worker2,worker2,worker2,0,0.0,0.18323659896850586,0.0
model_1,425,1,0.2714824676513672,4,4,1,0,0.9169499278068542,0.18930864334106445,0.08217382431030273,0.3026855657427899,worker2,worker2,worker2,0,0.0,0.18930864334106445,0.0
model_1,426,1,0.26769137382507324,9,9,1,0,0.9992629885673523,0.18481993675231934,0.0828714370727539,0.3095782874457039,worker2,worker2,worker2,0,0.0,0.18481993675231934,0.0
model_1,427,1,0.2710587978363037,7,7,1,0,0.9661142826080322,0.1899266242980957,0.08113217353820801,0.2993157727616164,worker2,worker2,worker2,0,0.0,0.1899266242980957,0.0
model_1,428,1,0.35683107376098633,4,4,1,1,0.9797154664993286,0.27549314498901367,0.08133792877197266,0.22794519522830198,worker2,worker2,worker2,0,0.0,0.27549314498901367,0.0
model_1,429,1,0.268496036529541,7,7,1,0,0.943378746509552,0.18586349487304688,0.08263254165649414,0.30776075030590844,worker2,worker2,worker2,0,0.0,0.18586349487304688,0.0
model_1,430,1,0.26815223693847656,7,7,1,0,0.9789589047431946,0.18536043167114258,0.08279180526733398,0.3087492620333028,worker2,worker2,worker2,0,0.0,0.18536043167114258,0.0
model_1,431,1,0.2648627758026123,5,5,1,0,0.9124339818954468,0.1833043098449707,0.0815584659576416,0.30792724915947667,worker2,worker2,worker2,0,0.0,0.1833043098449707,0.0
model_1,432,1,0.3615596294403076,9,9,1,1,0.9642518162727356,0.28034496307373047,0.08121466636657715,0.2246231596494803,worker2,worker2,worker2,0,0.0,0.28034496307373047,0.0
model_1,433,1,0.35164785385131836,6,6,1,1,0.9998677968978882,0.27042412757873535,0.08122372627258301,0.23098029856575078,worker2,worker2,worker2,0,0.0,0.27042412757873535,0.0
model_1,434,1,0.276914119720459,2,0,0,0,0.5365269780158997,0.1927640438079834,0.08415007591247559,0.30388510342998737,worker2,worker2,worker2,0,0.0,0.1927640438079834,0.0
model_1,435,1,0.3817150592803955,1,1,1,1,0.9080682992935181,0.28874921798706055,0.09296584129333496,0.24354774335755316,worker2,worker2,worker2,0,0.0,0.28874921798706055,0.0
model_1,436,1,0.3728189468383789,3,3,1,1,0.9951347708702087,0.27615952491760254,0.09665942192077637,0.2592663885257937,worker2,worker2,worker2,0,0.0,0.27615952491760254,0.0
model_1,437,1,0.37059807777404785,6,2,0,1,0.8116304278373718,0.27936673164367676,0.0912313461303711,0.24617328475727948,worker2,worker2,worker2,0,0.0,0.27936673164367676,0.0
model_1,438,1,0.2646167278289795,9,9,1,0,0.88752281665802,0.18218350410461426,0.08243322372436523,0.31151932230694585,worker2,worker2,worker2,0,0.0,0.18218350410461426,0.0
model_1,439,1,0.3639216423034668,3,3,1,1,0.5621190071105957,0.28229260444641113,0.08162903785705566,0.22430388404596965,worker2,worker2,worker2,0,0.0,0.28229260444641113,0.0
model_1,440,1,0.2625594139099121,9,9,1,0,0.9590250253677368,0.18025922775268555,0.08230018615722656,0.31345357201880764,worker2,worker2,worker2,0,0.0,0.18025922775268555,0.0
model_1,441,1,0.2751491069793701,0,0,1,0,0.8984084725379944,0.1934373378753662,0.0817117691040039,0.29697268510535424,worker2,worker2,worker2,0,0.0,0.1934373378753662,0.0
model_1,442,1,0.7548508644104004,2,2,1,3,0.6827226281166077,0.6103928089141846,0.14445805549621582,0.19137297485782076,worker2->worker3->worker3,worker2,worker3,0,0.0,0.27885985374450684,0.33153295516967773
model_1,443,1,0.26787638664245605,3,3,1,0,0.8337819576263428,0.1838090419769287,0.08406734466552734,0.3138288735308908,worker2,worker2,worker2,0,0.0,0.1838090419769287,0.0
model_1,444,1,0.33512139320373535,1,1,1,0,0.9490270018577576,0.18517827987670898,0.14994311332702637,0.44742924912546306,worker2,worker2,worker2,0,0.0,0.18517827987670898,0.0
model_1,445,1,0.35834240913391113,5,5,1,1,0.9537325501441956,0.2778947353363037,0.08044767379760742,0.22449945009870279,worker2,worker2,worker2,0,0.0,0.2778947353363037,0.0
model_1,446,1,0.5391972064971924,9,8,0,2,0.9386211037635803,0.39098548889160156,0.14821171760559082,0.2748747875910269,worker2->worker3,worker2,worker3,0,0.0,0.27939939498901367,0.11158609390258789
model_1,447,1,0.38114237785339355,6,6,1,1,0.9985445737838745,0.2726469039916992,0.10849547386169434,0.28465864770205934,worker2,worker2,worker2,0,0.0,0.2726469039916992,0.0
model_1,448,1,0.3608672618865967,3,3,1,1,0.9799301624298096,0.2731807231903076,0.08768653869628906,0.2429883449051822,worker2,worker2,worker2,0,0.0,0.2731807231903076,0.0
model_1,449,1,0.35312318801879883,9,0,0,1,0.9664583206176758,0.2673177719116211,0.08580541610717773,0.24299003582457973,worker2,worker2,worker2,0,0.0,0.2673177719116211,0.0
model_1,450,1,0.26929664611816406,4,4,1,0,0.7287954092025757,0.18498015403747559,0.08431649208068848,0.3130989312198542,worker2,worker2,worker2,0,0.0,0.18498015403747559,0.0
model_1,451,1,0.2698662281036377,1,1,1,0,0.9651023745536804,0.1860949993133545,0.0837712287902832,0.310417607193562,worker2,worker2,worker2,0,0.0,0.1860949993133545,0.0
model_1,452,1,0.26569199562072754,0,8,0,0,0.843970775604248,0.18410825729370117,0.08158373832702637,0.3070613329408925,worker2,worker2,worker2,0,0.0,0.18410825729370117,0.0
model_1,453,1,0.3827211856842041,0,0,1,1,0.9576194882392883,0.2819819450378418,0.1007392406463623,0.26321835428646895,worker2,worker2,worker2,0,0.0,0.2819819450378418,0.0
model_1,454,1,0.26006126403808594,0,0,1,0,0.7621073126792908,0.1790463924407959,0.08101487159729004,0.31152225571519726,worker2,worker2,worker2,0,0.0,0.1790463924407959,0.0
model_1,455,1,0.27429890632629395,8,8,1,0,0.9567612409591675,0.18925046920776367,0.08504843711853027,0.31005751447422975,worker2,worker2,worker2,0,0.0,0.18925046920776367,0.0
model_1,456,1,0.3503122329711914,2,2,1,0,0.9125319719314575,0.18977665901184082,0.16053557395935059,0.4582642535710494,worker2,worker2,worker2,0,0.0,0.18977665901184082,0.0
model_1,457,1,0.5700826644897461,6,6,1,2,0.8150565028190613,0.4247298240661621,0.14535284042358398,0.25496800635690686,worker2->worker3,worker2,worker3,0,0.0,0.2737429141998291,0.150986909866333
model_1,458,1,0.39689087867736816,1,1,1,1,0.8076109290122986,0.27655982971191406,0.1203310489654541,0.303184213672169,worker2,worker2,worker2,0,0.0,0.27655982971191406,0.0
model_1,459,1,0.26241564750671387,8,8,1,0,0.9786591529846191,0.1798539161682129,0.08256173133850098,0.3146219828083561,worker2,worker2,worker2,0,0.0,0.1798539161682129,0.0
model_1,460,1,0.2760016918182373,6,6,1,0,0.7034197449684143,0.18465924263000488,0.09134244918823242,0.33094887421337466,worker2,worker2,worker2,0,0.0,0.18465924263000488,0.0
model_1,461,1,0.3699321746826172,5,5,1,1,0.7987808585166931,0.27568864822387695,0.09424352645874023,0.25475893395754595,worker2,worker2,worker2,0,0.0,0.27568864822387695,0.0
model_1,462,1,0.36217594146728516,5,5,1,1,0.6042753458023071,0.2749028205871582,0.08727312088012695,0.24096885211799804,worker2,worker2,worker2,0,0.0,0.2749028205871582,0.0
model_1,463,1,0.2681615352630615,1,1,1,0,0.8571351170539856,0.1804792881011963,0.08768224716186523,0.3269754816843906,worker2,worker2,worker2,0,0.0,0.1804792881011963,0.0
model_1,464,1,0.2799506187438965,6,6,1,0,0.9822300672531128,0.1899125576019287,0.09003806114196777,0.32162122572172663,worker2,worker2,worker2,0,0.0,0.1899125576019287,0.0
model_1,465,1,0.34431028366088867,4,5,0,0,0.894088864326477,0.19299602508544922,0.15131425857543945,0.43947063377424106,worker2,worker2,worker2,0,0.0,0.19299602508544922,0.0
model_1,466,1,0.2682063579559326,9,1,0,0,0.954020619392395,0.18679356575012207,0.08141279220581055,0.3035453477921914,worker2,worker2,worker2,0,0.0,0.18679356575012207,0.0
model_1,467,1,0.2668321132659912,1,1,1,0,0.9334373474121094,0.1843276023864746,0.0825045108795166,0.30920008041637814,worker2,worker2,worker2,0,0.0,0.1843276023864746,0.0
model_1,468,1,0.5509710311889648,4,4,1,2,0.9804953932762146,0.41022324562072754,0.1407477855682373,0.25545405765619184,worker2->worker3,worker2,worker3,0,0.0,0.28142476081848145,0.1287984848022461
model_1,469,1,0.3831062316894531,3,5,0,1,0.9980535507202148,0.27993345260620117,0.10317277908325195,0.2693059275707216,worker2,worker2,worker2,0,0.0,0.27993345260620117,0.0
model_1,470,1,0.2661733627319336,3,5,0,0,0.5163794755935669,0.17959189414978027,0.08658146858215332,0.3252822434728398,worker2,worker2,worker2,0,0.0,0.17959189414978027,0.0
model_1,471,1,0.3702206611633301,0,0,1,1,0.7390989661216736,0.28012824058532715,0.09009242057800293,0.2433479003978573,worker2,worker2,worker2,0,0.0,0.28012824058532715,0.0
model_1,472,1,0.27234792709350586,9,1,0,0,0.8553737998008728,0.18150734901428223,0.09084057807922363,0.3335460601763094,worker2,worker2,worker2,0,0.0,0.18150734901428223,0.0
model_1,473,1,0.3613255023956299,0,0,1,1,0.8067771792411804,0.27953672409057617,0.08178877830505371,0.2263576131847452,worker2,worker2,worker2,0,0.0,0.27953672409057617,0.0
model_1,474,1,0.355792760848999,5,5,1,1,0.8577796220779419,0.2729005813598633,0.08289217948913574,0.23297882534579104,worker2,worker2,worker2,0,0.0,0.2729005813598633,0.0
model_1,475,1,0.262279748916626,2,2,1,0,0.8383921980857849,0.17973065376281738,0.0825490951538086,0.3147368239247837,worker2,worker2,worker2,0,0.0,0.17973065376281738,0.0
model_1,476,1,0.26905179023742676,0,0,1,0,0.9937240481376648,0.18791890144348145,0.08113288879394531,0.3015511947433949,worker2,worker2,worker2,0,0.0,0.18791890144348145,0.0
model_1,477,1,0.26981496810913086,4,4,1,0,0.9449906349182129,0.1873481273651123,0.08246684074401855,0.3056422011052536,worker2,worker2,worker2,0,0.0,0.1873481273651123,0.0
model_1,478,1,0.3767731189727783,4,4,1,1,0.8758522272109985,0.2957477569580078,0.08102536201477051,0.21505080361272946,worker2,worker2,worker2,0,0.0,0.2957477569580078,0.0
model_1,479,1,0.3547992706298828,9,9,1,1,0.9767935276031494,0.2741105556488037,0.0806887149810791,0.22742074649091212,worker2,worker2,worker2,0,0.0,0.2741105556488037,0.0
model_1,480,1,0.2581009864807129,8,0,0,0,0.7416041493415833,0.17826056480407715,0.07984042167663574,0.30933791755422824,worker2,worker2,worker2,0,0.0,0.17826056480407715,0.0
model_1,481,1,0.2776510715484619,3,3,1,0,0.7258432507514954,0.19616341590881348,0.08148765563964844,0.2934894332847024,worker2,worker2,worker2,0,0.0,0.19616341590881348,0.0
model_1,482,1,0.360837459564209,9,8,0,1,0.8500019311904907,0.2802598476409912,0.08057761192321777,0.22330722542092235,worker2,worker2,worker2,0,0.0,0.2802598476409912,0.0
model_1,483,1,0.37399721145629883,6,6,1,1,0.9995731711387634,0.2804131507873535,0.09358406066894531,0.25022662683644237,worker2,worker2,worker2,0,0.0,0.2804131507873535,0.0
model_1,484,1,0.2681741714477539,7,7,1,0,0.8900086879730225,0.18717551231384277,0.08099865913391113,0.3020375105351688,worker2,worker2,worker2,0,0.0,0.18717551231384277,0.0
model_1,485,1,0.3603856563568115,5,5,1,1,0.8097304105758667,0.27886486053466797,0.08152079582214355,0.22620432967906814,worker2,worker2,worker2,0,0.0,0.27886486053466797,0.0
model_1,486,1,0.3665800094604492,5,5,1,1,0.9753153324127197,0.28585290908813477,0.08072710037231445,0.22021686477430297,worker2,worker2,worker2,0,0.0,0.28585290908813477,0.0
model_1,487,1,0.3662724494934082,8,8,1,1,0.6706438064575195,0.2848224639892578,0.08144998550415039,0.22237540829730423,worker2,worker2,worker2,0,0.0,0.2848224639892578,0.0
model_1,488,1,0.2780025005340576,5,5,1,0,0.9442455768585205,0.19649100303649902,0.0815114974975586,0.29320418823920885,worker2,worker2,worker2,0,0.0,0.19649100303649902,0.0
model_1,489,1,0.27414631843566895,2,2,1,0,0.7998575568199158,0.19250845909118652,0.08163785934448242,0.297789369597679,worker2,worker2,worker2,0,0.0,0.19250845909118652,0.0
model_1,490,1,0.26823878288269043,0,0,1,0,0.8607304096221924,0.18768048286437988,0.08055830001831055,0.3003230895718063,worker2,worker2,worker2,0,0.0,0.18768048286437988,0.0
model_1,491,1,0.36420202255249023,7,7,1,1,0.5199785828590393,0.2820003032684326,0.08220171928405762,0.22570363203353816,worker2,worker2,worker2,0,0.0,0.2820003032684326,0.0
model_1,492,1,0.2715466022491455,6,6,1,0,0.9277701377868652,0.1902310848236084,0.08131551742553711,0.29945326788117815,worker2,worker2,worker2,0,0.0,0.1902310848236084,0.0
model_1,493,1,0.26885509490966797,6,6,1,0,0.8077753186225891,0.18745946884155273,0.08139562606811523,0.30274905556639414,worker2,worker2,worker2,0,0.0,0.18745946884155273,0.0
model_1,494,1,0.2783021926879883,7,7,1,0,0.9736853837966919,0.19664740562438965,0.08165478706359863,0.29340331915797696,worker2,worker2,worker2,0,0.0,0.19664740562438965,0.0
model_1,495,1,0.3723716735839844,6,7,0,1,0.8755778670310974,0.2911684513092041,0.08120322227478027,0.21807035291707216,worker2,worker2,worker2,0,0.0,0.2911684513092041,0.0
model_1,496,1,0.3751485347747803,5,5,1,1,0.826951801776886,0.29337120056152344,0.08177733421325684,0.21798654834771433,worker2,worker2,worker2,0,0.0,0.29337120056152344,0.0
model_1,497,1,0.3674752712249756,1,1,1,1,0.9988365769386292,0.28494739532470703,0.08252787590026855,0.2245807605642758,worker2,worker2,worker2,0,0.0,0.28494739532470703,0.0
model_1,498,1,0.3768351078033447,2,2,1,1,0.9815497994422913,0.29405641555786133,0.0827786922454834,0.2196682064153171,worker2,worker2,worker2,0,0.0,0.29405641555786133,0.0
model_1,499,1,0.35823750495910645,3,6,0,1,0.8689559698104858,0.27582740783691406,0.08241009712219238,0.2300431863816148,worker2,worker2,worker2,0,0.0,0.27582740783691406,0.0
model_1,500,1,0.3656015396118164,2,2,1,1,0.7916173934936523,0.2830047607421875,0.0825967788696289,0.22592021619309216,worker2,worker2,worker2,0,0.0,0.2830047607421875,0.0
model_1,501,1,0.27254819869995117,2,5,0,0,0.8284196257591248,0.1918656826019287,0.08068251609802246,0.2960302672440187,worker2,worker2,worker2,0,0.0,0.1918656826019287,0.0
model_1,502,1,0.5051753520965576,4,7,0,2,0.7436521053314209,0.3680458068847656,0.137129545211792,0.27144939800147155,worker2->worker3,worker2,worker3,0,0.0,0.28545427322387695,0.08259153366088867
model_1,503,1,0.27362990379333496,9,9,1,0,0.7825467586517334,0.19197297096252441,0.08165693283081055,0.29842108519134575,worker2,worker2,worker2,0,0.0,0.19197297096252441,0.0
model_1,504,1,0.5171639919281006,2,2,1,2,0.9990940093994141,0.3784604072570801,0.1387035846710205,0.2682003906611966,worker2->worker3,worker2,worker3,0,0.0,0.2905282974243164,0.08793210983276367
model_1,505,1,0.2764136791229248,7,3,0,0,0.9190502166748047,0.19374561309814453,0.08266806602478027,0.29907371547996614,worker2,worker2,worker2,0,0.0,0.19374561309814453,0.0
model_1,506,1,0.3830549716949463,5,5,1,1,0.7016101479530334,0.2907416820526123,0.09231328964233398,0.24099227647108984,worker2,worker2,worker2,0,0.0,0.2907416820526123,0.0
model_1,507,1,0.26711320877075195,8,8,1,0,0.9933404326438904,0.18654298782348633,0.08057022094726562,0.3016332337814655,worker2,worker2,worker2,0,0.0,0.18654298782348633,0.0
model_1,508,1,0.5259072780609131,6,6,1,2,0.728075385093689,0.3794426918029785,0.14646458625793457,0.2784988768323726,worker2->worker3,worker2,worker3,0,0.0,0.2882826328277588,0.09116005897521973
model_1,509,1,0.37554454803466797,1,1,1,1,0.9650783538818359,0.29238128662109375,0.08316326141357422,0.2214471275080183,worker2,worker2,worker2,0,0.0,0.29238128662109375,0.0
model_1,510,1,0.2743339538574219,1,1,1,0,0.8715388774871826,0.19339847564697266,0.08093547821044922,0.2950253771813947,worker2,worker2,worker2,0,0.0,0.19339847564697266,0.0
model_1,511,1,0.5180611610412598,6,6,1,2,0.8273019194602966,0.3759753704071045,0.14208579063415527,0.27426451029174753,worker2->worker3,worker2,worker3,0,0.0,0.28392624855041504,0.09204912185668945
model_1,512,1,0.27775049209594727,7,7,1,0,0.8073514699935913,0.1962876319885254,0.08146286010742188,0.29329510631175054,worker2,worker2,worker2,0,0.0,0.1962876319885254,0.0
model_1,513,1,0.27106261253356934,8,8,1,0,0.9877346158027649,0.19048476219177246,0.08057785034179688,0.2972665598868521,worker2,worker2,worker2,0,0.0,0.19048476219177246,0.0
model_1,514,1,0.2761662006378174,3,3,1,0,0.7394968271255493,0.19550371170043945,0.08066248893737793,0.2920795113633911,worker2,worker2,worker2,0,0.0,0.19550371170043945,0.0
model_1,515,1,0.3712446689605713,7,7,1,1,0.950785756111145,0.2906763553619385,0.08056831359863281,0.21702214290163913,worker2,worker2,worker2,0,0.0,0.2906763553619385,0.0
model_1,516,1,0.27515673637390137,2,2,1,0,0.7952687740325928,0.1939694881439209,0.08118724822998047,0.295058188652368,worker2,worker2,worker2,0,0.0,0.1939694881439209,0.0
model_1,517,1,0.278043270111084,6,6,1,0,0.7273893356323242,0.19635510444641113,0.08168816566467285,0.2937965937173619,worker2,worker2,worker2,0,0.0,0.19635510444641113,0.0
model_1,518,1,0.26963329315185547,0,0,1,0,0.9823976159095764,0.188460111618042,0.08117318153381348,0.30105029161994973,worker2,worker2,worker2,0,0.0,0.188460111618042,0.0
model_1,519,1,0.37121057510375977,4,4,1,1,0.9998061060905457,0.29076695442199707,0.0804436206817627,0.21670616646435062,worker2,worker2,worker2,0,0.0,0.29076695442199707,0.0
model_1,520,1,0.3660404682159424,0,0,1,1,0.9542292356491089,0.2843949794769287,0.08164548873901367,0.22305044340301639,worker2,worker2,worker2,0,0.0,0.2843949794769287,0.0
model_1,521,1,0.267777681350708,2,2,1,0,0.9236757755279541,0.1869335174560547,0.08084416389465332,0.30190777471394953,worker2,worker2,worker2,0,0.0,0.1869335174560547,0.0
model_1,522,1,0.2650418281555176,7,7,1,0,0.9114529490470886,0.18263506889343262,0.08240675926208496,0.3109198266385767,worker2,worker2,worker2,0,0.0,0.18263506889343262,0.0
model_1,523,1,0.5387544631958008,0,0,1,2,0.8319463133811951,0.3975663185119629,0.1411881446838379,0.2620639907952383,worker2->worker3,worker2,worker3,0,0.0,0.3049633502960205,0.09260296821594238
model_1,524,1,0.27049899101257324,7,1,0,0,0.8900291919708252,0.1881091594696045,0.08238983154296875,0.3045846168762202,worker2,worker2,worker2,0,0.0,0.1881091594696045,0.0
model_1,525,1,0.35922813415527344,2,2,1,1,0.9127426743507385,0.2790257930755615,0.08020234107971191,0.223262972618523,worker2,worker2,worker2,0,0.0,0.2790257930755615,0.0
model_1,526,1,0.3662295341491699,5,5,1,1,0.9939941763877869,0.2835841178894043,0.08264541625976562,0.22566562375087723,worker2,worker2,worker2,0,0.0,0.2835841178894043,0.0
model_1,527,1,0.3816084861755371,1,5,0,1,0.7788957357406616,0.29389500617980957,0.08771347999572754,0.2298520163290603,worker2,worker2,worker2,0,0.0,0.29389500617980957,0.0
model_1,528,1,0.2742147445678711,8,8,1,0,0.7741789817810059,0.19335126876831055,0.08086347579956055,0.2948910567409185,worker2,worker2,worker2,0,0.0,0.19335126876831055,0.0
model_1,529,1,0.7364332675933838,7,7,1,3,0.4800994098186493,0.5933761596679688,0.14305710792541504,0.1942567157414227,worker2->worker3->worker3,worker2,worker3,0,0.0,0.2854170799255371,0.30795907974243164
model_1,530,1,0.2836942672729492,8,0,0,0,0.805066704750061,0.19047856330871582,0.0932157039642334,0.32857803176737543,worker2,worker2,worker2,0,0.0,0.19047856330871582,0.0
model_1,531,1,0.8506474494934082,3,3,1,3,0.7915768027305603,0.6481497287750244,0.2024977207183838,0.23805128768560774,worker2->worker3->worker3,worker2,worker3,0,0.0,0.27573347091674805,0.37241625785827637
model_1,532,1,0.27467966079711914,0,0,1,0,0.9103913307189941,0.1893002986907959,0.08537936210632324,0.31083248704528293,worker2,worker2,worker2,0,0.0,0.1893002986907959,0.0
model_1,533,1,0.26822543144226074,8,8,1,0,0.9367424249649048,0.18749213218688965,0.0807332992553711,0.3009904721609146,worker2,worker2,worker2,0,0.0,0.18749213218688965,0.0
model_1,534,1,0.2627224922180176,6,6,1,0,0.9694703817367554,0.18187546730041504,0.08084702491760254,0.30772783949732196,worker2,worker2,worker2,0,0.0,0.18187546730041504,0.0
model_1,535,1,0.2629530429840088,4,4,1,0,0.7500193119049072,0.1824641227722168,0.08048892021179199,0.3060961732878172,worker2,worker2,worker2,0,0.0,0.1824641227722168,0.0
model_1,536,1,0.2650010585784912,3,3,1,0,0.6751590967178345,0.18422675132751465,0.08077430725097656,0.3048074890125462,worker2,worker2,worker2,0,0.0,0.18422675132751465,0.0
model_1,537,1,0.267092227935791,8,8,1,0,0.9333752989768982,0.1847858428955078,0.0823063850402832,0.30815716981502606,worker2,worker2,worker2,0,0.0,0.1847858428955078,0.0
model_1,538,1,0.5624182224273682,2,2,1,2,0.9981995820999146,0.42087268829345703,0.14154553413391113,0.25167309395312243,worker2->worker3,worker2,worker3,0,0.0,0.2857799530029297,0.13509273529052734
model_1,539,1,0.2769968509674072,0,0,1,0,0.9241041541099548,0.18502211570739746,0.09197473526000977,0.3320425302265691,worker2,worker2,worker2,0,0.0,0.18502211570739746,0.0
model_1,540,1,0.27207350730895996,9,1,0,0,0.6945714950561523,0.18012237548828125,0.09195113182067871,0.33796429770084624,worker2,worker2,worker2,0,0.0,0.18012237548828125,0.0
model_1,541,1,0.27956366539001465,3,3,1,0,0.956394612789154,0.18833255767822266,0.09123110771179199,0.32633392320320664,worker2,worker2,worker2,0,0.0,0.18833255767822266,0.0
model_1,542,1,0.3610868453979492,8,7,0,1,0.8476609587669373,0.28045058250427246,0.08063626289367676,0.22331542652795494,worker2,worker2,worker2,0,0.0,0.28045058250427246,0.0
model_1,543,1,0.2640419006347656,8,8,1,0,0.9907212257385254,0.18242526054382324,0.08161664009094238,0.30910488030397154,worker2,worker2,worker2,0,0.0,0.18242526054382324,0.0
model_1,544,1,0.36551594734191895,0,0,1,1,0.9278719425201416,0.2807624340057373,0.08475351333618164,0.23187364040480468,worker2,worker2,worker2,0,0.0,0.2807624340057373,0.0
model_1,545,1,0.2620813846588135,6,2,0,0,0.9756025075912476,0.18100762367248535,0.08107376098632812,0.30934574423083394,worker2,worker2,worker2,0,0.0,0.18100762367248535,0.0
model_1,546,1,0.26731085777282715,9,9,1,0,0.9917598366737366,0.1844949722290039,0.08281588554382324,0.3098111548248591,worker2,worker2,worker2,0,0.0,0.1844949722290039,0.0
model_1,547,1,0.2647125720977783,7,4,0,0,0.9044269323348999,0.18378758430480957,0.08092498779296875,0.3057088945631077,worker2,worker2,worker2,0,0.0,0.18378758430480957,0.0
model_1,548,1,0.37432265281677246,3,5,0,1,0.9513121843338013,0.2881600856781006,0.08616256713867188,0.23018261515914099,worker2,worker2,worker2,0,0.0,0.2881600856781006,0.0
model_1,549,1,0.27919960021972656,4,4,1,0,0.8247487545013428,0.19394254684448242,0.08525705337524414,0.30536237626467916,worker2,worker2,worker2,0,0.0,0.19394254684448242,0.0
model_1,550,1,0.3675515651702881,9,9,1,1,0.6674340963363647,0.2860376834869385,0.08151388168334961,0.22177536271838186,worker2,worker2,worker2,0,0.0,0.2860376834869385,0.0
model_1,551,1,0.36632847785949707,4,3,0,1,0.759334921836853,0.2853660583496094,0.0809624195098877,0.22101044391350952,worker2,worker2,worker2,0,0.0,0.2853660583496094,0.0
model_1,552,1,0.27071595191955566,7,7,1,0,0.7084264159202576,0.18852734565734863,0.08218860626220703,0.3035972046694526,worker2,worker2,worker2,0,0.0,0.18852734565734863,0.0
model_1,553,1,0.2686798572540283,5,5,1,0,0.872840404510498,0.18771815299987793,0.08096170425415039,0.3013314994343013,worker2,worker2,worker2,0,0.0,0.18771815299987793,0.0
model_1,554,1,0.36571693420410156,6,6,1,1,0.9939696788787842,0.2846977710723877,0.08101916313171387,0.22153516983848004,worker2,worker2,worker2,0,0.0,0.2846977710723877,0.0
model_1,555,1,0.2759523391723633,7,5,0,0,0.7950559258460999,0.19098353385925293,0.08496880531311035,0.307911161644612,worker2,worker2,worker2,0,0.0,0.19098353385925293,0.0
model_1,556,1,0.2658073902130127,6,6,1,0,0.6963979005813599,0.18364334106445312,0.08216404914855957,0.30911122931049795,worker2,worker2,worker2,0,0.0,0.18364334106445312,0.0
model_1,557,1,0.3756437301635742,3,3,1,1,0.6038248538970947,0.27956485748291016,0.09607887268066406,0.25577126667022093,worker2,worker2,worker2,0,0.0,0.27956485748291016,0.0
model_1,558,1,0.27735447883605957,8,8,1,0,0.9825267195701599,0.19416165351867676,0.08319282531738281,0.29995125972548997,worker2,worker2,worker2,0,0.0,0.19416165351867676,0.0
model_1,559,1,0.2709188461303711,6,6,1,0,0.8945530652999878,0.1895909309387207,0.08132791519165039,0.3001929040865393,worker2,worker2,worker2,0,0.0,0.1895909309387207,0.0
model_1,560,1,0.5817663669586182,4,7,0,2,0.6362558007240295,0.42954134941101074,0.15222501754760742,0.26166005151417665,worker2->worker3,worker2,worker3,0,0.0,0.27505040168762207,0.15449094772338867
model_1,561,1,0.8510904312133789,3,2,0,3,0.46417224407196045,0.637749195098877,0.21334123611450195,0.25066811738248135,worker2->worker3->worker3,worker2,worker3,0,0.0,0.2833590507507324,0.35439014434814453
model_1,562,1,0.39410853385925293,4,4,1,1,0.9881261587142944,0.2861189842224121,0.10798954963684082,0.27400967083703615,worker2,worker2,worker2,0,0.0,0.2861189842224121,0.0
model_1,563,1,0.567939043045044,5,5,1,2,0.9960711002349854,0.4134409427642822,0.15449810028076172,0.27203289186179136,worker2->worker3,worker2,worker3,0,0.0,0.2738642692565918,0.13957667350769043
model_1,564,1,0.2854039669036865,0,0,1,0,0.7988569736480713,0.18535518646240234,0.10004878044128418,0.3505514710489186,worker2,worker2,worker2,0,0.0,0.18535518646240234,0.0
model_1,565,1,0.27947235107421875,6,6,1,0,0.7476658225059509,0.18240928649902344,0.09706306457519531,0.3473082907919522,worker2,worker2,worker2,0,0.0,0.18240928649902344,0.0
model_1,566,1,0.2711169719696045,5,5,1,0,0.8281877040863037,0.1822807788848877,0.0888361930847168,0.3276673992016863,worker2,worker2,worker2,0,0.0,0.1822807788848877,0.0
model_1,567,1,0.26460814476013184,1,1,1,0,0.9902524948120117,0.18330836296081543,0.0812997817993164,0.307245953721549,worker2,worker2,worker2,0,0.0,0.18330836296081543,0.0
model_1,568,1,0.8236103057861328,2,2,1,3,0.7000983357429504,0.6151938438415527,0.20841646194458008,0.25305227542733016,worker2->worker3->worker3,worker2,worker3,0,0.0,0.28312063217163086,0.3320732116699219
model_1,569,1,0.4084146022796631,7,2,0,1,0.7241151928901672,0.2830216884613037,0.12539291381835938,0.30702358122958645,worker2,worker2,worker2,0,0.0,0.2830216884613037,0.0
model_1,570,1,0.5512113571166992,2,8,0,2,0.8764599561691284,0.40839076042175293,0.1428205966949463,0.2591031459185068,worker2->worker3,worker2,worker3,0,0.0,0.27115559577941895,0.13723516464233398
model_1,571,1,0.2944962978363037,9,1,0,0,0.5712605118751526,0.18589210510253906,0.10860419273376465,0.3687794839245568,worker2,worker2,worker2,0,0.0,0.18589210510253906,0.0
model_1,572,1,0.26602911949157715,1,1,1,0,0.9926403164863586,0.17970967292785645,0.0863194465637207,0.3244736768993204,worker2,worker2,worker2,0,0.0,0.17970967292785645,0.0
model_1,573,1,0.2648007869720459,4,2,0,0,0.8332354426383972,0.18285441398620605,0.08194637298583984,0.30946423506849563,worker2,worker2,worker2,0,0.0,0.18285441398620605,0.0
model_1,574,1,0.4113619327545166,0,0,1,1,0.9712041616439819,0.27367138862609863,0.13769054412841797,0.33471873103675315,worker2,worker2,worker2,0,0.0,0.27367138862609863,0.0
model_1,575,1,0.3769874572753906,7,7,1,1,0.9933757185935974,0.2816901206970215,0.09529733657836914,0.2527864912724513,worker2,worker2,worker2,0,0.0,0.2816901206970215,0.0
model_1,576,1,0.2791886329650879,4,4,1,0,0.957038164138794,0.1876363754272461,0.0915522575378418,0.32792258254042267,worker2,worker2,worker2,0,0.0,0.1876363754272461,0.0
model_1,577,1,0.5927343368530273,0,0,1,2,0.9195435047149658,0.425250768661499,0.16748356819152832,0.28256093460139303,worker2->worker3,worker2,worker3,0,0.0,0.2748837471008301,0.15036702156066895
model_1,578,1,0.32575345039367676,8,9,0,0,0.7441584467887878,0.1846761703491211,0.14107728004455566,0.4330799255512479,worker2,worker2,worker2,0,0.0,0.1846761703491211,0.0
model_1,579,1,0.3710765838623047,0,0,1,1,0.9737575650215149,0.2845888137817383,0.0864877700805664,0.23307256195033693,worker2,worker2,worker2,0,0.0,0.2845888137817383,0.0
model_1,580,1,0.3585023880004883,7,7,1,1,0.9574529528617859,0.27585744857788086,0.08264493942260742,0.2305282815089501,worker2,worker2,worker2,0,0.0,0.27585744857788086,0.0
model_1,581,1,0.3671095371246338,2,2,1,1,0.7710504531860352,0.2797987461090088,0.087310791015625,0.23783307755903646,worker2,worker2,worker2,0,0.0,0.2797987461090088,0.0
model_1,582,1,0.4326324462890625,1,1,1,1,0.7849307656288147,0.2756011486053467,0.15703129768371582,0.3629669920290622,worker2,worker2,worker2,0,0.0,0.2756011486053467,0.0
model_1,583,1,0.3577463626861572,7,7,1,1,0.8863346576690674,0.27603769302368164,0.08170866966247559,0.22839832402197405,worker2,worker2,worker2,0,0.0,0.27603769302368164,0.0
model_1,584,1,0.3724982738494873,4,4,1,1,0.8471298813819885,0.28680849075317383,0.08568978309631348,0.2300407521644987,worker2,worker2,worker2,0,0.0,0.28680849075317383,0.0
model_1,585,1,0.36142659187316895,5,5,1,1,0.9871505498886108,0.28025269508361816,0.08117389678955078,0.22459303940213718,worker2,worker2,worker2,0,0.0,0.28025269508361816,0.0
model_1,586,1,0.26488804817199707,7,7,1,0,0.9987502098083496,0.18280243873596191,0.08208560943603516,0.309887931911278,worker2,worker2,worker2,0,0.0,0.18280243873596191,0.0
model_1,587,1,0.3653910160064697,0,0,1,1,0.9445701241493225,0.2830789089202881,0.08231210708618164,0.2252712942584341,worker2,worker2,worker2,0,0.0,0.2830789089202881,0.0
model_1,588,1,0.3749053478240967,2,2,1,1,0.946825385093689,0.28386545181274414,0.09103989601135254,0.24283434882894203,worker2,worker2,worker2,0,0.0,0.28386545181274414,0.0
model_1,589,1,0.2692713737487793,1,9,0,0,0.8262816667556763,0.18698954582214355,0.08228182792663574,0.30557213260776017,worker2,worker2,worker2,0,0.0,0.18698954582214355,0.0
model_1,590,1,0.7946221828460693,6,6,1,3,0.5709851384162903,0.6395442485809326,0.15507793426513672,0.19515933183453266,worker2->worker3->worker3,worker2,worker3,0,0.0,0.2748568058013916,0.364687442779541
model_1,591,1,0.2827751636505127,2,3,0,0,0.756534993648529,0.1894240379333496,0.09335112571716309,0.3301249109435139,worker2,worker2,worker2,0,0.0,0.1894240379333496,0.0
model_1,592,1,0.3612182140350342,3,3,1,1,0.8992002606391907,0.2796039581298828,0.08161425590515137,0.22594169599995775,worker2,worker2,worker2,0,0.0,0.2796039581298828,0.0
model_1,593,1,0.6029317378997803,7,7,1,2,0.9984777569770813,0.4539487361907959,0.14898300170898438,0.24709762705135357,worker2->worker3,worker2,worker3,0,0.0,0.2810938358306885,0.17285490036010742
model_1,594,1,0.3938920497894287,3,5,0,1,0.7022168040275574,0.27680373191833496,0.11708831787109375,0.2972599166032626,worker2,worker2,worker2,0,0.0,0.27680373191833496,0.0
model_1,595,1,0.2672600746154785,0,1,0,0,0.8130422234535217,0.18439102172851562,0.08286905288696289,0.3100689581344728,worker2,worker2,worker2,0,0.0,0.18439102172851562,0.0
model_1,596,1,0.3765268325805664,5,5,1,1,0.9622870087623596,0.2709789276123047,0.10554790496826172,0.2803197430708404,worker2,worker2,worker2,0,0.0,0.2709789276123047,0.0
model_1,597,1,0.3615267276763916,1,1,1,1,0.7350632548332214,0.2770380973815918,0.0844886302947998,0.23369954093802697,worker2,worker2,worker2,0,0.0,0.2770380973815918,0.0
model_1,598,1,0.3809046745300293,4,0,0,1,0.8116182684898376,0.29416751861572266,0.08673715591430664,0.22771355069696989,worker2,worker2,worker2,0,0.0,0.29416751861572266,0.0
model_1,599,1,0.2711801528930664,9,9,1,0,0.9792771935462952,0.18857049942016602,0.08260965347290039,0.3046301603992221,worker2,worker2,worker2,0,0.0,0.18857049942016602,0.0
model_1,600,1,0.2712101936340332,2,2,1,0,0.9059289693832397,0.1908092498779297,0.08040094375610352,0.29645251411381424,worker2,worker2,worker2,0,0.0,0.1908092498779297,0.0
model_1,601,1,0.28220582008361816,3,3,1,0,0.8670368790626526,0.19413208961486816,0.08807373046875,0.31209041132693,worker2,worker2,worker2,0,0.0,0.19413208961486816,0.0
model_1,602,1,0.2761495113372803,9,9,1,0,0.9729189276695251,0.1903975009918213,0.08575201034545898,0.3105274745198596,worker2,worker2,worker2,0,0.0,0.1903975009918213,0.0
model_1,603,1,0.33365726470947266,8,8,1,0,0.9902136921882629,0.18065810203552246,0.1529991626739502,0.4585518700070027,worker2,worker2,worker2,0,0.0,0.18065810203552246,0.0
model_1,604,1,0.42762184143066406,5,5,1,1,0.9733128547668457,0.2850668430328369,0.14255499839782715,0.3333669719041736,worker2,worker2,worker2,0,0.0,0.2850668430328369,0.0
model_1,605,1,0.28194284439086914,8,8,1,0,0.9067682027816772,0.19310331344604492,0.08883953094482422,0.3150976615021386,worker2,worker2,worker2,0,0.0,0.19310331344604492,0.0
model_1,606,1,0.27145934104919434,5,5,1,0,0.7279003858566284,0.18630146980285645,0.08515787124633789,0.31370396361090935,worker2,worker2,worker2,0,0.0,0.18630146980285645,0.0
model_1,607,1,0.3690950870513916,4,4,1,1,0.9784913063049316,0.28310465812683105,0.08599042892456055,0.23297635742463166,worker2,worker2,worker2,0,0.0,0.28310465812683105,0.0
model_1,608,1,0.3758401870727539,6,6,1,1,0.9969831109046936,0.28882503509521484,0.08701515197753906,0.2315216812104634,worker2,worker2,worker2,0,0.0,0.28882503509521484,0.0
model_1,609,1,0.27326297760009766,9,9,1,0,0.8496429324150085,0.19257426261901855,0.0806887149810791,0.29527862021309637,worker2,worker2,worker2,0,0.0,0.19257426261901855,0.0
model_1,610,1,0.3796353340148926,3,4,0,1,0.8628587126731873,0.2987327575683594,0.0809025764465332,0.21310602359094294,worker2,worker2,worker2,0,0.0,0.2987327575683594,0.0
model_1,611,1,0.5484926700592041,4,4,1,2,0.9805504083633423,0.4090535640716553,0.13943910598754883,0.2542223690473344,worker2->worker3,worker2,worker3,0,0.0,0.28189587593078613,0.12715768814086914
model_1,612,1,0.29496145248413086,5,5,1,0,0.9805285334587097,0.18741250038146973,0.10754895210266113,0.36462036376921947,worker2,worker2,worker2,0,0.0,0.18741250038146973,0.0
model_1,613,1,0.579110860824585,7,7,1,2,0.9967628717422485,0.42490220069885254,0.15420866012573242,0.2662852150729096,worker2->worker3,worker2,worker3,0,0.0,0.29181981086730957,0.13308238983154297
model_1,614,1,0.5661966800689697,6,0,0,2,0.8680863976478577,0.4081554412841797,0.15804123878479004,0.2791278090248404,worker2->worker3,worker2,worker3,0,0.0,0.2819252014160156,0.12623023986816406
model_1,615,1,0.27357006072998047,7,3,0,0,0.7805148959159851,0.19021058082580566,0.0833594799041748,0.30470980516560403,worker2,worker2,worker2,0,0.0,0.19021058082580566,0.0
model_1,616,1,0.4070162773132324,9,9,1,1,0.9918020367622375,0.2848927974700928,0.12212347984313965,0.30004569018539673,worker2,worker2,worker2,0,0.0,0.2848927974700928,0.0
model_1,617,1,0.26975131034851074,3,5,0,0,0.6799286603927612,0.18695449829101562,0.08279681205749512,0.3069375713153129,worker2,worker2,worker2,0,0.0,0.18695449829101562,0.0
model_1,618,1,0.2964205741882324,0,0,1,0,0.9375258088111877,0.19025182723999023,0.10616874694824219,0.3581692911802509,worker2,worker2,worker2,0,0.0,0.19025182723999023,0.0
model_1,619,1,0.28167057037353516,4,4,1,0,0.8272078633308411,0.19295096397399902,0.08871960639953613,0.314976485764492,worker2,worker2,worker2,0,0.0,0.19295096397399902,0.0
model_1,620,1,0.2773020267486572,5,5,1,0,0.750403642654419,0.19547152519226074,0.08183050155639648,0.2950952162732173,worker2,worker2,worker2,0,0.0,0.19547152519226074,0.0
model_1,621,1,0.27721595764160156,0,0,1,0,0.7024660110473633,0.19612407684326172,0.08109188079833984,0.2925224128084986,worker2,worker2,worker2,0,0.0,0.19612407684326172,0.0
model_1,622,1,0.3735697269439697,5,5,1,1,0.9959189295768738,0.29042625427246094,0.08314347267150879,0.22256480296643297,worker2,worker2,worker2,0,0.0,0.29042625427246094,0.0
model_1,623,1,0.37685704231262207,0,0,1,1,0.9879173636436462,0.29390382766723633,0.08295321464538574,0.22011852063672419,worker2,worker2,worker2,0,0.0,0.29390382766723633,0.0
model_1,624,1,0.27775073051452637,6,6,1,0,0.8032706379890442,0.19554877281188965,0.08220195770263672,0.295955864995781,worker2,worker2,worker2,0,0.0,0.19554877281188965,0.0
model_1,625,1,0.2690434455871582,4,4,1,0,0.627048671245575,0.1878955364227295,0.08114790916442871,0.30161637644556694,worker2,worker2,worker2,0,0.0,0.1878955364227295,0.0
model_1,626,1,0.5811483860015869,6,6,1,2,0.9548245072364807,0.4398488998413086,0.14129948616027832,0.2431383955695826,worker2->worker3,worker2,worker3,0,0.0,0.31115221977233887,0.12869668006896973
model_1,627,1,0.2862131595611572,8,8,1,0,0.9736919403076172,0.18325185775756836,0.10296130180358887,0.35973643546459083,worker2,worker2,worker2,0,0.0,0.18325185775756836,0.0
model_1,628,1,0.27991461753845215,9,9,1,0,0.8999121785163879,0.19166803359985352,0.08824658393859863,0.31526250652657006,worker2,worker2,worker2,0,0.0,0.19166803359985352,0.0
model_1,629,1,0.3857154846191406,3,1,0,1,0.8128195405006409,0.29825639724731445,0.08745908737182617,0.22674507728976492,worker2,worker2,worker2,0,0.0,0.29825639724731445,0.0
model_1,630,1,0.32535600662231445,5,5,1,0,0.504692018032074,0.19326066970825195,0.1320953369140625,0.4060024533907061,worker2,worker2,worker2,0,0.0,0.19326066970825195,0.0
model_1,631,1,0.3814663887023926,8,8,1,1,0.8804709911346436,0.29776668548583984,0.08369970321655273,0.2194156698871115,worker2,worker2,worker2,0,0.0,0.29776668548583984,0.0
model_1,632,1,0.27268099784851074,9,9,1,0,0.7943278551101685,0.19033527374267578,0.08234572410583496,0.3019855609872109,worker2,worker2,worker2,0,0.0,0.19033527374267578,0.0
model_1,633,1,0.4095017910003662,9,9,1,1,0.9353556632995605,0.2933826446533203,0.1161191463470459,0.2835619987482352,worker2,worker2,worker2,0,0.0,0.2933826446533203,0.0
model_1,634,1,0.27771782875061035,7,7,1,0,0.9227778315544128,0.1940934658050537,0.08362436294555664,0.30111269169056853,worker2,worker2,worker2,0,0.0,0.1940934658050537,0.0
model_1,635,1,0.3828094005584717,3,3,1,1,0.9338865876197815,0.30228471755981445,0.08052468299865723,0.21035189543721144,worker2,worker2,worker2,0,0.0,0.30228471755981445,0.0
model_1,636,1,0.37770509719848633,7,5,0,1,0.638232409954071,0.2968149185180664,0.08089017868041992,0.21416226384128367,worker2,worker2,worker2,0,0.0,0.2968149185180664,0.0
model_1,637,1,0.27330875396728516,9,9,1,0,0.996715784072876,0.19199514389038086,0.0813136100769043,0.297515571296474,worker2,worker2,worker2,0,0.0,0.19199514389038086,0.0
model_1,638,1,0.2810993194580078,3,5,0,0,0.616916298866272,0.19993352890014648,0.08116579055786133,0.28874417310706557,worker2,worker2,worker2,0,0.0,0.19993352890014648,0.0
model_1,639,1,0.38524556159973145,4,5,0,1,0.8432348370552063,0.3020503520965576,0.08319520950317383,0.2159537131529975,worker2,worker2,worker2,0,0.0,0.3020503520965576,0.0
model_1,640,1,0.5692706108093262,5,3,0,2,0.989531397819519,0.42057132720947266,0.14869928359985352,0.26121018857525297,worker2->worker3,worker2,worker3,0,0.0,0.3002736568450928,0.12029767036437988
model_1,641,1,0.2717263698577881,1,1,1,0,0.628746509552002,0.19066643714904785,0.08105993270874023,0.29831456089876046,worker2,worker2,worker2,0,0.0,0.19066643714904785,0.0
model_1,642,1,0.37279558181762695,3,3,1,1,0.982628583908081,0.2910120487213135,0.08178353309631348,0.21937902991651415,worker2,worker2,worker2,0,0.0,0.2910120487213135,0.0
model_1,643,1,0.2698493003845215,0,1,0,0,0.8404912948608398,0.18844270706176758,0.0814065933227539,0.30167427970631633,worker2,worker2,worker2,0,0.0,0.18844270706176758,0.0
model_1,644,1,0.38610386848449707,5,5,1,1,0.6738799810409546,0.30412817001342773,0.08197569847106934,0.21231514409019925,worker2,worker2,worker2,0,0.0,0.30412817001342773,0.0
model_1,645,1,0.27629566192626953,4,4,1,0,0.9037739038467407,0.19313573837280273,0.0831599235534668,0.300981647607838,worker2,worker2,worker2,0,0.0,0.19313573837280273,0.0
model_1,646,1,0.3818514347076416,1,1,1,1,0.9799195528030396,0.299821138381958,0.0820302963256836,0.2148225431927178,worker2,worker2,worker2,0,0.0,0.299821138381958,0.0
model_1,647,1,0.2851114273071289,1,1,1,0,0.9189058542251587,0.20337677001953125,0.08173465728759766,0.28667618853295246,worker2,worker2,worker2,0,0.0,0.20337677001953125,0.0
model_1,648,1,0.27701759338378906,4,4,1,0,0.8383715152740479,0.19588899612426758,0.08112859725952148,0.2928644216005563,worker2,worker2,worker2,0,0.0,0.19588899612426758,0.0
model_1,649,1,0.5264956951141357,2,2,1,2,0.9975355863571167,0.38822293281555176,0.13827276229858398,0.26262847651320054,worker2->worker3,worker2,worker3,0,0.0,0.3064892292022705,0.08173370361328125
model_1,650,1,0.3678159713745117,3,2,0,1,0.7447296380996704,0.28702545166015625,0.08079051971435547,0.21964929748005485,worker2,worker2,worker2,0,0.0,0.28702545166015625,0.0
model_1,651,1,0.38458824157714844,4,4,1,1,0.9510788917541504,0.3017237186431885,0.08286452293395996,0.2154629652590076,worker2,worker2,worker2,0,0.0,0.3017237186431885,0.0
model_1,652,1,0.2768731117248535,1,1,1,0,0.949220597743988,0.1942732334136963,0.08259987831115723,0.29833116620310174,worker2,worker2,worker2,0,0.0,0.1942732334136963,0.0
model_1,653,1,0.516240119934082,5,5,1,2,0.9658426642417908,0.37988877296447754,0.1363513469696045,0.26412388674288817,worker2->worker3,worker2,worker3,0,0.0,0.3001413345336914,0.07974743843078613
model_1,654,1,0.27156829833984375,6,2,0,0,0.9486421346664429,0.18797945976257324,0.08358883857727051,0.3078004284309594,worker2,worker2,worker2,0,0.0,0.18797945976257324,0.0
model_1,655,1,0.292386531829834,0,0,1,0,0.8494774103164673,0.21068429946899414,0.08170223236083984,0.2794322701853782,worker2,worker2,worker2,0,0.0,0.21068429946899414,0.0
model_1,656,1,0.3890864849090576,7,7,1,1,0.9714188575744629,0.3061399459838867,0.0829465389251709,0.21318278105845348,worker2,worker2,worker2,0,0.0,0.3061399459838867,0.0
model_1,657,1,0.3891167640686035,9,9,1,1,0.9774991273880005,0.30594611167907715,0.08317065238952637,0.2137421464958084,worker2,worker2,worker2,0,0.0,0.30594611167907715,0.0
model_1,658,1,0.28610777854919434,3,3,1,0,0.5638755559921265,0.20333480834960938,0.08277297019958496,0.2893069549500301,worker2,worker2,worker2,0,0.0,0.20333480834960938,0.0
model_1,659,1,0.3828256130218506,6,6,1,1,0.8898371458053589,0.2993638515472412,0.08346176147460938,0.2180150926052213,worker2,worker2,worker2,0,0.0,0.2993638515472412,0.0
model_1,660,1,0.5232789516448975,6,2,0,2,0.7221681475639343,0.3843398094177246,0.13893914222717285,0.26551639768889157,worker2->worker3,worker2,worker3,0,0.0,0.2978837490081787,0.0864560604095459
model_1,661,1,0.6349689960479736,5,5,1,3,0.9971641898155212,0.48891186714172363,0.14605712890625,0.23002245749840514,worker2->worker3->worker3,worker2,worker3,0,0.0,0.28998708724975586,0.19892477989196777
model_1,662,1,0.2736961841583252,7,7,1,0,0.8515960574150085,0.19082903861999512,0.08286714553833008,0.30277055485141097,worker2,worker2,worker2,0,0.0,0.19082903861999512,0.0
model_1,663,1,0.3715527057647705,8,8,1,1,0.9636366367340088,0.2886202335357666,0.0829324722290039,0.22320513602048248,worker2,worker2,worker2,0,0.0,0.2886202335357666,0.0
model_1,664,1,0.37070322036743164,2,2,1,1,0.9041385054588318,0.28856587409973145,0.0821373462677002,0.22157170953704622,worker2,worker2,worker2,0,0.0,0.28856587409973145,0.0
model_1,665,1,0.3705756664276123,9,9,1,1,0.987031877040863,0.28775644302368164,0.08281922340393066,0.2234880239232018,worker2,worker2,worker2,0,0.0,0.28775644302368164,0.0
model_1,666,1,0.37796735763549805,9,9,1,1,0.9474978446960449,0.2960026264190674,0.08196473121643066,0.21685664002624092,worker2,worker2,worker2,0,0.0,0.2960026264190674,0.0
model_1,667,1,0.27019715309143066,1,1,1,0,0.8858214616775513,0.18766021728515625,0.08253693580627441,0.3054693021815265,worker2,worker2,worker2,0,0.0,0.18766021728515625,0.0
model_1,668,1,0.2897365093231201,5,5,1,0,0.8536288142204285,0.20516753196716309,0.08456897735595703,0.29188236426788716,worker2,worker2,worker2,0,0.0,0.20516753196716309,0.0
model_1,669,1,0.37614941596984863,0,0,1,1,0.9612110257148743,0.29205989837646484,0.08408951759338379,0.2235534976880683,worker2,worker2,worker2,0,0.0,0.29205989837646484,0.0
model_1,670,1,0.39491963386535645,3,5,0,1,0.9683535099029541,0.30992603302001953,0.08499360084533691,0.21521746086271962,worker2,worker2,worker2,0,0.0,0.30992603302001953,0.0
model_1,671,1,0.30927252769470215,3,4,0,0,0.7299677729606628,0.20345759391784668,0.10581493377685547,0.3421413940824078,worker2,worker2,worker2,0,0.0,0.20345759391784668,0.0
model_1,672,1,0.3129708766937256,8,8,1,0,0.9947197437286377,0.20429587364196777,0.10867500305175781,0.3472367914862173,worker2,worker2,worker2,0,0.0,0.20429587364196777,0.0
model_1,673,1,0.5298323631286621,7,7,1,2,0.9521631598472595,0.38554859161376953,0.14428377151489258,0.2723196647764141,worker2->worker3,worker2,worker3,0,0.0,0.3027479648590088,0.08280062675476074
model_1,674,1,0.5269174575805664,5,7,0,2,0.7855634689331055,0.38648462295532227,0.14043283462524414,0.26651771089549026,worker2->worker3,worker2,worker3,0,0.0,0.30263638496398926,0.08384823799133301
model_1,675,1,0.376920223236084,8,8,1,1,0.9593281149864197,0.29232144355773926,0.08459877967834473,0.22444744129676555,worker2,worker2,worker2,0,0.0,0.29232144355773926,0.0
model_1,676,1,0.629119873046875,7,2,0,3,0.37730681896209717,0.4847707748413086,0.1443490982055664,0.22944609507640068,worker2->worker3->worker3,worker2,worker3,0,0.0,0.2980184555053711,0.1867523193359375
model_1,677,1,0.2729201316833496,1,1,1,0,0.9585636258125305,0.18789958953857422,0.08502054214477539,0.31152169545124964,worker2,worker2,worker2,0,0.0,0.18789958953857422,0.0
model_1,678,1,0.2833225727081299,3,3,1,0,0.7891257405281067,0.19963526725769043,0.08368730545043945,0.295378178485805,worker2,worker2,worker2,0,0.0,0.19963526725769043,0.0
model_1,679,1,0.631624698638916,5,5,1,3,0.601130485534668,0.4879117012023926,0.14371299743652344,0.22752909717781722,worker2->worker3->worker3,worker2,worker3,0,0.0,0.2989013195037842,0.1890103816986084
model_1,680,1,0.37778568267822266,3,3,1,1,0.9995688796043396,0.29475975036621094,0.08302593231201172,0.21976992808043683,worker2,worker2,worker2,0,0.0,0.29475975036621094,0.0
model_1,681,1,0.5097465515136719,6,2,0,2,0.9991177916526794,0.36995577812194824,0.13979077339172363,0.2742358393139111,worker2->worker3,worker2,worker3,0,0.0,0.2873716354370117,0.08258414268493652
model_1,682,1,0.3684346675872803,3,3,1,1,0.6941111087799072,0.28520894050598145,0.08322572708129883,0.2258900543380139,worker2,worker2,worker2,0,0.0,0.28520894050598145,0.0
model_1,683,1,0.371105432510376,4,4,1,1,0.8810707926750183,0.28666114807128906,0.08444428443908691,0.22754796087962384,worker2,worker2,worker2,0,0.0,0.28666114807128906,0.0
model_1,684,1,0.5092358589172363,7,7,1,2,0.8073718547821045,0.36886167526245117,0.14037418365478516,0.275656517891839,worker2->worker3,worker2,worker3,0,0.0,0.2894272804260254,0.07943439483642578
model_1,685,1,0.2799370288848877,0,8,0,0,0.7439790368080139,0.19666838645935059,0.08326864242553711,0.2974549053307908,worker2,worker2,worker2,0,0.0,0.19666838645935059,0.0
model_1,686,1,0.3902475833892822,8,0,0,1,0.779316782951355,0.3059720993041992,0.08427548408508301,0.21595389099697768,worker2,worker2,worker2,0,0.0,0.3059720993041992,0.0
model_1,687,1,0.37863707542419434,1,1,1,1,0.9735674858093262,0.2953159809112549,0.08332109451293945,0.22005529812312555,worker2,worker2,worker2,0,0.0,0.2953159809112549,0.0
model_1,688,1,0.2859373092651367,5,6,0,0,0.7874189019203186,0.20165348052978516,0.08428382873535156,0.2947633135107912,worker2,worker2,worker2,0,0.0,0.20165348052978516,0.0
model_1,689,1,0.3541741371154785,5,5,1,0,0.8626437783241272,0.19766712188720703,0.15650701522827148,0.4418928397847479,worker2,worker2,worker2,0,0.0,0.19766712188720703,0.0
model_1,690,1,0.34659862518310547,9,1,0,0,0.9452653527259827,0.18946504592895508,0.1571335792541504,0.4533589225033362,worker2,worker2,worker2,0,0.0,0.18946504592895508,0.0
model_1,691,1,0.411163330078125,9,9,1,1,0.5688800811767578,0.32500696182250977,0.08615636825561523,0.20954292844949157,worker2,worker2,worker2,0,0.0,0.32500696182250977,0.0
model_1,692,1,0.28745055198669434,0,9,0,0,0.732962965965271,0.19951725006103516,0.08793330192565918,0.3059075772090689,worker2,worker2,worker2,0,0.0,0.19951725006103516,0.0
model_1,693,1,0.27763795852661133,7,7,1,0,0.5918135046958923,0.1958768367767334,0.08176112174987793,0.2944882687647381,worker2,worker2,worker2,0,0.0,0.1958768367767334,0.0
model_1,694,1,0.28801894187927246,4,4,1,0,0.97395259141922,0.20491695404052734,0.08310198783874512,0.2885295921737626,worker2,worker2,worker2,0,0.0,0.20491695404052734,0.0
model_1,695,1,0.37243103981018066,3,3,1,1,0.9582280516624451,0.28975963592529297,0.0826714038848877,0.2219777490271041,worker2,worker2,worker2,0,0.0,0.28975963592529297,0.0
model_1,696,1,0.38672804832458496,0,0,1,1,0.9923185110092163,0.30429887771606445,0.08242917060852051,0.21314505365107841,worker2,worker2,worker2,0,0.0,0.30429887771606445,0.0
model_1,697,1,0.3426930904388428,0,0,1,0,0.8558867573738098,0.18804550170898438,0.1546475887298584,0.4512713942724121,worker2,worker2,worker2,0,0.0,0.18804550170898438,0.0
model_1,698,1,0.3450734615325928,6,6,1,0,0.783084511756897,0.19948935508728027,0.1455841064453125,0.4218930827039617,worker2,worker2,worker2,0,0.0,0.19948935508728027,0.0
model_1,699,1,0.41581249237060547,3,3,1,1,0.9835616946220398,0.3309204578399658,0.08489203453063965,0.20415941340929472,worker2,worker2,worker2,0,0.0,0.3309204578399658,0.0
model_1,700,1,0.378173828125,9,9,1,0,0.9934651255607605,0.22609567642211914,0.15207815170288086,0.40213822425758555,worker2,worker2,worker2,0,0.0,0.22609567642211914,0.0
model_1,701,1,0.2836625576019287,0,0,1,0,0.962352454662323,0.19804859161376953,0.08561396598815918,0.3018162379692831,worker2,worker2,worker2,0,0.0,0.19804859161376953,0.0
model_1,702,1,0.3849358558654785,2,2,1,1,0.9460141062736511,0.30007433891296387,0.08486151695251465,0.22045625435883207,worker2,worker2,worker2,0,0.0,0.30007433891296387,0.0
model_1,703,1,0.2761087417602539,5,5,1,0,0.9529812335968018,0.19272589683532715,0.08338284492492676,0.3019927742719872,worker2,worker2,worker2,0,0.0,0.19272589683532715,0.0
model_1,704,1,0.28665781021118164,8,8,1,0,0.8947103023529053,0.20374655723571777,0.08291125297546387,0.2892342368567698,worker2,worker2,worker2,0,0.0,0.20374655723571777,0.0
model_1,705,1,0.2941610813140869,4,4,1,0,0.883860170841217,0.210923433303833,0.0832376480102539,0.2829662157835826,worker2,worker2,worker2,0,0.0,0.210923433303833,0.0
model_1,706,1,0.37678027153015137,4,4,1,0,0.9797786474227905,0.22327208518981934,0.15350818634033203,0.4074209769978568,worker2,worker2,worker2,0,0.0,0.22327208518981934,0.0
model_1,707,1,0.2911558151245117,1,1,1,0,0.9916481971740723,0.20601463317871094,0.08514118194580078,0.2924248032256902,worker2,worker2,worker2,0,0.0,0.20601463317871094,0.0
model_1,708,1,0.2992525100708008,1,1,1,0,0.5103880167007446,0.2133498191833496,0.08590269088745117,0.28705754503822634,worker2,worker2,worker2,0,0.0,0.2133498191833496,0.0
model_1,709,1,0.3961977958679199,3,3,1,1,0.9468253254890442,0.3141465187072754,0.08205127716064453,0.2070967532287784,worker2,worker2,worker2,0,0.0,0.3141465187072754,0.0
model_1,710,1,0.39699673652648926,9,9,1,1,0.5374962687492371,0.31255412101745605,0.0844426155090332,0.21270355078447564,worker2,worker2,worker2,0,0.0,0.31255412101745605,0.0
model_1,711,1,0.3879127502441406,5,7,0,0,0.8148683905601501,0.2342064380645752,0.15370631217956543,0.39623939167461575,worker2,worker2,worker2,0,0.0,0.2342064380645752,0.0
model_1,712,1,0.30332136154174805,8,8,1,0,0.7915925979614258,0.20903325080871582,0.09428811073303223,0.3108521940353177,worker2,worker2,worker2,0,0.0,0.20903325080871582,0.0
model_1,713,1,0.39084935188293457,4,2,0,1,0.7129479646682739,0.30914974212646484,0.08169960975646973,0.20903094597158248,worker2,worker2,worker2,0,0.0,0.30914974212646484,0.0
model_1,714,1,0.38346266746520996,9,9,1,1,0.7735835313796997,0.30130481719970703,0.08215785026550293,0.21425253938952685,worker2,worker2,worker2,0,0.0,0.30130481719970703,0.0
model_1,715,1,0.291363000869751,9,9,1,0,0.9847500324249268,0.20799517631530762,0.08336782455444336,0.286130443143368,worker2,worker2,worker2,0,0.0,0.20799517631530762,0.0
model_1,716,1,0.38801002502441406,0,1,0,1,0.8952867984771729,0.305100679397583,0.08290934562683105,0.21367835952592795,worker2,worker2,worker2,0,0.0,0.305100679397583,0.0
model_1,717,1,0.5264682769775391,5,5,1,2,0.6421955823898315,0.3886258602142334,0.13784241676330566,0.26182473434992265,worker2->worker3,worker2,worker3,0,0.0,0.3067195415496826,0.08190631866455078
model_1,718,1,0.39667272567749023,4,4,1,1,0.8648507595062256,0.314741849899292,0.08193087577819824,0.20654527139032772,worker2,worker2,worker2,0,0.0,0.314741849899292,0.0
model_1,719,1,0.358752965927124,0,0,1,0,0.8896986246109009,0.20886707305908203,0.149885892868042,0.4177969441470467,worker2,worker2,worker2,0,0.0,0.20886707305908203,0.0
model_1,720,1,0.2988853454589844,8,8,1,0,0.8818361163139343,0.21080994606018066,0.08807539939880371,0.294679550994882,worker2,worker2,worker2,0,0.0,0.21080994606018066,0.0
model_1,721,1,0.5340373516082764,2,2,1,2,0.907489538192749,0.39485621452331543,0.13918113708496094,0.26062060390684466,worker2->worker3,worker2,worker3,0,0.0,0.31140685081481934,0.0834493637084961
model_1,722,1,0.5289647579193115,0,0,1,2,0.857879102230072,0.3894064426422119,0.1395583152770996,0.2638329173876417,worker2->worker3,worker2,worker3,0,0.0,0.3083615303039551,0.08104491233825684
model_1,723,1,0.4021177291870117,2,2,1,0,0.7088483572006226,0.24973559379577637,0.15238213539123535,0.378949059767438,worker2,worker2,worker2,0,0.0,0.24973559379577637,0.0
model_1,724,1,0.3068277835845947,6,6,1,0,0.7736492156982422,0.21110129356384277,0.09572649002075195,0.3119876854123266,worker2,worker2,worker2,0,0.0,0.21110129356384277,0.0
model_1,725,1,0.28480958938598633,8,8,1,0,0.7430282235145569,0.2010350227355957,0.08377456665039062,0.2941423665930563,worker2,worker2,worker2,0,0.0,0.2010350227355957,0.0
model_1,726,1,0.35100746154785156,8,8,1,0,0.639806866645813,0.2009284496307373,0.15007901191711426,0.42756644333230087,worker2,worker2,worker2,0,0.0,0.2009284496307373,0.0
model_1,727,1,0.6345062255859375,6,1,0,3,0.5000132322311401,0.491884708404541,0.14262151718139648,0.22477559940360242,worker2->worker3->worker3,worker2,worker3,0,0.0,0.305070161819458,0.186814546585083
model_1,728,1,0.2872915267944336,1,1,1,0,0.8332268595695496,0.20310139656066895,0.08419013023376465,0.2930477315956673,worker2,worker2,worker2,0,0.0,0.20310139656066895,0.0
model_1,729,1,0.2872593402862549,6,6,1,0,0.9470562934875488,0.20108771324157715,0.08617162704467773,0.2999785036016842,worker2,worker2,worker2,0,0.0,0.20108771324157715,0.0
model_1,730,1,0.38741064071655273,3,8,0,1,0.8033937215805054,0.3042278289794922,0.08318281173706055,0.2147148348408966,worker2,worker2,worker2,0,0.0,0.3042278289794922,0.0
model_1,731,1,0.39103174209594727,3,2,0,1,0.800550639629364,0.30881428718566895,0.08221745491027832,0.21025775163312616,worker2,worker2,worker2,0,0.0,0.30881428718566895,0.0
model_1,732,1,0.36267924308776855,9,9,1,0,0.9870331287384033,0.21138334274291992,0.15129590034484863,0.4171617296229852,worker2,worker2,worker2,0,0.0,0.21138334274291992,0.0
model_1,733,1,0.2944774627685547,9,9,1,0,0.9998146891593933,0.21045136451721191,0.08402609825134277,0.2853396571043649,worker2,worker2,worker2,0,0.0,0.21045136451721191,0.0
model_1,734,1,0.34868931770324707,5,5,1,0,0.8400465846061707,0.19900822639465332,0.14968109130859375,0.42926778570251534,worker2,worker2,worker2,0,0.0,0.19900822639465332,0.0
model_1,735,1,0.381664514541626,6,6,1,1,0.9103296995162964,0.29805469512939453,0.08360981941223145,0.21906626428879752,worker2,worker2,worker2,0,0.0,0.29805469512939453,0.0
model_1,736,1,0.614605188369751,2,3,0,3,0.5793378949165344,0.4733610153198242,0.14124417304992676,0.22981285502092644,worker2->worker3->worker3,worker2,worker3,0,0.0,0.28513360023498535,0.18822741508483887
model_1,737,1,0.3768882751464844,1,1,1,1,0.9956747889518738,0.2936136722564697,0.08327460289001465,0.22095302077956255,worker2,worker2,worker2,0,0.0,0.2936136722564697,0.0
model_1,738,1,0.2865462303161621,6,6,1,0,0.9830332398414612,0.20322132110595703,0.08332490921020508,0.29079045680785315,worker2,worker2,worker2,0,0.0,0.20322132110595703,0.0
model_1,739,1,0.35317230224609375,9,9,1,0,0.9011932611465454,0.20183515548706055,0.1513371467590332,0.4285079713119181,worker2,worker2,worker2,0,0.0,0.20183515548706055,0.0
model_1,740,1,0.42356038093566895,3,3,1,1,0.8528075218200684,0.3373076915740967,0.08625268936157227,0.20363729291921773,worker2,worker2,worker2,0,0.0,0.3373076915740967,0.0
model_1,741,1,0.289792537689209,4,4,1,0,0.7669958472251892,0.20166277885437012,0.08812975883483887,0.3041132788911029,worker2,worker2,worker2,0,0.0,0.20166277885437012,0.0
model_1,742,1,0.37593674659729004,1,1,1,1,0.9581461548805237,0.2948896884918213,0.08104705810546875,0.2155869540263053,worker2,worker2,worker2,0,0.0,0.2948896884918213,0.0
model_1,743,1,0.28070545196533203,1,1,1,0,0.9686884880065918,0.19673490524291992,0.08397054672241211,0.299141132224189,worker2,worker2,worker2,0,0.0,0.19673490524291992,0.0
model_1,744,1,0.3509635925292969,8,8,1,0,0.9386671185493469,0.19738316535949707,0.1535804271697998,0.4375964642457311,worker2,worker2,worker2,0,0.0,0.19738316535949707,0.0
model_1,745,1,0.36347246170043945,9,9,1,0,0.9904139637947083,0.20765233039855957,0.15582013130187988,0.42869858853378845,worker2,worker2,worker2,0,0.0,0.20765233039855957,0.0
model_1,746,1,0.4999961853027344,2,2,1,1,0.8239924311637878,0.34352898597717285,0.15646719932556152,0.3129367861693281,worker2,worker2,worker2,0,0.0,0.34352898597717285,0.0
model_1,747,1,0.4329564571380615,2,2,1,1,0.9848253130912781,0.3390920162200928,0.09386444091796875,0.21679880128924184,worker2,worker2,worker2,0,0.0,0.3390920162200928,0.0
model_1,748,1,0.36959266662597656,3,2,0,0,0.7285758256912231,0.20686078071594238,0.16273188591003418,0.44030063527942487,worker2,worker2,worker2,0,0.0,0.20686078071594238,0.0
model_1,749,1,0.3592991828918457,5,7,0,0,0.5271373391151428,0.20745539665222168,0.15184378623962402,0.42261099793631096,worker2,worker2,worker2,0,0.0,0.20745539665222168,0.0
model_1,750,1,0.38806843757629395,6,6,1,1,0.7821489572525024,0.30353569984436035,0.0845327377319336,0.21782945879311436,worker2,worker2,worker2,0,0.0,0.30353569984436035,0.0
model_1,751,1,0.6359128952026367,5,3,0,3,0.6235042810440063,0.4920318126678467,0.14388108253479004,0.22625910501302485,worker2->worker3->worker3,worker2,worker3,0,0.0,0.30045080184936523,0.19158101081848145
model_1,752,1,0.3451848030090332,0,0,1,0,0.942464292049408,0.1938614845275879,0.1513233184814453,0.43838348954628026,worker2,worker2,worker2,0,0.0,0.1938614845275879,0.0
model_1,753,1,0.40123820304870605,3,5,0,1,0.765330970287323,0.313657283782959,0.08758091926574707,0.21827662121972885,worker2,worker2,worker2,0,0.0,0.313657283782959,0.0
model_1,754,1,0.29725122451782227,4,4,1,0,0.6924506425857544,0.21182799339294434,0.08542323112487793,0.28737722195575416,worker2,worker2,worker2,0,0.0,0.21182799339294434,0.0
model_1,755,1,0.5284590721130371,7,7,1,2,0.9999784231185913,0.3883531093597412,0.1401059627532959,0.2651216908682898,worker2->worker3,worker2,worker3,0,0.0,0.3040168285369873,0.0843362808227539
model_1,756,1,0.3445918560028076,8,1,0,0,0.9583210945129395,0.19314908981323242,0.1514427661895752,0.4394844612588328,worker2,worker2,worker2,0,0.0,0.19314908981323242,0.0
model_1,757,1,0.5381367206573486,2,2,1,2,0.885890781879425,0.3977653980255127,0.14037132263183594,0.2608469506789437,worker2->worker3,worker2,worker3,0,0.0,0.3063938617706299,0.09137153625488281
model_1,758,1,0.287722110748291,7,7,1,0,0.99664306640625,0.20282268524169922,0.0848994255065918,0.2950743871779276,worker2,worker2,worker2,0,0.0,0.20282268524169922,0.0
model_1,759,1,0.3846094608306885,4,4,1,1,0.8876578211784363,0.29892611503601074,0.08568334579467773,0.2227801302901308,worker2,worker2,worker2,0,0.0,0.29892611503601074,0.0
model_1,760,1,0.28760862350463867,6,6,1,0,0.9274464845657349,0.2041025161743164,0.08350610733032227,0.290346326590501,worker2,worker2,worker2,0,0.0,0.2041025161743164,0.0
model_1,761,1,0.5315508842468262,5,5,1,2,0.8830652832984924,0.3921346664428711,0.13941621780395508,0.262281978895584,worker2->worker3,worker2,worker3,0,0.0,0.30664801597595215,0.08548665046691895
model_1,762,1,0.644740104675293,5,5,1,3,0.8105118274688721,0.5018963813781738,0.14284372329711914,0.22155240888739,worker2->worker3->worker3,worker2,worker3,0,0.0,0.31343913078308105,0.18845725059509277
model_1,763,1,0.28687262535095215,1,1,1,0,0.9712844491004944,0.19221878051757812,0.09465384483337402,0.329950774207114,worker2,worker2,worker2,0,0.0,0.19221878051757812,0.0
model_1,764,1,0.2920079231262207,0,0,1,0,0.7460129857063293,0.21022820472717285,0.08177971839904785,0.28005992961943876,worker2,worker2,worker2,0,0.0,0.21022820472717285,0.0
model_1,765,1,0.2877085208892822,4,4,1,0,0.8723108768463135,0.20585179328918457,0.08185672760009766,0.284512698293,worker2,worker2,worker2,0,0.0,0.20585179328918457,0.0
model_1,766,1,0.39014744758605957,6,6,1,1,0.9963333606719971,0.30673909187316895,0.08340835571289062,0.21378675223677385,worker2,worker2,worker2,0,0.0,0.30673909187316895,0.0
model_1,767,1,0.289137601852417,9,9,1,0,0.8843291401863098,0.19820690155029297,0.09093070030212402,0.3144893632635762,worker2,worker2,worker2,0,0.0,0.19820690155029297,0.0
model_1,768,1,0.3850674629211426,0,0,1,1,0.8623192310333252,0.30171680450439453,0.08335065841674805,0.21645728721000068,worker2,worker2,worker2,0,0.0,0.30171680450439453,0.0
model_1,769,1,0.39040565490722656,0,0,1,1,0.9954577684402466,0.3082921504974365,0.08211350440979004,0.21032867577008574,worker2,worker2,worker2,0,0.0,0.3082921504974365,0.0
model_1,770,1,0.34088730812072754,7,7,1,0,0.7831828594207764,0.19155645370483398,0.14933085441589355,0.43806516364348486,worker2,worker2,worker2,0,0.0,0.19155645370483398,0.0
model_1,771,1,0.40909719467163086,3,2,0,1,0.7680737972259521,0.3229334354400635,0.08616375923156738,0.21061928645276645,worker2,worker2,worker2,0,0.0,0.3229334354400635,0.0
model_1,772,1,0.28794264793395996,2,0,0,0,0.8143200278282166,0.20093774795532227,0.0870048999786377,0.3021605191273798,worker2,worker2,worker2,0,0.0,0.20093774795532227,0.0
model_1,773,1,0.38567113876342773,4,4,1,1,0.7265541553497314,0.3008003234863281,0.08487081527709961,0.22006006347589238,worker2,worker2,worker2,0,0.0,0.3008003234863281,0.0
model_1,774,1,0.3761014938354492,8,8,1,0,0.8502863645553589,0.2235705852508545,0.15253090858459473,0.4055578376706198,worker2,worker2,worker2,0,0.0,0.2235705852508545,0.0
model_1,775,1,0.3870837688446045,7,7,1,0,0.9836546778678894,0.23299217224121094,0.15409159660339355,0.39808333235810234,worker2,worker2,worker2,0,0.0,0.23299217224121094,0.0
model_1,776,1,0.29996418952941895,4,4,1,0,0.931409478187561,0.20989680290222168,0.09006738662719727,0.3002604636523251,worker2,worker2,worker2,0,0.0,0.20989680290222168,0.0
model_1,777,1,0.3908402919769287,3,3,1,1,0.9940472841262817,0.3082420825958252,0.08259820938110352,0.2113349393004222,worker2,worker2,worker2,0,0.0,0.3082420825958252,0.0
model_1,778,1,0.30371904373168945,3,3,1,0,0.49151092767715454,0.21125292778015137,0.09246611595153809,0.3044462237712832,worker2,worker2,worker2,0,0.0,0.21125292778015137,0.0
model_1,779,1,0.2906010150909424,5,2,0,0,0.7329216003417969,0.2076408863067627,0.08296012878417969,0.28547776668370434,worker2,worker2,worker2,0,0.0,0.2076408863067627,0.0
model_1,780,1,0.35815000534057617,9,9,1,0,0.9819586873054504,0.20933771133422852,0.14881229400634766,0.4155026993922207,worker2,worker2,worker2,0,0.0,0.20933771133422852,0.0
model_1,781,1,0.33213186264038086,2,5,0,0,0.7633412480354309,0.1989583969116211,0.13317346572875977,0.40096564259164347,worker2,worker2,worker2,0,0.0,0.1989583969116211,0.0
model_1,782,1,0.4635319709777832,6,1,0,0,0.9726765751838684,0.2935914993286133,0.16994047164916992,0.3666208207617141,worker2,worker2,worker2,0,0.0,0.2935914993286133,0.0
model_1,783,1,0.3426859378814697,9,9,1,0,0.9779179096221924,0.24454879760742188,0.09813714027404785,0.28637632720135753,worker2,worker2,worker2,0,0.0,0.24454879760742188,0.0
model_1,784,1,0.384427547454834,9,1,0,1,0.9863770604133606,0.30073046684265137,0.08369708061218262,0.21771873833265318,worker2,worker2,worker2,0,0.0,0.30073046684265137,0.0
model_1,785,1,0.29018616676330566,4,4,1,0,0.9481377601623535,0.20784306526184082,0.08234310150146484,0.28375956862419677,worker2,worker2,worker2,0,0.0,0.20784306526184082,0.0
model_1,786,1,0.29315829277038574,7,7,1,0,0.6543970108032227,0.2097787857055664,0.08337950706481934,0.2844180400863699,worker2,worker2,worker2,0,0.0,0.2097787857055664,0.0
model_1,787,1,0.3962275981903076,5,5,1,1,0.9099974036216736,0.3135824203491211,0.08264517784118652,0.20858006413145444,worker2,worker2,worker2,0,0.0,0.3135824203491211,0.0
model_1,788,1,0.39426493644714355,3,5,0,1,0.9791163802146912,0.3096342086791992,0.08463072776794434,0.21465446187170695,worker2,worker2,worker2,0,0.0,0.3096342086791992,0.0
model_1,789,1,0.38742494583129883,3,3,1,1,0.976478099822998,0.3050873279571533,0.08233761787414551,0.2125253388045869,worker2,worker2,worker2,0,0.0,0.3050873279571533,0.0
model_1,790,1,0.39795446395874023,2,3,0,1,0.871083676815033,0.31492066383361816,0.08303380012512207,0.2086515107761952,worker2,worker2,worker2,0,0.0,0.31492066383361816,0.0
model_1,791,1,0.3878638744354248,4,2,0,1,0.971738338470459,0.3041369915008545,0.08372688293457031,0.21586666986308864,worker2,worker2,worker2,0,0.0,0.3041369915008545,0.0
model_1,792,1,0.291522741317749,4,4,1,0,0.8288077712059021,0.20760011672973633,0.0839226245880127,0.28787676806503454,worker2,worker2,worker2,0,0.0,0.20760011672973633,0.0
model_1,793,1,0.4487006664276123,3,3,1,1,0.8820522427558899,0.3651268482208252,0.08357381820678711,0.18625739710210537,worker2,worker2,worker2,0,0.0,0.3651268482208252,0.0
model_1,794,1,0.41560792922973633,3,5,0,1,0.630253255367279,0.32706642150878906,0.08854150772094727,0.21304094915860958,worker2,worker2,worker2,0,0.0,0.32706642150878906,0.0
model_1,795,1,0.3779325485229492,5,5,1,0,0.7096279263496399,0.22234463691711426,0.15558791160583496,0.41168169350300665,worker2,worker2,worker2,0,0.0,0.22234463691711426,0.0
model_1,796,1,0.2901954650878906,6,6,1,0,0.9609513878822327,0.20295119285583496,0.08724427223205566,0.3006396816216003,worker2,worker2,worker2,0,0.0,0.20295119285583496,0.0
model_1,797,1,0.40063929557800293,3,3,1,1,0.6952878832817078,0.31643199920654297,0.08420729637145996,0.2101823193602963,worker2,worker2,worker2,0,0.0,0.31643199920654297,0.0
model_1,798,1,0.3952798843383789,5,5,1,1,0.7653442621231079,0.31165170669555664,0.08362817764282227,0.21156699583334337,worker2,worker2,worker2,0,0.0,0.31165170669555664,0.0
model_1,799,1,0.5305869579315186,5,3,0,2,0.9174791574478149,0.39160847663879395,0.1389784812927246,0.2619334667299949,worker2->worker3,worker2,worker3,0,0.0,0.3085613250732422,0.08304715156555176
model_1,800,1,0.33887147903442383,7,7,1,0,0.9938173890113831,0.18849396705627441,0.15037751197814941,0.4437597180105957,worker2,worker2,worker2,0,0.0,0.18849396705627441,0.0
model_1,801,1,0.3009655475616455,8,8,1,0,0.9953534603118896,0.20659542083740234,0.09437012672424316,0.3135579055104762,worker2,worker2,worker2,0,0.0,0.20659542083740234,0.0
model_1,802,1,0.29109835624694824,3,5,0,0,0.9202197194099426,0.208024263381958,0.08307409286499023,0.2853815251176333,worker2,worker2,worker2,0,0.0,0.208024263381958,0.0
model_1,803,1,0.29207873344421387,1,1,1,0,0.9990144968032837,0.20863914489746094,0.08343958854675293,0.2856749875721083,worker2,worker2,worker2,0,0.0,0.20863914489746094,0.0
model_1,804,1,0.39041686058044434,1,1,1,1,0.9927686452865601,0.3078141212463379,0.08260273933410645,0.2115757480640014,worker2,worker2,worker2,0,0.0,0.3078141212463379,0.0
model_1,805,1,0.3466517925262451,4,2,0,0,0.6363417506217957,0.19477367401123047,0.15187811851501465,0.43812875568360404,worker2,worker2,worker2,0,0.0,0.19477367401123047,0.0
model_1,806,1,0.36971426010131836,9,0,0,0,0.7983770966529846,0.20528364181518555,0.1644306182861328,0.4447505439499992,worker2,worker2,worker2,0,0.0,0.20528364181518555,0.0
model_1,807,1,0.4648585319519043,6,6,1,1,0.9832260012626648,0.3135101795196533,0.15134835243225098,0.325579379594801,worker2,worker2,worker2,0,0.0,0.3135101795196533,0.0
model_1,808,1,0.5286002159118652,4,4,1,2,0.9998832941055298,0.38593029975891113,0.1426699161529541,0.2699013580742498,worker2->worker3,worker2,worker3,0,0.0,0.3017394542694092,0.08419084548950195
model_1,809,1,0.39717555046081543,0,0,1,1,0.9834970235824585,0.3114161491394043,0.08575940132141113,0.21592316350266377,worker2,worker2,worker2,0,0.0,0.3114161491394043,0.0
model_1,810,1,0.4401895999908447,6,6,1,1,0.8685495853424072,0.35193848609924316,0.08825111389160156,0.20048432287686271,worker2,worker2,worker2,0,0.0,0.35193848609924316,0.0
model_1,811,1,0.3071441650390625,6,6,1,0,0.7936818599700928,0.21837806701660156,0.08876609802246094,0.28900466987927864,worker2,worker2,worker2,0,0.0,0.21837806701660156,0.0
model_1,812,1,0.6793167591094971,3,7,0,3,0.5183281898498535,0.527292013168335,0.1520247459411621,0.22379066010449727,worker2->worker3->worker3,worker2,worker3,0,0.0,0.3139514923095703,0.21334052085876465
model_1,813,1,0.3470335006713867,9,9,1,0,0.8269374966621399,0.19571280479431152,0.1513206958770752,0.4360406000698011,worker2,worker2,worker2,0,0.0,0.19571280479431152,0.0
model_1,814,1,0.31046104431152344,3,5,0,0,0.6553635597229004,0.2109079360961914,0.09955310821533203,0.3206621572638861,worker2,worker2,worker2,0,0.0,0.2109079360961914,0.0
model_1,815,1,0.39339733123779297,7,7,1,1,0.8268629908561707,0.31067490577697754,0.08272242546081543,0.21027703772299622,worker2,worker2,worker2,0,0.0,0.31067490577697754,0.0
model_1,816,1,0.34195876121520996,5,3,0,0,0.9407212734222412,0.19187021255493164,0.15008854866027832,0.4389083295509451,worker2,worker2,worker2,0,0.0,0.19187021255493164,0.0
model_1,817,1,0.5240778923034668,4,4,1,2,0.9999340772628784,0.38428330421447754,0.13979458808898926,0.2667439137234992,worker2->worker3,worker2,worker3,0,0.0,0.3050243854522705,0.07925891876220703
model_1,818,1,0.4550740718841553,6,6,1,1,0.9884461164474487,0.3046243190765381,0.1504497528076172,0.33060497642659814,worker2,worker2,worker2,0,0.0,0.3046243190765381,0.0
model_1,819,1,0.5357160568237305,3,3,1,2,0.8937127590179443,0.3911306858062744,0.14458537101745605,0.26989180028447374,worker2->worker3,worker2,worker3,0,0.0,0.30783939361572266,0.08329129219055176
model_1,820,1,0.3079202175140381,7,7,1,0,0.9164149761199951,0.2112891674041748,0.09663105010986328,0.3138184653479529,worker2,worker2,worker2,0,0.0,0.2112891674041748,0.0
model_1,821,1,0.29372501373291016,6,6,1,0,0.9768009185791016,0.21042609214782715,0.08329892158508301,0.2835949193650505,worker2,worker2,worker2,0,0.0,0.21042609214782715,0.0
model_1,822,1,0.2956352233886719,0,2,0,0,0.8953427076339722,0.21461701393127441,0.08101820945739746,0.2740478909405283,worker2,worker2,worker2,0,0.0,0.21461701393127441,0.0
model_1,823,1,0.2940785884857178,9,9,1,0,0.9880130290985107,0.21002793312072754,0.08405065536499023,0.2858101835899972,worker2,worker2,worker2,0,0.0,0.21002793312072754,0.0
model_1,824,1,0.28687000274658203,7,7,1,0,0.9217821955680847,0.20511770248413086,0.08175230026245117,0.28498030285400844,worker2,worker2,worker2,0,0.0,0.20511770248413086,0.0
model_1,825,1,0.28322696685791016,6,2,0,0,0.753976047039032,0.20003509521484375,0.0831918716430664,0.29372863949357714,worker2,worker2,worker2,0,0.0,0.20003509521484375,0.0
model_1,826,1,0.41528987884521484,3,3,1,1,0.9309594035148621,0.32792139053344727,0.08736848831176758,0.21037952707807553,worker2,worker2,worker2,0,0.0,0.32792139053344727,0.0
model_1,827,1,0.35561084747314453,5,5,1,0,0.941534161567688,0.20478200912475586,0.15082883834838867,0.4241401504485297,worker2,worker2,worker2,0,0.0,0.20478200912475586,0.0
model_1,828,1,0.41372060775756836,0,8,0,1,0.8909448981285095,0.32848644256591797,0.08523416519165039,0.20601865992035823,worker2,worker2,worker2,0,0.0,0.32848644256591797,0.0
model_1,829,1,0.2946488857269287,3,3,1,0,0.727769136428833,0.20679903030395508,0.08784985542297363,0.29815098470927226,worker2,worker2,worker2,0,0.0,0.20679903030395508,0.0
model_1,830,1,0.40044403076171875,1,1,1,1,0.6630366444587708,0.31681394577026367,0.08363008499145508,0.20884338026558957,worker2,worker2,worker2,0,0.0,0.31681394577026367,0.0
model_1,831,1,0.28420019149780273,6,6,1,0,0.7809211611747742,0.2002701759338379,0.08393001556396484,0.29532005281781715,worker2,worker2,worker2,0,0.0,0.2002701759338379,0.0
model_1,832,1,0.28884267807006836,1,1,1,0,0.9310102462768555,0.2041020393371582,0.08474063873291016,0.2933799094341367,worker2,worker2,worker2,0,0.0,0.2041020393371582,0.0
model_1,833,1,0.39691662788391113,3,3,1,1,0.8606950640678406,0.3144497871398926,0.08246684074401855,0.20776867218608483,worker2,worker2,worker2,0,0.0,0.3144497871398926,0.0
model_1,834,1,0.38947510719299316,6,6,1,1,0.8957473039627075,0.30690789222717285,0.08256721496582031,0.211996128740794,worker2,worker2,worker2,0,0.0,0.30690789222717285,0.0
model_1,835,1,0.28984665870666504,0,0,1,0,0.9287335276603699,0.20647501945495605,0.08337163925170898,0.28764050489222304,worker2,worker2,worker2,0,0.0,0.20647501945495605,0.0
model_1,836,1,0.40524911880493164,9,1,0,1,0.9753615856170654,0.3223726749420166,0.08287644386291504,0.20450740055232042,worker2,worker2,worker2,0,0.0,0.3223726749420166,0.0
model_1,837,1,0.35247278213500977,7,7,1,0,0.9924418926239014,0.20224618911743164,0.15022659301757812,0.42620764107690995,worker2,worker2,worker2,0,0.0,0.20224618911743164,0.0
model_1,838,1,0.38779759407043457,4,4,1,1,0.9812877774238586,0.3043522834777832,0.08344531059265137,0.2151774839982515,worker2,worker2,worker2,0,0.0,0.3043522834777832,0.0
model_1,839,1,0.42751598358154297,5,3,0,1,0.5555516481399536,0.3416259288787842,0.08589005470275879,0.20090489712971493,worker2,worker2,worker2,0,0.0,0.3416259288787842,0.0
model_1,840,1,0.2971963882446289,7,7,1,0,0.9552485942840576,0.20459580421447754,0.09260058403015137,0.3115804487971428,worker2,worker2,worker2,0,0.0,0.20459580421447754,0.0
model_1,841,1,0.3000054359436035,9,9,1,0,0.9610302448272705,0.21595287322998047,0.08405256271362305,0.2801701324152795,worker2,worker2,worker2,0,0.0,0.21595287322998047,0.0
model_1,842,1,0.2974410057067871,9,9,1,0,0.9836657643318176,0.21351337432861328,0.08392763137817383,0.28216563879194395,worker2,worker2,worker2,0,0.0,0.21351337432861328,0.0
model_1,843,1,0.39707183837890625,9,1,0,1,0.6126431226730347,0.31285738945007324,0.08421444892883301,0.21208869728119897,worker2,worker2,worker2,0,0.0,0.31285738945007324,0.0
model_1,844,1,0.29157376289367676,0,8,0,0,0.7103809118270874,0.20811033248901367,0.08346343040466309,0.2862515117147158,worker2,worker2,worker2,0,0.0,0.20811033248901367,0.0
model_1,845,1,0.36304140090942383,0,8,0,0,0.7755029797554016,0.21069097518920898,0.15235042572021484,0.4196502804875005,worker2,worker2,worker2,0,0.0,0.21069097518920898,0.0
model_1,846,1,0.4053637981414795,6,6,1,1,0.9826157093048096,0.32149457931518555,0.08386921882629395,0.20689864070452102,worker2,worker2,worker2,0,0.0,0.32149457931518555,0.0
model_1,847,1,0.5397171974182129,2,2,1,2,0.9623250961303711,0.3975820541381836,0.1421351432800293,0.2633511475267898,worker2->worker3,worker2,worker3,0,0.0,0.31419968605041504,0.08338236808776855
model_1,848,1,0.5917127132415771,5,5,1,1,0.9634935259819031,0.4384191036224365,0.15329360961914062,0.2590676289163248,worker2,worker2,worker2,0,0.0,0.4384191036224365,0.0
model_1,849,1,0.3695807456970215,1,1,1,0,0.998234748840332,0.2734701633453369,0.09611058235168457,0.2600530018695158,worker2,worker2,worker2,0,0.0,0.2734701633453369,0.0
model_1,850,1,0.3942139148712158,4,5,0,1,0.70713210105896,0.31170153617858887,0.08251237869262695,0.20930864076571878,worker2,worker2,worker2,0,0.0,0.31170153617858887,0.0
model_1,851,1,0.28549742698669434,1,1,1,0,0.722163736820221,0.20363450050354004,0.0818629264831543,0.28673787833110503,worker2,worker2,worker2,0,0.0,0.20363450050354004,0.0
model_1,852,1,0.3945009708404541,2,2,1,1,0.8567764163017273,0.3136436939239502,0.0808572769165039,0.2049609073058646,worker2,worker2,worker2,0,0.0,0.3136436939239502,0.0
model_1,853,1,0.280026912689209,5,3,0,0,0.6773233413696289,0.19875001907348633,0.08127689361572266,0.29024672248530886,worker2,worker2,worker2,0,0.0,0.19875001907348633,0.0
model_1,854,1,0.39338159561157227,6,6,1,1,0.9032650589942932,0.30998730659484863,0.08339428901672363,0.21199336711997002,worker2,worker2,worker2,0,0.0,0.30998730659484863,0.0
model_1,855,1,0.6543605327606201,2,2,1,3,0.8632214069366455,0.4975259304046631,0.15683460235595703,0.23967613342189553,worker2->worker3->worker3,worker2,worker3,0,0.0,0.31113100051879883,0.18639492988586426
model_1,856,1,0.27896904945373535,3,3,1,0,0.8349219560623169,0.19602727890014648,0.08294177055358887,0.29731531406800044,worker2,worker2,worker2,0,0.0,0.19602727890014648,0.0
model_1,857,1,0.2815399169921875,8,0,0,0,0.616523802280426,0.1996760368347168,0.0818638801574707,0.29077184163459974,worker2,worker2,worker2,0,0.0,0.1996760368347168,0.0
model_1,858,1,0.28989362716674805,3,3,1,0,0.7609851956367493,0.20692181587219238,0.08297181129455566,0.2862146784856016,worker2,worker2,worker2,0,0.0,0.20692181587219238,0.0
model_1,859,1,0.5435464382171631,1,1,1,2,0.9897035956382751,0.4052128791809082,0.13833355903625488,0.2545018223097738,worker2->worker3,worker2,worker3,0,0.0,0.3205544948577881,0.08465838432312012
model_1,860,1,0.2946794033050537,9,9,1,0,0.5741621255874634,0.2117447853088379,0.08293461799621582,0.2814401585792593,worker2,worker2,worker2,0,0.0,0.2117447853088379,0.0
model_1,861,1,0.391643762588501,6,6,1,1,0.9988320469856262,0.3094642162322998,0.08217954635620117,0.20983238903908447,worker2,worker2,worker2,0,0.0,0.3094642162322998,0.0
model_1,862,1,0.29289793968200684,5,5,1,0,0.9461036324501038,0.2091512680053711,0.08374667167663574,0.28592441369699545,worker2,worker2,worker2,0,0.0,0.2091512680053711,0.0
model_1,863,1,0.3885822296142578,0,0,1,1,0.9778253436088562,0.30568408966064453,0.08289813995361328,0.213334871324161,worker2,worker2,worker2,0,0.0,0.30568408966064453,0.0
model_1,864,1,0.40091753005981445,4,4,1,1,0.98111891746521,0.318497896194458,0.08241963386535645,0.20557752576461283,worker2,worker2,worker2,0,0.0,0.318497896194458,0.0
model_1,865,1,0.3962998390197754,3,6,0,1,0.5274255275726318,0.3128035068511963,0.0834963321685791,0.21068979582505615,worker2,worker2,worker2,0,0.0,0.3128035068511963,0.0
model_1,866,1,0.39458703994750977,0,6,0,1,0.7407485842704773,0.31113719940185547,0.0834498405456543,0.21148652159674397,worker2,worker2,worker2,0,0.0,0.31113719940185547,0.0
model_1,867,1,0.38832616806030273,7,7,1,0,0.9642460346221924,0.22436022758483887,0.16396594047546387,0.4222376804902877,worker2,worker2,worker2,0,0.0,0.22436022758483887,0.0
model_1,868,1,0.3042268753051758,3,5,0,0,0.6829520463943481,0.2150862216949463,0.08914065361022949,0.2930071628971333,worker2,worker2,worker2,0,0.0,0.2150862216949463,0.0
model_1,869,1,0.39206695556640625,9,9,1,1,0.9996852874755859,0.30846667289733887,0.08360028266906738,0.21322960653058048,worker2,worker2,worker2,0,0.0,0.30846667289733887,0.0
model_1,870,1,0.4052097797393799,6,6,1,1,0.9188959002494812,0.32058095932006836,0.08462882041931152,0.20885187044039885,worker2,worker2,worker2,0,0.0,0.32058095932006836,0.0
model_1,871,1,0.3909933567047119,4,4,1,1,0.7440780401229858,0.30623865127563477,0.08475470542907715,0.21676763549997102,worker2,worker2,worker2,0,0.0,0.30623865127563477,0.0
model_1,872,1,0.39766478538513184,6,1,0,1,0.7533208131790161,0.3130035400390625,0.08466124534606934,0.2128960080387211,worker2,worker2,worker2,0,0.0,0.3130035400390625,0.0
model_1,873,1,0.5336771011352539,5,5,1,2,0.4844563603401184,0.3925292491912842,0.14114785194396973,0.264481746816035,worker2->worker3,worker2,worker3,0,0.0,0.31133151054382324,0.08119773864746094
model_1,874,1,0.47478389739990234,3,3,1,1,0.9234434962272644,0.3897521495819092,0.08503174781799316,0.17909568602401943,worker2,worker2,worker2,0,0.0,0.3897521495819092,0.0
model_1,875,1,0.3048398494720459,4,4,1,0,0.885762631893158,0.21438074111938477,0.09045910835266113,0.2967430554414977,worker2,worker2,worker2,0,0.0,0.21438074111938477,0.0
model_1,876,1,0.4007687568664551,6,2,0,1,0.6367029547691345,0.31831955909729004,0.08244919776916504,0.2057276081444615,worker2,worker2,worker2,0,0.0,0.31831955909729004,0.0
model_1,877,1,0.3912649154663086,1,1,1,0,0.909214437007904,0.24013137817382812,0.15113353729248047,0.3862690758059916,worker2,worker2,worker2,0,0.0,0.24013137817382812,0.0
model_1,878,1,0.3618474006652832,0,2,0,0,0.9169780611991882,0.20574355125427246,0.15610384941101074,0.4314079612676567,worker2,worker2,worker2,0,0.0,0.20574355125427246,0.0
model_1,879,1,0.5335137844085693,7,7,1,2,0.7113820910453796,0.3937399387359619,0.13977384567260742,0.26198731833621647,worker2->worker3,worker2,worker3,0,0.0,0.31241750717163086,0.08132243156433105
model_1,880,1,0.4177131652832031,0,0,1,1,0.9908832907676697,0.3323993682861328,0.08531379699707031,0.20424014392562626,worker2,worker2,worker2,0,0.0,0.3323993682861328,0.0
model_1,881,1,0.2982902526855469,8,8,1,0,0.9776696562767029,0.20904755592346191,0.08924269676208496,0.2991807340622802,worker2,worker2,worker2,0,0.0,0.20904755592346191,0.0
model_1,882,1,0.3734016418457031,1,1,1,0,0.9496243000030518,0.2219388484954834,0.15146279335021973,0.40562969300710017,worker2,worker2,worker2,0,0.0,0.2219388484954834,0.0
model_1,883,1,0.30283236503601074,4,4,1,0,0.7552825808525085,0.21364140510559082,0.08919095993041992,0.29452254853874005,worker2,worker2,worker2,0,0.0,0.21364140510559082,0.0
model_1,884,1,0.397014856338501,7,7,1,1,0.9461796283721924,0.3123202323913574,0.08469462394714355,0.21332860117187055,worker2,worker2,worker2,0,0.0,0.3123202323913574,0.0
model_1,885,1,0.3975245952606201,3,3,1,1,0.9988306164741516,0.3149700164794922,0.08255457878112793,0.20767162526636754,worker2,worker2,worker2,0,0.0,0.3149700164794922,0.0
model_1,886,1,0.40821409225463867,8,8,1,1,0.8459663391113281,0.31646156311035156,0.09175252914428711,0.2247657072236817,worker2,worker2,worker2,0,0.0,0.31646156311035156,0.0
model_1,887,1,0.29732227325439453,6,6,1,0,0.9865167140960693,0.20767641067504883,0.0896458625793457,0.30151075329174215,worker2,worker2,worker2,0,0.0,0.20767641067504883,0.0
model_1,888,1,0.39820241928100586,4,2,0,1,0.7963536977767944,0.3161489963531494,0.08205342292785645,0.206059579135687,worker2,worker2,worker2,0,0.0,0.3161489963531494,0.0
model_1,889,1,0.3874640464782715,3,3,1,0,0.8359655737876892,0.23603415489196777,0.1514298915863037,0.3908230788448025,worker2,worker2,worker2,0,0.0,0.23603415489196777,0.0
model_1,890,1,0.3664400577545166,4,4,1,0,0.9564212560653687,0.2106761932373047,0.15576386451721191,0.42507324518969575,worker2,worker2,worker2,0,0.0,0.2106761932373047,0.0
model_1,891,1,0.3641698360443115,6,6,1,0,0.9183809161186218,0.21196818351745605,0.15220165252685547,0.41794140387930384,worker2,worker2,worker2,0,0.0,0.21196818351745605,0.0
model_1,892,1,0.3969099521636963,8,0,0,1,0.8091598749160767,0.3127760887145996,0.08413386344909668,0.21197216897800947,worker2,worker2,worker2,0,0.0,0.3127760887145996,0.0
model_1,893,1,0.428159236907959,6,6,1,1,0.6787997484207153,0.342449426651001,0.08570981025695801,0.20018208850503666,worker2,worker2,worker2,0,0.0,0.342449426651001,0.0
model_1,894,1,0.3092164993286133,9,9,1,0,0.8283558487892151,0.21790242195129395,0.09131407737731934,0.2953079074874243,worker2,worker2,worker2,0,0.0,0.21790242195129395,0.0
model_1,895,1,0.3642103672027588,0,0,1,0,0.9350411891937256,0.21468162536621094,0.14952874183654785,0.41055597341989997,worker2,worker2,worker2,0,0.0,0.21468162536621094,0.0
model_1,896,1,0.4050252437591553,3,3,1,1,0.895552396774292,0.3213841915130615,0.08364105224609375,0.2065082449424564,worker2,worker2,worker2,0,0.0,0.3213841915130615,0.0
model_1,897,1,0.5721523761749268,3,3,1,2,0.780958890914917,0.42748427391052246,0.1446681022644043,0.25284890579598723,worker2->worker3,worker2,worker3,0,0.0,0.34954309463500977,0.0779411792755127
model_1,898,1,0.2960035800933838,7,7,1,0,0.9902141690254211,0.21130156517028809,0.0847020149230957,0.28615199483862236,worker2,worker2,worker2,0,0.0,0.21130156517028809,0.0
model_1,899,1,0.5326402187347412,7,7,1,2,0.9941891431808472,0.3944997787475586,0.13814043998718262,0.2593503740955348,worker2->worker3,worker2,worker3,0,0.0,0.3067054748535156,0.08779430389404297
model_1,900,1,0.4007561206817627,9,9,1,1,0.7762874960899353,0.31789064407348633,0.08286547660827637,0.2067728284905702,worker2,worker2,worker2,0,0.0,0.31789064407348633,0.0
model_1,901,1,0.2942008972167969,2,2,1,0,0.8713181018829346,0.21210241317749023,0.08209848403930664,0.2790558588229192,worker2,worker2,worker2,0,0.0,0.21210241317749023,0.0
model_1,902,1,0.2870810031890869,9,9,1,0,0.9814460873603821,0.20411300659179688,0.08296799659729004,0.28900552692663845,worker2,worker2,worker2,0,0.0,0.20411300659179688,0.0
model_1,903,1,0.29883289337158203,2,2,1,0,0.9152886867523193,0.21414685249328613,0.0846860408782959,0.28338928798240937,worker2,worker2,worker2,0,0.0,0.21414685249328613,0.0
model_1,904,1,0.40201401710510254,9,1,0,1,0.5183879137039185,0.31740760803222656,0.08460640907287598,0.2104563658802884,worker2,worker2,worker2,0,0.0,0.31740760803222656,0.0
model_1,905,1,0.3518085479736328,6,6,1,0,0.9690819382667542,0.2004871368408203,0.1513214111328125,0.4301243162066479,worker2,worker2,worker2,0,0.0,0.2004871368408203,0.0
model_1,906,1,0.4172942638397217,7,7,1,1,0.9825652837753296,0.33202242851257324,0.08527183532714844,0.20434461413996444,worker2,worker2,worker2,0,0.0,0.33202242851257324,0.0
model_1,907,1,0.31934523582458496,9,9,1,0,0.9976686835289001,0.21794652938842773,0.10139870643615723,0.31752064869336305,worker2,worker2,worker2,0,0.0,0.21794652938842773,0.0
model_1,908,1,0.40488529205322266,1,1,1,1,0.7675718069076538,0.3201596736907959,0.08472561836242676,0.20925832581562254,worker2,worker2,worker2,0,0.0,0.3201596736907959,0.0
model_1,909,1,0.4001579284667969,4,4,1,1,0.7168759703636169,0.3162686824798584,0.08388924598693848,0.2096403445218734,worker2,worker2,worker2,0,0.0,0.3162686824798584,0.0
model_1,910,1,0.5775177478790283,5,5,1,2,0.9639142155647278,0.43161821365356445,0.14589953422546387,0.2526321221491278,worker2->worker3,worker2,worker3,0,0.0,0.3166825771331787,0.11493563652038574
model_1,911,1,0.29253315925598145,9,9,1,0,0.7641035318374634,0.2066042423248291,0.08592891693115234,0.2937407750618799,worker2,worker2,worker2,0,0.0,0.2066042423248291,0.0
model_1,912,1,0.3093273639678955,1,9,0,0,0.8599125742912292,0.21454310417175293,0.09478425979614258,0.30642054611754316,worker2,worker2,worker2,0,0.0,0.21454310417175293,0.0
model_1,913,1,0.40642690658569336,4,7,0,1,0.7003825902938843,0.32275867462158203,0.08366823196411133,0.2058629254322517,worker2,worker2,worker2,0,0.0,0.32275867462158203,0.0
model_1,914,1,0.40202760696411133,3,3,1,1,0.9144270420074463,0.3173036575317383,0.08472394943237305,0.21074162063685414,worker2,worker2,worker2,0,0.0,0.3173036575317383,0.0
model_1,915,1,0.4288003444671631,6,3,0,1,0.8793532848358154,0.34206151962280273,0.08673882484436035,0.20228254469371745,worker2,worker2,worker2,0,0.0,0.34206151962280273,0.0
model_1,916,1,0.3650186061859131,1,1,1,0,0.9582424759864807,0.21282958984375,0.15218901634216309,0.4169349555421003,worker2,worker2,worker2,0,0.0,0.21282958984375,0.0
model_1,917,1,0.5357613563537598,3,3,1,2,0.6098963618278503,0.39486193656921387,0.1408994197845459,0.2629891426725277,worker2->worker3,worker2,worker3,0,0.0,0.31336164474487305,0.08150029182434082
model_1,918,1,0.4553375244140625,4,4,1,1,0.8960040807723999,0.3660719394683838,0.08926558494567871,0.19604267199490633,worker2,worker2,worker2,0,0.0,0.3660719394683838,0.0
model_1,919,1,0.3142409324645996,7,7,1,0,0.9984717965126038,0.2189483642578125,0.09529256820678711,0.3032468350300678,worker2,worker2,worker2,0,0.0,0.2189483642578125,0.0
model_1,920,1,0.29500603675842285,9,9,1,0,0.9808056354522705,0.21176743507385254,0.08323860168457031,0.28215897748808944,worker2,worker2,worker2,0,0.0,0.21176743507385254,0.0
model_1,921,1,0.28942394256591797,1,1,1,0,0.9625325798988342,0.20647907257080078,0.08294486999511719,0.2865860690714142,worker2,worker2,worker2,0,0.0,0.20647907257080078,0.0
model_1,922,1,0.3974018096923828,4,4,1,1,0.8844412565231323,0.31590723991394043,0.08149456977844238,0.2050684415391187,worker2,worker2,worker2,0,0.0,0.31590723991394043,0.0
model_1,923,1,0.2940840721130371,5,5,1,0,0.8262104988098145,0.20980548858642578,0.08427858352661133,0.2865798984659637,worker2,worker2,worker2,0,0.0,0.20980548858642578,0.0
model_1,924,1,0.29038047790527344,8,8,1,0,0.9966636300086975,0.20623326301574707,0.08414721488952637,0.2897826172631911,worker2,worker2,worker2,0,0.0,0.20623326301574707,0.0
model_1,925,1,0.28809356689453125,0,2,0,0,0.6834837198257446,0.203934907913208,0.08415865898132324,0.29212265962236167,worker2,worker2,worker2,0,0.0,0.203934907913208,0.0
model_1,926,1,0.29542994499206543,6,6,1,0,0.730057418346405,0.21275949478149414,0.08267045021057129,0.27983097723147743,worker2,worker2,worker2,0,0.0,0.21275949478149414,0.0
model_1,927,1,0.4075496196746826,6,6,1,1,0.8988332748413086,0.3223085403442383,0.08524107933044434,0.20915509477959057,worker2,worker2,worker2,0,0.0,0.3223085403442383,0.0
model_1,928,1,0.29845333099365234,6,5,0,0,0.754905104637146,0.21363139152526855,0.08482193946838379,0.28420503529306507,worker2,worker2,worker2,0,0.0,0.21363139152526855,0.0
model_1,929,1,0.2966732978820801,8,8,1,0,0.995518684387207,0.21316814422607422,0.08350515365600586,0.28147175445899747,worker2,worker2,worker2,0,0.0,0.21316814422607422,0.0
model_1,930,1,0.30185508728027344,8,8,1,0,0.9525033235549927,0.21712994575500488,0.08472514152526855,0.28068150942442455,worker2,worker2,worker2,0,0.0,0.21712994575500488,0.0
model_1,931,1,0.40489816665649414,3,6,0,1,0.7348257303237915,0.3207879066467285,0.08411026000976562,0.20773188652425473,worker2,worker2,worker2,0,0.0,0.3207879066467285,0.0
model_1,932,1,0.5417258739471436,3,0,0,2,0.9518800973892212,0.4001610279083252,0.14156484603881836,0.2613219210065475,worker2->worker3,worker2,worker3,0,0.0,0.3200955390930176,0.08006548881530762
model_1,933,1,0.290241003036499,0,0,1,0,0.8155949115753174,0.20734500885009766,0.08289599418640137,0.28561090031781916,worker2,worker2,worker2,0,0.0,0.20734500885009766,0.0
model_1,934,1,0.3938632011413574,5,5,1,1,0.9148319363594055,0.3089728355407715,0.08489036560058594,0.21553261476214633,worker2,worker2,worker2,0,0.0,0.3089728355407715,0.0
model_1,935,1,0.2978053092956543,1,1,1,0,0.5655525922775269,0.2133159637451172,0.08448934555053711,0.2837066462997744,worker2,worker2,worker2,0,0.0,0.2133159637451172,0.0
model_1,936,1,0.5478119850158691,3,3,1,2,0.8427618741989136,0.40730714797973633,0.1405048370361328,0.25648368578877045,worker2->worker3,worker2,worker3,0,0.0,0.32407689094543457,0.08323025703430176
model_1,937,1,0.3307054042816162,7,2,0,0,0.7691748738288879,0.21057796478271484,0.12012743949890137,0.3632460732229383,worker2,worker2,worker2,0,0.0,0.21057796478271484,0.0
model_1,938,1,0.4118480682373047,8,0,0,0,0.8568081259727478,0.25678563117980957,0.15506243705749512,0.3765039805119323,worker2,worker2,worker2,0,0.0,0.25678563117980957,0.0
model_1,939,1,0.3247237205505371,9,9,1,0,0.9978958368301392,0.2205207347869873,0.1042029857635498,0.32089736341676517,worker2,worker2,worker2,0,0.0,0.2205207347869873,0.0
model_1,940,1,0.3946213722229004,3,3,1,1,0.9808760285377502,0.30874204635620117,0.08587932586669922,0.2176246192215626,worker2,worker2,worker2,0,0.0,0.30874204635620117,0.0
model_1,941,1,0.28501272201538086,3,3,1,0,0.7035932540893555,0.20086288452148438,0.08414983749389648,0.29524940816275314,worker2,worker2,worker2,0,0.0,0.20086288452148438,0.0
model_1,942,1,0.6469683647155762,9,1,0,3,0.718619167804718,0.5047271251678467,0.1422412395477295,0.21985810637010417,worker2->worker3->worker3,worker2,worker3,0,0.0,0.31578493118286133,0.18894219398498535
model_1,943,1,0.5434329509735107,6,2,0,2,0.47634804248809814,0.40328097343444824,0.1401519775390625,0.25790113994374647,worker2->worker3,worker2,worker3,0,0.0,0.3105590343475342,0.09272193908691406
model_1,944,1,0.39092564582824707,6,6,1,0,0.7470019459724426,0.23939061164855957,0.1515350341796875,0.3876313457476881,worker2,worker2,worker2,0,0.0,0.23939061164855957,0.0
model_1,945,1,0.3015022277832031,7,2,0,0,0.8053174018859863,0.2063753604888916,0.09512686729431152,0.31550966635879396,worker2,worker2,worker2,0,0.0,0.2063753604888916,0.0
model_1,946,1,0.39931201934814453,6,6,1,1,0.9874677658081055,0.3159937858581543,0.08331823348999023,0.20865445930228393,worker2,worker2,worker2,0,0.0,0.3159937858581543,0.0
model_1,947,1,0.3536524772644043,2,2,1,0,0.8445446491241455,0.2031722068786621,0.1504802703857422,0.425503227206966,worker2,worker2,worker2,0,0.0,0.2031722068786621,0.0
model_1,948,1,0.41779136657714844,3,2,0,1,0.8397007584571838,0.3327159881591797,0.08507537841796875,0.20363125048506459,worker2,worker2,worker2,0,0.0,0.3327159881591797,0.0
model_1,949,1,0.39946842193603516,3,3,1,1,0.9878002405166626,0.3159191608428955,0.08354926109313965,0.2091511030789762,worker2,worker2,worker2,0,0.0,0.3159191608428955,0.0
model_1,950,1,0.4512197971343994,4,4,1,1,0.9217519164085388,0.30088305473327637,0.15033674240112305,0.3331785160045716,worker2,worker2,worker2,0,0.0,0.30088305473327637,0.0
model_1,951,1,0.6458921432495117,1,9,0,3,0.5537747740745544,0.4924590587615967,0.15343308448791504,0.23755217661572173,worker2->worker3->worker3,worker2,worker3,0,0.0,0.30629682540893555,0.18616223335266113
model_1,952,1,0.4373154640197754,9,8,0,1,0.6921806931495667,0.33933520317077637,0.09798026084899902,0.22404938519294704,worker2,worker2,worker2,0,0.0,0.33933520317077637,0.0
model_1,953,1,0.298999547958374,7,7,1,0,0.8793894648551941,0.20818233489990234,0.09081721305847168,0.303736957726488,worker2,worker2,worker2,0,0.0,0.20818233489990234,0.0
model_1,954,1,0.2928586006164551,4,4,1,0,0.9701001048088074,0.20940709114074707,0.08345150947570801,0.2849549553950134,worker2,worker2,worker2,0,0.0,0.20940709114074707,0.0
model_1,955,1,0.2953197956085205,8,8,1,0,0.9990536570549011,0.2117760181427002,0.08354377746582031,0.28289257512749655,worker2,worker2,worker2,0,0.0,0.2117760181427002,0.0
model_1,956,1,0.6818153858184814,9,7,0,3,0.9036950469017029,0.5377342700958252,0.14408111572265625,0.21131983630685436,worker2->worker3->worker3,worker2,worker3,0,0.0,0.35108280181884766,0.18665146827697754
model_1,957,1,0.2866637706756592,5,5,1,0,0.8876148462295532,0.19920039176940918,0.08746337890625,0.30510789242777714,worker2,worker2,worker2,0,0.0,0.19920039176940918,0.0
model_1,958,1,0.2976984977722168,9,9,1,0,0.7555135488510132,0.21451592445373535,0.08318257331848145,0.27941885478417283,worker2,worker2,worker2,0,0.0,0.21451592445373535,0.0
model_1,959,1,0.39431047439575195,3,3,1,1,0.7308942675590515,0.31241917610168457,0.08189129829406738,0.20768227985715823,worker2,worker2,worker2,0,0.0,0.31241917610168457,0.0
model_1,960,1,0.3817753791809082,8,8,1,0,0.9920397996902466,0.229736328125,0.1520390510559082,0.39824215847052546,worker2,worker2,worker2,0,0.0,0.229736328125,0.0
model_1,961,1,0.3116438388824463,4,4,1,0,0.9354462623596191,0.2247471809387207,0.08689665794372559,0.2788332291610086,worker2,worker2,worker2,0,0.0,0.2247471809387207,0.0
model_1,962,1,0.3613264560699463,4,4,1,0,0.9397600889205933,0.20793962478637695,0.15338683128356934,0.42451038031346483,worker2,worker2,worker2,0,0.0,0.20793962478637695,0.0
model_1,963,1,0.6993741989135742,8,0,0,3,0.38427332043647766,0.5552279949188232,0.14414620399475098,0.20610740890737944,worker2->worker3->worker3,worker2,worker3,0,0.0,0.3139522075653076,0.24127578735351562
model_1,964,1,0.2999451160430908,8,8,1,0,0.9996668100357056,0.21364927291870117,0.08629584312438965,0.28770544512547486,worker2,worker2,worker2,0,0.0,0.21364927291870117,0.0
model_1,965,1,0.5414693355560303,8,0,0,2,0.7383798360824585,0.4013657569885254,0.14010357856750488,0.25874702290136836,worker2->worker3,worker2,worker3,0,0.0,0.3184990882873535,0.08286666870117188
model_1,966,1,0.29183292388916016,6,6,1,0,0.8236836791038513,0.20866107940673828,0.08317184448242188,0.28499815364907566,worker2,worker2,worker2,0,0.0,0.20866107940673828,0.0
model_1,967,1,0.2984447479248047,1,9,0,0,0.916043221950531,0.21476078033447266,0.08368396759033203,0.2804002019543558,worker2,worker2,worker2,0,0.0,0.21476078033447266,0.0
model_1,968,1,0.2969996929168701,8,8,1,0,0.9496300220489502,0.2136380672454834,0.08336162567138672,0.2806791645226365,worker2,worker2,worker2,0,0.0,0.2136380672454834,0.0
model_1,969,1,0.39990663528442383,6,8,0,1,0.9025586247444153,0.3163340091705322,0.0835726261138916,0.20898034376061955,worker2,worker2,worker2,0,0.0,0.3163340091705322,0.0
model_1,970,1,0.29371047019958496,4,2,0,0,0.8505160212516785,0.21036839485168457,0.08334207534790039,0.2837558882094567,worker2,worker2,worker2,0,0.0,0.21036839485168457,0.0
model_1,971,1,0.4488508701324463,7,0,0,0,0.7585431933403015,0.2925150394439697,0.15633583068847656,0.3483023897053941,worker2,worker2,worker2,0,0.0,0.2925150394439697,0.0
model_1,972,1,0.320692777633667,1,1,1,0,0.6150550246238708,0.20754384994506836,0.11314892768859863,0.3528265541977707,worker2,worker2,worker2,0,0.0,0.20754384994506836,0.0
model_1,973,1,0.30161237716674805,8,8,1,0,0.9927846193313599,0.2189328670501709,0.08267951011657715,0.2741250571121865,worker2,worker2,worker2,0,0.0,0.2189328670501709,0.0
model_1,974,1,0.6386475563049316,5,5,1,3,0.9399271011352539,0.4992198944091797,0.13942766189575195,0.21831706787143826,worker2->worker3->worker3,worker2,worker3,0,0.0,0.312929630279541,0.18629026412963867
model_1,975,1,0.2949650287628174,9,9,1,0,0.9501902461051941,0.2120673656463623,0.08289766311645508,0.28104234411840545,worker2,worker2,worker2,0,0.0,0.2120673656463623,0.0
model_1,976,1,0.3995203971862793,0,0,1,1,0.8217294812202454,0.31597208976745605,0.08354830741882324,0.20912150670462074,worker2,worker2,worker2,0,0.0,0.31597208976745605,0.0
model_1,977,1,0.3891782760620117,4,4,1,1,0.779823362827301,0.3060641288757324,0.0831141471862793,0.2135631721978127,worker2,worker2,worker2,0,0.0,0.3060641288757324,0.0
model_1,978,1,0.2935948371887207,4,3,0,0,0.7550343871116638,0.21233868598937988,0.08125615119934082,0.2767628749108757,worker2,worker2,worker2,0,0.0,0.21233868598937988,0.0
model_1,979,1,0.407642126083374,9,1,0,1,0.841544508934021,0.32332944869995117,0.08431267738342285,0.20683013846851195,worker2,worker2,worker2,0,0.0,0.32332944869995117,0.0
model_1,980,1,0.6393141746520996,4,4,1,3,0.6698585152626038,0.5001134872436523,0.13920068740844727,0.21773439871593203,worker2->worker3->worker3,worker2,worker3,0,0.0,0.3148064613342285,0.18530702590942383
model_1,981,1,0.2887454032897949,9,1,0,0,0.9971303343772888,0.20642995834350586,0.08231544494628906,0.2850796722941228,worker2,worker2,worker2,0,0.0,0.20642995834350586,0.0
model_1,982,1,0.3827180862426758,7,7,1,0,0.9573854804039001,0.22917842864990234,0.15353965759277344,0.4011821314747489,worker2,worker2,worker2,0,0.0,0.22917842864990234,0.0
model_1,983,1,0.3040778636932373,4,4,1,0,0.9411604404449463,0.21551513671875,0.0885627269744873,0.29125016171460605,worker2,worker2,worker2,0,0.0,0.21551513671875,0.0
model_1,984,1,0.385983943939209,6,6,1,0,0.7977738976478577,0.23503994941711426,0.15094399452209473,0.3910628845894891,worker2,worker2,worker2,0,0.0,0.23503994941711426,0.0
model_1,985,1,0.3645768165588379,0,0,1,0,0.8968827724456787,0.21283435821533203,0.15174245834350586,0.41621532541693207,worker2,worker2,worker2,0,0.0,0.21283435821533203,0.0
model_1,986,1,0.4394843578338623,6,6,1,1,0.5798835158348083,0.3530113697052002,0.08647298812866211,0.19676010439796215,worker2,worker2,worker2,0,0.0,0.3530113697052002,0.0
model_1,987,1,0.30997681617736816,9,1,0,0,0.5954744219779968,0.21259570121765137,0.0973811149597168,0.31415612354698,worker2,worker2,worker2,0,0.0,0.21259570121765137,0.0
model_1,988,1,0.29457831382751465,8,8,1,0,0.9946687817573547,0.21240687370300293,0.08217144012451172,0.27894599251669905,worker2,worker2,worker2,0,0.0,0.21240687370300293,0.0
model_1,989,1,0.6470730304718018,2,2,1,3,0.9701681137084961,0.5072076320648193,0.13986539840698242,0.21615086987167748,worker2->worker3->worker3,worker2,worker3,0,0.0,0.3213493824005127,0.18585824966430664
model_1,990,1,0.3998565673828125,4,4,1,1,0.7386084794998169,0.3162705898284912,0.08358597755432129,0.20903990173630987,worker2,worker2,worker2,0,0.0,0.3162705898284912,0.0
model_1,991,1,0.5389573574066162,8,8,1,2,0.8479437232017517,0.3987717628479004,0.14018559455871582,0.2601051690494928,worker2->worker3,worker2,worker3,0,0.0,0.31162571907043457,0.08714604377746582
model_1,992,1,0.43268585205078125,5,5,1,1,0.9085812568664551,0.348369836807251,0.08431601524353027,0.19486658702590234,worker2,worker2,worker2,0,0.0,0.348369836807251,0.0
model_1,993,1,0.3112339973449707,7,7,1,0,0.9919690489768982,0.22171521186828613,0.08951878547668457,0.28762534376173005,worker2,worker2,worker2,0,0.0,0.22171521186828613,0.0
model_1,994,1,0.40137815475463867,7,7,1,1,0.8767728209495544,0.318572998046875,0.08280515670776367,0.20630210121520498,worker2,worker2,worker2,0,0.0,0.318572998046875,0.0
model_1,995,1,0.40070247650146484,2,2,1,1,0.9982438087463379,0.3164222240447998,0.08428025245666504,0.21033124924137309,worker2,worker2,worker2,0,0.0,0.3164222240447998,0.0
model_1,996,1,0.3943963050842285,1,1,1,1,0.9989879727363586,0.31110215187072754,0.08329415321350098,0.21119405060276214,worker2,worker2,worker2,0,0.0,0.31110215187072754,0.0
model_1,997,1,0.41910290718078613,9,9,1,1,0.9994513392448425,0.33318448066711426,0.08591842651367188,0.20500556078607612,worker2,worker2,worker2,0,0.0,0.33318448066711426,0.0
model_1,998,1,0.3092522621154785,1,1,1,0,0.9901933073997498,0.21077275276184082,0.0984795093536377,0.3184439417838899,worker2,worker2,worker2,0,0.0,0.21077275276184082,0.0
model_1,999,1,0.4075736999511719,4,7,0,1,0.9506106972694397,0.3249664306640625,0.08260726928710938,0.2026805686848928,worker2,worker2,worker2,0,0.0,0.3249664306640625,0.0
model_1,1000,1,0.4040689468383789,1,1,1,0,0.9697999954223633,0.2531416416168213,0.15092730522155762,0.37351869378352925,worker2,worker2,worker2,0,0.0,0.2531416416168213,0.0
model_1,1001,1,0.31814122200012207,5,5,1,0,0.9171551465988159,0.22263312339782715,0.09550809860229492,0.30020661265410703,worker2,worker2,worker2,0,0.0,0.22263312339782715,0.0
model_1,1002,1,0.41297364234924316,5,5,1,1,0.7527730464935303,0.32717061042785645,0.08580303192138672,0.2077687850325927,worker2,worker2,worker2,0,0.0,0.32717061042785645,0.0
model_1,1003,1,0.5835132598876953,8,8,1,2,0.986078143119812,0.44174885749816895,0.14176440238952637,0.24294975304727567,worker2->worker3,worker2,worker3,0,0.0,0.35382723808288574,0.0879216194152832
model_1,1004,1,0.39989137649536133,0,3,0,1,0.532020092010498,0.31642723083496094,0.08346414566040039,0.20871704309274736,worker2,worker2,worker2,0,0.0,0.31642723083496094,0.0
model_1,1005,1,0.6613237857818604,7,7,1,1,0.7931163907051086,0.5097730159759521,0.1515507698059082,0.22916273853167846,worker2,worker2,worker2,0,0.0,0.5097730159759521,0.0
model_1,1006,1,0.42075371742248535,3,2,0,0,0.8593250513076782,0.30580925941467285,0.1149444580078125,0.2731870290105957,worker2,worker2,worker2,0,0.0,0.30580925941467285,0.0
model_1,1007,1,0.2943089008331299,9,9,1,0,0.9967693090438843,0.2107844352722168,0.08352446556091309,0.2837986392000784,worker2,worker2,worker2,0,0.0,0.2107844352722168,0.0
model_1,1008,1,0.39789628982543945,3,4,0,1,0.5813223123550415,0.31688833236694336,0.0810079574584961,0.20359063286072607,worker2,worker2,worker2,0,0.0,0.31688833236694336,0.0
model_1,1009,1,0.2916736602783203,0,0,1,0,0.9609553813934326,0.21078944206237793,0.08088421821594238,0.27731067021533995,worker2,worker2,worker2,0,0.0,0.21078944206237793,0.0
model_1,1010,1,0.4109373092651367,5,5,1,1,0.4851587414741516,0.3298008441925049,0.08113646507263184,0.19744244010777467,worker2,worker2,worker2,0,0.0,0.3298008441925049,0.0
model_1,1011,1,0.4153764247894287,4,3,0,1,0.5265139937400818,0.32903242111206055,0.08634400367736816,0.20786929282551236,worker2,worker2,worker2,0,0.0,0.32903242111206055,0.0
model_1,1012,1,0.29398679733276367,7,7,1,0,0.9689707159996033,0.2125232219696045,0.08146357536315918,0.2770994347441751,worker2,worker2,worker2,0,0.0,0.2125232219696045,0.0
model_1,1013,1,0.5424399375915527,4,2,0,2,0.6090767979621887,0.40412425994873047,0.13831567764282227,0.25498800522864784,worker2->worker3,worker2,worker3,0,0.0,0.32233715057373047,0.081787109375
model_1,1014,1,0.4478118419647217,7,7,1,1,0.9443962574005127,0.36423635482788086,0.08357548713684082,0.18663081076677923,worker2,worker2,worker2,0,0.0,0.36423635482788086,0.0
model_1,1015,1,0.35648179054260254,9,9,1,0,0.9725545644760132,0.20617270469665527,0.15030908584594727,0.4216459012314798,worker2,worker2,worker2,0,0.0,0.20617270469665527,0.0
model_1,1016,1,0.6512324810028076,6,3,0,3,0.718873918056488,0.5085868835449219,0.14264559745788574,0.219039439246383,worker2->worker3->worker3,worker2,worker3,0,0.0,0.32218241691589355,0.18640446662902832
model_1,1017,1,0.29206085205078125,4,4,1,0,0.8921372890472412,0.20707201957702637,0.08498883247375488,0.29099700242940363,worker2,worker2,worker2,0,0.0,0.20707201957702637,0.0
model_1,1018,1,0.29451656341552734,4,4,1,0,0.9673702120780945,0.21025633811950684,0.08426022529602051,0.28609672854677276,worker2,worker2,worker2,0,0.0,0.21025633811950684,0.0
model_1,1019,1,0.5522012710571289,3,3,1,2,0.928432047367096,0.4126877784729004,0.13951349258422852,0.25264971287940935,worker2->worker3,worker2,worker3,0,0.0,0.3286271095275879,0.0840606689453125
model_1,1020,1,0.3984806537628174,9,7,0,0,0.8276678919792175,0.24476361274719238,0.153717041015625,0.38575785189089773,worker2,worker2,worker2,0,0.0,0.24476361274719238,0.0
model_1,1021,1,0.2996499538421631,1,1,1,0,0.5393252372741699,0.20947957038879395,0.09017038345336914,0.3009190633844225,worker2,worker2,worker2,0,0.0,0.20947957038879395,0.0
model_1,1022,1,0.29201507568359375,7,5,0,0,0.5809204578399658,0.20819592475891113,0.08381915092468262,0.28703706727629,worker2,worker2,worker2,0,0.0,0.20819592475891113,0.0
model_1,1023,1,0.2945287227630615,5,5,1,0,0.9732699394226074,0.21116209030151367,0.08336663246154785,0.2830509421270044,worker2,worker2,worker2,0,0.0,0.21116209030151367,0.0
model_1,1024,1,0.40563273429870605,0,0,1,1,0.8720418810844421,0.3219578266143799,0.08367490768432617,0.20628243385975936,worker2,worker2,worker2,0,0.0,0.3219578266143799,0.0
model_1,1025,1,0.2923765182495117,5,5,1,0,0.9322443604469299,0.20864415168762207,0.08373236656188965,0.286385401478901,worker2,worker2,worker2,0,0.0,0.20864415168762207,0.0
model_1,1026,1,0.2992367744445801,4,7,0,0,0.9072067737579346,0.21533775329589844,0.08389902114868164,0.2803767060529524,worker2,worker2,worker2,0,0.0,0.21533775329589844,0.0
model_1,1027,1,0.3682982921600342,8,8,1,0,0.9904881715774536,0.21607136726379395,0.15222692489624023,0.4133250903865014,worker2,worker2,worker2,0,0.0,0.21607136726379395,0.0
model_1,1028,1,0.2987864017486572,4,4,1,0,0.9503822922706604,0.21227431297302246,0.08651208877563477,0.2895449333347165,worker2,worker2,worker2,0,0.0,0.21227431297302246,0.0
model_1,1029,1,0.5377602577209473,4,4,1,2,0.9953758716583252,0.40017247200012207,0.1375877857208252,0.2558533914423661,worker2->worker3,worker2,worker3,0,0.0,0.3171570301055908,0.08301544189453125
model_1,1030,1,0.32842445373535156,8,8,1,0,0.828002393245697,0.2114872932434082,0.11693716049194336,0.35605497447572143,worker2,worker2,worker2,0,0.0,0.2114872932434082,0.0
model_1,1031,1,0.4052286148071289,8,8,1,0,0.9969950914382935,0.2526741027832031,0.15255451202392578,0.3764652999555203,worker2,worker2,worker2,0,0.0,0.2526741027832031,0.0
model_1,1032,1,0.31188297271728516,9,1,0,0,0.8141406178474426,0.21749448776245117,0.09438848495483398,0.3026407120993906,worker2,worker2,worker2,0,0.0,0.21749448776245117,0.0
model_1,1033,1,0.5351724624633789,1,1,1,2,0.9918179512023926,0.39725327491760254,0.13791918754577637,0.25770979865245586,worker2->worker3,worker2,worker3,0,0.0,0.31366419792175293,0.08358907699584961
model_1,1034,1,0.33652806282043457,6,6,1,0,0.9264360666275024,0.25516366958618164,0.08136439323425293,0.24177595339996216,worker2,worker2,worker2,0,0.0,0.25516366958618164,0.0
model_1,1035,1,0.45610976219177246,9,0,0,1,0.5668742656707764,0.3726475238800049,0.08346223831176758,0.18298717815356838,worker2,worker2,worker2,0,0.0,0.3726475238800049,0.0
model_1,1036,1,0.541618824005127,4,4,1,2,0.8111267685890198,0.40107297897338867,0.14054584503173828,0.25949217198996,worker2->worker3,worker2,worker3,0,0.0,0.31941747665405273,0.08165550231933594
model_1,1037,1,0.2943291664123535,1,8,0,0,0.6953887939453125,0.20926380157470703,0.08506536483764648,0.28901439118157385,worker2,worker2,worker2,0,0.0,0.20926380157470703,0.0
model_1,1038,1,0.4000668525695801,0,0,1,1,0.8023911118507385,0.31681180000305176,0.08325505256652832,0.20810285089052338,worker2,worker2,worker2,0,0.0,0.31681180000305176,0.0
model_1,1039,1,0.3945729732513428,5,5,1,1,0.999440610408783,0.31066393852233887,0.0839090347290039,0.2126578362364264,worker2,worker2,worker2,0,0.0,0.31066393852233887,0.0
model_1,1040,1,0.3104531764984131,7,7,1,0,0.9663586616516113,0.21907711029052734,0.09137606620788574,0.29433123293667707,worker2,worker2,worker2,0,0.0,0.21907711029052734,0.0
model_1,1041,1,0.4112277030944824,1,1,1,1,0.6656762361526489,0.32770252227783203,0.08352518081665039,0.20311175581830854,worker2,worker2,worker2,0,0.0,0.32770252227783203,0.0
model_1,1042,1,0.35932111740112305,7,7,1,0,0.9765955209732056,0.2073969841003418,0.15192413330078125,0.4228088078975411,worker2,worker2,worker2,0,0.0,0.2073969841003418,0.0
model_1,1043,1,0.4600491523742676,6,6,1,1,0.5707831382751465,0.35927724838256836,0.10077190399169922,0.21904595078944394,worker2,worker2,worker2,0,0.0,0.35927724838256836,0.0
model_1,1044,1,0.3253669738769531,4,4,1,0,0.8272407054901123,0.2264385223388672,0.09892845153808594,0.30405191516302627,worker2,worker2,worker2,0,0.0,0.2264385223388672,0.0
model_1,1045,1,0.3009824752807617,4,3,0,0,0.9629872441291809,0.2176952362060547,0.08328723907470703,0.2767179019210844,worker2,worker2,worker2,0,0.0,0.2176952362060547,0.0
model_1,1046,1,0.3004133701324463,6,6,1,0,0.9003481864929199,0.21679997444152832,0.08361339569091797,0.27832781095613185,worker2,worker2,worker2,0,0.0,0.21679997444152832,0.0
model_1,1047,1,0.2977328300476074,8,8,1,0,0.8588029742240906,0.21425437927246094,0.08347845077514648,0.28038040266435615,worker2,worker2,worker2,0,0.0,0.21425437927246094,0.0
model_1,1048,1,0.39928722381591797,3,5,0,1,0.8310816884040833,0.3146841526031494,0.08460307121276855,0.21188524492276972,worker2,worker2,worker2,0,0.0,0.3146841526031494,0.0
model_1,1049,1,0.538421630859375,0,0,1,0,0.8217611908912659,0.3848142623901367,0.15360736846923828,0.2852919713200703,worker2,worker2,worker2,0,0.0,0.3848142623901367,0.0
model_1,1050,1,0.37514209747314453,4,3,0,0,0.97390216588974,0.2845451831817627,0.09059691429138184,0.24150026057224205,worker2,worker2,worker2,0,0.0,0.2845451831817627,0.0
model_1,1051,1,0.33263158798217773,4,4,1,0,0.7800998687744141,0.2491593360900879,0.08347225189208984,0.2509450542519199,worker2,worker2,worker2,0,0.0,0.2491593360900879,0.0
model_1,1052,1,0.31855177879333496,5,5,1,0,0.9836902022361755,0.23522090911865234,0.08333086967468262,0.2615928562393768,worker2,worker2,worker2,0,0.0,0.23522090911865234,0.0
model_1,1053,1,0.4008772373199463,6,6,1,1,0.671451210975647,0.3177206516265869,0.08315658569335938,0.20743653655493247,worker2,worker2,worker2,0,0.0,0.3177206516265869,0.0
model_1,1054,1,0.3575303554534912,6,6,1,0,0.9870360493659973,0.20604729652404785,0.15148305892944336,0.42369286025322905,worker2,worker2,worker2,0,0.0,0.20604729652404785,0.0
model_1,1055,1,0.4776625633239746,2,2,1,1,0.6653335094451904,0.3255116939544678,0.15215086936950684,0.3185321208987243,worker2,worker2,worker2,0,0.0,0.3255116939544678,0.0
model_1,1056,1,0.6101655960083008,8,8,1,1,0.7814939618110657,0.45485591888427734,0.15530967712402344,0.25453692922062193,worker2,worker2,worker2,0,0.0,0.45485591888427734,0.0
model_1,1057,1,0.39685893058776855,1,1,1,0,0.9510274529457092,0.2998216152191162,0.09703731536865234,0.24451337210664523,worker2,worker2,worker2,0,0.0,0.2998216152191162,0.0
model_1,1058,1,0.3441917896270752,9,9,1,0,0.9646190404891968,0.2620968818664551,0.08209490776062012,0.23851500888376298,worker2,worker2,worker2,0,0.0,0.2620968818664551,0.0
model_1,1059,1,0.40436887741088867,3,3,1,1,0.9800187945365906,0.3212697505950928,0.0830991268157959,0.20550327054808654,worker2,worker2,worker2,0,0.0,0.3212697505950928,0.0
model_1,1060,1,0.29549098014831543,3,3,1,0,0.7839606404304504,0.2137012481689453,0.08178973197937012,0.27679265180384693,worker2,worker2,worker2,0,0.0,0.2137012481689453,0.0
model_1,1061,1,0.4452371597290039,7,7,1,0,0.974668025970459,0.2933666706085205,0.1518704891204834,0.3411002109817613,worker2,worker2,worker2,0,0.0,0.2933666706085205,0.0
model_1,1062,1,0.3350822925567627,1,1,1,0,0.8818809986114502,0.22631096839904785,0.10877132415771484,0.3246107794230549,worker2,worker2,worker2,0,0.0,0.22631096839904785,0.0
model_1,1063,1,0.2927103042602539,5,5,1,0,0.8413979411125183,0.2094402313232422,0.08327007293701172,0.2844794724512835,worker2,worker2,worker2,0,0.0,0.2094402313232422,0.0
model_1,1064,1,0.29928040504455566,0,9,0,0,0.6189917325973511,0.21564912796020508,0.08363127708435059,0.27944120521990035,worker2,worker2,worker2,0,0.0,0.21564912796020508,0.0
model_1,1065,1,0.29797959327697754,0,9,0,0,0.8126785159111023,0.21464276313781738,0.08333683013916016,0.27967294411901905,worker2,worker2,worker2,0,0.0,0.21464276313781738,0.0
model_1,1066,1,0.3808598518371582,2,2,1,0,0.910301923751831,0.22775745391845703,0.15310239791870117,0.4019914338047954,worker2,worker2,worker2,0,0.0,0.22775745391845703,0.0
model_1,1067,1,0.3266897201538086,4,4,1,0,0.9813499450683594,0.21289324760437012,0.11379647254943848,0.3483319661722506,worker2,worker2,worker2,0,0.0,0.21289324760437012,0.0
model_1,1068,1,0.4084916114807129,4,4,1,1,0.9281070232391357,0.32445359230041504,0.08403801918029785,0.2057276497690473,worker2,worker2,worker2,0,0.0,0.32445359230041504,0.0
model_1,1069,1,0.5942714214324951,3,3,1,1,0.7636070847511292,0.5056238174438477,0.08864760398864746,0.14917022894178864,worker2,worker2,worker2,0,0.0,0.5056238174438477,0.0
model_1,1070,1,0.36997199058532715,5,5,1,0,0.9501006603240967,0.2658112049102783,0.10416078567504883,0.2815369496222068,worker2,worker2,worker2,0,0.0,0.2658112049102783,0.0
model_1,1071,1,0.2926959991455078,9,9,1,0,0.9955540299415588,0.21418333053588867,0.07851266860961914,0.2682396371622018,worker2,worker2,worker2,0,0.0,0.21418333053588867,0.0
model_1,1072,1,0.2904388904571533,9,9,1,0,0.9939654469490051,0.21262717247009277,0.07781171798706055,0.26791080858553146,worker2,worker2,worker2,0,0.0,0.21262717247009277,0.0
model_1,1073,1,0.4075043201446533,0,0,1,1,0.6000587344169617,0.32974720001220703,0.07775712013244629,0.19081299581031327,worker2,worker2,worker2,0,0.0,0.32974720001220703,0.0
model_1,1074,1,0.450042724609375,5,5,1,1,0.9776163101196289,0.3720541000366211,0.0779886245727539,0.17329160168169797,worker2,worker2,worker2,0,0.0,0.3720541000366211,0.0
model_1,1075,1,0.4899616241455078,9,1,0,1,0.7197756171226501,0.40874266624450684,0.08121895790100098,0.16576595777811515,worker2,worker2,worker2,0,0.0,0.40874266624450684,0.0
model_1,1076,1,0.34088754653930664,7,7,1,0,0.8854248523712158,0.23355436325073242,0.10733318328857422,0.31486390270991604,worker2,worker2,worker2,0,0.0,0.23355436325073242,0.0
model_1,1077,1,0.6054813861846924,3,2,0,2,0.9233812093734741,0.4662437438964844,0.139237642288208,0.22996188729365133,worker2->worker3,worker2,worker3,0,0.0,0.38425135612487793,0.08199238777160645
model_1,1078,1,0.39745545387268066,0,0,1,1,0.7364991307258606,0.31993770599365234,0.07751774787902832,0.19503505895747517,worker2,worker2,worker2,0,0.0,0.31993770599365234,0.0
model_1,1079,1,0.45182061195373535,5,5,1,1,0.5528219938278198,0.37238359451293945,0.0794370174407959,0.1758153907527573,worker2,worker2,worker2,0,0.0,0.37238359451293945,0.0
model_1,1080,1,0.30876827239990234,3,3,1,0,0.8229562640190125,0.2232813835144043,0.08548688888549805,0.27686422643444203,worker2,worker2,worker2,0,0.0,0.2232813835144043,0.0
model_1,1081,1,0.40630459785461426,9,7,0,1,0.9990860223770142,0.3276662826538086,0.07863831520080566,0.19354522596110119,worker2,worker2,worker2,0,0.0,0.3276662826538086,0.0
model_1,1082,1,0.41199731826782227,6,2,0,1,0.9784247875213623,0.3338322639465332,0.07816505432128906,0.18972224054739412,worker2,worker2,worker2,0,0.0,0.3338322639465332,0.0
model_1,1083,1,0.448925256729126,9,9,1,1,0.9883593320846558,0.365598201751709,0.08332705497741699,0.18561453990033613,worker2,worker2,worker2,0,0.0,0.365598201751709,0.0
model_1,1084,1,0.31887221336364746,8,8,1,0,0.9930832386016846,0.22259902954101562,0.09627318382263184,0.30191775823640116,worker2,worker2,worker2,0,0.0,0.22259902954101562,0.0
model_1,1085,1,0.5913522243499756,2,2,1,2,0.996733546257019,0.4456937313079834,0.1456584930419922,0.2463142726859656,worker2->worker3,worker2,worker3,0,0.0,0.364666223526001,0.08102750778198242
model_1,1086,1,0.3590102195739746,0,0,1,0,0.9803082942962646,0.2075207233428955,0.1514894962310791,0.42196430065652896,worker2,worker2,worker2,0,0.0,0.2075207233428955,0.0
model_1,1087,1,0.5608100891113281,2,2,1,2,0.9589126110076904,0.4165821075439453,0.1442279815673828,0.2571779366450586,worker2->worker3,worker2,worker3,0,0.0,0.335085391998291,0.0814967155456543
model_1,1088,1,0.4213743209838867,6,6,1,1,0.9961413741111755,0.3372929096221924,0.08408141136169434,0.1995409002745319,worker2,worker2,worker2,0,0.0,0.3372929096221924,0.0
model_1,1089,1,0.7211818695068359,0,9,0,3,0.9305548667907715,0.5767831802368164,0.14439868927001953,0.2002250685652474,worker2->worker3->worker3,worker2,worker3,0,0.0,0.3666055202484131,0.21017765998840332
model_1,1090,1,0.5440576076507568,2,5,0,2,0.8282008767127991,0.3995373249053955,0.14452028274536133,0.2656341547532081,worker2->worker3,worker2,worker3,0,0.0,0.31586527824401855,0.08367204666137695
model_1,1091,1,0.4351067543029785,3,3,1,1,0.9948490262031555,0.34839677810668945,0.08670997619628906,0.19928437179789257,worker2,worker2,worker2,0,0.0,0.34839677810668945,0.0
model_1,1092,1,0.3080739974975586,5,5,1,0,0.8069315552711487,0.21098017692565918,0.09709382057189941,0.31516395853132284,worker2,worker2,worker2,0,0.0,0.21098017692565918,0.0
model_1,1093,1,0.4049856662750244,1,1,1,1,0.9026692509651184,0.32219910621643066,0.08278656005859375,0.20441849416560257,worker2,worker2,worker2,0,0.0,0.32219910621643066,0.0
model_1,1094,1,0.5993750095367432,1,9,0,2,0.692227840423584,0.4565749168395996,0.14280009269714355,0.23824832604801746,worker2->worker3,worker2,worker3,0,0.0,0.37322449684143066,0.08335041999816895
model_1,1095,1,0.39102816581726074,0,0,1,0,0.7662228941917419,0.23711514472961426,0.15391302108764648,0.3936110862141186,worker2,worker2,worker2,0,0.0,0.23711514472961426,0.0
model_1,1096,1,0.3003509044647217,8,0,0,0,0.6563469171524048,0.21096539497375488,0.0893855094909668,0.29760359686702975,worker2,worker2,worker2,0,0.0,0.21096539497375488,0.0
model_1,1097,1,0.36641502380371094,9,9,1,0,0.9796095490455627,0.21689248085021973,0.1495225429534912,0.4080688106107534,worker2,worker2,worker2,0,0.0,0.21689248085021973,0.0
model_1,1098,1,0.40762805938720703,3,8,0,1,0.7467448711395264,0.32193922996520996,0.08568882942199707,0.21021327518722407,worker2,worker2,worker2,0,0.0,0.32193922996520996,0.0
model_1,1099,1,0.5443570613861084,5,5,1,2,0.9881691932678223,0.4038081169128418,0.1405489444732666,0.2581925622777515,worker2->worker3,worker2,worker3,0,0.0,0.3206520080566406,0.08315610885620117
model_1,1100,1,0.5067002773284912,6,1,0,1,0.6541396379470825,0.3802328109741211,0.12646746635437012,0.24959028445998244,worker2,worker2,worker2,0,0.0,0.3802328109741211,0.0
model_1,1101,1,0.33449411392211914,3,3,1,0,0.7481593489646912,0.23426246643066406,0.10023164749145508,0.29965145370178975,worker2,worker2,worker2,0,0.0,0.23426246643066406,0.0
model_1,1102,1,0.40775036811828613,4,4,1,1,0.8737890124320984,0.322462797164917,0.08528757095336914,0.20916614090861516,worker2,worker2,worker2,0,0.0,0.322462797164917,0.0
model_1,1103,1,0.45847654342651367,9,9,1,1,0.9771949648857117,0.37218379974365234,0.08629274368286133,0.18821626737528535,worker2,worker2,worker2,0,0.0,0.37218379974365234,0.0
model_1,1104,1,0.5053865909576416,8,8,1,0,0.9930039048194885,0.33643102645874023,0.16895556449890137,0.33430955138471846,worker2,worker2,worker2,0,0.0,0.33643102645874023,0.0
model_1,1105,1,0.38637638092041016,0,9,0,0,0.9269821047782898,0.2799382209777832,0.10643815994262695,0.2754779153142702,worker2,worker2,worker2,0,0.0,0.2799382209777832,0.0
model_1,1106,1,0.42098069190979004,6,6,1,1,0.768375039100647,0.33859753608703613,0.0823831558227539,0.19569343061559555,worker2,worker2,worker2,0,0.0,0.33859753608703613,0.0
model_1,1107,1,0.29137110710144043,7,5,0,0,0.8686537146568298,0.20921015739440918,0.08216094970703125,0.2819804287541353,worker2,worker2,worker2,0,0.0,0.20921015739440918,0.0
model_1,1108,1,0.6600985527038574,7,0,0,3,0.6755045056343079,0.5066397190093994,0.153458833694458,0.23247867014079765,worker2->worker3->worker3,worker2,worker3,0,0.0,0.31716299057006836,0.18947672843933105
model_1,1109,1,0.28879427909851074,7,7,1,0,0.9789791703224182,0.20775341987609863,0.08104085922241211,0.2806179522509455,worker2,worker2,worker2,0,0.0,0.20775341987609863,0.0
model_1,1110,1,0.29499363899230957,6,6,1,0,0.8891629576683044,0.2128286361694336,0.08216500282287598,0.2785314391983144,worker2,worker2,worker2,0,0.0,0.2128286361694336,0.0
model_1,1111,1,0.4070320129394531,3,0,0,1,0.7966159582138062,0.32372117042541504,0.08331084251403809,0.20467884555908566,worker2,worker2,worker2,0,0.0,0.32372117042541504,0.0
model_1,1112,1,0.2956881523132324,3,3,1,0,0.8380374908447266,0.21272063255310059,0.08296751976013184,0.280591288866527,worker2,worker2,worker2,0,0.0,0.21272063255310059,0.0
model_1,1113,1,0.2950315475463867,5,3,0,0,0.6745519638061523,0.21262097358703613,0.08241057395935059,0.2793280062580205,worker2,worker2,worker2,0,0.0,0.21262097358703613,0.0
model_1,1114,1,0.2988851070404053,8,0,0,0,0.6154959201812744,0.21573615074157715,0.08314895629882812,0.2781970541194864,worker2,worker2,worker2,0,0.0,0.21573615074157715,0.0
model_1,1115,1,0.539031982421875,5,5,1,2,0.939880907535553,0.40088510513305664,0.13814687728881836,0.25628697701409725,worker2->worker3,worker2,worker3,0,0.0,0.3204619884490967,0.08042311668395996
model_1,1116,1,0.5315561294555664,2,2,1,2,0.7768138647079468,0.3921196460723877,0.1394364833831787,0.262317515792722,worker2->worker3,worker2,worker3,0,0.0,0.309359073638916,0.08276057243347168
model_1,1117,1,0.32152700424194336,8,8,1,0,0.9968640804290771,0.21495819091796875,0.10656881332397461,0.3314459187502132,worker2,worker2,worker2,0,0.0,0.21495819091796875,0.0
model_1,1118,1,0.3656299114227295,9,9,1,0,0.9650021195411682,0.2152881622314453,0.15034174919128418,0.41118558546339473,worker2,worker2,worker2,0,0.0,0.2152881622314453,0.0
model_1,1119,1,0.5767650604248047,3,3,1,1,0.9815324544906616,0.4244112968444824,0.15235376358032227,0.26415220691091995,worker2,worker2,worker2,0,0.0,0.4244112968444824,0.0
model_1,1120,1,0.3776059150695801,2,2,1,0,0.7608509063720703,0.27637791633605957,0.10122799873352051,0.26807842434053925,worker2,worker2,worker2,0,0.0,0.27637791633605957,0.0
model_1,1121,1,0.74599289894104,5,7,0,3,0.7782997488975525,0.6033003330230713,0.14269256591796875,0.19127871876598992,worker2->worker3->worker3,worker2,worker3,0,0.0,0.32357001304626465,0.27973031997680664
model_1,1122,1,0.2915313243865967,7,7,1,0,0.9954715967178345,0.20984411239624023,0.08168721199035645,0.28020046271951166,worker2,worker2,worker2,0,0.0,0.20984411239624023,0.0
model_1,1123,1,0.29422831535339355,6,6,1,0,0.9186210036277771,0.21201395988464355,0.08221435546875,0.27942366923456524,worker2,worker2,worker2,0,0.0,0.21201395988464355,0.0
model_1,1124,1,0.29164600372314453,1,1,1,0,0.8596921563148499,0.2089238166809082,0.08272218704223633,0.2836390212319293,worker2,worker2,worker2,0,0.0,0.2089238166809082,0.0
model_1,1125,1,0.29831838607788086,4,2,0,0,0.9193078875541687,0.2167975902557373,0.08152079582214355,0.27326775561483907,worker2,worker2,worker2,0,0.0,0.2167975902557373,0.0
model_1,1126,1,0.4105839729309082,5,5,1,1,0.7313345670700073,0.32791733741760254,0.08266663551330566,0.20133916802255833,worker2,worker2,worker2,0,0.0,0.32791733741760254,0.0
model_1,1127,1,0.29637837409973145,0,0,1,0,0.8125140070915222,0.21416497230529785,0.0822134017944336,0.27739338959585746,worker2,worker2,worker2,0,0.0,0.21416497230529785,0.0
model_1,1128,1,0.6427493095397949,3,3,1,2,0.9960858821868896,0.5013842582702637,0.14136505126953125,0.2199380834352788,worker2->worker3,worker2,worker3,0,0.0,0.41992831230163574,0.08145594596862793
model_1,1129,1,0.4651949405670166,9,1,0,0,0.9278730750083923,0.3022885322570801,0.16290640830993652,0.3501895530320541,worker2,worker2,worker2,0,0.0,0.3022885322570801,0.0
model_1,1130,1,0.3408482074737549,7,7,1,0,0.8314897418022156,0.2386765480041504,0.10217165946960449,0.2997570684817864,worker2,worker2,worker2,0,0.0,0.2386765480041504,0.0
model_1,1131,1,0.40231895446777344,8,8,1,1,0.903340220451355,0.3202834129333496,0.08203554153442383,0.20390672779250085,worker2,worker2,worker2,0,0.0,0.3202834129333496,0.0
model_1,1132,1,0.284869909286499,8,8,1,0,0.9888613820075989,0.2025892734527588,0.08228063583374023,0.2888358269914323,worker2,worker2,worker2,0,0.0,0.2025892734527588,0.0
model_1,1133,1,0.300046443939209,4,4,1,0,0.879645586013794,0.2166290283203125,0.08341741561889648,0.2780150116886481,worker2,worker2,worker2,0,0.0,0.2166290283203125,0.0
model_1,1134,1,0.6349103450775146,4,3,0,2,0.8083888292312622,0.4938681125640869,0.14104223251342773,0.2221451164041251,worker2->worker3,worker2,worker3,0,0.0,0.37061548233032227,0.12325263023376465
model_1,1135,1,0.5321269035339355,3,3,1,2,0.928295373916626,0.39267897605895996,0.13944792747497559,0.26205765306899675,worker2->worker3,worker2,worker3,0,0.0,0.3104879856109619,0.08219099044799805
model_1,1136,1,0.4255547523498535,4,4,1,1,0.9266934394836426,0.33953261375427246,0.08602213859558105,0.20214117718243985,worker2,worker2,worker2,0,0.0,0.33953261375427246,0.0
model_1,1137,1,0.29764771461486816,8,8,1,0,0.8406434059143066,0.2112746238708496,0.08637309074401855,0.2901856338987124,worker2,worker2,worker2,0,0.0,0.2112746238708496,0.0
model_1,1138,1,0.5396778583526611,2,2,1,2,0.9730700254440308,0.39995265007019043,0.1397252082824707,0.2589048376173421,worker2->worker3,worker2,worker3,0,0.0,0.3178997039794922,0.08205294609069824
model_1,1139,1,0.2959301471710205,7,3,0,0,0.7352292537689209,0.21113276481628418,0.08479738235473633,0.2865452647030626,worker2,worker2,worker2,0,0.0,0.21113276481628418,0.0
model_1,1140,1,0.4055056571960449,2,8,0,1,0.8176841139793396,0.32106781005859375,0.08443784713745117,0.2082285305741839,worker2,worker2,worker2,0,0.0,0.32106781005859375,0.0
model_1,1141,1,0.28859424591064453,9,9,1,0,0.9586074352264404,0.20429229736328125,0.08430194854736328,0.29211236794189277,worker2,worker2,worker2,0,0.0,0.20429229736328125,0.0
model_1,1142,1,0.3021578788757324,4,4,1,0,0.8292231559753418,0.2186722755432129,0.08348560333251953,0.2762979527231008,worker2,worker2,worker2,0,0.0,0.2186722755432129,0.0
model_1,1143,1,0.30242252349853516,5,5,1,0,0.8967678546905518,0.21683454513549805,0.08558797836303711,0.2830079498475307,worker2,worker2,worker2,0,0.0,0.21683454513549805,0.0
model_1,1144,1,0.4054996967315674,3,1,0,1,0.7521197199821472,0.321124792098999,0.08437490463256836,0.20807636926156037,worker2,worker2,worker2,0,0.0,0.321124792098999,0.0
model_1,1145,1,0.4881410598754883,9,9,1,0,0.9793105721473694,0.3358726501464844,0.1522684097290039,0.31193526266330374,worker2,worker2,worker2,0,0.0,0.3358726501464844,0.0
model_1,1146,1,0.33638548851013184,9,9,1,0,0.9822360277175903,0.2354726791381836,0.10091280937194824,0.29999156568523844,worker2,worker2,worker2,0,0.0,0.2354726791381836,0.0
model_1,1147,1,0.3102753162384033,8,8,1,0,0.5340859889984131,0.22382593154907227,0.08644938468933105,0.27862153437596293,worker2,worker2,worker2,0,0.0,0.22382593154907227,0.0
model_1,1148,1,0.4461240768432617,7,7,1,1,0.7728400230407715,0.3612828254699707,0.08484125137329102,0.19017411472974272,worker2,worker2,worker2,0,0.0,0.3612828254699707,0.0
model_1,1149,1,0.31174206733703613,7,7,1,0,0.9874047636985779,0.21038222312927246,0.10135984420776367,0.325140091209377,worker2,worker2,worker2,0,0.0,0.21038222312927246,0.0
model_1,1150,1,0.3637862205505371,4,7,0,0,0.7869745492935181,0.21327590942382812,0.15051031112670898,0.4137328535944371,worker2,worker2,worker2,0,0.0,0.21327590942382812,0.0
model_1,1151,1,0.4056589603424072,9,9,1,1,0.8511108160018921,0.32207441329956055,0.08358454704284668,0.2060463473364299,worker2,worker2,worker2,0,0.0,0.32207441329956055,0.0
model_1,1152,1,0.5221283435821533,3,3,1,1,0.930839478969574,0.4368290901184082,0.08529925346374512,0.16336836433458982,worker2,worker2,worker2,0,0.0,0.4368290901184082,0.0
model_1,1153,1,0.33351922035217285,5,5,1,0,0.9980317950248718,0.23107147216796875,0.1024477481842041,0.3071719467202714,worker2,worker2,worker2,0,0.0,0.23107147216796875,0.0
model_1,1154,1,0.3488731384277344,4,4,1,0,0.9072713255882263,0.2647366523742676,0.0841364860534668,0.2411664206440326,worker2,worker2,worker2,0,0.0,0.2647366523742676,0.0
model_1,1155,1,0.5507781505584717,2,2,1,2,0.8577776551246643,0.41059088706970215,0.14018726348876953,0.2545258255917089,worker2->worker3,worker2,worker3,0,0.0,0.3292520046234131,0.08133888244628906
model_1,1156,1,0.2894594669342041,1,1,1,0,0.9866525530815125,0.20666980743408203,0.08278965950012207,0.2860146892999726,worker2,worker2,worker2,0,0.0,0.20666980743408203,0.0
model_1,1157,1,0.2990448474884033,8,8,1,0,0.9792120456695557,0.21645784378051758,0.08258700370788574,0.27616929166816157,worker2,worker2,worker2,0,0.0,0.21645784378051758,0.0
model_1,1158,1,0.5772225856781006,0,0,1,2,0.890469491481781,0.4332296848297119,0.14399290084838867,0.2494581889570917,worker2->worker3,worker2,worker3,0,0.0,0.3544960021972656,0.07873368263244629
model_1,1159,1,0.29238224029541016,7,7,1,0,0.7724463939666748,0.20939993858337402,0.08298230171203613,0.2838144397149241,worker2,worker2,worker2,0,0.0,0.20939993858337402,0.0
model_1,1160,1,0.37744736671447754,9,1,0,0,0.859786868095398,0.22319626808166504,0.1542510986328125,0.40866916088328875,worker2,worker2,worker2,0,0.0,0.22319626808166504,0.0
model_1,1161,1,0.3022043704986572,3,5,0,0,0.7679733037948608,0.21640372276306152,0.0858006477355957,0.2839159724725984,worker2,worker2,worker2,0,0.0,0.21640372276306152,0.0
model_1,1162,1,0.3606908321380615,8,3,0,0,0.998921275138855,0.20793747901916504,0.15275335311889648,0.42350217834321646,worker2,worker2,worker2,0,0.0,0.20793747901916504,0.0
model_1,1163,1,0.7111787796020508,0,1,0,3,0.8678345084190369,0.562575101852417,0.1486036777496338,0.20895403801669515,worker2->worker3->worker3,worker2,worker3,0,0.0,0.377260684967041,0.18531441688537598
model_1,1164,1,0.6005747318267822,0,0,1,1,0.9576857686042786,0.5115170478820801,0.08905768394470215,0.14828743073124856,worker2,worker2,worker2,0,0.0,0.5115170478820801,0.0
model_1,1165,1,0.3518369197845459,4,4,1,0,0.9919629096984863,0.24646711349487305,0.10536980628967285,0.2994847907212185,worker2,worker2,worker2,0,0.0,0.24646711349487305,0.0
model_1,1166,1,0.40888237953186035,9,1,0,1,0.5194798707962036,0.3244664669036865,0.08441591262817383,0.20645524692167883,worker2,worker2,worker2,0,0.0,0.3244664669036865,0.0
model_1,1167,1,0.29615354537963867,5,5,1,0,0.7920332551002502,0.21315479278564453,0.08299875259399414,0.2802558128676062,worker2,worker2,worker2,0,0.0,0.21315479278564453,0.0
model_1,1168,1,0.548814058303833,5,5,1,2,0.9997606873512268,0.40769147872924805,0.14112257957458496,0.25714097049689105,worker2->worker3,worker2,worker3,0,0.0,0.3243880271911621,0.08330345153808594
model_1,1169,1,0.29035425186157227,8,8,1,0,0.9441171288490295,0.20792078971862793,0.08243346214294434,0.28390650942575096,worker2,worker2,worker2,0,0.0,0.20792078971862793,0.0
model_1,1170,1,0.2981438636779785,7,7,1,0,0.5066864490509033,0.21569156646728516,0.08245229721069336,0.2765520517294599,worker2,worker2,worker2,0,0.0,0.21569156646728516,0.0
model_1,1171,1,0.29357171058654785,9,9,1,0,0.9548493027687073,0.21071243286132812,0.08285927772521973,0.28224544374411714,worker2,worker2,worker2,0,0.0,0.21071243286132812,0.0
model_1,1172,1,0.5342464447021484,7,7,1,2,0.9958676099777222,0.3930857181549072,0.1411607265472412,0.26422398866115193,worker2->worker3,worker2,worker3,0,0.0,0.31405162811279297,0.07903409004211426
model_1,1173,1,0.38105344772338867,3,3,1,0,0.7217777967453003,0.22835040092468262,0.15270304679870605,0.4007391816319559,worker2,worker2,worker2,0,0.0,0.22835040092468262,0.0
model_1,1174,1,0.3027617931365967,1,1,1,0,0.867413341999054,0.21636462211608887,0.08639717102050781,0.2853635200314992,worker2,worker2,worker2,0,0.0,0.21636462211608887,0.0
model_1,1175,1,0.35891294479370117,9,9,1,0,0.9976413249969482,0.20750689506530762,0.15140604972839355,0.4218461661097789,worker2,worker2,worker2,0,0.0,0.20750689506530762,0.0
model_1,1176,1,0.683260440826416,6,6,1,3,0.964743971824646,0.5394797325134277,0.14378070831298828,0.21043323997959384,worker2->worker3->worker3,worker2,worker3,0,0.0,0.356065034866333,0.18341469764709473
model_1,1177,1,0.28542351722717285,7,7,1,0,0.977025032043457,0.20047450065612793,0.08494901657104492,0.2976244473346348,worker2,worker2,worker2,0,0.0,0.20047450065612793,0.0
model_1,1178,1,0.45473575592041016,6,6,1,1,0.9880453944206238,0.3675682544708252,0.08716750144958496,0.19168825040633355,worker2,worker2,worker2,0,0.0,0.3675682544708252,0.0
model_1,1179,1,0.45400190353393555,9,9,1,0,0.9568468332290649,0.2916591167449951,0.16234278678894043,0.3575817315418055,worker2,worker2,worker2,0,0.0,0.2916591167449951,0.0
model_1,1180,1,0.3261568546295166,2,2,1,0,0.8716019988059998,0.23644638061523438,0.08971047401428223,0.27505316151084686,worker2,worker2,worker2,0,0.0,0.23644638061523438,0.0
model_1,1181,1,0.3022890090942383,8,8,1,0,0.9990028738975525,0.2185838222503662,0.08370518684387207,0.2769044997523448,worker2,worker2,worker2,0,0.0,0.2185838222503662,0.0
model_1,1182,1,0.2962229251861572,7,7,1,0,0.9989190101623535,0.2141406536102295,0.08208227157592773,0.277096283227722,worker2,worker2,worker2,0,0.0,0.2141406536102295,0.0
model_1,1183,1,0.40967345237731934,3,3,1,1,0.9109684228897095,0.32495856285095215,0.08471488952636719,0.20678637835761612,worker2,worker2,worker2,0,0.0,0.32495856285095215,0.0
model_1,1184,1,0.3692436218261719,4,4,1,0,0.8522696495056152,0.21234989166259766,0.15689373016357422,0.42490572860168396,worker2,worker2,worker2,0,0.0,0.21234989166259766,0.0
model_1,1185,1,0.32415008544921875,8,8,1,0,0.9895045757293701,0.20752763748168945,0.1166224479675293,0.359779167745428,worker2,worker2,worker2,0,0.0,0.20752763748168945,0.0
model_1,1186,1,0.35799312591552734,8,1,0,0,0.8143686056137085,0.20649480819702148,0.15149831771850586,0.42318778420972714,worker2,worker2,worker2,0,0.0,0.20649480819702148,0.0
model_1,1187,1,0.4333972930908203,3,5,0,1,0.5017152428627014,0.34688520431518555,0.08651208877563477,0.19961381890196941,worker2,worker2,worker2,0,0.0,0.34688520431518555,0.0
model_1,1188,1,0.30121397972106934,1,1,1,0,0.9266133904457092,0.21124672889709473,0.08996725082397461,0.29868218901156657,worker2,worker2,worker2,0,0.0,0.21124672889709473,0.0
model_1,1189,1,0.49988794326782227,3,3,1,1,0.9916879534721375,0.4129922389984131,0.08689570426940918,0.17383036626441206,worker2,worker2,worker2,0,0.0,0.4129922389984131,0.0
model_1,1190,1,0.370866060256958,1,1,1,0,0.9908288717269897,0.22010350227355957,0.15076255798339844,0.40651484225583,worker2,worker2,worker2,0,0.0,0.22010350227355957,0.0
model_1,1191,1,0.39429569244384766,3,3,1,0,0.8523808121681213,0.23895883560180664,0.15533685684204102,0.39396031916874874,worker2,worker2,worker2,0,0.0,0.23895883560180664,0.0
model_1,1192,1,0.3099856376647949,9,9,1,0,0.7765659093856812,0.22002339363098145,0.08996224403381348,0.29021423286421666,worker2,worker2,worker2,0,0.0,0.22002339363098145,0.0
model_1,1193,1,0.6568028926849365,3,3,1,3,0.8127151131629944,0.517688512802124,0.1391143798828125,0.2118053702749824,worker2->worker3->worker3,worker2,worker3,0,0.0,0.3327460289001465,0.18494248390197754
model_1,1194,1,0.29712462425231934,5,3,0,0,0.5903990268707275,0.21415257453918457,0.08297204971313477,0.27924999458366867,worker2,worker2,worker2,0,0.0,0.21415257453918457,0.0
model_1,1195,1,0.40813446044921875,3,3,1,1,0.7247721552848816,0.3256993293762207,0.08243513107299805,0.20198032526404336,worker2,worker2,worker2,0,0.0,0.3256993293762207,0.0
model_1,1196,1,0.30461788177490234,7,7,1,0,0.8118190765380859,0.2176511287689209,0.08696675300598145,0.28549457602178985,worker2,worker2,worker2,0,0.0,0.2176511287689209,0.0
model_1,1197,1,0.39553260803222656,3,3,1,1,0.9979478716850281,0.3133573532104492,0.08217525482177734,0.20775848350556728,worker2,worker2,worker2,0,0.0,0.3133573532104492,0.0
model_1,1198,1,0.401364803314209,8,8,1,1,0.8718966841697693,0.3187122344970703,0.08265256881713867,0.20592879130070108,worker2,worker2,worker2,0,0.0,0.3187122344970703,0.0
model_1,1199,1,0.36458778381347656,6,2,0,0,0.9880924820899963,0.21431636810302734,0.15027141571044922,0.41216799460107034,worker2,worker2,worker2,0,0.0,0.21431636810302734,0.0
model_1,1200,1,0.6154863834381104,6,6,1,1,0.9695234894752502,0.4611358642578125,0.15435051918029785,0.2507781217158615,worker2,worker2,worker2,0,0.0,0.4611358642578125,0.0
model_1,1201,1,0.4327430725097656,7,7,1,0,0.9972797632217407,0.3305037021636963,0.10223937034606934,0.23625882617395827,worker2,worker2,worker2,0,0.0,0.3305037021636963,0.0
model_1,1202,1,0.2989780902862549,9,9,1,0,0.9947320222854614,0.21302103996276855,0.08595705032348633,0.28750284089776357,worker2,worker2,worker2,0,0.0,0.21302103996276855,0.0
model_1,1203,1,0.45656371116638184,7,7,1,1,0.9886136054992676,0.37468695640563965,0.08187675476074219,0.17933259424313838,worker2,worker2,worker2,0,0.0,0.37468695640563965,0.0
model_1,1204,1,0.5843327045440674,2,7,0,2,0.8475950360298157,0.4444847106933594,0.139847993850708,0.23932939704243678,worker2->worker3,worker2,worker3,0,0.0,0.36523962020874023,0.07924509048461914
model_1,1205,1,0.49997520446777344,5,5,1,1,0.7682267427444458,0.41381406784057617,0.08616113662719727,0.17233081932316285,worker2,worker2,worker2,0,0.0,0.41381406784057617,0.0
model_1,1206,1,0.31658148765563965,8,8,1,0,0.8713767528533936,0.21531987190246582,0.10126161575317383,0.31985956128717413,worker2,worker2,worker2,0,0.0,0.21531987190246582,0.0
model_1,1207,1,0.30198049545288086,9,9,1,0,0.9910463690757751,0.2190535068511963,0.08292698860168457,0.2746104130908149,worker2,worker2,worker2,0,0.0,0.2190535068511963,0.0
model_1,1208,1,0.34532928466796875,5,5,1,0,0.8924344182014465,0.2628204822540283,0.08250880241394043,0.2389279046903652,worker2,worker2,worker2,0,0.0,0.2628204822540283,0.0
model_1,1209,1,0.35313987731933594,5,5,1,0,0.7317176461219788,0.2573237419128418,0.09581613540649414,0.2713262974825409,worker2,worker2,worker2,0,0.0,0.2573237419128418,0.0
model_1,1210,1,0.36541271209716797,9,9,1,0,0.9991193413734436,0.21491122245788574,0.15050148963928223,0.4118671427042799,worker2,worker2,worker2,0,0.0,0.21491122245788574,0.0
model_1,1211,1,0.41670799255371094,3,3,1,1,0.9709072113037109,0.3253035545349121,0.09140443801879883,0.21934889575466301,worker2,worker2,worker2,0,0.0,0.3253035545349121,0.0
model_1,1212,1,0.4044935703277588,4,4,1,1,0.7073737978935242,0.3121781349182129,0.0923154354095459,0.22822472884981396,worker2,worker2,worker2,0,0.0,0.3121781349182129,0.0
model_1,1213,1,0.4298579692840576,3,5,0,1,0.48982512950897217,0.3438987731933594,0.08595919609069824,0.19997115845930707,worker2,worker2,worker2,0,0.0,0.3438987731933594,0.0
model_1,1214,1,0.3024919033050537,3,3,1,0,0.8456315398216248,0.21401071548461914,0.08848118782043457,0.2925076236873819,worker2,worker2,worker2,0,0.0,0.21401071548461914,0.0
model_1,1215,1,0.4055664539337158,0,8,0,1,0.9037606716156006,0.3233919143676758,0.08217453956604004,0.2026167074939347,worker2,worker2,worker2,0,0.0,0.3233919143676758,0.0
model_1,1216,1,0.3140685558319092,6,6,1,0,0.9686583280563354,0.21664977073669434,0.09741878509521484,0.31018318544233314,worker2,worker2,worker2,0,0.0,0.21664977073669434,0.0
model_1,1217,1,0.4361698627471924,9,1,0,0,0.9823237657546997,0.27959203720092773,0.15657782554626465,0.358983595427863,worker2,worker2,worker2,0,0.0,0.27959203720092773,0.0
model_1,1218,1,0.3768758773803711,8,8,1,0,0.9971152544021606,0.2734837532043457,0.10339212417602539,0.274339989321403,worker2,worker2,worker2,0,0.0,0.2734837532043457,0.0
model_1,1219,1,0.3633723258972168,8,8,1,0,0.9865880608558655,0.21326971054077148,0.1501026153564453,0.4130821327293461,worker2,worker2,worker2,0,0.0,0.21326971054077148,0.0
model_1,1220,1,0.4079146385192871,7,7,1,1,0.9558739066123962,0.3239285945892334,0.08398604393005371,0.20589122330818893,worker2,worker2,worker2,0,0.0,0.3239285945892334,0.0
model_1,1221,1,0.5733389854431152,3,3,1,1,0.9906609654426575,0.42311906814575195,0.15021991729736328,0.2620089006877199,worker2,worker2,worker2,0,0.0,0.42311906814575195,0.0
model_1,1222,1,0.43258166313171387,3,7,0,1,0.8185133934020996,0.33745670318603516,0.09512495994567871,0.21990058306450858,worker2,worker2,worker2,0,0.0,0.33745670318603516,0.0
model_1,1223,1,0.4440617561340332,3,1,0,1,0.7589549422264099,0.3542633056640625,0.0897984504699707,0.20222063537231616,worker2,worker2,worker2,0,0.0,0.3542633056640625,0.0
model_1,1224,1,0.39341044425964355,6,6,1,0,0.9451348781585693,0.3007211685180664,0.09268927574157715,0.23560451201545618,worker2,worker2,worker2,0,0.0,0.3007211685180664,0.0
model_1,1225,1,0.30620265007019043,6,6,1,0,0.9804450273513794,0.22101998329162598,0.08518266677856445,0.2781904949517522,worker2,worker2,worker2,0,0.0,0.22101998329162598,0.0
model_1,1226,1,0.4999074935913086,5,5,1,1,0.982573926448822,0.4094126224517822,0.09049487113952637,0.18102323389756786,worker2,worker2,worker2,0,0.0,0.4094126224517822,0.0
model_1,1227,1,0.4094381332397461,1,9,0,0,0.8763840794563293,0.25885748863220215,0.15058064460754395,0.3677738646765752,worker2,worker2,worker2,0,0.0,0.25885748863220215,0.0
model_1,1228,1,0.6447033882141113,8,1,0,3,0.9255660772323608,0.5046100616455078,0.14009332656860352,0.2172988836876988,worker2->worker3->worker3,worker2,worker3,0,0.0,0.31936025619506836,0.18524980545043945
model_1,1229,1,0.43318605422973633,2,2,1,1,0.8341140151023865,0.3481459617614746,0.08504009246826172,0.19631308911704132,worker2,worker2,worker2,0,0.0,0.3481459617614746,0.0
model_1,1230,1,0.2984786033630371,7,7,1,0,0.9207509160041809,0.21013402938842773,0.08834457397460938,0.2959829380706281,worker2,worker2,worker2,0,0.0,0.21013402938842773,0.0
model_1,1231,1,0.40312623977661133,1,1,1,1,0.9917516112327576,0.320326566696167,0.08279967308044434,0.20539390620250125,worker2,worker2,worker2,0,0.0,0.320326566696167,0.0
model_1,1232,1,0.5419106483459473,0,0,1,2,0.9095669984817505,0.4023020267486572,0.13960862159729004,0.2576229531997793,worker2->worker3,worker2,worker3,0,0.0,0.3145899772644043,0.08771204948425293
model_1,1233,1,0.3098139762878418,2,4,0,0,0.5716055631637573,0.21138548851013184,0.09842848777770996,0.3177018963349222,worker2,worker2,worker2,0,0.0,0.21138548851013184,0.0
model_1,1234,1,0.3739018440246582,9,9,1,0,0.9943406581878662,0.22159695625305176,0.15230488777160645,0.4073392260712204,worker2,worker2,worker2,0,0.0,0.22159695625305176,0.0
model_1,1235,1,0.36976170539855957,8,8,1,0,0.8743783831596375,0.21354460716247559,0.15621709823608398,0.4224804677047353,worker2,worker2,worker2,0,0.0,0.21354460716247559,0.0
model_1,1236,1,0.5297183990478516,3,3,1,1,0.9654654860496521,0.4430513381958008,0.08666706085205078,0.16360968584030966,worker2,worker2,worker2,0,0.0,0.4430513381958008,0.0
model_1,1237,1,0.33771395683288574,4,2,0,0,0.7922919392585754,0.2447521686553955,0.09296178817749023,0.27526783035351843,worker2,worker2,worker2,0,0.0,0.2447521686553955,0.0
model_1,1238,1,0.2984142303466797,9,9,1,0,0.9368136525154114,0.21533441543579102,0.08307981491088867,0.27840433351442906,worker2,worker2,worker2,0,0.0,0.21533441543579102,0.0
model_1,1239,1,0.5532689094543457,5,5,1,2,0.9974356293678284,0.4159739017486572,0.13729500770568848,0.24815239996242316,worker2->worker3,worker2,worker3,0,0.0,0.3291003704071045,0.08687353134155273
model_1,1240,1,0.30048394203186035,3,5,0,0,0.5851868391036987,0.21569156646728516,0.0847923755645752,0.2821860462532958,worker2,worker2,worker2,0,0.0,0.21569156646728516,0.0
model_1,1241,1,0.44097256660461426,6,6,1,1,0.7209840416908264,0.3576927185058594,0.08327984809875488,0.18885494111343537,worker2,worker2,worker2,0,0.0,0.3576927185058594,0.0
model_1,1242,1,0.47177743911743164,6,6,1,1,0.995074450969696,0.38529515266418457,0.08648228645324707,0.18331161959552814,worker2,worker2,worker2,0,0.0,0.38529515266418457,0.0
model_1,1243,1,0.4349961280822754,0,4,0,1,0.7815663814544678,0.34850287437438965,0.08649325370788574,0.19883683583391887,worker2,worker2,worker2,0,0.0,0.34850287437438965,0.0
model_1,1244,1,0.36501336097717285,8,8,1,0,0.9931735396385193,0.21143460273742676,0.1535787582397461,0.42074831953713215,worker2,worker2,worker2,0,0.0,0.21143460273742676,0.0
model_1,1245,1,0.4362516403198242,9,9,1,0,0.9909571409225464,0.27054357528686523,0.16570806503295898,0.37984513917580986,worker2,worker2,worker2,0,0.0,0.27054357528686523,0.0
model_1,1246,1,0.3751258850097656,9,9,1,0,0.932708203792572,0.2720327377319336,0.10309314727783203,0.27482280321750713,worker2,worker2,worker2,0,0.0,0.2720327377319336,0.0
model_1,1247,1,0.39316463470458984,0,0,1,0,0.9800129532814026,0.23868179321289062,0.15448284149169922,0.39292150884265625,worker2,worker2,worker2,0,0.0,0.23868179321289062,0.0
model_1,1248,1,0.3689737319946289,4,4,1,0,0.9351617693901062,0.26312804222106934,0.10584568977355957,0.28686510880156735,worker2,worker2,worker2,0,0.0,0.26312804222106934,0.0
model_1,1249,1,0.2958550453186035,8,8,1,0,0.9443404078483582,0.2077007293701172,0.08815431594848633,0.29796455170657565,worker2,worker2,worker2,0,0.0,0.2077007293701172,0.0
model_1,1250,1,0.4493234157562256,8,8,1,1,0.99901282787323,0.36567044258117676,0.08365297317504883,0.18617541450462405,worker2,worker2,worker2,0,0.0,0.36567044258117676,0.0
model_1,1251,1,0.310077428817749,2,2,1,0,0.7931398749351501,0.21528220176696777,0.09479522705078125,0.3057146965266474,worker2,worker2,worker2,0,0.0,0.21528220176696777,0.0
model_1,1252,1,0.7067039012908936,0,0,1,3,0.8934116959571838,0.5665798187255859,0.14012408256530762,0.1982783486964645,worker2->worker3->worker3,worker2,worker3,0,0.0,0.3740415573120117,0.19253826141357422
model_1,1253,1,0.4291672706604004,8,8,1,0,0.9996657371520996,0.26716089248657227,0.16200637817382812,0.3774900586536656,worker2,worker2,worker2,0,0.0,0.26716089248657227,0.0
model_1,1254,1,0.36964964866638184,4,4,1,0,0.7254711985588074,0.26613473892211914,0.1035149097442627,0.2800351903964273,worker2,worker2,worker2,0,0.0,0.26613473892211914,0.0
model_1,1255,1,0.4009232521057129,4,4,1,1,0.6886700391769409,0.3183581829071045,0.0825650691986084,0.20593734278309747,worker2,worker2,worker2,0,0.0,0.3183581829071045,0.0
model_1,1256,1,0.645308256149292,3,0,0,3,0.5414263606071472,0.5055789947509766,0.13972926139831543,0.2165310300415389,worker2->worker3->worker3,worker2,worker3,0,0.0,0.3198435306549072,0.18573546409606934
model_1,1257,1,0.5269837379455566,8,8,1,2,0.9960811734199524,0.3890671730041504,0.13791656494140625,0.26170933751973685,worker2->worker3,worker2,worker3,0,0.0,0.3051760196685791,0.08389115333557129
model_1,1258,1,0.38275599479675293,9,9,1,1,0.9350406527519226,0.30107879638671875,0.08167719841003418,0.21339234269447707,worker2,worker2,worker2,0,0.0,0.30107879638671875,0.0
model_1,1259,1,0.29642581939697266,6,6,1,0,0.8463597893714905,0.21299123764038086,0.0834345817565918,0.2814686720823615,worker2,worker2,worker2,0,0.0,0.21299123764038086,0.0
model_1,1260,1,0.361544132232666,9,9,1,0,0.991310715675354,0.21232366561889648,0.14922046661376953,0.4127309872028045,worker2,worker2,worker2,0,0.0,0.21232366561889648,0.0
model_1,1261,1,0.44351983070373535,7,7,1,1,0.5771662592887878,0.3574039936065674,0.08611583709716797,0.1941645697341819,worker2,worker2,worker2,0,0.0,0.3574039936065674,0.0
model_1,1262,1,0.494431734085083,6,6,1,1,0.9964370727539062,0.4109921455383301,0.08343958854675293,0.16875856219292437,worker2,worker2,worker2,0,0.0,0.4109921455383301,0.0
model_1,1263,1,0.3454887866973877,9,9,1,0,0.9900612831115723,0.23274517059326172,0.11274361610412598,0.32633075354447805,worker2,worker2,worker2,0,0.0,0.23274517059326172,0.0
model_1,1264,1,0.3047029972076416,8,9,0,0,0.8667929172515869,0.2206888198852539,0.0840141773223877,0.2757248143021572,worker2,worker2,worker2,0,0.0,0.2206888198852539,0.0
model_1,1265,1,0.5388782024383545,2,2,1,2,0.992027223110199,0.3993701934814453,0.13950800895690918,0.258885975208597,worker2->worker3,worker2,worker3,0,0.0,0.31757426261901855,0.08179593086242676
model_1,1266,1,0.40279674530029297,2,2,1,1,0.8881168961524963,0.31914758682250977,0.0836491584777832,0.2076708897322919,worker2,worker2,worker2,0,0.0,0.31914758682250977,0.0
model_1,1267,1,0.5391087532043457,4,4,1,2,0.8449755311012268,0.39855480194091797,0.14055395126342773,0.2607153944876715,worker2->worker3,worker2,worker3,0,0.0,0.3196597099304199,0.07889509201049805
model_1,1268,1,0.39805054664611816,6,6,1,1,0.6908254027366638,0.31490397453308105,0.08314657211303711,0.20888445654354929,worker2,worker2,worker2,0,0.0,0.31490397453308105,0.0
model_1,1269,1,0.3940858840942383,1,3,0,0,0.7568740844726562,0.24115967750549316,0.15292620658874512,0.38805299240856767,worker2,worker2,worker2,0,0.0,0.24115967750549316,0.0
model_1,1270,1,0.35341882705688477,8,8,1,0,0.9751265645027161,0.26358675956726074,0.08983206748962402,0.2541801981453723,worker2,worker2,worker2,0,0.0,0.26358675956726074,0.0
model_1,1271,1,0.5679318904876709,2,2,1,2,0.7124965190887451,0.4209287166595459,0.147003173828125,0.2588394423526676,worker2->worker3,worker2,worker3,0,0.0,0.33182621002197266,0.08910250663757324
model_1,1272,1,0.3457906246185303,6,3,0,0,0.7019926905632019,0.2197566032409668,0.12603402137756348,0.36448073604251663,worker2,worker2,worker2,0,0.0,0.2197566032409668,0.0
model_1,1273,1,0.49326658248901367,0,8,0,1,0.6513670086860657,0.4031941890716553,0.0900723934173584,0.18260388320419932,worker2,worker2,worker2,0,0.0,0.4031941890716553,0.0
model_1,1274,1,0.3083310127258301,1,1,1,0,0.9938254356384277,0.21007204055786133,0.09825897216796875,0.31868014605245454,worker2,worker2,worker2,0,0.0,0.21007204055786133,0.0
model_1,1275,1,0.4118056297302246,2,2,1,1,0.7390605807304382,0.32783985137939453,0.08396577835083008,0.2038966257111064,worker2,worker2,worker2,0,0.0,0.32783985137939453,0.0
model_1,1276,1,0.3605024814605713,2,4,0,0,0.5764104127883911,0.209136962890625,0.1513655185699463,0.4198737216917087,worker2,worker2,worker2,0,0.0,0.209136962890625,0.0
model_1,1277,1,0.5120620727539062,3,3,1,1,0.9234074354171753,0.4209401607513428,0.09112191200256348,0.17795091035058183,worker2,worker2,worker2,0,0.0,0.4209401607513428,0.0
model_1,1278,1,0.3181459903717041,9,9,1,0,0.9784696102142334,0.22662115097045898,0.09152483940124512,0.28768188872760136,worker2,worker2,worker2,0,0.0,0.22662115097045898,0.0
model_1,1279,1,0.30237412452697754,8,8,1,0,0.7993808388710022,0.21880197525024414,0.0835721492767334,0.2763865770838376,worker2,worker2,worker2,0,0.0,0.21880197525024414,0.0
model_1,1280,1,0.33841967582702637,0,0,1,0,0.7137708067893982,0.25647401809692383,0.08194565773010254,0.24214211992799953,worker2,worker2,worker2,0,0.0,0.25647401809692383,0.0
model_1,1281,1,0.4144270420074463,4,4,1,1,0.9822826981544495,0.33249807357788086,0.08192896842956543,0.1976921390860719,worker2,worker2,worker2,0,0.0,0.33249807357788086,0.0
model_1,1282,1,0.4949970245361328,9,0,0,1,0.9042607545852661,0.40011119842529297,0.09488582611083984,0.1916896898516883,worker2,worker2,worker2,0,0.0,0.40011119842529297,0.0
model_1,1283,1,0.32845401763916016,8,8,1,0,0.7763741612434387,0.2332766056060791,0.09517741203308105,0.28977393157553955,worker2,worker2,worker2,0,0.0,0.2332766056060791,0.0
model_1,1284,1,0.3781154155731201,8,8,1,0,0.9390674829483032,0.2254960536956787,0.1526193618774414,0.403631683850054,worker2,worker2,worker2,0,0.0,0.2254960536956787,0.0
model_1,1285,1,0.4104926586151123,8,1,0,0,0.9917318820953369,0.25589632987976074,0.15459632873535156,0.3766116774339313,worker2,worker2,worker2,0,0.0,0.25589632987976074,0.0
model_1,1286,1,0.34586501121520996,3,3,1,0,0.8701130151748657,0.2528502941131592,0.09301471710205078,0.2689335841611732,worker2,worker2,worker2,0,0.0,0.2528502941131592,0.0
model_1,1287,1,0.40117621421813965,6,6,1,1,0.8691080808639526,0.31754112243652344,0.08363509178161621,0.20847470218196837,worker2,worker2,worker2,0,0.0,0.31754112243652344,0.0
model_1,1288,1,0.47414660453796387,0,8,0,0,0.56706303358078,0.31408119201660156,0.1600654125213623,0.33758633087194495,worker2,worker2,worker2,0,0.0,0.31408119201660156,0.0
model_1,1289,1,0.31863927841186523,0,0,1,0,0.9665665626525879,0.22278761863708496,0.09585165977478027,0.3008155813448862,worker2,worker2,worker2,0,0.0,0.22278761863708496,0.0
model_1,1290,1,0.2911498546600342,8,8,1,0,0.6439329385757446,0.20659136772155762,0.08455848693847656,0.290429432077899,worker2,worker2,worker2,0,0.0,0.20659136772155762,0.0
model_1,1291,1,0.6023011207580566,2,2,1,2,0.9785838723182678,0.46288442611694336,0.13941669464111328,0.23147341061833543,worker2->worker3,worker2,worker3,0,0.0,0.3787047863006592,0.08417963981628418
model_1,1292,1,0.35462117195129395,0,0,1,0,0.9954915642738342,0.20495057106018066,0.14967060089111328,0.42205771321422975,worker2,worker2,worker2,0,0.0,0.20495057106018066,0.0
model_1,1293,1,0.680034875869751,2,3,0,3,0.4397422671318054,0.5365691184997559,0.14346575736999512,0.21096823480781818,worker2->worker3->worker3,worker2,worker3,0,0.0,0.3521387577056885,0.18443036079406738
model_1,1294,1,0.42577052116394043,6,6,1,1,0.8674672842025757,0.33933043479919434,0.0864400863647461,0.20302036441706317,worker2,worker2,worker2,0,0.0,0.33933043479919434,0.0
model_1,1295,1,0.3000907897949219,7,7,1,0,0.9898760914802551,0.20810198783874512,0.09198880195617676,0.30653657187893274,worker2,worker2,worker2,0,0.0,0.20810198783874512,0.0
model_1,1296,1,0.30112338066101074,0,0,1,0,0.6996145248413086,0.21792173385620117,0.08320164680480957,0.27630417346593794,worker2,worker2,worker2,0,0.0,0.21792173385620117,0.0
model_1,1297,1,0.31626200675964355,3,3,1,0,0.571850061416626,0.23305130004882812,0.08321070671081543,0.26310687003910294,worker2,worker2,worker2,0,0.0,0.23305130004882812,0.0
model_1,1298,1,0.3697023391723633,3,5,0,0,0.7402451634407043,0.21727371215820312,0.15242862701416016,0.41230095366828234,worker2,worker2,worker2,0,0.0,0.21727371215820312,0.0
model_1,1299,1,0.4568812847137451,3,3,1,1,0.9920652508735657,0.37291550636291504,0.08396577835083008,0.18378029733355808,worker2,worker2,worker2,0,0.0,0.37291550636291504,0.0
model_1,1300,1,0.6029171943664551,0,0,1,1,0.9232725501060486,0.4312300682067871,0.17168712615966797,0.2847607063853547,worker2,worker2,worker2,0,0.0,0.4312300682067871,0.0
model_1,1301,1,0.49194765090942383,2,5,0,1,0.7079333662986755,0.3941671848297119,0.09778046607971191,0.19876193310193285,worker2,worker2,worker2,0,0.0,0.3941671848297119,0.0
model_1,1302,1,0.6739847660064697,4,2,0,3,0.31713902950286865,0.5271399021148682,0.14684486389160156,0.21787564244470173,worker2->worker3->worker3,worker2,worker3,0,0.0,0.34126734733581543,0.18587255477905273
model_1,1303,1,0.4796903133392334,9,9,1,1,0.9967843294143677,0.32697606086730957,0.15271425247192383,0.3183600923872012,worker2,worker2,worker2,0,0.0,0.32697606086730957,0.0
model_1,1304,1,0.5010991096496582,9,9,1,1,0.9971688389778137,0.3865792751312256,0.11451983451843262,0.22853729394669806,worker2,worker2,worker2,0,0.0,0.3865792751312256,0.0
model_1,1305,1,0.3611304759979248,0,0,1,0,0.8979026675224304,0.2598099708557129,0.10132050514221191,0.28056481486983154,worker2,worker2,worker2,0,0.0,0.2598099708557129,0.0
model_1,1306,1,0.3047356605529785,1,9,0,0,0.670065701007843,0.2197279930114746,0.0850076675415039,0.2789554310356968,worker2,worker2,worker2,0,0.0,0.2197279930114746,0.0
model_1,1307,1,0.3657670021057129,6,6,1,0,0.8347474336624146,0.21612024307250977,0.14964675903320312,0.4091313819226171,worker2,worker2,worker2,0,0.0,0.21612024307250977,0.0
model_1,1308,1,0.4982309341430664,7,7,1,1,0.9515343904495239,0.41449832916259766,0.08373260498046875,0.16805982776738834,worker2,worker2,worker2,0,0.0,0.41449832916259766,0.0
model_1,1309,1,0.3650398254394531,6,6,1,0,0.979518711566925,0.2634854316711426,0.10155439376831055,0.27820086108701786,worker2,worker2,worker2,0,0.0,0.2634854316711426,0.0
model_1,1310,1,0.3197202682495117,1,1,1,0,0.8194622993469238,0.22044825553894043,0.09927201271057129,0.3104964638435083,worker2,worker2,worker2,0,0.0,0.22044825553894043,0.0
model_1,1311,1,0.4405505657196045,8,8,1,1,0.98451828956604,0.3556702136993408,0.08488035202026367,0.1926688072267444,worker2,worker2,worker2,0,0.0,0.3556702136993408,0.0
model_1,1312,1,0.29091405868530273,3,3,1,0,0.7348867058753967,0.20608782768249512,0.08482623100280762,0.2915851897503815,worker2,worker2,worker2,0,0.0,0.20608782768249512,0.0
model_1,1313,1,0.3220970630645752,3,4,0,0,0.8123021125793457,0.23738765716552734,0.08470940589904785,0.2629934128957426,worker2,worker2,worker2,0,0.0,0.23738765716552734,0.0
model_1,1314,1,0.43911290168762207,3,3,1,1,0.9359797239303589,0.35002923011779785,0.08908367156982422,0.20287190658132137,worker2,worker2,worker2,0,0.0,0.35002923011779785,0.0
model_1,1315,1,0.3491802215576172,9,9,1,0,0.6701762080192566,0.21235132217407227,0.13682889938354492,0.39185753068481627,worker2,worker2,worker2,0,0.0,0.21235132217407227,0.0
model_1,1316,1,0.3553731441497803,9,9,1,0,0.9574810266494751,0.21384572982788086,0.14152741432189941,0.39825016789183537,worker2,worker2,worker2,0,0.0,0.21384572982788086,0.0
model_1,1317,1,0.40811586380004883,0,3,0,1,0.780033528804779,0.32451295852661133,0.0836029052734375,0.20485090801174463,worker2,worker2,worker2,0,0.0,0.32451295852661133,0.0
model_1,1318,1,0.3518645763397217,2,2,1,0,0.7879716753959656,0.20911931991577148,0.1427452564239502,0.4056823733405067,worker2,worker2,worker2,0,0.0,0.20911931991577148,0.0
model_1,1319,1,0.37229466438293457,1,1,1,0,0.5372281670570374,0.2117176055908203,0.16057705879211426,0.4313171102203818,worker2,worker2,worker2,0,0.0,0.2117176055908203,0.0
model_1,1320,1,0.35414862632751465,7,7,1,0,0.9163609147071838,0.20215892791748047,0.15198969841003418,0.4291692445235548,worker2,worker2,worker2,0,0.0,0.20215892791748047,0.0
model_1,1321,1,0.4249744415283203,0,0,1,1,0.6518950462341309,0.3382129669189453,0.086761474609375,0.20415692364312035,worker2,worker2,worker2,0,0.0,0.3382129669189453,0.0
model_1,1322,1,0.3156554698944092,4,4,1,0,0.9872719645500183,0.2244725227355957,0.09118294715881348,0.28886857937014476,worker2,worker2,worker2,0,0.0,0.2244725227355957,0.0
model_1,1323,1,0.30019044876098633,8,8,1,0,0.9854570031166077,0.2153942584991455,0.08479619026184082,0.2824746443860248,worker2,worker2,worker2,0,0.0,0.2153942584991455,0.0
model_1,1324,1,0.5456171035766602,6,6,1,2,0.5975736379623413,0.4058964252471924,0.13972067832946777,0.2560782596688463,worker2->worker3,worker2,worker3,0,0.0,0.32416296005249023,0.08173346519470215
model_1,1325,1,0.29425859451293945,7,7,1,0,0.8738455772399902,0.2115316390991211,0.08272695541381836,0.28113692159356996,worker2,worker2,worker2,0,0.0,0.2115316390991211,0.0
model_1,1326,1,0.3952062129974365,8,8,1,1,0.991824209690094,0.3116121292114258,0.08359408378601074,0.21152016602166365,worker2,worker2,worker2,0,0.0,0.3116121292114258,0.0
model_1,1327,1,0.5412154197692871,4,4,1,2,0.9610657095909119,0.40261244773864746,0.13860297203063965,0.2560957559001631,worker2->worker3,worker2,worker3,0,0.0,0.3209216594696045,0.08169078826904297
model_1,1328,1,0.4531121253967285,6,2,0,1,0.7833697199821472,0.36942315101623535,0.08368897438049316,0.18469815679114335,worker2,worker2,worker2,0,0.0,0.36942315101623535,0.0
model_1,1329,1,0.40926456451416016,1,9,0,1,0.5674668550491333,0.32520055770874023,0.08406400680541992,0.20540260284985262,worker2,worker2,worker2,0,0.0,0.32520055770874023,0.0
model_1,1330,1,0.6495499610900879,9,1,0,2,0.9318526983261108,0.4991633892059326,0.15038657188415527,0.23152425662804058,worker2->worker3,worker2,worker3,0,0.0,0.41759181022644043,0.08157157897949219
model_1,1331,1,0.3131368160247803,5,5,1,0,0.8713114857673645,0.22419166564941406,0.08894515037536621,0.2840456497722308,worker2,worker2,worker2,0,0.0,0.22419166564941406,0.0
model_1,1332,1,0.2987351417541504,3,3,1,0,0.9190186858177185,0.21719861030578613,0.08153653144836426,0.27293920283227424,worker2,worker2,worker2,0,0.0,0.21719861030578613,0.0
model_1,1333,1,0.3029599189758301,5,3,0,0,0.8856046199798584,0.2196955680847168,0.08326435089111328,0.27483619342318366,worker2,worker2,worker2,0,0.0,0.2196955680847168,0.0
model_1,1334,1,0.472109317779541,4,4,1,1,0.9986246824264526,0.38840723037719727,0.08370208740234375,0.1772938687082422,worker2,worker2,worker2,0,0.0,0.38840723037719727,0.0
model_1,1335,1,0.360410213470459,8,8,1,0,0.9996440410614014,0.20784664154052734,0.15256357192993164,0.4233053510356096,worker2,worker2,worker2,0,0.0,0.20784664154052734,0.0
model_1,1336,1,0.6314759254455566,2,2,1,2,0.9858161211013794,0.4856863021850586,0.14578962326049805,0.23087122942593866,worker2->worker3,worker2,worker3,0,0.0,0.3729112148284912,0.11277508735656738
model_1,1337,1,0.34156227111816406,4,4,1,0,0.9064950346946716,0.2521023750305176,0.08945989608764648,0.2619138694528052,worker2,worker2,worker2,0,0.0,0.2521023750305176,0.0
model_1,1338,1,0.49424076080322266,8,0,0,1,0.7388555407524109,0.40943098068237305,0.08480978012084961,0.17159608605129967,worker2,worker2,worker2,0,0.0,0.40943098068237305,0.0
model_1,1339,1,0.3064537048339844,6,6,1,0,0.9881018400192261,0.21154093742370605,0.09491276741027832,0.3097132320906205,worker2,worker2,worker2,0,0.0,0.21154093742370605,0.0
model_1,1340,1,0.4531280994415283,9,2,0,1,0.815803587436676,0.36837005615234375,0.08475804328918457,0.18705095400979818,worker2,worker2,worker2,0,0.0,0.36837005615234375,0.0
model_1,1341,1,0.40975117683410645,0,7,0,1,0.8979027271270752,0.3242928981781006,0.08545827865600586,0.20856139893554193,worker2,worker2,worker2,0,0.0,0.3242928981781006,0.0
model_1,1342,1,0.4796328544616699,4,7,0,1,0.8773158192634583,0.38535642623901367,0.09427642822265625,0.1965595712338559,worker2,worker2,worker2,0,0.0,0.38535642623901367,0.0
model_1,1343,1,0.38548874855041504,6,4,0,0,0.854827880859375,0.2931785583496094,0.09231019020080566,0.23946273541816004,worker2,worker2,worker2,0,0.0,0.2931785583496094,0.0
model_1,1344,1,0.4263181686401367,6,6,1,1,0.9694939255714417,0.33895206451416016,0.08736610412597656,0.2049316931639476,worker2,worker2,worker2,0,0.0,0.33895206451416016,0.0
model_1,1345,1,0.29854559898376465,0,0,1,0,0.6206050515174866,0.2102043628692627,0.08834123611450195,0.29590533712508715,worker2,worker2,worker2,0,0.0,0.2102043628692627,0.0
model_1,1346,1,0.5562834739685059,0,0,1,2,0.9852627515792847,0.41341257095336914,0.14287090301513672,0.256831111655899,worker2->worker3,worker2,worker3,0,0.0,0.3314063549041748,0.08200621604919434
model_1,1347,1,0.3436603546142578,6,6,1,0,0.8905357122421265,0.25978946685791016,0.08387088775634766,0.24405168251219633,worker2,worker2,worker2,0,0.0,0.25978946685791016,0.0
model_1,1348,1,0.3630039691925049,9,9,1,0,0.9607568383216858,0.2087416648864746,0.15426230430603027,0.42496037894346916,worker2,worker2,worker2,0,0.0,0.2087416648864746,0.0
model_1,1349,1,0.35347914695739746,9,1,0,0,0.7788178324699402,0.25791049003601074,0.09556865692138672,0.27036575635084065,worker2,worker2,worker2,0,0.0,0.25791049003601074,0.0
model_1,1350,1,0.37090158462524414,7,7,1,0,0.7245311141014099,0.20762038230895996,0.16328120231628418,0.4402278369375589,worker2,worker2,worker2,0,0.0,0.20762038230895996,0.0
model_1,1351,1,0.592473030090332,4,4,1,2,0.8942907452583313,0.44843435287475586,0.14403867721557617,0.24311431896505933,worker2->worker3,worker2,worker3,0,0.0,0.36669087409973145,0.08174347877502441
model_1,1352,1,0.29188966751098633,0,0,1,0,0.9192326068878174,0.20817828178405762,0.08371138572692871,0.2867911921677664,worker2,worker2,worker2,0,0.0,0.20817828178405762,0.0
model_1,1353,1,0.45265769958496094,7,7,1,1,0.9982134103775024,0.3698132038116455,0.08284449577331543,0.18301797550174234,worker2,worker2,worker2,0,0.0,0.3698132038116455,0.0
model_1,1354,1,0.48494720458984375,0,0,1,1,0.6396680474281311,0.40188002586364746,0.08306717872619629,0.17129117961707283,worker2,worker2,worker2,0,0.0,0.40188002586364746,0.0
model_1,1355,1,0.3298947811126709,4,4,1,0,0.8048321008682251,0.23149704933166504,0.09839773178100586,0.2982700467377188,worker2,worker2,worker2,0,0.0,0.23149704933166504,0.0
model_1,1356,1,0.3673970699310303,4,8,0,0,0.7451170086860657,0.2139756679534912,0.15342140197753906,0.4175901620727137,worker2,worker2,worker2,0,0.0,0.2139756679534912,0.0
model_1,1357,1,0.6511807441711426,6,2,0,3,0.8567700982093811,0.5089130401611328,0.14226770401000977,0.21847652173913043,worker2->worker3->worker3,worker2,worker3,0,0.0,0.31817054748535156,0.19074249267578125
model_1,1358,1,0.35475873947143555,8,8,1,0,0.9714372158050537,0.26644134521484375,0.0883173942565918,0.24895058086004654,worker2,worker2,worker2,0,0.0,0.26644134521484375,0.0
model_1,1359,1,0.30035972595214844,7,7,1,0,0.9341738224029541,0.2056126594543457,0.09474706649780273,0.3154453087791713,worker2,worker2,worker2,0,0.0,0.2056126594543457,0.0
model_1,1360,1,0.2990577220916748,0,9,0,0,0.8387606739997864,0.21601223945617676,0.08304548263549805,0.2776904808030365,worker2,worker2,worker2,0,0.0,0.21601223945617676,0.0
model_1,1361,1,0.34879398345947266,9,1,0,0,0.7303287386894226,0.262054443359375,0.08673954010009766,0.24868416375701666,worker2,worker2,worker2,0,0.0,0.262054443359375,0.0
model_1,1362,1,0.37033772468566895,9,9,1,0,0.8389051556587219,0.21201324462890625,0.1583244800567627,0.42751377864932216,worker2,worker2,worker2,0,0.0,0.21201324462890625,0.0
model_1,1363,1,0.4518740177154541,9,1,0,1,0.9813848733901978,0.35971522331237793,0.09215879440307617,0.20394798282274493,worker2,worker2,worker2,0,0.0,0.35971522331237793,0.0
model_1,1364,1,0.33123016357421875,6,6,1,0,0.8063556551933289,0.24075984954833984,0.0904703140258789,0.27313428538523554,worker2,worker2,worker2,0,0.0,0.24075984954833984,0.0
model_1,1365,1,0.48746442794799805,9,9,1,1,0.6686700582504272,0.40171241760253906,0.08575201034545898,0.17591439585947977,worker2,worker2,worker2,0,0.0,0.40171241760253906,0.0
model_1,1366,1,0.35041379928588867,3,3,1,0,0.9679815173149109,0.2590212821960449,0.09139251708984375,0.2608131223030981,worker2,worker2,worker2,0,0.0,0.2590212821960449,0.0
model_1,1367,1,0.506514310836792,3,3,1,1,0.9341138601303101,0.4143991470336914,0.09211516380310059,0.18186093034749762,worker2,worker2,worker2,0,0.0,0.4143991470336914,0.0
model_1,1368,1,0.3129696846008301,9,9,1,0,0.9969040751457214,0.2179100513458252,0.09505963325500488,0.3037343165560795,worker2,worker2,worker2,0,0.0,0.2179100513458252,0.0
model_1,1369,1,0.5284032821655273,6,6,1,1,0.9214590191841125,0.4419076442718506,0.08649563789367676,0.16369246901570375,worker2,worker2,worker2,0,0.0,0.4419076442718506,0.0
model_1,1370,1,0.35822439193725586,9,1,0,0,0.6581738591194153,0.2596468925476074,0.09857749938964844,0.2751836603212508,worker2,worker2,worker2,0,0.0,0.2596468925476074,0.0
model_1,1371,1,0.3206596374511719,0,0,1,0,0.525024950504303,0.22143292427062988,0.09922671318054199,0.3094455977349243,worker2,worker2,worker2,0,0.0,0.22143292427062988,0.0
model_1,1372,1,0.6863017082214355,2,5,0,3,0.9052050113677979,0.5432243347167969,0.14307737350463867,0.20847591050796963,worker2->worker3->worker3,worker2,worker3,0,0.0,0.3575408458709717,0.1856834888458252
model_1,1373,1,0.2825779914855957,9,9,1,0,0.9850098490715027,0.1994495391845703,0.08312845230102539,0.29417879242468475,worker2,worker2,worker2,0,0.0,0.1994495391845703,0.0
model_1,1374,1,0.4941561222076416,2,2,1,1,0.904707670211792,0.4035642147064209,0.0905919075012207,0.18332649021224612,worker2,worker2,worker2,0,0.0,0.4035642147064209,0.0
model_1,1375,1,0.2989811897277832,2,2,1,0,0.8880842924118042,0.21368002891540527,0.08530116081237793,0.2853061120334796,worker2,worker2,worker2,0,0.0,0.21368002891540527,0.0
model_1,1376,1,0.29178738594055176,4,7,0,0,0.6578866839408875,0.20569324493408203,0.08609414100646973,0.2950577891808195,worker2,worker2,worker2,0,0.0,0.20569324493408203,0.0
model_1,1377,1,0.2950446605682373,9,9,1,0,0.9497056007385254,0.20755887031555176,0.08748579025268555,0.2965171106102834,worker2,worker2,worker2,0,0.0,0.20755887031555176,0.0
model_1,1378,1,0.5477027893066406,6,2,0,2,0.5103231072425842,0.407548189163208,0.14015460014343262,0.25589535580211314,worker2->worker3,worker2,worker3,0,0.0,0.3166661262512207,0.0908820629119873
model_1,1379,1,0.3599128723144531,7,3,0,0,0.8207148909568787,0.2095355987548828,0.1503772735595703,0.4178157691125502,worker2,worker2,worker2,0,0.0,0.2095355987548828,0.0
model_1,1380,1,0.5633416175842285,6,6,1,1,0.950019121170044,0.41150641441345215,0.15183520317077637,0.2695259828696654,worker2,worker2,worker2,0,0.0,0.41150641441345215,0.0
model_1,1381,1,0.36588478088378906,8,8,1,0,0.9989898800849915,0.268571138381958,0.09731364250183105,0.26596799753947525,worker2,worker2,worker2,0,0.0,0.268571138381958,0.0
model_1,1382,1,0.426119327545166,2,2,1,1,0.8552877306938171,0.33943772315979004,0.08668160438537598,0.20342096399320977,worker2,worker2,worker2,0,0.0,0.33943772315979004,0.0
model_1,1383,1,0.5919392108917236,3,3,1,2,0.9600680470466614,0.45316481590270996,0.13877439498901367,0.2344402810889276,worker2->worker3,worker2,worker3,0,0.0,0.3688974380493164,0.08426737785339355
model_1,1384,1,0.3991248607635498,9,9,1,0,0.9976646900177002,0.24698400497436523,0.15214085578918457,0.38118611679094605,worker2,worker2,worker2,0,0.0,0.24698400497436523,0.0
model_1,1385,1,0.30628108978271484,7,5,0,0,0.887203574180603,0.2139296531677246,0.09235143661499023,0.30152510127382387,worker2,worker2,worker2,0,0.0,0.2139296531677246,0.0
model_1,1386,1,0.4454066753387451,3,3,1,1,0.783511757850647,0.3605644702911377,0.08484220504760742,0.19048256289172671,worker2,worker2,worker2,0,0.0,0.3605644702911377,0.0
model_1,1387,1,0.3729281425476074,8,8,1,0,0.8609852194786072,0.2107067108154297,0.16222143173217773,0.4349938050370355,worker2,worker2,worker2,0,0.0,0.2107067108154297,0.0
model_1,1388,1,0.6379592418670654,2,2,1,2,0.6392269134521484,0.4885993003845215,0.14935994148254395,0.23412144801825252,worker2->worker3,worker2,worker3,0,0.0,0.4049346446990967,0.0836646556854248
model_1,1389,1,0.3544607162475586,6,4,0,0,0.5406804084777832,0.26105475425720215,0.09340596199035645,0.2635156949948746,worker2,worker2,worker2,0,0.0,0.26105475425720215,0.0
model_1,1390,1,0.2969512939453125,9,9,1,0,0.7359512448310852,0.21168804168701172,0.08526325225830078,0.2871287446688248,worker2,worker2,worker2,0,0.0,0.21168804168701172,0.0
model_1,1391,1,0.3574950695037842,4,4,1,0,0.9651422500610352,0.20619511604309082,0.15129995346069336,0.42322248995126854,worker2,worker2,worker2,0,0.0,0.20619511604309082,0.0
model_1,1392,1,0.5474591255187988,9,1,0,1,0.9487174153327942,0.4559934139251709,0.09146571159362793,0.16707313355485778,worker2,worker2,worker2,0,0.0,0.4559934139251709,0.0
model_1,1393,1,0.35468196868896484,1,9,0,0,0.7742151618003845,0.249373197555542,0.10530877113342285,0.29691041673948876,worker2,worker2,worker2,0,0.0,0.249373197555542,0.0
model_1,1394,1,0.4859886169433594,6,6,1,1,0.9919710159301758,0.4011993408203125,0.08478927612304688,0.17446761748522358,worker2,worker2,worker2,0,0.0,0.4011993408203125,0.0
model_1,1395,1,0.48770737648010254,6,6,1,1,0.9814313650131226,0.40082740783691406,0.08687996864318848,0.1781395419323394,worker2,worker2,worker2,0,0.0,0.40082740783691406,0.0
model_1,1396,1,0.35321664810180664,0,8,0,0,0.762383222579956,0.2607264518737793,0.09249019622802734,0.261851180359339,worker2,worker2,worker2,0,0.0,0.2607264518737793,0.0
model_1,1397,1,0.48411035537719727,1,1,1,1,0.9977794289588928,0.3982837200164795,0.08582663536071777,0.17728733626002582,worker2,worker2,worker2,0,0.0,0.3982837200164795,0.0
model_1,1398,1,0.3011195659637451,1,1,1,0,0.9036584496498108,0.2116248607635498,0.08949470520019531,0.29720654290186677,worker2,worker2,worker2,0,0.0,0.2116248607635498,0.0
model_1,1399,1,0.5394642353057861,2,2,1,2,0.5345557332038879,0.40065574645996094,0.1388084888458252,0.2573080470610697,worker2->worker3,worker2,worker3,0,0.0,0.31429386138916016,0.08636188507080078
model_1,1400,1,0.397472620010376,3,5,0,1,0.9462785720825195,0.3160884380340576,0.08138418197631836,0.20475418400943904,worker2,worker2,worker2,0,0.0,0.3160884380340576,0.0
model_1,1401,1,0.5977590084075928,2,2,1,2,0.7699958086013794,0.4574158191680908,0.14034318923950195,0.23478222371482257,worker2->worker3,worker2,worker3,0,0.0,0.3714773654937744,0.0859384536743164
model_1,1402,1,0.406721830368042,3,3,1,1,0.6567863821983337,0.3202476501464844,0.08647418022155762,0.2126125862074019,worker2,worker2,worker2,0,0.0,0.3202476501464844,0.0
model_1,1403,1,0.36510753631591797,1,9,0,0,0.8933659791946411,0.2781336307525635,0.08697390556335449,0.23821449001287734,worker2,worker2,worker2,0,0.0,0.2781336307525635,0.0
model_1,1404,1,0.4056050777435303,2,2,1,1,0.708611786365509,0.32217979431152344,0.08342528343200684,0.20568106271282383,worker2,worker2,worker2,0,0.0,0.32217979431152344,0.0
model_1,1405,1,0.5473895072937012,3,5,0,2,0.7783602476119995,0.4045741558074951,0.14281535148620605,0.2609026106333066,worker2->worker3,worker2,worker3,0,0.0,0.3157079219818115,0.0888662338256836
model_1,1406,1,0.6800723075866699,6,6,1,1,0.9758502840995789,0.5281715393066406,0.1519007682800293,0.2233597318777323,worker2,worker2,worker2,0,0.0,0.5281715393066406,0.0
model_1,1407,1,0.4168543815612793,6,6,1,0,0.9353289604187012,0.3123960494995117,0.10445833206176758,0.25058710351209723,worker2,worker2,worker2,0,0.0,0.3123960494995117,0.0
model_1,1408,1,0.6051065921783447,7,7,1,2,0.8807246088981628,0.4600551128387451,0.1450514793395996,0.2397122774971326,worker2->worker3,worker2,worker3,0,0.0,0.37068915367126465,0.08936595916748047
model_1,1409,1,0.5412137508392334,2,0,0,2,0.8665637969970703,0.40397095680236816,0.13724279403686523,0.25358334636555263,worker2->worker3,worker2,worker3,0,0.0,0.31846094131469727,0.0855100154876709
model_1,1410,1,0.5381059646606445,2,2,1,2,0.9957937002182007,0.4012455940246582,0.13686037063598633,0.25433721167223455,worker2->worker3,worker2,worker3,0,0.0,0.3195188045501709,0.0817267894744873
model_1,1411,1,0.32408761978149414,9,9,1,0,0.9998741149902344,0.23917555809020996,0.08491206169128418,0.26200341052377585,worker2,worker2,worker2,0,0.0,0.23917555809020996,0.0
model_1,1412,1,0.2955758571624756,8,8,1,0,0.99513840675354,0.2113351821899414,0.08424067497253418,0.2850052632215756,worker2,worker2,worker2,0,0.0,0.2113351821899414,0.0
model_1,1413,1,0.5489857196807861,8,8,1,2,0.9523360133171082,0.4053609371185303,0.14362478256225586,0.26161843088699666,worker2->worker3,worker2,worker3,0,0.0,0.32215237617492676,0.08320856094360352
model_1,1414,1,0.5364503860473633,9,9,1,2,0.9984868764877319,0.3979485034942627,0.13850188255310059,0.2581820913087613,worker2->worker3,worker2,worker3,0,0.0,0.3184542655944824,0.07949423789978027
model_1,1415,1,0.3959212303161621,3,3,1,0,0.9896590113639832,0.24349641799926758,0.15242481231689453,0.3849877214090692,worker2,worker2,worker2,0,0.0,0.24349641799926758,0.0
model_1,1416,1,0.3003811836242676,9,9,1,0,0.9967051148414612,0.20777463912963867,0.0926065444946289,0.30829675606600576,worker2,worker2,worker2,0,0.0,0.20777463912963867,0.0
model_1,1417,1,0.5943412780761719,6,6,1,2,0.9863215088844299,0.4521045684814453,0.14223670959472656,0.23931824162564264,worker2->worker3,worker2,worker3,0,0.0,0.3705258369445801,0.08157873153686523
model_1,1418,1,0.3611598014831543,6,6,1,0,0.875029444694519,0.2150096893310547,0.1461501121520996,0.4046688240272403,worker2,worker2,worker2,0,0.0,0.2150096893310547,0.0
model_1,1419,1,0.4556107521057129,9,9,1,1,0.9376912117004395,0.37118053436279297,0.08443021774291992,0.18531217130567199,worker2,worker2,worker2,0,0.0,0.37118053436279297,0.0
model_1,1420,1,0.7282857894897461,2,2,1,1,0.9592163562774658,0.5774731636047363,0.15081262588500977,0.20707890784285737,worker2,worker2,worker2,0,0.0,0.5774731636047363,0.0
model_1,1421,1,0.4570155143737793,1,1,1,0,0.93719881772995,0.353043794631958,0.10397171974182129,0.2275015102808653,worker2,worker2,worker2,0,0.0,0.353043794631958,0.0
model_1,1422,1,0.45791077613830566,4,4,1,1,0.8674036860466003,0.37465715408325195,0.08325362205505371,0.18181188649272603,worker2,worker2,worker2,0,0.0,0.37465715408325195,0.0
model_1,1423,1,0.28758907318115234,7,7,1,0,0.6359698176383972,0.20424103736877441,0.08334803581237793,0.28981642066726576,worker2,worker2,worker2,0,0.0,0.20424103736877441,0.0
model_1,1424,1,0.49426865577697754,6,2,0,1,0.9696508049964905,0.40989184379577637,0.08437681198120117,0.17071042437146455,worker2,worker2,worker2,0,0.0,0.40989184379577637,0.0
model_1,1425,1,0.39557838439941406,0,7,0,1,0.8909456729888916,0.31322383880615234,0.08235454559326172,0.2081876787031635,worker2,worker2,worker2,0,0.0,0.31322383880615234,0.0
model_1,1426,1,0.31231689453125,1,0,0,0,0.8954302072525024,0.22835898399353027,0.08395791053771973,0.2688228270959547,worker2,worker2,worker2,0,0.0,0.22835898399353027,0.0
model_1,1427,1,0.44486403465270996,3,3,1,1,0.8414563536643982,0.3614501953125,0.08341383934020996,0.1875041200067528,worker2,worker2,worker2,0,0.0,0.3614501953125,0.0
model_1,1428,1,0.39719367027282715,5,7,0,1,0.9590764045715332,0.31294846534729004,0.08424520492553711,0.21210107620212118,worker2,worker2,worker2,0,0.0,0.31294846534729004,0.0
model_1,1429,1,0.4104607105255127,3,7,0,1,0.7802218198776245,0.32491421699523926,0.08554649353027344,0.2084157906873676,worker2,worker2,worker2,0,0.0,0.32491421699523926,0.0
model_1,1430,1,0.36119842529296875,5,5,1,0,0.9193576574325562,0.2093813419342041,0.15181708335876465,0.4203149092790909,worker2,worker2,worker2,0,0.0,0.2093813419342041,0.0
model_1,1431,1,0.4705190658569336,5,5,1,1,0.9878219962120056,0.3850259780883789,0.08549308776855469,0.18169951862173803,worker2,worker2,worker2,0,0.0,0.3850259780883789,0.0
model_1,1432,1,0.46812987327575684,6,2,0,1,0.9012580513954163,0.3749568462371826,0.09317302703857422,0.19903243171941232,worker2,worker2,worker2,0,0.0,0.3749568462371826,0.0
model_1,1433,1,0.33325719833374023,5,5,1,0,0.9048639535903931,0.22802186012268066,0.10523533821105957,0.31577813993884596,worker2,worker2,worker2,0,0.0,0.22802186012268066,0.0
model_1,1434,1,0.45845508575439453,0,0,1,1,0.9500182271003723,0.36868858337402344,0.0897665023803711,0.1958021737999896,worker2,worker2,worker2,0,0.0,0.36868858337402344,0.0
model_1,1435,1,0.7112159729003906,0,0,1,3,0.5743623375892639,0.5694699287414551,0.14174604415893555,0.19930098529829812,worker2->worker3->worker3,worker2,worker3,0,0.0,0.38319945335388184,0.18627047538757324
model_1,1436,1,0.29823923110961914,7,7,1,0,0.8911084532737732,0.21303105354309082,0.08520817756652832,0.28570412165262615,worker2,worker2,worker2,0,0.0,0.21303105354309082,0.0
model_1,1437,1,0.4091324806213379,6,6,1,1,0.9919949769973755,0.3215188980102539,0.08761358261108398,0.2141447740302303,worker2,worker2,worker2,0,0.0,0.3215188980102539,0.0
model_1,1438,1,0.3677642345428467,8,8,1,0,0.7659785747528076,0.25168728828430176,0.11607694625854492,0.3156286972898157,worker2,worker2,worker2,0,0.0,0.25168728828430176,0.0
model_1,1439,1,0.5850100517272949,5,5,1,2,0.997356653213501,0.44454169273376465,0.14046835899353027,0.24011272725790742,worker2->worker3,worker2,worker3,0,0.0,0.3605620861053467,0.08397960662841797
model_1,1440,1,0.6263625621795654,9,9,1,1,0.8224159479141235,0.4812912940979004,0.14507126808166504,0.2316090980547398,worker2,worker2,worker2,0,0.0,0.4812912940979004,0.0
model_1,1441,1,0.41057491302490234,3,3,1,0,0.8967618346214294,0.3139820098876953,0.09659290313720703,0.23526255519500883,worker2,worker2,worker2,0,0.0,0.3139820098876953,0.0
model_1,1442,1,0.2922227382659912,9,9,1,0,0.995202898979187,0.21048331260681152,0.08173942565917969,0.27971617179487807,worker2,worker2,worker2,0,0.0,0.21048331260681152,0.0
model_1,1443,1,0.5816249847412109,6,6,1,2,0.9493933320045471,0.4434056282043457,0.13821935653686523,0.23764343032540935,worker2->worker3,worker2,worker3,0,0.0,0.36242246627807617,0.08098316192626953
model_1,1444,1,0.4063711166381836,9,1,0,1,0.9228540658950806,0.3231170177459717,0.08325409889221191,0.2048720873199706,worker2,worker2,worker2,0,0.0,0.3231170177459717,0.0
model_1,1445,1,0.29430127143859863,6,6,1,0,0.9895308017730713,0.20664620399475098,0.08765506744384766,0.29784128017991085,worker2,worker2,worker2,0,0.0,0.20664620399475098,0.0
model_1,1446,1,0.36255812644958496,0,0,1,0,0.7444325089454651,0.20935487747192383,0.15320324897766113,0.42256189504819885,worker2,worker2,worker2,0,0.0,0.20935487747192383,0.0
model_1,1447,1,0.5386765003204346,4,4,1,2,0.9957178235054016,0.399461030960083,0.13921546936035156,0.25843984149584864,worker2->worker3,worker2,worker3,0,0.0,0.3159971237182617,0.08346390724182129
model_1,1448,1,0.5402894020080566,3,3,1,2,0.9510514140129089,0.4005923271179199,0.13969707489013672,0.25855971701635116,worker2->worker3,worker2,worker3,0,0.0,0.31468725204467773,0.08590507507324219
model_1,1449,1,0.3939368724822998,6,2,0,1,0.8056866526603699,0.30970263481140137,0.08423423767089844,0.21382674117331632,worker2,worker2,worker2,0,0.0,0.30970263481140137,0.0
model_1,1450,1,0.40290403366088867,4,4,1,1,0.8173848986625671,0.3158111572265625,0.08709287643432617,0.2161628307440313,worker2,worker2,worker2,0,0.0,0.3158111572265625,0.0
model_1,1451,1,0.3685283660888672,3,3,1,0,0.7527929544448853,0.205946683883667,0.1625816822052002,0.44116463525088634,worker2,worker2,worker2,0,0.0,0.205946683883667,0.0
model_1,1452,1,0.325145959854126,8,8,1,0,0.9954082369804382,0.23607969284057617,0.0890662670135498,0.2739270297361488,worker2,worker2,worker2,0,0.0,0.23607969284057617,0.0
model_1,1453,1,0.4554784297943115,9,9,1,1,0.9933792352676392,0.3694121837615967,0.08606624603271484,0.18895789658267967,worker2,worker2,worker2,0,0.0,0.3694121837615967,0.0
model_1,1454,1,0.30105090141296387,0,0,1,0,0.6934736371040344,0.21405577659606934,0.08699512481689453,0.2889714809309265,worker2,worker2,worker2,0,0.0,0.21405577659606934,0.0
model_1,1455,1,0.31543397903442383,5,4,0,0,0.740088701248169,0.23015737533569336,0.08527660369873047,0.27034691684063655,worker2,worker2,worker2,0,0.0,0.23015737533569336,0.0
model_1,1456,1,0.341249942779541,8,0,0,0,0.5696419477462769,0.25877881050109863,0.08247113227844238,0.2416736882259978,worker2,worker2,worker2,0,0.0,0.25877881050109863,0.0
model_1,1457,1,0.37286806106567383,0,0,1,0,0.8267244696617126,0.2204139232635498,0.15245413780212402,0.4088688566309573,worker2,worker2,worker2,0,0.0,0.2204139232635498,0.0
model_1,1458,1,0.32479357719421387,1,1,1,0,0.9999858140945435,0.2369391918182373,0.08785438537597656,0.2704929886080939,worker2,worker2,worker2,0,0.0,0.2369391918182373,0.0
model_1,1459,1,0.3990366458892822,8,0,0,1,0.8552473187446594,0.3155856132507324,0.0834510326385498,0.20913125022032275,worker2,worker2,worker2,0,0.0,0.3155856132507324,0.0
model_1,1460,1,0.4508042335510254,3,4,0,1,0.5163466334342957,0.3640255928039551,0.08677864074707031,0.1924973952961958,worker2,worker2,worker2,0,0.0,0.3640255928039551,0.0
model_1,1461,1,0.34879636764526367,0,0,1,0,0.9448944926261902,0.2134873867034912,0.13530898094177246,0.3879311641209112,worker2,worker2,worker2,0,0.0,0.2134873867034912,0.0
model_1,1462,1,0.3692498207092285,8,8,1,0,0.9751545190811157,0.24121618270874023,0.12803363800048828,0.3467398785856428,worker2,worker2,worker2,0,0.0,0.24121618270874023,0.0
model_1,1463,1,0.4067244529724121,0,2,0,1,0.8125738501548767,0.32060742378234863,0.08611702919006348,0.21173309979448113,worker2,worker2,worker2,0,0.0,0.32060742378234863,0.0
model_1,1464,1,0.30989837646484375,8,8,1,0,0.8177432417869568,0.2121419906616211,0.09775638580322266,0.3154465890346882,worker2,worker2,worker2,0,0.0,0.2121419906616211,0.0
model_1,1465,1,0.31190919876098633,5,4,0,0,0.9195156693458557,0.22731804847717285,0.08459115028381348,0.2712044101932211,worker2,worker2,worker2,0,0.0,0.22731804847717285,0.0
model_1,1466,1,0.6991028785705566,5,9,0,3,0.8059007525444031,0.5548768043518066,0.14422607421875,0.2063016454940745,worker2->worker3->worker3,worker2,worker3,0,0.0,0.3623964786529541,0.19248032569885254
model_1,1467,1,0.30998730659484863,9,9,1,0,0.9857732653617859,0.20684552192687988,0.10314178466796875,0.33272905849262524,worker2,worker2,worker2,0,0.0,0.20684552192687988,0.0
model_1,1468,1,0.4398503303527832,8,8,1,0,0.8037562370300293,0.2889087200164795,0.1509416103363037,0.3431658451074495,worker2,worker2,worker2,0,0.0,0.2889087200164795,0.0
model_1,1469,1,0.3236360549926758,6,4,0,0,0.7734686136245728,0.22297406196594238,0.1006619930267334,0.3110345447419679,worker2,worker2,worker2,0,0.0,0.22297406196594238,0.0
model_1,1470,1,0.2963593006134033,6,6,1,0,0.9903891682624817,0.2124953269958496,0.08386397361755371,0.28298073805671825,worker2,worker2,worker2,0,0.0,0.2124953269958496,0.0
model_1,1471,1,0.2983884811401367,3,3,1,0,0.931959331035614,0.21657085418701172,0.081817626953125,0.274198342511418,worker2,worker2,worker2,0,0.0,0.21657085418701172,0.0
model_1,1472,1,0.30893492698669434,6,6,1,0,0.9854017496109009,0.214918851852417,0.09401607513427734,0.30432323095124353,worker2,worker2,worker2,0,0.0,0.214918851852417,0.0
model_1,1473,1,0.45175719261169434,9,9,1,1,0.9945143461227417,0.36910390853881836,0.08265328407287598,0.18295953097070045,worker2,worker2,worker2,0,0.0,0.36910390853881836,0.0
model_1,1474,1,0.4548308849334717,7,7,1,1,0.970775842666626,0.3711729049682617,0.08365797996520996,0.1839320563673829,worker2,worker2,worker2,0,0.0,0.3711729049682617,0.0
model_1,1475,1,0.49748945236206055,4,4,1,1,0.8098016381263733,0.4017972946166992,0.09569215774536133,0.1923501237885923,worker2,worker2,worker2,0,0.0,0.4017972946166992,0.0
model_1,1476,1,0.44814229011535645,6,6,1,1,0.9921878576278687,0.35887956619262695,0.08926272392272949,0.1991838884470206,worker2,worker2,worker2,0,0.0,0.35887956619262695,0.0
model_1,1477,1,0.35308074951171875,0,0,1,0,0.5747271776199341,0.262523889541626,0.09055685997009277,0.2564763445623285,worker2,worker2,worker2,0,0.0,0.262523889541626,0.0
model_1,1478,1,0.4715101718902588,7,7,1,1,0.8181398510932922,0.37935614585876465,0.09215402603149414,0.19544440719497871,worker2,worker2,worker2,0,0.0,0.37935614585876465,0.0
model_1,1479,1,0.4308125972747803,9,9,1,0,0.9998069405555725,0.26563405990600586,0.16517853736877441,0.38341157713041635,worker2,worker2,worker2,0,0.0,0.26563405990600586,0.0
model_1,1480,1,0.3709378242492676,9,9,1,0,0.9790665507316589,0.27703380584716797,0.09390401840209961,0.2531529875448797,worker2,worker2,worker2,0,0.0,0.27703380584716797,0.0
model_1,1481,1,0.3666863441467285,9,9,1,0,0.9827181696891785,0.21588969230651855,0.15079665184020996,0.4112415262998425,worker2,worker2,worker2,0,0.0,0.21588969230651855,0.0
model_1,1482,1,0.46460962295532227,7,7,1,1,0.9543200731277466,0.3761630058288574,0.08844661712646484,0.1903675962711819,worker2,worker2,worker2,0,0.0,0.3761630058288574,0.0
model_1,1483,1,0.6096854209899902,2,5,0,2,0.8642203211784363,0.4602839946746826,0.14940142631530762,0.24504674242122065,worker2->worker3,worker2,worker3,0,0.0,0.37921142578125,0.08107256889343262
model_1,1484,1,0.3404707908630371,4,4,1,0,0.9336035251617432,0.2128591537475586,0.12761163711547852,0.3748093538127137,worker2,worker2,worker2,0,0.0,0.2128591537475586,0.0
model_1,1485,1,0.3397667407989502,4,2,0,0,0.8731738328933716,0.25660228729248047,0.08316445350646973,0.24476925937751082,worker2,worker2,worker2,0,0.0,0.25660228729248047,0.0
model_1,1486,1,0.5348255634307861,2,3,0,2,0.5292870998382568,0.39539146423339844,0.1394340991973877,0.26070948872179783,worker2->worker3,worker2,worker3,0,0.0,0.31366801261901855,0.08172345161437988
model_1,1487,1,0.5177474021911621,0,0,1,1,0.9637158513069153,0.4283030033111572,0.08944439888000488,0.17275682794634345,worker2,worker2,worker2,0,0.0,0.4283030033111572,0.0
model_1,1488,1,0.3637378215789795,9,9,1,0,0.8867653608322144,0.20747661590576172,0.15626120567321777,0.42959845361939714,worker2,worker2,worker2,0,0.0,0.20747661590576172,0.0
model_1,1489,1,0.4375038146972656,9,9,1,1,0.7515973448753357,0.3481624126434326,0.08934140205383301,0.20420713843524663,worker2,worker2,worker2,0,0.0,0.3481624126434326,0.0
model_1,1490,1,0.3793172836303711,3,3,1,0,0.9421294927597046,0.22569966316223145,0.15361762046813965,0.40498450004148406,worker2,worker2,worker2,0,0.0,0.22569966316223145,0.0
model_1,1491,1,0.6860227584838867,2,2,1,3,0.5506027340888977,0.5396723747253418,0.14635038375854492,0.21333167442138495,worker2->worker3->worker3,worker2,worker3,0,0.0,0.3529632091522217,0.18670916557312012
model_1,1492,1,0.43687939643859863,8,8,1,1,0.9521461129188538,0.34848904609680176,0.08839035034179688,0.2023220849102682,worker2,worker2,worker2,0,0.0,0.34848904609680176,0.0
model_1,1493,1,0.30118250846862793,1,1,1,0,0.9827102422714233,0.20851802825927734,0.09266448020935059,0.3076688639074895,worker2,worker2,worker2,0,0.0,0.20851802825927734,0.0
model_1,1494,1,0.6376025676727295,3,4,0,2,0.6405245065689087,0.49819231033325195,0.13941025733947754,0.21864757829995823,worker2->worker3,worker2,worker3,0,0.0,0.3665931224822998,0.13159918785095215
model_1,1495,1,0.5493309497833252,5,4,0,2,0.9275607466697693,0.40334606170654297,0.14598488807678223,0.2657503425473544,worker2->worker3,worker2,worker3,0,0.0,0.3215925693511963,0.08175349235534668
model_1,1496,1,0.2922072410583496,7,7,1,0,0.6746562719345093,0.20782136917114258,0.08438587188720703,0.2887877507127087,worker2,worker2,worker2,0,0.0,0.20782136917114258,0.0
model_1,1497,1,0.403766393661499,2,2,1,1,0.8486031889915466,0.3199887275695801,0.08377766609191895,0.20749043854837176,worker2,worker2,worker2,0,0.0,0.3199887275695801,0.0
model_1,1498,1,0.354677677154541,0,0,1,0,0.7797307968139648,0.20451879501342773,0.15015888214111328,0.4233671635209387,worker2,worker2,worker2,0,0.0,0.20451879501342773,0.0
model_1,1499,1,0.4994208812713623,3,3,1,1,0.9942703247070312,0.4148721694946289,0.0845487117767334,0.16929350563296436,worker2,worker2,worker2,0,0.0,0.4148721694946289,0.0
model_1,1500,1,0.3589916229248047,8,8,1,0,0.904219388961792,0.26942873001098633,0.08956289291381836,0.2494846319368807,worker2,worker2,worker2,0,0.0,0.26942873001098633,0.0
model_1,1501,1,0.30592918395996094,7,7,1,0,0.8158584237098694,0.22239136695861816,0.08353781700134277,0.2730625954674398,worker2,worker2,worker2,0,0.0,0.22239136695861816,0.0
model_1,1502,1,0.3765406608581543,1,1,1,0,0.5941914916038513,0.2254650592803955,0.1510756015777588,0.40121988747098447,worker2,worker2,worker2,0,0.0,0.2254650592803955,0.0
model_1,1503,1,0.370527982711792,9,9,1,0,0.7854437232017517,0.21804118156433105,0.15248680114746094,0.41153923121123576,worker2,worker2,worker2,0,0.0,0.21804118156433105,0.0
model_1,1504,1,0.4144399166107178,9,9,1,1,0.9991631507873535,0.3293135166168213,0.08512639999389648,0.20540106438119826,worker2,worker2,worker2,0,0.0,0.3293135166168213,0.0
model_1,1505,1,0.5187551975250244,4,4,1,1,0.8129672408103943,0.43041110038757324,0.08834409713745117,0.17030016770711875,worker2,worker2,worker2,0,0.0,0.43041110038757324,0.0
model_1,1506,1,0.566258430480957,0,0,1,1,0.8636609315872192,0.4031834602355957,0.16307497024536133,0.2879868298064049,worker2,worker2,worker2,0,0.0,0.4031834602355957,0.0
model_1,1507,1,0.5251784324645996,3,4,0,1,0.8790554404258728,0.41700053215026855,0.10817790031433105,0.20598313568717036,worker2,worker2,worker2,0,0.0,0.41700053215026855,0.0
model_1,1508,1,0.36401867866516113,9,9,1,0,0.9345242381095886,0.26503515243530273,0.0989835262298584,0.27191881085010855,worker2,worker2,worker2,0,0.0,0.26503515243530273,0.0
model_1,1509,1,0.34030580520629883,9,3,0,0,0.953395426273346,0.25620150566101074,0.08410429954528809,0.24714329952233025,worker2,worker2,worker2,0,0.0,0.25620150566101074,0.0
model_1,1510,1,0.4669485092163086,0,0,1,1,0.9785587787628174,0.3813436031341553,0.08560490608215332,0.18332836360442864,worker2,worker2,worker2,0,0.0,0.3813436031341553,0.0
model_1,1511,1,0.3387870788574219,0,0,1,0,0.8162775635719299,0.2522745132446289,0.08651256561279297,0.2553596964340003,worker2,worker2,worker2,0,0.0,0.2522745132446289,0.0
model_1,1512,1,0.4459052085876465,4,6,0,1,0.6775137186050415,0.36245036125183105,0.08345484733581543,0.18715826980390982,worker2,worker2,worker2,0,0.0,0.36245036125183105,0.0
model_1,1513,1,0.5860674381256104,6,2,0,2,0.5785545706748962,0.4463167190551758,0.13975071907043457,0.2384550138417384,worker2->worker3,worker2,worker3,0,0.0,0.36475419998168945,0.08156251907348633
model_1,1514,1,0.5426454544067383,5,5,1,1,0.9951006770133972,0.45837831497192383,0.08426713943481445,0.15528949657735872,worker2,worker2,worker2,0,0.0,0.45837831497192383,0.0
model_1,1515,1,0.3501710891723633,8,8,1,0,0.9982225298881531,0.25150108337402344,0.09867000579833984,0.28177656251276617,worker2,worker2,worker2,0,0.0,0.25150108337402344,0.0
model_1,1516,1,0.6045553684234619,7,7,1,2,0.999890923500061,0.4629325866699219,0.14162278175354004,0.23425940641774287,worker2->worker3,worker2,worker3,0,0.0,0.37928318977355957,0.0836493968963623
model_1,1517,1,0.40653252601623535,5,5,1,1,0.995208203792572,0.32333874702453613,0.08319377899169922,0.20464236848880518,worker2,worker2,worker2,0,0.0,0.32333874702453613,0.0
model_1,1518,1,0.3136169910430908,0,0,1,0,0.7219055891036987,0.22896790504455566,0.08464908599853516,0.2699123083765076,worker2,worker2,worker2,0,0.0,0.22896790504455566,0.0
model_1,1519,1,0.30571937561035156,5,5,1,0,0.9403756856918335,0.2210550308227539,0.08466434478759766,0.27693483482546716,worker2,worker2,worker2,0,0.0,0.2210550308227539,0.0
model_1,1520,1,0.4537079334259033,0,0,1,1,0.9724788069725037,0.3665597438812256,0.08714818954467773,0.19207993319982405,worker2,worker2,worker2,0,0.0,0.3665597438812256,0.0
model_1,1521,1,0.31472086906433105,3,3,1,0,0.9763904809951782,0.22620081901550293,0.08852005004882812,0.281265269481491,worker2,worker2,worker2,0,0.0,0.22620081901550293,0.0
model_1,1522,1,0.3412649631500244,7,7,1,0,0.969474196434021,0.2575364112854004,0.08372855186462402,0.24534763572495982,worker2,worker2,worker2,0,0.0,0.2575364112854004,0.0
model_1,1523,1,0.4485306739807129,6,2,0,1,0.9970666766166687,0.3651885986328125,0.08334207534790039,0.18581131722439156,worker2,worker2,worker2,0,0.0,0.3651885986328125,0.0
model_1,1524,1,0.7618963718414307,7,7,1,3,0.5628053545951843,0.6082932949066162,0.15360307693481445,0.20160625855662037,worker2->worker3->worker3,worker2,worker3,0,0.0,0.36390161514282227,0.24439167976379395
model_1,1525,1,0.564185380935669,7,7,1,2,0.907333254814148,0.4162905216217041,0.14789485931396484,0.26213876557504867,worker2->worker3,worker2,worker3,0,0.0,0.33240556716918945,0.08388495445251465
model_1,1526,1,0.31148648262023926,6,6,1,0,0.9780844449996948,0.22006011009216309,0.09142637252807617,0.2935163406096892,worker2,worker2,worker2,0,0.0,0.22006011009216309,0.0
model_1,1527,1,0.2929859161376953,6,6,1,0,0.7583563327789307,0.2100067138671875,0.08297920227050781,0.2832190822152348,worker2,worker2,worker2,0,0.0,0.2100067138671875,0.0
model_1,1528,1,0.3369910717010498,9,9,1,0,0.7467349767684937,0.2548346519470215,0.08215641975402832,0.243794054659438,worker2,worker2,worker2,0,0.0,0.2548346519470215,0.0
model_1,1529,1,0.29463648796081543,7,0,0,0,0.8836100101470947,0.21162128448486328,0.08301520347595215,0.281754659955737,worker2,worker2,worker2,0,0.0,0.21162128448486328,0.0
model_1,1530,1,0.40146613121032715,3,3,1,1,0.9357507824897766,0.3180840015411377,0.08338212966918945,0.20769405732386864,worker2,worker2,worker2,0,0.0,0.3180840015411377,0.0
model_1,1531,1,0.3379979133605957,8,8,1,0,0.9466353058815002,0.2547333240509033,0.08326458930969238,0.24634645960331983,worker2,worker2,worker2,0,0.0,0.2547333240509033,0.0
model_1,1532,1,0.3614161014556885,4,2,0,0,0.928222119808197,0.21000194549560547,0.151414155960083,0.41894690178502514,worker2,worker2,worker2,0,0.0,0.21000194549560547,0.0
model_1,1533,1,0.6044840812683105,0,0,1,2,0.964388370513916,0.4599497318267822,0.14453434944152832,0.2391036487483188,worker2->worker3,worker2,worker3,0,0.0,0.37638068199157715,0.08356904983520508
model_1,1534,1,0.48161792755126953,3,3,1,1,0.9091637134552002,0.39124035835266113,0.0903775691986084,0.18765408019199506,worker2,worker2,worker2,0,0.0,0.39124035835266113,0.0
model_1,1535,1,0.3392465114593506,8,0,0,0,0.8055834174156189,0.24077653884887695,0.09846997261047363,0.29026082593121244,worker2,worker2,worker2,0,0.0,0.24077653884887695,0.0
model_1,1536,1,0.33311915397644043,2,2,1,0,0.8913811445236206,0.24803590774536133,0.0850832462310791,0.2554138518168083,worker2,worker2,worker2,0,0.0,0.24803590774536133,0.0
model_1,1537,1,0.36261987686157227,3,3,1,0,0.8330996632575989,0.2736072540283203,0.08901262283325195,0.2454708870447053,worker2,worker2,worker2,0,0.0,0.2736072540283203,0.0
model_1,1538,1,0.41592836380004883,6,6,1,1,0.8942139148712158,0.32598257064819336,0.08994579315185547,0.2162530882243355,worker2,worker2,worker2,0,0.0,0.32598257064819336,0.0
model_1,1539,1,0.33213233947753906,4,3,0,0,0.8453181982040405,0.2353534698486328,0.09677886962890625,0.29138646896337855,worker2,worker2,worker2,0,0.0,0.2353534698486328,0.0
model_1,1540,1,0.4584650993347168,6,2,0,1,0.767961323261261,0.37289905548095703,0.08556604385375977,0.1866358943743493,worker2,worker2,worker2,0,0.0,0.37289905548095703,0.0
model_1,1541,1,0.3097572326660156,7,7,1,0,0.805944561958313,0.22163176536560059,0.08812546730041504,0.2844984975554488,worker2,worker2,worker2,0,0.0,0.22163176536560059,0.0
model_1,1542,1,0.37505555152893066,0,0,1,0,0.9440858960151672,0.2676081657409668,0.10744738578796387,0.2864839231147221,worker2,worker2,worker2,0,0.0,0.2676081657409668,0.0
model_1,1543,1,0.5530004501342773,7,2,0,0,0.9204412698745728,0.3886144161224365,0.16438603401184082,0.2972620256853774,worker2,worker2,worker2,0,0.0,0.3886144161224365,0.0
model_1,1544,1,0.39781904220581055,0,0,1,0,0.7081459760665894,0.2749910354614258,0.12282800674438477,0.3087534625374721,worker2,worker2,worker2,0,0.0,0.2749910354614258,0.0
model_1,1545,1,0.2960031032562256,5,5,1,0,0.764976441860199,0.2107086181640625,0.08529448509216309,0.2881540232310695,worker2,worker2,worker2,0,0.0,0.2107086181640625,0.0
model_1,1546,1,0.4431750774383545,7,7,1,1,0.8310999274253845,0.36093878746032715,0.08223628997802734,0.18556163052618044,worker2,worker2,worker2,0,0.0,0.36093878746032715,0.0
model_1,1547,1,0.3804030418395996,8,8,1,0,0.984413743019104,0.2266538143157959,0.1537492275238037,0.4041745480800689,worker2,worker2,worker2,0,0.0,0.2266538143157959,0.0
model_1,1548,1,0.34218358993530273,0,0,1,0,0.8942689895629883,0.25667762756347656,0.08550596237182617,0.24988329331629533,worker2,worker2,worker2,0,0.0,0.25667762756347656,0.0
model_1,1549,1,0.544243335723877,4,5,0,2,0.6229968667030334,0.4023308753967285,0.14191246032714844,0.2607518567744999,worker2->worker3,worker2,worker3,0,0.0,0.3206148147583008,0.08171606063842773
model_1,1550,1,0.36986517906188965,3,3,1,0,0.7642244100570679,0.21811652183532715,0.1517486572265625,0.4102810045851068,worker2,worker2,worker2,0,0.0,0.21811652183532715,0.0
model_1,1551,1,0.6562612056732178,3,7,0,1,0.9091658592224121,0.5022621154785156,0.15399909019470215,0.23466127338233259,worker2,worker2,worker2,0,0.0,0.5022621154785156,0.0
model_1,1552,1,0.4586303234100342,9,9,1,0,0.9675123691558838,0.3602898120880127,0.09834051132202148,0.21442217468490643,worker2,worker2,worker2,0,0.0,0.3602898120880127,0.0
model_1,1553,1,0.4342043399810791,9,1,0,1,0.9301323890686035,0.3504157066345215,0.08378863334655762,0.19297051095852424,worker2,worker2,worker2,0,0.0,0.3504157066345215,0.0
model_1,1554,1,0.4075922966003418,6,6,1,1,0.9997320771217346,0.32468128204345703,0.08291101455688477,0.20341653963637554,worker2,worker2,worker2,0,0.0,0.32468128204345703,0.0
model_1,1555,1,0.47688794136047363,3,3,1,1,0.8939327001571655,0.3921029567718506,0.08478498458862305,0.17778806557101667,worker2,worker2,worker2,0,0.0,0.3921029567718506,0.0
model_1,1556,1,0.34385013580322266,3,3,1,0,0.8316918015480042,0.24872326850891113,0.09512686729431152,0.27665211494565295,worker2,worker2,worker2,0,0.0,0.24872326850891113,0.0
model_1,1557,1,0.40233635902404785,9,9,1,0,0.9989878535270691,0.2500927448272705,0.15224361419677734,0.3783988465921313,worker2,worker2,worker2,0,0.0,0.2500927448272705,0.0
model_1,1558,1,0.358492374420166,3,3,1,0,0.9230615496635437,0.26335692405700684,0.09513545036315918,0.26537649654900886,worker2,worker2,worker2,0,0.0,0.26335692405700684,0.0
model_1,1559,1,0.4901447296142578,3,5,0,1,0.6208823323249817,0.40624547004699707,0.08389925956726074,0.17117242009985328,worker2,worker2,worker2,0,0.0,0.40624547004699707,0.0
model_1,1560,1,0.3584709167480469,8,0,0,0,0.8638614416122437,0.27036380767822266,0.08810710906982422,0.24578593395834886,worker2,worker2,worker2,0,0.0,0.27036380767822266,0.0
model_1,1561,1,0.472337007522583,4,4,1,1,0.9927091598510742,0.38777661323547363,0.08456039428710938,0.17902555366269166,worker2,worker2,worker2,0,0.0,0.38777661323547363,0.0
model_1,1562,1,0.5882887840270996,4,4,1,2,0.8997463583946228,0.4419882297515869,0.1463005542755127,0.24868832833089222,worker2->worker3,worker2,worker3,0,0.0,0.3615412712097168,0.08044695854187012
model_1,1563,1,0.4866678714752197,7,7,1,1,0.9341107606887817,0.3342714309692383,0.15239644050598145,0.3131425956762408,worker2,worker2,worker2,0,0.0,0.3342714309692383,0.0
model_1,1564,1,0.5268125534057617,4,4,1,1,0.9262468218803406,0.4253854751586914,0.10142707824707031,0.19252972920132586,worker2,worker2,worker2,0,0.0,0.4253854751586914,0.0
model_1,1565,1,0.3602182865142822,5,5,1,0,0.9618303179740906,0.2649679183959961,0.09525036811828613,0.264424022000642,worker2,worker2,worker2,0,0.0,0.2649679183959961,0.0
model_1,1566,1,0.2930278778076172,9,9,1,0,0.8258729577064514,0.20888304710388184,0.08414483070373535,0.2871564007264159,worker2,worker2,worker2,0,0.0,0.20888304710388184,0.0
model_1,1567,1,0.3123006820678711,0,0,1,0,0.7048603296279907,0.22810649871826172,0.08419418334960938,0.26959333803603985,worker2,worker2,worker2,0,0.0,0.22810649871826172,0.0
model_1,1568,1,0.31611204147338867,4,4,1,0,0.7812551259994507,0.2285773754119873,0.08753466606140137,0.27691025515322015,worker2,worker2,worker2,0,0.0,0.2285773754119873,0.0
model_1,1569,1,0.5934343338012695,6,6,1,2,0.9911932349205017,0.4523155689239502,0.14111876487731934,0.23780013531299568,worker2->worker3,worker2,worker3,0,0.0,0.3714113235473633,0.08090424537658691
model_1,1570,1,0.3525357246398926,3,3,1,0,0.6360058784484863,0.2139883041381836,0.13854742050170898,0.39300249823824834,worker2,worker2,worker2,0,0.0,0.2139883041381836,0.0
model_1,1571,1,0.4055144786834717,2,2,1,1,0.8753125667572021,0.3229501247406006,0.0825643539428711,0.20360396060560274,worker2,worker2,worker2,0,0.0,0.3229501247406006,0.0
model_1,1572,1,0.5722196102142334,2,2,1,2,0.8241358995437622,0.4269249439239502,0.1452946662902832,0.2539141680864211,worker2->worker3,worker2,worker3,0,0.0,0.34349632263183594,0.08342862129211426
model_1,1573,1,0.38548827171325684,8,8,1,0,0.9984562397003174,0.22954058647155762,0.15594768524169922,0.40454586218306526,worker2,worker2,worker2,0,0.0,0.22954058647155762,0.0
model_1,1574,1,0.29597997665405273,8,8,1,0,0.9828153252601624,0.21015119552612305,0.08582878112792969,0.2899817146355413,worker2,worker2,worker2,0,0.0,0.21015119552612305,0.0
model_1,1575,1,0.3092341423034668,0,0,1,0,0.970171332359314,0.2220468521118164,0.08718729019165039,0.2819458729304514,worker2,worker2,worker2,0,0.0,0.2220468521118164,0.0
model_1,1576,1,0.45169925689697266,5,7,0,1,0.8789544105529785,0.3679981231689453,0.08370113372802734,0.1853027926214158,worker2,worker2,worker2,0,0.0,0.3679981231689453,0.0
model_1,1577,1,0.44828176498413086,0,0,1,0,0.8996493220329285,0.29122257232666016,0.1570591926574707,0.35035820085840563,worker2,worker2,worker2,0,0.0,0.29122257232666016,0.0
model_1,1578,1,0.36165523529052734,6,6,1,0,0.9920486807823181,0.26299476623535156,0.09866046905517578,0.2728025462590613,worker2,worker2,worker2,0,0.0,0.26299476623535156,0.0
model_1,1579,1,0.4711124897003174,3,3,1,1,0.7163835763931274,0.37500834465026855,0.09610414505004883,0.20399405057416817,worker2,worker2,worker2,0,0.0,0.37500834465026855,0.0
model_1,1580,1,0.36631321907043457,8,8,1,0,0.9501193761825562,0.21144866943359375,0.15486454963684082,0.4227653864903617,worker2,worker2,worker2,0,0.0,0.21144866943359375,0.0
model_1,1581,1,0.6294045448303223,4,4,1,2,0.6938235759735107,0.48302125930786133,0.14638328552246094,0.23257424294882334,worker2->worker3,worker2,worker3,0,0.0,0.39911341667175293,0.0839078426361084
model_1,1582,1,0.3003251552581787,8,8,1,0,0.7880262732505798,0.213975191116333,0.0863499641418457,0.2875215832906629,worker2,worker2,worker2,0,0.0,0.213975191116333,0.0
model_1,1583,1,0.42099475860595703,3,3,1,1,0.9969336986541748,0.336193323135376,0.08480143547058105,0.20143109560647418,worker2,worker2,worker2,0,0.0,0.336193323135376,0.0
model_1,1584,1,0.3454113006591797,7,7,1,0,0.978585958480835,0.2596769332885742,0.08573436737060547,0.24820950329937325,worker2,worker2,worker2,0,0.0,0.2596769332885742,0.0
model_1,1585,1,0.41309428215026855,3,5,0,1,0.8914012312889099,0.32778501510620117,0.08530926704406738,0.20651282462688506,worker2,worker2,worker2,0,0.0,0.32778501510620117,0.0
model_1,1586,1,0.4897909164428711,9,1,0,1,0.6067662835121155,0.4010148048400879,0.0887761116027832,0.18125307885969746,worker2,worker2,worker2,0,0.0,0.4010148048400879,0.0
model_1,1587,1,0.3678755760192871,9,1,0,0,0.8026208877563477,0.2738010883331299,0.09407448768615723,0.2557236571781136,worker2,worker2,worker2,0,0.0,0.2738010883331299,0.0
model_1,1588,1,0.4116957187652588,4,4,1,1,0.949604868888855,0.3270299434661865,0.08466577529907227,0.2056513377234003,worker2,worker2,worker2,0,0.0,0.3270299434661865,0.0
model_1,1589,1,0.3664371967315674,8,8,1,0,0.9005711674690247,0.21552419662475586,0.15091300010681152,0.41183864916792945,worker2,worker2,worker2,0,0.0,0.21552419662475586,0.0
model_1,1590,1,0.48740172386169434,6,2,0,1,0.7386493682861328,0.39989137649536133,0.08751034736633301,0.17954459962305147,worker2,worker2,worker2,0,0.0,0.39989137649536133,0.0
model_1,1591,1,0.7640130519866943,0,0,1,3,0.5678153038024902,0.611501932144165,0.1525111198425293,0.19961847437808608,worker2->worker3->worker3,worker2,worker3,0,0.0,0.42609238624572754,0.1854095458984375
model_1,1592,1,0.3110780715942383,9,9,1,0,0.8581838607788086,0.22114992141723633,0.08992815017700195,0.28908546885394665,worker2,worker2,worker2,0,0.0,0.22114992141723633,0.0
model_1,1593,1,0.4510841369628906,4,4,1,1,0.9669119715690613,0.36346983909606934,0.08761429786682129,0.19423050089218513,worker2,worker2,worker2,0,0.0,0.36346983909606934,0.0
model_1,1594,1,0.36032605171203613,9,9,1,0,0.8639581799507141,0.25940966606140137,0.10091638565063477,0.28006963462992873,worker2,worker2,worker2,0,0.0,0.25940966606140137,0.0
model_1,1595,1,0.2997400760650635,7,7,1,0,0.991312563419342,0.21767592430114746,0.08206415176391602,0.2737843829268351,worker2,worker2,worker2,0,0.0,0.21767592430114746,0.0
model_1,1596,1,0.3063535690307617,3,4,0,0,0.9081926941871643,0.21827363967895508,0.08807992935180664,0.28751070088875746,worker2,worker2,worker2,0,0.0,0.21827363967895508,0.0
model_1,1597,1,0.3008255958557129,6,3,0,0,0.9381171464920044,0.21781277656555176,0.08301281929016113,0.27594998708147545,worker2,worker2,worker2,0,0.0,0.21781277656555176,0.0
model_1,1598,1,0.34206390380859375,4,4,1,0,0.993286669254303,0.2591133117675781,0.08295059204101562,0.2425002788000446,worker2,worker2,worker2,0,0.0,0.2591133117675781,0.0
model_1,1599,1,0.3298201560974121,9,9,1,0,0.9695863723754883,0.24448609352111816,0.08533406257629395,0.2587290709761553,worker2,worker2,worker2,0,0.0,0.24448609352111816,0.0
model_1,1600,1,0.6361212730407715,0,5,0,2,0.8606057167053223,0.48782825469970703,0.14829301834106445,0.23312067152258212,worker2->worker3,worker2,worker3,0,0.0,0.40354251861572266,0.08428573608398438
model_1,1601,1,0.39800286293029785,0,0,1,0,0.9994598031044006,0.24188852310180664,0.1561143398284912,0.39224426346860597,worker2,worker2,worker2,0,0.0,0.24188852310180664,0.0
model_1,1602,1,0.5423879623413086,4,4,1,1,0.9994981288909912,0.441190242767334,0.10119771957397461,0.18657810755448495,worker2,worker2,worker2,0,0.0,0.441190242767334,0.0
model_1,1603,1,0.40096235275268555,3,5,0,0,0.9168989658355713,0.2963979244232178,0.10456442832946777,0.26078365615029037,worker2,worker2,worker2,0,0.0,0.2963979244232178,0.0
model_1,1604,1,0.6523244380950928,5,3,0,2,0.7671732306480408,0.5053791999816895,0.14694523811340332,0.2252640396893767,worker2->worker3,worker2,worker3,0,0.0,0.42403125762939453,0.08134794235229492
model_1,1605,1,0.34573984146118164,4,3,0,0,0.9571323990821838,0.261279821395874,0.08446002006530762,0.24428778502459766,worker2,worker2,worker2,0,0.0,0.261279821395874,0.0
model_1,1606,1,0.5090229511260986,8,8,1,0,0.6920551657676697,0.34404921531677246,0.16497373580932617,0.32409881606391017,worker2,worker2,worker2,0,0.0,0.34404921531677246,0.0
model_1,1607,1,0.37293434143066406,4,4,1,0,0.8509267568588257,0.2681751251220703,0.10475921630859375,0.2809052550824703,worker2,worker2,worker2,0,0.0,0.2681751251220703,0.0
model_1,1608,1,0.2986016273498535,2,2,1,0,0.542796790599823,0.2159709930419922,0.08263063430786133,0.27672533147667006,worker2,worker2,worker2,0,0.0,0.2159709930419922,0.0
model_1,1609,1,0.34115004539489746,2,2,1,0,0.8910220265388489,0.25865697860717773,0.08249306678771973,0.24180875219356945,worker2,worker2,worker2,0,0.0,0.25865697860717773,0.0
model_1,1610,1,0.34359145164489746,5,5,1,0,0.8806992173194885,0.26012229919433594,0.08346915245056152,0.242931400216636,worker2,worker2,worker2,0,0.0,0.26012229919433594,0.0
model_1,1611,1,0.372849702835083,9,9,1,0,0.9332363605499268,0.21689605712890625,0.15595364570617676,0.4182748290271734,worker2,worker2,worker2,0,0.0,0.21689605712890625,0.0
model_1,1612,1,0.67258620262146,6,6,1,1,0.9198883175849915,0.5178430080413818,0.15474319458007812,0.23007191342456002,worker2,worker2,worker2,0,0.0,0.5178430080413818,0.0
model_1,1613,1,0.49767470359802246,9,9,1,0,0.8976165056228638,0.39267849922180176,0.1049962043762207,0.21097356087647834,worker2,worker2,worker2,0,0.0,0.39267849922180176,0.0
model_1,1614,1,0.45501112937927246,9,1,0,1,0.9642066955566406,0.37153148651123047,0.08347964286804199,0.18346725492610516,worker2,worker2,worker2,0,0.0,0.37153148651123047,0.0
model_1,1615,1,0.31984496116638184,9,9,1,0,0.9528146982192993,0.23587465286254883,0.08397030830383301,0.2625344104144009,worker2,worker2,worker2,0,0.0,0.23587465286254883,0.0
model_1,1616,1,0.3669571876525879,8,8,1,0,0.843482255935669,0.2141573429107666,0.1527998447418213,0.41639692553585467,worker2,worker2,worker2,0,0.0,0.2141573429107666,0.0
model_1,1617,1,0.5969400405883789,2,2,1,2,0.9016796350479126,0.44733333587646484,0.14960670471191406,0.2506226664983856,worker2->worker3,worker2,worker3,0,0.0,0.36724019050598145,0.0800931453704834
model_1,1618,1,0.29668354988098145,8,8,1,0,0.8666954040527344,0.21206974983215332,0.08461380004882812,0.28519882576156336,worker2,worker2,worker2,0,0.0,0.21206974983215332,0.0
model_1,1619,1,0.5243320465087891,3,3,1,1,0.9647925496101379,0.436542272567749,0.08778977394104004,0.16743163902641314,worker2,worker2,worker2,0,0.0,0.436542272567749,0.0
model_1,1620,1,0.3381986618041992,3,0,0,0,0.7581560611724854,0.25054264068603516,0.08765602111816406,0.25918500283396356,worker2,worker2,worker2,0,0.0,0.25054264068603516,0.0
model_1,1621,1,0.45174217224121094,2,2,1,1,0.8304580450057983,0.3669109344482422,0.08483123779296875,0.18778684613858126,worker2,worker2,worker2,0,0.0,0.3669109344482422,0.0
model_1,1622,1,0.6327133178710938,9,9,1,1,0.9995386600494385,0.46869587898254395,0.1640174388885498,0.25922868107221664,worker2,worker2,worker2,0,0.0,0.46869587898254395,0.0
model_1,1623,1,0.4239935874938965,6,6,1,0,0.9686569571495056,0.32291579246520996,0.10107779502868652,0.2383946314521598,worker2,worker2,worker2,0,0.0,0.32291579246520996,0.0
model_1,1624,1,0.7186458110809326,3,5,0,3,0.5212862491607666,0.5751821994781494,0.1434636116027832,0.19963048471262373,worker2->worker3->worker3,worker2,worker3,0,0.0,0.39002442359924316,0.18515777587890625
model_1,1625,1,0.5464086532592773,5,5,1,2,0.9174639582633972,0.4070854187011719,0.13932323455810547,0.25497991974880924,worker2->worker3,worker2,worker3,0,0.0,0.3230860233306885,0.0839993953704834
model_1,1626,1,0.3000311851501465,9,9,1,0,0.9913133978843689,0.21503782272338867,0.08499336242675781,0.28328176080837747,worker2,worker2,worker2,0,0.0,0.21503782272338867,0.0
model_1,1627,1,0.431227445602417,7,7,1,0,0.9591258764266968,0.27565956115722656,0.15556788444519043,0.36075599090838223,worker2,worker2,worker2,0,0.0,0.27565956115722656,0.0
model_1,1628,1,0.7139859199523926,6,5,0,3,0.49677520990371704,0.5620479583740234,0.15193796157836914,0.21280246197081887,worker2->worker3->worker3,worker2,worker3,0,0.0,0.34712982177734375,0.2149181365966797
model_1,1629,1,0.33634042739868164,2,7,0,0,0.8001179099082947,0.25000667572021484,0.0863337516784668,0.2566856216072145,worker2,worker2,worker2,0,0.0,0.25000667572021484,0.0
model_1,1630,1,0.2924778461456299,6,6,1,0,0.9039909839630127,0.20797395706176758,0.0845038890838623,0.2889240679165366,worker2,worker2,worker2,0,0.0,0.20797395706176758,0.0
model_1,1631,1,0.4336063861846924,4,4,1,1,0.745963454246521,0.3503134250640869,0.08329296112060547,0.1920934833398124,worker2,worker2,worker2,0,0.0,0.3503134250640869,0.0
model_1,1632,1,0.3382070064544678,9,9,1,0,0.9765093922615051,0.2565743923187256,0.08163261413574219,0.24136878473193973,worker2,worker2,worker2,0,0.0,0.2565743923187256,0.0
model_1,1633,1,0.4490954875946045,3,3,1,1,0.8218107223510742,0.3645358085632324,0.08455967903137207,0.18828886365410005,worker2,worker2,worker2,0,0.0,0.3645358085632324,0.0
model_1,1634,1,0.40923142433166504,0,0,1,1,0.8790121674537659,0.32476377487182617,0.08446764945983887,0.20640557991798145,worker2,worker2,worker2,0,0.0,0.32476377487182617,0.0
model_1,1635,1,0.627758264541626,0,0,1,1,0.9196826219558716,0.474092960357666,0.15366530418395996,0.24478419937037815,worker2,worker2,worker2,0,0.0,0.474092960357666,0.0
model_1,1636,1,0.44172191619873047,8,0,0,0,0.5518804788589478,0.34342455863952637,0.0982973575592041,0.222532217565995,worker2,worker2,worker2,0,0.0,0.34342455863952637,0.0
model_1,1637,1,0.324084997177124,0,0,1,0,0.8824856877326965,0.23618602752685547,0.08789896965026855,0.27122196465709464,worker2,worker2,worker2,0,0.0,0.23618602752685547,0.0
model_1,1638,1,0.3046870231628418,5,5,1,0,0.8780298233032227,0.2203819751739502,0.0843050479888916,0.2766939238624359,worker2,worker2,worker2,0,0.0,0.2203819751739502,0.0
model_1,1639,1,0.45290660858154297,6,6,1,1,0.9815388321876526,0.369840145111084,0.08306646347045898,0.1834074882029534,worker2,worker2,worker2,0,0.0,0.369840145111084,0.0
model_1,1640,1,0.5206902027130127,1,1,1,1,0.958581268787384,0.4335207939147949,0.08716940879821777,0.16741127131647354,worker2,worker2,worker2,0,0.0,0.4335207939147949,0.0
model_1,1641,1,0.3484029769897461,1,1,1,0,0.8993833661079407,0.23856067657470703,0.10984230041503906,0.31527371368664237,worker2,worker2,worker2,0,0.0,0.23856067657470703,0.0
model_1,1642,1,0.4589667320251465,3,5,0,1,0.569166362285614,0.3755919933319092,0.0833747386932373,0.1816574772758677,worker2,worker2,worker2,0,0.0,0.3755919933319092,0.0
model_1,1643,1,0.4565131664276123,4,4,1,1,0.9225872755050659,0.3728373050689697,0.08367586135864258,0.18329342396285686,worker2,worker2,worker2,0,0.0,0.3728373050689697,0.0
model_1,1644,1,0.8299076557159424,4,7,0,1,0.5412805080413818,0.6618871688842773,0.16802048683166504,0.20245684646289666,worker2,worker2,worker2,0,0.0,0.6618871688842773,0.0
model_1,1645,1,0.5395560264587402,7,7,1,0,0.7526599764823914,0.43007373809814453,0.1094822883605957,0.20291180710029155,worker2,worker2,worker2,0,0.0,0.43007373809814453,0.0
model_1,1646,1,0.526482105255127,5,5,1,1,0.9051987528800964,0.37599945068359375,0.1504826545715332,0.2858267224459815,worker2,worker2,worker2,0,0.0,0.37599945068359375,0.0
model_1,1647,1,0.29857754707336426,4,4,1,0,0.8928217887878418,0.21666908264160156,0.0819084644317627,0.27432894815642905,worker2,worker2,worker2,0,0.0,0.21666908264160156,0.0
model_1,1648,1,0.34661340713500977,9,9,1,0,0.9956048727035522,0.26410531997680664,0.08250808715820312,0.23804066853670583,worker2,worker2,worker2,0,0.0,0.26410531997680664,0.0
model_1,1649,1,0.47203707695007324,9,9,1,1,0.6754277348518372,0.3871796131134033,0.08485746383666992,0.1797686410248769,worker2,worker2,worker2,0,0.0,0.3871796131134033,0.0
model_1,1650,1,0.6975536346435547,0,0,1,3,0.8180358409881592,0.5568709373474121,0.14068269729614258,0.2016801150610168,worker2->worker3->worker3,worker2,worker3,0,0.0,0.36382055282592773,0.19305038452148438
model_1,1651,1,0.7100944519042969,3,3,1,1,0.9527536630630493,0.5557796955108643,0.15431475639343262,0.21731581760651528,worker2,worker2,worker2,0,0.0,0.5557796955108643,0.0
model_1,1652,1,0.4756636619567871,8,8,1,0,0.6641188859939575,0.37575292587280273,0.09991073608398438,0.21004492054947224,worker2,worker2,worker2,0,0.0,0.37575292587280273,0.0
model_1,1653,1,0.5863828659057617,8,8,1,2,0.47557616233825684,0.4469010829925537,0.139481782913208,0.23786810806239397,worker2->worker3,worker2,worker3,0,0.0,0.3684098720550537,0.0784912109375
model_1,1654,1,0.40091800689697266,6,2,0,1,0.8276149034500122,0.31943368911743164,0.08148431777954102,0.20324434517225548,worker2,worker2,worker2,0,0.0,0.31943368911743164,0.0
model_1,1655,1,0.4457402229309082,0,0,1,1,0.9962627291679382,0.36351919174194336,0.08222103118896484,0.1844595281267885,worker2,worker2,worker2,0,0.0,0.36351919174194336,0.0
model_1,1656,1,0.33809804916381836,5,3,0,0,0.9072672128677368,0.255596399307251,0.08250164985656738,0.24401693550320644,worker2,worker2,worker2,0,0.0,0.255596399307251,0.0
model_1,1657,1,0.49251651763916016,0,0,1,1,0.9310781359672546,0.40651845932006836,0.0859980583190918,0.17460949072594933,worker2,worker2,worker2,0,0.0,0.40651845932006836,0.0
model_1,1658,1,0.30670642852783203,5,5,1,0,0.6236311793327332,0.21615242958068848,0.09055399894714355,0.2952464980333017,worker2,worker2,worker2,0,0.0,0.21615242958068848,0.0
model_1,1659,1,0.3300917148590088,3,3,1,0,0.9756501913070679,0.2463369369506836,0.0837547779083252,0.25373183917717884,worker2,worker2,worker2,0,0.0,0.2463369369506836,0.0
model_1,1660,1,0.46114301681518555,8,8,1,1,0.8415867686271667,0.3750612735748291,0.08608174324035645,0.18667038229238941,worker2,worker2,worker2,0,0.0,0.3750612735748291,0.0
model_1,1661,1,0.5416414737701416,6,2,0,1,0.8822773098945618,0.38974738121032715,0.15189409255981445,0.28043290611138527,worker2,worker2,worker2,0,0.0,0.38974738121032715,0.0
model_1,1662,1,0.5533697605133057,4,4,1,2,0.7254289984703064,0.4105558395385742,0.14281392097473145,0.2580804575267309,worker2->worker3,worker2,worker3,0,0.0,0.3257267475128174,0.08482909202575684
model_1,1663,1,0.4806387424468994,9,1,0,1,0.9001811146736145,0.3288388252258301,0.15179991722106934,0.31582954892122556,worker2,worker2,worker2,0,0.0,0.3288388252258301,0.0
model_1,1664,1,0.7334127426147461,4,4,1,2,0.6925893425941467,0.5689041614532471,0.16450858116149902,0.2243055943846801,worker2->worker3,worker2,worker3,0,0.0,0.4133028984069824,0.15560126304626465
model_1,1665,1,0.8615109920501709,8,8,1,2,0.5512314438819885,0.6469025611877441,0.21460843086242676,0.2491070141214505,worker2->worker3,worker2,worker3,0,0.0,0.5577137470245361,0.08918881416320801
model_1,1666,1,0.4726989269256592,7,7,1,0,0.9819155931472778,0.34902000427246094,0.12367892265319824,0.26164417900751674,worker2,worker2,worker2,0,0.0,0.34902000427246094,0.0
model_1,1667,1,0.3005824089050293,5,3,0,0,0.7353939414024353,0.21001315116882324,0.09056925773620605,0.3013125687099737,worker2,worker2,worker2,0,0.0,0.21001315116882324,0.0
model_1,1668,1,0.32735562324523926,6,6,1,0,0.8957427740097046,0.24460840225219727,0.08274722099304199,0.2527747046857714,worker2,worker2,worker2,0,0.0,0.24460840225219727,0.0
model_1,1669,1,0.594374418258667,3,4,0,2,0.9906754493713379,0.45473527908325195,0.13963913917541504,0.2349346386483363,worker2->worker3,worker2,worker3,0,0.0,0.3734245300292969,0.08131074905395508
model_1,1670,1,0.4014852046966553,6,6,1,1,0.761827290058136,0.3186941146850586,0.08279109001159668,0.2062120572391952,worker2,worker2,worker2,0,0.0,0.3186941146850586,0.0
model_1,1671,1,0.4899427890777588,2,2,1,1,0.8354741930961609,0.4060356616973877,0.0839071273803711,0.17125903115813426,worker2,worker2,worker2,0,0.0,0.4060356616973877,0.0
model_1,1672,1,0.5178909301757812,6,6,1,1,0.9794019460678101,0.43204569816589355,0.0858452320098877,0.16575928831337194,worker2,worker2,worker2,0,0.0,0.43204569816589355,0.0
model_1,1673,1,0.5883073806762695,6,6,1,1,0.9372270107269287,0.49277353286743164,0.09553384780883789,0.1623876411324639,worker2,worker2,worker2,0,0.0,0.49277353286743164,0.0
model_1,1674,1,0.4041604995727539,2,7,0,0,0.8623448610305786,0.30543971061706543,0.09872078895568848,0.24426134929080942,worker2,worker2,worker2,0,0.0,0.30543971061706543,0.0
model_1,1675,1,0.5195293426513672,2,2,1,1,0.7024099230766296,0.4315621852874756,0.0879671573638916,0.16932086437112448,worker2,worker2,worker2,0,0.0,0.4315621852874756,0.0
model_1,1676,1,0.5056362152099609,5,5,1,1,0.9992654919624329,0.42044663429260254,0.0851895809173584,0.16847998294976593,worker2,worker2,worker2,0,0.0,0.42044663429260254,0.0
model_1,1677,1,0.3721961975097656,6,6,1,0,0.966378390789032,0.2634236812591553,0.10877251625061035,0.29224510346523996,worker2,worker2,worker2,0,0.0,0.2634236812591553,0.0
model_1,1678,1,0.46439218521118164,3,3,1,1,0.9925480484962463,0.37612104415893555,0.0882711410522461,0.19007886838600638,worker2,worker2,worker2,0,0.0,0.37612104415893555,0.0
model_1,1679,1,0.36424970626831055,9,9,1,0,0.9988082647323608,0.20899367332458496,0.15525603294372559,0.4262351630542214,worker2,worker2,worker2,0,0.0,0.20899367332458496,0.0
model_1,1680,1,0.6025857925415039,7,7,1,2,0.9897969365119934,0.46270298957824707,0.13988280296325684,0.2321375722671427,worker2->worker3,worker2,worker3,0,0.0,0.37748289108276367,0.0852200984954834
model_1,1681,1,0.4961860179901123,3,3,1,1,0.8186155557632446,0.37581920623779297,0.12036681175231934,0.24258404587837043,worker2,worker2,worker2,0,0.0,0.37581920623779297,0.0
model_1,1682,1,0.3878159523010254,9,9,1,0,0.811642587184906,0.28722262382507324,0.10059332847595215,0.25938419469107066,worker2,worker2,worker2,0,0.0,0.28722262382507324,0.0
model_1,1683,1,0.4603090286254883,3,3,1,1,0.9833804368972778,0.3718752861022949,0.08843374252319336,0.19211820108604447,worker2,worker2,worker2,0,0.0,0.3718752861022949,0.0
model_1,1684,1,0.5830259323120117,1,1,1,1,0.9232379198074341,0.496112585067749,0.0869133472442627,0.1490728669642609,worker2,worker2,worker2,0,0.0,0.496112585067749,0.0
model_1,1685,1,0.434070348739624,7,7,1,0,0.9904283285140991,0.3305704593658447,0.1034998893737793,0.2384403580532598,worker2,worker2,worker2,0,0.0,0.3305704593658447,0.0
model_1,1686,1,0.4544205665588379,1,1,1,1,0.988720715045929,0.3694722652435303,0.08494830131530762,0.18693762467352718,worker2,worker2,worker2,0,0.0,0.3694722652435303,0.0
model_1,1687,1,0.46435546875,0,0,1,1,0.9116002917289734,0.37540316581726074,0.08895230293273926,0.1915607953798633,worker2,worker2,worker2,0,0.0,0.37540316581726074,0.0
model_1,1688,1,0.7423903942108154,3,5,0,1,0.8273095488548279,0.5906953811645508,0.15169501304626465,0.2043332109752326,worker2,worker2,worker2,0,0.0,0.5906953811645508,0.0
model_1,1689,1,0.4598844051361084,3,3,1,0,0.9396432638168335,0.36835622787475586,0.09152817726135254,0.19902431184693828,worker2,worker2,worker2,0,0.0,0.36835622787475586,0.0
model_1,1690,1,0.3972961902618408,2,2,1,0,0.8297075629234314,0.3123817443847656,0.0849144458770752,0.21373083346485588,worker2,worker2,worker2,0,0.0,0.3123817443847656,0.0
model_1,1691,1,0.34239649772644043,7,7,1,0,0.9320605397224426,0.2586395740509033,0.08375692367553711,0.2446196857494003,worker2,worker2,worker2,0,0.0,0.2586395740509033,0.0
model_1,1692,1,0.44291019439697266,8,0,0,1,0.6265208721160889,0.3536643981933594,0.08924579620361328,0.20149862733487647,worker2,worker2,worker2,0,0.0,0.3536643981933594,0.0
model_1,1693,1,0.3088963031768799,5,5,1,0,0.985015869140625,0.2118682861328125,0.09702801704406738,0.3141119399817074,worker2,worker2,worker2,0,0.0,0.2118682861328125,0.0
model_1,1694,1,0.6603527069091797,5,5,1,2,0.9361771941184998,0.5154621601104736,0.14489054679870605,0.21941387577083604,worker2->worker3,worker2,worker3,0,0.0,0.4337143898010254,0.08174777030944824
model_1,1695,1,0.45473575592041016,2,2,1,1,0.9163262844085693,0.3711419105529785,0.08359384536743164,0.18382949719498767,worker2,worker2,worker2,0,0.0,0.3711419105529785,0.0
model_1,1696,1,0.5814800262451172,3,3,1,1,0.9931572079658508,0.4938483238220215,0.0876317024230957,0.15070457877800847,worker2,worker2,worker2,0,0.0,0.4938483238220215,0.0
model_1,1697,1,0.42954277992248535,8,8,1,0,0.75807124376297,0.32651495933532715,0.1030278205871582,0.2398546207801478,worker2,worker2,worker2,0,0.0,0.32651495933532715,0.0
model_1,1698,1,0.3009512424468994,8,0,0,0,0.6284936666488647,0.215911865234375,0.08503937721252441,0.2825686198239536,worker2,worker2,worker2,0,0.0,0.215911865234375,0.0
model_1,1699,1,0.2988715171813965,3,3,1,0,0.8117325305938721,0.21634769439697266,0.08252382278442383,0.2761180575609585,worker2,worker2,worker2,0,0.0,0.21634769439697266,0.0
model_1,1700,1,0.3161942958831787,8,8,1,0,0.9797742962837219,0.2312462329864502,0.08494806289672852,0.268657796812734,worker2,worker2,worker2,0,0.0,0.2312462329864502,0.0
model_1,1701,1,0.3311183452606201,0,0,1,0,0.9707264304161072,0.24253606796264648,0.08858227729797363,0.26752452277523725,worker2,worker2,worker2,0,0.0,0.24253606796264648,0.0
model_1,1702,1,0.6250312328338623,4,4,1,2,0.997276246547699,0.4760398864746094,0.14899134635925293,0.2383742420098483,worker2->worker3,worker2,worker3,0,0.0,0.38491129875183105,0.09112858772277832
model_1,1703,1,0.3498036861419678,7,7,1,0,0.9999908208847046,0.2645378112792969,0.0852658748626709,0.2437535058680478,worker2,worker2,worker2,0,0.0,0.2645378112792969,0.0
model_1,1704,1,0.697930097579956,4,7,0,3,0.3766201138496399,0.555248498916626,0.14268159866333008,0.20443537133313588,worker2->worker3->worker3,worker2,worker3,0,0.0,0.3665494918823242,0.18869900703430176
model_1,1705,1,0.2963254451751709,7,7,1,0,0.9883291721343994,0.21238231658935547,0.08394312858581543,0.2832801905897517,worker2,worker2,worker2,0,0.0,0.21238231658935547,0.0
model_1,1706,1,0.4078795909881592,0,0,1,1,0.9512172341346741,0.32286691665649414,0.08501267433166504,0.20842590855234278,worker2,worker2,worker2,0,0.0,0.32286691665649414,0.0
model_1,1707,1,0.4254422187805176,3,2,0,1,0.6966888308525085,0.34003424644470215,0.08540797233581543,0.20075105047314723,worker2,worker2,worker2,0,0.0,0.34003424644470215,0.0
model_1,1708,1,0.45078539848327637,9,9,1,1,0.9989514350891113,0.3659229278564453,0.08486247062683105,0.18825470148847193,worker2,worker2,worker2,0,0.0,0.3659229278564453,0.0
model_1,1709,1,0.6873416900634766,8,4,0,3,0.37842434644699097,0.5441381931304932,0.1432034969329834,0.20834397069637728,worker2->worker3->worker3,worker2,worker3,0,0.0,0.3563365936279297,0.18780159950256348
model_1,1710,1,0.5509660243988037,3,0,0,2,0.8456650972366333,0.40911078453063965,0.14185523986816406,0.25746640189465747,worker2->worker3,worker2,worker3,0,0.0,0.32124924659729004,0.08786153793334961
model_1,1711,1,0.36240124702453613,9,9,1,0,0.9955564141273499,0.2084031105041504,0.15399813652038574,0.4249382080905461,worker2,worker2,worker2,0,0.0,0.2084031105041504,0.0
model_1,1712,1,0.5284988880157471,4,4,1,1,0.9855127930641174,0.4410383701324463,0.08746051788330078,0.16548855610968632,worker2,worker2,worker2,0,0.0,0.4410383701324463,0.0
model_1,1713,1,0.6434895992279053,4,3,0,1,0.7051272392272949,0.47693967819213867,0.1665499210357666,0.25882301941725633,worker2,worker2,worker2,0,0.0,0.47693967819213867,0.0
model_1,1714,1,0.4618391990661621,6,6,1,0,0.7665808200836182,0.3565852642059326,0.10525393486022949,0.22790169191582857,worker2,worker2,worker2,0,0.0,0.3565852642059326,0.0
model_1,1715,1,0.32306599617004395,1,1,1,0,0.9960910677909851,0.2325139045715332,0.09055209159851074,0.2802897633053562,worker2,worker2,worker2,0,0.0,0.2325139045715332,0.0
model_1,1716,1,0.3453197479248047,6,6,1,0,0.9834307432174683,0.26071834564208984,0.08460140228271484,0.24499439372096748,worker2,worker2,worker2,0,0.0,0.26071834564208984,0.0
model_1,1717,1,0.3026561737060547,9,9,1,0,0.9973704814910889,0.21814727783203125,0.08450889587402344,0.2792240939254722,worker2,worker2,worker2,0,0.0,0.21814727783203125,0.0
model_1,1718,1,0.6134016513824463,7,1,0,2,0.9099015593528748,0.46543288230895996,0.14796876907348633,0.24122655806355195,worker2->worker3,worker2,worker3,0,0.0,0.38515758514404297,0.08027529716491699
model_1,1719,1,0.4316883087158203,6,6,1,0,0.934687077999115,0.34433841705322266,0.08734989166259766,0.20234481661651843,worker2,worker2,worker2,0,0.0,0.34433841705322266,0.0
model_1,1720,1,0.369565486907959,8,8,1,0,0.8501671552658081,0.27970194816589355,0.08986353874206543,0.2431599863231983,worker2,worker2,worker2,0,0.0,0.27970194816589355,0.0
model_1,1721,1,0.346386194229126,8,8,1,0,0.9834730625152588,0.24912691116333008,0.0972592830657959,0.2807827929812389,worker2,worker2,worker2,0,0.0,0.24912691116333008,0.0
model_1,1722,1,0.514042854309082,4,4,1,1,0.9539914727210999,0.42726683616638184,0.0867760181427002,0.16881086355987704,worker2,worker2,worker2,0,0.0,0.42726683616638184,0.0
model_1,1723,1,0.7436378002166748,3,5,0,1,0.9200767278671265,0.5842571258544922,0.15938067436218262,0.21432567617695555,worker2,worker2,worker2,0,0.0,0.5842571258544922,0.0
model_1,1724,1,0.5002024173736572,8,8,1,0,0.9203459024429321,0.37303686141967773,0.1271655559539795,0.2542281915022919,worker2,worker2,worker2,0,0.0,0.37303686141967773,0.0
model_1,1725,1,0.6855990886688232,2,2,1,2,0.9922170639038086,0.5401132106781006,0.14548587799072266,0.21220255451797895,worker2->worker3,worker2,worker3,0,0.0,0.4178428649902344,0.12227034568786621
model_1,1726,1,0.31934070587158203,8,8,1,0,0.924089252948761,0.23285484313964844,0.0864858627319336,0.27082630288514664,worker2,worker2,worker2,0,0.0,0.23285484313964844,0.0
model_1,1727,1,0.41394877433776855,9,9,1,1,0.9079498052597046,0.3272087574005127,0.08674001693725586,0.2095428765939016,worker2,worker2,worker2,0,0.0,0.3272087574005127,0.0
model_1,1728,1,0.44672608375549316,6,2,0,1,0.6415137052536011,0.32355642318725586,0.1231696605682373,0.2757162947208872,worker2,worker2,worker2,0,0.0,0.32355642318725586,0.0
model_1,1729,1,0.30708813667297363,1,1,1,0,0.7699329853057861,0.21147561073303223,0.0956125259399414,0.31135206646475483,worker2,worker2,worker2,0,0.0,0.21147561073303223,0.0
model_1,1730,1,0.4561183452606201,3,3,1,1,0.8397790193557739,0.37267494201660156,0.08344340324401855,0.18294244051144243,worker2,worker2,worker2,0,0.0,0.37267494201660156,0.0
model_1,1731,1,0.29185986518859863,0,0,1,0,0.7412676215171814,0.21047401428222656,0.08138585090637207,0.2788524926295737,worker2,worker2,worker2,0,0.0,0.21047401428222656,0.0
model_1,1732,1,0.348400354385376,2,2,1,0,0.9347077012062073,0.26476049423217773,0.08363986015319824,0.24006824074777405,worker2,worker2,worker2,0,0.0,0.26476049423217773,0.0
model_1,1733,1,0.34627223014831543,9,9,1,0,0.8384501934051514,0.2630002498626709,0.08327198028564453,0.24048125444531734,worker2,worker2,worker2,0,0.0,0.2630002498626709,0.0
model_1,1734,1,0.4581787586212158,0,1,0,1,0.9133583307266235,0.37607717514038086,0.08210158348083496,0.17919116051538683,worker2,worker2,worker2,0,0.0,0.37607717514038086,0.0
model_1,1735,1,0.4482698440551758,5,5,1,0,0.7547858357429504,0.303511381149292,0.1447584629058838,0.3229270601750896,worker2,worker2,worker2,0,0.0,0.303511381149292,0.0
model_1,1736,1,0.3799319267272949,1,1,1,0,0.6936465501785278,0.28803110122680664,0.09190082550048828,0.24188760942549653,worker2,worker2,worker2,0,0.0,0.28803110122680664,0.0
model_1,1737,1,0.37029218673706055,1,1,1,0,0.9590907096862793,0.21485042572021484,0.1554417610168457,0.41978136883353356,worker2,worker2,worker2,0,0.0,0.21485042572021484,0.0
model_1,1738,1,0.688612699508667,3,2,0,3,0.6412728428840637,0.5439882278442383,0.1446244716644287,0.21002295160635276,worker2->worker3->worker3,worker2,worker3,0,0.0,0.35825490951538086,0.18573331832885742
model_1,1739,1,0.5922188758850098,2,2,1,2,0.7010464668273926,0.450329065322876,0.1418898105621338,0.23959015212085932,worker2->worker3,worker2,worker3,0,0.0,0.36513686180114746,0.08519220352172852
model_1,1740,1,0.31218934059143066,3,5,0,0,0.6259307265281677,0.22661900520324707,0.0855703353881836,0.2740975563934178,worker2,worker2,worker2,0,0.0,0.22661900520324707,0.0
model_1,1741,1,0.3059816360473633,9,1,0,0,0.9556105136871338,0.2215282917022705,0.08445334434509277,0.2760078854275429,worker2,worker2,worker2,0,0.0,0.2215282917022705,0.0
model_1,1742,1,0.4842703342437744,3,2,0,1,0.7276085615158081,0.3985145092010498,0.08575582504272461,0.17708254868974985,worker2,worker2,worker2,0,0.0,0.3985145092010498,0.0
model_1,1743,1,0.453704833984375,7,6,0,1,0.8782965540885925,0.3696916103363037,0.08401322364807129,0.18517154183762696,worker2,worker2,worker2,0,0.0,0.3696916103363037,0.0
model_1,1744,1,0.5560441017150879,5,6,0,2,0.9833472371101379,0.40813183784484863,0.14791226387023926,0.2660081518966066,worker2->worker3,worker2,worker3,0,0.0,0.32326459884643555,0.08486723899841309
model_1,1745,1,0.3107337951660156,0,0,1,0,0.7867236137390137,0.22450709342956543,0.0862267017364502,0.2774938004100323,worker2,worker2,worker2,0,0.0,0.22450709342956543,0.0
model_1,1746,1,0.43979811668395996,3,5,0,1,0.82499760389328,0.35200047492980957,0.08779764175415039,0.1996316910498323,worker2,worker2,worker2,0,0.0,0.35200047492980957,0.0
model_1,1747,1,0.4639565944671631,3,7,0,1,0.9912800192832947,0.376936674118042,0.0870199203491211,0.18756047739565,worker2,worker2,worker2,0,0.0,0.376936674118042,0.0
model_1,1748,1,0.3466503620147705,6,6,1,0,0.7767417430877686,0.25736021995544434,0.08929014205932617,0.25757983214084046,worker2,worker2,worker2,0,0.0,0.25736021995544434,0.0
model_1,1749,1,0.4065072536468506,9,9,1,0,0.9717594981193542,0.2563459873199463,0.1501612663269043,0.3693938176496981,worker2,worker2,worker2,0,0.0,0.2563459873199463,0.0
model_1,1750,1,0.6020267009735107,0,0,1,1,0.9926257729530334,0.48287487030029297,0.11915183067321777,0.1979178506211479,worker2,worker2,worker2,0,0.0,0.48287487030029297,0.0
model_1,1751,1,0.4310119152069092,6,6,1,0,0.9264715909957886,0.3329339027404785,0.09807801246643066,0.22755290284573196,worker2,worker2,worker2,0,0.0,0.3329339027404785,0.0
model_1,1752,1,0.6808326244354248,8,1,0,3,0.5235583186149597,0.50315260887146,0.17768001556396484,0.2609745907980021,worker2->worker3->worker3,worker2,worker3,0,0.0,0.3150465488433838,0.18810606002807617
model_1,1753,1,0.5525481700897217,1,1,1,2,0.795357882976532,0.41402149200439453,0.13852667808532715,0.2507051612583089,worker2->worker3,worker2,worker3,0,0.0,0.32179760932922363,0.0922238826751709
model_1,1754,1,0.3408024311065674,7,7,1,0,0.6546367406845093,0.2586696147918701,0.08213281631469727,0.24099832870327942,worker2,worker2,worker2,0,0.0,0.2586696147918701,0.0
model_1,1755,1,0.3091578483581543,0,0,1,0,0.9064449667930603,0.21683764457702637,0.09232020378112793,0.29861834099122236,worker2,worker2,worker2,0,0.0,0.21683764457702637,0.0
model_1,1756,1,0.4216182231903076,7,7,1,0,0.5444299578666687,0.31225085258483887,0.10936737060546875,0.25939905959924114,worker2,worker2,worker2,0,0.0,0.31225085258483887,0.0
model_1,1757,1,0.3016178607940674,8,8,1,0,0.7373992800712585,0.21230792999267578,0.0893099308013916,0.2961029249602989,worker2,worker2,worker2,0,0.0,0.21230792999267578,0.0
model_1,1758,1,0.3182711601257324,8,7,0,0,0.9089151620864868,0.2286059856414795,0.08966517448425293,0.28172572861716677,worker2,worker2,worker2,0,0.0,0.2286059856414795,0.0
model_1,1759,1,0.37033653259277344,4,4,1,0,0.8377131223678589,0.21571612358093262,0.15462040901184082,0.4175132491772377,worker2,worker2,worker2,0,0.0,0.21571612358093262,0.0
model_1,1760,1,0.42911553382873535,2,2,1,1,0.9686550498008728,0.3437502384185791,0.08536529541015625,0.1989331279818606,worker2,worker2,worker2,0,0.0,0.3437502384185791,0.0
model_1,1761,1,0.4153707027435303,0,0,1,0,0.9351568222045898,0.2577347755432129,0.15763592720031738,0.37950660978044315,worker2,worker2,worker2,0,0.0,0.2577347755432129,0.0
model_1,1762,1,0.701479434967041,4,7,0,3,0.8078747391700745,0.5519235134124756,0.14955592155456543,0.2132007213605518,worker2->worker3->worker3,worker2,worker3,0,0.0,0.36402010917663574,0.18790340423583984
model_1,1763,1,0.3087928295135498,9,9,1,0,0.9528766870498657,0.2208726406097412,0.0879201889038086,0.284722249031209,worker2,worker2,worker2,0,0.0,0.2208726406097412,0.0
model_1,1764,1,0.29748106002807617,2,4,0,0,0.9427695870399475,0.21406888961791992,0.08341217041015625,0.2803948943918777,worker2,worker2,worker2,0,0.0,0.21406888961791992,0.0
model_1,1765,1,0.3087656497955322,2,2,1,0,0.9372752904891968,0.22399473190307617,0.08477091789245605,0.2745477612182321,worker2,worker2,worker2,0,0.0,0.22399473190307617,0.0
model_1,1766,1,0.30000996589660645,3,3,1,0,0.885375440120697,0.21490001678466797,0.08510994911193848,0.2836904062756043,worker2,worker2,worker2,0,0.0,0.21490001678466797,0.0
model_1,1767,1,0.5776801109313965,0,0,1,2,0.8637033104896545,0.439084529876709,0.1385955810546875,0.23991752257357304,worker2->worker3,worker2,worker3,0,0.0,0.35659170150756836,0.08249282836914062
model_1,1768,1,0.40994691848754883,7,7,1,1,0.9968055486679077,0.3263676166534424,0.08357930183410645,0.20387835123255102,worker2,worker2,worker2,0,0.0,0.3263676166534424,0.0
model_1,1769,1,0.35557126998901367,7,7,1,0,0.7706007361412048,0.2685985565185547,0.08697271347045898,0.24459994608998145,worker2,worker2,worker2,0,0.0,0.2685985565185547,0.0
model_1,1770,1,0.45047569274902344,6,6,1,0,0.9698076248168945,0.278369665145874,0.17210602760314941,0.38205397177564476,worker2,worker2,worker2,0,0.0,0.278369665145874,0.0
model_1,1771,1,0.4098517894744873,4,4,1,0,0.7057870626449585,0.2941763401031494,0.11567544937133789,0.2822372680613574,worker2,worker2,worker2,0,0.0,0.2941763401031494,0.0
model_1,1772,1,0.5075552463531494,4,4,1,1,0.9997715353965759,0.4248466491699219,0.08270859718322754,0.16295486605152756,worker2,worker2,worker2,0,0.0,0.4248466491699219,0.0
model_1,1773,1,0.5473983287811279,5,2,0,2,0.7666460871696472,0.4080634117126465,0.13933491706848145,0.25454026755750875,worker2->worker3,worker2,worker3,0,0.0,0.32213830947875977,0.08592510223388672
model_1,1774,1,0.6926624774932861,3,5,0,1,0.9982693195343018,0.5299031734466553,0.16275930404663086,0.2349763547689913,worker2,worker2,worker2,0,0.0,0.5299031734466553,0.0
model_1,1775,1,0.4409151077270508,9,9,1,0,0.9761548042297363,0.3360865116119385,0.1048285961151123,0.23775233435640544,worker2,worker2,worker2,0,0.0,0.3360865116119385,0.0
model_1,1776,1,0.3712468147277832,6,6,1,0,0.9818949103355408,0.2597622871398926,0.11148452758789062,0.3002976003164813,worker2,worker2,worker2,0,0.0,0.2597622871398926,0.0
model_1,1777,1,0.33797192573547363,7,4,0,0,0.9806674718856812,0.2566399574279785,0.08133196830749512,0.24064711330831848,worker2,worker2,worker2,0,0.0,0.2566399574279785,0.0
model_1,1778,1,0.2968406677246094,1,8,0,0,0.858575165271759,0.21532726287841797,0.0815134048461914,0.27460322559917755,worker2,worker2,worker2,0,0.0,0.21532726287841797,0.0
model_1,1779,1,0.32079458236694336,4,4,1,0,0.9458763003349304,0.23692917823791504,0.08386540412902832,0.26143023834828427,worker2,worker2,worker2,0,0.0,0.23692917823791504,0.0
model_1,1780,1,0.35863518714904785,7,7,1,0,0.9970554113388062,0.2758333683013916,0.08280181884765625,0.23088035367049478,worker2,worker2,worker2,0,0.0,0.2758333683013916,0.0
model_1,1781,1,0.4544675350189209,3,3,1,1,0.7827802300453186,0.36878037452697754,0.08568716049194336,0.18854407386520125,worker2,worker2,worker2,0,0.0,0.36878037452697754,0.0
model_1,1782,1,0.4077932834625244,4,4,1,1,0.8532956838607788,0.3242776393890381,0.08351564407348633,0.2047989691354524,worker2,worker2,worker2,0,0.0,0.3242776393890381,0.0
model_1,1783,1,0.3906373977661133,6,6,1,0,0.9253420829772949,0.23974847793579102,0.15088891983032227,0.386263375429979,worker2,worker2,worker2,0,0.0,0.23974847793579102,0.0
model_1,1784,1,0.5996429920196533,7,7,1,2,0.789166271686554,0.45739316940307617,0.14224982261657715,0.23722418924211308,worker2->worker3,worker2,worker3,0,0.0,0.36889171600341797,0.0885014533996582
model_1,1785,1,0.44366002082824707,1,1,1,1,0.902215838432312,0.34963107109069824,0.09402894973754883,0.21193919966466848,worker2,worker2,worker2,0,0.0,0.34963107109069824,0.0
model_1,1786,1,0.3038971424102783,1,1,1,0,0.581649124622345,0.21148419380187988,0.09241294860839844,0.304092851533417,worker2,worker2,worker2,0,0.0,0.21148419380187988,0.0
model_1,1787,1,0.29840564727783203,0,0,1,0,0.7010943293571472,0.21344447135925293,0.0849611759185791,0.2847170510800541,worker2,worker2,worker2,0,0.0,0.21344447135925293,0.0
model_1,1788,1,0.5896401405334473,2,2,1,2,0.9686177968978882,0.4465324878692627,0.14310765266418457,0.24270337588400123,worker2->worker3,worker2,worker3,0,0.0,0.3628549575805664,0.08367753028869629
model_1,1789,1,0.3466360569000244,3,3,1,0,0.9115508794784546,0.2152872085571289,0.1313488483428955,0.378924366719238,worker2,worker2,worker2,0,0.0,0.2152872085571289,0.0
model_1,1790,1,0.4184703826904297,4,4,1,0,0.8259879350662231,0.2566840648651123,0.16178631782531738,0.3866135442732191,worker2,worker2,worker2,0,0.0,0.2566840648651123,0.0
model_1,1791,1,0.3395211696624756,8,8,1,0,0.9964662790298462,0.23911333084106445,0.10040783882141113,0.29573366197232553,worker2,worker2,worker2,0,0.0,0.23911333084106445,0.0
model_1,1792,1,0.363849401473999,6,6,1,0,0.9771362543106079,0.21140289306640625,0.15244650840759277,0.41898243556266157,worker2,worker2,worker2,0,0.0,0.21140289306640625,0.0
model_1,1793,1,0.48091936111450195,6,6,1,0,0.9874275922775269,0.31882452964782715,0.1620948314666748,0.33705199784643664,worker2,worker2,worker2,0,0.0,0.31882452964782715,0.0
model_1,1794,1,0.35275769233703613,6,6,1,0,0.8051875829696655,0.24980425834655762,0.10295343399047852,0.29185312248871803,worker2,worker2,worker2,0,0.0,0.24980425834655762,0.0
model_1,1795,1,0.4095473289489746,6,6,1,1,0.9930194020271301,0.3239598274230957,0.0855875015258789,0.20898073427929065,worker2,worker2,worker2,0,0.0,0.3239598274230957,0.0
model_1,1796,1,0.33524632453918457,5,5,1,0,0.9535663723945618,0.25443053245544434,0.08081579208374023,0.24106391679260378,worker2,worker2,worker2,0,0.0,0.25443053245544434,0.0
model_1,1797,1,0.44808244705200195,4,4,1,0,0.8002904057502747,0.2970125675201416,0.15106987953186035,0.33714750605780375,worker2,worker2,worker2,0,0.0,0.2970125675201416,0.0
model_1,1798,1,0.3526601791381836,2,2,1,0,0.9066725373268127,0.2578909397125244,0.09476923942565918,0.2687267943243616,worker2,worker2,worker2,0,0.0,0.2578909397125244,0.0
model_1,1799,1,0.3067631721496582,8,8,1,0,0.9835582375526428,0.21021723747253418,0.09654593467712402,0.31472465876713157,worker2,worker2,worker2,0,0.0,0.21021723747253418,0.0
model_1,1800,1,0.4531748294830322,9,9,1,1,0.9985526204109192,0.36571192741394043,0.0874629020690918,0.19300035301798812,worker2,worker2,worker2,0,0.0,0.36571192741394043,0.0
model_1,1801,1,0.3192484378814697,9,9,1,0,0.9617854356765747,0.20810198783874512,0.11114645004272461,0.34815033326487554,worker2,worker2,worker2,0,0.0,0.20810198783874512,0.0
model_1,1802,1,0.4114673137664795,1,1,1,0,0.9942241311073303,0.25765013694763184,0.15381717681884766,0.3738259921811036,worker2,worker2,worker2,0,0.0,0.25765013694763184,0.0
model_1,1803,1,0.70367431640625,6,0,0,3,0.598260760307312,0.5555720329284668,0.1481022834777832,0.21046992909185533,worker2->worker3->worker3,worker2,worker3,0,0.0,0.3666248321533203,0.18894720077514648
model_1,1804,1,0.507899284362793,0,0,1,1,0.9686385989189148,0.4189720153808594,0.0889272689819336,0.1750883919702725,worker2,worker2,worker2,0,0.0,0.4189720153808594,0.0
model_1,1805,1,0.38669824600219727,9,9,1,0,0.9118841886520386,0.27499866485595703,0.11169958114624023,0.28885463614336004,worker2,worker2,worker2,0,0.0,0.27499866485595703,0.0
model_1,1806,1,0.35059642791748047,4,4,1,0,0.7852674722671509,0.26544928550720215,0.08514714241027832,0.24286369064296148,worker2,worker2,worker2,0,0.0,0.26544928550720215,0.0
model_1,1807,1,0.49898838996887207,9,8,0,1,0.9773889780044556,0.4139213562011719,0.0850670337677002,0.1704789840360952,worker2,worker2,worker2,0,0.0,0.4139213562011719,0.0
model_1,1808,1,0.31267571449279785,1,1,1,0,0.9734611511230469,0.218369722366333,0.09430599212646484,0.30160958384453324,worker2,worker2,worker2,0,0.0,0.218369722366333,0.0
model_1,1809,1,0.3831312656402588,6,6,1,0,0.9316254258155823,0.2943265438079834,0.08880472183227539,0.23178667416732993,worker2,worker2,worker2,0,0.0,0.2943265438079834,0.0
model_1,1810,1,0.43593692779541016,8,8,1,0,0.971230149269104,0.2835855484008789,0.15235137939453125,0.3494803254337549,worker2,worker2,worker2,0,0.0,0.2835855484008789,0.0
model_1,1811,1,0.31416821479797363,8,8,1,0,0.8438474535942078,0.221099853515625,0.09306836128234863,0.2962373559724888,worker2,worker2,worker2,0,0.0,0.221099853515625,0.0
model_1,1812,1,0.36388659477233887,2,2,1,0,0.9958612322807312,0.27495741844177246,0.0889291763305664,0.2443870634646595,worker2,worker2,worker2,0,0.0,0.27495741844177246,0.0
model_1,1813,1,0.45445823669433594,3,5,0,1,0.8760392665863037,0.36946749687194824,0.0849907398223877,0.18701551200963626,worker2,worker2,worker2,0,0.0,0.36946749687194824,0.0
model_1,1814,1,0.4786853790283203,0,0,1,1,0.9830158352851868,0.39252400398254395,0.08616137504577637,0.17999583613912476,worker2,worker2,worker2,0,0.0,0.39252400398254395,0.0
model_1,1815,1,0.6864092350006104,3,3,1,1,0.9989534616470337,0.5284152030944824,0.15799403190612793,0.23017468858207807,worker2,worker2,worker2,0,0.0,0.5284152030944824,0.0
model_1,1816,1,0.5299644470214844,3,3,1,1,0.7918968796730042,0.43362927436828613,0.09633517265319824,0.18177667048161986,worker2,worker2,worker2,0,0.0,0.43362927436828613,0.0
model_1,1817,1,0.47052955627441406,9,9,1,0,0.9112480878829956,0.35695433616638184,0.11357522010803223,0.24137744078672682,worker2,worker2,worker2,0,0.0,0.35695433616638184,0.0
model_1,1818,1,0.3619563579559326,8,8,1,0,0.9563647508621216,0.26358556747436523,0.09837079048156738,0.2717752798627281,worker2,worker2,worker2,0,0.0,0.26358556747436523,0.0
model_1,1819,1,0.34989404678344727,9,9,1,0,0.9927269220352173,0.2645113468170166,0.08538269996643066,0.2440244432603188,worker2,worker2,worker2,0,0.0,0.2645113468170166,0.0
model_1,1820,1,0.4613199234008789,4,4,1,1,0.9024940133094788,0.37250781059265137,0.08881211280822754,0.19251740127219993,worker2,worker2,worker2,0,0.0,0.37250781059265137,0.0
model_1,1821,1,0.31467676162719727,8,8,1,0,0.9219440817832947,0.21906137466430664,0.09561538696289062,0.3038527105352881,worker2,worker2,worker2,0,0.0,0.21906137466430664,0.0
model_1,1822,1,0.3525385856628418,6,6,1,0,0.9470726847648621,0.2666134834289551,0.08592510223388672,0.24373247561633757,worker2,worker2,worker2,0,0.0,0.2666134834289551,0.0
model_1,1823,1,0.35280942916870117,8,8,1,0,0.9898898601531982,0.2628026008605957,0.09000682830810547,0.2551145770683678,worker2,worker2,worker2,0,0.0,0.2628026008605957,0.0
model_1,1824,1,0.47267627716064453,6,6,1,0,0.9261679649353027,0.31662988662719727,0.15604639053344727,0.33013374707699383,worker2,worker2,worker2,0,0.0,0.31662988662719727,0.0
model_1,1825,1,0.42064452171325684,6,6,1,0,0.947594404220581,0.30826807022094727,0.11237645149230957,0.2671530132726033,worker2,worker2,worker2,0,0.0,0.30826807022094727,0.0
model_1,1826,1,0.3171870708465576,6,6,1,0,0.8893921375274658,0.2296769618988037,0.0875101089477539,0.27589431282363897,worker2,worker2,worker2,0,0.0,0.2296769618988037,0.0
model_1,1827,1,0.40761232376098633,2,2,1,1,0.6850305199623108,0.3224213123321533,0.08519101142883301,0.20900008773725617,worker2,worker2,worker2,0,0.0,0.3224213123321533,0.0
model_1,1828,1,0.29673147201538086,4,4,1,0,0.792890727519989,0.21297740936279297,0.08375406265258789,0.28225540783974057,worker2,worker2,worker2,0,0.0,0.21297740936279297,0.0
model_1,1829,1,0.34213900566101074,7,3,0,0,0.5076311230659485,0.2573273181915283,0.08481168746948242,0.24788663691129484,worker2,worker2,worker2,0,0.0,0.2573273181915283,0.0
model_1,1830,1,0.3384873867034912,6,6,1,0,0.8792210817337036,0.2078845500946045,0.13060283660888672,0.38584255053288713,worker2,worker2,worker2,0,0.0,0.2078845500946045,0.0
model_1,1831,1,0.34643054008483887,8,8,1,0,0.777251124382019,0.23394775390625,0.11248278617858887,0.3246907335336038,worker2,worker2,worker2,0,0.0,0.23394775390625,0.0
model_1,1832,1,0.46792149543762207,4,4,1,1,0.9998831748962402,0.3775460720062256,0.09037542343139648,0.19314227773800638,worker2,worker2,worker2,0,0.0,0.3775460720062256,0.0
model_1,1833,1,0.3382985591888428,4,5,0,0,0.8758665919303894,0.24279046058654785,0.09550809860229492,0.2823189635548552,worker2,worker2,worker2,0,0.0,0.24279046058654785,0.0
model_1,1834,1,0.34253525733947754,9,9,1,0,0.9587357640266418,0.20412921905517578,0.13840603828430176,0.40406362649883726,worker2,worker2,worker2,0,0.0,0.20412921905517578,0.0
model_1,1835,1,0.4142153263092041,7,7,1,1,0.8669686317443848,0.32788610458374023,0.08632922172546387,0.2084162903741053,worker2,worker2,worker2,0,0.0,0.32788610458374023,0.0
model_1,1836,1,0.4786660671234131,8,8,1,0,0.9887287616729736,0.31151437759399414,0.16715168952941895,0.3492031313895554,worker2,worker2,worker2,0,0.0,0.31151437759399414,0.0
model_1,1837,1,0.344240665435791,6,6,1,0,0.9846115708351135,0.24308538436889648,0.10115528106689453,0.2938504692315684,worker2,worker2,worker2,0,0.0,0.24308538436889648,0.0
model_1,1838,1,0.37043166160583496,9,9,1,0,0.9957952499389648,0.2835991382598877,0.08683252334594727,0.23440902154401452,worker2,worker2,worker2,0,0.0,0.2835991382598877,0.0
model_1,1839,1,0.5650198459625244,4,4,1,1,0.9679613709449768,0.4699976444244385,0.09502220153808594,0.16817498043137477,worker2,worker2,worker2,0,0.0,0.4699976444244385,0.0
model_1,1840,1,0.37780189514160156,6,6,1,0,0.8699149489402771,0.2794041633605957,0.09839773178100586,0.26044795710758945,worker2,worker2,worker2,0,0.0,0.2794041633605957,0.0
model_1,1841,1,0.4667494297027588,6,6,1,0,0.7924689054489136,0.308518648147583,0.15823078155517578,0.33900583800593453,worker2,worker2,worker2,0,0.0,0.308518648147583,0.0
model_1,1842,1,0.4129519462585449,3,3,1,0,0.7524174451828003,0.3047158718109131,0.10823607444763184,0.26210331596274,worker2,worker2,worker2,0,0.0,0.3047158718109131,0.0
model_1,1843,1,0.4891226291656494,3,3,1,1,0.9543235301971436,0.398759126663208,0.0903635025024414,0.18474610887781748,worker2,worker2,worker2,0,0.0,0.398759126663208,0.0
model_1,1844,1,0.3582117557525635,5,3,0,0,0.9494333267211914,0.2569465637207031,0.10126519203186035,0.2826964509277852,worker2,worker2,worker2,0,0.0,0.2569465637207031,0.0
model_1,1845,1,0.3890347480773926,9,9,1,0,0.7046113610267639,0.23504233360290527,0.1539924144744873,0.3958320310345462,worker2,worker2,worker2,0,0.0,0.23504233360290527,0.0
model_1,1846,1,0.3972816467285156,9,9,1,0,0.9987335801124573,0.307891845703125,0.08938980102539062,0.22500360074895578,worker2,worker2,worker2,0,0.0,0.307891845703125,0.0
model_1,1847,1,0.40496373176574707,6,6,1,1,0.9453852772712708,0.3213825225830078,0.08358120918273926,0.20639183864269395,worker2,worker2,worker2,0,0.0,0.3213825225830078,0.0
model_1,1848,1,0.4088246822357178,1,1,1,1,0.9974896907806396,0.3249475955963135,0.0838770866394043,0.20516639597372188,worker2,worker2,worker2,0,0.0,0.3249475955963135,0.0
model_1,1849,1,0.5585591793060303,9,1,0,1,0.7913508415222168,0.4677755832672119,0.09078359603881836,0.16253174131272977,worker2,worker2,worker2,0,0.0,0.4677755832672119,0.0
model_1,1850,1,0.33205747604370117,4,4,1,0,0.8034778237342834,0.23192858695983887,0.1001288890838623,0.3015408364746006,worker2,worker2,worker2,0,0.0,0.23192858695983887,0.0
model_1,1851,1,0.3202250003814697,6,6,1,0,0.9941253662109375,0.23597073554992676,0.08425426483154297,0.2631095783626345,worker2,worker2,worker2,0,0.0,0.23597073554992676,0.0
model_1,1852,1,0.7019305229187012,2,2,1,3,0.7698054909706116,0.559335470199585,0.1425950527191162,0.2031469612208783,worker2->worker3->worker3,worker2,worker3,0,0.0,0.3609590530395508,0.19837641716003418
model_1,1853,1,0.6896908283233643,8,8,1,3,0.8226637244224548,0.5491106510162354,0.1405801773071289,0.20383071882930323,worker2->worker3->worker3,worker2,worker3,0,0.0,0.3634209632873535,0.18568968772888184
model_1,1854,1,0.4721412658691406,3,1,0,1,0.7001277804374695,0.38450121879577637,0.08764004707336426,0.18562251048323894,worker2,worker2,worker2,0,0.0,0.38450121879577637,0.0
model_1,1855,1,0.3609907627105713,5,5,1,0,0.8092418909072876,0.2068498134613037,0.15414094924926758,0.4269941648696755,worker2,worker2,worker2,0,0.0,0.2068498134613037,0.0
model_1,1856,1,0.37064361572265625,9,9,1,0,0.8476322889328003,0.21009111404418945,0.1605525016784668,0.4331721763652457,worker2,worker2,worker2,0,0.0,0.21009111404418945,0.0
model_1,1857,1,0.4323699474334717,3,3,1,1,0.7032268047332764,0.3458237648010254,0.08654618263244629,0.2001669707762542,worker2,worker2,worker2,0,0.0,0.3458237648010254,0.0
model_1,1858,1,0.399533748626709,3,6,0,0,0.7391064167022705,0.23991680145263672,0.15961694717407227,0.3995080458727531,worker2,worker2,worker2,0,0.0,0.23991680145263672,0.0
model_1,1859,1,0.32071495056152344,7,7,1,0,0.9686294198036194,0.23280048370361328,0.08791446685791016,0.27412026381677934,worker2,worker2,worker2,0,0.0,0.23280048370361328,0.0
model_1,1860,1,0.2976348400115967,2,2,1,0,0.8397606611251831,0.21272683143615723,0.08490800857543945,0.2852757713852693,worker2,worker2,worker2,0,0.0,0.21272683143615723,0.0
model_1,1861,1,0.45607519149780273,7,7,1,1,0.9996211528778076,0.3711864948272705,0.08488869667053223,0.1861287310799522,worker2,worker2,worker2,0,0.0,0.3711864948272705,0.0
model_1,1862,1,0.37427735328674316,8,8,1,0,0.9788884520530701,0.20991754531860352,0.16435980796813965,0.4391390676587892,worker2,worker2,worker2,0,0.0,0.20991754531860352,0.0
model_1,1863,1,0.6389369964599609,2,2,1,2,0.6087788939476013,0.4869842529296875,0.15195274353027344,0.2378211691796995,worker2->worker3,worker2,worker3,0,0.0,0.38675880432128906,0.10022544860839844
model_1,1864,1,0.30799293518066406,7,7,1,0,0.8595761656761169,0.22065401077270508,0.08733892440795898,0.28357444094205364,worker2,worker2,worker2,0,0.0,0.22065401077270508,0.0
model_1,1865,1,0.6999285221099854,7,0,0,3,0.7059827446937561,0.5488994121551514,0.15102910995483398,0.21577790472025024,worker2->worker3->worker3,worker2,worker3,0,0.0,0.3630247116088867,0.18587470054626465
model_1,1866,1,0.33995747566223145,7,9,0,0,0.9097853899002075,0.2563786506652832,0.08357882499694824,0.24585082247165796,worker2,worker2,worker2,0,0.0,0.2563786506652832,0.0
model_1,1867,1,0.30167460441589355,3,3,1,0,0.8470706343650818,0.21697735786437988,0.08469724655151367,0.2807569656567732,worker2,worker2,worker2,0,0.0,0.21697735786437988,0.0
model_1,1868,1,0.449984073638916,4,4,1,1,0.9675742983818054,0.3663673400878906,0.08361673355102539,0.18582154002659787,worker2,worker2,worker2,0,0.0,0.3663673400878906,0.0
model_1,1869,1,0.703387975692749,2,5,0,3,0.9710325002670288,0.5566842555999756,0.14670372009277344,0.20856728457475926,worker2->worker3->worker3,worker2,worker3,0,0.0,0.3691248893737793,0.1875593662261963
model_1,1870,1,0.2989206314086914,7,7,1,0,0.9997122883796692,0.2151327133178711,0.08378791809082031,0.2803015559547092,worker2,worker2,worker2,0,0.0,0.2151327133178711,0.0
model_1,1871,1,0.3005223274230957,5,5,1,0,0.9639618396759033,0.21651887893676758,0.08400344848632812,0.27952481669710477,worker2,worker2,worker2,0,0.0,0.21651887893676758,0.0
model_1,1872,1,0.4432106018066406,1,8,0,1,0.9848741888999939,0.3543870449066162,0.08882355690002441,0.2004093686792615,worker2,worker2,worker2,0,0.0,0.3543870449066162,0.0
model_1,1873,1,0.41577792167663574,4,4,1,0,0.9375747442245483,0.2590665817260742,0.15671133995056152,0.3769111628597757,worker2,worker2,worker2,0,0.0,0.2590665817260742,0.0
model_1,1874,1,0.5763237476348877,9,8,0,1,0.9778384566307068,0.4875802993774414,0.08874344825744629,0.1539819391819804,worker2,worker2,worker2,0,0.0,0.4875802993774414,0.0
model_1,1875,1,0.40987229347229004,8,8,1,0,0.9970070719718933,0.31392407417297363,0.0959482192993164,0.23409296219190068,worker2,worker2,worker2,0,0.0,0.31392407417297363,0.0
model_1,1876,1,0.766765832901001,4,3,0,3,0.7334305047988892,0.615985631942749,0.15078020095825195,0.19664439192313302,worker2->worker3->worker3,worker2,worker3,0,0.0,0.38089966773986816,0.23508596420288086
model_1,1877,1,0.422252893447876,4,6,0,0,0.8154835104942322,0.2603576183319092,0.1618952751159668,0.38340832621423254,worker2,worker2,worker2,0,0.0,0.2603576183319092,0.0
model_1,1878,1,0.36266565322875977,5,5,1,0,0.7951494455337524,0.26390600204467773,0.09875965118408203,0.2723159756233852,worker2,worker2,worker2,0,0.0,0.26390600204467773,0.0
model_1,1879,1,0.340789794921875,1,1,1,0,0.8583043813705444,0.2542855739593506,0.08650422096252441,0.2538345403868541,worker2,worker2,worker2,0,0.0,0.2542855739593506,0.0
model_1,1880,1,0.7099757194519043,3,3,1,3,0.9516903758049011,0.5660219192504883,0.14395380020141602,0.2027587652047414,worker2->worker3->worker3,worker2,worker3,0,0.0,0.3770749568939209,0.18894696235656738
model_1,1881,1,0.303142786026001,6,6,1,0,0.9125378131866455,0.21842622756958008,0.0847165584564209,0.279460908725549,worker2,worker2,worker2,0,0.0,0.21842622756958008,0.0
model_1,1882,1,0.4458491802215576,9,9,1,1,0.9843024015426636,0.3599426746368408,0.0859065055847168,0.19268064043995087,worker2,worker2,worker2,0,0.0,0.3599426746368408,0.0
model_1,1883,1,0.48091959953308105,7,7,1,1,0.9488661885261536,0.39487552642822266,0.0860440731048584,0.1789157131221051,worker2,worker2,worker2,0,0.0,0.39487552642822266,0.0
model_1,1884,1,0.3508009910583496,4,2,0,0,0.7836918830871582,0.2568533420562744,0.0939476490020752,0.26780896119660236,worker2,worker2,worker2,0,0.0,0.2568533420562744,0.0
model_1,1885,1,0.3738858699798584,4,4,1,0,0.9645751118659973,0.22242212295532227,0.15146374702453613,0.4051069034320437,worker2,worker2,worker2,0,0.0,0.22242212295532227,0.0
model_1,1886,1,0.5058615207672119,7,7,1,1,0.9853516221046448,0.42100954055786133,0.08485198020935059,0.16773756596599862,worker2,worker2,worker2,0,0.0,0.42100954055786133,0.0
model_1,1887,1,0.566641092300415,5,5,1,1,0.5990620851516724,0.46915221214294434,0.0974888801574707,0.17204696496982116,worker2,worker2,worker2,0,0.0,0.46915221214294434,0.0
model_1,1888,1,0.44342875480651855,5,5,1,0,0.915514349937439,0.3298959732055664,0.11353278160095215,0.25603387324416965,worker2,worker2,worker2,0,0.0,0.3298959732055664,0.0
model_1,1889,1,0.34914517402648926,7,7,1,0,0.7693396806716919,0.25575995445251465,0.09338521957397461,0.2674681665996322,worker2,worker2,worker2,0,0.0,0.25575995445251465,0.0
model_1,1890,1,0.45458388328552246,4,4,1,1,0.6180145144462585,0.37073302268981934,0.08385086059570312,0.18445629877959555,worker2,worker2,worker2,0,0.0,0.37073302268981934,0.0
model_1,1891,1,0.6024892330169678,5,3,0,1,0.6819021701812744,0.510622501373291,0.09186673164367676,0.1524786280140703,worker2,worker2,worker2,0,0.0,0.510622501373291,0.0
model_1,1892,1,0.4527311325073242,7,7,1,0,0.8513649702072144,0.351473331451416,0.1012578010559082,0.22365990272221906,worker2,worker2,worker2,0,0.0,0.351473331451416,0.0
model_1,1893,1,0.300703763961792,9,1,0,0,0.8598670363426208,0.2169055938720703,0.08379817008972168,0.278673499079876,worker2,worker2,worker2,0,0.0,0.2169055938720703,0.0
model_1,1894,1,0.5174365043640137,1,1,1,1,0.9922768473625183,0.43017101287841797,0.0872654914855957,0.16864966184180333,worker2,worker2,worker2,0,0.0,0.43017101287841797,0.0
model_1,1895,1,0.4305424690246582,6,6,1,0,0.9531242847442627,0.31606340408325195,0.11447906494140625,0.26589494225911026,worker2,worker2,worker2,0,0.0,0.31606340408325195,0.0
model_1,1896,1,0.3575310707092285,2,2,1,0,0.7667313814163208,0.2612338066101074,0.0962972640991211,0.26933956790971425,worker2,worker2,worker2,0,0.0,0.2612338066101074,0.0
model_1,1897,1,0.495131254196167,7,7,1,0,0.9530119895935059,0.33257532119750977,0.16255593299865723,0.32830876988883007,worker2,worker2,worker2,0,0.0,0.33257532119750977,0.0
model_1,1898,1,0.3563392162322998,7,7,1,0,0.9316104650497437,0.24236822128295898,0.11397099494934082,0.31983848467310544,worker2,worker2,worker2,0,0.0,0.24236822128295898,0.0
model_1,1899,1,0.33396196365356445,7,7,1,0,0.9924690127372742,0.2508237361907959,0.08313822746276855,0.24894519888801475,worker2,worker2,worker2,0,0.0,0.2508237361907959,0.0
model_1,1900,1,0.44666576385498047,4,4,1,1,0.9015055298805237,0.3642086982727051,0.08245706558227539,0.18460574383544387,worker2,worker2,worker2,0,0.0,0.3642086982727051,0.0
model_1,1901,1,0.4039175510406494,2,2,1,1,0.8614194989204407,0.32143568992614746,0.08248186111450195,0.2042046969783721,worker2,worker2,worker2,0,0.0,0.32143568992614746,0.0
model_1,1902,1,0.5322704315185547,6,6,1,0,0.8658854961395264,0.3738734722137451,0.15839695930480957,0.29758737274378905,worker2,worker2,worker2,0,0.0,0.3738734722137451,0.0
model_1,1903,1,0.45032405853271484,5,5,1,0,0.8179870843887329,0.3451812267303467,0.10514283180236816,0.23348259949724587,worker2,worker2,worker2,0,0.0,0.3451812267303467,0.0
model_1,1904,1,0.3003387451171875,9,9,1,0,0.986625075340271,0.21493101119995117,0.08540773391723633,0.2843713483716913,worker2,worker2,worker2,0,0.0,0.21493101119995117,0.0
model_1,1905,1,0.31192684173583984,9,8,0,0,0.8958423733711243,0.22760939598083496,0.08431744575500488,0.27031160667606297,worker2,worker2,worker2,0,0.0,0.22760939598083496,0.0
model_1,1906,1,0.39977550506591797,4,7,0,0,0.854514479637146,0.31301045417785645,0.08676505088806152,0.21703443504812797,worker2,worker2,worker2,0,0.0,0.31301045417785645,0.0
model_1,1907,1,0.43308448791503906,3,7,0,1,0.8523995280265808,0.34834957122802734,0.08473491668701172,0.19565447170584116,worker2,worker2,worker2,0,0.0,0.34834957122802734,0.0
model_1,1908,1,0.6548123359680176,8,8,1,3,0.818273663520813,0.5122275352478027,0.14258480072021484,0.2177491059471717,worker2->worker3->worker3,worker2,worker3,0,0.0,0.3239171504974365,0.1883103847503662
model_1,1909,1,0.5517034530639648,4,4,1,1,0.7790113091468811,0.4628114700317383,0.08889198303222656,0.16112275995111522,worker2,worker2,worker2,0,0.0,0.4628114700317383,0.0
model_1,1910,1,0.3518812656402588,2,2,1,0,0.7738102674484253,0.25843024253845215,0.09345102310180664,0.2655754432728029,worker2,worker2,worker2,0,0.0,0.25843024253845215,0.0
model_1,1911,1,0.3635540008544922,6,6,1,0,0.9860767126083374,0.2781562805175781,0.08539772033691406,0.23489693453021138,worker2,worker2,worker2,0,0.0,0.2781562805175781,0.0
model_1,1912,1,0.40288472175598145,8,8,1,0,0.9041509032249451,0.3187141418457031,0.08417057991027832,0.20891976132383253,worker2,worker2,worker2,0,0.0,0.3187141418457031,0.0
model_1,1913,1,0.37278079986572266,1,1,1,0,0.9968687891960144,0.25665926933288574,0.11612153053283691,0.31150083527548744,worker2,worker2,worker2,0,0.0,0.25665926933288574,0.0
model_1,1914,1,0.5027506351470947,4,4,1,1,0.7936490178108215,0.41661524772644043,0.0861353874206543,0.1713282518190212,worker2,worker2,worker2,0,0.0,0.41661524772644043,0.0
model_1,1915,1,0.3522465229034424,8,8,1,0,0.9114236235618591,0.26389312744140625,0.08835339546203613,0.25082829699430564,worker2,worker2,worker2,0,0.0,0.26389312744140625,0.0
model_1,1916,1,0.3049776554107666,6,6,1,0,0.8709195852279663,0.22071409225463867,0.08426356315612793,0.27629421913758073,worker2,worker2,worker2,0,0.0,0.22071409225463867,0.0
model_1,1917,1,0.6230373382568359,2,2,1,2,0.9994669556617737,0.4780731201171875,0.14496421813964844,0.23267340372446432,worker2->worker3,worker2,worker3,0,0.0,0.3941788673400879,0.08389425277709961
model_1,1918,1,0.3475990295410156,6,6,1,0,0.9252210259437561,0.21608328819274902,0.1315157413482666,0.378354742595011,worker2,worker2,worker2,0,0.0,0.21608328819274902,0.0
model_1,1919,1,0.41636037826538086,0,0,1,0,0.9423198103904724,0.26237940788269043,0.15398097038269043,0.3698261852489375,worker2,worker2,worker2,0,0.0,0.26237940788269043,0.0
model_1,1920,1,0.34171485900878906,9,9,1,0,0.9756407737731934,0.2441413402557373,0.09757351875305176,0.28554075475700086,worker2,worker2,worker2,0,0.0,0.2441413402557373,0.0
model_1,1921,1,0.3455376625061035,9,9,1,0,0.8816770911216736,0.2523469924926758,0.09319067001342773,0.26969757605448186,worker2,worker2,worker2,0,0.0,0.2523469924926758,0.0
model_1,1922,1,0.3907289505004883,0,0,1,0,0.8692260980606079,0.2485816478729248,0.14214730262756348,0.3638002826396296,worker2,worker2,worker2,0,0.0,0.2485816478729248,0.0
model_1,1923,1,0.5818414688110352,6,2,0,1,0.9792320728302002,0.4891092777252197,0.09273219108581543,0.15937707443800658,worker2,worker2,worker2,0,0.0,0.4891092777252197,0.0
model_1,1924,1,0.3811018466949463,7,7,1,0,0.860777735710144,0.27277541160583496,0.10832643508911133,0.2842453691278527,worker2,worker2,worker2,0,0.0,0.27277541160583496,0.0
model_1,1925,1,0.5074636936187744,0,0,1,1,0.8941956162452698,0.42040514945983887,0.08705854415893555,0.17155620245088343,worker2,worker2,worker2,0,0.0,0.42040514945983887,0.0
model_1,1926,1,0.4028201103210449,3,3,1,1,0.5328146815299988,0.3182563781738281,0.0845637321472168,0.20992927110769138,worker2,worker2,worker2,0,0.0,0.3182563781738281,0.0
model_1,1927,1,0.31500816345214844,6,6,1,0,0.6500727534294128,0.2158653736114502,0.09914278984069824,0.3147308588901335,worker2,worker2,worker2,0,0.0,0.2158653736114502,0.0
model_1,1928,1,0.35424065589904785,5,5,1,0,0.8104494214057922,0.264420747756958,0.08981990814208984,0.2535561817830613,worker2,worker2,worker2,0,0.0,0.264420747756958,0.0
model_1,1929,1,0.4831078052520752,3,3,1,1,0.984432578086853,0.3974449634552002,0.085662841796875,0.17731620326891218,worker2,worker2,worker2,0,0.0,0.3974449634552002,0.0
model_1,1930,1,0.389296293258667,9,9,1,0,0.8521648049354553,0.23253679275512695,0.15675950050354004,0.4026740126173808,worker2,worker2,worker2,0,0.0,0.23253679275512695,0.0
model_1,1931,1,0.3519136905670166,1,1,1,0,0.9929037690162659,0.2665274143218994,0.08538627624511719,0.24263414164859456,worker2,worker2,worker2,0,0.0,0.2665274143218994,0.0
model_1,1932,1,0.3490936756134033,1,1,1,0,0.643753707408905,0.26075172424316406,0.08834195137023926,0.25306087603853283,worker2,worker2,worker2,0,0.0,0.26075172424316406,0.0
model_1,1933,1,0.4204244613647461,5,5,1,1,0.575481653213501,0.3346569538116455,0.08576750755310059,0.20400218216297264,worker2,worker2,worker2,0,0.0,0.3346569538116455,0.0
model_1,1934,1,0.314389705657959,9,9,1,0,0.9723881483078003,0.22168421745300293,0.09270548820495605,0.29487443938706825,worker2,worker2,worker2,0,0.0,0.22168421745300293,0.0
model_1,1935,1,0.34618139266967773,2,2,1,0,0.6758894324302673,0.2627732753753662,0.08340811729431152,0.24093760976315265,worker2,worker2,worker2,0,0.0,0.2627732753753662,0.0
model_1,1936,1,0.623215913772583,8,8,1,2,0.9461340308189392,0.4802374839782715,0.14297842979431152,0.22942037684629088,worker2->worker3,worker2,worker3,0,0.0,0.3964824676513672,0.0837550163269043
model_1,1937,1,0.3065323829650879,8,8,1,0,0.9305132627487183,0.2206869125366211,0.0858454704284668,0.2800535121218956,worker2,worker2,worker2,0,0.0,0.2206869125366211,0.0
model_1,1938,1,0.3421628475189209,3,3,1,0,0.7804386615753174,0.2547013759613037,0.08746147155761719,0.25561358339110957,worker2,worker2,worker2,0,0.0,0.2547013759613037,0.0
model_1,1939,1,0.5966737270355225,5,5,1,1,0.7840188145637512,0.5036189556121826,0.09305477142333984,0.15595587204026481,worker2,worker2,worker2,0,0.0,0.5036189556121826,0.0
model_1,1940,1,0.3566725254058838,7,3,0,0,0.6617220044136047,0.2529911994934082,0.10368132591247559,0.290690531305962,worker2,worker2,worker2,0,0.0,0.2529911994934082,0.0
model_1,1941,1,0.3374636173248291,0,0,1,0,0.9483739137649536,0.25329041481018066,0.08417320251464844,0.2494289700973206,worker2,worker2,worker2,0,0.0,0.25329041481018066,0.0
model_1,1942,1,0.3414463996887207,9,1,0,0,0.9057693481445312,0.25838398933410645,0.08306241035461426,0.24326632358794242,worker2,worker2,worker2,0,0.0,0.25838398933410645,0.0
model_1,1943,1,0.31723737716674805,9,9,1,0,0.9959259033203125,0.23174476623535156,0.08549261093139648,0.26949097768659014,worker2,worker2,worker2,0,0.0,0.23174476623535156,0.0
model_1,1944,1,0.31284022331237793,6,3,0,0,0.7298054099082947,0.2269906997680664,0.08584952354431152,0.27441971059644993,worker2,worker2,worker2,0,0.0,0.2269906997680664,0.0
model_1,1945,1,0.42128658294677734,6,6,1,1,0.9855766892433167,0.3335878849029541,0.08769869804382324,0.20816874211942926,worker2,worker2,worker2,0,0.0,0.3335878849029541,0.0
model_1,1946,1,0.5050067901611328,3,3,1,1,0.9770270586013794,0.4174494743347168,0.08755731582641602,0.17337849219508325,worker2,worker2,worker2,0,0.0,0.4174494743347168,0.0
model_1,1947,1,0.3644392490386963,6,6,1,0,0.8974407911300659,0.2769348621368408,0.08750438690185547,0.2401069235343645,worker2,worker2,worker2,0,0.0,0.2769348621368408,0.0
model_1,1948,1,0.4102132320404053,4,4,1,1,0.983470618724823,0.32461094856262207,0.0856022834777832,0.20867752864040118,worker2,worker2,worker2,0,0.0,0.32461094856262207,0.0
model_1,1949,1,0.6157937049865723,6,2,0,1,0.8968899250030518,0.529083251953125,0.08671045303344727,0.140810879246221,worker2,worker2,worker2,0,0.0,0.529083251953125,0.0
model_1,1950,1,0.4001452922821045,0,1,0,0,0.6118773221969604,0.28028392791748047,0.11986136436462402,0.29954460711266134,worker2,worker2,worker2,0,0.0,0.28028392791748047,0.0
model_1,1951,1,0.6095621585845947,6,4,0,2,0.9132354259490967,0.4683511257171631,0.14121103286743164,0.23165977559257306,worker2->worker3,worker2,worker3,0,0.0,0.38451313972473145,0.08383798599243164
model_1,1952,1,0.3478362560272217,0,0,1,0,0.9081861972808838,0.26500868797302246,0.08282756805419922,0.2381222963937294,worker2,worker2,worker2,0,0.0,0.26500868797302246,0.0
model_1,1953,1,0.3126955032348633,8,8,1,0,0.9602935910224915,0.2244269847869873,0.08826851844787598,0.2822826600789911,worker2,worker2,worker2,0,0.0,0.2244269847869873,0.0
model_1,1954,1,0.6066992282867432,5,5,1,2,0.7554404139518738,0.46369266510009766,0.1430065631866455,0.2357124527593046,worker2->worker3,worker2,worker3,0,0.0,0.38439059257507324,0.07930207252502441
model_1,1955,1,0.36913537979125977,4,7,0,0,0.7195494174957275,0.2824432849884033,0.08669209480285645,0.23485176319831347,worker2,worker2,worker2,0,0.0,0.2824432849884033,0.0
model_1,1956,1,0.40430760383605957,9,9,1,0,0.9816600680351257,0.2640054225921631,0.14030218124389648,0.34701840854021343,worker2,worker2,worker2,0,0.0,0.2640054225921631,0.0
model_1,1957,1,0.5756440162658691,5,5,1,1,0.780223548412323,0.4239516258239746,0.15169239044189453,0.2635177056575766,worker2,worker2,worker2,0,0.0,0.4239516258239746,0.0
model_1,1958,1,0.38852787017822266,2,4,0,0,0.7233558297157288,0.29501867294311523,0.09350919723510742,0.24067564880793124,worker2,worker2,worker2,0,0.0,0.29501867294311523,0.0
model_1,1959,1,0.34043431282043457,9,9,1,0,0.9052513241767883,0.2556953430175781,0.08473896980285645,0.24891430332274658,worker2,worker2,worker2,0,0.0,0.2556953430175781,0.0
model_1,1960,1,0.41254758834838867,0,0,1,0,0.8212842345237732,0.26002931594848633,0.15251827239990234,0.3696986158869593,worker2,worker2,worker2,0,0.0,0.26002931594848633,0.0
model_1,1961,1,0.6283366680145264,4,3,0,2,0.6917656660079956,0.47962403297424316,0.1487126350402832,0.23667667766421863,worker2->worker3,worker2,worker3,0,0.0,0.39555811882019043,0.08406591415405273
model_1,1962,1,0.31496191024780273,8,8,1,0,0.9662407040596008,0.2249748706817627,0.08998703956604004,0.28570768920991396,worker2,worker2,worker2,0,0.0,0.2249748706817627,0.0
model_1,1963,1,0.7488188743591309,4,4,1,3,0.6591348052024841,0.5982887744903564,0.15053009986877441,0.20102337831375322,worker2->worker3->worker3,worker2,worker3,0,0.0,0.4007229804992676,0.19756579399108887
model_1,1964,1,0.3027043342590332,7,7,1,0,0.9302710890769958,0.21841192245483398,0.08429241180419922,0.2784645023683991,worker2,worker2,worker2,0,0.0,0.21841192245483398,0.0
model_1,1965,1,0.6316471099853516,2,2,1,2,0.9488623142242432,0.4870290756225586,0.14461803436279297,0.22895384476016487,worker2->worker3,worker2,worker3,0,0.0,0.40489816665649414,0.08213090896606445
model_1,1966,1,0.4074101448059082,1,1,1,0,0.9932369589805603,0.2535867691040039,0.1538233757019043,0.3775639307538264,worker2,worker2,worker2,0,0.0,0.2535867691040039,0.0
model_1,1967,1,0.6978163719177246,9,9,1,2,0.9557300806045532,0.5492033958435059,0.14861297607421875,0.2129686004153265,worker2->worker3,worker2,worker3,0,0.0,0.46489524841308594,0.08430814743041992
model_1,1968,1,0.32438111305236816,1,1,1,0,0.7939394116401672,0.2172839641571045,0.10709714889526367,0.33015839882753556,worker2,worker2,worker2,0,0.0,0.2172839641571045,0.0
model_1,1969,1,0.38385677337646484,8,8,1,0,0.9756724238395691,0.3000786304473877,0.08377814292907715,0.21825365276780545,worker2,worker2,worker2,0,0.0,0.3000786304473877,0.0
model_1,1970,1,0.2873847484588623,2,4,0,0,0.7644372582435608,0.20593023300170898,0.08145451545715332,0.2834336752175042,worker2,worker2,worker2,0,0.0,0.20593023300170898,0.0
model_1,1971,1,0.3022010326385498,1,1,1,0,0.9976773858070374,0.2156355381011963,0.08656549453735352,0.2864500289146627,worker2,worker2,worker2,0,0.0,0.2156355381011963,0.0
model_1,1972,1,0.4648764133453369,6,1,0,1,0.8912111520767212,0.37792396545410156,0.08695244789123535,0.1870442237873705,worker2,worker2,worker2,0,0.0,0.37792396545410156,0.0
model_1,1973,1,0.44928884506225586,6,6,1,0,0.9430091977119446,0.2884061336517334,0.16088271141052246,0.358083030946895,worker2,worker2,worker2,0,0.0,0.2884061336517334,0.0
model_1,1974,1,0.3793337345123291,7,7,1,0,0.9607855677604675,0.2860097885131836,0.09332394599914551,0.24602068708474514,worker2,worker2,worker2,0,0.0,0.2860097885131836,0.0
model_1,1975,1,0.4911611080169678,2,2,1,1,0.8778849840164185,0.40903806686401367,0.0821230411529541,0.16720184031777421,worker2,worker2,worker2,0,0.0,0.40903806686401367,0.0
model_1,1976,1,0.4546213150024414,4,7,0,1,0.7298126220703125,0.37317681312561035,0.08144450187683105,0.17914800557997085,worker2,worker2,worker2,0,0.0,0.37317681312561035,0.0
model_1,1977,1,0.7638707160949707,7,7,1,3,0.8749681115150452,0.6180431842803955,0.1458275318145752,0.19090603781758891,worker2->worker3->worker3,worker2,worker3,0,0.0,0.4292490482330322,0.18879413604736328
model_1,1978,1,0.35483765602111816,8,8,1,0,0.9999672174453735,0.265627384185791,0.08921027183532715,0.2514115126214727,worker2,worker2,worker2,0,0.0,0.265627384185791,0.0
model_1,1979,1,0.4512615203857422,4,2,0,1,0.8844645619392395,0.36586737632751465,0.08539414405822754,0.18923426926637107,worker2,worker2,worker2,0,0.0,0.36586737632751465,0.0
model_1,1980,1,0.6594157218933105,6,2,0,3,0.5242972373962402,0.5105628967285156,0.14885282516479492,0.22573441946062428,worker2->worker3->worker3,worker2,worker3,0,0.0,0.32810235023498535,0.18246054649353027
model_1,1981,1,0.3354368209838867,4,4,1,0,0.7112162113189697,0.2529103755950928,0.08252644538879395,0.24602679320276005,worker2,worker2,worker2,0,0.0,0.2529103755950928,0.0
model_1,1982,1,0.3419313430786133,3,3,1,0,0.9518428444862366,0.25934338569641113,0.08258795738220215,0.2415337437001626,worker2,worker2,worker2,0,0.0,0.25934338569641113,0.0
model_1,1983,1,0.40836358070373535,3,3,1,1,0.8520826697349548,0.3232874870300293,0.08507609367370605,0.20833418476518872,worker2,worker2,worker2,0,0.0,0.3232874870300293,0.0
model_1,1984,1,0.37483739852905273,1,1,1,0,0.807328462600708,0.21267914772033691,0.16215825080871582,0.4326095833688466,worker2,worker2,worker2,0,0.0,0.21267914772033691,0.0
model_1,1985,1,0.640916109085083,2,2,1,2,0.9585294723510742,0.49934983253479004,0.14156627655029297,0.22088113333955808,worker2->worker3,worker2,worker3,0,0.0,0.411832332611084,0.08751749992370605
model_1,1986,1,0.5998415946960449,1,1,1,1,0.9880130290985107,0.5131587982177734,0.08668279647827148,0.14450947924375915,worker2,worker2,worker2,0,0.0,0.5131587982177734,0.0
model_1,1987,1,0.4285893440246582,3,6,0,0,0.7640421986579895,0.31752967834472656,0.11105966567993164,0.25912838764731866,worker2,worker2,worker2,0,0.0,0.31752967834472656,0.0
model_1,1988,1,0.35063982009887695,3,6,0,0,0.8003507256507874,0.26714515686035156,0.08349466323852539,0.23812088203496318,worker2,worker2,worker2,0,0.0,0.26714515686035156,0.0
model_1,1989,1,0.36517858505249023,0,0,1,0,0.9975518584251404,0.2691018581390381,0.09607672691345215,0.2630951836883924,worker2,worker2,worker2,0,0.0,0.2691018581390381,0.0
model_1,1990,1,0.421201229095459,9,1,0,0,0.5972409248352051,0.26913881301879883,0.15206241607666016,0.36102082703608984,worker2,worker2,worker2,0,0.0,0.26913881301879883,0.0
model_1,1991,1,0.40410637855529785,5,5,1,0,0.9118167161941528,0.30279088020324707,0.10131549835205078,0.2507149199531548,worker2,worker2,worker2,0,0.0,0.30279088020324707,0.0
model_1,1992,1,0.46675539016723633,0,0,1,1,0.9930754899978638,0.38274502754211426,0.08401036262512207,0.17998798598773877,worker2,worker2,worker2,0,0.0,0.38274502754211426,0.0
model_1,1993,1,0.678663969039917,3,7,0,1,0.5928698778152466,0.5141470432281494,0.16451692581176758,0.2424129367653098,worker2,worker2,worker2,0,0.0,0.5141470432281494,0.0
model_1,1994,1,0.48326873779296875,7,7,1,0,0.7162390947341919,0.3803534507751465,0.10291528701782227,0.21295664082850513,worker2,worker2,worker2,0,0.0,0.3803534507751465,0.0
model_1,1995,1,0.4490776062011719,5,3,0,1,0.8807210326194763,0.36179351806640625,0.08728408813476562,0.1943630386585459,worker2,worker2,worker2,0,0.0,0.36179351806640625,0.0
model_1,1996,1,0.33656930923461914,5,7,0,0,0.6824979186058044,0.25272560119628906,0.08384370803833008,0.2491127554945405,worker2,worker2,worker2,0,0.0,0.25272560119628906,0.0
model_1,1997,1,0.5689899921417236,2,2,1,2,0.6071071028709412,0.425382137298584,0.14360785484313965,0.25239082730187967,worker2->worker3,worker2,worker3,0,0.0,0.34410881996154785,0.08127331733703613
model_1,1998,1,0.4566004276275635,7,0,0,1,0.6035557985305786,0.3720541000366211,0.08454632759094238,0.18516480159739254,worker2,worker2,worker2,0,0.0,0.3720541000366211,0.0
model_1,1999,1,0.6223597526550293,8,6,0,2,0.8975870609283447,0.4819934368133545,0.1403663158416748,0.22553887079436372,worker2->worker3,worker2,worker3,0,0.0,0.3984544277191162,0.08353900909423828
