{
  "mode": "distributed_early_exit_3workers",
  "accuracy": 85.32,
  "num_correct": 8532,
  "num_samples": 10000,
  "total_inference_time_sec": 3438.8595876693726,
  "throughput_samples_per_sec": 2.9079407707882967,
  "master_node_utilization": 0.9663034116990179,
  "master_carbon_kg": 0.0007377557848794144,
  "master_energy_kWh": 0.0021919571472526524,
  "master_network_rx_bytes": 211115013,
  "master_network_tx_bytes": 8239034533,
  "master_network_total_bytes": 8450149546,
  "protocol_bytes_total": 15391292254,
  "avg_protocol_bytes_per_sample": 1539129.2254,
  "remote_compute_time_total_sec": 2123.9077472686768,
  "remote_compute_time_avg_sec": 0.21239077472686768,
  "avg_latency_sec": 0.33229817519187926,
  "std_latency_sec": 0.11916222063485216,
  "min_latency_sec": 0.2475872039794922,
  "max_latency_sec": 0.7698605060577393,
  "p50_latency_sec": 0.25764644145965576,
  "p95_latency_sec": 0.5998069763183592,
  "p99_latency_sec": 0.6756055736541748,
  "busy_time_sec": 3322.9817519187927,
  "exit_0_count": 6818,
  "exit_0_ratio": 0.6818,
  "exit_1_count": 2404,
  "exit_1_ratio": 0.2404,
  "exit_2_count": 615,
  "exit_2_ratio": 0.0615,
  "exit_3_count": 163,
  "exit_3_ratio": 0.0163,
  "worker1_compute_time_total_sec": 1748.3177280426025,
  "worker1_compute_time_avg_sec": 0.17483177280426027,
  "worker1_request_bytes_total": 7877966670,
  "worker1_response_bytes_total": 3350174721,
  "worker1_carbon_kg": 0.0012352158699458862,
  "worker1_energy_kWh": 0.0036699681791994804,
  "worker2_compute_time_total_sec": 287.9868676662445,
  "worker2_compute_time_avg_sec": 0.028798686766624452,
  "worker2_request_bytes_total": 3340974831,
  "worker2_response_bytes_total": 412186182,
  "worker2_carbon_kg": 0.00075086526153901,
  "worker2_energy_kWh": 0.0022309069076607516,
  "worker3_compute_time_total_sec": 87.60315155982971,
  "worker3_compute_time_avg_sec": 0.00876031515598297,
  "worker3_request_bytes_total": 408969446,
  "worker3_response_bytes_total": 1020404,
  "worker3_carbon_kg": 0.0007430769103171355,
  "worker3_energy_kWh": 0.002207766821908809,
  "workers_carbon_kg_total": 0.0027291580418020316,
  "workers_energy_kWh_total": 0.008108641908769042,
  "system_carbon_kg_total": 0.003466913826681446,
  "system_energy_kWh_total": 0.010300599056021695,
  "experiment_id": "exp1_4",
  "experiment_name": "ee_homogeneous_3nodes",
  "dataset_name": "cifar10",
  "model_name": "resnet18_ee_entropy",
  "system_name": "homogeneous_3workers",
  "weights_path": "/home/rpi/Thesis-Experiments/checkpoints/resnet18_ee_entropy.pth",
  "data_dir": "/home/rpi/Thesis-Experiments/data",
  "output_dir": "/home/rpi/Thesis-Experiments/results/exp1_single_model/04_homogeneous_3workers_ee/run_001"
}