model_instance_id,sample_index,batch_size,inference_time_sec,predicted_class,true_class,correct,exit_id,confidence,remote_compute_time_sec,communication_overhead_sec,communication_overhead_ratio,path,entry_worker_id,terminal_worker_id,assigned_partition_id,worker1_compute_time_sec,worker2_compute_time_sec,worker3_compute_time_sec
model_0,0,1,0.7202410697937012,0,0,1,1,0.9926257729530334,0.5392160415649414,0.18102502822875977,0.2513394970389717,worker1,worker1,worker1,0,0.5392160415649414,0.0,0.0
model_0,1,1,0.8795044422149658,2,2,1,2,0.5345557332038879,0.7133936882019043,0.16611075401306152,0.18886857875865196,worker1->worker2,worker1,worker2,0,0.5402543544769287,0.17313933372497559,0.0
model_0,2,1,0.5398039817810059,9,9,1,0,0.9796095490455627,0.36694788932800293,0.17285609245300293,0.32022011375812576,worker1,worker1,worker1,0,0.36694788932800293,0.0,0.0
model_0,3,1,0.47873425483703613,7,7,1,0,0.9921424388885498,0.38507938385009766,0.09365487098693848,0.1956301853077531,worker1,worker1,worker1,0,0.38507938385009766,0.0,0.0
model_0,4,1,0.4700746536254883,6,6,1,0,0.8051875829696655,0.3793659210205078,0.09070873260498047,0.19296665307389396,worker1,worker1,worker1,0,0.3793659210205078,0.0,0.0
model_0,5,1,0.6662395000457764,6,6,1,1,0.8898371458053589,0.5718703269958496,0.09436917304992676,0.14164451829025868,worker1,worker1,worker1,0,0.5718703269958496,0.0,0.0
model_0,6,1,0.48251795768737793,4,5,0,0,0.9560789465904236,0.385897159576416,0.09662079811096191,0.2002429061377282,worker1,worker1,worker1,0,0.385897159576416,0.0,0.0
model_0,7,1,0.5239114761352539,7,7,1,0,0.9607855677604675,0.35876011848449707,0.16515135765075684,0.31522760079437745,worker1,worker1,worker1,0,0.35876011848449707,0.0,0.0
model_0,8,1,0.6746888160705566,1,1,1,1,0.9882937669754028,0.5818052291870117,0.09288358688354492,0.1376687810307967,worker1,worker1,worker1,0,0.5818052291870117,0.0,0.0
model_0,9,1,0.5109050273895264,1,1,1,0,0.9585636258125305,0.3490428924560547,0.16186213493347168,0.31681452766379625,worker1,worker1,worker1,0,0.3490428924560547,0.0,0.0
model_0,10,1,0.9217309951782227,4,4,1,2,0.8942907452583313,0.6873307228088379,0.23440027236938477,0.2543044267748227,worker1->worker2,worker1,worker2,0,0.5214190483093262,0.16591167449951172,0.0
model_0,11,1,0.6810364723205566,2,2,1,1,0.8778849840164185,0.506659984588623,0.1743764877319336,0.2560457403078061,worker1,worker1,worker1,0,0.506659984588623,0.0,0.0
model_0,12,1,0.5070912837982178,8,0,0,0,0.7416041493415833,0.34752535820007324,0.15956592559814453,0.3146690363182009,worker1,worker1,worker1,0,0.34752535820007324,0.0,0.0
model_0,13,1,0.6585700511932373,8,8,1,1,0.903340220451355,0.5545110702514648,0.10405898094177246,0.15800745987952544,worker1,worker1,worker1,0,0.5545110702514648,0.0,0.0
model_0,14,1,0.8449749946594238,3,4,0,2,0.9906754493713379,0.694227933883667,0.15074706077575684,0.17840416784938948,worker1->worker2,worker1,worker2,0,0.543093204498291,0.15113472938537598,0.0
model_0,15,1,0.68302321434021,1,1,1,1,0.9922768473625183,0.5692188739776611,0.11380434036254883,0.16661855405966267,worker1,worker1,worker1,0,0.5692188739776611,0.0,0.0
model_0,16,1,0.4575614929199219,1,1,1,0,0.9999858140945435,0.3656744956970215,0.09188699722290039,0.20081890334897914,worker1,worker1,worker1,0,0.3656744956970215,0.0,0.0
model_0,17,1,0.48906779289245605,2,4,0,0,0.5716055631637573,0.37695956230163574,0.11210823059082031,0.22922840600029543,worker1,worker1,worker1,0,0.37695956230163574,0.0,0.0
model_0,18,1,0.44544553756713867,9,9,1,0,0.9574810266494751,0.3553156852722168,0.09012985229492188,0.20233641308245742,worker1,worker1,worker1,0,0.3553156852722168,0.0,0.0
model_0,19,1,0.5413239002227783,8,8,1,0,0.9888613820075989,0.37534308433532715,0.16598081588745117,0.3066201507436543,worker1,worker1,worker1,0,0.37534308433532715,0.0,0.0
model_0,20,1,0.7104377746582031,2,2,1,1,0.708611786365509,0.5460517406463623,0.16438603401184082,0.2313869558680606,worker1,worker1,worker1,0,0.5460517406463623,0.0,0.0
model_0,21,1,0.4921875,8,8,1,0,0.9525033235549927,0.3663976192474365,0.12578988075256348,0.2555730910528274,worker1,worker1,worker1,0,0.3663976192474365,0.0,0.0
model_0,22,1,0.6931145191192627,8,8,1,1,0.8619253039360046,0.5215151309967041,0.1715993881225586,0.24757725222753826,worker1,worker1,worker1,0,0.5215151309967041,0.0,0.0
model_0,23,1,0.5066070556640625,9,9,1,0,0.8581838607788086,0.3769371509552002,0.1296699047088623,0.2559575577542845,worker1,worker1,worker1,0,0.3769371509552002,0.0,0.0
model_0,24,1,0.6852405071258545,6,6,1,1,0.8205158710479736,0.5709519386291504,0.1142885684967041,0.1667860660720008,worker1,worker1,worker1,0,0.5709519386291504,0.0,0.0
model_0,25,1,0.4637889862060547,0,0,1,0,0.9772828221321106,0.3748171329498291,0.08897185325622559,0.19183692563302202,worker1,worker1,worker1,0,0.3748171329498291,0.0,0.0
model_0,26,1,0.7155284881591797,2,2,1,1,0.8304580450057983,0.5493919849395752,0.1661365032196045,0.23218712597596117,worker1,worker1,worker1,0,0.5493919849395752,0.0,0.0
model_0,27,1,0.5043511390686035,9,9,1,0,0.9621953964233398,0.36933159828186035,0.13501954078674316,0.26770939991547704,worker1,worker1,worker1,0,0.36933159828186035,0.0,0.0
model_0,28,1,0.5156452655792236,2,2,1,0,0.7931398749351501,0.34381794929504395,0.1718273162841797,0.33322775899273754,worker1,worker1,worker1,0,0.34381794929504395,0.0,0.0
model_0,29,1,0.7208995819091797,9,9,1,1,0.9079498052597046,0.5440506935119629,0.1768488883972168,0.24531695236784942,worker1,worker1,worker1,0,0.5440506935119629,0.0,0.0
model_0,30,1,0.46907663345336914,8,8,1,0,0.8743783831596375,0.37682294845581055,0.0922536849975586,0.19667081755571933,worker1,worker1,worker1,0,0.37682294845581055,0.0,0.0
model_0,31,1,0.673102617263794,4,4,1,1,0.9679613709449768,0.5843198299407959,0.08878278732299805,0.1319008202403162,worker1,worker1,worker1,0,0.5843198299407959,0.0,0.0
model_0,32,1,0.6850600242614746,3,5,0,1,0.765330970287323,0.5494565963745117,0.1356034278869629,0.19794386343466686,worker1,worker1,worker1,0,0.5494565963745117,0.0,0.0
model_0,33,1,0.4630248546600342,4,4,1,0,0.8292231559753418,0.3717179298400879,0.09130692481994629,0.1971965951741109,worker1,worker1,worker1,0,0.3717179298400879,0.0,0.0
model_0,34,1,0.7167654037475586,3,1,0,1,0.7001277804374695,0.5572564601898193,0.15950894355773926,0.22253995899321832,worker1,worker1,worker1,0,0.5572564601898193,0.0,0.0
model_0,35,1,0.5138492584228516,9,9,1,0,0.9501902461051941,0.3420090675354004,0.17184019088745117,0.33441751266680275,worker1,worker1,worker1,0,0.3420090675354004,0.0,0.0
model_0,36,1,0.47091174125671387,2,2,1,0,0.9709251523017883,0.3797721862792969,0.09113955497741699,0.1935385062478894,worker1,worker1,worker1,0,0.3797721862792969,0.0,0.0
model_0,37,1,0.7033989429473877,7,7,1,1,0.8863346576690674,0.5435876846313477,0.15981125831604004,0.22719860460181768,worker1,worker1,worker1,0,0.5435876846313477,0.0,0.0
model_0,38,1,0.9027526378631592,9,1,0,2,0.9318526983261108,0.6782522201538086,0.22450041770935059,0.2486843109544929,worker1->worker2,worker1,worker2,0,0.5338003635406494,0.14445185661315918,0.0
model_0,39,1,0.9405794143676758,8,8,1,2,0.9857834577560425,0.6770386695861816,0.26354074478149414,0.28018978595089167,worker1->worker2,worker1,worker2,0,0.5242447853088379,0.15279388427734375,0.0
model_0,40,1,0.5369811058044434,4,4,1,0,0.9169499278068542,0.36975741386413574,0.16722369194030762,0.31141448019812973,worker1,worker1,worker1,0,0.36975741386413574,0.0,0.0
model_0,41,1,0.5012457370758057,7,3,0,0,0.7805148959159851,0.3914804458618164,0.10976529121398926,0.21898498699329377,worker1,worker1,worker1,0,0.3914804458618164,0.0,0.0
model_0,42,1,0.9262886047363281,7,7,1,2,0.907333254814148,0.6643731594085693,0.2619154453277588,0.28275792662084415,worker1->worker2,worker1,worker2,0,0.5279018878936768,0.13647127151489258,0.0
model_0,43,1,0.5267617702484131,6,6,1,0,0.7583563327789307,0.3616454601287842,0.1651163101196289,0.3134553785893811,worker1,worker1,worker1,0,0.3616454601287842,0.0,0.0
model_0,44,1,0.47712087631225586,0,0,1,0,0.7527434825897217,0.3794112205505371,0.09770965576171875,0.2047901498608328,worker1,worker1,worker1,0,0.3794112205505371,0.0,0.0
model_0,45,1,0.4715921878814697,0,0,1,0,0.971518874168396,0.37633800506591797,0.09525418281555176,0.2019842254882581,worker1,worker1,worker1,0,0.37633800506591797,0.0,0.0
model_0,46,1,0.4723320007324219,0,0,1,0,0.7797307968139648,0.3833615779876709,0.08897042274475098,0.18836416462739966,worker1,worker1,worker1,0,0.3833615779876709,0.0,0.0
model_0,47,1,0.4738912582397461,8,8,1,0,0.99513840675354,0.38338303565979004,0.09050822257995605,0.1909894327153152,worker1,worker1,worker1,0,0.38338303565979004,0.0,0.0
model_0,48,1,0.513512134552002,9,9,1,0,0.9819586873054504,0.3476722240447998,0.16583991050720215,0.3229522719105443,worker1,worker1,worker1,0,0.3476722240447998,0.0,0.0
model_0,49,1,0.5346875190734863,9,9,1,0,0.995202898979187,0.3635215759277344,0.17116594314575195,0.320123318835552,worker1,worker1,worker1,0,0.3635215759277344,0.0,0.0
model_0,50,1,0.9579877853393555,7,7,1,2,0.9999784231185913,0.6975677013397217,0.2604200839996338,0.27184071444854924,worker1->worker2,worker1,worker2,0,0.5445394515991211,0.15302824974060059,0.0
model_0,51,1,0.6532070636749268,9,1,0,1,0.9863770604133606,0.563676118850708,0.08953094482421875,0.1370636507212887,worker1,worker1,worker1,0,0.563676118850708,0.0,0.0
model_0,52,1,0.6502401828765869,0,0,1,1,0.9712041616439819,0.550290584564209,0.09994959831237793,0.15371181441019616,worker1,worker1,worker1,0,0.550290584564209,0.0,0.0
model_0,53,1,0.6500163078308105,4,4,1,1,0.9997715353965759,0.562119722366333,0.08789658546447754,0.1352221235153314,worker1,worker1,worker1,0,0.562119722366333,0.0,0.0
model_0,54,1,1.0297660827636719,9,9,1,3,0.5187700986862183,0.8458352088928223,0.1839308738708496,0.1786142279780846,worker1->worker2->worker3,worker1,worker3,0,0.5277366638183594,0.12856817245483398,0.1895303726196289
model_0,55,1,0.9110701084136963,7,7,1,2,0.9521631598472595,0.6925406455993652,0.21852946281433105,0.23986020482531492,worker1->worker2,worker1,worker2,0,0.5447556972503662,0.14778494834899902,0.0
model_0,56,1,0.52345871925354,3,3,1,0,0.9421294927597046,0.3622586727142334,0.16120004653930664,0.30795178418114866,worker1,worker1,worker1,0,0.3622586727142334,0.0,0.0
model_0,57,1,0.7430086135864258,3,3,1,1,0.8414563536643982,0.5810210704803467,0.1619875431060791,0.21801570014670754,worker1,worker1,worker1,0,0.5810210704803467,0.0,0.0
model_0,58,1,0.7456014156341553,0,0,1,1,0.9500182271003723,0.5679874420166016,0.1776139736175537,0.23821571404406194,worker1,worker1,worker1,0,0.5679874420166016,0.0,0.0
model_0,59,1,0.4736783504486084,8,0,0,0,0.5518804788589478,0.37224674224853516,0.10143160820007324,0.2141360442249683,worker1,worker1,worker1,0,0.37224674224853516,0.0,0.0
model_0,60,1,0.4728274345397949,5,5,1,0,0.750403642654419,0.3839113712310791,0.08891606330871582,0.18805182782013954,worker1,worker1,worker1,0,0.3839113712310791,0.0,0.0
model_0,61,1,0.6514110565185547,6,6,1,1,0.9921878576278687,0.5557453632354736,0.09566569328308105,0.14685917950850153,worker1,worker1,worker1,0,0.5557453632354736,0.0,0.0
model_0,62,1,0.46604347229003906,9,9,1,0,0.8269374966621399,0.3762671947479248,0.08977627754211426,0.19263498553251399,worker1,worker1,worker1,0,0.3762671947479248,0.0,0.0
model_0,63,1,0.6515510082244873,7,7,1,1,0.9477939605712891,0.5575711727142334,0.0939798355102539,0.14424018123516405,worker1,worker1,worker1,0,0.5575711727142334,0.0,0.0
model_0,64,1,0.5154318809509277,5,7,0,0,0.7000274658203125,0.3604319095611572,0.1549999713897705,0.30071863444653213,worker1,worker1,worker1,0,0.3604319095611572,0.0,0.0
model_0,65,1,0.7031900882720947,3,3,1,1,0.9582280516624451,0.5377407073974609,0.1654493808746338,0.23528400589545034,worker1,worker1,worker1,0,0.5377407073974609,0.0,0.0
model_0,66,1,0.4824492931365967,9,9,1,0,0.9497056007385254,0.377514123916626,0.1049351692199707,0.2175050740311899,worker1,worker1,worker1,0,0.377514123916626,0.0,0.0
model_0,67,1,0.4575934410095215,1,1,1,0,0.9582424759864807,0.33802270889282227,0.11957073211669922,0.2613034222101344,worker1,worker1,worker1,0,0.33802270889282227,0.0,0.0
model_0,68,1,0.7106609344482422,3,3,1,1,0.9357507824897766,0.5430090427398682,0.16765189170837402,0.23590981800419225,worker1,worker1,worker1,0,0.5430090427398682,0.0,0.0
model_0,69,1,0.5299978256225586,9,9,1,0,0.8429169058799744,0.36204075813293457,0.16795706748962402,0.3169014274583755,worker1,worker1,worker1,0,0.36204075813293457,0.0,0.0
model_0,70,1,0.6225497722625732,0,0,1,1,0.9923185110092163,0.5153460502624512,0.10720372200012207,0.1722010460472977,worker1,worker1,worker1,0,0.5153460502624512,0.0,0.0
model_0,71,1,0.6591055393218994,6,6,1,1,0.9883654117584229,0.570789098739624,0.08831644058227539,0.1339943837721908,worker1,worker1,worker1,0,0.570789098739624,0.0,0.0
model_0,72,1,0.748356819152832,0,0,1,1,0.9834970235824585,0.5756316184997559,0.17272520065307617,0.23080594207534258,worker1,worker1,worker1,0,0.5756316184997559,0.0,0.0
model_0,73,1,0.48123908042907715,1,9,0,0,0.8933659791946411,0.3812289237976074,0.10001015663146973,0.20781802787566578,worker1,worker1,worker1,0,0.3812289237976074,0.0,0.0
model_0,74,1,0.6672732830047607,3,3,1,1,0.9865829348564148,0.5791542530059814,0.0881190299987793,0.1320583818401592,worker1,worker1,worker1,0,0.5791542530059814,0.0,0.0
model_0,75,1,0.5248324871063232,5,5,1,0,0.9302339553833008,0.35130763053894043,0.1735248565673828,0.3306290308439486,worker1,worker1,worker1,0,0.35130763053894043,0.0,0.0
model_0,76,1,0.47475290298461914,7,7,1,0,0.9642460346221924,0.38576698303222656,0.08898591995239258,0.18743628399735243,worker1,worker1,worker1,0,0.38576698303222656,0.0,0.0
model_0,77,1,0.9719216823577881,7,7,1,2,0.7113820910453796,0.7083535194396973,0.2635681629180908,0.2711825116183229,worker1->worker2,worker1,worker2,0,0.5509328842163086,0.15742063522338867,0.0
model_0,78,1,0.5322122573852539,7,7,1,0,0.5444299578666687,0.3654441833496094,0.16676807403564453,0.3133488034547947,worker1,worker1,worker1,0,0.3654441833496094,0.0,0.0
model_0,79,1,0.5238230228424072,1,1,1,0,0.8715388774871826,0.35375189781188965,0.17007112503051758,0.32467287158870006,worker1,worker1,worker1,0,0.35375189781188965,0.0,0.0
model_0,80,1,0.4896547794342041,9,9,1,0,0.7943278551101685,0.3896045684814453,0.10005021095275879,0.2043280595940813,worker1,worker1,worker1,0,0.3896045684814453,0.0,0.0
model_0,81,1,0.4745757579803467,0,0,1,0,0.9609553813934326,0.37875819206237793,0.09581756591796875,0.20190151794887254,worker1,worker1,worker1,0,0.37875819206237793,0.0,0.0
model_0,82,1,0.46541309356689453,3,3,1,0,0.5638755559921265,0.3708479404449463,0.09456515312194824,0.203185416201352,worker1,worker1,worker1,0,0.3708479404449463,0.0,0.0
model_0,83,1,0.7052173614501953,5,5,1,1,0.9600602388381958,0.5379676818847656,0.1672496795654297,0.23716046811652608,worker1,worker1,worker1,0,0.5379676818847656,0.0,0.0
model_0,84,1,0.6791143417358398,6,6,1,1,0.8974581956863403,0.49914002418518066,0.17997431755065918,0.26501327757360943,worker1,worker1,worker1,0,0.49914002418518066,0.0,0.0
model_0,85,1,0.9214262962341309,4,4,1,2,0.8449755311012268,0.6948988437652588,0.22652745246887207,0.24584435390512485,worker1->worker2,worker1,worker2,0,0.5350439548492432,0.15985488891601562,0.0
model_0,86,1,0.7096588611602783,6,6,1,1,0.9826157093048096,0.5404021739959717,0.16925668716430664,0.23850429611711643,worker1,worker1,worker1,0,0.5404021739959717,0.0,0.0
model_0,87,1,0.6488404273986816,9,1,0,1,0.9753615856170654,0.5611042976379395,0.08773612976074219,0.13521988775035515,worker1,worker1,worker1,0,0.5611042976379395,0.0,0.0
model_0,88,1,0.91353440284729,5,6,0,2,0.9833472371101379,0.6983189582824707,0.21521544456481934,0.2355854841306897,worker1->worker2,worker1,worker2,0,0.5441925525665283,0.15412640571594238,0.0
model_0,89,1,1.1127517223358154,4,4,1,3,0.6698585152626038,0.9270431995391846,0.18570852279663086,0.16689124722881013,worker1->worker2->worker3,worker1,worker3,0,0.572087287902832,0.13941311836242676,0.21554279327392578
model_0,90,1,0.4409947395324707,8,8,1,0,0.9902136921882629,0.35304784774780273,0.08794689178466797,0.19942843735031082,worker1,worker1,worker1,0,0.35304784774780273,0.0,0.0
model_0,91,1,0.54018235206604,2,2,1,0,0.9347077012062073,0.38083577156066895,0.1593465805053711,0.2949866464461804,worker1,worker1,worker1,0,0.38083577156066895,0.0,0.0
model_0,92,1,0.6680104732513428,6,6,1,1,0.9919710159301758,0.5009732246398926,0.1670372486114502,0.2500518409516036,worker1,worker1,worker1,0,0.5009732246398926,0.0,0.0
model_0,93,1,0.6444175243377686,4,5,0,1,0.70713210105896,0.5557420253753662,0.08867549896240234,0.13760566032639962,worker1,worker1,worker1,0,0.5557420253753662,0.0,0.0
model_0,94,1,0.5139727592468262,4,4,1,0,0.9037739038467407,0.35164952278137207,0.1623232364654541,0.31582069972603605,worker1,worker1,worker1,0,0.35164952278137207,0.0,0.0
model_0,95,1,0.5218207836151123,2,2,1,0,0.9958612322807312,0.36389827728271484,0.15792250633239746,0.30263744046055263,worker1,worker1,worker1,0,0.36389827728271484,0.0,0.0
model_0,96,1,0.7148208618164062,1,1,1,1,0.9956747889518738,0.5451192855834961,0.16970157623291016,0.23740434183983863,worker1,worker1,worker1,0,0.5451192855834961,0.0,0.0
model_0,97,1,0.4709048271179199,9,9,1,0,0.8816770911216736,0.37740397453308105,0.09350085258483887,0.19855573186007114,worker1,worker1,worker1,0,0.37740397453308105,0.0,0.0
model_0,98,1,0.4823641777038574,7,7,1,0,0.9938173890113831,0.3837006092071533,0.0986635684967041,0.20454165764622265,worker1,worker1,worker1,0,0.3837006092071533,0.0,0.0
model_0,99,1,0.46939706802368164,4,4,1,0,0.7669958472251892,0.3818032741546631,0.08759379386901855,0.18660916276664802,worker1,worker1,worker1,0,0.3818032741546631,0.0,0.0
model_0,100,1,0.6322751045227051,3,4,0,1,0.866999626159668,0.5371556282043457,0.09511947631835938,0.1504400151737172,worker1,worker1,worker1,0,0.5371556282043457,0.0,0.0
model_0,101,1,0.4772298336029053,0,0,1,0,0.8558867573738098,0.3792896270751953,0.09794020652770996,0.20522649598056,worker1,worker1,worker1,0,0.3792896270751953,0.0,0.0
model_0,102,1,0.9321346282958984,2,2,1,2,0.9898982048034668,0.7060089111328125,0.22612571716308594,0.2425891178149689,worker1->worker2,worker1,worker2,0,0.5332274436950684,0.17278146743774414,0.0
model_0,103,1,0.5196917057037354,8,8,1,0,0.7659785747528076,0.3527712821960449,0.16692042350769043,0.32119124025975515,worker1,worker1,worker1,0,0.3527712821960449,0.0,0.0
model_0,104,1,0.6702547073364258,9,9,1,1,0.9989739656448364,0.5709118843078613,0.09934282302856445,0.14821652416787964,worker1,worker1,worker1,0,0.5709118843078613,0.0,0.0
model_0,105,1,0.9337978363037109,5,5,1,2,0.9639142155647278,0.7180342674255371,0.21576356887817383,0.2310602578950486,worker1->worker2,worker1,worker2,0,0.5701885223388672,0.14784574508666992,0.0
model_0,106,1,0.6400978565216064,3,5,0,1,0.8083117008209229,0.5465109348297119,0.09358692169189453,0.1462072099420247,worker1,worker1,worker1,0,0.5465109348297119,0.0,0.0
model_0,107,1,0.6710391044616699,9,9,1,1,0.6754277348518372,0.581129789352417,0.08990931510925293,0.13398520967176897,worker1,worker1,worker1,0,0.581129789352417,0.0,0.0
model_0,108,1,0.678957462310791,1,1,1,1,0.9026692509651184,0.5800962448120117,0.0988612174987793,0.1456073804127744,worker1,worker1,worker1,0,0.5800962448120117,0.0,0.0
model_0,109,1,0.4860687255859375,6,6,1,0,0.9694703817367554,0.3768763542175293,0.1091923713684082,0.22464389420813058,worker1,worker1,worker1,0,0.3768763542175293,0.0,0.0
model_0,110,1,0.7149145603179932,6,6,1,1,0.9998677968978882,0.5411233901977539,0.17379117012023926,0.24309362232451545,worker1,worker1,worker1,0,0.5411233901977539,0.0,0.0
model_0,111,1,0.6729998588562012,9,9,1,1,0.8224159479141235,0.5067079067230225,0.1662919521331787,0.24709061962628145,worker1,worker1,worker1,0,0.5067079067230225,0.0,0.0
model_0,112,1,0.7159864902496338,9,1,0,1,0.9813848733901978,0.5373640060424805,0.17862248420715332,0.24947745053803363,worker1,worker1,worker1,0,0.5373640060424805,0.0,0.0
model_0,113,1,0.6577553749084473,4,2,0,1,0.69411301612854,0.5616095066070557,0.0961458683013916,0.1461726835980232,worker1,worker1,worker1,0,0.5616095066070557,0.0,0.0
model_0,114,1,0.4513413906097412,9,9,1,0,0.9988168478012085,0.36324191093444824,0.08809947967529297,0.19519477164785323,worker1,worker1,worker1,0,0.36324191093444824,0.0,0.0
model_0,115,1,0.459430456161499,5,3,0,0,0.7353939414024353,0.36768364906311035,0.09174680709838867,0.1996968330417734,worker1,worker1,worker1,0,0.36768364906311035,0.0,0.0
model_0,116,1,1.1405994892120361,9,1,0,3,0.718619167804718,0.9457850456237793,0.19481444358825684,0.17080004456502176,worker1->worker2->worker3,worker1,worker3,0,0.5329599380493164,0.18456339836120605,0.22826170921325684
model_0,117,1,0.5310196876525879,8,8,1,0,0.9933404326438904,0.3624289035797119,0.16859078407287598,0.3174849972477369,worker1,worker1,worker1,0,0.3624289035797119,0.0,0.0
model_0,118,1,0.46653079986572266,5,5,1,0,0.8876148462295532,0.3771805763244629,0.08935022354125977,0.19152052461911762,worker1,worker1,worker1,0,0.3771805763244629,0.0,0.0
model_0,119,1,0.5210914611816406,6,6,1,0,0.9881018400192261,0.35843324661254883,0.1626582145690918,0.312149069186902,worker1,worker1,worker1,0,0.35843324661254883,0.0,0.0
model_0,120,1,0.632134199142456,4,4,1,1,0.9797154664993286,0.5417475700378418,0.09038662910461426,0.1429864563999724,worker1,worker1,worker1,0,0.5417475700378418,0.0,0.0
model_0,121,1,0.9076151847839355,5,5,1,2,0.9356955885887146,0.6845583915710449,0.22305679321289062,0.2457614162394065,worker1->worker2,worker1,worker2,0,0.5306577682495117,0.1539006233215332,0.0
model_0,122,1,1.1244456768035889,3,2,0,3,0.46417224407196045,0.8518354892730713,0.2726101875305176,0.24243962438937405,worker1->worker2->worker3,worker1,worker3,0,0.5440371036529541,0.13878369331359863,0.16901469230651855
model_0,123,1,0.661212682723999,1,1,1,1,0.8076109290122986,0.570216178894043,0.09099650382995605,0.13762062677787365,worker1,worker1,worker1,0,0.570216178894043,0.0,0.0
model_0,124,1,0.5166292190551758,3,3,1,0,0.956394612789154,0.35965991020202637,0.15696930885314941,0.30383358715215286,worker1,worker1,worker1,0,0.35965991020202637,0.0,0.0
model_0,125,1,0.5364551544189453,5,5,1,0,0.9048639535903931,0.36783885955810547,0.16861629486083984,0.3143157325862112,worker1,worker1,worker1,0,0.36783885955810547,0.0,0.0
model_0,126,1,0.5207858085632324,4,4,1,0,0.8921372890472412,0.3640298843383789,0.15675592422485352,0.30099883992100107,worker1,worker1,worker1,0,0.3640298843383789,0.0,0.0
model_0,127,1,0.6495459079742432,3,3,1,1,0.6952878832817078,0.5545227527618408,0.09502315521240234,0.14629166937369167,worker1,worker1,worker1,0,0.5545227527618408,0.0,0.0
model_0,128,1,0.47098684310913086,8,8,1,0,0.9993765950202942,0.3698253631591797,0.10116147994995117,0.2147862120354631,worker1,worker1,worker1,0,0.3698253631591797,0.0,0.0
model_0,129,1,1.1659433841705322,2,1,0,3,0.49312588572502136,0.9057519435882568,0.2601914405822754,0.22315958400276792,worker1->worker2->worker3,worker1,worker3,0,0.5636708736419678,0.15685772895812988,0.18522334098815918
model_0,130,1,0.7453434467315674,0,0,1,1,0.9445701241493225,0.5783545970916748,0.16698884963989258,0.22404282263721703,worker1,worker1,worker1,0,0.5783545970916748,0.0,0.0
model_0,131,1,0.4638540744781494,0,0,1,0,0.8968827724456787,0.37503790855407715,0.08881616592407227,0.19147436836464846,worker1,worker1,worker1,0,0.37503790855407715,0.0,0.0
model_0,132,1,0.46883368492126465,7,7,1,0,0.8911084532737732,0.36873650550842285,0.1000971794128418,0.21350253326966467,worker1,worker1,worker1,0,0.36873650550842285,0.0,0.0
model_0,133,1,0.4728419780731201,1,1,1,0,0.9916481971740723,0.3819451332092285,0.0908968448638916,0.19223514213840664,worker1,worker1,worker1,0,0.3819451332092285,0.0,0.0
model_0,134,1,1.1587433815002441,8,4,0,3,0.37842434644699097,0.9138927459716797,0.24485063552856445,0.21130704126357322,worker1->worker2->worker3,worker1,worker3,0,0.5640771389007568,0.16217660903930664,0.1876389980316162
model_0,135,1,0.462141752243042,1,8,0,0,0.6953887939453125,0.355419397354126,0.10672235488891602,0.23092991354044623,worker1,worker1,worker1,0,0.355419397354126,0.0,0.0
model_0,136,1,0.6640522480010986,8,0,0,1,0.6265208721160889,0.5675675868988037,0.09648466110229492,0.14529679161952824,worker1,worker1,worker1,0,0.5675675868988037,0.0,0.0
model_0,137,1,0.45818352699279785,9,9,1,0,0.9955564141273499,0.37079334259033203,0.08739018440246582,0.1907318339793554,worker1,worker1,worker1,0,0.37079334259033203,0.0,0.0
model_0,138,1,0.6725931167602539,8,8,1,1,0.9521461129188538,0.5750026702880859,0.09759044647216797,0.1450958150482443,worker1,worker1,worker1,0,0.5750026702880859,0.0,0.0
model_0,139,1,0.5120034217834473,6,6,1,0,0.7924689054489136,0.34070444107055664,0.17129898071289062,0.33456608574257113,worker1,worker1,worker1,0,0.34070444107055664,0.0,0.0
model_0,140,1,1.2103757858276367,0,9,0,3,0.9305548667907715,0.8947718143463135,0.31560397148132324,0.26074874859258523,worker1->worker2->worker3,worker1,worker3,0,0.5353238582611084,0.14226627349853516,0.21718168258666992
model_0,141,1,0.5475823879241943,7,7,1,0,0.9661142826080322,0.37633633613586426,0.17124605178833008,0.3127311169329224,worker1,worker1,worker1,0,0.37633633613586426,0.0,0.0
model_0,142,1,0.8981833457946777,3,3,1,2,0.928295373916626,0.7382214069366455,0.15996193885803223,0.1780949731555133,worker1->worker2,worker1,worker2,0,0.5806679725646973,0.15755343437194824,0.0
model_0,143,1,0.4568605422973633,8,1,0,0,0.9583210945129395,0.3693876266479492,0.08747291564941406,0.19146524497289444,worker1,worker1,worker1,0,0.3693876266479492,0.0,0.0
model_0,144,1,0.515094518661499,9,9,1,0,0.8389051556587219,0.35668230056762695,0.15841221809387207,0.3075400967292659,worker1,worker1,worker1,0,0.35668230056762695,0.0,0.0
model_0,145,1,0.6989102363586426,0,0,1,1,0.8790121674537659,0.5319833755493164,0.16692686080932617,0.23883876945203078,worker1,worker1,worker1,0,0.5319833755493164,0.0,0.0
model_0,146,1,1.044327735900879,4,2,0,3,0.31713902950286865,0.8589956760406494,0.1853320598602295,0.17746541960829437,worker1->worker2->worker3,worker1,worker3,0,0.5444338321685791,0.14098548889160156,0.17357635498046875
model_0,147,1,0.5264480113983154,0,9,0,0,0.9269821047782898,0.3694641590118408,0.1569838523864746,0.298194406641417,worker1,worker1,worker1,0,0.3694641590118408,0.0,0.0
model_0,148,1,0.5128931999206543,7,7,1,0,0.7084264159202576,0.35622358322143555,0.15666961669921875,0.3054624563621742,worker1,worker1,worker1,0,0.35622358322143555,0.0,0.0
model_0,149,1,0.5298819541931152,9,9,1,0,0.9976413249969482,0.3759644031524658,0.15391755104064941,0.2904751705972501,worker1,worker1,worker1,0,0.3759644031524658,0.0,0.0
model_0,150,1,0.692633867263794,6,7,0,1,0.9840599298477173,0.5293543338775635,0.16327953338623047,0.23573714931274714,worker1,worker1,worker1,0,0.5293543338775635,0.0,0.0
model_0,151,1,0.5115182399749756,6,6,1,0,0.9274464845657349,0.3496227264404297,0.1618955135345459,0.3164999815890556,worker1,worker1,worker1,0,0.3496227264404297,0.0,0.0
model_0,152,1,0.6447906494140625,0,0,1,1,0.9434777498245239,0.5499608516693115,0.09482979774475098,0.1470706776392077,worker1,worker1,worker1,0,0.5499608516693115,0.0,0.0
model_0,153,1,0.7216441631317139,8,8,1,1,0.9099010229110718,0.554405689239502,0.16723847389221191,0.2317464512793235,worker1,worker1,worker1,0,0.554405689239502,0.0,0.0
model_0,154,1,0.47687196731567383,3,3,1,0,0.6360058784484863,0.38776135444641113,0.0891106128692627,0.18686485886530282,worker1,worker1,worker1,0,0.38776135444641113,0.0,0.0
model_0,155,1,0.7091102600097656,2,2,1,1,0.9041385054588318,0.5393757820129395,0.16973447799682617,0.23936260348917904,worker1,worker1,worker1,0,0.5393757820129395,0.0,0.0
model_0,156,1,0.5109906196594238,9,9,1,0,0.8283558487892151,0.3539760112762451,0.1570146083831787,0.307274932928963,worker1,worker1,worker1,0,0.3539760112762451,0.0,0.0
model_0,157,1,0.6835525035858154,2,2,1,1,0.8881168961524963,0.5844848155975342,0.09906768798828125,0.1449306197674455,worker1,worker1,worker1,0,0.5844848155975342,0.0,0.0
model_0,158,1,0.5182058811187744,8,8,1,0,0.9696007966995239,0.36211514472961426,0.15609073638916016,0.3012137493541562,worker1,worker1,worker1,0,0.36211514472961426,0.0,0.0
model_0,159,1,0.6599259376525879,6,2,0,1,0.9784247875213623,0.5522322654724121,0.10769367218017578,0.1631905431134458,worker1,worker1,worker1,0,0.5522322654724121,0.0,0.0
model_0,160,1,0.6973342895507812,3,3,1,1,0.6038248538970947,0.5328786373138428,0.16445565223693848,0.23583474196124768,worker1,worker1,worker1,0,0.5328786373138428,0.0,0.0
model_0,161,1,0.43276453018188477,0,0,1,0,0.8979026675224304,0.33234214782714844,0.10042238235473633,0.23204855146638342,worker1,worker1,worker1,0,0.33234214782714844,0.0,0.0
model_0,162,1,0.47297024726867676,5,5,1,0,0.8713359236717224,0.3851473331451416,0.08782291412353516,0.18568380279879684,worker1,worker1,worker1,0,0.3851473331451416,0.0,0.0
model_0,163,1,0.6958837509155273,6,6,1,1,0.9919949769973755,0.5194313526153564,0.1764523983001709,0.25356591250769167,worker1,worker1,worker1,0,0.5194313526153564,0.0,0.0
model_0,164,1,0.46625232696533203,8,8,1,0,0.9996668100357056,0.373443603515625,0.09280872344970703,0.1990525689249971,worker1,worker1,worker1,0,0.373443603515625,0.0,0.0
model_0,165,1,0.48805809020996094,2,2,1,0,0.8445446491241455,0.39147210121154785,0.09658598899841309,0.19789855129101971,worker1,worker1,worker1,0,0.39147210121154785,0.0,0.0
model_0,166,1,0.51513671875,9,9,1,0,0.9927269220352173,0.3477928638458252,0.1673438549041748,0.3248532842120853,worker1,worker1,worker1,0,0.3477928638458252,0.0,0.0
model_0,167,1,1.1723392009735107,3,0,0,3,0.5414263606071472,0.8768601417541504,0.29547905921936035,0.2520422920038795,worker1->worker2->worker3,worker1,worker3,0,0.4924349784851074,0.1667463779449463,0.21767878532409668
model_0,168,1,0.8905110359191895,2,8,0,2,0.8764599561691284,0.7304983139038086,0.16001272201538086,0.17968639978752762,worker1->worker2,worker1,worker2,0,0.5751011371612549,0.1553971767425537,0.0
model_0,169,1,0.798811674118042,6,6,1,2,0.9730241894721985,0.65285325050354,0.14595842361450195,0.18271944232118645,worker1->worker2,worker1,worker2,0,0.5273246765136719,0.12552857398986816,0.0
model_0,170,1,0.5255868434906006,7,5,0,0,0.8686537146568298,0.3657245635986328,0.15986227989196777,0.30415959202910814,worker1,worker1,worker1,0,0.3657245635986328,0.0,0.0
model_0,171,1,0.5282938480377197,8,8,1,0,0.9947197437286377,0.35923337936401367,0.16906046867370605,0.3200121850777927,worker1,worker1,worker1,0,0.35923337936401367,0.0,0.0
model_0,172,1,0.4837002754211426,5,5,1,0,0.7875169515609741,0.35820698738098145,0.12549328804016113,0.2594443179320047,worker1,worker1,worker1,0,0.35820698738098145,0.0,0.0
model_0,173,1,0.9091029167175293,3,3,1,2,0.780958890914917,0.671748161315918,0.23735475540161133,0.261086782405914,worker1->worker2,worker1,worker2,0,0.5441389083862305,0.1276092529296875,0.0
model_0,174,1,0.6131958961486816,6,6,1,1,0.950019121170044,0.517568826675415,0.0956270694732666,0.15594864556966948,worker1,worker1,worker1,0,0.517568826675415,0.0,0.0
model_0,175,1,0.6550204753875732,6,6,1,1,0.9874677658081055,0.5664935111999512,0.08852696418762207,0.13515144566319243,worker1,worker1,worker1,0,0.5664935111999512,0.0,0.0
model_0,176,1,0.723036527633667,4,4,1,1,0.7168759703636169,0.5534374713897705,0.16959905624389648,0.23456499051155183,worker1,worker1,worker1,0,0.5534374713897705,0.0,0.0
model_0,177,1,0.526674747467041,0,0,1,0,0.7553619146347046,0.3487837314605713,0.17789101600646973,0.33776256952133826,worker1,worker1,worker1,0,0.3487837314605713,0.0,0.0
model_0,178,1,0.4579007625579834,4,4,1,0,0.7561643123626709,0.36897969245910645,0.08892107009887695,0.19419288494331124,worker1,worker1,worker1,0,0.36897969245910645,0.0,0.0
model_0,179,1,0.5475318431854248,5,5,1,0,0.7547858357429504,0.3707437515258789,0.1767880916595459,0.32288184488235433,worker1,worker1,worker1,0,0.3707437515258789,0.0,0.0
model_0,180,1,0.46999192237854004,8,8,1,0,0.9930832386016846,0.37946462631225586,0.09052729606628418,0.19261457858284606,worker1,worker1,worker1,0,0.37946462631225586,0.0,0.0
model_0,181,1,0.5286860466003418,6,6,1,0,0.947594404220581,0.36213231086730957,0.16655373573303223,0.31503334881644396,worker1,worker1,worker1,0,0.36213231086730957,0.0,0.0
model_0,182,1,0.5204341411590576,7,7,1,0,0.8595761656761169,0.35384488105773926,0.16658926010131836,0.32009671719520133,worker1,worker1,worker1,0,0.35384488105773926,0.0,0.0
model_0,183,1,0.5159623622894287,7,7,1,0,0.860777735710144,0.337191104888916,0.1787712574005127,0.34648119798364496,worker1,worker1,worker1,0,0.337191104888916,0.0,0.0
model_0,184,1,0.7024359703063965,5,3,0,1,0.8807210326194763,0.5314733982086182,0.17096257209777832,0.24338527541977376,worker1,worker1,worker1,0,0.5314733982086182,0.0,0.0
model_0,185,1,0.4457426071166992,6,2,0,0,0.753976047039032,0.35164713859558105,0.09409546852111816,0.21109821457225686,worker1,worker1,worker1,0,0.35164713859558105,0.0,0.0
model_0,186,1,0.4481196403503418,7,4,0,0,0.9044269323348999,0.35948824882507324,0.08863139152526855,0.19778510813758612,worker1,worker1,worker1,0,0.35948824882507324,0.0,0.0
model_0,187,1,0.4846022129058838,5,5,1,0,0.8713114857673645,0.39287233352661133,0.09172987937927246,0.18928902290647945,worker1,worker1,worker1,0,0.39287233352661133,0.0,0.0
model_0,188,1,0.704639196395874,3,3,1,1,0.9157276153564453,0.5397927761077881,0.16484642028808594,0.2339444372825854,worker1,worker1,worker1,0,0.5397927761077881,0.0,0.0
model_0,189,1,0.5374128818511963,6,6,1,0,0.8439655303955078,0.36141228675842285,0.17600059509277344,0.3274960482646303,worker1,worker1,worker1,0,0.36141228675842285,0.0,0.0
model_0,190,1,0.48563623428344727,8,8,1,0,0.9563647508621216,0.3829333782196045,0.10270285606384277,0.2114810403621964,worker1,worker1,worker1,0,0.3829333782196045,0.0,0.0
model_0,191,1,0.6817505359649658,7,7,1,1,0.9443962574005127,0.5859670639038086,0.09578347206115723,0.14049636488452927,worker1,worker1,worker1,0,0.5859670639038086,0.0,0.0
model_0,192,1,0.4374382495880127,8,8,1,0,0.9466353058815002,0.3400895595550537,0.09734869003295898,0.22254270202627172,worker1,worker1,worker1,0,0.3400895595550537,0.0,0.0
model_0,193,1,0.4709446430206299,9,1,0,0,0.8141406178474426,0.38260531425476074,0.08833932876586914,0.18757900758624704,worker1,worker1,worker1,0,0.38260531425476074,0.0,0.0
model_0,194,1,0.4945981502532959,9,9,1,0,0.7555135488510132,0.3743119239807129,0.12028622627258301,0.24319991130371488,worker1,worker1,worker1,0,0.3743119239807129,0.0,0.0
model_0,195,1,0.5201830863952637,8,8,1,0,0.8606231808662415,0.362445592880249,0.15773749351501465,0.3032345680596717,worker1,worker1,worker1,0,0.362445592880249,0.0,0.0
model_0,196,1,0.6544630527496338,9,8,0,1,0.8500019311904907,0.5503864288330078,0.10407662391662598,0.15902597324533874,worker1,worker1,worker1,0,0.5503864288330078,0.0,0.0
model_0,197,1,0.5315275192260742,5,5,1,0,0.8922517895698547,0.3721604347229004,0.15936708450317383,0.2998284731056236,worker1,worker1,worker1,0,0.3721604347229004,0.0,0.0
model_0,198,1,0.7244935035705566,7,7,1,1,0.9996211528778076,0.5581405162811279,0.1663529872894287,0.22961280738831083,worker1,worker1,worker1,0,0.5581405162811279,0.0,0.0
model_0,199,1,0.6957507133483887,7,7,1,1,0.7646092772483826,0.5340168476104736,0.16173386573791504,0.23245950400762116,worker1,worker1,worker1,0,0.5340168476104736,0.0,0.0
model_0,200,1,0.659416913986206,6,6,1,1,0.7821489572525024,0.5615859031677246,0.09783101081848145,0.14835987482803317,worker1,worker1,worker1,0,0.5615859031677246,0.0,0.0
model_0,201,1,0.5069351196289062,9,1,0,0,0.7303287386894226,0.3400442600250244,0.16689085960388184,0.329215422529912,worker1,worker1,worker1,0,0.3400442600250244,0.0,0.0
model_0,202,1,0.48502135276794434,5,3,0,0,0.6773233413696289,0.3824000358581543,0.10262131690979004,0.2115810290086107,worker1,worker1,worker1,0,0.3824000358581543,0.0,0.0
model_0,203,1,0.5231673717498779,3,3,1,0,0.9190186858177185,0.3583691120147705,0.16479825973510742,0.31500102765180876,worker1,worker1,worker1,0,0.3583691120147705,0.0,0.0
model_0,204,1,0.6711034774780273,0,0,1,1,0.9116002917289734,0.581106424331665,0.0899970531463623,0.13410309462941042,worker1,worker1,worker1,0,0.581106424331665,0.0,0.0
model_0,205,1,0.47956061363220215,1,1,1,0,0.9901933073997498,0.38521480560302734,0.0943458080291748,0.196733854589512,worker1,worker1,worker1,0,0.38521480560302734,0.0,0.0
model_0,206,1,0.6608331203460693,9,0,0,1,0.9042607545852661,0.5680713653564453,0.09276175498962402,0.14037092290568903,worker1,worker1,worker1,0,0.5680713653564453,0.0,0.0
model_0,207,1,0.4796483516693115,4,7,0,0,0.7195494174957275,0.38942718505859375,0.09022116661071777,0.18809856491056973,worker1,worker1,worker1,0,0.38942718505859375,0.0,0.0
model_0,208,1,0.5296061038970947,6,6,1,0,0.8747805953025818,0.37058496475219727,0.15902113914489746,0.3002630407292211,worker1,worker1,worker1,0,0.37058496475219727,0.0,0.0
model_0,209,1,0.6615655422210693,4,4,1,1,0.9919043183326721,0.5597386360168457,0.10182690620422363,0.15391809232137588,worker1,worker1,worker1,0,0.5597386360168457,0.0,0.0
model_0,210,1,0.46663570404052734,7,7,1,0,0.9164149761199951,0.36385250091552734,0.102783203125,0.22026433518699048,worker1,worker1,worker1,0,0.36385250091552734,0.0,0.0
model_0,211,1,0.53360915184021,1,1,1,0,0.5103880167007446,0.36153554916381836,0.1720736026763916,0.32247123589049553,worker1,worker1,worker1,0,0.36153554916381836,0.0,0.0
model_0,212,1,0.7291765213012695,3,3,1,1,0.6516355276107788,0.5815293788909912,0.14764714241027832,0.2024847730242206,worker1,worker1,worker1,0,0.5815293788909912,0.0,0.0
model_0,213,1,0.9513344764709473,4,4,1,2,0.9888448119163513,0.6971213817596436,0.2542130947113037,0.26721736781192656,worker1->worker2,worker1,worker2,0,0.5372776985168457,0.15984368324279785,0.0
model_0,214,1,0.5158250331878662,1,1,1,0,0.9496243000030518,0.38636183738708496,0.12946319580078125,0.25098277026355575,worker1,worker1,worker1,0,0.38636183738708496,0.0,0.0
model_0,215,1,0.4753882884979248,8,8,1,0,0.9756724238395691,0.3708956241607666,0.1044926643371582,0.21980487711912647,worker1,worker1,worker1,0,0.3708956241607666,0.0,0.0
model_0,216,1,0.4460618495941162,3,5,0,0,0.6829520463943481,0.35305261611938477,0.09300923347473145,0.2085119665789914,worker1,worker1,worker1,0,0.35305261611938477,0.0,0.0
model_0,217,1,0.7293412685394287,9,9,1,1,0.8308514952659607,0.5678930282592773,0.16144824028015137,0.2213617235775866,worker1,worker1,worker1,0,0.5678930282592773,0.0,0.0
model_0,218,1,0.4863622188568115,4,4,1,0,0.9651422500610352,0.3786427974700928,0.10771942138671875,0.22147982966257523,worker1,worker1,worker1,0,0.3786427974700928,0.0,0.0
model_0,219,1,0.517197847366333,8,8,1,0,0.7993808388710022,0.3533463478088379,0.16385149955749512,0.3168062287804507,worker1,worker1,worker1,0,0.3533463478088379,0.0,0.0
model_0,220,1,0.6857924461364746,3,2,0,1,0.7276085615158081,0.5939860343933105,0.09180641174316406,0.13386909153107576,worker1,worker1,worker1,0,0.5939860343933105,0.0,0.0
model_0,221,1,0.47214531898498535,1,1,1,0,0.628746509552002,0.37689971923828125,0.0952455997467041,0.2017294165945824,worker1,worker1,worker1,0,0.37689971923828125,0.0,0.0
model_0,222,1,0.7345011234283447,2,2,1,1,0.9686550498008728,0.563568115234375,0.17093300819396973,0.23271987304270655,worker1,worker1,worker1,0,0.563568115234375,0.0,0.0
model_0,223,1,0.5507709980010986,1,1,1,0,0.867413341999054,0.3812255859375,0.16954541206359863,0.3078328609874633,worker1,worker1,worker1,0,0.3812255859375,0.0,0.0
model_0,224,1,0.6685802936553955,5,5,1,1,0.9051987528800964,0.5695452690124512,0.09903502464294434,0.14812734623313573,worker1,worker1,worker1,0,0.5695452690124512,0.0,0.0
model_0,225,1,0.7286338806152344,2,2,1,1,0.9832106828689575,0.5677299499511719,0.1609039306640625,0.22082960310355118,worker1,worker1,worker1,0,0.5677299499511719,0.0,0.0
model_0,226,1,0.44802117347717285,7,7,1,0,0.9316104650497437,0.35669398307800293,0.09132719039916992,0.20384570151085313,worker1,worker1,worker1,0,0.35669398307800293,0.0,0.0
model_0,227,1,0.47684288024902344,2,2,1,0,0.8913811445236206,0.38918066024780273,0.0876622200012207,0.18383879393447278,worker1,worker1,worker1,0,0.38918066024780273,0.0,0.0
model_0,228,1,0.49266791343688965,8,8,1,0,0.6641188859939575,0.3995978832244873,0.09307003021240234,0.18891027337895538,worker1,worker1,worker1,0,0.3995978832244873,0.0,0.0
model_0,229,1,1.1694936752319336,2,2,1,3,0.6511898636817932,0.9459493160247803,0.22354435920715332,0.19114627461565373,worker1->worker2->worker3,worker1,worker3,0,0.5663986206054688,0.14627909660339355,0.23327159881591797
model_0,230,1,0.716400146484375,1,1,1,1,0.7849307656288147,0.5426115989685059,0.17378854751586914,0.2425858626198083,worker1,worker1,worker1,0,0.5426115989685059,0.0,0.0
model_0,231,1,0.48946261405944824,0,0,1,0,0.5975388884544373,0.37404632568359375,0.11541628837585449,0.23580205118962666,worker1,worker1,worker1,0,0.37404632568359375,0.0,0.0
model_0,232,1,0.5199673175811768,8,8,1,0,0.9067682027816772,0.34628725051879883,0.17368006706237793,0.3340211224626886,worker1,worker1,worker1,0,0.34628725051879883,0.0,0.0
model_0,233,1,0.917128324508667,4,3,0,2,0.8083888292312622,0.6905145645141602,0.22661375999450684,0.24709056948591201,worker1->worker2,worker1,worker2,0,0.5293419361114502,0.16117262840270996,0.0
model_0,234,1,0.5196847915649414,6,1,0,0,0.9726765751838684,0.35442566871643066,0.16525912284851074,0.3179987668118232,worker1,worker1,worker1,0,0.35442566871643066,0.0,0.0
model_0,235,1,0.528188943862915,0,0,1,0,0.985191285610199,0.3674471378326416,0.16074180603027344,0.3043263360544555,worker1,worker1,worker1,0,0.3674471378326416,0.0,0.0
model_0,236,1,0.5392923355102539,4,4,1,0,0.9397600889205933,0.3785438537597656,0.16074848175048828,0.2980729952306765,worker1,worker1,worker1,0,0.3785438537597656,0.0,0.0
model_0,237,1,0.4938931465148926,3,3,1,0,0.9838665723800659,0.381641149520874,0.11225199699401855,0.22727992438468422,worker1,worker1,worker1,0,0.381641149520874,0.0,0.0
model_0,238,1,0.5418972969055176,7,7,1,0,0.9999908208847046,0.3809080123901367,0.16098928451538086,0.29708449448761526,worker1,worker1,worker1,0,0.3809080123901367,0.0,0.0
model_0,239,1,0.6754255294799805,8,8,1,1,0.8718966841697693,0.5864841938018799,0.08894133567810059,0.13168192760877392,worker1,worker1,worker1,0,0.5864841938018799,0.0,0.0
model_0,240,1,0.7267329692840576,3,7,0,1,0.9912800192832947,0.5775377750396729,0.14919519424438477,0.20529575586940096,worker1,worker1,worker1,0,0.5775377750396729,0.0,0.0
model_0,241,1,0.4946413040161133,0,0,1,0,0.9287335276603699,0.38240599632263184,0.11223530769348145,0.22690241753411136,worker1,worker1,worker1,0,0.38240599632263184,0.0,0.0
model_0,242,1,0.4980485439300537,2,2,1,0,0.8297075629234314,0.37935757637023926,0.11869096755981445,0.23831204609742518,worker1,worker1,worker1,0,0.37935757637023926,0.0,0.0
model_0,243,1,0.4747931957244873,0,0,1,0,0.9448944926261902,0.39238524436950684,0.08240795135498047,0.17356599061878744,worker1,worker1,worker1,0,0.39238524436950684,0.0,0.0
model_0,244,1,0.5461888313293457,6,6,1,0,0.9860767126083374,0.3914642333984375,0.1547245979309082,0.28328041339536475,worker1,worker1,worker1,0,0.3914642333984375,0.0,0.0
model_0,245,1,0.5478923320770264,1,9,0,0,0.9460269212722778,0.39692044258117676,0.1509718894958496,0.2755502872681653,worker1,worker1,worker1,0,0.39692044258117676,0.0,0.0
model_0,246,1,0.9392766952514648,6,2,0,2,0.9991177916526794,0.7000634670257568,0.239213228225708,0.25467812566313636,worker1->worker2,worker1,worker2,0,0.5463037490844727,0.15375971794128418,0.0
model_0,247,1,0.46413516998291016,8,8,1,0,0.9825267195701599,0.3806784152984619,0.08345675468444824,0.17981131377637508,worker1,worker1,worker1,0,0.3806784152984619,0.0,0.0
model_0,248,1,0.5067958831787109,4,2,0,0,0.956506073474884,0.3986074924468994,0.10818839073181152,0.21347527539733616,worker1,worker1,worker1,0,0.3986074924468994,0.0,0.0
model_0,249,1,0.47943544387817383,8,8,1,0,0.9881356954574585,0.38731884956359863,0.0921165943145752,0.19213555336968857,worker1,worker1,worker1,0,0.38731884956359863,0.0,0.0
model_0,250,1,0.6544687747955322,9,9,1,1,0.9843024015426636,0.5615158081054688,0.09295296669006348,0.14202811542705554,worker1,worker1,worker1,0,0.5615158081054688,0.0,0.0
model_0,251,1,0.7479064464569092,3,5,0,1,0.8273095488548279,0.5755963325500488,0.17231011390686035,0.23038993008170044,worker1,worker1,worker1,0,0.5755963325500488,0.0,0.0
model_0,252,1,0.90818190574646,7,7,1,2,0.9984777569770813,0.7458264827728271,0.1623554229736328,0.17876971776946862,worker1->worker2,worker1,worker2,0,0.5860352516174316,0.1597912311553955,0.0
model_0,253,1,0.5408003330230713,5,5,1,0,0.9461036324501038,0.37037134170532227,0.17042899131774902,0.3151421715387115,worker1,worker1,worker1,0,0.37037134170532227,0.0,0.0
model_0,254,1,0.539639949798584,0,0,1,0,0.9440858960151672,0.3797268867492676,0.1599130630493164,0.29633288474843755,worker1,worker1,worker1,0,0.3797268867492676,0.0,0.0
model_0,255,1,0.7568960189819336,6,6,1,1,0.768375039100647,0.6051063537597656,0.15178966522216797,0.20054229565949275,worker1,worker1,worker1,0,0.6051063537597656,0.0,0.0
model_0,256,1,0.9372344017028809,2,2,1,2,0.7124965190887451,0.7006373405456543,0.23659706115722656,0.2524417165304095,worker1->worker2,worker1,worker2,0,0.5257611274719238,0.17487621307373047,0.0
model_0,257,1,0.4989655017852783,1,1,1,0,0.8858214616775513,0.40663838386535645,0.09232711791992188,0.18503707689124638,worker1,worker1,worker1,0,0.40663838386535645,0.0,0.0
model_0,258,1,0.6867682933807373,6,2,0,1,0.8056866526603699,0.5884039402008057,0.09836435317993164,0.14322786029581516,worker1,worker1,worker1,0,0.5884039402008057,0.0,0.0
model_0,259,1,0.5239176750183105,1,1,1,0,0.9510274529457092,0.3569791316986084,0.16693854331970215,0.31863506669033026,worker1,worker1,worker1,0,0.3569791316986084,0.0,0.0
model_0,260,1,0.5252382755279541,0,0,1,0,0.8267244696617126,0.34979915618896484,0.17543911933898926,0.3340181542608314,worker1,worker1,worker1,0,0.34979915618896484,0.0,0.0
model_0,261,1,0.7181577682495117,5,7,0,1,0.9590764045715332,0.610651969909668,0.10750579833984375,0.14969663086968474,worker1,worker1,worker1,0,0.610651969909668,0.0,0.0
model_0,262,1,0.9367611408233643,3,3,1,2,0.928432047367096,0.7274706363677979,0.2092905044555664,0.22341928516762657,worker1->worker2,worker1,worker2,0,0.5848367214202881,0.14263391494750977,0.0
model_0,263,1,0.5344893932342529,5,5,1,0,0.764976441860199,0.36359596252441406,0.17089343070983887,0.31973212728459266,worker1,worker1,worker1,0,0.36359596252441406,0.0,0.0
model_0,264,1,0.46199512481689453,0,9,0,0,0.732962965965271,0.3623671531677246,0.09962797164916992,0.21564723586348689,worker1,worker1,worker1,0,0.3623671531677246,0.0,0.0
model_0,265,1,0.6728253364562988,3,5,0,1,0.569166362285614,0.5812790393829346,0.09154629707336426,0.13606249960135136,worker1,worker1,worker1,0,0.5812790393829346,0.0,0.0
model_0,266,1,0.5476276874542236,1,1,1,0,0.9932369589805603,0.3752012252807617,0.17242646217346191,0.31486074594772034,worker1,worker1,worker1,0,0.3752012252807617,0.0,0.0
model_0,267,1,0.5043730735778809,8,8,1,0,0.9968640804290771,0.4092228412628174,0.09515023231506348,0.1886504995996207,worker1,worker1,worker1,0,0.4092228412628174,0.0,0.0
model_0,268,1,0.9155974388122559,2,2,1,2,0.9593340754508972,0.7169544696807861,0.19864296913146973,0.2169544831723821,worker1->worker2,worker1,worker2,0,0.5331082344055176,0.18384623527526855,0.0
model_0,269,1,0.9285624027252197,4,4,1,2,0.9957178235054016,0.6901779174804688,0.23838448524475098,0.2567242487366719,worker1->worker2,worker1,worker2,0,0.5539805889129639,0.13619732856750488,0.0
model_0,270,1,0.48148608207702637,9,9,1,0,0.9985306262969971,0.3793778419494629,0.10210824012756348,0.2120689339286625,worker1,worker1,worker1,0,0.3793778419494629,0.0,0.0
model_0,271,1,0.4740786552429199,7,7,1,0,0.8793894648551941,0.3814108371734619,0.09266781806945801,0.19546928984173442,worker1,worker1,worker1,0,0.3814108371734619,0.0,0.0
model_0,272,1,0.6892514228820801,0,0,1,1,0.9542292356491089,0.6001827716827393,0.08906865119934082,0.12922519742781735,worker1,worker1,worker1,0,0.6001827716827393,0.0,0.0
model_0,273,1,0.7128279209136963,5,5,1,1,0.826951801776886,0.5975956916809082,0.11523222923278809,0.1616550444391747,worker1,worker1,worker1,0,0.5975956916809082,0.0,0.0
model_0,274,1,0.5203099250793457,7,7,1,0,0.8854248523712158,0.35274648666381836,0.16756343841552734,0.32204543934074376,worker1,worker1,worker1,0,0.35274648666381836,0.0,0.0
model_0,275,1,0.6810832023620605,1,1,1,1,0.9917516112327576,0.593393087387085,0.08769011497497559,0.12875095828359592,worker1,worker1,worker1,0,0.593393087387085,0.0,0.0
model_0,276,1,0.5060420036315918,4,4,1,0,0.8272078633308411,0.4013020992279053,0.10473990440368652,0.206978676971525,worker1,worker1,worker1,0,0.4013020992279053,0.0,0.0
model_0,277,1,0.5583310127258301,6,6,1,0,0.9654122591018677,0.38840627670288086,0.16992473602294922,0.30434407573628947,worker1,worker1,worker1,0,0.38840627670288086,0.0,0.0
model_0,278,1,0.4808988571166992,6,6,1,0,0.9822300672531128,0.38671088218688965,0.09418797492980957,0.19585818002256777,worker1,worker1,worker1,0,0.38671088218688965,0.0,0.0
model_0,279,1,0.49443650245666504,8,8,1,0,0.9259387850761414,0.4012324810028076,0.09320402145385742,0.1885055431602692,worker1,worker1,worker1,0,0.4012324810028076,0.0,0.0
model_0,280,1,0.46530866622924805,4,4,1,0,0.8928217887878418,0.35917162895202637,0.10613703727722168,0.22810028048119382,worker1,worker1,worker1,0,0.35917162895202637,0.0,0.0
model_0,281,1,0.5036537647247314,2,2,1,0,0.9152886867523193,0.40836310386657715,0.0952906608581543,0.18919874630587694,worker1,worker1,worker1,0,0.40836310386657715,0.0,0.0
model_0,282,1,0.487851619720459,3,5,0,0,0.8205422163009644,0.393465518951416,0.09438610076904297,0.19347296791415103,worker1,worker1,worker1,0,0.393465518951416,0.0,0.0
model_0,283,1,0.48197197914123535,1,1,1,0,0.8230125308036804,0.38471126556396484,0.09726071357727051,0.2017974442218965,worker1,worker1,worker1,0,0.38471126556396484,0.0,0.0
model_0,284,1,0.5521233081817627,8,8,1,0,0.9916018843650818,0.38645052909851074,0.16567277908325195,0.300064816370171,worker1,worker1,worker1,0,0.38645052909851074,0.0,0.0
model_0,285,1,0.5366532802581787,6,6,1,0,0.966378390789032,0.3764805793762207,0.160172700881958,0.2984658936676963,worker1,worker1,worker1,0,0.3764805793762207,0.0,0.0
model_0,286,1,0.5431241989135742,8,8,1,0,0.9203459024429321,0.3793060779571533,0.1638181209564209,0.3016218413469896,worker1,worker1,worker1,0,0.3793060779571533,0.0,0.0
model_0,287,1,1.1899354457855225,2,2,1,3,0.7698054909706116,0.9971554279327393,0.1927800178527832,0.16200880353263336,worker1->worker2->worker3,worker1,worker3,0,0.5707087516784668,0.1906905174255371,0.23575615882873535
model_0,288,1,0.5266733169555664,4,4,1,0,0.9336035251617432,0.35231590270996094,0.17435741424560547,0.33105420121428975,worker1,worker1,worker1,0,0.35231590270996094,0.0,0.0
model_0,289,1,0.7373919486999512,4,4,1,1,0.9675742983818054,0.5701155662536621,0.16727638244628906,0.22684866947788543,worker1,worker1,worker1,0,0.5701155662536621,0.0,0.0
model_0,290,1,0.5387182235717773,8,8,1,0,0.9966636300086975,0.3668220043182373,0.17189621925354004,0.3190837282500748,worker1,worker1,worker1,0,0.3668220043182373,0.0,0.0
model_0,291,1,0.48298192024230957,9,9,1,0,0.6182548403739929,0.3848559856414795,0.09812593460083008,0.20316688987364329,worker1,worker1,worker1,0,0.3848559856414795,0.0,0.0
model_0,292,1,0.5441393852233887,8,8,1,0,0.9996440410614014,0.38703155517578125,0.15710783004760742,0.2887271796786205,worker1,worker1,worker1,0,0.38703155517578125,0.0,0.0
model_0,293,1,0.458202600479126,6,6,1,0,0.7478315234184265,0.36562561988830566,0.09257698059082031,0.20204376948977568,worker1,worker1,worker1,0,0.36562561988830566,0.0,0.0
model_0,294,1,0.5427327156066895,4,4,1,0,0.9411604404449463,0.37981653213500977,0.1629161834716797,0.30017756215334307,worker1,worker1,worker1,0,0.37981653213500977,0.0,0.0
model_0,295,1,0.528825044631958,4,4,1,0,0.8272407054901123,0.3617513179779053,0.16707372665405273,0.3159338392725512,worker1,worker1,worker1,0,0.3617513179779053,0.0,0.0
model_0,296,1,0.48667073249816895,7,7,1,0,0.9987502098083496,0.3962132930755615,0.09045743942260742,0.18586989802791923,worker1,worker1,worker1,0,0.3962132930755615,0.0,0.0
model_0,297,1,0.4947993755340576,1,1,1,0,0.9866525530815125,0.39612245559692383,0.09867691993713379,0.1994281416192728,worker1,worker1,worker1,0,0.39612245559692383,0.0,0.0
model_0,298,1,0.5084750652313232,8,8,1,0,0.9852295517921448,0.4047281742095947,0.10374689102172852,0.20403535613792664,worker1,worker1,worker1,0,0.4047281742095947,0.0,0.0
model_0,299,1,0.48505568504333496,9,1,0,0,0.9057693481445312,0.375286340713501,0.10976934432983398,0.22630256218938485,worker1,worker1,worker1,0,0.375286340713501,0.0,0.0
model_0,300,1,0.520533561706543,7,7,1,0,0.99664306640625,0.40998363494873047,0.1105499267578125,0.21237809603549895,worker1,worker1,worker1,0,0.40998363494873047,0.0,0.0
model_0,301,1,0.5446088314056396,7,7,1,0,0.9924418926239014,0.4045531749725342,0.14005565643310547,0.2571674353344964,worker1,worker1,worker1,0,0.4045531749725342,0.0,0.0
model_0,302,1,1.239461898803711,4,6,0,3,0.4091918468475342,0.9211313724517822,0.3183305263519287,0.25682961828771916,worker1->worker2->worker3,worker1,worker3,0,0.5444991588592529,0.1560964584350586,0.2205357551574707
model_0,303,1,0.7186970710754395,5,5,1,1,0.9085812568664551,0.5469832420349121,0.17171382904052734,0.23892379133197145,worker1,worker1,worker1,0,0.5469832420349121,0.0,0.0
model_0,304,1,0.4712483882904053,2,2,1,0,0.9125319719314575,0.37787890434265137,0.0933694839477539,0.19813220855031397,worker1,worker1,worker1,0,0.37787890434265137,0.0,0.0
model_0,305,1,0.8711621761322021,0,0,1,2,0.8390187621116638,0.71811842918396,0.1530437469482422,0.17567767648927082,worker1->worker2,worker1,worker2,0,0.5510833263397217,0.16703510284423828,0.0
model_0,306,1,0.9169394969940186,5,5,1,2,0.9881691932678223,0.692634105682373,0.2243053913116455,0.24462398233141952,worker1->worker2,worker1,worker2,0,0.5485258102416992,0.14410829544067383,0.0
model_0,307,1,0.478543758392334,4,4,1,0,0.9503822922706604,0.38800644874572754,0.09053730964660645,0.18919337690406038,worker1,worker1,worker1,0,0.38800644874572754,0.0,0.0
model_0,308,1,0.4913196563720703,1,1,1,0,0.9968687891960144,0.3964688777923584,0.09485077857971191,0.19305309150481573,worker1,worker1,worker1,0,0.3964688777923584,0.0,0.0
model_0,309,1,0.4892604351043701,7,7,1,0,0.5918135046958923,0.40027284622192383,0.08898758888244629,0.1818818414439403,worker1,worker1,worker1,0,0.40027284622192383,0.0,0.0
model_0,310,1,0.4632091522216797,5,5,1,0,0.9118167161941528,0.34988975524902344,0.11331939697265625,0.24463980564534393,worker1,worker1,worker1,0,0.34988975524902344,0.0,0.0
model_0,311,1,0.48680925369262695,0,0,1,0,0.7988569736480713,0.39923763275146484,0.08757162094116211,0.17988898172518128,worker1,worker1,worker1,0,0.39923763275146484,0.0,0.0
model_0,312,1,0.7060792446136475,1,1,1,1,0.9392036199569702,0.6135737895965576,0.09250545501708984,0.13101285121007486,worker1,worker1,worker1,0,0.6135737895965576,0.0,0.0
model_0,313,1,0.4873342514038086,9,9,1,0,0.9939654469490051,0.3873884677886963,0.0999457836151123,0.20508672092554506,worker1,worker1,worker1,0,0.3873884677886963,0.0,0.0
model_0,314,1,0.4981715679168701,4,4,1,0,0.7112162113189697,0.4026358127593994,0.0955357551574707,0.1917727973857648,worker1,worker1,worker1,0,0.4026358127593994,0.0,0.0
model_0,315,1,0.5179767608642578,7,7,1,0,0.974668025970459,0.383516788482666,0.1344599723815918,0.2595868821551797,worker1,worker1,worker1,0,0.383516788482666,0.0,0.0
model_0,316,1,0.4948146343231201,8,8,1,0,0.9996660947799683,0.40610218048095703,0.08871245384216309,0.17928421612573558,worker1,worker1,worker1,0,0.40610218048095703,0.0,0.0
model_0,317,1,0.5274922847747803,8,8,1,0,0.9930039048194885,0.4161715507507324,0.11132073402404785,0.21103765351104176,worker1,worker1,worker1,0,0.4161715507507324,0.0,0.0
model_0,318,1,0.7445685863494873,6,2,0,1,0.8116304278373718,0.5649590492248535,0.1796095371246338,0.24122631604058603,worker1,worker1,worker1,0,0.5649590492248535,0.0,0.0
model_0,319,1,0.673236608505249,8,0,0,1,0.9838500022888184,0.5845494270324707,0.08868718147277832,0.13173255932960284,worker1,worker1,worker1,0,0.5845494270324707,0.0,0.0
model_0,320,1,1.208972454071045,0,1,0,3,0.8678345084190369,1.0032451152801514,0.20572733879089355,0.1701671019038818,worker1->worker2->worker3,worker1,worker3,0,0.6024680137634277,0.1902155876159668,0.21056151390075684
model_0,321,1,0.6746227741241455,3,6,0,1,0.8689559698104858,0.5485572814941406,0.12606549263000488,0.18686812462516428,worker1,worker1,worker1,0,0.5485572814941406,0.0,0.0
model_0,322,1,0.9424693584442139,2,2,1,2,0.9785838723182678,0.7526102066040039,0.18985915184020996,0.20144862020089538,worker1->worker2,worker1,worker2,0,0.5952475070953369,0.157362699508667,0.0
model_0,323,1,0.464536190032959,1,1,1,0,0.949220597743988,0.3737173080444336,0.09081888198852539,0.19550442772194296,worker1,worker1,worker1,0,0.3737173080444336,0.0,0.0
model_0,324,1,0.6750998497009277,0,0,1,1,0.9939223527908325,0.5803115367889404,0.0947883129119873,0.14040636056129913,worker1,worker1,worker1,0,0.5803115367889404,0.0,0.0
model_0,325,1,0.6527669429779053,3,6,0,1,0.5274255275726318,0.561211109161377,0.09155583381652832,0.14025807342334626,worker1,worker1,worker1,0,0.561211109161377,0.0,0.0
model_0,326,1,0.8749740123748779,5,4,0,2,0.9275607466697693,0.722844123840332,0.1521298885345459,0.17386789365507083,worker1->worker2,worker1,worker2,0,0.5791923999786377,0.14365172386169434,0.0
model_0,327,1,0.5583755970001221,4,3,0,0,0.8453181982040405,0.40215420722961426,0.1562213897705078,0.2797783259329538,worker1,worker1,worker1,0,0.40215420722961426,0.0,0.0
model_0,328,1,0.502875566482544,6,6,1,0,0.9768009185791016,0.3921482563018799,0.11072731018066406,0.2201882882383145,worker1,worker1,worker1,0,0.3921482563018799,0.0,0.0
model_0,329,1,0.5247330665588379,3,3,1,0,0.8330996632575989,0.41628146171569824,0.10845160484313965,0.2066795705373735,worker1,worker1,worker1,0,0.41628146171569824,0.0,0.0
model_0,330,1,1.233182668685913,5,5,1,3,0.8105118274688721,0.9274685382843018,0.30571413040161133,0.24790660634841888,worker1->worker2->worker3,worker1,worker3,0,0.5754117965698242,0.15041184425354004,0.2016448974609375
model_0,331,1,1.1750380992889404,3,2,0,3,0.6412728428840637,0.939154863357544,0.23588323593139648,0.20074518100658886,worker1->worker2->worker3,worker1,worker3,0,0.5871813297271729,0.1626288890838623,0.1893446445465088
model_0,332,1,0.48508453369140625,4,4,1,0,0.8450828790664673,0.38611626625061035,0.0989682674407959,0.20402272298328117,worker1,worker1,worker1,0,0.38611626625061035,0.0,0.0
model_0,333,1,0.4847557544708252,8,8,1,0,0.828002393245697,0.390247106552124,0.09450864791870117,0.19496137394360552,worker1,worker1,worker1,0,0.390247106552124,0.0,0.0
model_0,334,1,0.5266704559326172,4,6,0,0,0.8154835104942322,0.4221031665802002,0.10456728935241699,0.19854405762565777,worker1,worker1,worker1,0,0.4221031665802002,0.0,0.0
model_0,335,1,0.7019407749176025,1,1,1,1,0.988720715045929,0.6104409694671631,0.09149980545043945,0.1303526005611801,worker1,worker1,worker1,0,0.6104409694671631,0.0,0.0
model_0,336,1,0.5325231552124023,8,8,1,0,0.9788884520530701,0.37214183807373047,0.16038131713867188,0.3011724759174127,worker1,worker1,worker1,0,0.37214183807373047,0.0,0.0
model_0,337,1,0.5664350986480713,6,6,1,0,0.9908714890480042,0.3847641944885254,0.1816709041595459,0.32072677804243704,worker1,worker1,worker1,0,0.3847641944885254,0.0,0.0
model_0,338,1,0.6891779899597168,3,3,1,1,0.8992002606391907,0.6011562347412109,0.08802175521850586,0.1277199163363456,worker1,worker1,worker1,0,0.6011562347412109,0.0,0.0
model_0,339,1,0.4993433952331543,3,3,1,0,0.8337819576263428,0.4022636413574219,0.09707975387573242,0.19441481514019782,worker1,worker1,worker1,0,0.4022636413574219,0.0,0.0
model_0,340,1,0.5196561813354492,6,6,1,0,0.730057418346405,0.4059133529663086,0.11374282836914062,0.21888093022743665,worker1,worker1,worker1,0,0.4059133529663086,0.0,0.0
model_0,341,1,0.954068660736084,5,5,1,2,0.9960711002349854,0.7327883243560791,0.22128033638000488,0.23193334556161027,worker1->worker2,worker1,worker2,0,0.5774078369140625,0.1553804874420166,0.0
model_0,342,1,0.6991069316864014,4,2,0,1,0.7129479646682739,0.596142053604126,0.10296487808227539,0.14728058529458607,worker1,worker1,worker1,0,0.596142053604126,0.0,0.0
model_0,343,1,0.73341965675354,4,4,1,1,0.7386084794998169,0.5756757259368896,0.1577439308166504,0.21508004232515274,worker1,worker1,worker1,0,0.5756757259368896,0.0,0.0
model_0,344,1,0.497361421585083,9,9,1,0,0.9590250253677368,0.39919090270996094,0.09817051887512207,0.19738265698665203,worker1,worker1,worker1,0,0.39919090270996094,0.0,0.0
model_0,345,1,0.5588207244873047,7,7,1,0,0.8513649702072144,0.40209269523620605,0.15672802925109863,0.2804620916571951,worker1,worker1,worker1,0,0.40209269523620605,0.0,0.0
model_0,346,1,0.5251636505126953,5,5,1,0,0.7905774116516113,0.35854053497314453,0.16662311553955078,0.31727846239335794,worker1,worker1,worker1,0,0.35854053497314453,0.0,0.0
model_0,347,1,0.5302472114562988,1,1,1,0,0.581649124622345,0.3563098907470703,0.17393732070922852,0.3280306184572247,worker1,worker1,worker1,0,0.3563098907470703,0.0,0.0
model_0,348,1,0.8969416618347168,2,2,1,2,0.9016796350479126,0.7479455471038818,0.14899611473083496,0.16611572532605928,worker1->worker2,worker1,worker2,0,0.6054747104644775,0.1424708366394043,0.0
model_0,349,1,0.53031325340271,2,6,0,0,0.9111018776893616,0.37152528762817383,0.15878796577453613,0.2994229632310462,worker1,worker1,worker1,0,0.37152528762817383,0.0,0.0
model_0,350,1,0.5491101741790771,2,2,1,0,0.542796790599823,0.38244032859802246,0.1666698455810547,0.30352714886448257,worker1,worker1,worker1,0,0.38244032859802246,0.0,0.0
model_0,351,1,0.50893235206604,7,7,1,0,0.9530119895935059,0.4101240634918213,0.09880828857421875,0.19414817740137927,worker1,worker1,worker1,0,0.4101240634918213,0.0,0.0
model_0,352,1,0.6992526054382324,8,8,1,1,0.7814939618110657,0.6060037612915039,0.09324884414672852,0.13335501851764717,worker1,worker1,worker1,0,0.6060037612915039,0.0,0.0
model_0,353,1,0.5003371238708496,5,5,1,0,0.9403756856918335,0.4077897071838379,0.09254741668701172,0.1849701176898892,worker1,worker1,worker1,0,0.4077897071838379,0.0,0.0
model_0,354,1,0.5470476150512695,4,3,0,0,0.97390216588974,0.383624792098999,0.1634228229522705,0.298736012105554,worker1,worker1,worker1,0,0.383624792098999,0.0,0.0
model_0,355,1,0.5370848178863525,0,0,1,0,0.9975518584251404,0.3681678771972656,0.16891694068908691,0.31450701092956573,worker1,worker1,worker1,0,0.3681678771972656,0.0,0.0
model_0,356,1,0.7676968574523926,8,8,1,1,0.99901282787323,0.5854408740997314,0.18225598335266113,0.23740618654800658,worker1,worker1,worker1,0,0.5854408740997314,0.0,0.0
model_0,357,1,0.5408246517181396,7,7,1,0,0.9972797632217407,0.37413525581359863,0.16668939590454102,0.30821338371871065,worker1,worker1,worker1,0,0.37413525581359863,0.0,0.0
model_0,358,1,1.214719295501709,0,0,1,3,0.5743623375892639,0.930795431137085,0.283923864364624,0.2337361935519074,worker1->worker2->worker3,worker1,worker3,0,0.5945229530334473,0.14170575141906738,0.1945667266845703
model_0,359,1,0.5285599231719971,7,0,0,0,0.8836100101470947,0.3516116142272949,0.17694830894470215,0.3347743580005061,worker1,worker1,worker1,0,0.3516116142272949,0.0,0.0
model_0,360,1,0.6870570182800293,3,3,1,1,0.9835616946220398,0.5933880805969238,0.09366893768310547,0.13633357231048338,worker1,worker1,worker1,0,0.5933880805969238,0.0,0.0
model_0,361,1,0.5411872863769531,1,1,1,0,0.8420365452766418,0.3845407962799072,0.1566464900970459,0.2894496859779092,worker1,worker1,worker1,0,0.3845407962799072,0.0,0.0
model_0,362,1,0.5705339908599854,8,0,0,0,0.805066704750061,0.40451812744140625,0.1660158634185791,0.2909832999929377,worker1,worker1,worker1,0,0.40451812744140625,0.0,0.0
model_0,363,1,0.48967599868774414,4,2,0,0,0.6363417506217957,0.3980083465576172,0.09166765213012695,0.1872006232198067,worker1,worker1,worker1,0,0.3980083465576172,0.0,0.0
model_0,364,1,0.4934515953063965,9,1,0,0,0.9278730750083923,0.40110135078430176,0.09235024452209473,0.18715157758229992,worker1,worker1,worker1,0,0.40110135078430176,0.0,0.0
model_0,365,1,0.6614036560058594,3,3,1,1,0.9144270420074463,0.5626323223114014,0.09877133369445801,0.1493359354723358,worker1,worker1,worker1,0,0.5626323223114014,0.0,0.0
model_0,366,1,0.5428426265716553,0,0,1,0,0.9665665626525879,0.3789491653442383,0.163893461227417,0.30191708094571135,worker1,worker1,worker1,0,0.3789491653442383,0.0,0.0
model_0,367,1,0.49913668632507324,7,7,1,0,0.865354061126709,0.4018228054046631,0.09731388092041016,0.19496439269349247,worker1,worker1,worker1,0,0.4018228054046631,0.0,0.0
model_0,368,1,0.9766108989715576,2,2,1,2,0.8577776551246643,0.7732784748077393,0.20333242416381836,0.2082020837346196,worker1->worker2,worker1,worker2,0,0.6110508441925049,0.16222763061523438,0.0
model_0,369,1,0.690575122833252,9,9,1,1,0.9774991273880005,0.6022481918334961,0.08832693099975586,0.12790343596127993,worker1,worker1,worker1,0,0.6022481918334961,0.0,0.0
model_0,370,1,0.4891016483306885,0,8,0,0,0.7755029797554016,0.3943774700164795,0.09472417831420898,0.1936697180177251,worker1,worker1,worker1,0,0.3943774700164795,0.0,0.0
model_0,371,1,0.7440087795257568,1,1,1,1,0.6656762361526489,0.5781238079071045,0.16588497161865234,0.22296104049254648,worker1,worker1,worker1,0,0.5781238079071045,0.0,0.0
model_0,372,1,0.5622684955596924,6,6,1,0,0.9252210259437561,0.4002346992492676,0.1620337963104248,0.2881786861437673,worker1,worker1,worker1,0,0.4002346992492676,0.0,0.0
model_0,373,1,0.7333948612213135,5,5,1,1,0.9776163101196289,0.5648744106292725,0.16852045059204102,0.2297813354069675,worker1,worker1,worker1,0,0.5648744106292725,0.0,0.0
model_0,374,1,0.4848964214324951,1,1,1,0,0.9827102422714233,0.3936457633972168,0.09125065803527832,0.18818587640985876,worker1,worker1,worker1,0,0.3936457633972168,0.0,0.0
model_0,375,1,0.6959912776947021,7,7,1,1,0.9341107606887817,0.601933479309082,0.09405779838562012,0.13514220853049072,worker1,worker1,worker1,0,0.601933479309082,0.0,0.0
model_0,376,1,0.993267297744751,1,0,0,2,0.7398634552955627,0.7448184490203857,0.24844884872436523,0.25013291919353153,worker1->worker2,worker1,worker2,0,0.5862202644348145,0.1585981845855713,0.0
model_0,377,1,0.49305200576782227,9,9,1,0,0.9836657643318176,0.40091872215270996,0.0921332836151123,0.18686321632874114,worker1,worker1,worker1,0,0.40091872215270996,0.0,0.0
model_0,378,1,0.7131199836730957,3,3,1,1,0.9969336986541748,0.6252543926239014,0.08786559104919434,0.12321291376048882,worker1,worker1,worker1,0,0.6252543926239014,0.0,0.0
model_0,379,1,0.9105894565582275,8,0,0,2,0.7383798360824585,0.6930592060089111,0.2175302505493164,0.23888948964061113,worker1->worker2,worker1,worker2,0,0.5476901531219482,0.1453690528869629,0.0
model_0,380,1,0.7218515872955322,4,0,0,1,0.8116182684898376,0.5645661354064941,0.15728545188903809,0.217891675598192,worker1,worker1,worker1,0,0.5645661354064941,0.0,0.0
model_0,381,1,1.1601231098175049,3,3,1,3,0.9516903758049011,0.9690127372741699,0.19111037254333496,0.16473283820145423,worker1->worker2->worker3,worker1,worker3,0,0.6062147617340088,0.13734698295593262,0.22545099258422852
model_0,382,1,0.5232093334197998,3,3,1,0,0.787474513053894,0.3602280616760254,0.16298127174377441,0.3115029899762998,worker1,worker1,worker1,0,0.3602280616760254,0.0,0.0
model_0,383,1,0.5495636463165283,3,5,0,0,0.616916298866272,0.3749511241912842,0.17461252212524414,0.3177293900271449,worker1,worker1,worker1,0,0.3749511241912842,0.0,0.0
model_0,384,1,0.7008559703826904,1,1,1,1,0.9927686452865601,0.611189603805542,0.08966636657714844,0.12793836446622214,worker1,worker1,worker1,0,0.611189603805542,0.0,0.0
model_0,385,1,0.5515308380126953,9,9,1,0,0.9913133978843689,0.38913917541503906,0.16239166259765625,0.2944380466245448,worker1,worker1,worker1,0,0.38913917541503906,0.0,0.0
model_0,386,1,0.526085615158081,5,5,1,0,0.9496122598648071,0.39476895332336426,0.1313166618347168,0.24961082008535446,worker1,worker1,worker1,0,0.39476895332336426,0.0,0.0
model_0,387,1,0.540574312210083,1,1,1,0,0.9246490001678467,0.3925743103027344,0.14800000190734863,0.27378289823329877,worker1,worker1,worker1,0,0.3925743103027344,0.0,0.0
model_0,388,1,0.7583599090576172,9,9,1,1,0.9933792352676392,0.58146071434021,0.17689919471740723,0.23326548859529325,worker1,worker1,worker1,0,0.58146071434021,0.0,0.0
model_0,389,1,0.4508547782897949,1,1,1,0,0.8332268595695496,0.3604121208190918,0.09044265747070312,0.20060263709253515,worker1,worker1,worker1,0,0.3604121208190918,0.0,0.0
model_0,390,1,0.5669724941253662,1,1,1,0,0.9987732768058777,0.396984338760376,0.16998815536499023,0.2998172876573502,worker1,worker1,worker1,0,0.396984338760376,0.0,0.0
model_0,391,1,0.8107142448425293,7,7,1,1,0.9543200731277466,0.6393115520477295,0.1714026927947998,0.21142183437037368,worker1,worker1,worker1,0,0.6393115520477295,0.0,0.0
model_0,392,1,0.7629790306091309,9,1,0,1,0.6414136290550232,0.5936949253082275,0.16928410530090332,0.22187255286132032,worker1,worker1,worker1,0,0.5936949253082275,0.0,0.0
model_0,393,1,0.9874393939971924,9,9,1,2,0.9557300806045532,0.7519619464874268,0.23547744750976562,0.2384728105251543,worker1->worker2,worker1,worker2,0,0.5885655879974365,0.16339635848999023,0.0
model_0,394,1,0.7246668338775635,4,4,1,1,0.8129672408103943,0.556232213973999,0.16843461990356445,0.23243042461637264,worker1,worker1,worker1,0,0.556232213973999,0.0,0.0
model_0,395,1,0.5475430488586426,7,7,1,0,0.5066864490509033,0.38533711433410645,0.16220593452453613,0.2962432540467011,worker1,worker1,worker1,0,0.38533711433410645,0.0,0.0
model_0,396,1,0.5392663478851318,6,6,1,0,0.9818949103355408,0.37653064727783203,0.1627357006072998,0.30177240105099945,worker1,worker1,worker1,0,0.37653064727783203,0.0,0.0
model_0,397,1,0.6912851333618164,8,8,1,1,0.9793621301651001,0.6017448902130127,0.08954024314880371,0.12952722231036123,worker1,worker1,worker1,0,0.6017448902130127,0.0,0.0
model_0,398,1,0.5241498947143555,1,1,1,0,0.9334373474121094,0.42888712882995605,0.09526276588439941,0.18174718118814945,worker1,worker1,worker1,0,0.42888712882995605,0.0,0.0
model_0,399,1,0.55293869972229,6,6,1,0,0.9804450273513794,0.390028715133667,0.16290998458862305,0.29462575990872686,worker1,worker1,worker1,0,0.390028715133667,0.0,0.0
model_0,400,1,0.5686759948730469,7,7,1,0,0.9819155931472778,0.3941376209259033,0.17453837394714355,0.30692059366090896,worker1,worker1,worker1,0,0.3941376209259033,0.0,0.0
model_0,401,1,0.722970724105835,3,3,1,1,0.9309594035148621,0.621321439743042,0.10164928436279297,0.14059944749285952,worker1,worker1,worker1,0,0.621321439743042,0.0,0.0
model_0,402,1,0.5313260555267334,0,0,1,0,0.8155949115753174,0.3600015640258789,0.1713244915008545,0.32244699788157555,worker1,worker1,worker1,0,0.3600015640258789,0.0,0.0
model_0,403,1,0.5710077285766602,1,1,1,0,0.9942241311073303,0.39652180671691895,0.1744859218597412,0.3055754119032309,worker1,worker1,worker1,0,0.39652180671691895,0.0,0.0
model_0,404,1,0.48704981803894043,5,5,1,0,0.8262104988098145,0.39060258865356445,0.09644722938537598,0.19802333521796914,worker1,worker1,worker1,0,0.39060258865356445,0.0,0.0
model_0,405,1,0.5650248527526855,8,0,0,0,0.8638614416122437,0.39942169189453125,0.1656031608581543,0.2930900473693671,worker1,worker1,worker1,0,0.39942169189453125,0.0,0.0
model_0,406,1,0.5539968013763428,0,0,1,0,0.525024950504303,0.3851299285888672,0.16886687278747559,0.3048156097073933,worker1,worker1,worker1,0,0.3851299285888672,0.0,0.0
model_0,407,1,0.7565405368804932,5,5,1,1,0.9959189295768738,0.5933706760406494,0.16316986083984375,0.21567893970712484,worker1,worker1,worker1,0,0.5933706760406494,0.0,0.0
model_0,408,1,0.5519909858703613,5,5,1,0,0.9442455768585205,0.38595128059387207,0.16603970527648926,0.30080147960148895,worker1,worker1,worker1,0,0.38595128059387207,0.0,0.0
model_0,409,1,0.5622382164001465,8,8,1,0,0.8672927618026733,0.38408470153808594,0.17815351486206055,0.31686482644799124,worker1,worker1,worker1,0,0.38408470153808594,0.0,0.0
model_0,410,1,0.5013165473937988,6,6,1,0,0.8202880024909973,0.40346765518188477,0.09784889221191406,0.19518384685405346,worker1,worker1,worker1,0,0.40346765518188477,0.0,0.0
model_0,411,1,0.5171241760253906,4,2,0,0,0.7708985209465027,0.3943748474121094,0.12274932861328125,0.23736915484542015,worker1,worker1,worker1,0,0.3943748474121094,0.0,0.0
model_0,412,1,0.5547213554382324,4,4,1,0,0.908889651298523,0.39908576011657715,0.15563559532165527,0.28056535735622157,worker1,worker1,worker1,0,0.39908576011657715,0.0,0.0
model_0,413,1,0.5615231990814209,6,6,1,0,0.9339561462402344,0.42568182945251465,0.13584136962890625,0.24191586358520023,worker1,worker1,worker1,0,0.42568182945251465,0.0,0.0
model_0,414,1,0.9640305042266846,0,0,1,2,0.890469491481781,0.7339897155761719,0.2300407886505127,0.23862397262526905,worker1->worker2,worker1,worker2,0,0.5636758804321289,0.17031383514404297,0.0
model_0,415,1,0.5073845386505127,6,6,1,0,0.9609513878822327,0.373380184173584,0.1340043544769287,0.26410807635829664,worker1,worker1,worker1,0,0.373380184173584,0.0,0.0
model_0,416,1,0.5517175197601318,9,9,1,0,0.7711929678916931,0.38541555404663086,0.16630196571350098,0.3014259285907822,worker1,worker1,worker1,0,0.38541555404663086,0.0,0.0
model_0,417,1,0.5207934379577637,6,6,1,0,0.9941253662109375,0.42592430114746094,0.09486913681030273,0.18216269617820458,worker1,worker1,worker1,0,0.42592430114746094,0.0,0.0
model_0,418,1,0.510059118270874,8,8,1,0,0.9714372158050537,0.40676188468933105,0.10329723358154297,0.2025201194946299,worker1,worker1,worker1,0,0.40676188468933105,0.0,0.0
model_0,419,1,0.4894108772277832,9,9,1,0,0.9998069405555725,0.39060425758361816,0.09880661964416504,0.20188889181181427,worker1,worker1,worker1,0,0.39060425758361816,0.0,0.0
model_0,420,1,0.5033173561096191,4,2,0,0,0.8731738328933716,0.41052865982055664,0.0927886962890625,0.18435425514882056,worker1,worker1,worker1,0,0.41052865982055664,0.0,0.0
model_0,421,1,0.7283096313476562,0,0,1,1,0.9724788069725037,0.5606658458709717,0.16764378547668457,0.23018202459643206,worker1,worker1,worker1,0,0.5606658458709717,0.0,0.0
model_0,422,1,0.5258853435516357,0,0,1,0,0.8376890420913696,0.35871362686157227,0.16717171669006348,0.31788624410227395,worker1,worker1,worker1,0,0.35871362686157227,0.0,0.0
model_0,423,1,0.5432369709014893,8,8,1,0,0.9786591529846191,0.3725881576538086,0.17064881324768066,0.3141332832419209,worker1,worker1,worker1,0,0.3725881576538086,0.0,0.0
model_0,424,1,0.9399693012237549,2,0,0,2,0.8665637969970703,0.7837488651275635,0.1562204360961914,0.16619738101319537,worker1->worker2,worker1,worker2,0,0.6118943691253662,0.17185449600219727,0.0
model_0,425,1,0.48038578033447266,7,7,1,0,0.9984717965126038,0.3904447555541992,0.08994102478027344,0.1872266592022171,worker1,worker1,worker1,0,0.3904447555541992,0.0,0.0
model_0,426,1,0.7063624858856201,0,8,0,1,0.8909448981285095,0.6120617389678955,0.09430074691772461,0.1335019183521512,worker1,worker1,worker1,0,0.6120617389678955,0.0,0.0
model_0,427,1,0.9789304733276367,2,2,1,2,0.9975355863571167,0.7799093723297119,0.1990211009979248,0.20330463339383117,worker1->worker2,worker1,worker2,0,0.6203875541687012,0.15952181816101074,0.0
model_0,428,1,0.4942295551300049,1,1,1,0,0.9902524948120117,0.39500951766967773,0.09922003746032715,0.20075698919751522,worker1,worker1,worker1,0,0.39500951766967773,0.0,0.0
model_0,429,1,0.7761871814727783,6,6,1,1,0.894001305103302,0.6065459251403809,0.16964125633239746,0.21855714753045938,worker1,worker1,worker1,0,0.6065459251403809,0.0,0.0
model_0,430,1,0.5569424629211426,9,1,0,0,0.9971303343772888,0.3938581943511963,0.1630842685699463,0.2928206761513126,worker1,worker1,worker1,0,0.3938581943511963,0.0,0.0
model_0,431,1,0.7284703254699707,4,4,1,1,0.779823362827301,0.6355297565460205,0.0929405689239502,0.12758319134549487,worker1,worker1,worker1,0,0.6355297565460205,0.0,0.0
model_0,432,1,0.7259430885314941,5,3,0,1,0.5555516481399536,0.6281721591949463,0.09777092933654785,0.13468125929035024,worker1,worker1,worker1,0,0.6281721591949463,0.0,0.0
model_0,433,1,0.5553591251373291,8,8,1,0,0.9907212257385254,0.37724924087524414,0.17810988426208496,0.32071118705043694,worker1,worker1,worker1,0,0.37724924087524414,0.0,0.0
model_0,434,1,0.758594274520874,3,7,0,1,0.9366216063499451,0.5816934108734131,0.17690086364746094,0.2331956219405835,worker1,worker1,worker1,0,0.5816934108734131,0.0,0.0
model_0,435,1,0.7248327732086182,3,3,1,1,0.9234074354171753,0.6296360492706299,0.09519672393798828,0.13133611980123475,worker1,worker1,worker1,0,0.6296360492706299,0.0,0.0
model_0,436,1,0.9836957454681396,2,2,1,2,0.9858161211013794,0.7394447326660156,0.24425101280212402,0.24829934858149177,worker1->worker2,worker1,worker2,0,0.6048674583435059,0.13457727432250977,0.0
model_0,437,1,0.7741987705230713,3,3,1,1,0.9931572079658508,0.5972540378570557,0.17694473266601562,0.2285520713840279,worker1,worker1,worker1,0,0.5972540378570557,0.0,0.0
model_0,438,1,0.7078022956848145,6,6,1,1,0.9832260012626648,0.6012454032897949,0.10655689239501953,0.1505461243127551,worker1,worker1,worker1,0,0.6012454032897949,0.0,0.0
model_0,439,1,0.4931497573852539,1,1,1,0,0.9036584496498108,0.3917829990386963,0.10136675834655762,0.20554964659015093,worker1,worker1,worker1,0,0.3917829990386963,0.0,0.0
model_0,440,1,0.8777227401733398,6,6,1,2,0.4952607750892639,0.732008695602417,0.14571404457092285,0.166013751155799,worker1->worker2,worker1,worker2,0,0.5883181095123291,0.1436905860900879,0.0
model_0,441,1,1.1521186828613281,8,1,0,3,0.9255660772323608,0.9562211036682129,0.19589757919311523,0.17003246462994295,worker1->worker2->worker3,worker1,worker3,0,0.5942387580871582,0.14776849746704102,0.21421384811401367
model_0,442,1,0.8922548294067383,2,5,0,2,0.8282008767127991,0.7247393131256104,0.16751551628112793,0.18774402867901457,worker1->worker2,worker1,worker2,0,0.5877296924591064,0.1370096206665039,0.0
model_0,443,1,0.49275803565979004,8,8,1,0,0.9946687817573547,0.4008462429046631,0.09191179275512695,0.18652520325124577,worker1,worker1,worker1,0,0.4008462429046631,0.0,0.0
model_0,444,1,0.6901638507843018,6,6,1,1,0.9103296995162964,0.5986723899841309,0.0914914608001709,0.13256484050301978,worker1,worker1,worker1,0,0.5986723899841309,0.0,0.0
model_0,445,1,0.5436153411865234,6,6,1,0,0.8792210817337036,0.3702812194824219,0.17333412170410156,0.3188543600071576,worker1,worker1,worker1,0,0.3702812194824219,0.0,0.0
model_0,446,1,0.5653336048126221,7,7,1,0,0.9765955209732056,0.4028432369232178,0.1624903678894043,0.28742386178026896,worker1,worker1,worker1,0,0.4028432369232178,0.0,0.0
model_0,447,1,0.47846126556396484,2,7,0,0,0.8001179099082947,0.3851008415222168,0.09336042404174805,0.19512639948335966,worker1,worker1,worker1,0,0.3851008415222168,0.0,0.0
model_0,448,1,1.145967721939087,3,3,1,3,0.8204953074455261,0.9574763774871826,0.1884913444519043,0.16448224574158068,worker1->worker2->worker3,worker1,worker3,0,0.6315097808837891,0.13952112197875977,0.1864454746246338
model_0,449,1,0.7647011280059814,3,3,1,1,0.8648666739463806,0.6028540134429932,0.16184711456298828,0.21164754259617402,worker1,worker1,worker1,0,0.6028540134429932,0.0,0.0
model_0,450,1,0.7641627788543701,4,4,1,1,0.8844412565231323,0.5873899459838867,0.1767728328704834,0.2313287662813158,worker1,worker1,worker1,0,0.5873899459838867,0.0,0.0
model_0,451,1,0.7219042778015137,8,0,0,1,0.5731087923049927,0.6164994239807129,0.10540485382080078,0.14600946006553747,worker1,worker1,worker1,0,0.6164994239807129,0.0,0.0
model_0,452,1,0.49671244621276855,9,1,0,0,0.5235536098480225,0.4040834903717041,0.09262895584106445,0.18648406446692198,worker1,worker1,worker1,0,0.4040834903717041,0.0,0.0
model_0,453,1,0.5626275539398193,4,4,1,0,0.9458763003349304,0.38649678230285645,0.1761307716369629,0.3130503836927305,worker1,worker1,worker1,0,0.38649678230285645,0.0,0.0
model_0,454,1,0.5021071434020996,4,4,1,0,0.879645586013794,0.4075188636779785,0.0945882797241211,0.188382660886329,worker1,worker1,worker1,0,0.4075188636779785,0.0,0.0
model_0,455,1,0.49530839920043945,5,5,1,0,0.8822457790374756,0.39884352684020996,0.09646487236022949,0.19475719070371036,worker1,worker1,worker1,0,0.39884352684020996,0.0,0.0
model_0,456,1,0.499359130859375,5,5,1,0,0.9639618396759033,0.38886070251464844,0.11049842834472656,0.2212804803520137,worker1,worker1,worker1,0,0.38886070251464844,0.0,0.0
model_0,457,1,0.515730619430542,1,1,1,0,0.9908288717269897,0.4193141460418701,0.09641647338867188,0.18695122949095547,worker1,worker1,worker1,0,0.4193141460418701,0.0,0.0
model_0,458,1,0.5892274379730225,5,5,1,0,0.7920332551002502,0.42292356491088867,0.1663038730621338,0.2822405447279051,worker1,worker1,worker1,0,0.42292356491088867,0.0,0.0
model_0,459,1,0.7231087684631348,8,8,1,1,0.98451828956604,0.6229696273803711,0.10013914108276367,0.1384842024466046,worker1,worker1,worker1,0,0.6229696273803711,0.0,0.0
model_0,460,1,0.4999427795410156,3,3,1,0,0.8229562640190125,0.4065084457397461,0.09343433380126953,0.1868900554720465,worker1,worker1,worker1,0,0.4065084457397461,0.0,0.0
model_0,461,1,0.9653122425079346,3,3,1,2,0.9510514140129089,0.8053812980651855,0.15993094444274902,0.16567794067051256,worker1->worker2,worker1,worker2,0,0.6219501495361328,0.18343114852905273,0.0
model_0,462,1,0.5707545280456543,6,2,0,0,0.9486421346664429,0.3994889259338379,0.1712656021118164,0.30006875757649176,worker1,worker1,worker1,0,0.3994889259338379,0.0,0.0
model_0,463,1,0.49532485008239746,4,4,1,0,0.9554255604743958,0.40445375442504883,0.09087109565734863,0.1834575746446644,worker1,worker1,worker1,0,0.40445375442504883,0.0,0.0
model_0,464,1,0.4758141040802002,1,1,1,0,0.8596921563148499,0.3873617649078369,0.08845233917236328,0.18589684167381115,worker1,worker1,worker1,0,0.3873617649078369,0.0,0.0
model_0,465,1,0.47427940368652344,3,5,0,0,0.6259307265281677,0.38550305366516113,0.0887763500213623,0.18718154179016244,worker1,worker1,worker1,0,0.38550305366516113,0.0,0.0
model_0,466,1,0.7087249755859375,8,8,1,1,0.6706438064575195,0.6149532794952393,0.09377169609069824,0.13231041563502488,worker1,worker1,worker1,0,0.6149532794952393,0.0,0.0
model_0,467,1,0.7241520881652832,0,0,1,1,0.8720418810844421,0.6250128746032715,0.09913921356201172,0.13690385649952558,worker1,worker1,worker1,0,0.6250128746032715,0.0,0.0
model_0,468,1,0.5501337051391602,7,7,1,0,0.7162390947341919,0.3872368335723877,0.16289687156677246,0.2961041471283178,worker1,worker1,worker1,0,0.3872368335723877,0.0,0.0
model_0,469,1,0.9876313209533691,2,2,1,2,0.9981995820999146,0.7542750835418701,0.23335623741149902,0.23627869272740176,worker1->worker2,worker1,worker2,0,0.5860490798950195,0.16822600364685059,0.0
model_0,470,1,0.5594873428344727,8,8,1,0,0.9390674829483032,0.3889305591583252,0.17055678367614746,0.3048447580816991,worker1,worker1,worker1,0,0.3889305591583252,0.0,0.0
model_0,471,1,0.5186107158660889,7,7,1,0,0.9997122883796692,0.4020709991455078,0.11653971672058105,0.22471521153580043,worker1,worker1,worker1,0,0.4020709991455078,0.0,0.0
model_0,472,1,0.5516519546508789,0,0,1,0,0.7867236137390137,0.3875448703765869,0.164107084274292,0.29748301060249044,worker1,worker1,worker1,0,0.3875448703765869,0.0,0.0
model_0,473,1,0.686528205871582,0,4,0,1,0.7815663814544678,0.5948524475097656,0.0916757583618164,0.13353531228251492,worker1,worker1,worker1,0,0.5948524475097656,0.0,0.0
model_0,474,1,0.7624421119689941,9,9,1,1,0.9991061091423035,0.5869793891906738,0.1754627227783203,0.23013251763493328,worker1,worker1,worker1,0,0.5869793891906738,0.0,0.0
model_0,475,1,0.9163177013397217,5,5,1,2,0.7554404139518738,0.7606313228607178,0.1556863784790039,0.1699043664128493,worker1->worker2,worker1,worker2,0,0.5899593830108643,0.17067193984985352,0.0
model_0,476,1,0.9813203811645508,6,6,1,2,0.8150565028190613,0.7654249668121338,0.215895414352417,0.2200050243491427,worker1->worker2,worker1,worker2,0,0.6087408065795898,0.15668416023254395,0.0
model_0,477,1,0.5349352359771729,6,6,1,0,0.9261679649353027,0.3659169673919678,0.16901826858520508,0.31596024568554976,worker1,worker1,worker1,0,0.3659169673919678,0.0,0.0
model_0,478,1,0.7956132888793945,4,4,1,1,0.8810707926750183,0.6338560581207275,0.161757230758667,0.20331137377870953,worker1,worker1,worker1,0,0.6338560581207275,0.0,0.0
model_0,479,1,0.5388772487640381,6,6,1,0,0.9920486807823181,0.36290502548217773,0.17597222328186035,0.32655344734903535,worker1,worker1,worker1,0,0.36290502548217773,0.0,0.0
model_0,480,1,0.7511870861053467,3,5,0,1,0.9791163802146912,0.5812971591949463,0.1698899269104004,0.2261619376222543,worker1,worker1,worker1,0,0.5812971591949463,0.0,0.0
model_0,481,1,0.5816221237182617,1,1,1,0,0.93719881772995,0.41463422775268555,0.16698789596557617,0.2871071940971511,worker1,worker1,worker1,0,0.41463422775268555,0.0,0.0
model_0,482,1,0.7732477188110352,9,9,1,1,0.5374962687492371,0.5973877906799316,0.17585992813110352,0.22743025792757604,worker1,worker1,worker1,0,0.5973877906799316,0.0,0.0
model_0,483,1,0.5524141788482666,3,3,1,0,0.8470706343650818,0.39636874198913574,0.15604543685913086,0.28247905798593265,worker1,worker1,worker1,0,0.39636874198913574,0.0,0.0
model_0,484,1,0.5254209041595459,9,9,1,0,0.9548493027687073,0.4204998016357422,0.10492110252380371,0.19968962348697122,worker1,worker1,worker1,0,0.4204998016357422,0.0,0.0
model_0,485,1,0.556098461151123,9,9,1,0,0.8384501934051514,0.38169312477111816,0.17440533638000488,0.3136231235364077,worker1,worker1,worker1,0,0.38169312477111816,0.0,0.0
model_0,486,1,0.5103809833526611,5,5,1,0,0.7279003858566284,0.4086723327636719,0.10170865058898926,0.19927985937264242,worker1,worker1,worker1,0,0.4086723327636719,0.0,0.0
model_0,487,1,0.5131514072418213,9,9,1,0,0.9528146982192993,0.42107486724853516,0.09207653999328613,0.17943347459221776,worker1,worker1,worker1,0,0.42107486724853516,0.0,0.0
model_0,488,1,0.787398099899292,4,4,1,1,0.9861211180686951,0.6218061447143555,0.16559195518493652,0.21030271117763136,worker1,worker1,worker1,0,0.6218061447143555,0.0,0.0
model_0,489,1,0.5465354919433594,6,6,1,0,0.9430091977119446,0.4547116756439209,0.09182381629943848,0.1680107104717633,worker1,worker1,worker1,0,0.4547116756439209,0.0,0.0
model_0,490,1,0.5223641395568848,9,9,1,0,0.9976646900177002,0.4253122806549072,0.09705185890197754,0.18579349452339028,worker1,worker1,worker1,0,0.4253122806549072,0.0,0.0
model_0,491,1,0.8093154430389404,9,0,0,1,0.5668742656707764,0.6316931247711182,0.17762231826782227,0.21947229574769886,worker1,worker1,worker1,0,0.6316931247711182,0.0,0.0
model_0,492,1,0.5620372295379639,1,1,1,0,0.9625325798988342,0.40041017532348633,0.16162705421447754,0.2875735729238914,worker1,worker1,worker1,0,0.40041017532348633,0.0,0.0
model_0,493,1,0.5763969421386719,6,6,1,0,0.9277701377868652,0.40142226219177246,0.17497467994689941,0.3035662876657026,worker1,worker1,worker1,0,0.40142226219177246,0.0,0.0
model_0,494,1,0.7813537120819092,6,6,1,1,0.9930194020271301,0.6029176712036133,0.1784360408782959,0.22836781616210006,worker1,worker1,worker1,0,0.6029176712036133,0.0,0.0
model_0,495,1,0.5417923927307129,2,2,1,0,0.8713181018829346,0.3827784061431885,0.15901398658752441,0.2934961596379578,worker1,worker1,worker1,0,0.3827784061431885,0.0,0.0
model_0,496,1,0.6017205715179443,6,4,0,0,0.9465590715408325,0.43628978729248047,0.16543078422546387,0.27492958036674076,worker1,worker1,worker1,0,0.43628978729248047,0.0,0.0
model_0,497,1,0.9595708847045898,4,4,1,2,0.8111267685890198,0.7985396385192871,0.16103124618530273,0.16781589432538613,worker1->worker2,worker1,worker2,0,0.6108319759368896,0.18770766258239746,0.0
model_0,498,1,0.5740275382995605,8,0,0,0,0.8055834174156189,0.40070652961730957,0.17332100868225098,0.3019384909575577,worker1,worker1,worker1,0,0.40070652961730957,0.0,0.0
model_0,499,1,0.7663767337799072,9,9,1,1,0.987031877040863,0.5953869819641113,0.1709897518157959,0.22311448701273046,worker1,worker1,worker1,0,0.5953869819641113,0.0,0.0
model_0,500,1,0.5161166191101074,4,4,1,0,0.9449906349182129,0.4159579277038574,0.10015869140625,0.19406213188589908,worker1,worker1,worker1,0,0.4159579277038574,0.0,0.0
model_0,501,1,0.5161290168762207,0,8,0,0,0.56706303358078,0.41663551330566406,0.09949350357055664,0.1927686689129075,worker1,worker1,worker1,0,0.41663551330566406,0.0,0.0
model_0,502,1,0.7088425159454346,6,6,1,1,0.995074450969696,0.6169729232788086,0.09186959266662598,0.12960508237022555,worker1,worker1,worker1,0,0.6169729232788086,0.0,0.0
model_0,503,1,0.5002133846282959,9,9,1,0,0.9675123691558838,0.40757012367248535,0.09264326095581055,0.18520748105261703,worker1,worker1,worker1,0,0.40757012367248535,0.0,0.0
model_0,504,1,0.7858889102935791,2,2,1,1,0.7834190726280212,0.6271238327026367,0.15876507759094238,0.20201974542640333,worker1,worker1,worker1,0,0.6271238327026367,0.0,0.0
model_0,505,1,0.5588741302490234,8,8,1,0,0.9662407040596008,0.39585113525390625,0.1630229949951172,0.2916989464559351,worker1,worker1,worker1,0,0.39585113525390625,0.0,0.0
model_0,506,1,0.7474956512451172,3,4,0,1,0.5813223123550415,0.5911650657653809,0.15633058547973633,0.2091391237117348,worker1,worker1,worker1,0,0.5911650657653809,0.0,0.0
model_0,507,1,0.7009701728820801,5,5,1,1,0.9878219962120056,0.6080107688903809,0.09295940399169922,0.13261534882360423,worker1,worker1,worker1,0,0.6080107688903809,0.0,0.0
model_0,508,1,0.7036452293395996,3,5,0,1,0.8653219938278198,0.6147642135620117,0.08888101577758789,0.12631509754000098,worker1,worker1,worker1,0,0.6147642135620117,0.0,0.0
model_0,509,1,0.508610725402832,6,6,1,0,0.7470019459724426,0.41487741470336914,0.09373331069946289,0.1842928314679637,worker1,worker1,worker1,0,0.41487741470336914,0.0,0.0
model_0,510,1,1.2607886791229248,3,5,0,3,0.5212862491607666,1.0207452774047852,0.24004340171813965,0.1903914634489955,worker1->worker2->worker3,worker1,worker3,0,0.6451830863952637,0.14960360527038574,0.22595858573913574
model_0,511,1,0.7742960453033447,2,3,0,1,0.871083676815033,0.6001510620117188,0.17414498329162598,0.22490749416575087,worker1,worker1,worker1,0,0.6001510620117188,0.0,0.0
model_0,512,1,0.4784066677093506,6,6,1,0,0.7809211611747742,0.3898134231567383,0.0885932445526123,0.18518396697270934,worker1,worker1,worker1,0,0.3898134231567383,0.0,0.0
model_0,513,1,0.7407217025756836,6,7,0,1,0.8755778670310974,0.5760266780853271,0.16469502449035645,0.22234399764131205,worker1,worker1,worker1,0,0.5760266780853271,0.0,0.0
model_0,514,1,0.7150850296020508,3,7,0,1,0.7802218198776245,0.6140007972717285,0.10108423233032227,0.1413597378574353,worker1,worker1,worker1,0,0.6140007972717285,0.0,0.0
model_0,515,1,0.5519280433654785,1,1,1,0,0.6150550246238708,0.3880012035369873,0.1639268398284912,0.2970076295252519,worker1,worker1,worker1,0,0.3880012035369873,0.0,0.0
model_0,516,1,0.49138379096984863,1,1,1,0,0.9266133904457092,0.39699649810791016,0.09438729286193848,0.19208466904381485,worker1,worker1,worker1,0,0.39699649810791016,0.0,0.0
model_0,517,1,0.7159860134124756,6,6,1,1,0.9030207991600037,0.6176140308380127,0.09837198257446289,0.13739372101084793,worker1,worker1,worker1,0,0.6176140308380127,0.0,0.0
model_0,518,1,1.2841649055480957,2,3,0,3,0.5793378949165344,1.0088372230529785,0.2753276824951172,0.21440212336094353,worker1->worker2->worker3,worker1,worker3,0,0.6658279895782471,0.15198612213134766,0.1910231113433838
model_0,519,1,0.49399590492248535,8,1,0,0,0.8143686056137085,0.3996129035949707,0.09438300132751465,0.1910602909599516,worker1,worker1,worker1,0,0.3996129035949707,0.0,0.0
model_0,520,1,0.5153956413269043,0,0,1,0,0.9800129532814026,0.4234037399291992,0.09199190139770508,0.17848793047777564,worker1,worker1,worker1,0,0.4234037399291992,0.0,0.0
model_0,521,1,0.5120201110839844,9,9,1,0,0.9587357640266418,0.4203214645385742,0.09169864654541016,0.1790918844013321,worker1,worker1,worker1,0,0.4203214645385742,0.0,0.0
model_0,522,1,0.7275748252868652,7,7,1,1,0.7931163907051086,0.6364753246307373,0.09109950065612793,0.12520980315695995,worker1,worker1,worker1,0,0.6364753246307373,0.0,0.0
model_0,523,1,0.5135500431060791,4,4,1,0,0.8002904057502747,0.3834836483001709,0.1300663948059082,0.25326917318365727,worker1,worker1,worker1,0,0.3834836483001709,0.0,0.0
model_0,524,1,0.915816068649292,4,2,0,2,0.6090767979621887,0.7500877380371094,0.16572833061218262,0.18096246209854133,worker1->worker2,worker1,worker2,0,0.599475622177124,0.15061211585998535,0.0
model_0,525,1,0.52956223487854,8,8,1,0,0.9887287616729736,0.4311215877532959,0.09844064712524414,0.185890610473427,worker1,worker1,worker1,0,0.4311215877532959,0.0,0.0
model_0,526,1,0.5638258457183838,3,5,0,0,0.6553635597229004,0.3955714702606201,0.16825437545776367,0.2984155067304281,worker1,worker1,worker1,0,0.3955714702606201,0.0,0.0
model_0,527,1,0.7528297901153564,4,4,1,1,0.5631533265113831,0.6027989387512207,0.15003085136413574,0.19928920631733563,worker1,worker1,worker1,0,0.6027989387512207,0.0,0.0
model_0,528,1,0.7733845710754395,8,0,0,1,0.8552473187446594,0.6048228740692139,0.16856169700622559,0.2179532709992262,worker1,worker1,worker1,0,0.6048228740692139,0.0,0.0
model_0,529,1,0.5718939304351807,9,9,1,0,0.9610302448272705,0.47184324264526367,0.10005068778991699,0.1749462312247024,worker1,worker1,worker1,0,0.47184324264526367,0.0,0.0
model_0,530,1,0.7551462650299072,3,3,1,1,0.9989534616470337,0.6138825416564941,0.14126372337341309,0.18706802895703709,worker1,worker1,worker1,0,0.6138825416564941,0.0,0.0
model_0,531,1,0.6041195392608643,7,7,1,0,0.9874047636985779,0.4231274127960205,0.18099212646484375,0.29959654456183665,worker1,worker1,worker1,0,0.4231274127960205,0.0,0.0
model_0,532,1,0.5067298412322998,8,1,0,0,0.9490959048271179,0.40488719940185547,0.10184264183044434,0.20098015459830929,worker1,worker1,worker1,0,0.40488719940185547,0.0,0.0
model_0,533,1,0.7630622386932373,0,0,1,1,0.9926597476005554,0.6620638370513916,0.1009984016418457,0.13235932342138687,worker1,worker1,worker1,0,0.6620638370513916,0.0,0.0
model_0,534,1,0.8284921646118164,2,2,1,1,0.9460141062736511,0.6672379970550537,0.1612541675567627,0.1946357182898852,worker1,worker1,worker1,0,0.6672379970550537,0.0,0.0
model_0,535,1,1.0273089408874512,6,4,0,2,0.9132354259490967,0.7687606811523438,0.2585482597351074,0.2516752745398652,worker1->worker2,worker1,worker2,0,0.6220893859863281,0.14667129516601562,0.0
model_0,536,1,0.5178384780883789,9,9,1,0,0.9646190404891968,0.41846323013305664,0.09937524795532227,0.1919039471963727,worker1,worker1,worker1,0,0.41846323013305664,0.0,0.0
model_0,537,1,0.7399044036865234,9,9,1,1,0.9995386600494385,0.6276822090148926,0.11222219467163086,0.1516712079459068,worker1,worker1,worker1,0,0.6276822090148926,0.0,0.0
model_0,538,1,0.547194242477417,6,4,0,0,0.854827880859375,0.45136213302612305,0.09583210945129395,0.17513362168690763,worker1,worker1,worker1,0,0.45136213302612305,0.0,0.0
model_0,539,1,0.5203061103820801,8,0,0,0,0.6284936666488647,0.4173567295074463,0.10294938087463379,0.19786310177874758,worker1,worker1,worker1,0,0.4173567295074463,0.0,0.0
model_0,540,1,0.7835671901702881,7,7,1,1,0.9853516221046448,0.6246376037597656,0.15892958641052246,0.2028282812300796,worker1,worker1,worker1,0,0.6246376037597656,0.0,0.0
model_0,541,1,0.5414960384368896,9,9,1,0,0.9118841886520386,0.3674294948577881,0.17406654357910156,0.32145487911891474,worker1,worker1,worker1,0,0.3674294948577881,0.0,0.0
model_0,542,1,0.494473934173584,9,9,1,0,0.7046113610267639,0.39194369316101074,0.10253024101257324,0.20735216545626897,worker1,worker1,worker1,0,0.39194369316101074,0.0,0.0
model_0,543,1,0.7113242149353027,0,0,1,1,0.9785587787628174,0.6200060844421387,0.09131813049316406,0.12837764914479924,worker1,worker1,worker1,0,0.6200060844421387,0.0,0.0
model_0,544,1,0.6802830696105957,4,2,0,1,0.8844645619392395,0.5924689769744873,0.0878140926361084,0.12908463632113396,worker1,worker1,worker1,0,0.5924689769744873,0.0,0.0
model_0,545,1,0.48903965950012207,8,8,1,0,0.8713767528533936,0.38904881477355957,0.0999908447265625,0.2044636723916612,worker1,worker1,worker1,0,0.38904881477355957,0.0,0.0
model_0,546,1,0.685173511505127,3,3,1,1,0.8520826697349548,0.5965352058410645,0.0886383056640625,0.12936621771812212,worker1,worker1,worker1,0,0.5965352058410645,0.0,0.0
model_0,547,1,0.912015438079834,5,5,1,2,0.9974356293678284,0.7642853260040283,0.14773011207580566,0.16198203002663863,worker1->worker2,worker1,worker2,0,0.584672212600708,0.1796131134033203,0.0
model_0,548,1,0.48749613761901855,5,7,0,0,0.8148683905601501,0.3964550495147705,0.09104108810424805,0.18675242956570307,worker1,worker1,worker1,0,0.3964550495147705,0.0,0.0
model_0,549,1,1.2490649223327637,2,3,0,3,0.4397422671318054,1.0581328868865967,0.190932035446167,0.15285997711758711,worker1->worker2->worker3,worker1,worker3,0,0.6721248626708984,0.1536853313446045,0.23232269287109375
model_0,550,1,0.7624220848083496,4,4,1,1,0.9927091598510742,0.5996336936950684,0.16278839111328125,0.21351478971677668,worker1,worker1,worker1,0,0.5996336936950684,0.0,0.0
model_0,551,1,0.8170053958892822,7,7,1,1,0.7728400230407715,0.6561954021453857,0.16080999374389648,0.19682855774637859,worker1,worker1,worker1,0,0.6561954021453857,0.0,0.0
model_0,552,1,0.6814467906951904,6,3,0,1,0.8793532848358154,0.5868825912475586,0.09456419944763184,0.13876974804028416,worker1,worker1,worker1,0,0.5868825912475586,0.0,0.0
model_0,553,1,0.5003006458282471,8,8,1,0,0.639806866645813,0.40335941314697266,0.09694123268127441,0.19376595551018794,worker1,worker1,worker1,0,0.40335941314697266,0.0,0.0
model_0,554,1,0.5287473201751709,9,9,1,0,0.8258729577064514,0.4338960647583008,0.09485125541687012,0.1793886262826759,worker1,worker1,worker1,0,0.4338960647583008,0.0,0.0
model_0,555,1,0.7266623973846436,4,4,1,1,0.949604868888855,0.6311323642730713,0.09553003311157227,0.13146412069125607,worker1,worker1,worker1,0,0.6311323642730713,0.0,0.0
model_0,556,1,1.0433895587921143,0,0,1,2,0.7716735601425171,0.8227720260620117,0.22061753273010254,0.2114431094992954,worker1->worker2,worker1,worker2,0,0.6428637504577637,0.17990827560424805,0.0
model_0,557,1,0.7704012393951416,2,2,1,1,0.8981663584709167,0.6697120666503906,0.10068917274475098,0.1306970544645076,worker1,worker1,worker1,0,0.6697120666503906,0.0,0.0
model_0,558,1,0.7602794170379639,6,6,1,1,0.6908254027366638,0.6021685600280762,0.1581108570098877,0.20796414248051723,worker1,worker1,worker1,0,0.6021685600280762,0.0,0.0
model_0,559,1,0.7774593830108643,6,6,1,1,0.8685495853424072,0.6169676780700684,0.1604917049407959,0.20643098333865395,worker1,worker1,worker1,0,0.6169676780700684,0.0,0.0
model_0,560,1,0.6003968715667725,0,2,0,0,0.6834837198257446,0.4253668785095215,0.17502999305725098,0.2915238258995245,worker1,worker1,worker1,0,0.4253668785095215,0.0,0.0
model_0,561,1,0.50874924659729,9,9,1,0,0.9513118267059326,0.41738128662109375,0.09136795997619629,0.1795933076801592,worker1,worker1,worker1,0,0.41738128662109375,0.0,0.0
model_0,562,1,0.9123587608337402,8,8,1,2,0.5512314438819885,0.7608094215393066,0.1515493392944336,0.16610717822881796,worker1->worker2,worker1,worker2,0,0.6038815975189209,0.15692782402038574,0.0
model_0,563,1,0.7330865859985352,3,3,1,1,0.9833804368972778,0.5560657978057861,0.17702078819274902,0.2414732332765706,worker1,worker1,worker1,0,0.5560657978057861,0.0,0.0
model_0,564,1,0.7120962142944336,1,1,1,1,0.902215838432312,0.6235506534576416,0.08854556083679199,0.1243449397136953,worker1,worker1,worker1,0,0.6235506534576416,0.0,0.0
model_0,565,1,0.727264404296875,6,2,0,1,0.9805353283882141,0.6364274024963379,0.09083700180053711,0.12490230686920398,worker1,worker1,worker1,0,0.6364274024963379,0.0,0.0
model_0,566,1,0.504488468170166,1,1,1,0,0.9976773858070374,0.4112372398376465,0.09325122833251953,0.18484313163936486,worker1,worker1,worker1,0,0.4112372398376465,0.0,0.0
model_0,567,1,0.5610520839691162,7,7,1,0,0.7831828594207764,0.4531219005584717,0.10793018341064453,0.19237105875643745,worker1,worker1,worker1,0,0.4531219005584717,0.0,0.0
model_0,568,1,0.795750617980957,4,6,0,1,0.6775137186050415,0.6349344253540039,0.16081619262695312,0.20209370749216507,worker1,worker1,worker1,0,0.6349344253540039,0.0,0.0
model_0,569,1,0.7758457660675049,3,3,1,1,0.7163835763931274,0.603196382522583,0.17264938354492188,0.22253054807532452,worker1,worker1,worker1,0,0.603196382522583,0.0,0.0
model_0,570,1,0.5676629543304443,6,6,1,0,0.9470726847648621,0.3971529006958008,0.17051005363464355,0.30037199421575667,worker1,worker1,worker1,0,0.3971529006958008,0.0,0.0
model_0,571,1,1.2606747150421143,6,6,1,3,0.5709851384162903,1.0454282760620117,0.21524643898010254,0.17073907837749566,worker1->worker2->worker3,worker1,worker3,0,0.6685171127319336,0.1786479949951172,0.19826316833496094
model_0,572,1,0.5047919750213623,7,3,0,0,0.5076311230659485,0.38367176055908203,0.12112021446228027,0.2399408478257892,worker1,worker1,worker1,0,0.38367176055908203,0.0,0.0
model_0,573,1,0.5039830207824707,2,2,1,0,0.7952687740325928,0.4079720973968506,0.09601092338562012,0.19050428174456374,worker1,worker1,worker1,0,0.4079720973968506,0.0,0.0
model_0,574,1,0.7637691497802734,7,7,1,1,0.9869917631149292,0.6027987003326416,0.16097044944763184,0.21075798818784572,worker1,worker1,worker1,0,0.6027987003326416,0.0,0.0
model_0,575,1,0.6040420532226562,3,3,1,0,0.9679815173149109,0.4235527515411377,0.18048930168151855,0.29880254316496785,worker1,worker1,worker1,0,0.4235527515411377,0.0,0.0
model_0,576,1,0.5972418785095215,6,6,1,0,0.8063556551933289,0.43811678886413574,0.15912508964538574,0.26643324149086595,worker1,worker1,worker1,0,0.43811678886413574,0.0,0.0
model_0,577,1,0.9475646018981934,2,8,0,2,0.8322958946228027,0.7073888778686523,0.24017572402954102,0.2534663320563188,worker1->worker2,worker1,worker2,0,0.5763816833496094,0.13100719451904297,0.0
model_0,578,1,0.7022945880889893,9,9,1,1,0.9767935276031494,0.6143670082092285,0.08792757987976074,0.1252004235416652,worker1,worker1,worker1,0,0.6143670082092285,0.0,0.0
model_0,579,1,0.7218842506408691,6,6,1,1,0.9694939255714417,0.6276149749755859,0.0942692756652832,0.13058779933430256,worker1,worker1,worker1,0,0.6276149749755859,0.0,0.0
model_0,580,1,0.7267136573791504,3,3,1,1,0.9996851682662964,0.6252758502960205,0.10143780708312988,0.13958428612578894,worker1,worker1,worker1,0,0.6252758502960205,0.0,0.0
model_0,581,1,0.7933430671691895,4,4,1,1,0.745963454246521,0.628436803817749,0.16490626335144043,0.20786248746063887,worker1,worker1,worker1,0,0.628436803817749,0.0,0.0
model_0,582,1,0.5786406993865967,4,4,1,0,0.8034778237342834,0.4484400749206543,0.13020062446594238,0.22501117637242762,worker1,worker1,worker1,0,0.4484400749206543,0.0,0.0
model_0,583,1,1.0236389636993408,6,6,1,2,0.9493933320045471,0.7795686721801758,0.24407029151916504,0.2384339597987913,worker1->worker2,worker1,worker2,0,0.6236162185668945,0.15595245361328125,0.0
model_0,584,1,0.7562239170074463,2,2,1,1,0.731514573097229,0.5958960056304932,0.16032791137695312,0.21201116200001702,worker1,worker1,worker1,0,0.5958960056304932,0.0,0.0
model_0,585,1,0.59653639793396,6,6,1,0,0.9264715909957886,0.4342169761657715,0.16231942176818848,0.2721031312261321,worker1,worker1,worker1,0,0.4342169761657715,0.0,0.0
model_0,586,1,1.2098441123962402,6,3,0,3,0.718873918056488,0.9302034378051758,0.27964067459106445,0.23113777364027735,worker1->worker2->worker3,worker1,worker3,0,0.5785963535308838,0.14283037185668945,0.20877671241760254
model_0,587,1,0.5458836555480957,1,1,1,0,0.6936465501785278,0.38755321502685547,0.15833044052124023,0.29004429590819714,worker1,worker1,worker1,0,0.38755321502685547,0.0,0.0
model_0,588,1,0.5102691650390625,9,9,1,0,0.9900612831115723,0.409759521484375,0.1005096435546875,0.19697377470769414,worker1,worker1,worker1,0,0.409759521484375,0.0,0.0
model_0,589,1,0.7596168518066406,9,1,0,1,0.49256885051727295,0.6013436317443848,0.15827322006225586,0.20835927966293208,worker1,worker1,worker1,0,0.6013436317443848,0.0,0.0
model_0,590,1,0.5993354320526123,5,5,1,0,0.9805285334587097,0.43102312088012695,0.16831231117248535,0.2808315713890751,worker1,worker1,worker1,0,0.43102312088012695,0.0,0.0
model_0,591,1,0.5698690414428711,8,8,1,0,0.8588029742240906,0.3908364772796631,0.179032564163208,0.3141643976832103,worker1,worker1,worker1,0,0.3908364772796631,0.0,0.0
model_0,592,1,0.8318350315093994,4,4,1,1,0.7790113091468811,0.6695141792297363,0.16232085227966309,0.19513586965089114,worker1,worker1,worker1,0,0.6695141792297363,0.0,0.0
model_0,593,1,0.5530359745025635,4,4,1,0,0.9064950346946716,0.3966803550720215,0.156355619430542,0.282722330262834,worker1,worker1,worker1,0,0.3966803550720215,0.0,0.0
model_0,594,1,0.6074168682098389,7,7,1,0,0.9573854804039001,0.4378046989440918,0.16961216926574707,0.27923519767507127,worker1,worker1,worker1,0,0.4378046989440918,0.0,0.0
model_0,595,1,0.5493237972259521,5,3,0,0,0.9072672128677368,0.4513988494873047,0.09792494773864746,0.17826452855886055,worker1,worker1,worker1,0,0.4513988494873047,0.0,0.0
model_0,596,1,0.5613524913787842,6,6,1,0,0.6500727534294128,0.39366984367370605,0.16768264770507812,0.29871186158489993,worker1,worker1,worker1,0,0.39366984367370605,0.0,0.0
model_0,597,1,0.8398518562316895,5,5,1,1,0.5528219938278198,0.6698620319366455,0.16998982429504395,0.20240453483995033,worker1,worker1,worker1,0,0.6698620319366455,0.0,0.0
model_0,598,1,0.6103434562683105,0,0,1,0,0.9350411891937256,0.4482696056365967,0.16207385063171387,0.2655453236488297,worker1,worker1,worker1,0,0.4482696056365967,0.0,0.0
model_0,599,1,0.7685458660125732,4,4,1,1,0.9266934394836426,0.5999608039855957,0.16858506202697754,0.21935588945607512,worker1,worker1,worker1,0,0.5999608039855957,0.0,0.0
model_0,600,1,0.4685389995574951,0,9,0,0,0.6189917325973511,0.3750319480895996,0.09350705146789551,0.19957154379081973,worker1,worker1,worker1,0,0.3750319480895996,0.0,0.0
model_0,601,1,1.0169906616210938,7,7,1,2,0.9941891431808472,0.8543691635131836,0.16262149810791016,0.15990461293783148,worker1->worker2,worker1,worker2,0,0.6932003498077393,0.16116881370544434,0.0
model_0,602,1,0.5607132911682129,3,3,1,0,0.8523808121681213,0.40442466735839844,0.15628862380981445,0.2787317980000017,worker1,worker1,worker1,0,0.40442466735839844,0.0,0.0
model_0,603,1,0.867285966873169,1,1,1,1,0.6630366444587708,0.6915977001190186,0.1756882667541504,0.20257247720444538,worker1,worker1,worker1,0,0.6915977001190186,0.0,0.0
model_0,604,1,0.6972835063934326,1,9,0,1,0.5674668550491333,0.6020164489746094,0.09526705741882324,0.1366260015407135,worker1,worker1,worker1,0,0.6020164489746094,0.0,0.0
model_0,605,1,0.7063889503479004,2,0,0,1,0.837785005569458,0.6161425113677979,0.09024643898010254,0.12775743297747746,worker1,worker1,worker1,0,0.6161425113677979,0.0,0.0
model_0,606,1,1.2785465717315674,2,2,1,3,0.5775620937347412,1.0765745639801025,0.20197200775146484,0.1579700045481559,worker1->worker2->worker3,worker1,worker3,0,0.7096560001373291,0.15041804313659668,0.21650052070617676
model_0,607,1,0.5374772548675537,5,5,1,0,0.8536288142204285,0.3713846206665039,0.1660926342010498,0.30902262876589764,worker1,worker1,worker1,0,0.3713846206665039,0.0,0.0
model_0,608,1,0.8084683418273926,6,6,1,1,0.9988320469856262,0.6460380554199219,0.1624302864074707,0.20091112787462673,worker1,worker1,worker1,0,0.6460380554199219,0.0,0.0
model_0,609,1,0.752439022064209,8,7,0,1,0.8476609587669373,0.6382923126220703,0.11414670944213867,0.1517022723369576,worker1,worker1,worker1,0,0.6382923126220703,0.0,0.0
model_0,610,1,0.5841572284698486,7,7,1,0,0.9883291721343994,0.40250730514526367,0.18164992332458496,0.31096067029830626,worker1,worker1,worker1,0,0.40250730514526367,0.0,0.0
model_0,611,1,0.5118744373321533,6,6,1,0,0.8077753186225891,0.4122745990753174,0.09959983825683594,0.19457865248349174,worker1,worker1,worker1,0,0.4122745990753174,0.0,0.0
model_0,612,1,0.5430912971496582,9,9,1,0,0.9998741149902344,0.435046911239624,0.10804438591003418,0.19894332035348503,worker1,worker1,worker1,0,0.435046911239624,0.0,0.0
model_0,613,1,0.5781543254852295,4,2,0,0,0.7922919392585754,0.41498851776123047,0.16316580772399902,0.28221843291937376,worker1,worker1,worker1,0,0.41498851776123047,0.0,0.0
model_0,614,1,0.5673007965087891,9,9,1,0,0.9988082647323608,0.410869836807251,0.15643095970153809,0.2757460604043318,worker1,worker1,worker1,0,0.410869836807251,0.0,0.0
model_0,615,1,0.7407560348510742,3,5,0,1,0.8760392665863037,0.6422100067138672,0.09854602813720703,0.13303439121764196,worker1,worker1,worker1,0,0.6422100067138672,0.0,0.0
model_0,616,1,0.7446670532226562,8,8,1,1,0.9593281149864197,0.6553759574890137,0.08929109573364258,0.11990740740740741,worker1,worker1,worker1,0,0.6553759574890137,0.0,0.0
model_0,617,1,0.7657172679901123,9,8,0,1,0.9635308980941772,0.6749610900878906,0.09075617790222168,0.11852439757619991,worker1,worker1,worker1,0,0.6749610900878906,0.0,0.0
model_0,618,1,1.0406367778778076,5,5,1,2,0.9598168134689331,0.7914886474609375,0.24914813041687012,0.23941891706437968,worker1->worker2,worker1,worker2,0,0.6423907279968262,0.14909791946411133,0.0
model_0,619,1,0.8399181365966797,9,1,0,1,0.5194798707962036,0.6656599044799805,0.17425823211669922,0.20747049566376524,worker1,worker1,worker1,0,0.6656599044799805,0.0,0.0
model_0,620,1,0.559694766998291,7,7,1,0,0.9836546778678894,0.40032243728637695,0.15937232971191406,0.2847486507094691,worker1,worker1,worker1,0,0.40032243728637695,0.0,0.0
model_0,621,1,0.5682234764099121,5,4,0,0,0.8111891746520996,0.47254014015197754,0.09568333625793457,0.1683903256909951,worker1,worker1,worker1,0,0.47254014015197754,0.0,0.0
model_0,622,1,0.5283448696136475,9,9,1,0,0.9904139637947083,0.43366479873657227,0.0946800708770752,0.17920126856973184,worker1,worker1,worker1,0,0.43366479873657227,0.0,0.0
model_0,623,1,0.49123620986938477,7,5,0,0,0.5809204578399658,0.3976404666900635,0.09359574317932129,0.190531034355565,worker1,worker1,worker1,0,0.3976404666900635,0.0,0.0
model_0,624,1,0.5072526931762695,9,9,1,0,0.8496429324150085,0.4183201789855957,0.08893251419067383,0.17532191625007285,worker1,worker1,worker1,0,0.4183201789855957,0.0,0.0
model_0,625,1,0.7827363014221191,6,6,1,1,0.9997320771217346,0.6937592029571533,0.08897709846496582,0.1136744243282281,worker1,worker1,worker1,0,0.6937592029571533,0.0,0.0
model_0,626,1,0.5512120723724365,8,8,1,0,0.9751265645027161,0.38319897651672363,0.1680130958557129,0.3048066330125509,worker1,worker1,worker1,0,0.38319897651672363,0.0,0.0
model_0,627,1,0.5659003257751465,6,6,1,0,0.7273893356323242,0.4036233425140381,0.1622769832611084,0.286758950065682,worker1,worker1,worker1,0,0.4036233425140381,0.0,0.0
model_0,628,1,0.9925885200500488,6,0,0,2,0.8680863976478577,0.754509449005127,0.23807907104492188,0.239856764646963,worker1->worker2,worker1,worker2,0,0.606452226638794,0.148057222366333,0.0
model_0,629,1,0.520984411239624,1,1,1,0,0.944318950176239,0.40346264839172363,0.11752176284790039,0.22557635183031777,worker1,worker1,worker1,0,0.40346264839172363,0.0,0.0
model_0,630,1,0.5217676162719727,7,5,0,0,0.887203574180603,0.3962066173553467,0.12556099891662598,0.2406454425319815,worker1,worker1,worker1,0,0.3962066173553467,0.0,0.0
model_0,631,1,0.5145225524902344,0,1,0,0,0.6175219416618347,0.40289902687072754,0.11162352561950684,0.21694583663876513,worker1,worker1,worker1,0,0.40289902687072754,0.0,0.0
model_0,632,1,1.040273666381836,7,0,0,2,0.8458537459373474,0.7808191776275635,0.25945448875427246,0.2494098400632193,worker1->worker2,worker1,worker2,0,0.6509075164794922,0.1299116611480713,0.0
model_0,633,1,0.5002644062042236,6,6,1,0,0.8032706379890442,0.4114038944244385,0.08886051177978516,0.17762709214916542,worker1,worker1,worker1,0,0.4114038944244385,0.0,0.0
model_0,634,1,0.5839793682098389,2,2,1,0,0.7608509063720703,0.49003076553344727,0.0939486026763916,0.16087657850719383,worker1,worker1,worker1,0,0.49003076553344727,0.0,0.0
model_0,635,1,0.5573697090148926,3,3,1,0,0.7609851956367493,0.46257758140563965,0.09479212760925293,0.17007046862448016,worker1,worker1,worker1,0,0.46257758140563965,0.0,0.0
model_0,636,1,0.5252950191497803,0,0,1,0,0.8607304096221924,0.4320039749145508,0.09329104423522949,0.17759742779633877,worker1,worker1,worker1,0,0.4320039749145508,0.0,0.0
model_0,637,1,0.5645618438720703,6,6,1,0,0.8463597893714905,0.396744966506958,0.1678168773651123,0.2972515397323585,worker1,worker1,worker1,0,0.396744966506958,0.0,0.0
model_0,638,1,0.801964282989502,3,6,0,1,0.6975107789039612,0.6187777519226074,0.18318653106689453,0.22842230627033114,worker1,worker1,worker1,0,0.6187777519226074,0.0,0.0
model_0,639,1,1.0098321437835693,5,5,1,2,0.9361771941184998,0.8041257858276367,0.20570635795593262,0.20370351570034823,worker1->worker2,worker1,worker2,0,0.6333529949188232,0.17077279090881348,0.0
model_0,640,1,0.5604884624481201,1,1,1,0,0.9951743483543396,0.38985729217529297,0.17063117027282715,0.30443297535071223,worker1,worker1,worker1,0,0.38985729217529297,0.0,0.0
model_0,641,1,0.7051923274993896,9,1,0,1,0.9301323890686035,0.6140487194061279,0.09114360809326172,0.12924645453312963,worker1,worker1,worker1,0,0.6140487194061279,0.0,0.0
model_0,642,1,0.5109987258911133,2,2,1,0,0.6758894324302673,0.4196741580963135,0.0913245677947998,0.17871779941435667,worker1,worker1,worker1,0,0.4196741580963135,0.0,0.0
model_0,643,1,0.8424851894378662,5,5,1,1,0.8096495270729065,0.6755023002624512,0.16698288917541504,0.19820275925186473,worker1,worker1,worker1,0,0.6755023002624512,0.0,0.0
model_0,644,1,0.5053422451019287,5,5,1,0,0.8104494214057922,0.41125035285949707,0.09409189224243164,0.18619439232406365,worker1,worker1,worker1,0,0.41125035285949707,0.0,0.0
model_0,645,1,0.7722787857055664,4,4,1,1,0.9281070232391357,0.6828634738922119,0.08941531181335449,0.11578113172131643,worker1,worker1,worker1,0,0.6828634738922119,0.0,0.0
model_0,646,1,1.1263718605041504,7,7,1,2,0.9967628717422485,0.9137911796569824,0.21258068084716797,0.18873046131676216,worker1->worker2,worker1,worker2,0,0.717177152633667,0.19661402702331543,0.0
model_0,647,1,0.5402359962463379,3,3,1,0,0.9763904809951782,0.4263191223144531,0.11391687393188477,0.21086501959032866,worker1,worker1,worker1,0,0.4263191223144531,0.0,0.0
model_0,648,1,0.6267976760864258,4,4,1,0,0.9072713255882263,0.4560890197753906,0.17070865631103516,0.2723504933472297,worker1,worker1,worker1,0,0.4560890197753906,0.0,0.0
model_0,649,1,0.7940981388092041,0,0,1,1,0.9310781359672546,0.616950511932373,0.17714762687683105,0.22308026957785612,worker1,worker1,worker1,0,0.616950511932373,0.0,0.0
model_0,650,1,0.7690961360931396,1,1,1,1,0.9977794289588928,0.6746721267700195,0.09442400932312012,0.12277270017604809,worker1,worker1,worker1,0,0.6746721267700195,0.0,0.0
model_0,651,1,0.5647072792053223,4,4,1,0,0.9762536883354187,0.3825080394744873,0.18219923973083496,0.32264368893426115,worker1,worker1,worker1,0,0.3825080394744873,0.0,0.0
model_0,652,1,0.5208070278167725,6,6,1,0,0.8658854961395264,0.4218404293060303,0.09896659851074219,0.1900254666793016,worker1,worker1,worker1,0,0.4218404293060303,0.0,0.0
model_0,653,1,0.8025562763214111,1,1,1,1,0.7675718069076538,0.7041316032409668,0.09842467308044434,0.1226389674897101,worker1,worker1,worker1,0,0.7041316032409668,0.0,0.0
model_0,654,1,1.0119926929473877,3,4,0,2,0.6405245065689087,0.8000669479370117,0.21192574501037598,0.20941430356888333,worker1->worker2,worker1,worker2,0,0.6371738910675049,0.16289305686950684,0.0
model_0,655,1,0.492767333984375,6,2,0,0,0.9013439416885376,0.40297746658325195,0.08978986740112305,0.18221554313494767,worker1,worker1,worker1,0,0.40297746658325195,0.0,0.0
model_0,656,1,0.5093910694122314,4,7,0,0,0.687330424785614,0.41560792922973633,0.09378314018249512,0.1841083321125127,worker1,worker1,worker1,0,0.41560792922973633,0.0,0.0
model_0,657,1,0.566978931427002,1,1,1,0,0.8392543196678162,0.4497838020324707,0.11719512939453125,0.20670103049432273,worker1,worker1,worker1,0,0.4497838020324707,0.0,0.0
model_0,658,1,0.5281131267547607,9,9,1,0,0.9909571409225464,0.4162437915802002,0.11186933517456055,0.21182835553055507,worker1,worker1,worker1,0,0.4162437915802002,0.0,0.0
model_0,659,1,0.5350563526153564,6,4,0,0,0.7734686136245728,0.43167877197265625,0.1033775806427002,0.1932087716319793,worker1,worker1,worker1,0,0.43167877197265625,0.0,0.0
model_0,660,1,0.4991488456726074,0,0,1,0,0.7048603296279907,0.39632391929626465,0.10282492637634277,0.20600052923649514,worker1,worker1,worker1,0,0.39632391929626465,0.0,0.0
model_0,661,1,0.5183315277099609,4,4,1,0,0.7254711985588074,0.41882944107055664,0.0995020866394043,0.19196610917922394,worker1,worker1,worker1,0,0.41882944107055664,0.0,0.0
model_0,662,1,0.5804018974304199,0,0,1,0,0.9707264304161072,0.4122326374053955,0.16816926002502441,0.2897462271738782,worker1,worker1,worker1,0,0.4122326374053955,0.0,0.0
model_0,663,1,0.5883512496948242,3,3,1,0,0.8059354424476624,0.40264105796813965,0.18571019172668457,0.3156451045578841,worker1,worker1,worker1,0,0.40264105796813965,0.0,0.0
model_0,664,1,0.5753116607666016,5,6,0,0,0.7221587300300598,0.4807777404785156,0.09453392028808594,0.1643177545925624,worker1,worker1,worker1,0,0.4807777404785156,0.0,0.0
model_0,665,1,0.7801401615142822,4,4,1,1,0.9262468218803406,0.6695151329040527,0.11062502861022949,0.14180147884644476,worker1,worker1,worker1,0,0.6695151329040527,0.0,0.0
model_0,666,1,0.980522632598877,6,2,0,2,0.47634804248809814,0.773406982421875,0.20711565017700195,0.21122985160275348,worker1->worker2,worker1,worker2,0,0.6212408542633057,0.15216612815856934,0.0
model_0,667,1,0.7940046787261963,8,8,1,1,0.8459663391113281,0.6263332366943359,0.16767144203186035,0.21117185644403488,worker1,worker1,worker1,0,0.6263332366943359,0.0,0.0
model_0,668,1,0.5928730964660645,3,3,1,0,0.9396432638168335,0.4184129238128662,0.17446017265319824,0.2942622522308772,worker1,worker1,worker1,0,0.4184129238128662,0.0,0.0
model_0,669,1,1.0433802604675293,8,8,1,2,0.9960811734199524,0.8369519710540771,0.20642828941345215,0.1978456917720041,worker1->worker2,worker1,worker2,0,0.6859090328216553,0.15104293823242188,0.0
model_0,670,1,0.5084285736083984,7,4,0,0,0.49782252311706543,0.4202091693878174,0.08821940422058105,0.17351385976298286,worker1,worker1,worker1,0,0.4202091693878174,0.0,0.0
model_0,671,1,0.7814540863037109,4,4,1,1,0.8737890124320984,0.6169111728668213,0.16454291343688965,0.21055992453143343,worker1,worker1,worker1,0,0.6169111728668213,0.0,0.0
model_0,672,1,0.5511612892150879,6,3,0,0,0.9381171464920044,0.3907444477081299,0.160416841506958,0.29105244625472265,worker1,worker1,worker1,0,0.3907444477081299,0.0,0.0
model_0,673,1,0.9507780075073242,0,0,1,2,0.8319463133811951,0.8014135360717773,0.14936447143554688,0.15709710390455814,worker1->worker2,worker1,worker2,0,0.6189625263214111,0.1824510097503662,0.0
model_0,674,1,0.5924696922302246,9,9,1,0,0.7875368595123291,0.4187946319580078,0.1736750602722168,0.2931374592655608,worker1,worker1,worker1,0,0.4187946319580078,0.0,0.0
model_0,675,1,0.7917327880859375,2,2,1,1,0.904707670211792,0.697012186050415,0.09472060203552246,0.1196370839516642,worker1,worker1,worker1,0,0.697012186050415,0.0,0.0
model_0,676,1,0.5667469501495361,3,3,1,0,0.6976746320724487,0.40881872177124023,0.1579282283782959,0.27865739433909004,worker1,worker1,worker1,0,0.40881872177124023,0.0,0.0
model_0,677,1,0.815507173538208,7,7,1,1,0.9574529528617859,0.6451616287231445,0.17034554481506348,0.20888295080960742,worker1,worker1,worker1,0,0.6451616287231445,0.0,0.0
model_0,678,1,1.0552701950073242,4,4,1,2,0.6938235759735107,0.7905220985412598,0.26474809646606445,0.25088180990862435,worker1->worker2,worker1,worker2,0,0.6412644386291504,0.14925765991210938,0.0
model_0,679,1,0.7830722332000732,4,7,0,1,0.8773158192634583,0.6191873550415039,0.16388487815856934,0.2092844966406785,worker1,worker1,worker1,0,0.6191873550415039,0.0,0.0
model_0,680,1,0.7615675926208496,5,5,1,1,0.7513871788978577,0.6591043472290039,0.1024632453918457,0.13454254932149873,worker1,worker1,worker1,0,0.6591043472290039,0.0,0.0
model_0,681,1,1.2701051235198975,4,7,0,3,0.3766201138496399,1.0658016204833984,0.20430350303649902,0.16085558530013946,worker1->worker2->worker3,worker1,worker3,0,0.69053053855896,0.15260577201843262,0.22266530990600586
model_0,682,1,0.6961236000061035,0,0,1,1,0.8636609315872192,0.60479736328125,0.09132623672485352,0.13119255937315266,worker1,worker1,worker1,0,0.60479736328125,0.0,0.0
model_0,683,1,0.7776052951812744,3,3,1,1,0.9988152980804443,0.615659236907959,0.16194605827331543,0.2082625456344954,worker1,worker1,worker1,0,0.615659236907959,0.0,0.0
model_0,684,1,0.525292158126831,3,1,0,0,0.7829423546791077,0.41671299934387207,0.10857915878295898,0.206702417127542,worker1,worker1,worker1,0,0.41671299934387207,0.0,0.0
model_0,685,1,0.5148215293884277,7,7,1,0,0.969474196434021,0.40143275260925293,0.1133887767791748,0.22024870815692732,worker1,worker1,worker1,0,0.40143275260925293,0.0,0.0
model_0,686,1,0.7700254917144775,5,5,1,1,0.9099974036216736,0.6670322418212891,0.10299324989318848,0.13375303934921934,worker1,worker1,worker1,0,0.6670322418212891,0.0,0.0
model_0,687,1,0.541222095489502,3,6,0,0,0.8003507256507874,0.4357297420501709,0.10549235343933105,0.19491508997599172,worker1,worker1,worker1,0,0.4357297420501709,0.0,0.0
model_0,688,1,0.6159353256225586,6,6,1,0,0.9264360666275024,0.4730045795440674,0.1429307460784912,0.23205479558105147,worker1,worker1,worker1,0,0.4730045795440674,0.0,0.0
model_0,689,1,0.606755256652832,9,9,1,0,0.9368136525154114,0.43242788314819336,0.17432737350463867,0.2873108581972843,worker1,worker1,worker1,0,0.43242788314819336,0.0,0.0
model_0,690,1,0.6002197265625,8,8,1,0,0.9441171288490295,0.4225640296936035,0.17765569686889648,0.29598443537726254,worker1,worker1,worker1,0,0.4225640296936035,0.0,0.0
model_0,691,1,0.8986413478851318,5,5,1,1,0.995208203792572,0.8028929233551025,0.0957484245300293,0.10654798463854823,worker1,worker1,worker1,0,0.8028929233551025,0.0,0.0
model_0,692,1,0.5207345485687256,0,0,1,0,0.9062394499778748,0.42612743377685547,0.09460711479187012,0.18168011907776088,worker1,worker1,worker1,0,0.42612743377685547,0.0,0.0
model_0,693,1,0.5555741786956787,7,7,1,0,0.9689707159996033,0.46082139015197754,0.09475278854370117,0.1705493022842643,worker1,worker1,worker1,0,0.46082139015197754,0.0,0.0
model_0,694,1,0.576606273651123,5,5,1,0,0.9644933938980103,0.48039889335632324,0.0962073802947998,0.16685108138974275,worker1,worker1,worker1,0,0.48039889335632324,0.0,0.0
model_0,695,1,0.8074743747711182,6,2,0,1,0.9970666766166687,0.6408243179321289,0.16665005683898926,0.20638432877356247,worker1,worker1,worker1,0,0.6408243179321289,0.0,0.0
model_0,696,1,1.2780773639678955,5,5,1,3,0.9971641898155212,0.9760434627532959,0.3020339012145996,0.23631895042480897,worker1->worker2->worker3,worker1,worker3,0,0.6105029582977295,0.16033244132995605,0.20520806312561035
model_0,697,1,0.7172141075134277,4,2,0,1,0.971738338470459,0.6270198822021484,0.0901942253112793,0.12575634579188846,worker1,worker1,worker1,0,0.6270198822021484,0.0,0.0
model_0,698,1,0.594353199005127,8,8,1,0,0.8037562370300293,0.476118803024292,0.11823439598083496,0.19892951897751132,worker1,worker1,worker1,0,0.476118803024292,0.0,0.0
model_0,699,1,0.5804100036621094,8,8,1,0,0.924089252948761,0.40120911598205566,0.1792008876800537,0.3087487923181576,worker1,worker1,worker1,0,0.40120911598205566,0.0,0.0
model_0,700,1,0.7956736087799072,5,5,1,1,0.8592778444290161,0.6902692317962646,0.10540437698364258,0.13247187769023855,worker1,worker1,worker1,0,0.6902692317962646,0.0,0.0
model_0,701,1,0.8083953857421875,2,2,1,1,0.9982438087463379,0.6487212181091309,0.15967416763305664,0.19751988995639783,worker1,worker1,worker1,0,0.6487212181091309,0.0,0.0
model_0,702,1,1.2512242794036865,2,2,1,3,0.7000983357429504,0.9590332508087158,0.2921910285949707,0.2335241038754653,worker1->worker2->worker3,worker1,worker3,0,0.640984058380127,0.13631772994995117,0.1817314624786377
model_0,703,1,0.7732110023498535,3,3,1,1,0.8939327001571655,0.6716692447662354,0.10154175758361816,0.13132477069651646,worker1,worker1,worker1,0,0.6716692447662354,0.0,0.0
model_0,704,1,0.6986002922058105,5,2,0,1,0.6738492250442505,0.5783703327178955,0.12022995948791504,0.17210121557248761,worker1,worker1,worker1,0,0.5783703327178955,0.0,0.0
model_0,705,1,0.5937418937683105,6,6,1,0,0.7476658225059509,0.4228062629699707,0.17093563079833984,0.28789551923557244,worker1,worker1,worker1,0,0.4228062629699707,0.0,0.0
model_0,706,1,0.5850410461425781,1,1,1,0,0.9981746673583984,0.41931962966918945,0.16572141647338867,0.28326459752877126,worker1,worker1,worker1,0,0.41931962966918945,0.0,0.0
model_0,707,1,1.0686352252960205,6,2,0,2,0.7221681475639343,0.8223321437835693,0.24630308151245117,0.2304837756440447,worker1->worker2,worker1,worker2,0,0.6663193702697754,0.15601277351379395,0.0
model_0,708,1,0.8173954486846924,5,5,1,1,0.9992654919624329,0.6486599445343018,0.16873550415039062,0.20643068715627239,worker1,worker1,worker1,0,0.6486599445343018,0.0,0.0
model_0,709,1,0.5566878318786621,6,2,0,0,0.9756025075912476,0.3990356922149658,0.1576521396636963,0.28319666900507856,worker1,worker1,worker1,0,0.3990356922149658,0.0,0.0
model_0,710,1,1.031308650970459,4,7,0,2,0.7436521053314209,0.7836766242980957,0.24763202667236328,0.24011436967908892,worker1->worker2,worker1,worker2,0,0.644568920135498,0.13910770416259766,0.0
model_0,711,1,0.4956655502319336,4,4,1,0,0.627048671245575,0.38812851905822754,0.10753703117370605,0.2169548219023633,worker1,worker1,worker1,0,0.38812851905822754,0.0,0.0
model_0,712,1,0.7222549915313721,4,3,0,1,0.5265139937400818,0.6194028854370117,0.10285210609436035,0.142404147150699,worker1,worker1,worker1,0,0.6194028854370117,0.0,0.0
model_0,713,1,0.795323371887207,6,2,0,1,0.8968899250030518,0.7059321403503418,0.08939123153686523,0.1123960827716537,worker1,worker1,worker1,0,0.7059321403503418,0.0,0.0
model_0,714,1,0.8257768154144287,6,1,0,1,0.7533208131790161,0.664370059967041,0.1614067554473877,0.19546050752997135,worker1,worker1,worker1,0,0.664370059967041,0.0,0.0
model_0,715,1,0.6318187713623047,5,5,1,0,0.9836902022361755,0.45785999298095703,0.17395877838134766,0.27533018369534046,worker1,worker1,worker1,0,0.45785999298095703,0.0,0.0
model_0,716,1,0.5215878486633301,5,5,1,0,0.8732824325561523,0.43081164360046387,0.09077620506286621,0.17403818991469572,worker1,worker1,worker1,0,0.43081164360046387,0.0,0.0
model_0,717,1,0.5164456367492676,9,9,1,0,0.9973704814910889,0.4238293170928955,0.09261631965637207,0.1793341119877385,worker1,worker1,worker1,0,0.4238293170928955,0.0,0.0
model_0,718,1,0.6653838157653809,8,8,1,0,0.7053479552268982,0.5012588500976562,0.1641249656677246,0.2466620945370217,worker1,worker1,worker1,0,0.5012588500976562,0.0,0.0
model_0,719,1,0.6296753883361816,0,0,1,0,0.8963152170181274,0.4563279151916504,0.17334747314453125,0.2752965676530168,worker1,worker1,worker1,0,0.4563279151916504,0.0,0.0
model_0,720,1,0.542522668838501,8,8,1,0,0.8438474535942078,0.45258283615112305,0.08993983268737793,0.16578078272735064,worker1,worker1,worker1,0,0.45258283615112305,0.0,0.0
model_0,721,1,0.7696053981781006,9,9,1,1,0.9971688389778137,0.6768288612365723,0.09277653694152832,0.12055078766489909,worker1,worker1,worker1,0,0.6768288612365723,0.0,0.0
model_0,722,1,1.0566954612731934,5,7,0,2,0.7855634689331055,0.8529174327850342,0.20377802848815918,0.19284461413568552,worker1->worker2,worker1,worker2,0,0.7009305953979492,0.15198683738708496,0.0
model_0,723,1,0.8132522106170654,3,2,0,1,0.7680737972259521,0.6452255249023438,0.16802668571472168,0.2066107949306763,worker1,worker1,worker1,0,0.6452255249023438,0.0,0.0
model_0,724,1,1.0143415927886963,3,5,0,2,0.9246160984039307,0.7892782688140869,0.22506332397460938,0.22188119423935887,worker1->worker2,worker1,worker2,0,0.6569385528564453,0.1323397159576416,0.0
model_0,725,1,0.7243144512176514,7,5,0,1,0.638232409954071,0.6290314197540283,0.09528303146362305,0.1315492619309775,worker1,worker1,worker1,0,0.6290314197540283,0.0,0.0
model_0,726,1,0.7688722610473633,7,7,1,1,0.8181398510932922,0.6744341850280762,0.09443807601928711,0.12282674353558143,worker1,worker1,worker1,0,0.6744341850280762,0.0,0.0
model_0,727,1,0.5158958435058594,3,3,1,0,0.8236808776855469,0.41547656059265137,0.10041928291320801,0.19465030427613336,worker1,worker1,worker1,0,0.41547656059265137,0.0,0.0
model_0,728,1,0.5658502578735352,6,6,1,0,0.783084511756897,0.47426772117614746,0.0915825366973877,0.16184942115526252,worker1,worker1,worker1,0,0.47426772117614746,0.0,0.0
model_0,729,1,0.7742886543273926,3,3,1,1,0.7827802300453186,0.6746716499328613,0.09961700439453125,0.12865615922148096,worker1,worker1,worker1,0,0.6746716499328613,0.0,0.0
model_0,730,1,0.7807459831237793,9,9,1,1,0.9945143461227417,0.6863973140716553,0.09434866905212402,0.12084425804489346,worker1,worker1,worker1,0,0.6863973140716553,0.0,0.0
model_0,731,1,0.8135440349578857,6,6,1,1,0.9747092723846436,0.6327266693115234,0.1808173656463623,0.2222588549318324,worker1,worker1,worker1,0,0.6327266693115234,0.0,0.0
model_0,732,1,0.839503288269043,6,6,1,1,0.7209840416908264,0.666459321975708,0.17304396629333496,0.20612660928360538,worker1,worker1,worker1,0,0.666459321975708,0.0,0.0
model_0,733,1,0.5710396766662598,8,8,1,0,0.904219388961792,0.4688897132873535,0.10214996337890625,0.17888417837313797,worker1,worker1,worker1,0,0.4688897132873535,0.0,0.0
model_0,734,1,0.5481538772583008,1,1,1,0,0.8571351170539856,0.4533517360687256,0.0948021411895752,0.17294804455958007,worker1,worker1,worker1,0,0.4533517360687256,0.0,0.0
model_0,735,1,0.7750582695007324,0,0,1,1,0.8023911118507385,0.6823275089263916,0.09273076057434082,0.11964359871171362,worker1,worker1,worker1,0,0.6823275089263916,0.0,0.0
model_0,736,1,0.6260266304016113,8,8,1,0,0.9041509032249451,0.51430344581604,0.11172318458557129,0.1784639489120425,worker1,worker1,worker1,0,0.51430344581604,0.0,0.0
model_0,737,1,0.7726151943206787,3,5,0,1,0.9692856669425964,0.6754801273345947,0.09713506698608398,0.1257224394499385,worker1,worker1,worker1,0,0.6754801273345947,0.0,0.0
model_0,738,1,0.5073468685150146,0,0,1,0,0.9375258088111877,0.415921688079834,0.09142518043518066,0.18020251253896324,worker1,worker1,worker1,0,0.415921688079834,0.0,0.0
model_0,739,1,0.9787108898162842,3,2,0,2,0.9233812093734741,0.8159713745117188,0.16273951530456543,0.16627945698562074,worker1->worker2,worker1,worker2,0,0.670419454574585,0.1455519199371338,0.0
model_0,740,1,0.5038745403289795,0,0,1,0,0.9423198103904724,0.41424083709716797,0.08963370323181152,0.1778889307907673,worker1,worker1,worker1,0,0.41424083709716797,0.0,0.0
model_0,741,1,0.5686948299407959,6,6,1,0,0.7034197449684143,0.4569056034088135,0.11178922653198242,0.19657155410331453,worker1,worker1,worker1,0,0.4569056034088135,0.0,0.0
model_0,742,1,0.5694911479949951,2,2,1,0,0.9066725373268127,0.4808049201965332,0.08868622779846191,0.15572889606923498,worker1,worker1,worker1,0,0.4808049201965332,0.0,0.0
model_0,743,1,0.7931368350982666,5,5,1,1,0.9634935259819031,0.6274042129516602,0.16573262214660645,0.20895842282507635,worker1,worker1,worker1,0,0.6274042129516602,0.0,0.0
model_0,744,1,0.5202131271362305,8,8,1,0,0.75807124376297,0.4254927635192871,0.09472036361694336,0.1820799181642691,worker1,worker1,worker1,0,0.4254927635192871,0.0,0.0
model_0,745,1,0.9158971309661865,8,8,1,2,0.9882510304450989,0.7532036304473877,0.16269350051879883,0.17763294044514832,worker1->worker2,worker1,worker2,0,0.610999584197998,0.14220404624938965,0.0
model_0,746,1,0.6200823783874512,1,9,0,0,0.670065701007843,0.45098185539245605,0.16910052299499512,0.2727065449509269,worker1,worker1,worker1,0,0.45098185539245605,0.0,0.0
model_0,747,1,0.579836368560791,9,9,1,0,0.9695863723754883,0.40068912506103516,0.17914724349975586,0.308961723019231,worker1,worker1,worker1,0,0.40068912506103516,0.0,0.0
model_0,748,1,0.623347282409668,7,7,1,0,0.9789791703224182,0.4628937244415283,0.16045355796813965,0.2574063647921521,worker1,worker1,worker1,0,0.4628937244415283,0.0,0.0
model_0,749,1,0.5219664573669434,4,4,1,0,0.9872719645500183,0.4280681610107422,0.09389829635620117,0.1798933533581268,worker1,worker1,worker1,0,0.4280681610107422,0.0,0.0
model_0,750,1,0.8265645503997803,9,1,0,1,0.841544508934021,0.7373833656311035,0.08918118476867676,0.10789379332266663,worker1,worker1,worker1,0,0.7373833656311035,0.0,0.0
model_0,751,1,0.7643876075744629,5,7,0,1,0.8789544105529785,0.6696145534515381,0.0947730541229248,0.12398559733805271,worker1,worker1,worker1,0,0.6696145534515381,0.0,0.0
model_0,752,1,0.8150169849395752,9,1,0,1,0.9642066955566406,0.6508312225341797,0.1641857624053955,0.201450724879762,worker1,worker1,worker1,0,0.6508312225341797,0.0,0.0
model_0,753,1,0.8089497089385986,0,0,1,1,0.6518950462341309,0.7151238918304443,0.0938258171081543,0.11598473436780224,worker1,worker1,worker1,0,0.7151238918304443,0.0,0.0
model_0,754,1,0.6250200271606445,9,9,1,0,0.9528766870498657,0.5194892883300781,0.1055307388305664,0.16884377179075988,worker1,worker1,worker1,0,0.5194892883300781,0.0,0.0
model_0,755,1,0.5368294715881348,6,4,0,0,0.9315599799156189,0.4459068775177002,0.09092259407043457,0.16936960223411882,worker1,worker1,worker1,0,0.4459068775177002,0.0,0.0
model_0,756,1,0.8419382572174072,6,6,1,1,0.9939696788787842,0.7438998222351074,0.0980384349822998,0.11644373461103347,worker1,worker1,worker1,0,0.7438998222351074,0.0,0.0
model_0,757,1,0.8312463760375977,2,2,1,1,0.7024099230766296,0.6657102108001709,0.16553616523742676,0.19914211960418757,worker1,worker1,worker1,0,0.6657102108001709,0.0,0.0
model_0,758,1,0.6333572864532471,6,6,1,0,0.9353289604187012,0.4588284492492676,0.1745288372039795,0.27556142628646113,worker1,worker1,worker1,0,0.4588284492492676,0.0,0.0
model_0,759,1,0.5739939212799072,4,4,1,0,0.8383715152740479,0.40897154808044434,0.1650223731994629,0.28749846833132225,worker1,worker1,worker1,0,0.40897154808044434,0.0,0.0
model_0,760,1,0.6654846668243408,4,4,1,0,0.993286669254303,0.48845529556274414,0.17702937126159668,0.26601570267031377,worker1,worker1,worker1,0,0.48845529556274414,0.0,0.0
model_0,761,1,0.84084153175354,3,8,0,1,0.8033937215805054,0.7419359683990479,0.09890556335449219,0.11762687690774354,worker1,worker1,worker1,0,0.7419359683990479,0.0,0.0
model_0,762,1,0.8483824729919434,9,9,1,1,0.9996852874755859,0.7544801235198975,0.0939023494720459,0.11068398094185715,worker1,worker1,worker1,0,0.7544801235198975,0.0,0.0
model_0,763,1,0.5751633644104004,5,7,0,0,0.6824979186058044,0.47658514976501465,0.09857821464538574,0.17139167886055853,worker1,worker1,worker1,0,0.47658514976501465,0.0,0.0
model_0,764,1,0.7142772674560547,1,1,1,1,0.9880130290985107,0.6223931312561035,0.09188413619995117,0.128639311912029,worker1,worker1,worker1,0,0.6223931312561035,0.0,0.0
model_0,765,1,0.5273325443267822,5,2,0,0,0.7329216003417969,0.4374725818634033,0.0898599624633789,0.1704047349819807,worker1,worker1,worker1,0,0.4374725818634033,0.0,0.0
model_0,766,1,0.568821907043457,6,6,1,0,0.9451348781585693,0.47693300247192383,0.0918889045715332,0.16154248532575072,worker1,worker1,worker1,0,0.47693300247192383,0.0,0.0
model_0,767,1,0.7793629169464111,4,4,1,1,0.7265541553497314,0.687626838684082,0.0917360782623291,0.11770649625178004,worker1,worker1,worker1,0,0.687626838684082,0.0,0.0
model_0,768,1,0.5797374248504639,8,8,1,0,0.8947103023529053,0.42055392265319824,0.15918350219726562,0.2745786202060787,worker1,worker1,worker1,0,0.42055392265319824,0.0,0.0
model_0,769,1,0.6025128364562988,6,6,1,0,0.9531242847442627,0.4421548843383789,0.16035795211791992,0.2661486069924602,worker1,worker1,worker1,0,0.4421548843383789,0.0,0.0
model_0,770,1,0.6818177700042725,9,1,0,0,0.5954744219779968,0.5080161094665527,0.17380166053771973,0.2549092560855823,worker1,worker1,worker1,0,0.5080161094665527,0.0,0.0
model_0,771,1,0.5157501697540283,9,1,0,0,0.8598670363426208,0.41236257553100586,0.10338759422302246,0.20046061113722966,worker1,worker1,worker1,0,0.41236257553100586,0.0,0.0
model_0,772,1,1.3717553615570068,4,7,0,3,0.8078747391700745,1.0931506156921387,0.27860474586486816,0.20310089807022053,worker1->worker2->worker3,worker1,worker3,0,0.7460756301879883,0.16592049598693848,0.18115448951721191
model_0,773,1,0.490126371383667,9,9,1,0,0.7765659093856812,0.3948090076446533,0.09531736373901367,0.19447507684584472,worker1,worker1,worker1,0,0.3948090076446533,0.0,0.0
model_0,774,1,0.7103662490844727,4,4,1,1,0.9855127930641174,0.61525559425354,0.09511065483093262,0.13388960265709726,worker1,worker1,worker1,0,0.61525559425354,0.0,0.0
model_0,775,1,0.5851843357086182,8,8,1,0,0.8666954040527344,0.48615527153015137,0.0990290641784668,0.16922712748035093,worker1,worker1,worker1,0,0.48615527153015137,0.0,0.0
model_0,776,1,0.5608649253845215,4,4,1,0,0.8097649216651917,0.4684791564941406,0.09238576889038086,0.1647201754095113,worker1,worker1,worker1,0,0.4684791564941406,0.0,0.0
model_0,777,1,0.5187437534332275,9,9,1,0,0.9756407737731934,0.4206674098968506,0.09807634353637695,0.18906510755507594,worker1,worker1,worker1,0,0.4206674098968506,0.0,0.0
model_0,778,1,0.5753111839294434,7,7,1,0,0.9861412048339844,0.4115586280822754,0.16375255584716797,0.2846330132654795,worker1,worker1,worker1,0,0.4115586280822754,0.0,0.0
model_0,779,1,1.3494758605957031,0,0,1,3,0.592857837677002,1.0407803058624268,0.30869555473327637,0.22875218723587096,worker1->worker2->worker3,worker1,worker3,0,0.6950690746307373,0.1519918441772461,0.19371938705444336
model_0,780,1,0.7867400646209717,6,6,1,1,0.9695234894752502,0.6823563575744629,0.10438370704650879,0.13267877376601864,worker1,worker1,worker1,0,0.6823563575744629,0.0,0.0
model_0,781,1,0.4890096187591553,0,0,1,0,0.9351568222045898,0.3999326229095459,0.08907699584960938,0.18215796260948633,worker1,worker1,worker1,0,0.3999326229095459,0.0,0.0
model_0,782,1,0.5858826637268066,7,7,1,0,0.9803531169891357,0.41254687309265137,0.17333579063415527,0.29585410418455504,worker1,worker1,worker1,0,0.41254687309265137,0.0,0.0
model_0,783,1,0.5877273082733154,1,1,1,0,0.7699329853057861,0.41295409202575684,0.1747732162475586,0.29737127029374383,worker1,worker1,worker1,0,0.41295409202575684,0.0,0.0
model_0,784,1,1.013218879699707,1,9,0,2,0.692227840423584,0.7771804332733154,0.2360384464263916,0.23295898956832264,worker1->worker2,worker1,worker2,0,0.6232302188873291,0.15395021438598633,0.0
model_0,785,1,0.583855152130127,8,0,0,0,0.6154959201812744,0.4093186855316162,0.17453646659851074,0.298937957405591,worker1,worker1,worker1,0,0.4093186855316162,0.0,0.0
model_0,786,1,0.5461878776550293,9,9,1,0,0.8521648049354553,0.4393908977508545,0.1067969799041748,0.19553158221433006,worker1,worker1,worker1,0,0.4393908977508545,0.0,0.0
model_0,787,1,0.860429048538208,4,4,1,1,0.8173848986625671,0.6835737228393555,0.17685532569885254,0.20554318336801147,worker1,worker1,worker1,0,0.6835737228393555,0.0,0.0
model_0,788,1,0.56854248046875,7,7,1,0,0.9362266659736633,0.4776651859283447,0.09087729454040527,0.1598425758185722,worker1,worker1,worker1,0,0.4776651859283447,0.0,0.0
model_0,789,1,0.5342092514038086,0,0,1,0,0.8125140070915222,0.4355735778808594,0.09863567352294922,0.18463864724122972,worker1,worker1,worker1,0,0.4355735778808594,0.0,0.0
model_0,790,1,0.7881977558135986,2,2,1,1,0.6850305199623108,0.6958012580871582,0.09239649772644043,0.11722502004724222,worker1,worker1,worker1,0,0.6958012580871582,0.0,0.0
model_0,791,1,0.7078557014465332,7,1,0,1,0.6844034790992737,0.6180179119110107,0.08983778953552246,0.1269154000623787,worker1,worker1,worker1,0,0.6180179119110107,0.0,0.0
model_0,792,1,0.6003577709197998,5,5,1,0,0.7747259736061096,0.43933725357055664,0.16102051734924316,0.2682076007820235,worker1,worker1,worker1,0,0.43933725357055664,0.0,0.0
model_0,793,1,0.8791966438293457,9,9,1,1,0.9376912117004395,0.6993935108184814,0.17980313301086426,0.20450843878080646,worker1,worker1,worker1,0,0.6993935108184814,0.0,0.0
model_0,794,1,0.48597073554992676,0,0,1,0,0.7621073126792908,0.39171457290649414,0.09425616264343262,0.19395440043683268,worker1,worker1,worker1,0,0.39171457290649414,0.0,0.0
model_0,795,1,1.1032800674438477,5,5,1,2,0.6421955823898315,0.9510250091552734,0.15225505828857422,0.13800218347217025,worker1->worker2,worker1,worker2,0,0.7806973457336426,0.17032766342163086,0.0
model_0,796,1,0.8652620315551758,3,3,1,1,0.9647925496101379,0.7010104656219482,0.16425156593322754,0.1898286992184443,worker1,worker1,worker1,0,0.7010104656219482,0.0,0.0
model_0,797,1,0.7872164249420166,3,5,0,1,0.9934712648391724,0.6949515342712402,0.09226489067077637,0.11720397053144851,worker1,worker1,worker1,0,0.6949515342712402,0.0,0.0
model_0,798,1,0.7063624858856201,4,4,1,1,0.9986246824264526,0.6182806491851807,0.08808183670043945,0.12469778401383333,worker1,worker1,worker1,0,0.6182806491851807,0.0,0.0
model_0,799,1,0.4909546375274658,1,1,1,0,0.5372281670570374,0.4020836353302002,0.08887100219726562,0.1810167282354958,worker1,worker1,worker1,0,0.4020836353302002,0.0,0.0
model_0,800,1,0.7892959117889404,3,3,1,1,0.8186155557632446,0.6879680156707764,0.10132789611816406,0.12837757627364904,worker1,worker1,worker1,0,0.6879680156707764,0.0,0.0
model_0,801,1,0.5330920219421387,8,8,1,0,0.9005711674690247,0.4442756175994873,0.08881640434265137,0.16660614056664952,worker1,worker1,worker1,0,0.4442756175994873,0.0,0.0
model_0,802,1,0.5474569797515869,6,6,1,0,0.9830332398414612,0.45785093307495117,0.08960604667663574,0.16367687323540056,worker1,worker1,worker1,0,0.45785093307495117,0.0,0.0
model_0,803,1,1.0921988487243652,2,2,1,2,0.5702559351921082,0.894650936126709,0.19754791259765625,0.18087174586237895,worker1->worker2,worker1,worker2,0,0.735670804977417,0.158980131149292,0.0
model_0,804,1,1.0381383895874023,8,8,1,2,0.9523360133171082,0.8200666904449463,0.21807169914245605,0.2100603362034675,worker1->worker2,worker1,worker2,0,0.6632421016693115,0.15682458877563477,0.0
model_0,805,1,0.551609992980957,0,0,1,0,0.9803082942962646,0.4470024108886719,0.10460758209228516,0.1896404768285198,worker1,worker1,worker1,0,0.4470024108886719,0.0,0.0
model_0,806,1,0.7837512493133545,0,0,1,1,0.9954577684402466,0.6225831508636475,0.16116809844970703,0.20563679941933952,worker1,worker1,worker1,0,0.6225831508636475,0.0,0.0
model_0,807,1,0.5147383213043213,7,7,1,0,0.8738455772399902,0.4125552177429199,0.10218310356140137,0.1985146613962498,worker1,worker1,worker1,0,0.4125552177429199,0.0,0.0
model_0,808,1,0.5513303279876709,0,0,1,0,0.8824856877326965,0.4561786651611328,0.09515166282653809,0.17258557709646968,worker1,worker1,worker1,0,0.4561786651611328,0.0,0.0
model_0,809,1,1.03251314163208,4,4,1,2,0.9999340772628784,0.823279857635498,0.20923328399658203,0.20264466916697033,worker1->worker2,worker1,worker2,0,0.6718778610229492,0.15140199661254883,0.0
model_0,810,1,0.7311341762542725,6,6,1,1,0.9884461164474487,0.6329834461212158,0.09815073013305664,0.13424448387285068,worker1,worker1,worker1,0,0.6329834461212158,0.0,0.0
model_0,811,1,0.55043625831604,7,7,1,0,0.9207509160041809,0.4625067710876465,0.08792948722839355,0.15974508564787843,worker1,worker1,worker1,0,0.4625067710876465,0.0,0.0
model_0,812,1,0.6403186321258545,4,3,0,0,0.9571323990821838,0.4810166358947754,0.1593019962310791,0.248785508087118,worker1,worker1,worker1,0,0.4810166358947754,0.0,0.0
model_0,813,1,0.7776529788970947,6,1,0,1,0.9096251726150513,0.682701587677002,0.09495139122009277,0.1220999517738072,worker1,worker1,worker1,0,0.682701587677002,0.0,0.0
model_0,814,1,0.5866262912750244,9,9,1,0,0.9790665507316589,0.4896209239959717,0.09700536727905273,0.16536143831571692,worker1,worker1,worker1,0,0.4896209239959717,0.0,0.0
model_0,815,1,1.350003957748413,6,5,0,3,0.49677520990371704,1.0235695838928223,0.3264343738555908,0.2418025310088944,worker1->worker2->worker3,worker1,worker3,0,0.6538498401641846,0.16988682746887207,0.19983291625976562
model_0,816,1,0.7983834743499756,3,5,0,1,0.6208823323249817,0.6274733543395996,0.17091012001037598,0.21407021249973496,worker1,worker1,worker1,0,0.6274733543395996,0.0,0.0
model_0,817,1,0.729095458984375,3,3,1,1,0.9468253254890442,0.6013669967651367,0.12772846221923828,0.17518757063329288,worker1,worker1,worker1,0,0.6013669967651367,0.0,0.0
model_0,818,1,0.8208811283111572,4,4,1,1,0.9716349244117737,0.6599607467651367,0.1609203815460205,0.1960337203476594,worker1,worker1,worker1,0,0.6599607467651367,0.0,0.0
model_0,819,1,0.5832333564758301,1,1,1,0,0.97966468334198,0.49314284324645996,0.09009051322937012,0.1544673538114132,worker1,worker1,worker1,0,0.49314284324645996,0.0,0.0
model_0,820,1,0.8364479541778564,8,8,1,1,0.8804709911346436,0.676375150680542,0.16007280349731445,0.19137210234993018,worker1,worker1,worker1,0,0.676375150680542,0.0,0.0
model_0,821,1,0.5822463035583496,0,0,1,0,0.7010943293571472,0.40788865089416504,0.17435765266418457,0.299456864901696,worker1,worker1,worker1,0,0.40788865089416504,0.0,0.0
model_0,822,1,0.5960183143615723,1,1,1,0,0.9712844491004944,0.49149608612060547,0.1045222282409668,0.1753674773449307,worker1,worker1,worker1,0,0.49149608612060547,0.0,0.0
model_0,823,1,1.1034667491912842,2,2,1,2,0.975197970867157,0.8630707263946533,0.24039602279663086,0.2178552484456952,worker1->worker2,worker1,worker2,0,0.6955890655517578,0.1674816608428955,0.0
model_0,824,1,0.8403394222259521,9,9,1,1,0.7515973448753357,0.7504525184631348,0.08988690376281738,0.10696499698266972,worker1,worker1,worker1,0,0.7504525184631348,0.0,0.0
model_0,825,1,0.7982664108276367,6,6,1,1,0.8942139148712158,0.6924283504486084,0.10583806037902832,0.1325848851253759,worker1,worker1,worker1,0,0.6924283504486084,0.0,0.0
model_0,826,1,0.5899972915649414,9,1,0,0,0.9181298613548279,0.49247145652770996,0.09752583503723145,0.1652987843021254,worker1,worker1,worker1,0,0.49247145652770996,0.0,0.0
model_0,827,1,0.5497972965240479,5,5,1,0,0.9535663723945618,0.45333313941955566,0.09646415710449219,0.17545404045156648,worker1,worker1,worker1,0,0.45333313941955566,0.0,0.0
model_0,828,1,0.588374137878418,9,9,1,0,0.9792771935462952,0.4943861961364746,0.09398794174194336,0.15974179640330333,worker1,worker1,worker1,0,0.4943861961364746,0.0,0.0
model_0,829,1,0.7582483291625977,3,1,0,1,0.8128195405006409,0.6638967990875244,0.09435153007507324,0.12443354827998657,worker1,worker1,worker1,0,0.6638967990875244,0.0,0.0
model_0,830,1,0.516895055770874,7,7,1,0,0.999679446220398,0.4244694709777832,0.09242558479309082,0.17880918720580807,worker1,worker1,worker1,0,0.4244694709777832,0.0,0.0
model_0,831,1,0.5677182674407959,7,9,0,0,0.9097853899002075,0.4069499969482422,0.1607682704925537,0.28318319087613175,worker1,worker1,worker1,0,0.4069499969482422,0.0,0.0
model_0,832,1,0.5619783401489258,7,7,1,0,0.805944561958313,0.46790409088134766,0.09407424926757812,0.1673983542544508,worker1,worker1,worker1,0,0.46790409088134766,0.0,0.0
model_0,833,1,0.5724875926971436,4,4,1,0,0.9811752438545227,0.46964311599731445,0.1028444766998291,0.17964490062623195,worker1,worker1,worker1,0,0.46964311599731445,0.0,0.0
model_0,834,1,0.5775279998779297,7,7,1,0,0.9279646873474121,0.48841285705566406,0.08911514282226562,0.15430445422750347,worker1,worker1,worker1,0,0.48841285705566406,0.0,0.0
model_0,835,1,0.49782299995422363,4,4,1,0,0.7057870626449585,0.4081892967224121,0.08963370323181152,0.1800513500582609,worker1,worker1,worker1,0,0.4081892967224121,0.0,0.0
model_0,836,1,0.7606775760650635,4,7,0,1,0.7003825902938843,0.6715452671051025,0.08913230895996094,0.11717488692257326,worker1,worker1,worker1,0,0.6715452671051025,0.0,0.0
model_0,837,1,1.1546118259429932,7,4,0,2,0.7143769264221191,0.8998734951019287,0.25473833084106445,0.22062681597169237,worker1->worker2,worker1,worker2,0,0.7338414192199707,0.166032075881958,0.0
model_0,838,1,0.5578627586364746,0,0,1,0,0.9483739137649536,0.4541749954223633,0.10368776321411133,0.18586607836584118,worker1,worker1,worker1,0,0.4541749954223633,0.0,0.0
model_0,839,1,0.7762939929962158,3,3,1,1,0.7918968796730042,0.6762275695800781,0.1000664234161377,0.1289027408674351,worker1,worker1,worker1,0,0.6762275695800781,0.0,0.0
model_0,840,1,1.245481252670288,7,0,0,3,0.7059827446937561,0.944350004196167,0.3011312484741211,0.24177902945427837,worker1->worker2->worker3,worker1,worker3,0,0.6201667785644531,0.14182662963867188,0.182356595993042
model_0,841,1,0.5071768760681152,8,8,1,0,0.8807522058486938,0.4173598289489746,0.08981704711914062,0.17709215730702588,worker1,worker1,worker1,0,0.4173598289489746,0.0,0.0
model_0,842,1,0.7486789226531982,7,7,1,1,0.8669686317443848,0.6518948078155518,0.09678411483764648,0.12927319296589662,worker1,worker1,worker1,0,0.6518948078155518,0.0,0.0
model_0,843,1,0.6118171215057373,3,3,1,0,0.571850061416626,0.44553685188293457,0.16628026962280273,0.2717810008545886,worker1,worker1,worker1,0,0.44553685188293457,0.0,0.0
model_0,844,1,0.6070284843444824,3,3,1,0,0.8701130151748657,0.4616565704345703,0.1453719139099121,0.23948120666346695,worker1,worker1,worker1,0,0.4616565704345703,0.0,0.0
model_0,845,1,0.5242898464202881,1,9,0,0,0.8599125742912292,0.42136526107788086,0.10292458534240723,0.1963123757691456,worker1,worker1,worker1,0,0.42136526107788086,0.0,0.0
model_0,846,1,0.8057551383972168,4,4,1,1,0.9753697514533997,0.6964631080627441,0.10929203033447266,0.13563925952972883,worker1,worker1,worker1,0,0.6964631080627441,0.0,0.0
model_0,847,1,0.8551139831542969,3,5,0,1,0.48982512950897217,0.7538788318634033,0.10123515129089355,0.11838790299915686,worker1,worker1,worker1,0,0.7538788318634033,0.0,0.0
model_0,848,1,0.5596132278442383,7,0,0,0,0.7585431933403015,0.4028291702270508,0.1567840576171875,0.28016503151856603,worker1,worker1,worker1,0,0.4028291702270508,0.0,0.0
model_0,849,1,0.5369582176208496,8,8,1,0,0.9781683087348938,0.4480931758880615,0.08886504173278809,0.1654971258779326,worker1,worker1,worker1,0,0.4480931758880615,0.0,0.0
model_0,850,1,0.6049675941467285,1,9,0,0,0.8425337672233582,0.5082826614379883,0.09668493270874023,0.15981836654425877,worker1,worker1,worker1,0,0.5082826614379883,0.0,0.0
model_0,851,1,0.5891788005828857,7,2,0,0,0.9204412698745728,0.4972820281982422,0.09189677238464355,0.1559743363028818,worker1,worker1,worker1,0,0.4972820281982422,0.0,0.0
model_0,852,1,0.7410266399383545,2,8,0,1,0.8176841139793396,0.6442532539367676,0.09677338600158691,0.13059366665905214,worker1,worker1,worker1,0,0.6442532539367676,0.0,0.0
model_0,853,1,0.5293357372283936,9,9,1,0,0.9723881483078003,0.4373610019683838,0.09197473526000977,0.17375500800605354,worker1,worker1,worker1,0,0.4373610019683838,0.0,0.0
model_0,854,1,0.8228895664215088,3,3,1,1,0.9948490262031555,0.7213070392608643,0.10158252716064453,0.12344612364256288,worker1,worker1,worker1,0,0.7213070392608643,0.0,0.0
model_0,855,1,0.7928304672241211,9,9,1,1,0.984686017036438,0.7030222415924072,0.08980822563171387,0.11327544707780061,worker1,worker1,worker1,0,0.7030222415924072,0.0,0.0
model_0,856,1,0.5170753002166748,9,1,0,0,0.8777807950973511,0.42326927185058594,0.09380602836608887,0.18141657187411672,worker1,worker1,worker1,0,0.42326927185058594,0.0,0.0
model_0,857,1,0.6167778968811035,1,1,1,0,0.9310102462768555,0.5213656425476074,0.0954122543334961,0.15469467180320948,worker1,worker1,worker1,0,0.5213656425476074,0.0,0.0
model_0,858,1,0.7679016590118408,9,9,1,1,0.9989514350891113,0.6756064891815186,0.09229516983032227,0.12019139267011156,worker1,worker1,worker1,0,0.6756064891815186,0.0,0.0
model_0,859,1,0.9016990661621094,3,3,1,1,0.9654654860496521,0.8128387928009033,0.08886027336120605,0.09854759386567953,worker1,worker1,worker1,0,0.8128387928009033,0.0,0.0
model_0,860,1,0.8390247821807861,5,5,1,1,0.4851587414741516,0.7359304428100586,0.10309433937072754,0.12287400987461372,worker1,worker1,worker1,0,0.7359304428100586,0.0,0.0
model_0,861,1,0.6128084659576416,9,9,1,0,0.8976165056228638,0.4505910873413086,0.162217378616333,0.26471138639188735,worker1,worker1,worker1,0,0.4505910873413086,0.0,0.0
model_0,862,1,0.6194117069244385,3,6,0,0,0.7391064167022705,0.44359660148620605,0.17581510543823242,0.28384207704308045,worker1,worker1,worker1,0,0.44359660148620605,0.0,0.0
model_0,863,1,0.4919004440307617,8,0,0,0,0.616523802280426,0.39569807052612305,0.09620237350463867,0.19557285355616089,worker1,worker1,worker1,0,0.39569807052612305,0.0,0.0
model_0,864,1,0.5589861869812012,7,7,1,0,0.6543970108032227,0.46729397773742676,0.09169220924377441,0.16403305015273667,worker1,worker1,worker1,0,0.46729397773742676,0.0,0.0
model_0,865,1,0.5664279460906982,3,3,1,0,0.7035932540893555,0.47007131576538086,0.09635663032531738,0.1701127760209212,worker1,worker1,worker1,0,0.47007131576538086,0.0,0.0
model_0,866,1,0.8104071617126465,4,4,1,1,0.9784913063049316,0.638862133026123,0.17154502868652344,0.2116775823204654,worker1,worker1,worker1,0,0.638862133026123,0.0,0.0
model_0,867,1,0.6080758571624756,9,9,1,0,0.9729189276695251,0.5137300491333008,0.0943458080291748,0.15515466848072207,worker1,worker1,worker1,0,0.5137300491333008,0.0,0.0
model_0,868,1,0.7711985111236572,2,2,1,1,0.8614194989204407,0.6624753475189209,0.10872316360473633,0.1409794780935504,worker1,worker1,worker1,0,0.6624753475189209,0.0,0.0
model_0,869,1,0.5630848407745361,0,8,0,0,0.843970775604248,0.4668295383453369,0.09625530242919922,0.17094280552251742,worker1,worker1,worker1,0,0.4668295383453369,0.0,0.0
model_0,870,1,0.6051802635192871,0,0,1,0,0.8942689895629883,0.5075697898864746,0.0976104736328125,0.16129156801178737,worker1,worker1,worker1,0,0.5075697898864746,0.0,0.0
model_0,871,1,0.833193302154541,8,8,1,1,0.9966607093811035,0.7427220344543457,0.09047126770019531,0.10858376737576639,worker1,worker1,worker1,0,0.7427220344543457,0.0,0.0
model_0,872,1,0.6644742488861084,8,8,1,0,0.9904881715774536,0.5005519390106201,0.16392230987548828,0.24669475175340427,worker1,worker1,worker1,0,0.5005519390106201,0.0,0.0
model_0,873,1,1.1027226448059082,7,7,1,2,0.8073718547821045,0.9443657398223877,0.1583569049835205,0.14360538049111446,worker1->worker2,worker1,worker2,0,0.765383243560791,0.17898249626159668,0.0
model_0,874,1,0.8097586631774902,0,6,0,1,0.7407485842704773,0.6475393772125244,0.16221928596496582,0.20033041119735343,worker1,worker1,worker1,0,0.6475393772125244,0.0,0.0
model_0,875,1,0.589378833770752,5,5,1,0,0.8069315552711487,0.4084494113922119,0.18092942237854004,0.3069832372855713,worker1,worker1,worker1,0,0.4084494113922119,0.0,0.0
model_0,876,1,1.3121018409729004,0,0,1,3,0.8934116959571838,1.089691400527954,0.2224104404449463,0.16950699518875217,worker1->worker2->worker3,worker1,worker3,0,0.7205908298492432,0.14646410942077637,0.22263646125793457
model_0,877,1,0.8027377128601074,6,6,1,1,0.9963333606719971,0.6228289604187012,0.17990875244140625,0.2241189738057801,worker1,worker1,worker1,0,0.6228289604187012,0.0,0.0
model_0,878,1,0.590794563293457,6,6,1,0,0.875029444694519,0.41974854469299316,0.17104601860046387,0.2895186063442202,worker1,worker1,worker1,0,0.41974854469299316,0.0,0.0
model_0,879,1,0.5735244750976562,6,6,1,0,0.7936818599700928,0.3961012363433838,0.17742323875427246,0.30935600215502906,worker1,worker1,worker1,0,0.3961012363433838,0.0,0.0
model_0,880,1,0.8473708629608154,3,3,1,1,0.982628583908081,0.7551302909851074,0.09224057197570801,0.10885501969398427,worker1,worker1,worker1,0,0.7551302909851074,0.0,0.0
model_0,881,1,0.8884627819061279,2,2,1,1,0.7710504531860352,0.7170791625976562,0.17138361930847168,0.19289904180429643,worker1,worker1,worker1,0,0.7170791625976562,0.0,0.0
model_0,882,1,1.3524398803710938,3,0,0,3,0.9282718300819397,1.0730881690979004,0.27935171127319336,0.2065538848178172,worker1->worker2->worker3,worker1,worker3,0,0.716336727142334,0.15538644790649414,0.20136499404907227
model_0,883,1,1.2076973915100098,5,3,0,3,0.6235042810440063,0.962388277053833,0.24530911445617676,0.2031213416379591,worker1->worker2->worker3,worker1,worker3,0,0.6077184677124023,0.15191340446472168,0.20275640487670898
model_0,884,1,0.7887043952941895,9,9,1,1,0.9771949648857117,0.6194355487823486,0.16926884651184082,0.2146163347406007,worker1,worker1,worker1,0,0.6194355487823486,0.0,0.0
model_0,885,1,0.7243261337280273,6,2,0,1,0.6415137052536011,0.633368968963623,0.0909571647644043,0.12557487646656862,worker1,worker1,worker1,0,0.633368968963623,0.0,0.0
model_0,886,1,0.7864711284637451,3,2,0,1,0.6966888308525085,0.6191198825836182,0.16735124588012695,0.21278752623382732,worker1,worker1,worker1,0,0.6191198825836182,0.0,0.0
model_0,887,1,0.6406877040863037,3,3,1,0,0.931959331035614,0.46677207946777344,0.17391562461853027,0.27145147863662294,worker1,worker1,worker1,0,0.46677207946777344,0.0,0.0
model_0,888,1,1.2925426959991455,5,5,1,3,0.601130485534668,1.092743158340454,0.1997995376586914,0.15457867525547758,worker1->worker2->worker3,worker1,worker3,0,0.7148022651672363,0.1550276279449463,0.22291326522827148
model_0,889,1,0.6853902339935303,6,6,1,1,0.8988332748413086,0.5729589462280273,0.11243128776550293,0.16403981584389518,worker1,worker1,worker1,0,0.5729589462280273,0.0,0.0
model_0,890,1,0.7589614391326904,3,4,0,1,0.5163466334342957,0.6694560050964355,0.08950543403625488,0.11793146452675905,worker1,worker1,worker1,0,0.6694560050964355,0.0,0.0
model_0,891,1,0.5566504001617432,1,1,1,0,0.9189058542251587,0.46335911750793457,0.0932912826538086,0.16759402782554617,worker1,worker1,worker1,0,0.46335911750793457,0.0,0.0
model_0,892,1,0.8212645053863525,9,1,0,1,0.8570106625556946,0.727318286895752,0.09394621849060059,0.11439215730674357,worker1,worker1,worker1,0,0.727318286895752,0.0,0.0
model_0,893,1,0.5628416538238525,6,6,1,0,0.9470562934875488,0.46447300910949707,0.09836864471435547,0.17477143712810747,worker1,worker1,worker1,0,0.46447300910949707,0.0,0.0
model_0,894,1,0.5254709720611572,4,4,1,0,0.9187469482421875,0.41805076599121094,0.10742020606994629,0.2044265274037709,worker1,worker1,worker1,0,0.41805076599121094,0.0,0.0
model_0,895,1,1.0973970890045166,1,1,1,2,0.9918179512023926,0.9351396560668945,0.16225743293762207,0.14785662779988865,worker1->worker2,worker1,worker2,0,0.7671389579772949,0.1680006980895996,0.0
model_0,896,1,1.0395102500915527,2,2,1,2,0.885890781879425,0.8302853107452393,0.20922493934631348,0.20127260825748128,worker1->worker2,worker1,worker2,0,0.6819357872009277,0.14834952354431152,0.0
model_0,897,1,0.8671658039093018,3,3,1,1,0.9920652508735657,0.6957998275756836,0.17136597633361816,0.19761616009427144,worker1,worker1,worker1,0,0.6957998275756836,0.0,0.0
model_0,898,1,0.7716560363769531,2,2,1,1,0.8341140151023865,0.676661491394043,0.09499454498291016,0.12310477791235139,worker1,worker1,worker1,0,0.676661491394043,0.0,0.0
model_0,899,1,0.8176321983337402,7,7,1,1,0.9933757185935974,0.6532566547393799,0.16437554359436035,0.20103849130372153,worker1,worker1,worker1,0,0.6532566547393799,0.0,0.0
model_0,900,1,0.6067636013031006,9,9,1,0,0.9112480878829956,0.42175936698913574,0.18500423431396484,0.3049033164096283,worker1,worker1,worker1,0,0.42175936698913574,0.0,0.0
model_0,901,1,0.866274356842041,6,6,1,1,0.9214590191841125,0.7341694831848145,0.13210487365722656,0.15249773078682385,worker1,worker1,worker1,0,0.7341694831848145,0.0,0.0
model_0,902,1,0.8095946311950684,3,5,0,1,0.8310816884040833,0.6278402805328369,0.18175435066223145,0.2245004396755177,worker1,worker1,worker1,0,0.6278402805328369,0.0,0.0
model_0,903,1,0.7558538913726807,4,4,1,1,0.9539914727210999,0.6513361930847168,0.10451769828796387,0.13827764794351036,worker1,worker1,worker1,0,0.6513361930847168,0.0,0.0
model_0,904,1,0.8105921745300293,4,4,1,1,0.9822826981544495,0.7080562114715576,0.10253596305847168,0.12649513069617369,worker1,worker1,worker1,0,0.7080562114715576,0.0,0.0
model_0,905,1,0.49196767807006836,6,6,1,0,0.9039909839630127,0.3956432342529297,0.09632444381713867,0.195794252571649,worker1,worker1,worker1,0,0.3956432342529297,0.0,0.0
model_0,906,1,1.3759713172912598,4,4,1,3,0.6591348052024841,1.176048755645752,0.1999225616455078,0.14529558802074147,worker1->worker2->worker3,worker1,worker3,0,0.7722375392913818,0.17136836051940918,0.23244285583496094
model_0,907,1,0.7812285423278809,5,5,1,1,0.9537325501441956,0.6780605316162109,0.10316801071166992,0.13205868081093536,worker1,worker1,worker1,0,0.6780605316162109,0.0,0.0
model_0,908,1,0.7841229438781738,0,0,1,1,0.9962627291679382,0.6164505481719971,0.16767239570617676,0.2138343189868799,worker1,worker1,worker1,0,0.6164505481719971,0.0,0.0
model_0,909,1,0.6751687526702881,1,1,1,0,0.8194622993469238,0.48044466972351074,0.19472408294677734,0.288408019738243,worker1,worker1,worker1,0,0.48044466972351074,0.0,0.0
model_0,910,1,0.8462550640106201,4,4,1,1,0.9669119715690613,0.6827545166015625,0.16350054740905762,0.1932048082928881,worker1,worker1,worker1,0,0.6827545166015625,0.0,0.0
model_0,911,1,0.553269624710083,1,1,1,0,0.722163736820221,0.42751407623291016,0.12575554847717285,0.22729523339198243,worker1,worker1,worker1,0,0.42751407623291016,0.0,0.0
model_0,912,1,0.8359229564666748,9,0,0,1,0.9668280482292175,0.710150957107544,0.12577199935913086,0.15045884119602465,worker1,worker1,worker1,0,0.710150957107544,0.0,0.0
model_0,913,1,0.5719025135040283,4,2,0,0,0.8505160212516785,0.4499952793121338,0.12190723419189453,0.21316086450638733,worker1,worker1,worker1,0,0.4499952793121338,0.0,0.0
model_0,914,1,0.9010202884674072,3,5,0,1,0.9200767278671265,0.7392263412475586,0.16179394721984863,0.1795674850952052,worker1,worker1,worker1,0,0.7392263412475586,0.0,0.0
model_0,915,1,0.8846888542175293,0,1,0,1,0.8952867984771729,0.7220141887664795,0.1626746654510498,0.18387782854450993,worker1,worker1,worker1,0,0.7220141887664795,0.0,0.0
model_0,916,1,0.5117735862731934,9,9,1,0,0.9903342127799988,0.4215362071990967,0.09023737907409668,0.1763228534931196,worker1,worker1,worker1,0,0.4215362071990967,0.0,0.0
model_0,917,1,0.6032397747039795,7,7,1,0,0.9298492670059204,0.5130767822265625,0.09016299247741699,0.149464601404411,worker1,worker1,worker1,0,0.5130767822265625,0.0,0.0
model_0,918,1,1.050384521484375,7,7,1,2,0.999890923500061,0.8243188858032227,0.22606563568115234,0.21522178883756066,worker1->worker2,worker1,worker2,0,0.6768989562988281,0.14741992950439453,0.0
model_0,919,1,0.5817842483520508,8,8,1,0,0.9973862767219543,0.4151756763458252,0.16660857200622559,0.28637518543713986,worker1,worker1,worker1,0,0.4151756763458252,0.0,0.0
model_0,920,1,1.0717716217041016,2,2,1,2,0.6392269134521484,0.8721504211425781,0.19962120056152344,0.18625348583509665,worker1->worker2,worker1,worker2,0,0.7216498851776123,0.15050053596496582,0.0
model_0,921,1,0.8071033954620361,3,3,1,1,0.9543235301971436,0.6353359222412109,0.1717674732208252,0.21281966373403102,worker1,worker1,worker1,0,0.6353359222412109,0.0,0.0
model_0,922,1,0.5555791854858398,4,4,1,0,0.9564212560653687,0.4612579345703125,0.09432125091552734,0.16977103062823676,worker1,worker1,worker1,0,0.4612579345703125,0.0,0.0
model_0,923,1,0.6273422241210938,1,1,1,0,0.9988794922828674,0.46954917907714844,0.1577930450439453,0.2515262626631155,worker1,worker1,worker1,0,0.46954917907714844,0.0,0.0
model_0,924,1,1.0727756023406982,7,1,0,2,0.9099015593528748,0.91153883934021,0.16123676300048828,0.15029868562324164,worker1->worker2,worker1,worker2,0,0.764824390411377,0.146714448928833,0.0
model_0,925,1,0.5494353771209717,9,9,1,0,0.9784696102142334,0.44187426567077637,0.10756111145019531,0.19576662866853056,worker1,worker1,worker1,0,0.44187426567077637,0.0,0.0
model_0,926,1,0.5194745063781738,3,3,1,0,0.9518428444862366,0.42509007453918457,0.09438443183898926,0.18169213441684864,worker1,worker1,worker1,0,0.42509007453918457,0.0,0.0
model_0,927,1,0.6115884780883789,1,1,1,0,0.9653748273849487,0.44568467140197754,0.16590380668640137,0.2712670572293337,worker1,worker1,worker1,0,0.44568467140197754,0.0,0.0
model_0,928,1,0.7994098663330078,4,4,1,1,0.9217519164085388,0.680823802947998,0.11858606338500977,0.14834200624640617,worker1,worker1,worker1,0,0.680823802947998,0.0,0.0
model_0,929,1,0.5355672836303711,0,8,0,0,0.7103809118270874,0.44327354431152344,0.09229373931884766,0.1723289344584861,worker1,worker1,worker1,0,0.44327354431152344,0.0,0.0
model_0,930,1,0.5374064445495605,8,8,1,0,0.9854570031166077,0.44345569610595703,0.09395074844360352,0.1748225191500085,worker1,worker1,worker1,0,0.44345569610595703,0.0,0.0
model_0,931,1,0.6000750064849854,2,4,0,0,0.9427695870399475,0.4239048957824707,0.17617011070251465,0.2935801504789429,worker1,worker1,worker1,0,0.4239048957824707,0.0,0.0
model_0,932,1,0.7930104732513428,3,3,1,1,0.6941111087799072,0.6587746143341064,0.13423585891723633,0.1692737529264517,worker1,worker1,worker1,0,0.6587746143341064,0.0,0.0
model_0,933,1,0.8547172546386719,0,0,1,1,0.9512172341346741,0.7516751289367676,0.1030421257019043,0.12055697383278512,worker1,worker1,worker1,0,0.7516751289367676,0.0,0.0
model_0,934,1,0.5706276893615723,7,7,1,0,0.7693396806716919,0.4592740535736084,0.11135363578796387,0.19514236316248193,worker1,worker1,worker1,0,0.4592740535736084,0.0,0.0
model_0,935,1,0.630364179611206,8,8,1,0,0.9780875444412231,0.4691886901855469,0.16117548942565918,0.25568630743750137,worker1,worker1,worker1,0,0.4691886901855469,0.0,0.0
model_0,936,1,0.6225700378417969,7,7,1,0,0.9878582954406738,0.4521446228027344,0.1704254150390625,0.27374496792338376,worker1,worker1,worker1,0,0.4521446228027344,0.0,0.0
model_0,937,1,0.5680325031280518,8,8,1,0,0.9776696562767029,0.40708041191101074,0.16095209121704102,0.28335014339972997,worker1,worker1,worker1,0,0.40708041191101074,0.0,0.0
model_0,938,1,1.0664353370666504,2,2,1,2,0.9589126110076904,0.834010124206543,0.23242521286010742,0.21794590331132402,worker1->worker2,worker1,worker2,0,0.6583054065704346,0.1757047176361084,0.0
model_0,939,1,0.5627212524414062,7,7,1,0,0.9904283285140991,0.4690709114074707,0.09365034103393555,0.16642403432894504,worker1,worker1,worker1,0,0.4690709114074707,0.0,0.0
model_0,940,1,0.8091700077056885,6,6,1,1,0.9961413741111755,0.7167911529541016,0.09237885475158691,0.11416495158232184,worker1,worker1,worker1,0,0.7167911529541016,0.0,0.0
model_0,941,1,0.6229372024536133,8,8,1,0,0.9877346158027649,0.44332408905029297,0.1796131134033203,0.2883326163469826,worker1,worker1,worker1,0,0.44332408905029297,0.0,0.0
model_0,942,1,0.589463472366333,7,7,1,0,0.8900086879730225,0.4905576705932617,0.09890580177307129,0.16778953473745434,worker1,worker1,worker1,0,0.4905576705932617,0.0,0.0
model_0,943,1,1.0926523208618164,3,3,1,2,0.8937127590179443,0.8464481830596924,0.24620413780212402,0.2253270625078007,worker1->worker2,worker1,worker2,0,0.7020044326782227,0.14444375038146973,0.0
model_0,944,1,0.5425891876220703,9,9,1,0,0.9816600680351257,0.41790056228637695,0.12468862533569336,0.22980300415153634,worker1,worker1,worker1,0,0.41790056228637695,0.0,0.0
model_0,945,1,0.6667959690093994,4,4,1,0,0.8304460644721985,0.5162110328674316,0.15058493614196777,0.2258336029920497,worker1,worker1,worker1,0,0.5162110328674316,0.0,0.0
model_0,946,1,0.6020750999450684,5,5,1,0,0.8806992173194885,0.4967539310455322,0.10532116889953613,0.17493028512414038,worker1,worker1,worker1,0,0.4967539310455322,0.0,0.0
model_0,947,1,0.5386271476745605,5,7,0,0,0.5271373391151428,0.4257490634918213,0.11287808418273926,0.2095662735717517,worker1,worker1,worker1,0,0.4257490634918213,0.0,0.0
model_0,948,1,0.6031224727630615,3,6,0,0,0.7640421986579895,0.5038604736328125,0.09926199913024902,0.16458017005319647,worker1,worker1,worker1,0,0.5038604736328125,0.0,0.0
model_0,949,1,1.4160454273223877,0,0,1,3,0.5678153038024902,1.0865252017974854,0.32952022552490234,0.23270455817790742,worker1->worker2->worker3,worker1,worker3,0,0.7193801403045654,0.1574385166168213,0.20970654487609863
model_0,950,1,1.0384585857391357,3,5,0,2,0.7783602476119995,0.8636138439178467,0.17484474182128906,0.1683694893781837,worker1->worker2,worker1,worker2,0,0.7170107364654541,0.14660310745239258,0.0
model_0,951,1,0.9836874008178711,3,0,0,2,0.8456650972366333,0.8212826251983643,0.16240477561950684,0.16509795234184965,worker1->worker2,worker1,worker2,0,0.6613295078277588,0.15995311737060547,0.0
model_0,952,1,0.6720850467681885,9,1,0,0,0.954020619392395,0.5090937614440918,0.16299128532409668,0.24251586329418018,worker1,worker1,worker1,0,0.5090937614440918,0.0,0.0
model_0,953,1,0.5141165256500244,0,0,1,0,0.7024660110473633,0.41353273391723633,0.10058379173278809,0.19564395757482164,worker1,worker1,worker1,0,0.41353273391723633,0.0,0.0
model_0,954,1,0.53749680519104,3,5,0,0,0.9202197194099426,0.42286014556884766,0.11463665962219238,0.21327877396675426,worker1,worker1,worker1,0,0.42286014556884766,0.0,0.0
model_0,955,1,0.5740532875061035,0,1,0,0,0.8130422234535217,0.41166114807128906,0.16239213943481445,0.28288687299450027,worker1,worker1,worker1,0,0.41166114807128906,0.0,0.0
model_0,956,1,0.5590839385986328,1,1,1,0,0.998234748840332,0.3916950225830078,0.167388916015625,0.2993985418990792,worker1,worker1,worker1,0,0.3916950225830078,0.0,0.0
model_0,957,1,0.7496504783630371,4,3,0,1,0.759334921836853,0.6543993949890137,0.09525108337402344,0.12706065843113581,worker1,worker1,worker1,0,0.6543993949890137,0.0,0.0
model_0,958,1,0.5763504505157471,4,4,1,0,0.8509267568588257,0.4700186252593994,0.10633182525634766,0.18449161471322986,worker1,worker1,worker1,0,0.4700186252593994,0.0,0.0
model_0,959,1,0.5327203273773193,7,7,1,0,0.9970773458480835,0.4334132671356201,0.09930706024169922,0.18641500077649795,worker1,worker1,worker1,0,0.4334132671356201,0.0,0.0
model_0,960,1,0.5479190349578857,5,5,1,0,0.8092418909072876,0.451737642288208,0.09618139266967773,0.1755394255961019,worker1,worker1,worker1,0,0.451737642288208,0.0,0.0
model_0,961,1,0.6213622093200684,7,7,1,0,0.9752328991889954,0.4544053077697754,0.16695690155029297,0.2686949721853654,worker1,worker1,worker1,0,0.4544053077697754,0.0,0.0
model_0,962,1,0.6192104816436768,4,4,1,0,0.9797786474227905,0.45870041847229004,0.16051006317138672,0.2592172902908835,worker1,worker1,worker1,0,0.45870041847229004,0.0,0.0
model_0,963,1,0.8799600601196289,3,3,1,1,0.9916879534721375,0.710421085357666,0.1695389747619629,0.19266667027923334,worker1,worker1,worker1,0,0.710421085357666,0.0,0.0
model_0,964,1,0.8550915718078613,9,0,0,1,0.7904924154281616,0.6733064651489258,0.18178510665893555,0.2125913909718462,worker1,worker1,worker1,0,0.6733064651489258,0.0,0.0
model_0,965,1,0.7711234092712402,4,4,1,1,0.7512853741645813,0.6756014823913574,0.09552192687988281,0.12387372206759616,worker1,worker1,worker1,0,0.6756014823913574,0.0,0.0
model_0,966,1,0.5730483531951904,7,7,1,0,0.8118190765380859,0.40346503257751465,0.16958332061767578,0.29593195700173786,worker1,worker1,worker1,0,0.40346503257751465,0.0,0.0
model_0,967,1,1.1870107650756836,8,6,0,2,0.8975870609283447,0.9516720771789551,0.23533868789672852,0.19826162897665328,worker1->worker2,worker1,worker2,0,0.771639347076416,0.18003273010253906,0.0
model_0,968,1,0.7573776245117188,3,3,1,1,0.9770270586013794,0.5764222145080566,0.1809554100036621,0.23892362824994207,worker1,worker1,worker1,0,0.5764222145080566,0.0,0.0
model_0,969,1,0.9949109554290771,2,2,1,2,0.9922170639038086,0.8330786228179932,0.16183233261108398,0.16266011719741316,worker1->worker2,worker1,worker2,0,0.6874654293060303,0.1456131935119629,0.0
model_0,970,1,0.7695057392120361,9,1,0,1,0.7913508415222168,0.6670396327972412,0.10246610641479492,0.13315833942930547,worker1,worker1,worker1,0,0.6670396327972412,0.0,0.0
model_0,971,1,0.8223922252655029,1,1,1,1,0.9989879727363586,0.6615080833435059,0.16088414192199707,0.1956294539020683,worker1,worker1,worker1,0,0.6615080833435059,0.0,0.0
model_0,972,1,0.8383827209472656,6,6,1,1,0.6787997484207153,0.6594526767730713,0.17893004417419434,0.2134228672700055,worker1,worker1,worker1,0,0.6594526767730713,0.0,0.0
model_0,973,1,0.5616443157196045,5,5,1,0,0.8413979411125183,0.4611015319824219,0.10054278373718262,0.17901504728728998,worker1,worker1,worker1,0,0.4611015319824219,0.0,0.0
model_0,974,1,0.8915402889251709,0,7,0,1,0.8909456729888916,0.7068448066711426,0.18469548225402832,0.20716448213091382,worker1,worker1,worker1,0,0.7068448066711426,0.0,0.0
model_0,975,1,0.8484892845153809,6,6,1,1,0.9794019460678101,0.6765725612640381,0.17191672325134277,0.20261507880978594,worker1,worker1,worker1,0,0.6765725612640381,0.0,0.0
model_0,976,1,0.575239896774292,3,3,1,0,0.7527929544448853,0.4788026809692383,0.09643721580505371,0.1676469527684603,worker1,worker1,worker1,0,0.4788026809692383,0.0,0.0
model_0,977,1,0.587968111038208,4,4,1,0,0.9375747442245483,0.49168920516967773,0.09627890586853027,0.16374851639236906,worker1,worker1,worker1,0,0.49168920516967773,0.0,0.0
model_0,978,1,0.6017012596130371,2,3,0,0,0.756534993648529,0.5089817047119141,0.09271955490112305,0.15409566362010335,worker1,worker1,worker1,0,0.5089817047119141,0.0,0.0
model_0,979,1,1.3180835247039795,9,0,0,3,0.4769057035446167,1.0661134719848633,0.2519700527191162,0.19116394977754134,worker1->worker2->worker3,worker1,worker3,0,0.6858999729156494,0.18651843070983887,0.193695068359375
model_0,980,1,0.5668461322784424,8,8,1,0,0.6439329385757446,0.3870279788970947,0.17981815338134766,0.3172256863755376,worker1,worker1,worker1,0,0.3870279788970947,0.0,0.0
model_0,981,1,0.5642435550689697,4,4,1,0,0.9645751118659973,0.4755532741546631,0.08869028091430664,0.15718439336620454,worker1,worker1,worker1,0,0.4755532741546631,0.0,0.0
model_0,982,1,0.7914621829986572,5,5,1,1,0.9855685830116272,0.6978192329406738,0.0936429500579834,0.118316392203596,worker1,worker1,worker1,0,0.6978192329406738,0.0,0.0
model_0,983,1,0.50856614112854,0,0,1,0,0.9823976159095764,0.4135012626647949,0.09506487846374512,0.18692726624071004,worker1,worker1,worker1,0,0.4135012626647949,0.0,0.0
model_0,984,1,0.6122422218322754,8,8,1,0,0.9984562397003174,0.515589714050293,0.09665250778198242,0.15786645274598607,worker1,worker1,worker1,0,0.515589714050293,0.0,0.0
model_0,985,1,0.5617926120758057,6,4,0,0,0.5406804084777832,0.4661905765533447,0.09560203552246094,0.1701731804005298,worker1,worker1,worker1,0,0.4661905765533447,0.0,0.0
model_0,986,1,1.3679144382476807,7,7,1,3,0.4800994098186493,1.1658999919891357,0.20201444625854492,0.14768061554882667,worker1->worker2->worker3,worker1,worker3,0,0.7585468292236328,0.1757655143737793,0.23158764839172363
model_0,987,1,1.0114109516143799,2,2,1,2,0.9686177968978882,0.7738258838653564,0.23758506774902344,0.23490458291933483,worker1->worker2,worker1,worker2,0,0.6252326965332031,0.14859318733215332,0.0
model_0,988,1,0.5537233352661133,8,8,1,0,0.9865880608558655,0.38202857971191406,0.17169475555419922,0.31007318026733444,worker1,worker1,worker1,0,0.38202857971191406,0.0,0.0
model_0,989,1,0.5756683349609375,5,4,0,0,0.9195156693458557,0.45598602294921875,0.11968231201171875,0.20790150290243062,worker1,worker1,worker1,0,0.45598602294921875,0.0,0.0
model_0,990,1,1.0244083404541016,2,2,1,2,0.6087788939476013,0.8010396957397461,0.22336864471435547,0.21804649170987833,worker1->worker2,worker1,worker2,0,0.6434166431427002,0.1576230525970459,0.0
model_0,991,1,0.5656614303588867,6,6,1,0,0.8891629576683044,0.4722890853881836,0.09337234497070312,0.16506754740457127,worker1,worker1,worker1,0,0.4722890853881836,0.0,0.0
model_0,992,1,1.0517423152923584,6,2,0,2,0.8181082606315613,0.8184177875518799,0.23332452774047852,0.22184571671970815,worker1->worker2,worker1,worker2,0,0.675980806350708,0.14243698120117188,0.0
model_0,993,1,0.7070515155792236,8,8,1,1,0.8415867686271667,0.6174633502960205,0.08958816528320312,0.1267067014343525,worker1,worker1,worker1,0,0.6174633502960205,0.0,0.0
model_0,994,1,0.7372045516967773,1,1,1,1,0.9080682992935181,0.6428594589233398,0.0943450927734375,0.12797681804363434,worker1,worker1,worker1,0,0.6428594589233398,0.0,0.0
model_0,995,1,0.7817699909210205,6,2,0,1,0.9696508049964905,0.6890239715576172,0.09274601936340332,0.11863594208078668,worker1,worker1,worker1,0,0.6890239715576172,0.0,0.0
model_0,996,1,0.5607850551605225,4,7,0,0,0.854514479637146,0.4559364318847656,0.10484862327575684,0.18696757752530396,worker1,worker1,worker1,0,0.4559364318847656,0.0,0.0
model_0,997,1,0.5004169940948486,7,7,1,0,0.8073514699935913,0.4131133556365967,0.08730363845825195,0.1744617778542199,worker1,worker1,worker1,0,0.4131133556365967,0.0,0.0
model_0,998,1,0.8727695941925049,3,3,1,1,0.9951347708702087,0.7833895683288574,0.08938002586364746,0.10240964678237073,worker1,worker1,worker1,0,0.7833895683288574,0.0,0.0
model_0,999,1,0.5342497825622559,8,1,0,0,0.9917318820953369,0.43843865394592285,0.09581112861633301,0.17933770259451287,worker1,worker1,worker1,0,0.43843865394592285,0.0,0.0
model_0,1000,1,0.7897655963897705,3,3,1,1,0.976478099822998,0.6954078674316406,0.09435772895812988,0.11947561325723008,worker1,worker1,worker1,0,0.6954078674316406,0.0,0.0
model_0,1001,1,0.5634362697601318,8,8,1,0,0.9501193761825562,0.4662189483642578,0.09721732139587402,0.17254359829774846,worker1,worker1,worker1,0,0.4662189483642578,0.0,0.0
model_0,1002,1,0.48352527618408203,9,9,1,0,0.9981614947319031,0.395627498626709,0.08789777755737305,0.18178527966738525,worker1,worker1,worker1,0,0.395627498626709,0.0,0.0
model_0,1003,1,0.8842294216156006,6,2,0,1,0.6367029547691345,0.7838733196258545,0.1003561019897461,0.11349554712439067,worker1,worker1,worker1,0,0.7838733196258545,0.0,0.0
model_0,1004,1,0.6099579334259033,0,0,1,0,0.7444325089454651,0.43605780601501465,0.17390012741088867,0.2851018371613881,worker1,worker1,worker1,0,0.43605780601501465,0.0,0.0
model_0,1005,1,0.6154289245605469,4,4,1,0,0.8723108768463135,0.5102481842041016,0.10518074035644531,0.17090639740657407,worker1,worker1,worker1,0,0.5102481842041016,0.0,0.0
model_0,1006,1,0.5485117435455322,5,5,1,0,0.7096279263496399,0.43781304359436035,0.11069869995117188,0.2018164629176854,worker1,worker1,worker1,0,0.43781304359436035,0.0,0.0
model_0,1007,1,0.9246981143951416,9,9,1,1,0.9972987771034241,0.830176830291748,0.09452128410339355,0.10221853233173434,worker1,worker1,worker1,0,0.830176830291748,0.0,0.0
model_0,1008,1,0.8981022834777832,5,5,1,1,0.9939941763877869,0.7337493896484375,0.1643528938293457,0.18300019591633895,worker1,worker1,worker1,0,0.7337493896484375,0.0,0.0
model_0,1009,1,0.850743293762207,6,6,1,1,0.9614145159721375,0.7225847244262695,0.1281585693359375,0.15064305563807284,worker1,worker1,worker1,0,0.7225847244262695,0.0,0.0
model_0,1010,1,0.5938107967376709,6,6,1,0,0.8945530652999878,0.42455577850341797,0.16925501823425293,0.2850318976416744,worker1,worker1,worker1,0,0.42455577850341797,0.0,0.0
model_0,1011,1,0.6708848476409912,6,6,1,0,0.9874275922775269,0.5102226734161377,0.16066217422485352,0.2394780189026243,worker1,worker1,worker1,0,0.5102226734161377,0.0,0.0
model_0,1012,1,1.065842628479004,0,2,0,2,0.9101388454437256,0.8570353984832764,0.20880722999572754,0.19590812416060244,worker1->worker2,worker1,worker2,0,0.6999824047088623,0.15705299377441406,0.0
model_0,1013,1,0.7635383605957031,7,7,1,1,0.9825652837753296,0.6699550151824951,0.09358334541320801,0.1225653487012695,worker1,worker1,worker1,0,0.6699550151824951,0.0,0.0
model_0,1014,1,0.83823561668396,6,6,1,1,0.9964370727539062,0.7448081970214844,0.09342741966247559,0.11145722968927546,worker1,worker1,worker1,0,0.7448081970214844,0.0,0.0
model_0,1015,1,0.5918738842010498,0,1,0,0,0.8404912948608398,0.50179123878479,0.09008264541625977,0.15219905425943778,worker1,worker1,worker1,0,0.50179123878479,0.0,0.0
model_0,1016,1,0.5725934505462646,7,7,1,0,0.9663586616516113,0.478534460067749,0.09405899047851562,0.1642683659563022,worker1,worker1,worker1,0,0.478534460067749,0.0,0.0
model_0,1017,1,0.9067342281341553,6,2,0,1,0.9517208933830261,0.7384591102600098,0.1682751178741455,0.18558372746159138,worker1,worker1,worker1,0,0.7384591102600098,0.0,0.0
model_0,1018,1,0.5175385475158691,0,0,1,0,0.8576487898826599,0.41449546813964844,0.1030430793762207,0.1991022308788721,worker1,worker1,worker1,0,0.41449546813964844,0.0,0.0
model_0,1019,1,0.5783030986785889,8,8,1,0,0.9456926584243774,0.4753422737121582,0.10296082496643066,0.17803955261815838,worker1,worker1,worker1,0,0.4753422737121582,0.0,0.0
model_0,1020,1,0.5660266876220703,8,8,1,0,0.9689936637878418,0.47102999687194824,0.09499669075012207,0.16783076280238982,worker1,worker1,worker1,0,0.47102999687194824,0.0,0.0
model_0,1021,1,0.8611190319061279,9,9,1,1,0.5688800811767578,0.7655186653137207,0.09560036659240723,0.11101875937034078,worker1,worker1,worker1,0,0.7655186653137207,0.0,0.0
model_0,1022,1,0.8477358818054199,5,5,1,1,0.9896788597106934,0.7491991519927979,0.09853672981262207,0.11623517645940475,worker1,worker1,worker1,0,0.7491991519927979,0.0,0.0
model_0,1023,1,0.5339462757110596,9,9,1,0,0.9987335801124573,0.42589330673217773,0.10805296897888184,0.20236674342374059,worker1,worker1,worker1,0,0.42589330673217773,0.0,0.0
model_0,1024,1,0.5529961585998535,5,5,1,0,0.9171551465988159,0.45836973190307617,0.09462642669677734,0.1711158843062575,worker1,worker1,worker1,0,0.45836973190307617,0.0,0.0
model_0,1025,1,0.558497428894043,8,8,1,0,0.9792120456695557,0.4523148536682129,0.10618257522583008,0.19012186938102238,worker1,worker1,worker1,0,0.4523148536682129,0.0,0.0
model_0,1026,1,0.5638458728790283,4,2,0,0,0.8332354426383972,0.4656553268432617,0.0981905460357666,0.1741443021200106,worker1,worker1,worker1,0,0.4656553268432617,0.0,0.0
model_0,1027,1,0.5640416145324707,3,5,0,0,0.7402451634407043,0.4665062427520752,0.09753537178039551,0.1729222973401382,worker1,worker1,worker1,0,0.4665062427520752,0.0,0.0
model_0,1028,1,0.5259613990783691,6,6,1,0,0.9870360493659973,0.4372279644012451,0.08873343467712402,0.16870712343645317,worker1,worker1,worker1,0,0.4372279644012451,0.0,0.0
model_0,1029,1,0.8036904335021973,4,4,1,1,0.9997913241386414,0.7082581520080566,0.09543228149414062,0.1187425873396062,worker1,worker1,worker1,0,0.7082581520080566,0.0,0.0
model_0,1030,1,0.8736007213592529,4,4,1,1,0.9168003797531128,0.7039675712585449,0.169633150100708,0.19417698034494796,worker1,worker1,worker1,0,0.7039675712585449,0.0,0.0
model_0,1031,1,1.0657155513763428,2,2,1,2,0.9957937002182007,0.8161158561706543,0.24959969520568848,0.2342085511310567,worker1->worker2,worker1,worker2,0,0.6635594367980957,0.1525564193725586,0.0
model_0,1032,1,0.5419888496398926,8,8,1,0,0.9934953451156616,0.44788146018981934,0.09410738945007324,0.17363344192892516,worker1,worker1,worker1,0,0.44788146018981934,0.0,0.0
model_0,1033,1,0.7912425994873047,3,3,1,1,0.895552396774292,0.6994640827178955,0.09177851676940918,0.11599289121803881,worker1,worker1,worker1,0,0.6994640827178955,0.0,0.0
model_0,1034,1,0.5734953880310059,8,8,1,0,0.9602935910224915,0.4840397834777832,0.08945560455322266,0.155983128060284,worker1,worker1,worker1,0,0.4840397834777832,0.0,0.0
model_0,1035,1,0.884972333908081,7,0,0,1,0.6376529932022095,0.7928755283355713,0.09209680557250977,0.10406744035240714,worker1,worker1,worker1,0,0.7928755283355713,0.0,0.0
model_0,1036,1,0.5532317161560059,3,4,0,0,0.7299677729606628,0.4627354145050049,0.09049630165100098,0.1635775733896679,worker1,worker1,worker1,0,0.4627354145050049,0.0,0.0
model_0,1037,1,0.5733842849731445,4,4,1,0,0.9813499450683594,0.4790806770324707,0.09430360794067383,0.1644684209388311,worker1,worker1,worker1,0,0.4790806770324707,0.0,0.0
model_0,1038,1,0.7169482707977295,6,6,1,0,0.9580148458480835,0.5394158363342285,0.17753243446350098,0.24762237625033295,worker1,worker1,worker1,0,0.5394158363342285,0.0,0.0
model_0,1039,1,0.5857317447662354,1,1,1,0,0.9949172735214233,0.4931607246398926,0.09257102012634277,0.15804337216397196,worker1,worker1,worker1,0,0.4931607246398926,0.0,0.0
model_0,1040,1,0.8465652465820312,7,7,1,1,0.9488661885261536,0.7424154281616211,0.10414981842041016,0.12302633357666207,worker1,worker1,worker1,0,0.7424154281616211,0.0,0.0
model_0,1041,1,0.5987036228179932,6,6,1,0,0.8709195852279663,0.49773454666137695,0.10096907615661621,0.16864617535028842,worker1,worker1,worker1,0,0.49773454666137695,0.0,0.0
model_0,1042,1,0.6291677951812744,8,8,1,0,0.9989147186279297,0.53523850440979,0.09392929077148438,0.14929132020246152,worker1,worker1,worker1,0,0.53523850440979,0.0,0.0
model_0,1043,1,0.6323378086090088,0,0,1,0,0.9994598031044006,0.46430182456970215,0.16803598403930664,0.26573768285174254,worker1,worker1,worker1,0,0.46430182456970215,0.0,0.0
model_0,1044,1,1.3677821159362793,5,5,1,3,0.9399271011352539,1.0627737045288086,0.3050084114074707,0.2229948818995087,worker1->worker2->worker3,worker1,worker3,0,0.7094380855560303,0.15038561820983887,0.20295000076293945
model_0,1045,1,0.6329939365386963,1,1,1,0,0.9953455328941345,0.4617643356323242,0.17122960090637207,0.27050748991796136,worker1,worker1,worker1,0,0.4617643356323242,0.0,0.0
model_0,1046,1,0.8363039493560791,8,8,1,1,0.971634030342102,0.7391147613525391,0.09718918800354004,0.11621275742912833,worker1,worker1,worker1,0,0.7391147613525391,0.0,0.0
model_0,1047,1,0.8626751899719238,0,1,0,1,0.9133583307266235,0.6960422992706299,0.16663289070129395,0.19315832034849303,worker1,worker1,worker1,0,0.6960422992706299,0.0,0.0
model_0,1048,1,0.6620223522186279,9,9,1,0,0.9227799773216248,0.48630785942077637,0.17571449279785156,0.2654207855807007,worker1,worker1,worker1,0,0.48630785942077637,0.0,0.0
model_0,1049,1,0.5185809135437012,8,0,0,0,0.8568081259727478,0.42391204833984375,0.09466886520385742,0.18255370132491314,worker1,worker1,worker1,0,0.42391204833984375,0.0,0.0
model_0,1050,1,0.5387310981750488,6,6,1,0,0.8957427740097046,0.44526076316833496,0.09347033500671387,0.17350090856708394,worker1,worker1,worker1,0,0.44526076316833496,0.0,0.0
model_0,1051,1,0.5393855571746826,1,1,1,0,0.5655525922775269,0.44269704818725586,0.09668850898742676,0.17925676299877957,worker1,worker1,worker1,0,0.44269704818725586,0.0,0.0
model_0,1052,1,0.6656820774078369,8,8,1,0,0.9927846193313599,0.5739784240722656,0.09170365333557129,0.13775893395337444,worker1,worker1,worker1,0,0.5739784240722656,0.0,0.0
model_0,1053,1,0.5635015964508057,8,8,1,0,0.9843235611915588,0.46579504013061523,0.09770655632019043,0.17339180037038338,worker1,worker1,worker1,0,0.46579504013061523,0.0,0.0
model_0,1054,1,0.6365346908569336,0,0,1,0,0.9937240481376648,0.46219944953918457,0.17433524131774902,0.273881759819014,worker1,worker1,worker1,0,0.46219944953918457,0.0,0.0
model_0,1055,1,0.8036558628082275,4,4,1,1,0.9966896772384644,0.7142784595489502,0.08937740325927734,0.11121352732619215,worker1,worker1,worker1,0,0.7142784595489502,0.0,0.0
model_0,1056,1,1.1669316291809082,4,4,1,2,0.997276246547699,0.899665117263794,0.26726651191711426,0.2290335656637517,worker1->worker2,worker1,worker2,0,0.7522709369659424,0.14739418029785156,0.0
model_0,1057,1,0.5381145477294922,4,2,0,0,0.9193078875541687,0.3713498115539551,0.1667647361755371,0.3099056453299401,worker1,worker1,worker1,0,0.3713498115539551,0.0,0.0
model_0,1058,1,0.6225528717041016,8,8,1,0,0.9751545190811157,0.5103769302368164,0.11217594146728516,0.18018701152277747,worker1,worker1,worker1,0,0.5103769302368164,0.0,0.0
model_0,1059,1,0.5384407043457031,3,3,1,0,0.8349219560623169,0.434955358505249,0.1034853458404541,0.19219450722286377,worker1,worker1,worker1,0,0.434955358505249,0.0,0.0
model_0,1060,1,0.767535924911499,4,4,1,1,0.8960040807723999,0.6706662178039551,0.09686970710754395,0.12620869455552003,worker1,worker1,worker1,0,0.6706662178039551,0.0,0.0
model_0,1061,1,0.6200733184814453,7,7,1,0,0.6546367406845093,0.5193631649017334,0.10071015357971191,0.16241652491410255,worker1,worker1,worker1,0,0.5193631649017334,0.0,0.0
model_0,1062,1,0.8446753025054932,6,1,0,1,0.6541396379470825,0.7498030662536621,0.09487223625183105,0.11231799482051752,worker1,worker1,worker1,0,0.7498030662536621,0.0,0.0
model_0,1063,1,0.606224775314331,8,8,1,0,0.9835582375526428,0.5177836418151855,0.08844113349914551,0.14588835214345747,worker1,worker1,worker1,0,0.5177836418151855,0.0,0.0
model_0,1064,1,0.6012310981750488,6,6,1,0,0.9771362543106079,0.5091643333435059,0.09206676483154297,0.15313041043784742,worker1,worker1,worker1,0,0.5091643333435059,0.0,0.0
model_0,1065,1,0.666149377822876,6,6,1,0,0.9686569571495056,0.4963359832763672,0.1698133945465088,0.2549178910914796,worker1,worker1,worker1,0,0.4963359832763672,0.0,0.0
model_0,1066,1,0.6162137985229492,8,8,1,0,0.7741789817810059,0.4442422389984131,0.17197155952453613,0.27907774856185974,worker1,worker1,worker1,0,0.4442422389984131,0.0,0.0
model_0,1067,1,0.5512325763702393,9,1,0,0,0.7815036177635193,0.4431796073913574,0.10805296897888184,0.1960206519186328,worker1,worker1,worker1,0,0.4431796073913574,0.0,0.0
model_0,1068,1,0.8357579708099365,3,3,1,1,0.8606950640678406,0.7264242172241211,0.10933375358581543,0.13081987537595322,worker1,worker1,worker1,0,0.7264242172241211,0.0,0.0
model_0,1069,1,0.5661921501159668,0,0,1,0,0.8692260980606079,0.4712085723876953,0.09498357772827148,0.16775855636433154,worker1,worker1,worker1,0,0.4712085723876953,0.0,0.0
model_0,1070,1,0.9083192348480225,9,0,0,1,0.7199610471725464,0.7368953227996826,0.17142391204833984,0.1887265021719176,worker1,worker1,worker1,0,0.7368953227996826,0.0,0.0
model_0,1071,1,0.9101712703704834,3,3,1,1,0.9800187945365906,0.7332181930541992,0.17695307731628418,0.19441733998509508,worker1,worker1,worker1,0,0.7332181930541992,0.0,0.0
model_0,1072,1,0.6962800025939941,9,9,1,0,0.9880130290985107,0.5219554901123047,0.17432451248168945,0.2503655308672412,worker1,worker1,worker1,0,0.5219554901123047,0.0,0.0
model_0,1073,1,0.6383175849914551,2,2,1,0,0.8525087237358093,0.46335458755493164,0.17496299743652344,0.27410023090444174,worker1,worker1,worker1,0,0.46335458755493164,0.0,0.0
model_0,1074,1,0.820763349533081,3,3,1,1,0.9709072113037109,0.7306361198425293,0.09012722969055176,0.10980903294698,worker1,worker1,worker1,0,0.7306361198425293,0.0,0.0
model_0,1075,1,1.3361048698425293,8,8,1,3,0.8226637244224548,1.1399345397949219,0.19617033004760742,0.14682255448311304,worker1->worker2->worker3,worker1,worker3,0,0.7214004993438721,0.1767582893371582,0.2417757511138916
model_0,1076,1,0.8085176944732666,9,8,0,1,0.9778384566307068,0.7147660255432129,0.09375166893005371,0.11595499958863743,worker1,worker1,worker1,0,0.7147660255432129,0.0,0.0
model_0,1077,1,1.0172011852264404,0,0,1,2,0.857879102230072,0.8569331169128418,0.16026806831359863,0.15755788593376555,worker1->worker2,worker1,worker2,0,0.7170078754425049,0.13992524147033691,0.0
model_0,1078,1,0.5604767799377441,9,1,0,0,0.9452653527259827,0.40103697776794434,0.1594398021697998,0.28447173527422465,worker1,worker1,worker1,0,0.40103697776794434,0.0,0.0
model_0,1079,1,0.5580019950866699,7,7,1,0,0.8988847136497498,0.3850069046020508,0.17299509048461914,0.3100259354050324,worker1,worker1,worker1,0,0.3850069046020508,0.0,0.0
model_0,1080,1,0.5807108879089355,5,5,1,0,0.872840404510498,0.40234994888305664,0.1783609390258789,0.30714240552322597,worker1,worker1,worker1,0,0.40234994888305664,0.0,0.0
model_0,1081,1,0.5876307487487793,9,9,1,0,0.9725545644760132,0.4855384826660156,0.10209226608276367,0.17373540492927744,worker1,worker1,worker1,0,0.4855384826660156,0.0,0.0
model_0,1082,1,1.0941085815429688,7,7,1,2,0.9941245913505554,0.8671329021453857,0.226975679397583,0.20745260865927045,worker1->worker2,worker1,worker2,0,0.6935062408447266,0.17362666130065918,0.0
model_0,1083,1,0.5500562191009521,7,4,0,0,0.9806674718856812,0.38619184494018555,0.1638643741607666,0.2979047749493629,worker1,worker1,worker1,0,0.38619184494018555,0.0,0.0
model_0,1084,1,0.5295555591583252,7,7,1,0,0.9898760914802551,0.43567895889282227,0.09387660026550293,0.1772743173817498,worker1,worker1,worker1,0,0.43567895889282227,0.0,0.0
model_0,1085,1,0.5464165210723877,1,1,1,0,0.909214437007904,0.453479528427124,0.09293699264526367,0.17008452171773122,worker1,worker1,worker1,0,0.453479528427124,0.0,0.0
model_0,1086,1,1.0550642013549805,6,6,1,2,0.9911932349205017,0.8946897983551025,0.16037440299987793,0.15200440200123835,worker1->worker2,worker1,worker2,0,0.7408730983734131,0.15381669998168945,0.0
model_0,1087,1,0.8278851509094238,1,5,0,1,0.7788957357406616,0.6716117858886719,0.15627336502075195,0.18876213065192338,worker1,worker1,worker1,0,0.6716117858886719,0.0,0.0
model_0,1088,1,0.8186836242675781,9,9,1,1,0.7362514734268188,0.7130708694458008,0.10561275482177734,0.129003135877137,worker1,worker1,worker1,0,0.7130708694458008,0.0,0.0
model_0,1089,1,0.6644470691680908,6,6,1,0,0.9015580415725708,0.49489355087280273,0.16955351829528809,0.2551798723524728,worker1,worker1,worker1,0,0.49489355087280273,0.0,0.0
model_0,1090,1,1.2915027141571045,5,9,0,3,0.8059007525444031,1.0026490688323975,0.28885364532470703,0.22365701764183013,worker1->worker2->worker3,worker1,worker3,0,0.6768653392791748,0.13774657249450684,0.18803715705871582
model_0,1091,1,1.215444564819336,2,2,1,3,0.8632214069366455,0.947504997253418,0.26793956756591797,0.2204457326326064,worker1->worker2->worker3,worker1,worker3,0,0.627572774887085,0.13635611534118652,0.18357610702514648
model_0,1092,1,0.5428035259246826,1,1,1,0,0.9926403164863586,0.378587007522583,0.1642165184020996,0.30253399353357496,worker1,worker1,worker1,0,0.378587007522583,0.0,0.0
model_0,1093,1,0.7499356269836426,3,3,1,1,0.8147445321083069,0.647437334060669,0.10249829292297363,0.13667612156957748,worker1,worker1,worker1,0,0.647437334060669,0.0,0.0
model_0,1094,1,0.7932438850402832,9,7,0,1,0.9990860223770142,0.6289322376251221,0.16431164741516113,0.20713887684973067,worker1,worker1,worker1,0,0.6289322376251221,0.0,0.0
model_0,1095,1,1.0795857906341553,5,3,0,2,0.9174791574478149,0.8464488983154297,0.23313689231872559,0.21595031570559997,worker1->worker2,worker1,worker2,0,0.7008917331695557,0.14555716514587402,0.0
model_0,1096,1,0.8223650455474854,4,4,1,1,0.8098016381263733,0.7010037899017334,0.12136125564575195,0.14757589260734727,worker1,worker1,worker1,0,0.7010037899017334,0.0,0.0
model_0,1097,1,0.6283526420593262,9,9,1,0,0.9989878535270691,0.4677138328552246,0.16063880920410156,0.2556507261235241,worker1,worker1,worker1,0,0.4677138328552246,0.0,0.0
model_0,1098,1,0.5075888633728027,7,3,0,0,0.9190502166748047,0.4172041416168213,0.09038472175598145,0.1780667943646306,worker1,worker1,worker1,0,0.4172041416168213,0.0,0.0
model_0,1099,1,0.5652620792388916,8,8,1,0,0.9990028738975525,0.47600889205932617,0.08925318717956543,0.1578970011569539,worker1,worker1,worker1,0,0.47600889205932617,0.0,0.0
model_0,1100,1,0.6298816204071045,0,0,1,0,0.5747271776199341,0.46329569816589355,0.16658592224121094,0.2644717941341792,worker1,worker1,worker1,0,0.46329569816589355,0.0,0.0
model_0,1101,1,0.5668470859527588,8,8,1,0,0.9952515363693237,0.468029260635376,0.09881782531738281,0.17432889356975245,worker1,worker1,worker1,0,0.468029260635376,0.0,0.0
model_0,1102,1,0.5765235424041748,7,7,1,0,0.9954715967178345,0.474872350692749,0.10165119171142578,0.17631750350996542,worker1,worker1,worker1,0,0.474872350692749,0.0,0.0
model_0,1103,1,0.7614684104919434,2,2,1,1,0.9815497994422913,0.6685876846313477,0.0928807258605957,0.12197580960790023,worker1,worker1,worker1,0,0.6685876846313477,0.0,0.0
model_0,1104,1,0.5741016864776611,9,9,1,0,0.9847500324249268,0.47415995597839355,0.09994173049926758,0.17408367342107853,worker1,worker1,worker1,0,0.47415995597839355,0.0,0.0
model_0,1105,1,0.8437893390655518,3,3,1,1,0.7247721552848816,0.6681051254272461,0.17568421363830566,0.20820861974016625,worker1,worker1,worker1,0,0.6681051254272461,0.0,0.0
model_0,1106,1,0.6773414611816406,7,7,1,0,0.6359698176383972,0.4980652332305908,0.1792762279510498,0.2646762943439156,worker1,worker1,worker1,0,0.4980652332305908,0.0,0.0
model_0,1107,1,0.5692193508148193,1,1,1,0,0.884669303894043,0.47115063667297363,0.0980687141418457,0.17228633215203148,worker1,worker1,worker1,0,0.47115063667297363,0.0,0.0
model_0,1108,1,0.6149671077728271,9,9,1,0,0.7854437232017517,0.5110158920288086,0.10395121574401855,0.1690354076342223,worker1,worker1,worker1,0,0.5110158920288086,0.0,0.0
model_0,1109,1,1.0739171504974365,8,8,1,2,0.8479437232017517,0.8560454845428467,0.21787166595458984,0.2028756742116206,worker1->worker2,worker1,worker2,0,0.6918342113494873,0.16421127319335938,0.0
model_0,1110,1,0.7509851455688477,6,6,1,1,0.5798835158348083,0.6515171527862549,0.09946799278259277,0.13245001365140038,worker1,worker1,worker1,0,0.6515171527862549,0.0,0.0
model_0,1111,1,0.6510827541351318,9,9,1,0,0.9967693090438843,0.473067045211792,0.17801570892333984,0.27341487359745487,worker1,worker1,worker1,0,0.473067045211792,0.0,0.0
model_0,1112,1,0.7234604358673096,4,4,1,1,0.8758522272109985,0.6236348152160645,0.09982562065124512,0.13798352432579217,worker1,worker1,worker1,0,0.6236348152160645,0.0,0.0
model_0,1113,1,0.6134870052337646,4,5,0,0,0.894088864326477,0.4443385601043701,0.16914844512939453,0.27571642705772026,worker1,worker1,worker1,0,0.4443385601043701,0.0,0.0
model_0,1114,1,0.5750119686126709,6,6,1,0,0.9857023358345032,0.47414422035217285,0.10086774826049805,0.17541851955509946,worker1,worker1,worker1,0,0.47414422035217285,0.0,0.0
model_0,1115,1,0.6554830074310303,5,4,0,0,0.740088701248169,0.5498275756835938,0.10565543174743652,0.16118714070334395,worker1,worker1,worker1,0,0.5498275756835938,0.0,0.0
model_0,1116,1,0.8341751098632812,5,5,1,1,0.9951006770133972,0.7319800853729248,0.10219502449035645,0.1225102778565353,worker1,worker1,worker1,0,0.7319800853729248,0.0,0.0
model_0,1117,1,0.7711241245269775,3,8,0,1,0.7467448711395264,0.6642200946807861,0.1069040298461914,0.13863401033104547,worker1,worker1,worker1,0,0.6642200946807861,0.0,0.0
model_0,1118,1,0.5875911712646484,8,8,1,0,0.9114236235618591,0.4900829792022705,0.09750819206237793,0.165945638448779,worker1,worker1,worker1,0,0.4900829792022705,0.0,0.0
model_0,1119,1,0.8286378383636475,9,2,0,1,0.815803587436676,0.7360711097717285,0.09256672859191895,0.11170951205259355,worker1,worker1,worker1,0,0.7360711097717285,0.0,0.0
model_0,1120,1,0.8500449657440186,4,4,1,1,0.8532956838607788,0.7568793296813965,0.09316563606262207,0.10960083268192408,worker1,worker1,worker1,0,0.7568793296813965,0.0,0.0
model_0,1121,1,0.7616374492645264,9,9,1,1,0.8511108160018921,0.6624255180358887,0.0992119312286377,0.13026136165499935,worker1,worker1,worker1,0,0.6624255180358887,0.0,0.0
model_0,1122,1,0.8606534004211426,3,3,1,1,0.8593601584434509,0.7606053352355957,0.10004806518554688,0.11624663904957613,worker1,worker1,worker1,0,0.7606053352355957,0.0,0.0
model_0,1123,1,0.6613564491271973,1,1,1,0,0.9998319149017334,0.4728810787200928,0.1884753704071045,0.28498303850493706,worker1,worker1,worker1,0,0.4728810787200928,0.0,0.0
model_0,1124,1,0.6774659156799316,8,8,1,0,0.9333752989768982,0.5138375759124756,0.16362833976745605,0.24152999579799106,worker1,worker1,worker1,0,0.5138375759124756,0.0,0.0
model_0,1125,1,0.639650821685791,0,0,1,0,0.7412676215171814,0.456803560256958,0.182847261428833,0.2858548058250618,worker1,worker1,worker1,0,0.456803560256958,0.0,0.0
model_0,1126,1,0.6693434715270996,9,9,1,0,0.8476322889328003,0.5636904239654541,0.10565304756164551,0.1578457877845574,worker1,worker1,worker1,0,0.5636904239654541,0.0,0.0
model_0,1127,1,0.5270485877990723,5,3,0,0,0.5385247468948364,0.43016934394836426,0.09687924385070801,0.18381463510844556,worker1,worker1,worker1,0,0.43016934394836426,0.0,0.0
model_0,1128,1,0.7248632907867432,8,8,1,0,0.9742196798324585,0.5423285961151123,0.18253469467163086,0.25181947684716327,worker1,worker1,worker1,0,0.5423285961151123,0.0,0.0
model_0,1129,1,1.0472908020019531,2,2,1,2,0.9827521443367004,0.8931007385253906,0.1541900634765625,0.14722755435435872,worker1->worker2,worker1,worker2,0,0.7099053859710693,0.1831953525543213,0.0
model_0,1130,1,0.8794221878051758,1,1,1,1,0.7350632548332214,0.7380216121673584,0.14140057563781738,0.16078804651349415,worker1,worker1,worker1,0,0.7380216121673584,0.0,0.0
model_0,1131,1,0.6579821109771729,0,8,0,0,0.762383222579956,0.4937314987182617,0.16425061225891113,0.24962777789654744,worker1,worker1,worker1,0,0.4937314987182617,0.0,0.0
model_0,1132,1,1.0968968868255615,6,6,1,2,0.9833388328552246,0.8533632755279541,0.24353361129760742,0.22202051461956274,worker1->worker2,worker1,worker2,0,0.703920841217041,0.14944243431091309,0.0
model_0,1133,1,0.8631882667541504,4,4,1,1,0.8266454339027405,0.7728621959686279,0.09032607078552246,0.10464237555634981,worker1,worker1,worker1,0,0.7728621959686279,0.0,0.0
model_0,1134,1,0.5856552124023438,1,1,1,0,0.8549392819404602,0.4736003875732422,0.11205482482910156,0.19133241275093468,worker1,worker1,worker1,0,0.4736003875732422,0.0,0.0
model_0,1135,1,0.7326757907867432,6,1,0,1,0.8912111520767212,0.6376209259033203,0.09505486488342285,0.12973659847741587,worker1,worker1,worker1,0,0.6376209259033203,0.0,0.0
model_0,1136,1,1.0939984321594238,5,5,1,2,0.939880907535553,0.8863234519958496,0.20767498016357422,0.18983114971531387,worker1->worker2,worker1,worker2,0,0.7439310550689697,0.14239239692687988,0.0
model_0,1137,1,0.6301300525665283,8,0,0,0,0.9118125438690186,0.4588630199432373,0.17126703262329102,0.27179632510101376,worker1,worker1,worker1,0,0.4588630199432373,0.0,0.0
model_0,1138,1,0.7749831676483154,4,4,1,1,0.9942628741264343,0.6809647083282471,0.09401845932006836,0.12131677595704066,worker1,worker1,worker1,0,0.6809647083282471,0.0,0.0
model_0,1139,1,0.545302152633667,0,0,1,0,0.970171332359314,0.43694043159484863,0.10836172103881836,0.1987186746200424,worker1,worker1,worker1,0,0.43694043159484863,0.0,0.0
model_0,1140,1,0.5476474761962891,9,9,1,0,0.9910463690757751,0.45812106132507324,0.08952641487121582,0.1634745319982586,worker1,worker1,worker1,0,0.45812106132507324,0.0,0.0
model_0,1141,1,1.2052910327911377,7,0,0,3,0.6755045056343079,0.9863877296447754,0.2189033031463623,0.1816186275271954,worker1->worker2->worker3,worker1,worker3,0,0.7332854270935059,0.07999324798583984,0.1731090545654297
model_0,1142,1,0.5131556987762451,1,9,0,0,0.916043221950531,0.42469096183776855,0.08846473693847656,0.1723935584257254,worker1,worker1,worker1,0,0.42469096183776855,0.0,0.0
model_0,1143,1,0.6011934280395508,0,0,1,0,0.8996493220329285,0.49666857719421387,0.10452485084533691,0.17386226457295959,worker1,worker1,worker1,0,0.49666857719421387,0.0,0.0
model_0,1144,1,0.6704080104827881,9,1,0,0,0.5712605118751526,0.4845302104949951,0.18587779998779297,0.2772607085257451,worker1,worker1,worker1,0,0.4845302104949951,0.0,0.0
model_0,1145,1,0.8653919696807861,7,7,1,1,0.950785756111145,0.6866719722747803,0.17871999740600586,0.2065191308303099,worker1,worker1,worker1,0,0.6866719722747803,0.0,0.0
model_0,1146,1,0.6219239234924316,8,8,1,0,0.9996657371520996,0.4537792205810547,0.16814470291137695,0.2703621722206079,worker1,worker1,worker1,0,0.4537792205810547,0.0,0.0
model_0,1147,1,0.6175110340118408,9,9,1,0,0.9814460873603821,0.5120260715484619,0.1054849624633789,0.17082279773701375,worker1,worker1,worker1,0,0.5120260715484619,0.0,0.0
model_0,1148,1,0.7198069095611572,9,8,0,1,0.6921806931495667,0.6214334964752197,0.0983734130859375,0.1366663917492992,worker1,worker1,worker1,0,0.6214334964752197,0.0,0.0
model_0,1149,1,0.6316125392913818,7,7,1,0,0.978585958480835,0.4640967845916748,0.16751575469970703,0.26521917200637934,worker1,worker1,worker1,0,0.4640967845916748,0.0,0.0
model_0,1150,1,0.5932633876800537,0,8,0,0,0.7439790368080139,0.48477649688720703,0.10848689079284668,0.18286463153757523,worker1,worker1,worker1,0,0.48477649688720703,0.0,0.0
model_0,1151,1,0.5701882839202881,4,7,0,0,0.7869745492935181,0.4683411121368408,0.10184717178344727,0.17862024642667934,worker1,worker1,worker1,0,0.4683411121368408,0.0,0.0
model_0,1152,1,0.5759661197662354,4,7,0,0,0.6578866839408875,0.47241950035095215,0.1035466194152832,0.1797790110593817,worker1,worker1,worker1,0,0.47241950035095215,0.0,0.0
model_0,1153,1,0.6375532150268555,7,1,0,0,0.9370648264884949,0.4673786163330078,0.17017459869384766,0.2669182660880777,worker1,worker1,worker1,0,0.4673786163330078,0.0,0.0
model_0,1154,1,0.6664042472839355,9,0,0,0,0.7983770966529846,0.508655309677124,0.15774893760681152,0.23671658494037068,worker1,worker1,worker1,0,0.508655309677124,0.0,0.0
model_0,1155,1,1.0727696418762207,2,7,0,2,0.8475950360298157,0.8230454921722412,0.2497241497039795,0.2327845046651622,worker1->worker2,worker1,worker2,0,0.6748850345611572,0.14816045761108398,0.0
model_0,1156,1,0.607337236404419,7,7,1,0,0.7724463939666748,0.5130789279937744,0.09425830841064453,0.1551992908728537,worker1,worker1,worker1,0,0.5130789279937744,0.0,0.0
model_0,1157,1,0.8609187602996826,2,2,1,1,0.9305416941642761,0.741814136505127,0.11910462379455566,0.1383459500326091,worker1,worker1,worker1,0,0.741814136505127,0.0,0.0
model_0,1158,1,0.783811092376709,5,5,1,1,0.7653442621231079,0.6853363513946533,0.09847474098205566,0.12563580936760657,worker1,worker1,worker1,0,0.6853363513946533,0.0,0.0
model_0,1159,1,0.5493505001068115,9,9,1,0,0.9327276349067688,0.4497842788696289,0.09956622123718262,0.18124352524995194,worker1,worker1,worker1,0,0.4497842788696289,0.0,0.0
model_0,1160,1,0.8702991008758545,5,5,1,1,0.9934694766998291,0.6990623474121094,0.17123675346374512,0.19675621092957044,worker1,worker1,worker1,0,0.6990623474121094,0.0,0.0
model_0,1161,1,0.8209576606750488,7,7,1,1,0.9558739066123962,0.7070777416229248,0.11387991905212402,0.13871594664027373,worker1,worker1,worker1,0,0.7070777416229248,0.0,0.0
model_0,1162,1,1.1984326839447021,2,2,1,2,0.7010464668273926,0.9865658283233643,0.2118668556213379,0.1767866134324436,worker1->worker2,worker1,worker2,0,0.8394548892974854,0.1471109390258789,0.0
model_0,1163,1,0.8979554176330566,5,5,1,1,0.9148319363594055,0.717240571975708,0.18071484565734863,0.20125146762152119,worker1,worker1,worker1,0,0.717240571975708,0.0,0.0
model_0,1164,1,0.5141310691833496,6,6,1,0,0.934687077999115,0.4228479862213135,0.09128308296203613,0.17754827209145518,worker1,worker1,worker1,0,0.4228479862213135,0.0,0.0
model_0,1165,1,0.7952823638916016,0,3,0,1,0.532020092010498,0.636380672454834,0.15890169143676758,0.19980537561427197,worker1,worker1,worker1,0,0.636380672454834,0.0,0.0
model_0,1166,1,1.071580410003662,3,2,0,2,0.7489118576049805,0.8284015655517578,0.2431788444519043,0.22693476120105,worker1->worker2,worker1,worker2,0,0.6792926788330078,0.14910888671875,0.0
model_0,1167,1,0.8625266551971436,1,1,1,1,0.9122942686080933,0.6884374618530273,0.1740891933441162,0.20183630534215258,worker1,worker1,worker1,0,0.6884374618530273,0.0,0.0
model_0,1168,1,0.6530163288116455,0,0,1,0,0.8494774103164673,0.4939005374908447,0.15911579132080078,0.24366280642684474,worker1,worker1,worker1,0,0.4939005374908447,0.0,0.0
model_0,1169,1,1.0810387134552002,5,5,1,2,0.9658426642417908,0.8112823963165283,0.2697563171386719,0.24953437261879424,worker1->worker2,worker1,worker2,0,0.6618611812591553,0.14942121505737305,0.0
model_0,1170,1,0.8818743228912354,7,7,1,1,0.970775842666626,0.7083828449249268,0.1734914779663086,0.19673038829106027,worker1,worker1,worker1,0,0.7083828449249268,0.0,0.0
model_0,1171,1,0.5373528003692627,7,4,0,0,0.7998475432395935,0.4405832290649414,0.09676957130432129,0.18008572996702046,worker1,worker1,worker1,0,0.4405832290649414,0.0,0.0
model_0,1172,1,1.1182103157043457,0,0,1,2,0.9852627515792847,0.8588755130767822,0.2593348026275635,0.2319195226384689,worker1->worker2,worker1,worker2,0,0.7241196632385254,0.13475584983825684,0.0
model_0,1173,1,1.024620532989502,4,4,1,2,0.9610657095909119,0.8053975105285645,0.2192230224609375,0.21395532824363536,worker1->worker2,worker1,worker2,0,0.6570875644683838,0.14830994606018066,0.0
model_0,1174,1,0.5126018524169922,1,1,1,0,0.643753707408905,0.4197530746459961,0.0928487777709961,0.18113234927497945,worker1,worker1,worker1,0,0.4197530746459961,0.0,0.0
model_0,1175,1,0.5516715049743652,8,8,1,0,0.9367424249649048,0.4580059051513672,0.09366559982299805,0.16978509670777803,worker1,worker1,worker1,0,0.4580059051513672,0.0,0.0
model_0,1176,1,0.5143442153930664,1,9,0,0,0.7742151618003845,0.4187734127044678,0.09557080268859863,0.18581097993988827,worker1,worker1,worker1,0,0.4187734127044678,0.0,0.0
model_0,1177,1,0.7135515213012695,8,8,1,0,0.9219440817832947,0.5498707294464111,0.1636807918548584,0.22938889059666165,worker1,worker1,worker1,0,0.5498707294464111,0.0,0.0
model_0,1178,1,0.846625804901123,6,6,1,1,0.984183132648468,0.6631081104278564,0.1835176944732666,0.2167636438800723,worker1,worker1,worker1,0,0.6631081104278564,0.0,0.0
model_0,1179,1,0.8192214965820312,9,9,1,1,0.7762874960899353,0.7254500389099121,0.09377145767211914,0.11446410776982036,worker1,worker1,worker1,0,0.7254500389099121,0.0,0.0
model_0,1180,1,0.5788333415985107,7,7,1,0,0.9791393280029297,0.47943806648254395,0.0993952751159668,0.1717165684365659,worker1,worker1,worker1,0,0.47943806648254395,0.0,0.0
model_0,1181,1,0.8324263095855713,3,5,0,1,0.9980535507202148,0.72792649269104,0.10449981689453125,0.12553641768789978,worker1,worker1,worker1,0,0.72792649269104,0.0,0.0
model_0,1182,1,1.2321622371673584,2,7,0,2,0.7975831627845764,0.95918869972229,0.27297353744506836,0.2215402559914614,worker1->worker2,worker1,worker2,0,0.7971487045288086,0.16203999519348145,0.0
model_0,1183,1,0.5649862289428711,4,4,1,0,0.7800998687744141,0.4617626667022705,0.10322356224060059,0.1827010234103212,worker1,worker1,worker1,0,0.4617626667022705,0.0,0.0
model_0,1184,1,0.5504450798034668,7,3,0,0,0.6617220044136047,0.4601626396179199,0.09028244018554688,0.16401716265277855,worker1,worker1,worker1,0,0.4601626396179199,0.0,0.0
model_0,1185,1,1.0455577373504639,6,6,1,2,0.9863215088844299,0.8123164176940918,0.23324131965637207,0.22307837369883204,worker1->worker2,worker1,worker2,0,0.6855647563934326,0.12675166130065918,0.0
model_0,1186,1,0.543065071105957,3,4,0,0,0.8123021125793457,0.4519946575164795,0.09107041358947754,0.1676970559053113,worker1,worker1,worker1,0,0.4519946575164795,0.0,0.0
model_0,1187,1,1.0817699432373047,5,5,1,2,0.9997606873512268,0.8027405738830566,0.27902936935424805,0.2579378093268378,worker1->worker2,worker1,worker2,0,0.6576616764068604,0.1450788974761963,0.0
model_0,1188,1,0.7925052642822266,9,0,0,1,0.9664583206176758,0.7044110298156738,0.08809423446655273,0.11115917891894364,worker1,worker1,worker1,0,0.7044110298156738,0.0,0.0
model_0,1189,1,0.5606615543365479,7,7,1,0,0.9341738224029541,0.46726536750793457,0.09339618682861328,0.16658211376582177,worker1,worker1,worker1,0,0.46726536750793457,0.0,0.0
model_0,1190,1,0.6464047431945801,9,9,1,0,0.9568468332290649,0.4819910526275635,0.1644136905670166,0.2543509964894007,worker1,worker1,worker1,0,0.4819910526275635,0.0,0.0
model_0,1191,1,0.8280558586120605,6,6,1,1,0.9188959002494812,0.6530823707580566,0.1749734878540039,0.21130638233425988,worker1,worker1,worker1,0,0.6530823707580566,0.0,0.0
model_0,1192,1,0.7771294116973877,5,5,1,1,0.7130683660507202,0.6756958961486816,0.10143351554870605,0.13052332600198127,worker1,worker1,worker1,0,0.6756958961486816,0.0,0.0
model_0,1193,1,0.867565393447876,2,2,1,1,0.8486031889915466,0.7684311866760254,0.09913420677185059,0.11426712904934082,worker1,worker1,worker1,0,0.7684311866760254,0.0,0.0
model_0,1194,1,0.563687801361084,6,2,0,0,0.5488532185554504,0.46292638778686523,0.10076141357421875,0.17875393671979353,worker1,worker1,worker1,0,0.46292638778686523,0.0,0.0
model_0,1195,1,0.5516138076782227,3,5,0,0,0.6799286603927612,0.45636773109436035,0.0952460765838623,0.17266804285548806,worker1,worker1,worker1,0,0.45636773109436035,0.0,0.0
model_0,1196,1,0.5665273666381836,5,5,1,0,0.769648551940918,0.4735264778137207,0.09300088882446289,0.16415956986568403,worker1,worker1,worker1,0,0.4735264778137207,0.0,0.0
model_0,1197,1,1.4547600746154785,6,6,1,3,0.964743971824646,1.166862964630127,0.28789710998535156,0.19790006270377497,worker1->worker2->worker3,worker1,worker3,0,0.7598657608032227,0.18317890167236328,0.22381830215454102
model_0,1198,1,0.5812013149261475,3,5,0,0,0.5163794755935669,0.41171813011169434,0.16948318481445312,0.29160839878001504,worker1,worker1,worker1,0,0.41171813011169434,0.0,0.0
model_0,1199,1,0.7211966514587402,4,7,0,1,0.7298126220703125,0.6252696514129639,0.09592700004577637,0.1330108783114121,worker1,worker1,worker1,0,0.6252696514129639,0.0,0.0
model_0,1200,1,1.0014839172363281,2,3,0,2,0.5292870998382568,0.8398253917694092,0.16165852546691895,0.16141899304087487,worker1->worker2,worker1,worker2,0,0.7081096172332764,0.1317157745361328,0.0
model_0,1201,1,0.8741214275360107,6,6,1,1,0.9880453944206238,0.712923526763916,0.16119790077209473,0.18441133656508374,worker1,worker1,worker1,0,0.712923526763916,0.0,0.0
model_0,1202,1,0.9009294509887695,3,3,1,1,0.9979478716850281,0.7215914726257324,0.1793379783630371,0.19905884768914345,worker1,worker1,worker1,0,0.7215914726257324,0.0,0.0
model_0,1203,1,0.5518367290496826,9,9,1,0,0.9779179096221924,0.45464539527893066,0.09719133377075195,0.17612335072028468,worker1,worker1,worker1,0,0.45464539527893066,0.0,0.0
model_0,1204,1,0.6352198123931885,4,3,0,0,0.7550343871116638,0.5385260581970215,0.09669375419616699,0.15222093566614933,worker1,worker1,worker1,0,0.5385260581970215,0.0,0.0
model_0,1205,1,0.545839786529541,5,5,1,0,0.9322443604469299,0.4503443241119385,0.09549546241760254,0.17495145054332586,worker1,worker1,worker1,0,0.4503443241119385,0.0,0.0
model_0,1206,1,1.122642993927002,0,0,1,2,0.964388370513916,0.9460482597351074,0.17659473419189453,0.15730266446875213,worker1->worker2,worker1,worker2,0,0.7589776515960693,0.18707060813903809,0.0
model_0,1207,1,0.5762202739715576,6,6,1,0,0.9666780829429626,0.47153472900390625,0.10468554496765137,0.18167626113901483,worker1,worker1,worker1,0,0.47153472900390625,0.0,0.0
model_0,1208,1,0.49445557594299316,0,0,1,0,0.8217611908912659,0.4002821445465088,0.09417343139648438,0.19045883185134074,worker1,worker1,worker1,0,0.4002821445465088,0.0,0.0
model_0,1209,1,0.8914375305175781,4,7,0,1,0.5412805080413818,0.7897310256958008,0.10170650482177734,0.11409268887605109,worker1,worker1,worker1,0,0.7897310256958008,0.0,0.0
model_0,1210,1,0.5909333229064941,7,7,1,0,0.9924690127372742,0.49434614181518555,0.0965871810913086,0.16344852684266714,worker1,worker1,worker1,0,0.49434614181518555,0.0,0.0
model_0,1211,1,0.908074140548706,3,2,0,1,0.800550639629364,0.7397453784942627,0.16832876205444336,0.1853689633235567,worker1,worker1,worker1,0,0.7397453784942627,0.0,0.0
model_0,1212,1,0.5645222663879395,2,2,1,0,0.8880842924118042,0.46227431297302246,0.10224795341491699,0.18112297690070606,worker1,worker1,worker1,0,0.46227431297302246,0.0,0.0
model_0,1213,1,0.6006605625152588,6,2,0,0,0.9880924820899963,0.5091824531555176,0.09147810935974121,0.15229584738621385,worker1,worker1,worker1,0,0.5091824531555176,0.0,0.0
model_0,1214,1,1.3217954635620117,2,2,1,3,0.9264647364616394,1.131702184677124,0.1900932788848877,0.14381444340308067,worker1->worker2->worker3,worker1,worker3,0,0.730046272277832,0.15741467475891113,0.24424123764038086
model_0,1215,1,0.5084824562072754,7,7,1,0,0.991312563419342,0.41892385482788086,0.08955860137939453,0.17612918653556708,worker1,worker1,worker1,0,0.41892385482788086,0.0,0.0
model_0,1216,1,0.8472521305084229,7,6,0,1,0.8782965540885925,0.7506394386291504,0.09661269187927246,0.11403062724822738,worker1,worker1,worker1,0,0.7506394386291504,0.0,0.0
model_0,1217,1,0.8253839015960693,6,2,0,1,0.7148863077163696,0.7360668182373047,0.08931708335876465,0.10821277612278306,worker1,worker1,worker1,0,0.7360668182373047,0.0,0.0
model_0,1218,1,0.8497335910797119,5,5,1,1,0.7313345670700073,0.6923990249633789,0.157334566116333,0.18515752203748498,worker1,worker1,worker1,0,0.6923990249633789,0.0,0.0
model_0,1219,1,1.0203139781951904,5,5,1,2,0.9174639582633972,0.86966872215271,0.15064525604248047,0.1476459788475635,worker1->worker2,worker1,worker2,0,0.7240297794342041,0.14563894271850586,0.0
model_0,1220,1,0.6011559963226318,6,6,1,0,0.8893921375274658,0.5092175006866455,0.09193849563598633,0.1529361699764935,worker1,worker1,worker1,0,0.5092175006866455,0.0,0.0
model_0,1221,1,0.8620843887329102,7,7,1,1,0.5199785828590393,0.7714948654174805,0.09058952331542969,0.10508196703176353,worker1,worker1,worker1,0,0.7714948654174805,0.0,0.0
model_0,1222,1,0.5761594772338867,3,3,1,0,0.8380374908447266,0.414806604385376,0.16135287284851074,0.28004897814604723,worker1,worker1,worker1,0,0.414806604385376,0.0,0.0
model_0,1223,1,0.9298880100250244,1,1,1,1,0.7282442450523376,0.7543525695800781,0.1755354404449463,0.18877051704346895,worker1,worker1,worker1,0,0.7543525695800781,0.0,0.0
model_0,1224,1,1.1159489154815674,5,5,1,2,0.9786990880966187,0.9127461910247803,0.2032027244567871,0.182089629406646,worker1->worker2,worker1,worker2,0,0.7541027069091797,0.15864348411560059,0.0
model_0,1225,1,0.602961540222168,8,8,1,0,0.7198430299758911,0.4710514545440674,0.13191008567810059,0.2187703143213692,worker1,worker1,worker1,0,0.4710514545440674,0.0,0.0
model_0,1226,1,0.610201358795166,5,5,1,0,0.8983569145202637,0.5008525848388672,0.10934877395629883,0.1792011315284621,worker1,worker1,worker1,0,0.5008525848388672,0.0,0.0
model_0,1227,1,0.6011056900024414,9,9,1,0,0.9717594981193542,0.4232497215270996,0.1778559684753418,0.2958813590245992,worker1,worker1,worker1,0,0.4232497215270996,0.0,0.0
model_0,1228,1,0.9178955554962158,4,7,0,1,0.9506106972694397,0.7305049896240234,0.18739056587219238,0.20415238395057783,worker1,worker1,worker1,0,0.7305049896240234,0.0,0.0
model_0,1229,1,0.5881690979003906,5,5,1,0,0.7951494455337524,0.4826686382293701,0.10550045967102051,0.1793709666958524,worker1,worker1,worker1,0,0.4826686382293701,0.0,0.0
model_0,1230,1,0.5758635997772217,0,0,1,0,0.942464292049408,0.479886531829834,0.0959770679473877,0.16666632165067793,worker1,worker1,worker1,0,0.479886531829834,0.0,0.0
model_0,1231,1,1.3901803493499756,6,0,0,3,0.598260760307312,1.147005319595337,0.24317502975463867,0.17492336866101088,worker1->worker2->worker3,worker1,worker3,0,0.7574326992034912,0.18914031982421875,0.20043230056762695
model_0,1232,1,0.9009702205657959,3,1,0,1,0.7521197199821472,0.7329490184783936,0.16802120208740234,0.18648918493875138,worker1,worker1,worker1,0,0.7329490184783936,0.0,0.0
model_0,1233,1,0.8453083038330078,0,0,1,1,0.9879173636436462,0.681889533996582,0.16341876983642578,0.19332445818337715,worker1,worker1,worker1,0,0.681889533996582,0.0,0.0
model_0,1234,1,0.5728981494903564,8,8,1,0,0.9964662790298462,0.4728710651397705,0.10002708435058594,0.17459837222300137,worker1,worker1,worker1,0,0.4728710651397705,0.0,0.0
model_0,1235,1,0.6501810550689697,8,8,1,0,0.9954082369804382,0.5218744277954102,0.12830662727355957,0.19733984291490791,worker1,worker1,worker1,0,0.5218744277954102,0.0,0.0
model_0,1236,1,0.8981876373291016,6,6,1,1,0.8957473039627075,0.7214634418487549,0.17672419548034668,0.1967564327715121,worker1,worker1,worker1,0,0.7214634418487549,0.0,0.0
model_0,1237,1,0.8309977054595947,9,9,1,1,0.9353556632995605,0.6675403118133545,0.16345739364624023,0.19670017446779575,worker1,worker1,worker1,0,0.6675403118133545,0.0,0.0
model_0,1238,1,0.8241117000579834,4,4,1,1,0.8471298813819885,0.7316663265228271,0.09244537353515625,0.11217578093922452,worker1,worker1,worker1,0,0.7316663265228271,0.0,0.0
model_0,1239,1,0.9513449668884277,0,0,1,1,0.8217294812202454,0.7826735973358154,0.1686713695526123,0.17729779987619762,worker1,worker1,worker1,0,0.7826735973358154,0.0,0.0
model_0,1240,1,0.8333463668823242,3,4,0,1,0.9545087814331055,0.729956865310669,0.10338950157165527,0.12406546147006216,worker1,worker1,worker1,0,0.729956865310669,0.0,0.0
model_0,1241,1,0.5570557117462158,7,7,1,0,0.9552485942840576,0.45753002166748047,0.09952569007873535,0.17866379965255144,worker1,worker1,worker1,0,0.45753002166748047,0.0,0.0
model_0,1242,1,1.4005026817321777,4,3,0,3,0.7334305047988892,1.0756146907806396,0.3248879909515381,0.23197955647589927,worker1->worker2->worker3,worker1,worker3,0,0.7209222316741943,0.15369749069213867,0.20099496841430664
model_0,1243,1,0.7966434955596924,3,3,1,1,0.6567863821983337,0.6234109401702881,0.1732325553894043,0.21745304688353412,worker1,worker1,worker1,0,0.6234109401702881,0.0,0.0
model_0,1244,1,1.3329706192016602,2,2,1,3,0.5506027340888977,1.027782917022705,0.3051877021789551,0.2289530600169848,worker1->worker2->worker3,worker1,worker3,0,0.6995148658752441,0.16307377815246582,0.16519427299499512
model_0,1245,1,1.026832103729248,2,2,1,2,0.9990940093994141,0.8097805976867676,0.21705150604248047,0.21137974285590894,worker1->worker2,worker1,worker2,0,0.6562769412994385,0.1535036563873291,0.0
model_0,1246,1,0.5671486854553223,8,8,1,0,0.9496300220489502,0.3934648036956787,0.17368388175964355,0.306240473113687,worker1,worker1,worker1,0,0.3934648036956787,0.0,0.0
model_0,1247,1,1.11899733543396,4,7,0,2,0.6362558007240295,0.9050898551940918,0.21390748023986816,0.19115995495817012,worker1->worker2,worker1,worker2,0,0.7076771259307861,0.19741272926330566,0.0
model_0,1248,1,0.778684139251709,1,1,1,1,0.9735674858093262,0.6344702243804932,0.14421391487121582,0.1852020705209186,worker1,worker1,worker1,0,0.6344702243804932,0.0,0.0
model_0,1249,1,0.7308273315429688,0,0,1,1,0.9931643605232239,0.6174495220184326,0.11337780952453613,0.15513624714221586,worker1,worker1,worker1,0,0.6174495220184326,0.0,0.0
model_0,1250,1,0.5582191944122314,2,2,1,0,0.7088483572006226,0.38217830657958984,0.1760408878326416,0.3153615812476696,worker1,worker1,worker1,0,0.38217830657958984,0.0,0.0
model_0,1251,1,0.6254677772521973,4,4,1,0,0.7287954092025757,0.5257582664489746,0.09970951080322266,0.15941590347190404,worker1,worker1,worker1,0,0.5257582664489746,0.0,0.0
model_0,1252,1,0.5874762535095215,8,8,1,0,0.5592523813247681,0.4544501304626465,0.133026123046875,0.2264365959512251,worker1,worker1,worker1,0,0.4544501304626465,0.0,0.0
model_0,1253,1,0.8133416175842285,4,4,1,1,0.98111891746521,0.7239556312561035,0.089385986328125,0.10989968347324648,worker1,worker1,worker1,0,0.7239556312561035,0.0,0.0
model_0,1254,1,1.0882978439331055,4,5,0,2,0.6229968667030334,0.8689630031585693,0.21933484077453613,0.20153935064491224,worker1->worker2,worker1,worker2,0,0.7250583171844482,0.1439046859741211,0.0
model_0,1255,1,0.759150505065918,4,4,1,1,0.8674036860466003,0.6622984409332275,0.09685206413269043,0.12757952933757272,worker1,worker1,worker1,0,0.6622984409332275,0.0,0.0
model_0,1256,1,0.5565230846405029,4,4,1,0,0.7812551259994507,0.46103382110595703,0.0954892635345459,0.1715818555778851,worker1,worker1,worker1,0,0.46103382110595703,0.0,0.0
model_0,1257,1,0.5863831043243408,6,6,1,0,0.9895308017730713,0.4218883514404297,0.16449475288391113,0.2805243733505078,worker1,worker1,worker1,0,0.4218883514404297,0.0,0.0
model_0,1258,1,0.828955888748169,2,2,1,1,0.8354741930961609,0.7342243194580078,0.09473156929016113,0.1142781788222991,worker1,worker1,worker1,0,0.7342243194580078,0.0,0.0
model_0,1259,1,0.8608083724975586,3,3,1,1,0.9808760285377502,0.7642660140991211,0.0965423583984375,0.11215313591610229,worker1,worker1,worker1,0,0.7642660140991211,0.0,0.0
model_0,1260,1,0.6435353755950928,9,9,1,0,0.9992629885673523,0.5476024150848389,0.0959329605102539,0.14907177468144991,worker1,worker1,worker1,0,0.5476024150848389,0.0,0.0
model_0,1261,1,0.5807788372039795,6,6,1,0,0.9125378131866455,0.4871840476989746,0.09359478950500488,0.16115392557276118,worker1,worker1,worker1,0,0.4871840476989746,0.0,0.0
model_0,1262,1,0.5049304962158203,3,3,1,0,0.925047755241394,0.41370129585266113,0.09122920036315918,0.18067674867506014,worker1,worker1,worker1,0,0.41370129585266113,0.0,0.0
model_0,1263,1,0.5411584377288818,0,0,1,0,0.9103913307189941,0.43743038177490234,0.10372805595397949,0.19167779474954214,worker1,worker1,worker1,0,0.43743038177490234,0.0,0.0
model_0,1264,1,0.6094517707824707,9,9,1,0,0.9345242381095886,0.5147485733032227,0.09470319747924805,0.1553907987791377,worker1,worker1,worker1,0,0.5147485733032227,0.0,0.0
model_0,1265,1,0.5789520740509033,9,9,1,0,0.9857732653617859,0.48341870307922363,0.09553337097167969,0.16501084503115554,worker1,worker1,worker1,0,0.48341870307922363,0.0,0.0
model_0,1266,1,0.8203232288360596,9,9,1,1,0.9991631507873535,0.7222678661346436,0.09805536270141602,0.11953259307376293,worker1,worker1,worker1,0,0.7222678661346436,0.0,0.0
model_0,1267,1,0.8349101543426514,2,2,1,1,0.946825385093689,0.7439079284667969,0.09100222587585449,0.10899642961882904,worker1,worker1,worker1,0,0.7439079284667969,0.0,0.0
model_0,1268,1,0.6449992656707764,2,2,1,0,0.8716019988059998,0.5557801723480225,0.0892190933227539,0.13832433317574278,worker1,worker1,worker1,0,0.5557801723480225,0.0,0.0
model_0,1269,1,0.8152604103088379,5,5,1,1,0.6042753458023071,0.7194685935974121,0.09579181671142578,0.11749842810978374,worker1,worker1,worker1,0,0.7194685935974121,0.0,0.0
model_0,1270,1,0.611865758895874,9,9,1,0,0.9850098490715027,0.5097739696502686,0.10209178924560547,0.16685324805531276,worker1,worker1,worker1,0,0.5097739696502686,0.0,0.0
model_0,1271,1,1.072887659072876,5,5,1,2,0.8830652832984924,0.9063563346862793,0.16653132438659668,0.15521785806586952,worker1->worker2,worker1,worker2,0,0.7292265892028809,0.17712974548339844,0.0
model_0,1272,1,0.9147441387176514,5,5,1,1,0.999440610408783,0.7559552192687988,0.15878891944885254,0.17358834315293162,worker1,worker1,worker1,0,0.7559552192687988,0.0,0.0
model_0,1273,1,0.9064047336578369,3,3,1,1,0.8048291802406311,0.8161056041717529,0.09029912948608398,0.09962340898384081,worker1,worker1,worker1,0,0.8161056041717529,0.0,0.0
model_0,1274,1,1.0537002086639404,4,3,0,2,0.6917656660079956,0.8958961963653564,0.15780401229858398,0.14976177379586422,worker1->worker2,worker1,worker2,0,0.7409453392028809,0.15495085716247559,0.0
model_0,1275,1,0.5816614627838135,8,8,1,0,0.995518684387207,0.4200007915496826,0.16166067123413086,0.2779291419108771,worker1,worker1,worker1,0,0.4200007915496826,0.0,0.0
model_0,1276,1,0.6881105899810791,4,5,0,0,0.8758665919303894,0.5194270610809326,0.16868352890014648,0.24514014368647452,worker1,worker1,worker1,0,0.5194270610809326,0.0,0.0
model_0,1277,1,0.5596718788146973,9,9,1,0,0.9959259033203125,0.3969383239746094,0.1627335548400879,0.2907660023668397,worker1,worker1,worker1,0,0.3969383239746094,0.0,0.0
model_0,1278,1,0.8582947254180908,5,3,0,1,0.6819021701812744,0.6754922866821289,0.18280243873596191,0.2129832950411242,worker1,worker1,worker1,0,0.6754922866821289,0.0,0.0
model_0,1279,1,1.2836964130401611,6,2,0,3,0.8567700982093811,0.9812822341918945,0.3024141788482666,0.23558076175663928,worker1->worker2->worker3,worker1,worker3,0,0.6443510055541992,0.14079594612121582,0.1961352825164795
model_0,1280,1,0.8241970539093018,4,4,1,1,0.9998061060905457,0.6529021263122559,0.1712949275970459,0.20783249198060824,worker1,worker1,worker1,0,0.6529021263122559,0.0,0.0
model_0,1281,1,0.5731587409973145,4,4,1,0,0.7552825808525085,0.4650247097015381,0.10813403129577637,0.1886633205796002,worker1,worker1,worker1,0,0.4650247097015381,0.0,0.0
model_0,1282,1,0.5036523342132568,8,7,0,0,0.9089151620864868,0.4056234359741211,0.09802889823913574,0.1946360447078327,worker1,worker1,worker1,0,0.4056234359741211,0.0,0.0
model_0,1283,1,0.7916176319122314,5,5,1,1,0.9871505498886108,0.6941509246826172,0.09746670722961426,0.123123466810831,worker1,worker1,worker1,0,0.6941509246826172,0.0,0.0
model_0,1284,1,1.343266487121582,7,7,1,3,0.5628053545951843,1.0895633697509766,0.25370311737060547,0.18887027987592625,worker1->worker2->worker3,worker1,worker3,0,0.7727715969085693,0.14472723007202148,0.17206454277038574
model_0,1285,1,0.5131528377532959,5,5,1,0,0.6236311793327332,0.41314101219177246,0.10001182556152344,0.19489676019214625,worker1,worker1,worker1,0,0.41314101219177246,0.0,0.0
model_0,1286,1,0.5855870246887207,2,2,1,0,0.7998575568199158,0.4863250255584717,0.09926199913024902,0.16950853578597225,worker1,worker1,worker1,0,0.4863250255584717,0.0,0.0
model_0,1287,1,0.6872787475585938,5,5,1,0,0.941534161567688,0.5123043060302734,0.1749744415283203,0.25459021124962533,worker1,worker1,worker1,0,0.5123043060302734,0.0,0.0
model_0,1288,1,0.7803595066070557,0,0,1,1,0.9232725501060486,0.6063945293426514,0.1739649772644043,0.2229292727153295,worker1,worker1,worker1,0,0.6063945293426514,0.0,0.0
model_0,1289,1,0.6261274814605713,4,4,1,0,0.8744116425514221,0.45284438133239746,0.17328310012817383,0.2767537047311121,worker1,worker1,worker1,0,0.45284438133239746,0.0,0.0
model_0,1290,1,0.8326230049133301,3,3,1,1,0.8397790193557739,0.7326514720916748,0.09997153282165527,0.12006818479878727,worker1,worker1,worker1,0,0.7326514720916748,0.0,0.0
model_0,1291,1,0.6368777751922607,4,4,1,0,0.8048321008682251,0.4657013416290283,0.17117643356323242,0.26877438690894445,worker1,worker1,worker1,0,0.4657013416290283,0.0,0.0
model_0,1292,1,0.6680154800415039,0,0,1,0,0.6206050515174866,0.5050804615020752,0.1629350185394287,0.24390904613363978,worker1,worker1,worker1,0,0.5050804615020752,0.0,0.0
model_0,1293,1,0.578423261642456,6,6,1,0,0.8974407911300659,0.3999495506286621,0.17847371101379395,0.3085520981763608,worker1,worker1,worker1,0,0.3999495506286621,0.0,0.0
model_0,1294,1,0.5829830169677734,8,0,0,0,0.8834060430526733,0.4115180969238281,0.1714649200439453,0.29411649233930204,worker1,worker1,worker1,0,0.4115180969238281,0.0,0.0
model_0,1295,1,0.630002498626709,4,4,1,0,0.8516695499420166,0.5354592800140381,0.0945432186126709,0.1500680057916563,worker1,worker1,worker1,0,0.5354592800140381,0.0,0.0
model_0,1296,1,0.8709306716918945,5,5,1,1,0.7527730464935303,0.6887271404266357,0.1822035312652588,0.20920555124244858,worker1,worker1,worker1,0,0.6887271404266357,0.0,0.0
model_0,1297,1,0.8398568630218506,7,7,1,1,0.9515343904495239,0.7318606376647949,0.10799622535705566,0.12858884663807996,worker1,worker1,worker1,0,0.7318606376647949,0.0,0.0
model_0,1298,1,0.6928043365478516,6,6,1,0,0.7977738976478577,0.526172399520874,0.16663193702697754,0.24051803407767552,worker1,worker1,worker1,0,0.526172399520874,0.0,0.0
model_0,1299,1,0.6012461185455322,0,0,1,0,0.9954915642738342,0.5067999362945557,0.09444618225097656,0.15708406148126206,worker1,worker1,worker1,0,0.5067999362945557,0.0,0.0
model_0,1300,1,1.143099308013916,4,4,1,2,0.9998832941055298,0.9644646644592285,0.1786346435546875,0.15627219988878938,worker1->worker2,worker1,worker2,0,0.7781534194946289,0.1863112449645996,0.0
model_0,1301,1,0.5527491569519043,8,8,1,0,0.9797742962837219,0.38148927688598633,0.17125988006591797,0.30983291048387723,worker1,worker1,worker1,0,0.38148927688598633,0.0,0.0
model_0,1302,1,0.8351564407348633,0,0,1,1,0.6000587344169617,0.6784968376159668,0.15665960311889648,0.18758114704958748,worker1,worker1,worker1,0,0.6784968376159668,0.0,0.0
model_0,1303,1,0.6566083431243896,4,2,0,0,0.7836918830871582,0.48793482780456543,0.16867351531982422,0.2568860372946407,worker1,worker1,worker1,0,0.48793482780456543,0.0,0.0
model_0,1304,1,0.5551555156707764,3,5,0,0,0.7577511072158813,0.4631786346435547,0.09197688102722168,0.1656776856771188,worker1,worker1,worker1,0,0.4631786346435547,0.0,0.0
model_0,1305,1,0.8527052402496338,4,4,1,1,0.8648507595062256,0.7589960098266602,0.09370923042297363,0.10989639326661084,worker1,worker1,worker1,0,0.7589960098266602,0.0,0.0
model_0,1306,1,0.614659309387207,3,3,1,0,0.7716107368469238,0.4532172679901123,0.16144204139709473,0.2626528858044086,worker1,worker1,worker1,0,0.4532172679901123,0.0,0.0
model_0,1307,1,0.679065465927124,4,4,1,0,0.7399641871452332,0.5116934776306152,0.1673719882965088,0.24647400978931658,worker1,worker1,worker1,0,0.5116934776306152,0.0,0.0
model_0,1308,1,0.806739091873169,7,7,1,1,0.8268629908561707,0.7021398544311523,0.1045992374420166,0.12965683514746687,worker1,worker1,worker1,0,0.7021398544311523,0.0,0.0
model_0,1309,1,0.6627607345581055,4,4,1,0,0.7983118295669556,0.4784383773803711,0.18432235717773438,0.2781129713434683,worker1,worker1,worker1,0,0.4784383773803711,0.0,0.0
model_0,1310,1,0.8881621360778809,9,9,1,1,0.9970295429229736,0.7899577617645264,0.09820437431335449,0.11057032305725673,worker1,worker1,worker1,0,0.7899577617645264,0.0,0.0
model_0,1311,1,0.7703075408935547,4,4,1,1,0.6980289220809937,0.6732957363128662,0.09701180458068848,0.1259390560660422,worker1,worker1,worker1,0,0.6732957363128662,0.0,0.0
model_0,1312,1,1.1879501342773438,4,3,0,2,0.505366861820221,0.9339256286621094,0.2540245056152344,0.2138343170185027,worker1->worker2,worker1,worker2,0,0.780623197555542,0.15330243110656738,0.0
model_0,1313,1,1.3457551002502441,4,4,1,3,0.43469542264938354,1.0784838199615479,0.2672712802886963,0.1986032081461159,worker1->worker2->worker3,worker1,worker3,0,0.7193083763122559,0.14556121826171875,0.21361422538757324
model_0,1314,1,0.7788267135620117,6,6,1,1,0.5707831382751465,0.5967354774475098,0.18209123611450195,0.2338019907941993,worker1,worker1,worker1,0,0.5967354774475098,0.0,0.0
model_0,1315,1,0.6063013076782227,8,8,1,0,0.9898898601531982,0.500314474105835,0.1059868335723877,0.17480884871954988,worker1,worker1,worker1,0,0.500314474105835,0.0,0.0
model_0,1316,1,1.0033721923828125,8,8,1,2,0.8172056078910828,0.842810869216919,0.16056132316589355,0.16002169921073042,worker1->worker2,worker1,worker2,0,0.7036757469177246,0.13913512229919434,0.0
model_0,1317,1,0.628575325012207,9,9,1,0,0.9742995500564575,0.470334529876709,0.15824079513549805,0.2517451589949462,worker1,worker1,worker1,0,0.470334529876709,0.0,0.0
model_0,1318,1,0.6393306255340576,8,8,1,0,0.9934877157211304,0.4758930206298828,0.1634376049041748,0.2556386294926026,worker1,worker1,worker1,0,0.4758930206298828,0.0,0.0
model_0,1319,1,0.8093361854553223,2,5,0,1,0.7079333662986755,0.7077715396881104,0.10156464576721191,0.12549129470848128,worker1,worker1,worker1,0,0.7077715396881104,0.0,0.0
model_0,1320,1,0.9139533042907715,4,4,1,1,0.9994981288909912,0.735292911529541,0.17866039276123047,0.19548087623565308,worker1,worker1,worker1,0,0.735292911529541,0.0,0.0
model_0,1321,1,1.100013017654419,6,2,0,2,0.5784951448440552,0.8400938510894775,0.2599191665649414,0.23628735514346236,worker1->worker2,worker1,worker2,0,0.676201581954956,0.16389226913452148,0.0
model_0,1322,1,0.8909010887145996,3,7,0,1,0.8185133934020996,0.7287447452545166,0.162156343460083,0.18201385710959642,worker1,worker1,worker1,0,0.7287447452545166,0.0,0.0
model_0,1323,1,0.6075098514556885,9,1,0,0,0.7788178324699402,0.51784348487854,0.08966636657714844,0.14759656384549785,worker1,worker1,worker1,0,0.51784348487854,0.0,0.0
model_0,1324,1,0.5755300521850586,7,7,1,0,0.7851971387863159,0.4808182716369629,0.0947117805480957,0.16456443966481465,worker1,worker1,worker1,0,0.4808182716369629,0.0,0.0
model_0,1325,1,0.570742130279541,9,1,0,0,0.9196633696556091,0.4788477420806885,0.09189438819885254,0.16100859446602275,worker1,worker1,worker1,0,0.4788477420806885,0.0,0.0
model_0,1326,1,0.6662697792053223,5,5,1,0,0.8780298233032227,0.5058333873748779,0.16043639183044434,0.24079794227167425,worker1,worker1,worker1,0,0.5058333873748779,0.0,0.0
model_0,1327,1,0.6250343322753906,2,4,0,0,0.7233558297157288,0.4465045928955078,0.1785297393798828,0.2856318927793273,worker1,worker1,worker1,0,0.4465045928955078,0.0,0.0
model_0,1328,1,0.8204813003540039,2,2,1,1,0.9592163562774658,0.657630443572998,0.16285085678100586,0.19848210643038716,worker1,worker1,worker1,0,0.657630443572998,0.0,0.0
model_0,1329,1,0.877948522567749,6,6,1,1,0.671451210975647,0.7786481380462646,0.09930038452148438,0.11310501922260667,worker1,worker1,worker1,0,0.7786481380462646,0.0,0.0
model_0,1330,1,0.6082959175109863,0,0,1,0,0.6934736371040344,0.4908938407897949,0.1174020767211914,0.19300158580970753,worker1,worker1,worker1,0,0.4908938407897949,0.0,0.0
model_0,1331,1,1.1900038719177246,0,2,0,2,0.8258068561553955,0.9031624794006348,0.28684139251708984,0.24104240270650287,worker1->worker2,worker1,worker2,0,0.7425777912139893,0.1605846881866455,0.0
model_0,1332,1,1.0289185047149658,6,6,1,2,0.9548245072364807,0.8212206363677979,0.20769786834716797,0.20186036833374385,worker1->worker2,worker1,worker2,0,0.6682491302490234,0.15297150611877441,0.0
model_0,1333,1,0.6208322048187256,6,6,1,0,0.9686583280563354,0.4572269916534424,0.1636052131652832,0.2635256545897996,worker1,worker1,worker1,0,0.4572269916534424,0.0,0.0
model_0,1334,1,0.6287598609924316,1,1,1,0,0.9990144968032837,0.47008323669433594,0.1586766242980957,0.2523644305914205,worker1,worker1,worker1,0,0.47008323669433594,0.0,0.0
model_0,1335,1,0.6058578491210938,6,6,1,0,0.9003481864929199,0.45334863662719727,0.15250921249389648,0.25172441475362356,worker1,worker1,worker1,0,0.45334863662719727,0.0,0.0
model_0,1336,1,0.5364284515380859,6,6,1,0,0.8347474336624146,0.44210219383239746,0.09432625770568848,0.17584126538260508,worker1,worker1,worker1,0,0.44210219383239746,0.0,0.0
model_0,1337,1,0.6221649646759033,5,3,0,0,0.5903990268707275,0.46156954765319824,0.16059541702270508,0.2581235301578932,worker1,worker1,worker1,0,0.46156954765319824,0.0,0.0
model_0,1338,1,0.5967755317687988,9,7,0,0,0.8276678919792175,0.43465566635131836,0.16211986541748047,0.27165970584780696,worker1,worker1,worker1,0,0.43465566635131836,0.0,0.0
model_0,1339,1,0.6243700981140137,3,3,1,0,0.7891257405281067,0.4519040584564209,0.17246603965759277,0.27622405393619515,worker1,worker1,worker1,0,0.4519040584564209,0.0,0.0
model_0,1340,1,0.8589208126068115,3,4,0,1,0.9144152998924255,0.7580068111419678,0.10091400146484375,0.11748929585088444,worker1,worker1,worker1,0,0.7580068111419678,0.0,0.0
model_0,1341,1,0.6259663105010986,9,9,1,0,0.9808056354522705,0.5307528972625732,0.09521341323852539,0.15210629013293883,worker1,worker1,worker1,0,0.5307528972625732,0.0,0.0
model_0,1342,1,0.8881559371948242,3,3,1,1,0.9359797239303589,0.7110888957977295,0.17706704139709473,0.19936481194546543,worker1,worker1,worker1,0,0.7110888957977295,0.0,0.0
model_0,1343,1,0.8517055511474609,3,5,0,1,0.6523857116699219,0.6817033290863037,0.17000222206115723,0.19960210642295523,worker1,worker1,worker1,0,0.6817033290863037,0.0,0.0
model_0,1344,1,0.8555393218994141,3,3,1,1,0.7308942675590515,0.7301616668701172,0.12537765502929688,0.14654809173579697,worker1,worker1,worker1,0,0.7301616668701172,0.0,0.0
model_0,1345,1,0.8816847801208496,6,2,0,1,0.8822773098945618,0.7641286849975586,0.11755609512329102,0.13333120608839136,worker1,worker1,worker1,0,0.7641286849975586,0.0,0.0
model_0,1346,1,0.5296885967254639,6,6,1,0,0.7665808200836182,0.4335143566131592,0.09617424011230469,0.18156751099958365,worker1,worker1,worker1,0,0.4335143566131592,0.0,0.0
model_0,1347,1,0.732290506362915,2,2,1,1,0.9805400967597961,0.6408271789550781,0.09146332740783691,0.12490033205825654,worker1,worker1,worker1,0,0.6408271789550781,0.0,0.0
model_0,1348,1,0.5736780166625977,8,8,1,0,0.8618020415306091,0.41134095191955566,0.162337064743042,0.2829759203384618,worker1,worker1,worker1,0,0.41134095191955566,0.0,0.0
model_0,1349,1,0.895639181137085,2,2,1,1,0.7916173934936523,0.7951486110687256,0.10049057006835938,0.1121998369262705,worker1,worker1,worker1,0,0.7951486110687256,0.0,0.0
model_0,1350,1,0.5757098197937012,5,5,1,0,0.9501006603240967,0.4780104160308838,0.09769940376281738,0.1697025140162223,worker1,worker1,worker1,0,0.4780104160308838,0.0,0.0
model_0,1351,1,0.5686976909637451,3,3,1,0,0.8117325305938721,0.4711184501647949,0.0975792407989502,0.17158367679247521,worker1,worker1,worker1,0,0.4711184501647949,0.0,0.0
model_0,1352,1,0.5774075984954834,5,3,0,0,0.9494333267211914,0.47594642639160156,0.10146117210388184,0.17571845671628356,worker1,worker1,worker1,0,0.47594642639160156,0.0,0.0
model_0,1353,1,0.5623199939727783,9,1,0,0,0.8553737998008728,0.469174861907959,0.09314513206481934,0.16564435386113704,worker1,worker1,worker1,0,0.469174861907959,0.0,0.0
model_0,1354,1,0.641223669052124,3,3,1,0,0.7391653656959534,0.47013235092163086,0.17109131813049316,0.2668200292472133,worker1,worker1,worker1,0,0.47013235092163086,0.0,0.0
model_0,1355,1,0.9397258758544922,0,0,1,1,0.8806735873222351,0.7671449184417725,0.17258095741271973,0.18365031957409064,worker1,worker1,worker1,0,0.7671449184417725,0.0,0.0
model_0,1356,1,0.8852968215942383,8,8,1,1,0.9682856202125549,0.7139902114868164,0.17130661010742188,0.1935018921664417,worker1,worker1,worker1,0,0.7139902114868164,0.0,0.0
model_0,1357,1,0.5965352058410645,3,3,1,0,0.9115508794784546,0.4215667247772217,0.17496848106384277,0.2933078875322236,worker1,worker1,worker1,0,0.4215667247772217,0.0,0.0
model_0,1358,1,0.8657925128936768,0,0,1,1,0.8005309104919434,0.7597537040710449,0.10603880882263184,0.12247600579060895,worker1,worker1,worker1,0,0.7597537040710449,0.0,0.0
model_0,1359,1,0.5688815116882324,8,8,1,0,0.7430282235145569,0.4772164821624756,0.09166502952575684,0.1611320242307199,worker1,worker1,worker1,0,0.4772164821624756,0.0,0.0
model_0,1360,1,0.6273496150970459,0,2,0,0,0.9169780611991882,0.45113706588745117,0.17621254920959473,0.2808841273973462,worker1,worker1,worker1,0,0.45113706588745117,0.0,0.0
model_0,1361,1,0.6710560321807861,4,2,0,0,0.928222119808197,0.4997386932373047,0.17131733894348145,0.2552951329365707,worker1,worker1,worker1,0,0.4997386932373047,0.0,0.0
model_0,1362,1,0.9119560718536377,4,4,1,1,0.8876578211784363,0.7333343029022217,0.17862176895141602,0.1958666370720579,worker1,worker1,worker1,0,0.7333343029022217,0.0,0.0
model_0,1363,1,0.8989222049713135,0,0,1,1,0.9946521520614624,0.7233731746673584,0.17554903030395508,0.19528834568009945,worker1,worker1,worker1,0,0.7233731746673584,0.0,0.0
model_0,1364,1,0.6710841655731201,9,9,1,0,0.9607568383216858,0.49725818634033203,0.17382597923278809,0.25902262063408543,worker1,worker1,worker1,0,0.49725818634033203,0.0,0.0
model_0,1365,1,0.6215596199035645,5,5,1,0,0.9536311626434326,0.4358081817626953,0.18575143814086914,0.29884733852190826,worker1,worker1,worker1,0,0.4358081817626953,0.0,0.0
model_0,1366,1,0.6287007331848145,8,8,1,0,0.984413743019104,0.5353527069091797,0.09334802627563477,0.14847767999690553,worker1,worker1,worker1,0,0.5353527069091797,0.0,0.0
model_0,1367,1,0.9803431034088135,4,3,0,1,0.7051272392272949,0.8076455593109131,0.1726975440979004,0.1761603090768964,worker1,worker1,worker1,0,0.8076455593109131,0.0,0.0
model_0,1368,1,0.8716716766357422,3,3,1,1,0.9988306164741516,0.7704930305480957,0.10117864608764648,0.11607426144457306,worker1,worker1,worker1,0,0.7704930305480957,0.0,0.0
model_0,1369,1,1.1181659698486328,6,6,1,2,0.728075385093689,0.8839635848999023,0.23420238494873047,0.20945225598346073,worker1->worker2,worker1,worker2,0,0.7409820556640625,0.14298152923583984,0.0
model_0,1370,1,0.626107931137085,1,3,0,0,0.7568740844726562,0.5186934471130371,0.10741448402404785,0.17155905345100905,worker1,worker1,worker1,0,0.5186934471130371,0.0,0.0
model_0,1371,1,0.8628506660461426,9,8,0,1,0.9773889780044556,0.7461833953857422,0.11666727066040039,0.1352114279461672,worker1,worker1,worker1,0,0.7461833953857422,0.0,0.0
model_0,1372,1,0.5969653129577637,5,3,0,0,0.8856046199798584,0.49636316299438477,0.1006021499633789,0.16852260555128215,worker1,worker1,worker1,0,0.49636316299438477,0.0,0.0
model_0,1373,1,0.6135637760162354,4,4,1,0,0.9333646297454834,0.44533348083496094,0.16823029518127441,0.2741855072891769,worker1,worker1,worker1,0,0.44533348083496094,0.0,0.0
model_0,1374,1,0.9064662456512451,5,5,1,1,0.9914162755012512,0.76163649559021,0.14482975006103516,0.1597740133798177,worker1,worker1,worker1,0,0.76163649559021,0.0,0.0
model_0,1375,1,0.9075100421905518,3,0,0,1,0.7230833768844604,0.7820835113525391,0.1254265308380127,0.13820952386957347,worker1,worker1,worker1,0,0.7820835113525391,0.0,0.0
model_0,1376,1,0.6132149696350098,9,9,1,0,0.9934651255607605,0.47554564476013184,0.13766932487487793,0.22450418155450408,worker1,worker1,worker1,0,0.47554564476013184,0.0,0.0
model_0,1377,1,0.609168291091919,7,7,1,0,0.977025032043457,0.5078186988830566,0.1013495922088623,0.166373715918791,worker1,worker1,worker1,0,0.5078186988830566,0.0,0.0
model_0,1378,1,0.5591096878051758,5,5,1,0,0.9618303179740906,0.46140503883361816,0.09770464897155762,0.17475041320622445,worker1,worker1,worker1,0,0.46140503883361816,0.0,0.0
model_0,1379,1,0.5201895236968994,7,7,1,0,0.8515960574150085,0.43015193939208984,0.09003758430480957,0.17308611612346134,worker1,worker1,worker1,0,0.43015193939208984,0.0,0.0
model_0,1380,1,0.9059443473815918,5,5,1,1,0.8577796220779419,0.8148543834686279,0.09108996391296387,0.10054697529294916,worker1,worker1,worker1,0,0.8148543834686279,0.0,0.0
model_0,1381,1,0.49073338508605957,8,8,1,0,0.9982225298881531,0.39214491844177246,0.09858846664428711,0.20090026405478348,worker1,worker1,worker1,0,0.39214491844177246,0.0,0.0
model_0,1382,1,0.561518669128418,9,9,1,0,0.9956048727035522,0.4645864963531494,0.09693217277526855,0.17262502229128984,worker1,worker1,worker1,0,0.4645864963531494,0.0,0.0
model_0,1383,1,0.7984509468078613,0,8,0,1,0.9037606716156006,0.6940102577209473,0.10444068908691406,0.13080413957107698,worker1,worker1,worker1,0,0.6940102577209473,0.0,0.0
model_0,1384,1,0.8921544551849365,3,3,1,1,0.9109684228897095,0.7875504493713379,0.10460400581359863,0.11724876248240565,worker1,worker1,worker1,0,0.7875504493713379,0.0,0.0
model_0,1385,1,0.5512144565582275,9,1,0,0,0.8026208877563477,0.44556260108947754,0.10565185546875,0.1916710532746876,worker1,worker1,worker1,0,0.44556260108947754,0.0,0.0
model_0,1386,1,0.5943470001220703,6,6,1,0,0.9834307432174683,0.5013120174407959,0.09303498268127441,0.15653310719523506,worker1,worker1,worker1,0,0.5013120174407959,0.0,0.0
model_0,1387,1,0.5582895278930664,7,7,1,0,0.9320605397224426,0.47165417671203613,0.08663535118103027,0.15517996819317775,worker1,worker1,worker1,0,0.47165417671203613,0.0,0.0
model_0,1388,1,0.8654220104217529,5,5,1,1,0.9733128547668457,0.7566356658935547,0.10878634452819824,0.12570323289464586,worker1,worker1,worker1,0,0.7566356658935547,0.0,0.0
model_0,1389,1,0.9456620216369629,9,1,0,1,0.9001811146736145,0.8550510406494141,0.09061098098754883,0.09581751081713012,worker1,worker1,worker1,0,0.8550510406494141,0.0,0.0
model_0,1390,1,0.6950802803039551,4,4,1,0,0.97395259141922,0.6019492149353027,0.09313106536865234,0.13398605601057564,worker1,worker1,worker1,0,0.6019492149353027,0.0,0.0
model_0,1391,1,0.9229564666748047,6,6,1,1,0.9904948472976685,0.753565788269043,0.16939067840576172,0.18353051798427344,worker1,worker1,worker1,0,0.753565788269043,0.0,0.0
model_0,1392,1,1.429206371307373,2,5,0,3,0.9052050113677979,1.18886137008667,0.24034500122070312,0.16816675747173337,worker1->worker2->worker3,worker1,worker3,0,0.7861015796661377,0.18476510047912598,0.21799468994140625
model_0,1393,1,0.5471377372741699,8,8,1,0,0.9931735396385193,0.4562523365020752,0.09088540077209473,0.16611064194709746,worker1,worker1,worker1,0,0.4562523365020752,0.0,0.0
model_0,1394,1,0.6739950180053711,8,8,1,0,0.9981688261032104,0.5108315944671631,0.163163423538208,0.2420840201772942,worker1,worker1,worker1,0,0.5108315944671631,0.0,0.0
model_0,1395,1,1.086792230606079,0,0,1,2,0.9195435047149658,0.8873491287231445,0.19944310188293457,0.18351539168780193,worker1->worker2,worker1,worker2,0,0.7500438690185547,0.13730525970458984,0.0
model_0,1396,1,0.6199603080749512,0,0,1,0,0.6996145248413086,0.4583015441894531,0.16165876388549805,0.26075663519083553,worker1,worker1,worker1,0,0.4583015441894531,0.0,0.0
model_0,1397,1,0.5310790538787842,1,1,1,0,0.7584136128425598,0.4427206516265869,0.08835840225219727,0.16637523473551374,worker1,worker1,worker1,0,0.4427206516265869,0.0,0.0
model_0,1398,1,0.5839948654174805,9,9,1,0,0.932708203792572,0.4969041347503662,0.08709073066711426,0.1491292746295906,worker1,worker1,worker1,0,0.4969041347503662,0.0,0.0
model_0,1399,1,0.566519021987915,8,8,1,0,0.9924821257591248,0.47302937507629395,0.0934896469116211,0.16502472694308826,worker1,worker1,worker1,0,0.47302937507629395,0.0,0.0
model_0,1400,1,0.5631086826324463,9,1,0,0,0.9556105136871338,0.4689784049987793,0.09413027763366699,0.1671618295665811,worker1,worker1,worker1,0,0.4689784049987793,0.0,0.0
model_0,1401,1,0.6380047798156738,7,7,1,0,0.7706007361412048,0.5333230495452881,0.10468173027038574,0.16407671789015338,worker1,worker1,worker1,0,0.5333230495452881,0.0,0.0
model_0,1402,1,0.5961551666259766,5,5,1,0,0.8281877040863037,0.505457878112793,0.0906972885131836,0.15213705020204316,worker1,worker1,worker1,0,0.505457878112793,0.0,0.0
model_0,1403,1,0.5400364398956299,9,9,1,0,0.9625504612922668,0.4511582851409912,0.08887815475463867,0.16457806953141108,worker1,worker1,worker1,0,0.4511582851409912,0.0,0.0
model_0,1404,1,1.1107277870178223,6,6,1,2,0.8273019194602966,0.9110956192016602,0.1996321678161621,0.17973095671996445,worker1->worker2,worker1,worker2,0,0.7519304752349854,0.1591651439666748,0.0
model_0,1405,1,0.8440942764282227,5,5,1,1,0.8097304105758667,0.7442488670349121,0.09984540939331055,0.11828703520631072,worker1,worker1,worker1,0,0.7442488670349121,0.0,0.0
model_0,1406,1,0.6481857299804688,3,3,1,0,0.7804386615753174,0.478975772857666,0.16920995712280273,0.2610516543273814,worker1,worker1,worker1,0,0.478975772857666,0.0,0.0
model_0,1407,1,1.3192942142486572,2,2,1,3,0.9701681137084961,1.1234173774719238,0.1958768367767334,0.14847092836550183,worker1->worker2->worker3,worker1,worker3,0,0.7425954341888428,0.141770601272583,0.23905134201049805
model_0,1408,1,0.6141030788421631,6,6,1,0,0.9388352036476135,0.43553614616394043,0.17856693267822266,0.2907768073967237,worker1,worker1,worker1,0,0.43553614616394043,0.0,0.0
model_0,1409,1,0.5580379962921143,4,4,1,0,0.864910364151001,0.396531343460083,0.16150665283203125,0.28941873833889964,worker1,worker1,worker1,0,0.396531343460083,0.0,0.0
model_0,1410,1,0.5322895050048828,0,0,1,0,0.8898136615753174,0.42403197288513184,0.10825753211975098,0.2033809254209472,worker1,worker1,worker1,0,0.42403197288513184,0.0,0.0
model_0,1411,1,0.6150121688842773,3,3,1,0,0.7524174451828003,0.4526700973510742,0.16234207153320312,0.26396562498546255,worker1,worker1,worker1,0,0.4526700973510742,0.0,0.0
model_0,1412,1,0.5681366920471191,4,4,1,0,0.931409478187561,0.4031949043273926,0.16494178771972656,0.29032060422889727,worker1,worker1,worker1,0,0.4031949043273926,0.0,0.0
model_0,1413,1,0.6114959716796875,3,3,1,0,0.7839606404304504,0.43363308906555176,0.17786288261413574,0.29086517467248907,worker1,worker1,worker1,0,0.43363308906555176,0.0,0.0
model_0,1414,1,0.6323802471160889,4,3,0,0,0.9629872441291809,0.47104430198669434,0.16133594512939453,0.2551248965557543,worker1,worker1,worker1,0,0.47104430198669434,0.0,0.0
model_0,1415,1,0.8439438343048096,5,5,1,1,0.7987808585166931,0.7474994659423828,0.09644436836242676,0.11427818350242686,worker1,worker1,worker1,0,0.7474994659423828,0.0,0.0
model_0,1416,1,0.6226892471313477,0,0,1,0,0.7219055891036987,0.4596233367919922,0.16306591033935547,0.2618736570296981,worker1,worker1,worker1,0,0.4596233367919922,0.0,0.0
model_0,1417,1,0.5674080848693848,9,1,0,0,0.8195995688438416,0.4559512138366699,0.11145687103271484,0.19643158778460446,worker1,worker1,worker1,0,0.4559512138366699,0.0,0.0
model_0,1418,1,0.8788638114929199,3,6,0,1,0.7715768814086914,0.7784926891326904,0.10037112236022949,0.11420554703433489,worker1,worker1,worker1,0,0.7784926891326904,0.0,0.0
model_0,1419,1,0.5683712959289551,0,0,1,0,0.7953104972839355,0.46086859703063965,0.10750269889831543,0.18914167493735115,worker1,worker1,worker1,0,0.46086859703063965,0.0,0.0
model_0,1420,1,0.5737524032592773,9,9,1,0,0.5741621255874634,0.48338770866394043,0.09036469459533691,0.15749771867099496,worker1,worker1,worker1,0,0.48338770866394043,0.0,0.0
model_0,1421,1,0.8739268779754639,8,8,1,1,0.9998879432678223,0.7736301422119141,0.1002967357635498,0.11476559228375821,worker1,worker1,worker1,0,0.7736301422119141,0.0,0.0
model_0,1422,1,0.521320104598999,4,4,1,0,0.6924506425857544,0.4193441867828369,0.10197591781616211,0.19561094405634383,worker1,worker1,worker1,0,0.4193441867828369,0.0,0.0
model_0,1423,1,0.6095752716064453,4,4,1,0,0.8288077712059021,0.5094950199127197,0.10008025169372559,0.16418030119558313,worker1,worker1,worker1,0,0.5094950199127197,0.0,0.0
model_0,1424,1,0.5643472671508789,8,8,1,0,0.7915925979614258,0.46253108978271484,0.10181617736816406,0.1804140522947609,worker1,worker1,worker1,0,0.46253108978271484,0.0,0.0
model_0,1425,1,0.5363235473632812,4,8,0,0,0.7451170086860657,0.44481325149536133,0.09151029586791992,0.17062516892612772,worker1,worker1,worker1,0,0.44481325149536133,0.0,0.0
model_0,1426,1,1.0919387340545654,7,7,1,2,0.9897969365119934,0.9396512508392334,0.15228748321533203,0.13946522681713208,worker1->worker2,worker1,worker2,0,0.7808001041412354,0.15885114669799805,0.0
model_0,1427,1,0.7855789661407471,3,3,1,1,0.9799301624298096,0.6948776245117188,0.09070134162902832,0.11545795590048671,worker1,worker1,worker1,0,0.6948776245117188,0.0,0.0
model_0,1428,1,0.7853012084960938,3,3,1,1,0.9906609654426575,0.696216344833374,0.08908486366271973,0.1134403751056533,worker1,worker1,worker1,0,0.696216344833374,0.0,0.0
model_0,1429,1,0.8746178150177002,0,0,1,1,0.8067771792411804,0.7757706642150879,0.0988471508026123,0.1130175364660413,worker1,worker1,worker1,0,0.7757706642150879,0.0,0.0
model_0,1430,1,0.8572096824645996,0,0,1,1,0.9278719425201416,0.7484426498413086,0.10876703262329102,0.12688497907602997,worker1,worker1,worker1,0,0.7484426498413086,0.0,0.0
model_0,1431,1,0.6573076248168945,8,8,1,0,0.777251124382019,0.48294997215270996,0.17435765266418457,0.26526035311511137,worker1,worker1,worker1,0,0.48294997215270996,0.0,0.0
model_0,1432,1,0.5924394130706787,7,7,1,0,0.9736853837966919,0.4873054027557373,0.1051340103149414,0.1774595139948915,worker1,worker1,worker1,0,0.4873054027557373,0.0,0.0
model_0,1433,1,1.0901522636413574,0,0,1,2,0.8637033104896545,0.8505504131317139,0.23960185050964355,0.21978750904879898,worker1->worker2,worker1,worker2,0,0.7056584358215332,0.14489197731018066,0.0
model_0,1434,1,0.8449583053588867,3,3,1,1,0.8218107223510742,0.7358310222625732,0.10912728309631348,0.12915108639587,worker1,worker1,worker1,0,0.7358310222625732,0.0,0.0
model_0,1435,1,1.0583255290985107,5,5,1,2,0.997356653213501,0.8573284149169922,0.20099711418151855,0.18991993356971115,worker1->worker2,worker1,worker2,0,0.713120698928833,0.14420771598815918,0.0
model_0,1436,1,0.6321268081665039,2,5,0,0,0.7633412480354309,0.4561889171600342,0.17593789100646973,0.27832689380281306,worker1,worker1,worker1,0,0.4561889171600342,0.0,0.0
model_0,1437,1,0.9309179782867432,4,2,0,1,0.956047773361206,0.7685558795928955,0.16236209869384766,0.17441074560903644,worker1,worker1,worker1,0,0.7685558795928955,0.0,0.0
model_0,1438,1,0.8334338665008545,9,9,1,1,0.9642518162727356,0.6747279167175293,0.1587059497833252,0.19042416700637216,worker1,worker1,worker1,0,0.6747279167175293,0.0,0.0
model_0,1439,1,0.6026473045349121,9,9,1,0,0.9827181696891785,0.43445777893066406,0.16818952560424805,0.27908450654076494,worker1,worker1,worker1,0,0.43445777893066406,0.0,0.0
model_0,1440,1,0.5759010314941406,7,7,1,0,0.9686294198036194,0.4724304676055908,0.1034705638885498,0.17966726612748313,worker1,worker1,worker1,0,0.4724304676055908,0.0,0.0
model_0,1441,1,0.5941846370697021,3,3,1,0,0.7642244100570679,0.4976959228515625,0.09648871421813965,0.16238843652031484,worker1,worker1,worker1,0,0.4976959228515625,0.0,0.0
model_0,1442,1,0.8784375190734863,4,4,1,1,0.6886700391769409,0.7865736484527588,0.09186387062072754,0.1045764424060792,worker1,worker1,worker1,0,0.7865736484527588,0.0,0.0
model_0,1443,1,1.2960772514343262,7,7,1,3,0.8749681115150452,1.0448415279388428,0.2512357234954834,0.19384317039547533,worker1->worker2->worker3,worker1,worker3,0,0.663604736328125,0.17133474349975586,0.20990204811096191
model_0,1444,1,0.9087803363800049,0,0,1,1,0.9737575650215149,0.7497677803039551,0.1590125560760498,0.1749735879073411,worker1,worker1,worker1,0,0.7497677803039551,0.0,0.0
model_0,1445,1,0.5669491291046143,4,4,1,0,0.957038164138794,0.46378540992736816,0.1031637191772461,0.18196292027147673,worker1,worker1,worker1,0,0.46378540992736816,0.0,0.0
model_0,1446,1,0.537163496017456,8,8,1,0,0.9305132627487183,0.4447331428527832,0.09243035316467285,0.17207117358114218,worker1,worker1,worker1,0,0.4447331428527832,0.0,0.0
model_0,1447,1,0.8566553592681885,7,7,1,1,0.9323136806488037,0.7646584510803223,0.09199690818786621,0.10739080447294001,worker1,worker1,worker1,0,0.7646584510803223,0.0,0.0
model_0,1448,1,0.5273656845092773,9,9,1,0,0.9957952499389648,0.4299333095550537,0.09743237495422363,0.1847529670894042,worker1,worker1,worker1,0,0.4299333095550537,0.0,0.0
model_0,1449,1,0.8739457130432129,6,6,1,1,0.8674672842025757,0.7713327407836914,0.10261297225952148,0.11741343967717101,worker1,worker1,worker1,0,0.7713327407836914,0.0,0.0
model_0,1450,1,0.6787278652191162,7,7,1,0,0.9981822967529297,0.5736725330352783,0.10505533218383789,0.15478270094292135,worker1,worker1,worker1,0,0.5736725330352783,0.0,0.0
model_0,1451,1,0.5645763874053955,1,1,1,0,0.7939394116401672,0.4512307643890381,0.11334562301635742,0.2007622450121516,worker1,worker1,worker1,0,0.4512307643890381,0.0,0.0
model_0,1452,1,1.2117209434509277,2,2,1,2,0.996733546257019,0.9560332298278809,0.2556877136230469,0.2110120444851432,worker1->worker2,worker1,worker2,0,0.7942497730255127,0.16178345680236816,0.0
model_0,1453,1,0.8101184368133545,3,3,1,1,0.9527536630630493,0.7142364978790283,0.09588193893432617,0.11835545838394082,worker1,worker1,worker1,0,0.7142364978790283,0.0,0.0
model_0,1454,1,0.8643240928649902,6,6,1,1,0.761827290058136,0.773770809173584,0.09055328369140625,0.10476774214548121,worker1,worker1,worker1,0,0.773770809173584,0.0,0.0
model_0,1455,1,0.5186886787414551,1,1,1,0,0.8902543783187866,0.4205808639526367,0.09810781478881836,0.18914585725461933,worker1,worker1,worker1,0,0.4205808639526367,0.0,0.0
model_0,1456,1,0.6400737762451172,7,5,0,0,0.9554699063301086,0.47196412086486816,0.16810965538024902,0.26264106048280156,worker1,worker1,worker1,0,0.47196412086486816,0.0,0.0
model_0,1457,1,0.5618424415588379,0,9,0,0,0.8387606739997864,0.4592869281768799,0.10255551338195801,0.18253429395155096,worker1,worker1,worker1,0,0.4592869281768799,0.0,0.0
model_0,1458,1,0.5619604587554932,4,4,1,0,0.885762631893158,0.4671769142150879,0.09478354454040527,0.168665860851333,worker1,worker1,worker1,0,0.4671769142150879,0.0,0.0
model_0,1459,1,0.5714004039764404,8,8,1,0,0.7373992800712585,0.4776458740234375,0.09375452995300293,0.16407851534677695,worker1,worker1,worker1,0,0.4776458740234375,0.0,0.0
model_0,1460,1,1.2378613948822021,0,0,1,2,0.9095669984817505,1.030747413635254,0.20711398124694824,0.16731597099904524,worker1->worker2,worker1,worker2,0,0.8721127510070801,0.15863466262817383,0.0
model_0,1461,1,0.8018467426300049,9,1,0,1,0.7197756171226501,0.7098078727722168,0.09203886985778809,0.11478361757248849,worker1,worker1,worker1,0,0.7098078727722168,0.0,0.0
model_0,1462,1,0.8991737365722656,0,0,1,1,0.9928672313690186,0.7996892929077148,0.09948444366455078,0.11063984591431104,worker1,worker1,worker1,0,0.7996892929077148,0.0,0.0
model_0,1463,1,0.9641120433807373,4,2,0,1,0.7963536977767944,0.8012316226959229,0.16288042068481445,0.16894345610875372,worker1,worker1,worker1,0,0.8012316226959229,0.0,0.0
model_0,1464,1,0.8567802906036377,6,2,0,1,0.8276149034500122,0.76409912109375,0.0926811695098877,0.10817378799013913,worker1,worker1,worker1,0,0.76409912109375,0.0,0.0
model_0,1465,1,0.5639798641204834,5,5,1,0,0.8179870843887329,0.47287988662719727,0.09109997749328613,0.1615305497393155,worker1,worker1,worker1,0,0.47287988662719727,0.0,0.0
model_0,1466,1,0.6875455379486084,7,5,0,0,0.8738328218460083,0.5170557498931885,0.17048978805541992,0.2479687215542128,worker1,worker1,worker1,0,0.5170557498931885,0.0,0.0
model_0,1467,1,0.5867667198181152,5,5,1,0,0.9193576574325562,0.4663426876068115,0.12042403221130371,0.2052332351920581,worker1,worker1,worker1,0,0.4663426876068115,0.0,0.0
model_0,1468,1,0.8707883358001709,6,2,0,1,0.767961323261261,0.7029280662536621,0.1678602695465088,0.19276816494362126,worker1,worker1,worker1,0,0.7029280662536621,0.0,0.0
model_0,1469,1,0.8671882152557373,3,3,1,1,0.783511757850647,0.7023749351501465,0.16481328010559082,0.1900547968781918,worker1,worker1,worker1,0,0.7023749351501465,0.0,0.0
model_0,1470,1,0.8747642040252686,1,1,1,1,0.7055109143257141,0.7700202465057373,0.10474395751953125,0.11973964759594301,worker1,worker1,worker1,0,0.7700202465057373,0.0,0.0
model_0,1471,1,0.6782207489013672,7,7,1,0,0.8314897418022156,0.5027604103088379,0.1754603385925293,0.25870682794171823,worker1,worker1,worker1,0,0.5027604103088379,0.0,0.0
model_0,1472,1,1.1026458740234375,5,2,0,2,0.7666460871696472,0.9286682605743408,0.17397761344909668,0.15778194753885114,worker1->worker2,worker1,worker2,0,0.7634966373443604,0.16517162322998047,0.0
model_0,1473,1,0.6398451328277588,8,8,1,0,0.6920551657676697,0.517970085144043,0.12187504768371582,0.19047585334453676,worker1,worker1,worker1,0,0.517970085144043,0.0,0.0
model_0,1474,1,0.6436738967895508,5,5,1,0,0.8373181223869324,0.4816093444824219,0.1620645523071289,0.251780526001532,worker1,worker1,worker1,0,0.4816093444824219,0.0,0.0
model_0,1475,1,0.8529703617095947,8,8,1,1,0.9529017806053162,0.6739976406097412,0.17897272109985352,0.2098229072592175,worker1,worker1,worker1,0,0.6739976406097412,0.0,0.0
model_0,1476,1,0.5883212089538574,8,3,0,0,0.998921275138855,0.4277071952819824,0.160614013671875,0.27300394958984403,worker1,worker1,worker1,0,0.4277071952819824,0.0,0.0
model_0,1477,1,0.6264898777008057,8,8,1,0,0.8502863645553589,0.4459712505340576,0.18051862716674805,0.2881429271119984,worker1,worker1,worker1,0,0.4459712505340576,0.0,0.0
model_0,1478,1,0.5890207290649414,6,5,0,0,0.754905104637146,0.4970126152038574,0.09200811386108398,0.15620522219505759,worker1,worker1,worker1,0,0.4970126152038574,0.0,0.0
model_0,1479,1,0.6266443729400635,6,6,1,0,0.934094250202179,0.533883810043335,0.09276056289672852,0.14802744092557385,worker1,worker1,worker1,0,0.533883810043335,0.0,0.0
model_0,1480,1,1.2757072448730469,1,9,0,3,0.5537747740745544,1.082047939300537,0.19365930557250977,0.1518054446667205,worker1->worker2->worker3,worker1,worker3,0,0.6802322864532471,0.17440032958984375,0.2274153232574463
model_0,1481,1,0.973963737487793,6,2,0,2,0.5785545706748962,0.8252098560333252,0.14875388145446777,0.15273041051626643,worker1->worker2,worker1,worker2,0,0.6837928295135498,0.1414170265197754,0.0
model_0,1482,1,1.0725159645080566,2,2,1,2,0.907489538192749,0.8549132347106934,0.21760272979736328,0.2028899680735043,worker1->worker2,worker1,worker2,0,0.7059223651885986,0.14899086952209473,0.0
model_0,1483,1,0.8492636680603027,3,5,0,1,0.9982693195343018,0.691676139831543,0.15758752822875977,0.18555783575280665,worker1,worker1,worker1,0,0.691676139831543,0.0,0.0
model_0,1484,1,0.8101503849029541,4,4,1,1,0.9024940133094788,0.6534061431884766,0.15674424171447754,0.19347548879243395,worker1,worker1,worker1,0,0.6534061431884766,0.0,0.0
model_0,1485,1,0.5492007732391357,6,6,1,0,0.979518711566925,0.45299863815307617,0.09620213508605957,0.1751675157313931,worker1,worker1,worker1,0,0.45299863815307617,0.0,0.0
model_0,1486,1,0.6390261650085449,9,9,1,0,0.9332363605499268,0.47367310523986816,0.16535305976867676,0.2587578863323471,worker1,worker1,worker1,0,0.47367310523986816,0.0,0.0
model_0,1487,1,0.6461668014526367,8,8,1,0,0.9828153252601624,0.46732115745544434,0.17884564399719238,0.2767793758440274,worker1,worker1,worker1,0,0.46732115745544434,0.0,0.0
model_0,1488,1,0.5847618579864502,1,1,1,0,0.9590907096862793,0.4786207675933838,0.1061410903930664,0.18151165118489287,worker1,worker1,worker1,0,0.4786207675933838,0.0,0.0
model_0,1489,1,0.5727708339691162,1,1,1,0,0.9929037690162659,0.46772265434265137,0.10504817962646484,0.1834035069462511,worker1,worker1,worker1,0,0.46772265434265137,0.0,0.0
model_0,1490,1,0.6142282485961914,1,9,0,0,0.8763840794563293,0.5221540927886963,0.09207415580749512,0.149902183785798,worker1,worker1,worker1,0,0.5221540927886963,0.0,0.0
model_0,1491,1,0.6210858821868896,7,1,0,0,0.8900291919708252,0.45232295989990234,0.1687629222869873,0.27172236099259006,worker1,worker1,worker1,0,0.45232295989990234,0.0,0.0
model_0,1492,1,0.9297072887420654,3,1,0,1,0.7589549422264099,0.8366081714630127,0.09309911727905273,0.1001380955128575,worker1,worker1,worker1,0,0.8366081714630127,0.0,0.0
model_0,1493,1,0.6776881217956543,4,4,1,0,0.9701001048088074,0.49982237815856934,0.17786574363708496,0.2624595856362338,worker1,worker1,worker1,0,0.49982237815856934,0.0,0.0
model_0,1494,1,0.5703670978546143,6,6,1,0,0.9780844449996948,0.4743516445159912,0.09601545333862305,0.16833974768140858,worker1,worker1,worker1,0,0.4743516445159912,0.0,0.0
model_0,1495,1,0.806718111038208,8,0,0,1,0.8091598749160767,0.708747148513794,0.09797096252441406,0.12144386147266494,worker1,worker1,worker1,0,0.708747148513794,0.0,0.0
model_0,1496,1,0.6134905815124512,1,1,1,0,0.7349070906639099,0.5192716121673584,0.09421896934509277,0.1535785098979234,worker1,worker1,worker1,0,0.5192716121673584,0.0,0.0
model_0,1497,1,0.8232791423797607,0,2,0,1,0.8125738501548767,0.6537363529205322,0.16954278945922852,0.2059359708411295,worker1,worker1,worker1,0,0.6537363529205322,0.0,0.0
model_0,1498,1,0.7858567237854004,2,2,1,1,0.8753125667572021,0.6867649555206299,0.09909176826477051,0.12609393705694147,worker1,worker1,worker1,0,0.6867649555206299,0.0,0.0
model_0,1499,1,0.6195118427276611,7,7,1,0,0.9302710890769958,0.5243499279022217,0.09516191482543945,0.15360790264549123,worker1,worker1,worker1,0,0.5243499279022217,0.0,0.0
model_0,1500,1,0.9308195114135742,1,1,1,1,0.958581268787384,0.8261337280273438,0.10468578338623047,0.11246625377163728,worker1,worker1,worker1,0,0.8261337280273438,0.0,0.0
model_0,1501,1,1.1716187000274658,1,1,1,2,0.9428629279136658,0.9519166946411133,0.21970200538635254,0.18752005697860757,worker1->worker2,worker1,worker2,0,0.8000996112823486,0.15181708335876465,0.0
model_0,1502,1,0.8103816509246826,6,0,0,1,0.9783908724784851,0.6937267780303955,0.11665487289428711,0.1439505358508285,worker1,worker1,worker1,0,0.6937267780303955,0.0,0.0
model_0,1503,1,0.7258710861206055,3,4,0,1,0.8790554404258728,0.6185810565948486,0.10729002952575684,0.14780865580300895,worker1,worker1,worker1,0,0.6185810565948486,0.0,0.0
model_0,1504,1,0.6453838348388672,8,8,1,0,0.7763741612434387,0.46895432472229004,0.17642951011657715,0.27337144284164827,worker1,worker1,worker1,0,0.46895432472229004,0.0,0.0
model_0,1505,1,0.8915882110595703,5,8,0,1,0.7499812245368958,0.7122845649719238,0.17930364608764648,0.20110589604427434,worker1,worker1,worker1,0,0.7122845649719238,0.0,0.0
model_0,1506,1,1.164870262145996,3,3,1,2,0.8427618741989136,0.9202413558959961,0.24462890625,0.21000528058749607,worker1->worker2,worker1,worker2,0,0.7794806957244873,0.1407606601715088,0.0
model_0,1507,1,0.5560905933380127,9,9,1,0,0.9976686835289001,0.46547365188598633,0.09061694145202637,0.16295355925387142,worker1,worker1,worker1,0,0.46547365188598633,0.0,0.0
model_0,1508,1,0.6025536060333252,6,6,1,0,0.8905357122421265,0.5122828483581543,0.0902707576751709,0.1498136543724847,worker1,worker1,worker1,0,0.5122828483581543,0.0,0.0
model_0,1509,1,0.8462891578674316,6,6,1,1,0.8691080808639526,0.7538084983825684,0.09248065948486328,0.10927784980479457,worker1,worker1,worker1,0,0.7538084983825684,0.0,0.0
model_0,1510,1,0.6384425163269043,8,8,1,0,0.9971152544021606,0.5415236949920654,0.09691882133483887,0.15180508637243254,worker1,worker1,worker1,0,0.5415236949920654,0.0,0.0
model_0,1511,1,0.6627283096313477,5,5,1,0,0.8626437783241272,0.4993927478790283,0.16333556175231934,0.24645930976326805,worker1,worker1,worker1,0,0.4993927478790283,0.0,0.0
model_0,1512,1,0.6177244186401367,9,9,1,0,0.8867653608322144,0.514662504196167,0.10306191444396973,0.16684125045736578,worker1,worker1,worker1,0,0.514662504196167,0.0,0.0
model_0,1513,1,0.6054942607879639,9,9,1,0,0.7858684062957764,0.4987001419067383,0.10679411888122559,0.17637511335326014,worker1,worker1,worker1,0,0.4987001419067383,0.0,0.0
model_0,1514,1,0.5777153968811035,1,0,0,0,0.8954302072525024,0.4811868667602539,0.09652853012084961,0.16708664965824968,worker1,worker1,worker1,0,0.4811868667602539,0.0,0.0
model_0,1515,1,0.5478384494781494,1,1,1,0,0.9651023745536804,0.457381010055542,0.09045743942260742,0.16511699664157167,worker1,worker1,worker1,0,0.457381010055542,0.0,0.0
model_0,1516,1,0.5137488842010498,1,1,1,0,0.8583043813705444,0.4070866107940674,0.10666227340698242,0.2076155816335386,worker1,worker1,worker1,0,0.4070866107940674,0.0,0.0
model_0,1517,1,0.6519026756286621,3,3,1,0,0.694382905960083,0.5596969127655029,0.09220576286315918,0.14144099466111346,worker1,worker1,worker1,0,0.5596969127655029,0.0,0.0
model_0,1518,1,0.7752411365509033,9,1,0,1,0.5183879137039185,0.679187536239624,0.0960536003112793,0.12390157820910772,worker1,worker1,worker1,0,0.679187536239624,0.0,0.0
model_0,1519,1,0.5369853973388672,2,2,1,0,0.7879716753959656,0.44814038276672363,0.08884501457214355,0.1654514536380912,worker1,worker1,worker1,0,0.44814038276672363,0.0,0.0
model_0,1520,1,0.8486754894256592,0,0,1,1,0.9930754899978638,0.7430160045623779,0.10565948486328125,0.1244992770261178,worker1,worker1,worker1,0,0.7430160045623779,0.0,0.0
model_0,1521,1,0.8662662506103516,2,2,1,1,0.7390605807304382,0.7687313556671143,0.0975348949432373,0.11259228311678589,worker1,worker1,worker1,0,0.7687313556671143,0.0,0.0
model_0,1522,1,0.8718142509460449,2,2,1,1,0.8392497301101685,0.7781400680541992,0.0936741828918457,0.10744740957170135,worker1,worker1,worker1,0,0.7781400680541992,0.0,0.0
model_0,1523,1,0.5890481472015381,5,3,0,0,0.9407212734222412,0.496021032333374,0.09302711486816406,0.157927862620601,worker1,worker1,worker1,0,0.496021032333374,0.0,0.0
model_0,1524,1,0.9929990768432617,6,6,1,1,0.9855766892433167,0.8974854946136475,0.09551358222961426,0.09618697988446412,worker1,worker1,worker1,0,0.8974854946136475,0.0,0.0
model_0,1525,1,0.7978899478912354,5,5,1,1,0.780223548412323,0.703345775604248,0.0945441722869873,0.11849274769892844,worker1,worker1,worker1,0,0.703345775604248,0.0,0.0
model_0,1526,1,0.8769996166229248,5,5,1,1,0.7016101479530334,0.7803354263305664,0.0966641902923584,0.11022147382981147,worker1,worker1,worker1,0,0.7803354263305664,0.0,0.0
model_0,1527,1,0.5948257446289062,8,8,1,0,0.9834730625152588,0.4935934543609619,0.10123229026794434,0.17018814532161866,worker1,worker1,worker1,0,0.4935934543609619,0.0,0.0
model_0,1528,1,0.6221816539764404,1,1,1,0,0.5941914916038513,0.5244438648223877,0.09773778915405273,0.15708883174133847,worker1,worker1,worker1,0,0.5244438648223877,0.0,0.0
model_0,1529,1,0.649296760559082,6,6,1,0,0.925929069519043,0.4793863296508789,0.16991043090820312,0.261683780405589,worker1,worker1,worker1,0,0.4793863296508789,0.0,0.0
model_0,1530,1,0.6263446807861328,9,9,1,0,0.9978958368301392,0.5212717056274414,0.1050729751586914,0.16775583537615907,worker1,worker1,worker1,0,0.5212717056274414,0.0,0.0
model_0,1531,1,0.5302903652191162,2,2,1,0,0.9368650317192078,0.4315783977508545,0.09871196746826172,0.18614701292465288,worker1,worker1,worker1,0,0.4315783977508545,0.0,0.0
model_0,1532,1,1.1715288162231445,4,4,1,2,0.9804953932762146,0.9044609069824219,0.26706790924072266,0.2279652924814215,worker1->worker2,worker1,worker2,0,0.7546637058258057,0.1497972011566162,0.0
model_0,1533,1,0.630040168762207,4,4,1,0,0.7852674722671509,0.4695150852203369,0.16052508354187012,0.25478547480114133,worker1,worker1,worker1,0,0.4695150852203369,0.0,0.0
model_0,1534,1,0.6184818744659424,9,9,1,0,0.7467349767684937,0.4390099048614502,0.1794719696044922,0.29018145399889983,worker1,worker1,worker1,0,0.4390099048614502,0.0,0.0
model_0,1535,1,0.5795295238494873,8,8,1,0,0.9969950914382935,0.4837379455566406,0.09579157829284668,0.16529197279986244,worker1,worker1,worker1,0,0.4837379455566406,0.0,0.0
model_0,1536,1,0.8388757705688477,4,4,1,1,0.7073737978935242,0.7454090118408203,0.09346675872802734,0.1114190706266875,worker1,worker1,worker1,0,0.7454090118408203,0.0,0.0
model_0,1537,1,0.8603436946868896,1,1,1,1,0.9232379198074341,0.7351911067962646,0.125152587890625,0.14546812938075007,worker1,worker1,worker1,0,0.7351911067962646,0.0,0.0
model_0,1538,1,0.8679425716400146,6,0,0,1,0.9783132076263428,0.6952438354492188,0.1726987361907959,0.1989748421539852,worker1,worker1,worker1,0,0.6952438354492188,0.0,0.0
model_0,1539,1,0.9500737190246582,9,9,1,1,0.9474978446960449,0.7938075065612793,0.1562662124633789,0.16447798663855387,worker1,worker1,worker1,0,0.7938075065612793,0.0,0.0
model_0,1540,1,0.882084846496582,0,0,1,1,0.7390989661216736,0.7866804599761963,0.09540438652038574,0.10815783413501302,worker1,worker1,worker1,0,0.7866804599761963,0.0,0.0
model_0,1541,1,1.0971646308898926,7,7,1,2,0.8807246088981628,0.8620615005493164,0.23510313034057617,0.214282454721392,worker1->worker2,worker1,worker2,0,0.7104754447937012,0.15158605575561523,0.0
model_0,1542,1,0.8000960350036621,6,2,0,1,0.9792320728302002,0.7026147842407227,0.09748125076293945,0.12183693769022774,worker1,worker1,worker1,0,0.7026147842407227,0.0,0.0
model_0,1543,1,0.535287618637085,0,0,1,0,0.962352454662323,0.4242243766784668,0.11106324195861816,0.20748330073727517,worker1,worker1,worker1,0,0.4242243766784668,0.0,0.0
model_0,1544,1,0.803138017654419,3,7,0,1,0.5928698778152466,0.7083301544189453,0.09480786323547363,0.11804678791369128,worker1,worker1,worker1,0,0.7083301544189453,0.0,0.0
model_0,1545,1,0.8093633651733398,3,3,1,1,0.984432578086853,0.7049314975738525,0.1044318675994873,0.12902964489518418,worker1,worker1,worker1,0,0.7049314975738525,0.0,0.0
model_0,1546,1,0.5770571231842041,9,8,0,0,0.8958423733711243,0.4825563430786133,0.09450078010559082,0.1637633022951611,worker1,worker1,worker1,0,0.4825563430786133,0.0,0.0
model_0,1547,1,0.8732035160064697,4,4,1,1,0.7936490178108215,0.784597635269165,0.08860588073730469,0.10147219876362498,worker1,worker1,worker1,0,0.784597635269165,0.0,0.0
model_0,1548,1,1.028097152709961,5,5,1,2,0.7934825420379639,0.8700289726257324,0.15806818008422852,0.15374829087657393,worker1->worker2,worker1,worker2,0,0.7031383514404297,0.16689062118530273,0.0
model_0,1549,1,0.919689416885376,0,0,1,1,0.9612110257148743,0.7583374977111816,0.16135191917419434,0.1754417482813159,worker1,worker1,worker1,0,0.7583374977111816,0.0,0.0
model_0,1550,1,0.5772061347961426,4,4,1,0,0.7529715299606323,0.4816112518310547,0.09559488296508789,0.16561654009247503,worker1,worker1,worker1,0,0.4816112518310547,0.0,0.0
model_0,1551,1,0.6219561100006104,3,5,0,0,0.9168989658355713,0.5155911445617676,0.10636496543884277,0.1710168349961839,worker1,worker1,worker1,0,0.5155911445617676,0.0,0.0
model_0,1552,1,0.5572774410247803,2,4,0,0,0.5764104127883911,0.46834659576416016,0.08893084526062012,0.15958091735614624,worker1,worker1,worker1,0,0.46834659576416016,0.0,0.0
model_0,1553,1,0.5537197589874268,7,7,1,0,0.9789589047431946,0.4635138511657715,0.09020590782165527,0.1629089559430072,worker1,worker1,worker1,0,0.4635138511657715,0.0,0.0
model_0,1554,1,0.8910572528839111,9,1,0,1,0.6067662835121155,0.802483320236206,0.08857393264770508,0.09940318914529354,worker1,worker1,worker1,0,0.802483320236206,0.0,0.0
model_0,1555,1,0.6261544227600098,9,9,1,0,0.9353673458099365,0.5255951881408691,0.10055923461914062,0.1605981383568101,worker1,worker1,worker1,0,0.5255951881408691,0.0,0.0
model_0,1556,1,0.9562456607818604,0,0,1,1,0.9778253436088562,0.8619484901428223,0.09429717063903809,0.09861186775157482,worker1,worker1,worker1,0,0.8619484901428223,0.0,0.0
model_0,1557,1,1.1499698162078857,8,8,1,2,0.9461340308189392,0.9467699527740479,0.2031998634338379,0.17670017123049814,worker1->worker2,worker1,worker2,0,0.786797285079956,0.1599726676940918,0.0
model_0,1558,1,0.9327309131622314,1,1,1,2,0.795357882976532,0.7805650234222412,0.15216588973999023,0.16314018072383088,worker1->worker2,worker1,worker2,0,0.6382133960723877,0.14235162734985352,0.0
model_0,1559,1,0.5312254428863525,3,3,1,0,0.7481593489646912,0.4389309883117676,0.09229445457458496,0.173738769124298,worker1,worker1,worker1,0,0.4389309883117676,0.0,0.0
model_0,1560,1,0.5669500827789307,9,9,1,0,0.8999121785163879,0.4637627601623535,0.10318732261657715,0.18200424649521166,worker1,worker1,worker1,0,0.4637627601623535,0.0,0.0
model_0,1561,1,0.8718397617340088,0,0,1,1,0.8941956162452698,0.7632522583007812,0.10858750343322754,0.12454984069235042,worker1,worker1,worker1,0,0.7632522583007812,0.0,0.0
model_0,1562,1,1.0946595668792725,9,9,1,2,0.9984868764877319,0.8887069225311279,0.20595264434814453,0.18814309999161463,worker1->worker2,worker1,worker2,0,0.7403008937835693,0.1484060287475586,0.0
model_0,1563,1,0.6306006908416748,5,5,1,0,0.7696981430053711,0.47565436363220215,0.15494632720947266,0.24571226999872586,worker1,worker1,worker1,0,0.47565436363220215,0.0,0.0
model_0,1564,1,0.6574540138244629,1,1,1,0,0.989992082118988,0.4772307872772217,0.1802232265472412,0.2741229390309266,worker1,worker1,worker1,0,0.4772307872772217,0.0,0.0
model_0,1565,1,0.621436595916748,4,4,1,0,0.8377131223678589,0.4745817184448242,0.14685487747192383,0.23631514210276333,worker1,worker1,worker1,0,0.4745817184448242,0.0,0.0
model_0,1566,1,0.6137609481811523,4,4,1,0,0.883860170841217,0.4861934185028076,0.12756752967834473,0.2078456279376918,worker1,worker1,worker1,0,0.4861934185028076,0.0,0.0
model_0,1567,1,0.7792935371398926,0,0,1,1,0.9576857686042786,0.6795327663421631,0.09976077079772949,0.12801436948118977,worker1,worker1,worker1,0,0.6795327663421631,0.0,0.0
model_0,1568,1,0.6452822685241699,3,2,0,0,0.7285758256912231,0.5488076210021973,0.09647464752197266,0.1495076685473174,worker1,worker1,worker1,0,0.5488076210021973,0.0,0.0
model_0,1569,1,1.1075291633605957,4,4,1,2,0.7254289984703064,0.9031867980957031,0.20434236526489258,0.18450292057759712,worker1->worker2,worker1,worker2,0,0.7327055931091309,0.17048120498657227,0.0
model_0,1570,1,0.6890978813171387,6,3,0,0,0.7298054099082947,0.5134177207946777,0.17568016052246094,0.2549422444699244,worker1,worker1,worker1,0,0.5134177207946777,0.0,0.0
model_0,1571,1,0.6525073051452637,3,3,1,0,0.8316918015480042,0.4776005744934082,0.17490673065185547,0.26805329116264387,worker1,worker1,worker1,0,0.4776005744934082,0.0,0.0
model_0,1572,1,0.8585422039031982,8,7,0,1,0.5749566555023193,0.7604913711547852,0.09805083274841309,0.11420618846999447,worker1,worker1,worker1,0,0.7604913711547852,0.0,0.0
model_0,1573,1,0.5890934467315674,7,7,1,0,0.9533516764640808,0.4801931381225586,0.10890030860900879,0.18486083865507924,worker1,worker1,worker1,0,0.4801931381225586,0.0,0.0
model_0,1574,1,0.5865755081176758,2,2,1,0,0.910301923751831,0.4909534454345703,0.09562206268310547,0.16301748259138404,worker1,worker1,worker1,0,0.4909534454345703,0.0,0.0
model_0,1575,1,0.7111222743988037,7,7,1,0,0.9217821955680847,0.5548198223114014,0.15630245208740234,0.21979687279454635,worker1,worker1,worker1,0,0.5548198223114014,0.0,0.0
model_0,1576,1,0.8828775882720947,3,3,1,1,0.9091637134552002,0.7205612659454346,0.16231632232666016,0.18384918190565255,worker1,worker1,worker1,0,0.7205612659454346,0.0,0.0
model_0,1577,1,0.9783656597137451,2,2,1,2,0.9488623142242432,0.8211641311645508,0.15720152854919434,0.16067768424659254,worker1->worker2,worker1,worker2,0,0.6473679542541504,0.1737961769104004,0.0
model_0,1578,1,0.9025795459747314,0,0,1,1,0.6396680474281311,0.7699198722839355,0.1326596736907959,0.14697837357651558,worker1,worker1,worker1,0,0.7699198722839355,0.0,0.0
model_0,1579,1,0.5854625701904297,6,6,1,0,0.9846115708351135,0.490525484085083,0.09493708610534668,0.16215739645741503,worker1,worker1,worker1,0,0.490525484085083,0.0,0.0
model_0,1580,1,0.6285440921783447,5,5,1,0,0.9529812335968018,0.4594569206237793,0.16908717155456543,0.26901401772556666,worker1,worker1,worker1,0,0.4594569206237793,0.0,0.0
model_0,1581,1,0.6528184413909912,6,2,0,0,0.8138397336006165,0.4820406436920166,0.1707777976989746,0.2616007558473536,worker1,worker1,worker1,0,0.4820406436920166,0.0,0.0
model_0,1582,1,0.6337459087371826,4,4,1,0,0.8522696495056152,0.4728536605834961,0.16089224815368652,0.2538750087937992,worker1,worker1,worker1,0,0.4728536605834961,0.0,0.0
model_0,1583,1,0.915229082107544,0,7,0,1,0.8979027271270752,0.7399675846099854,0.1752614974975586,0.19149467704192172,worker1,worker1,worker1,0,0.7399675846099854,0.0,0.0
model_0,1584,1,0.6840178966522217,7,7,1,0,0.9989190101623535,0.5110039710998535,0.17301392555236816,0.25293771756433214,worker1,worker1,worker1,0,0.5110039710998535,0.0,0.0
model_0,1585,1,0.6432781219482422,6,6,1,0,0.9854017496109009,0.4705371856689453,0.17274093627929688,0.2685322730332115,worker1,worker1,worker1,0,0.4705371856689453,0.0,0.0
model_0,1586,1,0.6468799114227295,2,2,1,0,0.8383921980857849,0.4737515449523926,0.17312836647033691,0.267636022410347,worker1,worker1,worker1,0,0.4737515449523926,0.0,0.0
model_0,1587,1,0.5617101192474365,3,3,1,0,0.8359655737876892,0.4700496196746826,0.0916604995727539,0.16318114349721538,worker1,worker1,worker1,0,0.4700496196746826,0.0,0.0
model_0,1588,1,0.5843241214752197,1,1,1,0,0.8981431126594543,0.4918689727783203,0.09245514869689941,0.1582257950664121,worker1,worker1,worker1,0,0.4918689727783203,0.0,0.0
model_0,1589,1,0.7962214946746826,5,5,1,1,0.7840188145637512,0.6984498500823975,0.09777164459228516,0.12279453047450364,worker1,worker1,worker1,0,0.6984498500823975,0.0,0.0
model_0,1590,1,1.1272718906402588,6,2,0,2,0.5103231072425842,0.97471022605896,0.15256166458129883,0.13533706095931133,worker1->worker2,worker1,worker2,0,0.7942883968353271,0.1804218292236328,0.0
model_0,1591,1,0.9985194206237793,3,3,1,2,0.9600680470466614,0.835874080657959,0.1626453399658203,0.16288650636781313,worker1->worker2,worker1,worker2,0,0.7063887119293213,0.1294853687286377,0.0
model_0,1592,1,0.7496299743652344,4,2,0,1,0.9342818856239319,0.650219202041626,0.0994107723236084,0.13261312343838258,worker1,worker1,worker1,0,0.650219202041626,0.0,0.0
model_0,1593,1,0.6757586002349854,7,7,1,0,0.7526599764823914,0.5833237171173096,0.09243488311767578,0.13678683939136382,worker1,worker1,worker1,0,0.5833237171173096,0.0,0.0
model_0,1594,1,0.6094605922698975,8,8,1,0,0.9386671185493469,0.49415087699890137,0.1153097152709961,0.18919962460826606,worker1,worker1,worker1,0,0.49415087699890137,0.0,0.0
model_0,1595,1,1.0936355590820312,2,2,1,2,0.7768138647079468,0.8970425128936768,0.1965930461883545,0.17976102235864522,worker1->worker2,worker1,worker2,0,0.7390232086181641,0.1580193042755127,0.0
model_0,1596,1,0.5844330787658691,3,3,1,0,0.7217777967453003,0.4776298999786377,0.10680317878723145,0.18274663544501057,worker1,worker1,worker1,0,0.4776298999786377,0.0,0.0
model_0,1597,1,0.5850439071655273,0,1,0,0,0.6118773221969604,0.49341630935668945,0.09162759780883789,0.156616617465112,worker1,worker1,worker1,0,0.49341630935668945,0.0,0.0
model_0,1598,1,0.5861132144927979,1,1,1,0,0.9938254356384277,0.48729515075683594,0.09881806373596191,0.16859893497108006,worker1,worker1,worker1,0,0.48729515075683594,0.0,0.0
model_0,1599,1,0.5557780265808105,3,3,1,0,0.7394968271255493,0.4617459774017334,0.09403204917907715,0.16918993677668331,worker1,worker1,worker1,0,0.4617459774017334,0.0,0.0
model_0,1600,1,0.5734388828277588,9,1,0,0,0.8270379900932312,0.4635484218597412,0.10989046096801758,0.19163412921377512,worker1,worker1,worker1,0,0.4635484218597412,0.0,0.0
model_0,1601,1,0.8270018100738525,3,6,0,1,0.7348257303237915,0.7161257266998291,0.11087608337402344,0.13406994038395398,worker1,worker1,worker1,0,0.7161257266998291,0.0,0.0
model_0,1602,1,0.8166835308074951,9,9,1,1,0.9994513392448425,0.7259502410888672,0.09073328971862793,0.11109969320541516,worker1,worker1,worker1,0,0.7259502410888672,0.0,0.0
model_0,1603,1,0.9252369403839111,5,3,0,1,0.877532958984375,0.8321061134338379,0.09313082695007324,0.10065619181982748,worker1,worker1,worker1,0,0.8321061134338379,0.0,0.0
model_0,1604,1,0.9801013469696045,7,7,1,1,0.9461796283721924,0.8041114807128906,0.17598986625671387,0.1795629266308638,worker1,worker1,worker1,0,0.8041114807128906,0.0,0.0
model_0,1605,1,0.9439361095428467,8,8,1,1,0.991824209690094,0.7845933437347412,0.15934276580810547,0.16880672769820834,worker1,worker1,worker1,0,0.7845933437347412,0.0,0.0
model_0,1606,1,0.5757665634155273,9,9,1,0,0.6701762080192566,0.46244239807128906,0.11332416534423828,0.19682310947684,worker1,worker1,worker1,0,0.46244239807128906,0.0,0.0
model_0,1607,1,0.6766972541809082,9,9,1,0,0.996715784072876,0.4954037666320801,0.18129348754882812,0.26790929980685446,worker1,worker1,worker1,0,0.4954037666320801,0.0,0.0
model_0,1608,1,0.5165500640869141,4,7,0,0,0.9072067737579346,0.4149355888366699,0.10161447525024414,0.19671757360027473,worker1,worker1,worker1,0,0.4149355888366699,0.0,0.0
model_0,1609,1,1.0982975959777832,2,2,1,2,0.9585294723510742,0.9394195079803467,0.15887808799743652,0.1446585047434178,worker1->worker2,worker1,worker2,0,0.8037848472595215,0.1356346607208252,0.0
model_0,1610,1,0.91363525390625,6,8,0,1,0.9025586247444153,0.8161206245422363,0.09751462936401367,0.10673255979023315,worker1,worker1,worker1,0,0.8161206245422363,0.0,0.0
model_0,1611,1,0.7782070636749268,7,7,1,1,0.9968055486679077,0.6770319938659668,0.10117506980895996,0.1300104747587114,worker1,worker1,worker1,0,0.6770319938659668,0.0,0.0
model_0,1612,1,0.5849545001983643,7,3,0,0,0.8207148909568787,0.49254322052001953,0.09241127967834473,0.15798028675222958,worker1,worker1,worker1,0,0.49254322052001953,0.0,0.0
model_0,1613,1,0.8980131149291992,2,2,1,1,0.8552877306938171,0.8001034259796143,0.09790968894958496,0.10902924169131352,worker1,worker1,worker1,0,0.8001034259796143,0.0,0.0
model_0,1614,1,0.5664513111114502,8,8,1,0,0.9997844099998474,0.47041797637939453,0.09603333473205566,0.1695350206598091,worker1,worker1,worker1,0,0.47041797637939453,0.0,0.0
model_0,1615,1,0.8566486835479736,2,2,1,1,0.775168776512146,0.7589700222015381,0.09767866134643555,0.11402417726468775,worker1,worker1,worker1,0,0.7589700222015381,0.0,0.0
model_0,1616,1,0.8861322402954102,9,9,1,1,0.7735835313796997,0.7927737236022949,0.09335851669311523,0.10535506152218577,worker1,worker1,worker1,0,0.7927737236022949,0.0,0.0
model_0,1617,1,0.6016333103179932,4,4,1,0,0.9673702120780945,0.49359703063964844,0.10803627967834473,0.17957163911227284,worker1,worker1,worker1,0,0.49359703063964844,0.0,0.0
model_0,1618,1,0.653663158416748,1,1,1,0,0.5393252372741699,0.5603649616241455,0.09329819679260254,0.14273130677669238,worker1,worker1,worker1,0,0.5603649616241455,0.0,0.0
model_0,1619,1,0.9407896995544434,4,4,1,1,0.6180145144462585,0.7595980167388916,0.18119168281555176,0.1925953089211796,worker1,worker1,worker1,0,0.7595980167388916,0.0,0.0
model_0,1620,1,0.6205217838287354,0,9,0,0,0.8126785159111023,0.4622335433959961,0.15828824043273926,0.25508893411617434,worker1,worker1,worker1,0,0.4622335433959961,0.0,0.0
model_0,1621,1,0.6037201881408691,6,6,1,0,0.9183809161186218,0.5005216598510742,0.10319852828979492,0.1709376799334646,worker1,worker1,worker1,0,0.5005216598510742,0.0,0.0
model_0,1622,1,1.2046480178833008,2,2,1,2,0.6071071028709412,1.0381159782409668,0.16653203964233398,0.13824124322634018,worker1->worker2,worker1,worker2,0,0.8601024150848389,0.17801356315612793,0.0
model_0,1623,1,0.8327834606170654,0,0,1,1,0.9576194882392883,0.6647281646728516,0.16805529594421387,0.2017995119880147,worker1,worker1,worker1,0,0.6647281646728516,0.0,0.0
model_0,1624,1,0.6494288444519043,9,9,1,0,0.8639581799507141,0.5520815849304199,0.09734725952148438,0.14989672903063325,worker1,worker1,worker1,0,0.5520815849304199,0.0,0.0
model_0,1625,1,0.5853779315948486,0,0,1,0,0.9244922399520874,0.4772777557373047,0.10810017585754395,0.18466732348967704,worker1,worker1,worker1,0,0.4772777557373047,0.0,0.0
model_0,1626,1,0.5848617553710938,9,9,1,0,0.9765093922615051,0.49060702323913574,0.09425473213195801,0.16115728420668154,worker1,worker1,worker1,0,0.49060702323913574,0.0,0.0
model_0,1627,1,0.827106237411499,4,4,1,1,0.9510788917541504,0.7265892028808594,0.10051703453063965,0.12152856547813792,worker1,worker1,worker1,0,0.7265892028808594,0.0,0.0
model_0,1628,1,0.5598628520965576,6,6,1,0,0.9926706552505493,0.46248340606689453,0.09737944602966309,0.17393446567315451,worker1,worker1,worker1,0,0.46248340606689453,0.0,0.0
model_0,1629,1,0.812363862991333,0,0,1,1,0.9637158513069153,0.7102105617523193,0.10215330123901367,0.125748209506586,worker1,worker1,worker1,0,0.7102105617523193,0.0,0.0
model_0,1630,1,0.6407871246337891,4,4,1,0,0.8247487545013428,0.544600248336792,0.09618687629699707,0.15010737981348804,worker1,worker1,worker1,0,0.544600248336792,0.0,0.0
model_0,1631,1,0.5991256237030029,8,8,1,0,0.9736919403076172,0.4315667152404785,0.16755890846252441,0.2796724123179654,worker1,worker1,worker1,0,0.4315667152404785,0.0,0.0
model_0,1632,1,1.1643955707550049,2,2,1,2,0.9623250961303711,0.9324047565460205,0.23199081420898438,0.19923711497679383,worker1->worker2,worker1,worker2,0,0.754969596862793,0.17743515968322754,0.0
model_0,1633,1,0.9245560169219971,3,5,0,1,0.630253255367279,0.7650864124298096,0.1594696044921875,0.17248236080177026,worker1,worker1,worker1,0,0.7650864124298096,0.0,0.0
model_0,1634,1,0.7718889713287354,6,6,1,1,0.9894847273826599,0.6670057773590088,0.10488319396972656,0.1358786015418511,worker1,worker1,worker1,0,0.6670057773590088,0.0,0.0
model_0,1635,1,0.8331427574157715,6,6,1,1,0.9969831109046936,0.7376055717468262,0.09553718566894531,0.11467084700499706,worker1,worker1,worker1,0,0.7376055717468262,0.0,0.0
model_0,1636,1,0.5981919765472412,9,9,1,0,0.9967051148414612,0.4953584671020508,0.10283350944519043,0.17190720283268346,worker1,worker1,worker1,0,0.4953584671020508,0.0,0.0
model_0,1637,1,0.6256568431854248,3,5,0,0,0.5851868391036987,0.5330064296722412,0.0926504135131836,0.14808503179070154,worker1,worker1,worker1,0,0.5330064296722412,0.0,0.0
model_0,1638,1,0.5406827926635742,7,7,1,0,0.9114529490470886,0.44403910636901855,0.09664368629455566,0.17874378028281304,worker1,worker1,worker1,0,0.44403910636901855,0.0,0.0
model_0,1639,1,0.6247036457061768,1,1,1,0,0.9621107578277588,0.5256927013397217,0.09901094436645508,0.15849266295625863,worker1,worker1,worker1,0,0.5256927013397217,0.0,0.0
model_0,1640,1,1.0805401802062988,2,2,1,2,0.992027223110199,0.9213778972625732,0.15916228294372559,0.14729881022410293,worker1->worker2,worker1,worker2,0,0.7360684871673584,0.18530941009521484,0.0
model_0,1641,1,1.0450630187988281,7,7,1,2,0.789166271686554,0.8856053352355957,0.15945768356323242,0.15258188328825326,worker1->worker2,worker1,worker2,0,0.7436306476593018,0.14197468757629395,0.0
model_0,1642,1,1.1522152423858643,3,5,0,2,0.8582600355148315,0.9265015125274658,0.22571372985839844,0.19589545560169686,worker1->worker2,worker1,worker2,0,0.7870900630950928,0.13941144943237305,0.0
model_0,1643,1,0.8591859340667725,2,2,1,1,0.8239924311637878,0.6864705085754395,0.172715425491333,0.2010221753443071,worker1,worker1,worker1,0,0.6864705085754395,0.0,0.0
model_0,1644,1,0.6015312671661377,8,8,1,0,0.9920397996902466,0.4425671100616455,0.1589641571044922,0.26426582587034114,worker1,worker1,worker1,0,0.4425671100616455,0.0,0.0
model_0,1645,1,1.0751831531524658,2,2,1,2,0.7699958086013794,0.8412542343139648,0.23392891883850098,0.2175712278904437,worker1->worker2,worker1,worker2,0,0.6917746067047119,0.14947962760925293,0.0
model_0,1646,1,0.8178591728210449,6,6,1,1,0.9372270107269287,0.7245941162109375,0.09326505661010742,0.11403559403559403,worker1,worker1,worker1,0,0.7245941162109375,0.0,0.0
model_0,1647,1,0.6027591228485107,9,9,1,0,0.9947320222854614,0.4411027431488037,0.16165637969970703,0.2681939991812211,worker1,worker1,worker1,0,0.4411027431488037,0.0,0.0
model_0,1648,1,0.6244375705718994,0,0,1,0,0.9064449667930603,0.4547901153564453,0.1696474552154541,0.2716804100369557,worker1,worker1,worker1,0,0.4547901153564453,0.0,0.0
model_0,1649,1,1.4488391876220703,0,0,1,3,0.8180358409881592,1.2401123046875,0.2087268829345703,0.14406490707719366,worker1->worker2->worker3,worker1,worker3,0,0.8397009372711182,0.16939306259155273,0.2310183048248291
model_0,1650,1,0.6125106811523438,8,8,1,0,0.9953534603118896,0.4295969009399414,0.18291378021240234,0.2986295355181047,worker1,worker1,worker1,0,0.4295969009399414,0.0,0.0
model_0,1651,1,0.5455489158630371,6,6,1,0,0.9788569211959839,0.44828271865844727,0.09726619720458984,0.17829051506906307,worker1,worker1,worker1,0,0.44828271865844727,0.0,0.0
model_0,1652,1,0.572319746017456,9,9,1,0,0.9943406581878662,0.4762899875640869,0.09602975845336914,0.16779039884889832,worker1,worker1,worker1,0,0.4762899875640869,0.0,0.0
model_0,1653,1,0.6876077651977539,9,9,1,0,0.9095849394798279,0.5170180797576904,0.17058968544006348,0.24809156335080423,worker1,worker1,worker1,0,0.5170180797576904,0.0,0.0
model_0,1654,1,0.6333920955657959,2,5,0,0,0.8284196257591248,0.5356426239013672,0.09774947166442871,0.1543269522129277,worker1,worker1,worker1,0,0.5356426239013672,0.0,0.0
model_0,1655,1,0.8453190326690674,0,0,1,1,0.9908832907676697,0.7553014755249023,0.09001755714416504,0.1064894479660981,worker1,worker1,worker1,0,0.7553014755249023,0.0,0.0
model_0,1656,1,0.6026263236999512,4,4,1,0,0.7500193119049072,0.44499731063842773,0.15762901306152344,0.26157007562120244,worker1,worker1,worker1,0,0.44499731063842773,0.0,0.0
model_0,1657,1,0.5907301902770996,8,8,1,0,0.8177432417869568,0.4688129425048828,0.1219172477722168,0.20638397999436575,worker1,worker1,worker1,0,0.4688129425048828,0.0,0.0
model_0,1658,1,1.2668418884277344,3,3,1,3,0.7915768027305603,1.0653793811798096,0.2014625072479248,0.1590273491019136,worker1->worker2->worker3,worker1,worker3,0,0.7051806449890137,0.14789462089538574,0.21230411529541016
model_0,1659,1,0.9105887413024902,3,3,1,1,0.9996788501739502,0.7291281223297119,0.18146061897277832,0.1992783467904734,worker1,worker1,worker1,0,0.7291281223297119,0.0,0.0
model_0,1660,1,0.9003505706787109,4,4,1,1,0.9812877774238586,0.7432849407196045,0.15706562995910645,0.1744494145660459,worker1,worker1,worker1,0,0.7432849407196045,0.0,0.0
model_0,1661,1,1.3531572818756104,7,2,0,3,0.37730681896209717,1.0596864223480225,0.2934708595275879,0.2168786019617824,worker1->worker2->worker3,worker1,worker3,0,0.7337887287139893,0.1363534927368164,0.1895442008972168
model_0,1662,1,0.7619655132293701,4,4,1,1,0.9994934797286987,0.6643457412719727,0.09761977195739746,0.1281157352432715,worker1,worker1,worker1,0,0.6643457412719727,0.0,0.0
model_0,1663,1,0.5705344676971436,5,5,1,0,0.985015869140625,0.47652292251586914,0.09401154518127441,0.16477802920607856,worker1,worker1,worker1,0,0.47652292251586914,0.0,0.0
model_0,1664,1,0.5724971294403076,0,0,1,0,0.98506098985672,0.412168025970459,0.16032910346984863,0.28005223995898765,worker1,worker1,worker1,0,0.412168025970459,0.0,0.0
model_0,1665,1,0.6264677047729492,4,4,1,0,0.8259879350662231,0.45674633979797363,0.16972136497497559,0.27091797978075777,worker1,worker1,worker1,0,0.45674633979797363,0.0,0.0
model_0,1666,1,0.5943255424499512,6,6,1,0,0.7736492156982422,0.5032014846801758,0.09112405776977539,0.15332347553857498,worker1,worker1,worker1,0,0.5032014846801758,0.0,0.0
model_0,1667,1,0.5918757915496826,8,8,1,0,0.5340859889984131,0.49311399459838867,0.09876179695129395,0.1668623693709625,worker1,worker1,worker1,0,0.49311399459838867,0.0,0.0
model_0,1668,1,0.5501711368560791,7,7,1,0,0.9846723675727844,0.45590639114379883,0.09426474571228027,0.1713371338433904,worker1,worker1,worker1,0,0.45590639114379883,0.0,0.0
model_0,1669,1,0.5674140453338623,2,2,1,0,0.7738102674484253,0.47487640380859375,0.09253764152526855,0.16308662481349062,worker1,worker1,worker1,0,0.47487640380859375,0.0,0.0
model_0,1670,1,0.8903839588165283,9,9,1,1,0.9869575500488281,0.711451530456543,0.17893242835998535,0.20096097485608003,worker1,worker1,worker1,0,0.711451530456543,0.0,0.0
model_0,1671,1,0.9870266914367676,0,0,1,1,0.8623192310333252,0.8307080268859863,0.15631866455078125,0.158373290111573,worker1,worker1,worker1,0,0.8307080268859863,0.0,0.0
model_0,1672,1,0.8599631786346436,3,5,0,1,0.7022168040275574,0.7658109664916992,0.09415221214294434,0.10948400406216116,worker1,worker1,worker1,0,0.7658109664916992,0.0,0.0
model_0,1673,1,0.8566334247589111,7,7,1,1,0.8310999274253845,0.7569313049316406,0.09970211982727051,0.1163883137706545,worker1,worker1,worker1,0,0.7569313049316406,0.0,0.0
model_0,1674,1,0.8377788066864014,5,5,1,1,0.9622870087623596,0.7431740760803223,0.0946047306060791,0.11292327980969288,worker1,worker1,worker1,0,0.7431740760803223,0.0,0.0
model_0,1675,1,0.7742586135864258,6,6,1,1,0.9815388321876526,0.6859798431396484,0.08827877044677734,0.11401716286740841,worker1,worker1,worker1,0,0.6859798431396484,0.0,0.0
model_0,1676,1,0.682091474533081,9,8,0,0,0.8753641247749329,0.5297834873199463,0.15230798721313477,0.22329554451240677,worker1,worker1,worker1,0,0.5297834873199463,0.0,0.0
model_0,1677,1,0.6504068374633789,3,4,0,0,0.9081926941871643,0.483151912689209,0.16725492477416992,0.2571543150229985,worker1,worker1,worker1,0,0.483151912689209,0.0,0.0
model_0,1678,1,0.6532125473022461,5,5,1,0,0.9732699394226074,0.48079466819763184,0.17241787910461426,0.26395371585664795,worker1,worker1,worker1,0,0.48079466819763184,0.0,0.0
model_0,1679,1,1.1594419479370117,1,1,1,2,0.9897035956382751,0.9416751861572266,0.21776676177978516,0.18782032353345182,worker1->worker2,worker1,worker2,0,0.7860043048858643,0.1556708812713623,0.0
model_0,1680,1,0.6670012474060059,0,0,1,0,0.7662228941917419,0.4948999881744385,0.17210125923156738,0.25802239486189266,worker1,worker1,worker1,0,0.4948999881744385,0.0,0.0
model_0,1681,1,0.5699727535247803,5,6,0,0,0.7874189019203186,0.47096991539001465,0.09900283813476562,0.17369749259507605,worker1,worker1,worker1,0,0.47096991539001465,0.0,0.0
model_0,1682,1,0.9360120296478271,3,3,1,1,0.9995688796043396,0.7630114555358887,0.17300057411193848,0.18482729776136492,worker1,worker1,worker1,0,0.7630114555358887,0.0,0.0
model_0,1683,1,0.8834109306335449,3,3,1,1,0.7032268047332764,0.7194747924804688,0.16393613815307617,0.18557177918945164,worker1,worker1,worker1,0,0.7194747924804688,0.0,0.0
model_0,1684,1,0.5459890365600586,9,9,1,0,0.9617854356765747,0.453716516494751,0.09227252006530762,0.16900068295631002,worker1,worker1,worker1,0,0.453716516494751,0.0,0.0
model_0,1685,1,0.5468142032623291,9,9,1,0,0.8843291401863098,0.44114089012145996,0.10567331314086914,0.19325268530044626,worker1,worker1,worker1,0,0.44114089012145996,0.0,0.0
model_0,1686,1,0.6837184429168701,3,3,1,0,0.885375440120697,0.508115291595459,0.17560315132141113,0.2568354753928465,worker1,worker1,worker1,0,0.508115291595459,0.0,0.0
model_0,1687,1,0.6228303909301758,8,8,1,0,0.9169052243232727,0.5262072086334229,0.09662318229675293,0.155135625531133,worker1,worker1,worker1,0,0.5262072086334229,0.0,0.0
model_0,1688,1,1.0140440464019775,4,4,1,1,0.7440780401229858,0.8452134132385254,0.16883063316345215,0.16649240608679236,worker1,worker1,worker1,0,0.8452134132385254,0.0,0.0
model_0,1689,1,0.9330306053161621,7,7,1,1,0.9714188575744629,0.7523856163024902,0.18064498901367188,0.19361100052281716,worker1,worker1,worker1,0,0.7523856163024902,0.0,0.0
model_0,1690,1,0.6708920001983643,0,2,0,0,0.8953427076339722,0.5700550079345703,0.10083699226379395,0.15030286876871274,worker1,worker1,worker1,0,0.5700550079345703,0.0,0.0
model_0,1691,1,0.5561268329620361,0,0,1,0,0.9241041541099548,0.4630930423736572,0.0930337905883789,0.16728880009774647,worker1,worker1,worker1,0,0.4630930423736572,0.0,0.0
model_0,1692,1,1.115319013595581,4,4,1,2,0.6925893425941467,0.9370548725128174,0.17826414108276367,0.15983242364717987,worker1->worker2,worker1,worker2,0,0.7578554153442383,0.1791994571685791,0.0
model_0,1693,1,0.8967206478118896,4,4,1,1,0.990632176399231,0.7217037677764893,0.1750168800354004,0.19517436167268304,worker1,worker1,worker1,0,0.7217037677764893,0.0,0.0
model_0,1694,1,1.2750637531280518,6,2,0,3,0.5242972373962402,1.0819921493530273,0.19307160377502441,0.151421137414793,worker1->worker2->worker3,worker1,worker3,0,0.8120255470275879,0.10725569725036621,0.16271090507507324
model_0,1695,1,0.5415971279144287,7,7,1,0,0.9227778315544128,0.44834232330322266,0.09325480461120605,0.17218482116090567,worker1,worker1,worker1,0,0.44834232330322266,0.0,0.0
model_0,1696,1,0.5909600257873535,2,2,1,0,0.7667313814163208,0.48821020126342773,0.10274982452392578,0.17386933132580187,worker1,worker1,worker1,0,0.48821020126342773,0.0,0.0
model_0,1697,1,0.621955394744873,2,4,0,0,0.7644372582435608,0.5160763263702393,0.10587906837463379,0.17023579065194142,worker1,worker1,worker1,0,0.5160763263702393,0.0,0.0
model_0,1698,1,1.422057867050171,7,7,1,3,0.4233100414276123,1.165403127670288,0.2566547393798828,0.18048122043885004,worker1->worker2->worker3,worker1,worker3,0,0.7719154357910156,0.19619369506835938,0.19729399681091309
model_0,1699,1,0.74165940284729,3,6,0,1,0.6629179120063782,0.6078460216522217,0.13381338119506836,0.18042430350285865,worker1,worker1,worker1,0,0.6078460216522217,0.0,0.0
model_0,1700,1,0.5748291015625,3,7,0,0,0.8370970487594604,0.47161054611206055,0.10321855545043945,0.1795639002442132,worker1,worker1,worker1,0,0.47161054611206055,0.0,0.0
model_0,1701,1,0.8779404163360596,9,1,0,1,0.9228540658950806,0.7721786499023438,0.10576176643371582,0.12046576791064617,worker1,worker1,worker1,0,0.7721786499023438,0.0,0.0
model_0,1702,1,0.6649744510650635,7,7,1,0,0.9902141690254211,0.4853050708770752,0.17966938018798828,0.2701898996272998,worker1,worker1,worker1,0,0.4853050708770752,0.0,0.0
model_0,1703,1,0.5495173931121826,8,8,1,0,0.9999672174453735,0.45606207847595215,0.09345531463623047,0.1700679829385342,worker1,worker1,worker1,0,0.45606207847595215,0.0,0.0
model_0,1704,1,0.6716945171356201,2,2,1,0,0.7927160263061523,0.49741077423095703,0.17428374290466309,0.25946875917326256,worker1,worker1,worker1,0,0.49741077423095703,0.0,0.0
model_0,1705,1,0.6051690578460693,4,4,1,0,0.792890727519989,0.5125775337219238,0.09259152412414551,0.15300108775174204,worker1,worker1,worker1,0,0.5125775337219238,0.0,0.0
model_0,1706,1,0.9177896976470947,6,6,1,1,0.9988223910331726,0.7516369819641113,0.1661527156829834,0.1810357166886306,worker1,worker1,worker1,0,0.7516369819641113,0.0,0.0
model_0,1707,1,0.804502010345459,7,7,1,1,0.8767728209495544,0.7089598178863525,0.09554219245910645,0.11875942039980725,worker1,worker1,worker1,0,0.7089598178863525,0.0,0.0
model_0,1708,1,0.5671830177307129,1,1,1,0,0.8818809986114502,0.46476173400878906,0.10242128372192383,0.1805788969699925,worker1,worker1,worker1,0,0.46476173400878906,0.0,0.0
model_0,1709,1,0.6311309337615967,9,9,1,0,0.9793105721473694,0.5403714179992676,0.0907595157623291,0.143804575100438,worker1,worker1,worker1,0,0.5403714179992676,0.0,0.0
model_0,1710,1,0.5362820625305176,7,2,0,0,0.7691748738288879,0.4403703212738037,0.09591174125671387,0.17884570071976988,worker1,worker1,worker1,0,0.4403703212738037,0.0,0.0
model_0,1711,1,0.6579864025115967,4,4,1,0,0.9351617693901062,0.492556095123291,0.16543030738830566,0.2514190365588748,worker1,worker1,worker1,0,0.492556095123291,0.0,0.0
model_0,1712,1,0.9357833862304688,0,8,0,1,0.6513670086860657,0.7464351654052734,0.1893482208251953,0.20234193469487588,worker1,worker1,worker1,0,0.7464351654052734,0.0,0.0
model_0,1713,1,0.6761243343353271,9,9,1,0,0.986625075340271,0.509056568145752,0.1670677661895752,0.24709621841049892,worker1,worker1,worker1,0,0.509056568145752,0.0,0.0
model_0,1714,1,0.6220824718475342,7,7,1,0,0.8158584237098694,0.5236985683441162,0.09838390350341797,0.15815250863961142,worker1,worker1,worker1,0,0.5236985683441162,0.0,0.0
model_0,1715,1,0.929173469543457,3,3,1,1,0.9942703247070312,0.7563183307647705,0.17285513877868652,0.18603107433062815,worker1,worker1,worker1,0,0.7563183307647705,0.0,0.0
model_0,1716,1,1.1183128356933594,7,7,1,2,0.9958676099777222,0.8860535621643066,0.23225927352905273,0.20768721069453777,worker1->worker2,worker1,worker2,0,0.7268850803375244,0.15916848182678223,0.0
model_0,1717,1,0.5364558696746826,5,5,1,0,0.8924344182014465,0.4480574131011963,0.08839845657348633,0.16478234570737924,worker1,worker1,worker1,0,0.4480574131011963,0.0,0.0
model_0,1718,1,0.6049652099609375,8,8,1,0,0.971230149269104,0.5031731128692627,0.1017920970916748,0.16826107586954878,worker1,worker1,worker1,0,0.5031731128692627,0.0,0.0
model_0,1719,1,0.9050407409667969,3,3,1,1,0.9338865876197815,0.7992088794708252,0.10583186149597168,0.1169360192370106,worker1,worker1,worker1,0,0.7992088794708252,0.0,0.0
model_0,1720,1,0.8573493957519531,6,6,1,1,0.9814313650131226,0.7485225200653076,0.10882687568664551,0.1269341020427232,worker1,worker1,worker1,0,0.7485225200653076,0.0,0.0
model_0,1721,1,0.6309723854064941,8,8,1,0,0.9990536570549011,0.4569885730743408,0.17398381233215332,0.2757391866207694,worker1,worker1,worker1,0,0.4569885730743408,0.0,0.0
model_0,1722,1,0.5608267784118652,2,7,0,0,0.8623448610305786,0.4459404945373535,0.11488628387451172,0.20485163743401077,worker1,worker1,worker1,0,0.4459404945373535,0.0,0.0
model_0,1723,1,0.635979175567627,7,7,1,0,0.987514078617096,0.5334389209747314,0.10254025459289551,0.1612320945907951,worker1,worker1,worker1,0,0.5334389209747314,0.0,0.0
model_0,1724,1,1.1300101280212402,4,4,1,2,0.9892880916595459,0.8661327362060547,0.26387739181518555,0.23351772278117633,worker1->worker2,worker1,worker2,0,0.7083704471588135,0.1577622890472412,0.0
model_0,1725,1,0.6405267715454102,7,0,0,0,0.8411685228347778,0.46582508087158203,0.17470169067382812,0.2727468990130144,worker1,worker1,worker1,0,0.46582508087158203,0.0,0.0
model_0,1726,1,0.563878059387207,7,7,1,0,0.943378746509552,0.4672551155090332,0.09662294387817383,0.1713543243430655,worker1,worker1,worker1,0,0.4672551155090332,0.0,0.0
model_0,1727,1,1.403247594833374,5,7,0,3,0.7782997488975525,1.0932414531707764,0.31000614166259766,0.22092048673663237,worker1->worker2->worker3,worker1,worker3,0,0.7607591152191162,0.13793253898620605,0.1945497989654541
model_0,1728,1,0.5699400901794434,6,6,1,0,0.9253420829772949,0.4129924774169922,0.15694761276245117,0.2753756323985506,worker1,worker1,worker1,0,0.4129924774169922,0.0,0.0
model_0,1729,1,1.086970329284668,9,8,0,2,0.9386211037635803,0.8498778343200684,0.2370924949645996,0.2181223245722167,worker1->worker2,worker1,worker2,0,0.7359869480133057,0.1138908863067627,0.0
model_0,1730,1,0.6351993083953857,2,0,0,0,0.5365269780158997,0.4738461971282959,0.16135311126708984,0.2540196582938565,worker1,worker1,worker1,0,0.4738461971282959,0.0,0.0
model_0,1731,1,0.8735947608947754,3,3,1,1,0.8528075218200684,0.7069592475891113,0.16663551330566406,0.1907469238196763,worker1,worker1,worker1,0,0.7069592475891113,0.0,0.0
model_0,1732,1,0.660548210144043,6,6,1,0,0.8236836791038513,0.4918699264526367,0.16867828369140625,0.2553610487486194,worker1,worker1,worker1,0,0.4918699264526367,0.0,0.0
model_0,1733,1,0.8022027015686035,4,7,0,1,0.8253658413887024,0.7008407115936279,0.10136198997497559,0.12635458566366747,worker1,worker1,worker1,0,0.7008407115936279,0.0,0.0
model_0,1734,1,0.6264424324035645,4,4,1,0,0.9418591260910034,0.49976325035095215,0.1266791820526123,0.20221998941956013,worker1,worker1,worker1,0,0.49976325035095215,0.0,0.0
model_0,1735,1,0.9017124176025391,7,0,0,1,0.6035557985305786,0.7290017604827881,0.17271065711975098,0.1915362966598062,worker1,worker1,worker1,0,0.7290017604827881,0.0,0.0
model_0,1736,1,0.6525712013244629,1,1,1,0,0.9490270018577576,0.4772529602050781,0.17531824111938477,0.26865764343194687,worker1,worker1,worker1,0,0.4772529602050781,0.0,0.0
model_0,1737,1,0.6369671821594238,8,8,1,0,0.7924173474311829,0.4611024856567383,0.17586469650268555,0.2760969504056319,worker1,worker1,worker1,0,0.4611024856567383,0.0,0.0
model_0,1738,1,0.650881290435791,9,3,0,0,0.953395426273346,0.5578458309173584,0.09303545951843262,0.14293767678610284,worker1,worker1,worker1,0,0.5578458309173584,0.0,0.0
model_0,1739,1,0.9036262035369873,6,6,1,1,0.9032650589942932,0.798933744430542,0.10469245910644531,0.11585814875294288,worker1,worker1,worker1,0,0.798933744430542,0.0,0.0
model_0,1740,1,0.8782296180725098,8,8,1,1,0.9636366367340088,0.6945555210113525,0.18367409706115723,0.2091413148468792,worker1,worker1,worker1,0,0.6945555210113525,0.0,0.0
model_0,1741,1,1.4655797481536865,2,5,0,3,0.9710325002670288,1.2102978229522705,0.255281925201416,0.17418494320968614,worker1->worker2->worker3,worker1,worker3,0,0.8190562725067139,0.16469144821166992,0.22655010223388672
model_0,1742,1,0.7807669639587402,9,9,1,1,0.9967843294143677,0.681617021560669,0.09914994239807129,0.12699044269925192,worker1,worker1,worker1,0,0.681617021560669,0.0,0.0
model_0,1743,1,0.561943769454956,7,7,1,0,0.7750748991966248,0.46746158599853516,0.0944821834564209,0.16813458675422568,worker1,worker1,worker1,0,0.46746158599853516,0.0,0.0
model_0,1744,1,0.6028261184692383,9,1,0,0,0.9911419153213501,0.507932186126709,0.0948939323425293,0.15741509771257806,worker1,worker1,worker1,0,0.507932186126709,0.0,0.0
model_0,1745,1,0.7622971534729004,3,3,1,1,0.9234434962272644,0.6680970191955566,0.09420013427734375,0.12357403388978096,worker1,worker1,worker1,0,0.6680970191955566,0.0,0.0
model_0,1746,1,0.827847957611084,5,5,1,1,0.6283237338066101,0.7341432571411133,0.0937047004699707,0.11319071286999827,worker1,worker1,worker1,0,0.7341432571411133,0.0,0.0
model_0,1747,1,0.9275696277618408,6,6,1,1,0.9717370867729187,0.8282744884490967,0.09929513931274414,0.10704871778988302,worker1,worker1,worker1,0,0.8282744884490967,0.0,0.0
model_0,1748,1,1.1645762920379639,6,6,1,2,0.9996644258499146,0.9451968669891357,0.21937942504882812,0.1883770316712549,worker1->worker2,worker1,worker2,0,0.7586276531219482,0.1865692138671875,0.0
model_0,1749,1,0.5925140380859375,2,2,1,0,0.9372752904891968,0.4230771064758301,0.16943693161010742,0.28596272952022866,worker1,worker1,worker1,0,0.4230771064758301,0.0,0.0
model_0,1750,1,0.5918292999267578,3,3,1,0,0.9756501913070679,0.49947571754455566,0.09235358238220215,0.1560476684639159,worker1,worker1,worker1,0,0.49947571754455566,0.0,0.0
model_0,1751,1,1.0265793800354004,5,3,0,2,0.7671732306480408,0.8756928443908691,0.15088653564453125,0.14697990099833108,worker1->worker2,worker1,worker2,0,0.7308475971221924,0.14484524726867676,0.0
model_0,1752,1,0.5538196563720703,8,8,1,0,0.7880262732505798,0.46269774436950684,0.09112191200256348,0.16453354617183438,worker1,worker1,worker1,0,0.46269774436950684,0.0,0.0
model_0,1753,1,0.8809096813201904,9,9,1,1,0.9918020367622375,0.7826948165893555,0.09821486473083496,0.11149254777588954,worker1,worker1,worker1,0,0.7826948165893555,0.0,0.0
model_0,1754,1,0.567847728729248,4,4,1,0,0.9354462623596191,0.4472835063934326,0.12056422233581543,0.21231787367648502,worker1,worker1,worker1,0,0.4472835063934326,0.0,0.0
model_0,1755,1,0.9277153015136719,6,6,1,1,0.9198883175849915,0.8281517028808594,0.0995635986328125,0.10732128538826867,worker1,worker1,worker1,0,0.8281517028808594,0.0,0.0
model_0,1756,1,0.5416455268859863,6,6,1,0,0.6963979005813599,0.4332592487335205,0.10838627815246582,0.2001055538584381,worker1,worker1,worker1,0,0.4332592487335205,0.0,0.0
model_0,1757,1,0.7499909400939941,3,0,0,0,0.7581560611724854,0.6082241535186768,0.14176678657531738,0.18902466549469274,worker1,worker1,worker1,0,0.6082241535186768,0.0,0.0
model_0,1758,1,0.795804500579834,9,1,0,1,0.6126431226730347,0.6939435005187988,0.10186100006103516,0.12799751696153747,worker1,worker1,worker1,0,0.6939435005187988,0.0,0.0
model_0,1759,1,0.8268938064575195,7,7,1,1,0.9886136054992676,0.7303805351257324,0.09651327133178711,0.11671785491447545,worker1,worker1,worker1,0,0.7303805351257324,0.0,0.0
model_0,1760,1,0.5827639102935791,2,2,1,0,0.9032521843910217,0.47360992431640625,0.10915398597717285,0.18730395628340185,worker1,worker1,worker1,0,0.47360992431640625,0.0,0.0
model_0,1761,1,0.9501674175262451,3,5,0,1,0.9462785720825195,0.7808847427368164,0.1692826747894287,0.1781608921406241,worker1,worker1,worker1,0,0.7808847427368164,0.0,0.0
model_0,1762,1,0.6270544528961182,6,6,1,0,0.9903891682624817,0.4558687210083008,0.17118573188781738,0.27299978669663816,worker1,worker1,worker1,0,0.4558687210083008,0.0,0.0
model_0,1763,1,0.6518499851226807,3,3,1,0,0.8456315398216248,0.553760290145874,0.09808969497680664,0.15047894027081365,worker1,worker1,worker1,0,0.553760290145874,0.0,0.0
model_0,1764,1,0.5989959239959717,5,5,1,0,0.7528488039970398,0.4431180953979492,0.15587782859802246,0.2602318686213143,worker1,worker1,worker1,0,0.4431180953979492,0.0,0.0
model_0,1765,1,0.6873862743377686,1,8,0,0,0.858575165271759,0.5148110389709473,0.1725752353668213,0.25106005430946543,worker1,worker1,worker1,0,0.5148110389709473,0.0,0.0
model_0,1766,1,1.098884105682373,2,2,1,2,0.9942704439163208,0.8511877059936523,0.2476963996887207,0.22540720937528613,worker1->worker2,worker1,worker2,0,0.7073004245758057,0.14388728141784668,0.0
model_0,1767,1,0.5681591033935547,7,7,1,0,0.9970554113388062,0.4732949733734131,0.0948641300201416,0.1669675438684835,worker1,worker1,worker1,0,0.4732949733734131,0.0,0.0
model_0,1768,1,0.9582817554473877,3,5,0,1,0.5017152428627014,0.8565471172332764,0.10173463821411133,0.1061635971214072,worker1,worker1,worker1,0,0.8565471172332764,0.0,0.0
model_0,1769,1,0.5273547172546387,6,6,1,0,0.9698076248168945,0.43592119216918945,0.09143352508544922,0.17338144913435866,worker1,worker1,worker1,0,0.43592119216918945,0.0,0.0
model_0,1770,1,1.4439456462860107,8,0,0,3,0.38427332043647766,1.153634786605835,0.2903108596801758,0.20105386960159316,worker1->worker2->worker3,worker1,worker3,0,0.7947325706481934,0.14585494995117188,0.21304726600646973
model_0,1771,1,0.5810134410858154,4,2,0,0,0.8082110285758972,0.41268205642700195,0.16833138465881348,0.2897202934655534,worker1,worker1,worker1,0,0.41268205642700195,0.0,0.0
model_0,1772,1,0.5730834007263184,1,1,1,0,0.8993833661079407,0.4691932201385498,0.10389018058776855,0.18128282978725174,worker1,worker1,worker1,0,0.4691932201385498,0.0,0.0
model_0,1773,1,1.051701545715332,4,4,1,2,0.9953758716583252,0.8846089839935303,0.16709256172180176,0.15887830763636562,worker1->worker2,worker1,worker2,0,0.7035512924194336,0.18105769157409668,0.0
model_0,1774,1,0.8659110069274902,5,5,1,1,0.575481653213501,0.6980977058410645,0.16781330108642578,0.19379970891220943,worker1,worker1,worker1,0,0.6980977058410645,0.0,0.0
model_0,1775,1,0.8102211952209473,3,5,0,1,0.6683067083358765,0.7137961387634277,0.09642505645751953,0.11901078005151966,worker1,worker1,worker1,0,0.7137961387634277,0.0,0.0
model_0,1776,1,0.6190519332885742,6,6,1,0,0.8015559911727905,0.4370765686035156,0.1819753646850586,0.293958155850278,worker1,worker1,worker1,0,0.4370765686035156,0.0,0.0
model_0,1777,1,0.6257898807525635,9,9,1,0,0.9991193413734436,0.4676368236541748,0.15815305709838867,0.25272549455129684,worker1,worker1,worker1,0,0.4676368236541748,0.0,0.0
model_0,1778,1,0.7371149063110352,1,1,1,0,0.7888223528862,0.5471715927124023,0.1899433135986328,0.25768480866737997,worker1,worker1,worker1,0,0.5471715927124023,0.0,0.0
model_0,1779,1,0.6206448078155518,9,9,1,0,0.9822360277175903,0.5270946025848389,0.09355020523071289,0.1507306659987638,worker1,worker1,worker1,0,0.5270946025848389,0.0,0.0
model_0,1780,1,0.9685344696044922,9,1,0,1,0.8002376556396484,0.801323413848877,0.16721105575561523,0.1726433709931842,worker1,worker1,worker1,0,0.801323413848877,0.0,0.0
model_0,1781,1,0.8601558208465576,0,3,0,1,0.780033528804779,0.6882710456848145,0.17188477516174316,0.19982981105978648,worker1,worker1,worker1,0,0.6882710456848145,0.0,0.0
model_0,1782,1,0.7964777946472168,3,2,0,1,0.8397007584571838,0.6926877498626709,0.1037900447845459,0.1303112848620187,worker1,worker1,worker1,0,0.6926877498626709,0.0,0.0
model_0,1783,1,1.2138473987579346,4,4,1,2,0.8997463583946228,0.9856750965118408,0.22817230224609375,0.18797445418556757,worker1->worker2,worker1,worker2,0,0.8135690689086914,0.17210602760314941,0.0
model_0,1784,1,0.5717270374298096,9,9,1,0,0.9969040751457214,0.4076707363128662,0.16405630111694336,0.2869486492268339,worker1,worker1,worker1,0,0.4076707363128662,0.0,0.0
model_0,1785,1,1.3346216678619385,4,2,0,3,0.533494770526886,1.027322769165039,0.3072988986968994,0.23025169311778948,worker1->worker2->worker3,worker1,worker3,0,0.6713776588439941,0.14261221885681152,0.2133328914642334
model_0,1786,1,0.5039792060852051,7,5,0,0,0.7950559258460999,0.41248345375061035,0.09149575233459473,0.18154668135082944,worker1,worker1,worker1,0,0.41248345375061035,0.0,0.0
model_0,1787,1,0.8105370998382568,3,3,1,1,0.897663414478302,0.7014038562774658,0.10913324356079102,0.13464311946062507,worker1,worker1,worker1,0,0.7014038562774658,0.0,0.0
model_0,1788,1,0.6453795433044434,6,6,1,0,0.7767417430877686,0.4806790351867676,0.16470050811767578,0.2551994556170523,worker1,worker1,worker1,0,0.4806790351867676,0.0,0.0
model_0,1789,1,1.1967928409576416,5,3,0,2,0.989531397819519,0.976970911026001,0.21982192993164062,0.1836758396346564,worker1->worker2,worker1,worker2,0,0.7820477485656738,0.19492316246032715,0.0
model_0,1790,1,0.5426764488220215,9,1,0,0,0.9168543219566345,0.44276857376098633,0.09990787506103516,0.18410210223403553,worker1,worker1,worker1,0,0.44276857376098633,0.0,0.0
model_0,1791,1,0.5556690692901611,3,3,1,0,0.49151092767715454,0.4622175693511963,0.09345149993896484,0.1681783368981548,worker1,worker1,worker1,0,0.4622175693511963,0.0,0.0
model_0,1792,1,0.6714246273040771,4,4,1,0,0.9268711805343628,0.5007145404815674,0.17071008682250977,0.25425055900607885,worker1,worker1,worker1,0,0.5007145404815674,0.0,0.0
model_0,1793,1,0.5281641483306885,9,9,1,0,0.9955540299415588,0.43396496772766113,0.09419918060302734,0.17835209167595442,worker1,worker1,worker1,0,0.43396496772766113,0.0,0.0
model_0,1794,1,0.8274338245391846,4,4,1,1,0.9881261587142944,0.7355940341949463,0.09183979034423828,0.11099351708927999,worker1,worker1,worker1,0,0.7355940341949463,0.0,0.0
model_0,1795,1,0.6407899856567383,7,7,1,0,0.9532581567764282,0.5464282035827637,0.09436178207397461,0.14725851556070169,worker1,worker1,worker1,0,0.5464282035827637,0.0,0.0
model_0,1796,1,0.9309971332550049,3,3,1,1,0.9940472841262817,0.7846596240997314,0.14633750915527344,0.15718363024775378,worker1,worker1,worker1,0,0.7846596240997314,0.0,0.0
model_0,1797,1,0.578240156173706,8,8,1,0,0.9895045757293701,0.47235941886901855,0.1058807373046875,0.18310858589502807,worker1,worker1,worker1,0,0.47235941886901855,0.0,0.0
model_0,1798,1,0.74186110496521,5,5,1,0,0.9124339818954468,0.5636787414550781,0.17818236351013184,0.24018291607091036,worker1,worker1,worker1,0,0.5636787414550781,0.0,0.0
model_0,1799,1,0.6650176048278809,0,0,1,0,0.7081459760665894,0.49901652336120605,0.1660010814666748,0.2496190781440125,worker1,worker1,worker1,0,0.49901652336120605,0.0,0.0
model_0,1800,1,0.5703253746032715,3,3,1,0,0.6751590967178345,0.4700593948364258,0.1002659797668457,0.17580487250210902,worker1,worker1,worker1,0,0.4700593948364258,0.0,0.0
model_0,1801,1,0.5884685516357422,8,8,1,0,0.8406434059143066,0.4927709102630615,0.09569764137268066,0.16262150476295428,worker1,worker1,worker1,0,0.4927709102630615,0.0,0.0
model_0,1802,1,0.6780450344085693,9,8,0,0,0.7576673626899719,0.5130901336669922,0.16495490074157715,0.24328015451873414,worker1,worker1,worker1,0,0.5130901336669922,0.0,0.0
model_0,1803,1,0.5551049709320068,7,2,0,0,0.8053174018859863,0.46584224700927734,0.08926272392272949,0.16080332296945513,worker1,worker1,worker1,0,0.46584224700927734,0.0,0.0
model_0,1804,1,0.8445558547973633,4,4,1,1,0.9225872755050659,0.7502772808074951,0.09427857398986816,0.1116309518835657,worker1,worker1,worker1,0,0.7502772808074951,0.0,0.0
model_0,1805,1,0.598853349685669,9,1,0,0,0.9823237657546997,0.5089397430419922,0.08991360664367676,0.15014294683476573,worker1,worker1,worker1,0,0.5089397430419922,0.0,0.0
model_0,1806,1,0.7712209224700928,6,2,0,1,0.7386493682861328,0.6814444065093994,0.08977651596069336,0.11640829928881345,worker1,worker1,worker1,0,0.6814444065093994,0.0,0.0
model_0,1807,1,0.9405055046081543,3,3,1,1,0.930839478969574,0.8485612869262695,0.09194421768188477,0.09776042482621276,worker1,worker1,worker1,0,0.8485612869262695,0.0,0.0
model_0,1808,1,0.7742273807525635,4,4,1,1,0.9015055298805237,0.6784958839416504,0.09573149681091309,0.12364777995562529,worker1,worker1,worker1,0,0.6784958839416504,0.0,0.0
model_0,1809,1,0.726285457611084,9,9,1,0,0.9052513241767883,0.555464506149292,0.170820951461792,0.23519808867392233,worker1,worker1,worker1,0,0.555464506149292,0.0,0.0
model_0,1810,1,1.1175496578216553,5,7,0,2,0.8100273013114929,0.9506690502166748,0.16688060760498047,0.1493272414670742,worker1->worker2,worker1,worker2,0,0.7844390869140625,0.1662299633026123,0.0
model_0,1811,1,0.6290938854217529,8,0,0,0,0.6563469171524048,0.4716072082519531,0.1574866771697998,0.25033890937315123,worker1,worker1,worker1,0,0.4716072082519531,0.0,0.0
model_0,1812,1,0.915377140045166,3,3,1,1,0.7636070847511292,0.7393379211425781,0.1760392189025879,0.19231332223776296,worker1,worker1,worker1,0,0.7393379211425781,0.0,0.0
model_0,1813,1,1.2702462673187256,3,7,0,3,0.5183281898498535,1.0682227611541748,0.20202350616455078,0.15904278671173594,worker1->worker2->worker3,worker1,worker3,0,0.704918622970581,0.1430802345275879,0.22022390365600586
model_0,1814,1,0.8528079986572266,9,9,1,1,0.9985526204109192,0.6933317184448242,0.15947628021240234,0.18700138889820786,worker1,worker1,worker1,0,0.6933317184448242,0.0,0.0
model_0,1815,1,0.8491320610046387,1,1,1,1,0.9988365769386292,0.7154951095581055,0.1336369514465332,0.1573806449946343,worker1,worker1,worker1,0,0.7154951095581055,0.0,0.0
model_0,1816,1,0.5716087818145752,2,0,0,0,0.8143200278282166,0.4254946708679199,0.14611411094665527,0.25561908003375183,worker1,worker1,worker1,0,0.4254946708679199,0.0,0.0
model_0,1817,1,0.7660677433013916,6,6,1,1,0.9453852772712708,0.6741592884063721,0.09190845489501953,0.11997431780502509,worker1,worker1,worker1,0,0.6741592884063721,0.0,0.0
model_0,1818,1,0.5812716484069824,8,8,1,0,0.9970070719718933,0.49606847763061523,0.08520317077636719,0.14658064092730605,worker1,worker1,worker1,0,0.49606847763061523,0.0,0.0
model_0,1819,1,0.8499712944030762,2,2,1,1,0.9848253130912781,0.739774227142334,0.11019706726074219,0.12964798692187854,worker1,worker1,worker1,0,0.739774227142334,0.0,0.0
model_0,1820,1,0.6413230895996094,3,5,0,0,0.7159207463264465,0.5498323440551758,0.0914907455444336,0.14265936628221676,worker1,worker1,worker1,0,0.5498323440551758,0.0,0.0
model_0,1821,1,0.5611340999603271,9,9,1,0,0.9917598366737366,0.47573232650756836,0.08540177345275879,0.15219494494951705,worker1,worker1,worker1,0,0.47573232650756836,0.0,0.0
model_0,1822,1,0.8561391830444336,3,3,1,1,0.9925480484962463,0.7554013729095459,0.1007378101348877,0.11766522561981538,worker1,worker1,worker1,0,0.7554013729095459,0.0,0.0
model_0,1823,1,0.965404748916626,3,5,0,1,0.8914012312889099,0.8597464561462402,0.10565829277038574,0.10944455461707137,worker1,worker1,worker1,0,0.8597464561462402,0.0,0.0
model_0,1824,1,0.6469027996063232,2,2,1,0,0.8910220265388489,0.5577561855316162,0.08914661407470703,0.13780526862607143,worker1,worker1,worker1,0,0.5577561855316162,0.0,0.0
model_0,1825,1,0.6831986904144287,1,1,1,0,0.9734611511230469,0.5099241733551025,0.17327451705932617,0.2536224373530601,worker1,worker1,worker1,0,0.5099241733551025,0.0,0.0
model_0,1826,1,0.8188467025756836,5,5,1,1,0.7682267427444458,0.7287473678588867,0.09009933471679688,0.11003199308660495,worker1,worker1,worker1,0,0.7287473678588867,0.0,0.0
model_0,1827,1,1.0582008361816406,8,8,1,2,0.47557616233825684,0.8967540264129639,0.16144680976867676,0.15256726724128608,worker1->worker2,worker1,worker2,0,0.7224941253662109,0.17425990104675293,0.0
model_0,1828,1,0.8347835540771484,3,7,0,1,0.8523995280265808,0.6719424724578857,0.1628410816192627,0.19506982477545715,worker1,worker1,worker1,0,0.6719424724578857,0.0,0.0
model_0,1829,1,1.0869059562683105,6,6,1,2,0.5975736379623413,0.9330024719238281,0.15390348434448242,0.14159779275925713,worker1->worker2,worker1,worker2,0,0.7885720729827881,0.14443039894104004,0.0
model_0,1830,1,0.5550243854522705,5,5,1,0,0.7317176461219788,0.39670681953430176,0.15831756591796875,0.285244342532736,worker1,worker1,worker1,0,0.39670681953430176,0.0,0.0
model_0,1831,1,0.5407631397247314,8,9,0,0,0.7441584467887878,0.4488637447357178,0.09189939498901367,0.16994389639019014,worker1,worker1,worker1,0,0.4488637447357178,0.0,0.0
model_0,1832,1,0.58835768699646,3,3,1,0,0.9896590113639832,0.48805809020996094,0.10029959678649902,0.17047384440326435,worker1,worker1,worker1,0,0.48805809020996094,0.0,0.0
model_0,1833,1,0.8717045783996582,0,0,1,1,0.9830158352851868,0.760998010635376,0.11070656776428223,0.12700009901006348,worker1,worker1,worker1,0,0.760998010635376,0.0,0.0
model_0,1834,1,0.7309048175811768,9,9,1,0,0.991310715675354,0.5696418285369873,0.16126298904418945,0.2206347326836152,worker1,worker1,worker1,0,0.5696418285369873,0.0,0.0
model_0,1835,1,0.6286683082580566,0,0,1,0,0.8212842345237732,0.4658336639404297,0.16283464431762695,0.2590151947834252,worker1,worker1,worker1,0,0.4658336639404297,0.0,0.0
model_0,1836,1,0.5654921531677246,9,0,0,0,0.9562166929244995,0.4720149040222168,0.09347724914550781,0.16530246904731588,worker1,worker1,worker1,0,0.4720149040222168,0.0,0.0
model_0,1837,1,0.8631472587585449,3,3,1,1,0.9878002405166626,0.7649672031402588,0.09818005561828613,0.11374658799183052,worker1,worker1,worker1,0,0.7649672031402588,0.0,0.0
model_0,1838,1,1.1337862014770508,2,2,1,2,0.9801661372184753,0.9735779762268066,0.16020822525024414,0.14130373525584572,worker1->worker2,worker1,worker2,0,0.7993776798248291,0.17420029640197754,0.0
model_0,1839,1,0.5977063179016113,0,0,1,0,0.9930550456047058,0.47066569328308105,0.12704062461853027,0.212546899394566,worker1,worker1,worker1,0,0.47066569328308105,0.0,0.0
model_0,1840,1,0.553077220916748,1,9,0,0,0.8262816667556763,0.4608182907104492,0.09225893020629883,0.16681021513302588,worker1,worker1,worker1,0,0.4608182907104492,0.0,0.0
model_0,1841,1,0.864844560623169,3,5,0,1,0.82499760389328,0.6916158199310303,0.17322874069213867,0.20030043383439639,worker1,worker1,worker1,0,0.6916158199310303,0.0,0.0
model_0,1842,1,0.6267931461334229,9,9,1,0,0.6901160478591919,0.48300766944885254,0.1437854766845703,0.22939861032552403,worker1,worker1,worker1,0,0.48300766944885254,0.0,0.0
model_0,1843,1,0.6754095554351807,7,7,1,0,0.9919690489768982,0.5120558738708496,0.16335368156433105,0.2418587066910518,worker1,worker1,worker1,0,0.5120558738708496,0.0,0.0
model_0,1844,1,0.5661911964416504,7,3,0,0,0.7352292537689209,0.47485899925231934,0.09133219718933105,0.1613098150648187,worker1,worker1,worker1,0,0.47485899925231934,0.0,0.0
model_0,1845,1,0.5707216262817383,0,0,1,0,0.8984084725379944,0.4790809154510498,0.09164071083068848,0.16056989364101965,worker1,worker1,worker1,0,0.4790809154510498,0.0,0.0
model_0,1846,1,0.8227760791778564,4,4,1,1,0.9998831748962402,0.7232134342193604,0.0995626449584961,0.12100819102322737,worker1,worker1,worker1,0,0.7232134342193604,0.0,0.0
model_0,1847,1,0.5161614418029785,9,1,0,0,0.859786868095398,0.41283202171325684,0.10332942008972168,0.20018818090864496,worker1,worker1,worker1,0,0.41283202171325684,0.0,0.0
model_0,1848,1,0.6121890544891357,3,3,1,0,0.7348867058753967,0.5162200927734375,0.09596896171569824,0.15676360270077544,worker1,worker1,worker1,0,0.5162200927734375,0.0,0.0
model_0,1849,1,0.7989099025726318,5,5,1,1,0.9753153324127197,0.7052249908447266,0.09368491172790527,0.11726592876896783,worker1,worker1,worker1,0,0.7052249908447266,0.0,0.0
model_0,1850,1,0.5798628330230713,4,4,1,0,0.9192020893096924,0.49033570289611816,0.08952713012695312,0.15439363419829852,worker1,worker1,worker1,0,0.49033570289611816,0.0,0.0
model_0,1851,1,0.8763265609741211,3,3,1,1,0.9815324544906616,0.7883822917938232,0.08794426918029785,0.10035559013815507,worker1,worker1,worker1,0,0.7883822917938232,0.0,0.0
model_0,1852,1,0.5139021873474121,9,1,0,0,0.6945714950561523,0.4134705066680908,0.10043168067932129,0.19542956452027455,worker1,worker1,worker1,0,0.4134705066680908,0.0,0.0
model_0,1853,1,0.6376125812530518,8,8,1,0,0.7661771774291992,0.5504806041717529,0.08713197708129883,0.13665347837093325,worker1,worker1,worker1,0,0.5504806041717529,0.0,0.0
model_0,1854,1,0.5655374526977539,0,0,1,0,0.7460129857063293,0.4705655574798584,0.09497189521789551,0.16793210558355776,worker1,worker1,worker1,0,0.4705655574798584,0.0,0.0
model_0,1855,1,0.6481902599334717,1,1,1,0,0.9955695271492004,0.5533726215362549,0.0948176383972168,0.14628056646045345,worker1,worker1,worker1,0,0.5533726215362549,0.0,0.0
model_0,1856,1,0.7773349285125732,6,6,1,1,0.9536550045013428,0.6768660545349121,0.10046887397766113,0.12924785738099773,worker1,worker1,worker1,0,0.6768660545349121,0.0,0.0
model_0,1857,1,1.2767374515533447,3,3,1,3,0.8127151131629944,1.081958532333374,0.1947789192199707,0.15255988534133827,worker1->worker2->worker3,worker1,worker3,0,0.849358320236206,0.08913207054138184,0.14346814155578613
model_0,1858,1,0.7390046119689941,1,1,1,1,0.9650783538818359,0.6495320796966553,0.08947253227233887,0.1210716832117589,worker1,worker1,worker1,0,0.6495320796966553,0.0,0.0
model_0,1859,1,0.8863146305084229,1,1,1,1,0.9581461548805237,0.7923095226287842,0.09400510787963867,0.1060629088630906,worker1,worker1,worker1,0,0.7923095226287842,0.0,0.0
model_0,1860,1,0.6397342681884766,1,1,1,0,0.807328462600708,0.5389358997344971,0.10079836845397949,0.15756287175206093,worker1,worker1,worker1,0,0.5389358997344971,0.0,0.0
model_0,1861,1,1.0521986484527588,2,5,0,2,0.8642203211784363,0.8940019607543945,0.15819668769836426,0.1503486893192554,worker1->worker2,worker1,worker2,0,0.8083593845367432,0.08564257621765137,0.0
model_0,1862,1,0.7590398788452148,6,6,1,1,0.7647853493690491,0.6703300476074219,0.08870983123779297,0.1168711074479433,worker1,worker1,worker1,0,0.6703300476074219,0.0,0.0
model_0,1863,1,0.5776443481445312,1,1,1,0,0.9686884880065918,0.48314690589904785,0.0944974422454834,0.1635910444705665,worker1,worker1,worker1,0,0.48314690589904785,0.0,0.0
model_0,1864,1,1.1880238056182861,3,3,1,2,0.6098963618278503,0.9697251319885254,0.21829867362976074,0.18374941023690264,worker1->worker2,worker1,worker2,0,0.8178999423980713,0.1518251895904541,0.0
model_0,1865,1,0.6039466857910156,9,1,0,0,0.8878682851791382,0.42819762229919434,0.1757490634918213,0.291000956916644,worker1,worker1,worker1,0,0.42819762229919434,0.0,0.0
model_0,1866,1,0.7585272789001465,9,9,1,0,0.9870331287384033,0.5928342342376709,0.16569304466247559,0.21844045596188458,worker1,worker1,worker1,0,0.5928342342376709,0.0,0.0
model_0,1867,1,0.6199479103088379,7,7,1,0,0.6746562719345093,0.5118978023529053,0.10805010795593262,0.17428901067205077,worker1,worker1,worker1,0,0.5118978023529053,0.0,0.0
model_0,1868,1,0.8708035945892334,3,7,0,1,0.9091658592224121,0.7812683582305908,0.08953523635864258,0.10281909366816203,worker1,worker1,worker1,0,0.7812683582305908,0.0,0.0
model_0,1869,1,1.4058566093444824,2,2,1,3,0.6827226281166077,1.1122066974639893,0.29364991188049316,0.20887614706126761,worker1->worker2->worker3,worker1,worker3,0,0.735121488571167,0.15885686874389648,0.21822834014892578
model_0,1870,1,0.570023775100708,5,5,1,0,0.8400465846061707,0.4666264057159424,0.10339736938476562,0.18139132769768782,worker1,worker1,worker1,0,0.4666264057159424,0.0,0.0
model_0,1871,1,1.1395530700683594,2,2,1,2,0.8241358995437622,0.93855881690979,0.20099425315856934,0.17637989702972948,worker1->worker2,worker1,worker2,0,0.7778732776641846,0.16068553924560547,0.0
model_0,1872,1,0.5962212085723877,8,8,1,0,0.8609852194786072,0.42426538467407227,0.17195582389831543,0.288409438352675,worker1,worker1,worker1,0,0.42426538467407227,0.0,0.0
model_0,1873,1,0.6305434703826904,3,3,1,0,0.8670368790626526,0.4526662826538086,0.17787718772888184,0.28210138726981715,worker1,worker1,worker1,0,0.4526662826538086,0.0,0.0
model_0,1874,1,0.5134680271148682,5,5,1,0,0.504692018032074,0.41622257232666016,0.09724545478820801,0.1893895036359356,worker1,worker1,worker1,0,0.41622257232666016,0.0,0.0
model_0,1875,1,0.8551952838897705,9,9,1,1,0.9990884065628052,0.7562832832336426,0.09891200065612793,0.11566013344488589,worker1,worker1,worker1,0,0.7562832832336426,0.0,0.0
model_0,1876,1,0.6345369815826416,8,9,0,0,0.8667929172515869,0.45635271072387695,0.17818427085876465,0.2808099071142287,worker1,worker1,worker1,0,0.45635271072387695,0.0,0.0
model_0,1877,1,1.1368131637573242,3,3,1,2,0.9960858821868896,0.9083530902862549,0.22846007347106934,0.2009653659498253,worker1->worker2,worker1,worker2,0,0.7470531463623047,0.1612999439239502,0.0
model_0,1878,1,1.1202375888824463,2,2,1,2,0.9730700254440308,0.8883969783782959,0.2318406105041504,0.20695664277382048,worker1->worker2,worker1,worker2,0,0.7418782711029053,0.14651870727539062,0.0
model_0,1879,1,0.6001443862915039,3,3,1,0,0.9230615496635437,0.4834556579589844,0.11668872833251953,0.19443442444505535,worker1,worker1,worker1,0,0.4834556579589844,0.0,0.0
model_0,1880,1,0.8821618556976318,1,1,1,1,0.9974896907806396,0.7166759967803955,0.16548585891723633,0.18759126553524205,worker1,worker1,worker1,0,0.7166759967803955,0.0,0.0
model_0,1881,1,0.6314651966094971,9,9,1,0,0.9586074352264404,0.4682188034057617,0.16324639320373535,0.2585200167487428,worker1,worker1,worker1,0,0.4682188034057617,0.0,0.0
model_0,1882,1,1.1630454063415527,2,2,1,2,0.989988386631012,0.8897812366485596,0.27326416969299316,0.23495571901407208,worker1->worker2,worker1,worker2,0,0.7507882118225098,0.1389930248260498,0.0
model_0,1883,1,1.2996602058410645,8,8,1,3,0.818273663520813,1.0761878490447998,0.22347235679626465,0.1719467563844092,worker1->worker2->worker3,worker1,worker3,0,0.7359797954559326,0.12545132637023926,0.21475672721862793
model_0,1884,1,0.6203491687774658,6,6,1,0,0.8699149489402771,0.4537208080291748,0.16662836074829102,0.2686041492997706,worker1,worker1,worker1,0,0.4537208080291748,0.0,0.0
model_0,1885,1,0.8240182399749756,6,6,1,1,0.9995731711387634,0.6544647216796875,0.16955351829528809,0.20576427810680165,worker1,worker1,worker1,0,0.6544647216796875,0.0,0.0
model_0,1886,1,0.9220569133758545,6,6,1,1,0.9985445737838745,0.805490255355835,0.11656665802001953,0.12642024188424897,worker1,worker1,worker1,0,0.805490255355835,0.0,0.0
model_0,1887,1,1.0987544059753418,3,0,0,2,0.9518800973892212,0.8473100662231445,0.25144433975219727,0.22884489780861927,worker1->worker2,worker1,worker2,0,0.687915563583374,0.1593945026397705,0.0
model_0,1888,1,0.9527556896209717,6,4,0,1,0.6992140412330627,0.8345847129821777,0.11817097663879395,0.12403072259353823,worker1,worker1,worker1,0,0.8345847129821777,0.0,0.0
model_0,1889,1,0.8798067569732666,3,4,0,1,0.8628587126731873,0.7804665565490723,0.09934020042419434,0.11291138609340419,worker1,worker1,worker1,0,0.7804665565490723,0.0,0.0
model_0,1890,1,0.624455451965332,5,3,0,0,0.8123048543930054,0.5219650268554688,0.10249042510986328,0.1641276808254262,worker1,worker1,worker1,0,0.5219650268554688,0.0,0.0
model_0,1891,1,0.6726400852203369,1,1,1,0,0.9697999954223633,0.5163834095001221,0.15625667572021484,0.232303544129443,worker1,worker1,worker1,0,0.5163834095001221,0.0,0.0
model_0,1892,1,0.9705541133880615,6,2,0,1,0.7833697199821472,0.7924461364746094,0.17810797691345215,0.18351163985252036,worker1,worker1,worker1,0,0.7924461364746094,0.0,0.0
model_0,1893,1,0.6221292018890381,1,1,1,0,0.9960910677909851,0.4950540065765381,0.1270751953125,0.20425852849640855,worker1,worker1,worker1,0,0.4950540065765381,0.0,0.0
model_0,1894,1,0.654876708984375,0,0,1,0,0.8162775635719299,0.46996283531188965,0.18491387367248535,0.28236440712521554,worker1,worker1,worker1,0,0.46996283531188965,0.0,0.0
model_0,1895,1,0.6283905506134033,7,7,1,0,0.9370771646499634,0.4584839344024658,0.1699066162109375,0.27038378607871044,worker1,worker1,worker1,0,0.4584839344024658,0.0,0.0
model_0,1896,1,1.0434551239013672,0,5,0,2,0.8606057167053223,0.8037378787994385,0.2397172451019287,0.22973412043409355,worker1->worker2,worker1,worker2,0,0.6528792381286621,0.15085864067077637,0.0
model_0,1897,1,0.5305867195129395,2,2,1,0,0.9236757755279541,0.4382622241973877,0.09232449531555176,0.17400453482948555,worker1,worker1,worker1,0,0.4382622241973877,0.0,0.0
model_0,1898,1,0.5914297103881836,1,1,1,0,0.928164541721344,0.49096107482910156,0.10046863555908203,0.16987417742869168,worker1,worker1,worker1,0,0.49096107482910156,0.0,0.0
model_0,1899,1,0.7831542491912842,7,7,1,1,0.9982134103775024,0.6934041976928711,0.08975005149841309,0.11460073362443288,worker1,worker1,worker1,0,0.6934041976928711,0.0,0.0
model_0,1900,1,0.5935966968536377,5,5,1,0,0.8496706485748291,0.48215270042419434,0.11144399642944336,0.1877436263041099,worker1,worker1,worker1,0,0.48215270042419434,0.0,0.0
model_0,1901,1,0.643669843673706,6,6,1,0,0.9186210036277771,0.5480742454528809,0.0955955982208252,0.1485165091395601,worker1,worker1,worker1,0,0.5480742454528809,0.0,0.0
model_0,1902,1,0.9495391845703125,2,2,1,1,0.8567764163017273,0.7732148170471191,0.17632436752319336,0.18569467209821788,worker1,worker1,worker1,0,0.7732148170471191,0.0,0.0
model_0,1903,1,0.7348246574401855,3,3,1,0,0.8967618346214294,0.5619380474090576,0.17288661003112793,0.23527600534444618,worker1,worker1,worker1,0,0.5619380474090576,0.0,0.0
model_0,1904,1,0.6972122192382812,9,9,1,0,0.7825467586517334,0.5164806842803955,0.18073153495788574,0.259220263172293,worker1,worker1,worker1,0,0.5164806842803955,0.0,0.0
model_0,1905,1,0.8178658485412598,6,2,0,1,0.9012580513954163,0.7260866165161133,0.09177923202514648,0.11221795382316467,worker1,worker1,worker1,0,0.7260866165161133,0.0,0.0
model_0,1906,1,0.5602421760559082,9,9,1,0,0.7359512448310852,0.4443056583404541,0.1159365177154541,0.2069400032172595,worker1,worker1,worker1,0,0.4443056583404541,0.0,0.0
model_0,1907,1,1.3223354816436768,9,7,0,3,0.9036950469017029,1.1251220703125,0.19721341133117676,0.14914022505547414,worker1->worker2->worker3,worker1,worker3,0,0.7959389686584473,0.13059735298156738,0.19858574867248535
model_0,1908,1,0.6310436725616455,6,6,1,0,0.9876320362091064,0.5152428150177002,0.11580085754394531,0.18350688324607667,worker1,worker1,worker1,0,0.5152428150177002,0.0,0.0
model_0,1909,1,0.6408915519714355,7,7,1,0,0.9736552834510803,0.4632697105407715,0.17762184143066406,0.27714804616207617,worker1,worker1,worker1,0,0.4632697105407715,0.0,0.0
model_0,1910,1,0.8171072006225586,9,9,1,1,0.6674340963363647,0.7194423675537109,0.09766483306884766,0.11952511615909917,worker1,worker1,worker1,0,0.7194423675537109,0.0,0.0
model_0,1911,1,0.6159191131591797,2,2,1,0,0.8397606611251831,0.5145459175109863,0.10137319564819336,0.1645884881347954,worker1,worker1,worker1,0,0.5145459175109863,0.0,0.0
model_0,1912,1,0.5790960788726807,6,6,1,0,0.9316254258155823,0.48331451416015625,0.09578156471252441,0.16539839969039546,worker1,worker1,worker1,0,0.48331451416015625,0.0,0.0
model_0,1913,1,0.942054033279419,0,0,1,1,0.9686385989189148,0.7730093002319336,0.16904473304748535,0.17944271461692862,worker1,worker1,worker1,0,0.7730093002319336,0.0,0.0
model_0,1914,1,0.8851368427276611,4,5,0,1,0.8432348370552063,0.7027616500854492,0.18237519264221191,0.2060418048809263,worker1,worker1,worker1,0,0.7027616500854492,0.0,0.0
model_0,1915,1,1.5282402038574219,0,0,1,3,0.8936209082603455,1.2192199230194092,0.3090202808380127,0.20220661651094932,worker1->worker2->worker3,worker1,worker3,0,0.8671576976776123,0.14585208892822266,0.20621013641357422
model_0,1916,1,0.5160932540893555,0,0,1,0,0.7137708067893982,0.41400790214538574,0.10208535194396973,0.1978040812102823,worker1,worker1,worker1,0,0.41400790214538574,0.0,0.0
model_0,1917,1,0.899472713470459,1,1,1,1,0.9799195528030396,0.7270865440368652,0.17238616943359375,0.1916524724451859,worker1,worker1,worker1,0,0.7270865440368652,0.0,0.0
model_0,1918,1,0.5641717910766602,3,3,1,0,0.727769136428833,0.46572041511535645,0.09845137596130371,0.17450602372979343,worker1,worker1,worker1,0,0.46572041511535645,0.0,0.0
model_0,1919,1,0.8690364360809326,3,3,1,1,0.5328146815299988,0.7741670608520508,0.09486937522888184,0.10916616529533721,worker1,worker1,worker1,0,0.7741670608520508,0.0,0.0
model_0,1920,1,0.9422457218170166,8,8,1,1,0.9562451243400574,0.782782793045044,0.15946292877197266,0.16923709503765752,worker1,worker1,worker1,0,0.782782793045044,0.0,0.0
model_0,1921,1,0.5625813007354736,3,3,1,0,0.8726353049278259,0.46358823776245117,0.09899306297302246,0.17596223486917692,worker1,worker1,worker1,0,0.46358823776245117,0.0,0.0
model_0,1922,1,0.8909595012664795,2,2,1,1,0.9163262844085693,0.7326221466064453,0.15833735466003418,0.17771554648102533,worker1,worker1,worker1,0,0.7326221466064453,0.0,0.0
model_0,1923,1,0.5774722099304199,7,7,1,0,0.9163609147071838,0.46746277809143066,0.11000943183898926,0.19050168986009627,worker1,worker1,worker1,0,0.46746277809143066,0.0,0.0
model_0,1924,1,1.4216430187225342,8,1,0,3,0.5235583186149597,1.0897376537322998,0.3319053649902344,0.23346603937778926,worker1->worker2->worker3,worker1,worker3,0,0.7401788234710693,0.1461472511291504,0.20341157913208008
model_0,1925,1,0.5196259021759033,7,7,1,0,0.5966354012489319,0.4176950454711914,0.10193085670471191,0.1961620009277489,worker1,worker1,worker1,0,0.4176950454711914,0.0,0.0
model_0,1926,1,0.6235473155975342,0,0,1,0,0.8896986246109009,0.46376705169677734,0.15978026390075684,0.25624400892118715,worker1,worker1,worker1,0,0.46376705169677734,0.0,0.0
model_0,1927,1,1.1967198848724365,6,1,0,3,0.5000132322311401,0.9306519031524658,0.2660679817199707,0.22233104428471331,worker1->worker2->worker3,worker1,worker3,0,0.6321532726287842,0.12465858459472656,0.17384004592895508
model_0,1928,1,0.6200964450836182,9,1,0,0,0.5972409248352051,0.4591255187988281,0.16097092628479004,0.25959014530890206,worker1,worker1,worker1,0,0.4591255187988281,0.0,0.0
model_0,1929,1,0.6746969223022461,5,3,0,0,0.6745519638061523,0.5085132122039795,0.1661837100982666,0.24630868261737937,worker1,worker1,worker1,0,0.5085132122039795,0.0,0.0
model_0,1930,1,0.7570719718933105,9,9,1,1,0.6686700582504272,0.6435627937316895,0.1135091781616211,0.14993181939856207,worker1,worker1,worker1,0,0.6435627937316895,0.0,0.0
model_0,1931,1,0.5968456268310547,8,0,0,0,0.5696419477462769,0.5055265426635742,0.09131908416748047,0.15300285377366027,worker1,worker1,worker1,0,0.5055265426635742,0.0,0.0
model_0,1932,1,0.6831135749816895,9,9,1,0,0.811642587184906,0.521979808807373,0.1611337661743164,0.23588137035431556,worker1,worker1,worker1,0,0.521979808807373,0.0,0.0
model_0,1933,1,0.6246140003204346,8,8,1,0,0.9567612409591675,0.46297383308410645,0.16164016723632812,0.2587840925009762,worker1,worker1,worker1,0,0.46297383308410645,0.0,0.0
model_0,1934,1,0.8987758159637451,5,5,1,1,0.982573926448822,0.7339951992034912,0.1647806167602539,0.1833389526436711,worker1,worker1,worker1,0,0.7339951992034912,0.0,0.0
model_0,1935,1,0.9119632244110107,0,0,1,1,0.7364991307258606,0.7440469264984131,0.16791629791259766,0.18412617243534793,worker1,worker1,worker1,0,0.7440469264984131,0.0,0.0
model_0,1936,1,1.1464214324951172,8,8,1,2,0.986078143119812,0.8784651756286621,0.2679562568664551,0.23373276987962832,worker1->worker2,worker1,worker2,0,0.7224094867706299,0.15605568885803223,0.0
model_0,1937,1,0.625601053237915,5,5,1,0,0.8967678546905518,0.4448997974395752,0.18070125579833984,0.2888442320598515,worker1,worker1,worker1,0,0.4448997974395752,0.0,0.0
model_0,1938,1,0.548999547958374,9,9,1,0,0.9998146891593933,0.45563721656799316,0.09336233139038086,0.17005903144652448,worker1,worker1,worker1,0,0.45563721656799316,0.0,0.0
model_0,1939,1,0.6346850395202637,4,4,1,0,0.9481377601623535,0.5323805809020996,0.10230445861816406,0.16118933368193528,worker1,worker1,worker1,0,0.5323805809020996,0.0,0.0
model_0,1940,1,0.5981695652008057,9,1,0,0,0.6581738591194153,0.5016171932220459,0.09655237197875977,0.16141304672755644,worker1,worker1,worker1,0,0.5016171932220459,0.0,0.0
model_0,1941,1,0.8783018589019775,2,2,1,1,0.9127426743507385,0.7863407135009766,0.09196114540100098,0.10470334824973228,worker1,worker1,worker1,0,0.7863407135009766,0.0,0.0
model_0,1942,1,0.6423254013061523,7,7,1,0,0.7245311141014099,0.5176522731781006,0.12467312812805176,0.19409652471244657,worker1,worker1,worker1,0,0.5176522731781006,0.0,0.0
model_0,1943,1,0.6170828342437744,8,8,1,0,0.8818361163139343,0.5128681659698486,0.10421466827392578,0.16888278605519674,worker1,worker1,worker1,0,0.5128681659698486,0.0,0.0
model_0,1944,1,0.667809247970581,6,6,1,0,0.933983564376831,0.49197864532470703,0.17583060264587402,0.2632946506509294,worker1,worker1,worker1,0,0.49197864532470703,0.0,0.0
model_0,1945,1,0.5349254608154297,0,0,1,0,0.6918227672576904,0.43288230895996094,0.10204315185546875,0.19076144122943076,worker1,worker1,worker1,0,0.43288230895996094,0.0,0.0
model_0,1946,1,0.8843035697937012,3,5,0,1,0.9683535099029541,0.7851171493530273,0.09918642044067383,0.11216331566298324,worker1,worker1,worker1,0,0.7851171493530273,0.0,0.0
model_0,1947,1,0.6243412494659424,9,9,1,0,0.9011932611465454,0.4553549289703369,0.16898632049560547,0.2706633922396691,worker1,worker1,worker1,0,0.4553549289703369,0.0,0.0
model_0,1948,1,0.6359245777130127,8,8,1,0,0.9989898800849915,0.541515588760376,0.09440898895263672,0.1484594121085263,worker1,worker1,worker1,0,0.541515588760376,0.0,0.0
model_0,1949,1,0.6912732124328613,0,0,1,0,0.9192326068878174,0.5174465179443359,0.1738266944885254,0.2514587450550284,worker1,worker1,worker1,0,0.5174465179443359,0.0,0.0
model_0,1950,1,0.8170394897460938,7,7,1,1,0.5771662592887878,0.7225220203399658,0.09451746940612793,0.11568286550690535,worker1,worker1,worker1,0,0.7225220203399658,0.0,0.0
model_0,1951,1,0.6396520137786865,6,6,1,0,0.9865167140960693,0.5503575801849365,0.08929443359375,0.13959845614532063,worker1,worker1,worker1,0,0.5503575801849365,0.0,0.0
model_0,1952,1,0.9199974536895752,3,2,0,1,0.7447296380996704,0.7562687397003174,0.1637287139892578,0.17796648602953963,worker1,worker1,worker1,0,0.7562687397003174,0.0,0.0
model_0,1953,1,0.6093175411224365,9,1,0,0,0.800979495048523,0.5149564743041992,0.0943610668182373,0.1548635324766998,worker1,worker1,worker1,0,0.5149564743041992,0.0,0.0
model_0,1954,1,0.8714525699615479,6,6,1,1,0.9758502840995789,0.773888111114502,0.0975644588470459,0.11195613187686262,worker1,worker1,worker1,0,0.773888111114502,0.0,0.0
model_0,1955,1,0.9707231521606445,0,2,0,1,0.8699676990509033,0.877164363861084,0.09355878829956055,0.09638050569960811,worker1,worker1,worker1,0,0.877164363861084,0.0,0.0
model_0,1956,1,0.8785498142242432,8,0,0,1,0.779316782951355,0.7778611183166504,0.10068869590759277,0.11460783927943868,worker1,worker1,worker1,0,0.7778611183166504,0.0,0.0
model_0,1957,1,0.5504240989685059,3,3,1,0,0.8648797273635864,0.45265793800354004,0.09776616096496582,0.17761969570042355,worker1,worker1,worker1,0,0.45265793800354004,0.0,0.0
model_0,1958,1,0.621483564376831,6,3,0,0,0.7019926905632019,0.528857946395874,0.09262561798095703,0.1490395294263877,worker1,worker1,worker1,0,0.528857946395874,0.0,0.0
model_0,1959,1,1.1192560195922852,5,5,1,2,0.4844563603401184,0.9095404148101807,0.2097156047821045,0.18737053999360953,worker1->worker2,worker1,worker2,0,0.7515358924865723,0.1580045223236084,0.0
model_0,1960,1,0.9159877300262451,4,4,1,1,0.983470618724823,0.7344799041748047,0.18150782585144043,0.19815530263297285,worker1,worker1,worker1,0,0.7344799041748047,0.0,0.0
model_0,1961,1,0.5851008892059326,9,9,1,0,0.9650021195411682,0.47478199005126953,0.11031889915466309,0.18854679797937404,worker1,worker1,worker1,0,0.47478199005126953,0.0,0.0
model_0,1962,1,0.7020008563995361,8,8,1,0,0.843482255935669,0.525916576385498,0.17608428001403809,0.25083200171172104,worker1,worker1,worker1,0,0.525916576385498,0.0,0.0
model_0,1963,1,0.882880449295044,9,9,1,1,0.9883593320846558,0.7164065837860107,0.1664738655090332,0.18855765312501604,worker1,worker1,worker1,0,0.7164065837860107,0.0,0.0
model_0,1964,1,0.6653399467468262,4,4,1,0,0.9656751155853271,0.48565006256103516,0.17968988418579102,0.27007229171250446,worker1,worker1,worker1,0,0.48565006256103516,0.0,0.0
model_0,1965,1,0.9360241889953613,3,3,1,1,0.8820522427558899,0.8318631649017334,0.10416102409362793,0.1112802695894263,worker1,worker1,worker1,0,0.8318631649017334,0.0,0.0
model_0,1966,1,0.615556001663208,5,5,1,0,0.915514349937439,0.4922482967376709,0.12330770492553711,0.2003192310567431,worker1,worker1,worker1,0,0.4922482967376709,0.0,0.0
model_0,1967,1,0.6336653232574463,6,6,1,0,0.9690819382667542,0.4549829959869385,0.1786823272705078,0.28198217688789723,worker1,worker1,worker1,0,0.4549829959869385,0.0,0.0
model_0,1968,1,0.5149919986724854,8,8,1,0,0.9443404078483582,0.42388248443603516,0.0911095142364502,0.17691442677033176,worker1,worker1,worker1,0,0.42388248443603516,0.0,0.0
model_0,1969,1,0.9456799030303955,5,5,1,1,0.6738799810409546,0.8509805202484131,0.09469938278198242,0.10013893969674287,worker1,worker1,worker1,0,0.8509805202484131,0.0,0.0
model_0,1970,1,0.8652911186218262,0,0,1,1,0.9196826219558716,0.6805639266967773,0.18472719192504883,0.2134855980254011,worker1,worker1,worker1,0,0.6805639266967773,0.0,0.0
model_0,1971,1,0.6326086521148682,0,0,1,0,0.9081861972808838,0.5399396419525146,0.09266901016235352,0.14648710518351685,worker1,worker1,worker1,0,0.5399396419525146,0.0,0.0
model_0,1972,1,0.9403781890869141,6,6,1,1,0.9416596293449402,0.8375632762908936,0.10281491279602051,0.10933357875500224,worker1,worker1,worker1,0,0.8375632762908936,0.0,0.0
model_0,1973,1,0.9886698722839355,9,9,1,1,0.9350406527519226,0.8211894035339355,0.16748046875,0.16939979000584068,worker1,worker1,worker1,0,0.8211894035339355,0.0,0.0
model_0,1974,1,0.7839891910552979,3,5,0,1,0.9513121843338013,0.6885974407196045,0.09539175033569336,0.1216748284594207,worker1,worker1,worker1,0,0.6885974407196045,0.0,0.0
model_0,1975,1,0.843804121017456,3,3,1,1,0.5621190071105957,0.6701035499572754,0.17370057106018066,0.2058541392885509,worker1,worker1,worker1,0,0.6701035499572754,0.0,0.0
model_0,1976,1,0.6289091110229492,5,5,1,0,0.9980317950248718,0.4536576271057129,0.17525148391723633,0.27865947693488147,worker1,worker1,worker1,0,0.4536576271057129,0.0,0.0
model_0,1977,1,0.6345803737640381,2,2,1,0,0.9059289693832397,0.4653506278991699,0.16922974586486816,0.26667976644325664,worker1,worker1,worker1,0,0.4653506278991699,0.0,0.0
model_0,1978,1,0.9356915950775146,3,3,1,1,0.9341138601303101,0.8381774425506592,0.09751415252685547,0.10421612531293198,worker1,worker1,worker1,0,0.8381774425506592,0.0,0.0
model_0,1979,1,0.6369712352752686,3,2,0,0,0.8593250513076782,0.5417630672454834,0.09520816802978516,0.1494701216588544,worker1,worker1,worker1,0,0.5417630672454834,0.0,0.0
model_0,1980,1,0.8000771999359131,5,5,1,1,0.5990620851516724,0.6954624652862549,0.1046147346496582,0.13075580038781,worker1,worker1,worker1,0,0.6954624652862549,0.0,0.0
model_0,1981,1,0.6404705047607422,9,9,1,0,0.88752281665802,0.5473880767822266,0.09308242797851562,0.14533444910673604,worker1,worker1,worker1,0,0.5473880767822266,0.0,0.0
model_0,1982,1,1.1163160800933838,2,2,1,2,0.9172086715698242,0.9489004611968994,0.16741561889648438,0.14997151960982186,worker1->worker2,worker1,worker2,0,0.7824864387512207,0.1664140224456787,0.0
model_0,1983,1,0.683152437210083,7,7,1,0,0.9591258764266968,0.5189759731292725,0.16417646408081055,0.24032185957103305,worker1,worker1,worker1,0,0.5189759731292725,0.0,0.0
model_0,1984,1,1.0859661102294922,4,4,1,2,0.95637446641922,0.9228780269622803,0.16308808326721191,0.15017787547048522,worker1->worker2,worker1,worker2,0,0.7703821659088135,0.1524958610534668,0.0
model_0,1985,1,1.0979397296905518,2,2,1,2,0.9994669556617737,0.8699793815612793,0.22796034812927246,0.20762555718201564,worker1->worker2,worker1,worker2,0,0.7685153484344482,0.10146403312683105,0.0
model_0,1986,1,0.6110556125640869,8,8,1,0,0.8501671552658081,0.44877171516418457,0.16228389739990234,0.2655795872963726,worker1,worker1,worker1,0,0.44877171516418457,0.0,0.0
model_0,1987,1,0.616950511932373,3,5,0,0,0.7679733037948608,0.505669116973877,0.1112813949584961,0.1803732921947785,worker1,worker1,worker1,0,0.505669116973877,0.0,0.0
model_0,1988,1,0.9861392974853516,3,0,0,1,0.7966159582138062,0.8131613731384277,0.17297792434692383,0.1754092193547264,worker1,worker1,worker1,0,0.8131613731384277,0.0,0.0
model_0,1989,1,1.1197917461395264,4,4,1,2,0.9805504083633423,0.9498577117919922,0.16993403434753418,0.15175503385641168,worker1->worker2,worker1,worker2,0,0.7964262962341309,0.15343141555786133,0.0
model_0,1990,1,0.485933780670166,9,9,1,0,0.7641035318374634,0.3961150646209717,0.08981871604919434,0.18483735772664872,worker1,worker1,worker1,0,0.3961150646209717,0.0,0.0
model_0,1991,1,0.9065539836883545,9,1,0,1,0.9487174153327942,0.8094367980957031,0.09711718559265137,0.10712785707203652,worker1,worker1,worker1,0,0.8094367980957031,0.0,0.0
model_0,1992,1,0.6249909400939941,3,3,1,0,0.7258432507514954,0.5288326740264893,0.09615826606750488,0.15385545597355918,worker1,worker1,worker1,0,0.5288326740264893,0.0,0.0
model_0,1993,1,0.6207799911499023,4,4,1,0,0.9919629096984863,0.4589204788208008,0.16185951232910156,0.2607357109388802,worker1,worker1,worker1,0,0.4589204788208008,0.0,0.0
model_0,1994,1,0.8764500617980957,2,2,1,1,0.6653335094451904,0.7015526294708252,0.1748974323272705,0.1995520794059353,worker1,worker1,worker1,0,0.7015526294708252,0.0,0.0
model_0,1995,1,0.8888294696807861,7,2,0,1,0.7241151928901672,0.7268390655517578,0.16199040412902832,0.18225138753242,worker1,worker1,worker1,0,0.7268390655517578,0.0,0.0
model_0,1996,1,0.6739990711212158,9,9,1,0,0.9981032609939575,0.5002682209014893,0.17373085021972656,0.25776126060636934,worker1,worker1,worker1,0,0.5002682209014893,0.0,0.0
model_0,1997,1,0.9269459247589111,1,8,0,1,0.9848741888999939,0.762230396270752,0.16471552848815918,0.17769701995399564,worker1,worker1,worker1,0,0.762230396270752,0.0,0.0
model_0,1998,1,0.6925911903381348,9,9,1,0,0.9761548042297363,0.5255539417266846,0.1670372486114502,0.241177264368465,worker1,worker1,worker1,0,0.5255539417266846,0.0,0.0
model_0,1999,1,0.8779122829437256,8,0,0,1,0.7388555407524109,0.7870066165924072,0.09090566635131836,0.10354755038453589,worker1,worker1,worker1,0,0.7870066165924072,0.0,0.0
model_1,0,1,0.6375153064727783,0,0,1,1,0.9926257729530334,0.5205788612365723,0.11693644523620605,0.18342531394765688,worker1,worker1,worker1,0,0.5205788612365723,0.0,0.0
model_1,1,1,0.8162169456481934,2,2,1,2,0.5345557332038879,0.6618437767028809,0.1543731689453125,0.18913252140669298,worker1->worker2,worker1,worker2,0,0.5169823169708252,0.14486145973205566,0.0
model_1,2,1,0.5103342533111572,9,9,1,0,0.9796095490455627,0.3702728748321533,0.1400613784790039,0.27445027953788304,worker1,worker1,worker1,0,0.3702728748321533,0.0,0.0
model_1,3,1,0.5100669860839844,7,7,1,0,0.9921424388885498,0.35538768768310547,0.1546792984008789,0.3032529111292265,worker1,worker1,worker1,0,0.35538768768310547,0.0,0.0
model_1,4,1,0.471926212310791,6,6,1,0,0.8051875829696655,0.35366272926330566,0.11826348304748535,0.2505974026498912,worker1,worker1,worker1,0,0.35366272926330566,0.0,0.0
model_1,5,1,0.6413149833679199,6,6,1,1,0.8898371458053589,0.5210697650909424,0.12024521827697754,0.1874979088208724,worker1,worker1,worker1,0,0.5210697650909424,0.0,0.0
model_1,6,1,0.4868588447570801,4,5,0,0,0.9560789465904236,0.34161925315856934,0.14523959159851074,0.29831971455911116,worker1,worker1,worker1,0,0.34161925315856934,0.0,0.0
model_1,7,1,0.48137664794921875,7,7,1,0,0.9607855677604675,0.3944211006164551,0.08695554733276367,0.18063931373325937,worker1,worker1,worker1,0,0.3944211006164551,0.0,0.0
model_1,8,1,0.7013919353485107,1,1,1,1,0.9882937669754028,0.5468459129333496,0.15454602241516113,0.2203418867916832,worker1,worker1,worker1,0,0.5468459129333496,0.0,0.0
model_1,9,1,0.4651367664337158,1,1,1,0,0.9585636258125305,0.3760356903076172,0.08910107612609863,0.19155887591783385,worker1,worker1,worker1,0,0.3760356903076172,0.0,0.0
model_1,10,1,0.9221453666687012,4,4,1,2,0.8942907452583313,0.7147941589355469,0.2073512077331543,0.22485739800680393,worker1->worker2,worker1,worker2,0,0.5696864128112793,0.14510774612426758,0.0
model_1,11,1,0.6321992874145508,2,2,1,1,0.8778849840164185,0.5396194458007812,0.09257984161376953,0.14644091421296135,worker1,worker1,worker1,0,0.5396194458007812,0.0,0.0
model_1,12,1,0.47503066062927246,8,0,0,0,0.7416041493415833,0.38081860542297363,0.09421205520629883,0.1983283670184494,worker1,worker1,worker1,0,0.38081860542297363,0.0,0.0
model_1,13,1,0.7068045139312744,8,8,1,1,0.903340220451355,0.5389308929443359,0.16787362098693848,0.2375106803622671,worker1,worker1,worker1,0,0.5389308929443359,0.0,0.0
model_1,14,1,0.8264210224151611,3,4,0,2,0.9906754493713379,0.6576097011566162,0.16881132125854492,0.20426794173895158,worker1->worker2,worker1,worker2,0,0.518010139465332,0.13959956169128418,0.0
model_1,15,1,0.6837873458862305,1,1,1,1,0.9922768473625183,0.5525338649749756,0.13125348091125488,0.1919507310290194,worker1,worker1,worker1,0,0.5525338649749756,0.0,0.0
model_1,16,1,0.46579456329345703,1,1,1,0,0.9999858140945435,0.33899688720703125,0.12679767608642578,0.27221802502349407,worker1,worker1,worker1,0,0.33899688720703125,0.0,0.0
model_1,17,1,0.48349475860595703,2,4,0,0,0.5716055631637573,0.3613464832305908,0.12214827537536621,0.2526361934668163,worker1,worker1,worker1,0,0.3613464832305908,0.0,0.0
model_1,18,1,0.4802227020263672,9,9,1,0,0.9574810266494751,0.3588876724243164,0.12133502960205078,0.25266408499652465,worker1,worker1,worker1,0,0.3588876724243164,0.0,0.0
model_1,19,1,0.47124171257019043,8,8,1,0,0.9888613820075989,0.37795472145080566,0.09328699111938477,0.19795996116428227,worker1,worker1,worker1,0,0.37795472145080566,0.0,0.0
model_1,20,1,0.6669657230377197,2,2,1,1,0.708611786365509,0.545269250869751,0.12169647216796875,0.18246285823160105,worker1,worker1,worker1,0,0.545269250869751,0.0,0.0
model_1,21,1,0.4724464416503906,8,8,1,0,0.9525033235549927,0.3425884246826172,0.12985801696777344,0.2748629379324823,worker1,worker1,worker1,0,0.3425884246826172,0.0,0.0
model_1,22,1,0.6539957523345947,8,8,1,1,0.8619253039360046,0.567070722579956,0.08692502975463867,0.13291375279478335,worker1,worker1,worker1,0,0.567070722579956,0.0,0.0
model_1,23,1,0.4782521724700928,9,9,1,0,0.8581838607788086,0.3453032970428467,0.1329488754272461,0.2779890674423648,worker1,worker1,worker1,0,0.3453032970428467,0.0,0.0
model_1,24,1,0.7083196640014648,6,6,1,1,0.8205158710479736,0.5260801315307617,0.18223953247070312,0.2572843050003568,worker1,worker1,worker1,0,0.5260801315307617,0.0,0.0
model_1,25,1,0.48990797996520996,0,0,1,0,0.9772828221321106,0.3530426025390625,0.13686537742614746,0.2793695612712141,worker1,worker1,worker1,0,0.3530426025390625,0.0,0.0
model_1,26,1,0.6310760974884033,2,2,1,1,0.8304580450057983,0.5429258346557617,0.0881502628326416,0.13968246172445384,worker1,worker1,worker1,0,0.5429258346557617,0.0,0.0
model_1,27,1,0.4882011413574219,9,9,1,0,0.9621953964233398,0.35533809661865234,0.13286304473876953,0.27214816493330934,worker1,worker1,worker1,0,0.35533809661865234,0.0,0.0
model_1,28,1,0.4861621856689453,2,2,1,0,0.7931398749351501,0.3955674171447754,0.09059476852416992,0.18634680194123718,worker1,worker1,worker1,0,0.3955674171447754,0.0,0.0
model_1,29,1,0.6368772983551025,9,9,1,1,0.9079498052597046,0.550447940826416,0.08642935752868652,0.1357080206060293,worker1,worker1,worker1,0,0.550447940826416,0.0,0.0
model_1,30,1,0.42826294898986816,8,8,1,0,0.8743783831596375,0.3335881233215332,0.09467482566833496,0.2210670474568062,worker1,worker1,worker1,0,0.3335881233215332,0.0,0.0
model_1,31,1,0.6752631664276123,4,4,1,1,0.9679613709449768,0.5402672290802002,0.1349959373474121,0.19991603875210565,worker1,worker1,worker1,0,0.5402672290802002,0.0,0.0
model_1,32,1,0.6685335636138916,3,5,0,1,0.765330970287323,0.5323665142059326,0.13616704940795898,0.20368019919879687,worker1,worker1,worker1,0,0.5323665142059326,0.0,0.0
model_1,33,1,0.5020725727081299,4,4,1,0,0.8292231559753418,0.3515045642852783,0.15056800842285156,0.29989291709503785,worker1,worker1,worker1,0,0.3515045642852783,0.0,0.0
model_1,34,1,0.6486544609069824,3,1,0,1,0.7001277804374695,0.5588626861572266,0.08979177474975586,0.13842774568173682,worker1,worker1,worker1,0,0.5588626861572266,0.0,0.0
model_1,35,1,0.4564511775970459,9,9,1,0,0.9501902461051941,0.36191439628601074,0.09453678131103516,0.20711258060219537,worker1,worker1,worker1,0,0.36191439628601074,0.0,0.0
model_1,36,1,0.48071765899658203,2,2,1,0,0.9709251523017883,0.36440539360046387,0.11631226539611816,0.24195546641432025,worker1,worker1,worker1,0,0.36440539360046387,0.0,0.0
model_1,37,1,0.6178231239318848,7,7,1,1,0.8863346576690674,0.530104398727417,0.08771872520446777,0.14198032059113863,worker1,worker1,worker1,0,0.530104398727417,0.0,0.0
model_1,38,1,0.8378021717071533,9,1,0,2,0.9318526983261108,0.6860427856445312,0.15175938606262207,0.1811398814512363,worker1->worker2,worker1,worker2,0,0.5260303020477295,0.16001248359680176,0.0
model_1,39,1,0.9221923351287842,8,8,1,2,0.9857834577560425,0.7312090396881104,0.19098329544067383,0.2070970318941146,worker1->worker2,worker1,worker2,0,0.5759203433990479,0.1552886962890625,0.0
model_1,40,1,0.47475552558898926,4,4,1,0,0.9169499278068542,0.3808307647705078,0.09392476081848145,0.1978381624983867,worker1,worker1,worker1,0,0.3808307647705078,0.0,0.0
model_1,41,1,0.49028587341308594,7,3,0,0,0.7805148959159851,0.36893606185913086,0.12134981155395508,0.247508276567685,worker1,worker1,worker1,0,0.36893606185913086,0.0,0.0
model_1,42,1,0.8606345653533936,7,7,1,2,0.907333254814148,0.7153964042663574,0.14523816108703613,0.16875706244426572,worker1->worker2,worker1,worker2,0,0.5614767074584961,0.15391969680786133,0.0
model_1,43,1,0.4561886787414551,6,6,1,0,0.7583563327789307,0.36442017555236816,0.09176850318908691,0.20116348227286174,worker1,worker1,worker1,0,0.36442017555236816,0.0,0.0
model_1,44,1,0.4835848808288574,0,0,1,0,0.7527434825897217,0.35709428787231445,0.12649059295654297,0.26156854354036035,worker1,worker1,worker1,0,0.35709428787231445,0.0,0.0
model_1,45,1,0.4748404026031494,0,0,1,0,0.971518874168396,0.3542287349700928,0.12061166763305664,0.25400464444862864,worker1,worker1,worker1,0,0.3542287349700928,0.0,0.0
model_1,46,1,0.46693849563598633,0,0,1,0,0.7797307968139648,0.35796570777893066,0.10897278785705566,0.23337717681347084,worker1,worker1,worker1,0,0.35796570777893066,0.0,0.0
model_1,47,1,0.4789571762084961,8,8,1,0,0.99513840675354,0.36534571647644043,0.11361145973205566,0.23720588264575695,worker1,worker1,worker1,0,0.36534571647644043,0.0,0.0
model_1,48,1,0.458709716796875,9,9,1,0,0.9819586873054504,0.37087106704711914,0.08783864974975586,0.19149071086421396,worker1,worker1,worker1,0,0.37087106704711914,0.0,0.0
model_1,49,1,0.48395824432373047,9,9,1,0,0.995202898979187,0.3823845386505127,0.10157370567321777,0.20988113512799847,worker1,worker1,worker1,0,0.3823845386505127,0.0,0.0
model_1,50,1,0.8793165683746338,7,7,1,2,0.9999784231185913,0.7286484241485596,0.15066814422607422,0.17134687283849961,worker1->worker2,worker1,worker2,0,0.5751121044158936,0.15353631973266602,0.0
model_1,51,1,0.6750946044921875,9,1,0,1,0.9863770604133606,0.5388524532318115,0.13624215126037598,0.20181193917681894,worker1,worker1,worker1,0,0.5388524532318115,0.0,0.0
model_1,52,1,0.6594672203063965,0,0,1,1,0.9712041616439819,0.5462918281555176,0.1131753921508789,0.17161640285668217,worker1,worker1,worker1,0,0.5462918281555176,0.0,0.0
model_1,53,1,0.6276001930236816,4,4,1,1,0.9997715353965759,0.5275571346282959,0.10004305839538574,0.1594057164217774,worker1,worker1,worker1,0,0.5275571346282959,0.0,0.0
model_1,54,1,1.0387330055236816,9,9,1,3,0.5187700986862183,0.8173127174377441,0.2214202880859375,0.21316381294181322,worker1->worker2->worker3,worker1,worker3,0,0.5206663608551025,0.12034773826599121,0.1762986183166504
model_1,55,1,0.8904421329498291,7,7,1,2,0.9521631598472595,0.6993331909179688,0.19110894203186035,0.21462252847218782,worker1->worker2,worker1,worker2,0,0.5579469203948975,0.1413862705230713,0.0
model_1,56,1,0.48208093643188477,3,3,1,0,0.9421294927597046,0.39325404167175293,0.08882689476013184,0.18425722331520272,worker1,worker1,worker1,0,0.39325404167175293,0.0,0.0
model_1,57,1,0.7439756393432617,3,3,1,1,0.8414563536643982,0.5864946842193604,0.15748095512390137,0.21167488126750544,worker1,worker1,worker1,0,0.5864946842193604,0.0,0.0
model_1,58,1,0.7178542613983154,0,0,1,1,0.9500182271003723,0.573408842086792,0.14444541931152344,0.20121830722319148,worker1,worker1,worker1,0,0.573408842086792,0.0,0.0
model_1,59,1,0.5061309337615967,8,0,0,0,0.5518804788589478,0.3449826240539551,0.1611483097076416,0.31839253236307313,worker1,worker1,worker1,0,0.3449826240539551,0.0,0.0
model_1,60,1,0.4723472595214844,5,5,1,0,0.750403642654419,0.35865330696105957,0.1136939525604248,0.24069993054602135,worker1,worker1,worker1,0,0.35865330696105957,0.0,0.0
model_1,61,1,0.6693158149719238,6,6,1,1,0.9921878576278687,0.5453634262084961,0.12395238876342773,0.1851926788382062,worker1,worker1,worker1,0,0.5453634262084961,0.0,0.0
model_1,62,1,0.4450948238372803,9,9,1,0,0.8269374966621399,0.3495166301727295,0.09557819366455078,0.21473670001494485,worker1,worker1,worker1,0,0.3495166301727295,0.0,0.0
model_1,63,1,0.6405284404754639,7,7,1,1,0.9477939605712891,0.5152781009674072,0.12525033950805664,0.19554219858697203,worker1,worker1,worker1,0,0.5152781009674072,0.0,0.0
model_1,64,1,0.4687385559082031,5,7,0,0,0.7000274658203125,0.38178586959838867,0.08695268630981445,0.18550359302391822,worker1,worker1,worker1,0,0.38178586959838867,0.0,0.0
model_1,65,1,0.7041275501251221,3,3,1,1,0.9582280516624451,0.5558879375457764,0.1482396125793457,0.21052948795002244,worker1,worker1,worker1,0,0.5558879375457764,0.0,0.0
model_1,66,1,0.5148422718048096,9,9,1,0,0.9497056007385254,0.3559553623199463,0.15888690948486328,0.3086127891710911,worker1,worker1,worker1,0,0.3559553623199463,0.0,0.0
model_1,67,1,0.45712757110595703,1,1,1,0,0.9582424759864807,0.3319587707519531,0.1251688003540039,0.27381590668700045,worker1,worker1,worker1,0,0.3319587707519531,0.0,0.0
model_1,68,1,0.6494600772857666,3,3,1,1,0.9357507824897766,0.5621676445007324,0.08729243278503418,0.1344076962356917,worker1,worker1,worker1,0,0.5621676445007324,0.0,0.0
model_1,69,1,0.4704608917236328,9,9,1,0,0.8429169058799744,0.3745615482330322,0.09589934349060059,0.20384126540094138,worker1,worker1,worker1,0,0.3745615482330322,0.0,0.0
model_1,70,1,0.6339850425720215,0,0,1,1,0.9923185110092163,0.5110008716583252,0.12298417091369629,0.19398591868155177,worker1,worker1,worker1,0,0.5110008716583252,0.0,0.0
model_1,71,1,0.6140286922454834,6,6,1,1,0.9883654117584229,0.5070023536682129,0.10702633857727051,0.17430185255004713,worker1,worker1,worker1,0,0.5070023536682129,0.0,0.0
model_1,72,1,0.7217130661010742,0,0,1,1,0.9834970235824585,0.5821824073791504,0.13953065872192383,0.19333259334726094,worker1,worker1,worker1,0,0.5821824073791504,0.0,0.0
model_1,73,1,0.4835503101348877,1,9,0,0,0.8933659791946411,0.33211517333984375,0.15143513679504395,0.3131734870623921,worker1,worker1,worker1,0,0.33211517333984375,0.0,0.0
model_1,74,1,0.6648812294006348,3,3,1,1,0.9865829348564148,0.5144946575164795,0.15038657188415527,0.22618561817382493,worker1,worker1,worker1,0,0.5144946575164795,0.0,0.0
model_1,75,1,0.4506068229675293,5,5,1,0,0.9302339553833008,0.35622143745422363,0.09438538551330566,0.2094628414450508,worker1,worker1,worker1,0,0.35622143745422363,0.0,0.0
model_1,76,1,0.46105217933654785,7,7,1,0,0.9642460346221924,0.35958266258239746,0.10146951675415039,0.22008250107431354,worker1,worker1,worker1,0,0.35958266258239746,0.0,0.0
model_1,77,1,0.911736011505127,7,7,1,2,0.7113820910453796,0.7159502506256104,0.1957857608795166,0.21473952811878774,worker1->worker2,worker1,worker2,0,0.5654821395874023,0.150468111038208,0.0
model_1,78,1,0.476534366607666,7,7,1,0,0.5444299578666687,0.38445210456848145,0.09208226203918457,0.1932332030839583,worker1,worker1,worker1,0,0.38445210456848145,0.0,0.0
model_1,79,1,0.467867374420166,1,1,1,0,0.8715388774871826,0.38199377059936523,0.08587360382080078,0.18354262022913018,worker1,worker1,worker1,0,0.38199377059936523,0.0,0.0
model_1,80,1,0.5229575634002686,9,9,1,0,0.7943278551101685,0.36106252670288086,0.1618950366973877,0.30957585859308856,worker1,worker1,worker1,0,0.36106252670288086,0.0,0.0
model_1,81,1,0.4800715446472168,0,0,1,0,0.9609553813934326,0.3576953411102295,0.1223762035369873,0.2549124289941328,worker1,worker1,worker1,0,0.3576953411102295,0.0,0.0
model_1,82,1,0.4649944305419922,3,3,1,0,0.5638755559921265,0.3489186763763428,0.11607575416564941,0.2496282676554918,worker1,worker1,worker1,0,0.3489186763763428,0.0,0.0
model_1,83,1,0.638573408126831,5,5,1,1,0.9600602388381958,0.5520997047424316,0.08647370338439941,0.13541701280367804,worker1,worker1,worker1,0,0.5520997047424316,0.0,0.0
model_1,84,1,0.6520674228668213,6,6,1,1,0.8974581956863403,0.5582804679870605,0.09378695487976074,0.14383014944593522,worker1,worker1,worker1,0,0.5582804679870605,0.0,0.0
model_1,85,1,0.9225790500640869,4,4,1,2,0.8449755311012268,0.7245416641235352,0.19803738594055176,0.21465627896795955,worker1->worker2,worker1,worker2,0,0.5661754608154297,0.15836620330810547,0.0
model_1,86,1,0.7114989757537842,6,6,1,1,0.9826157093048096,0.5613992214202881,0.1500997543334961,0.210962713157072,worker1,worker1,worker1,0,0.5613992214202881,0.0,0.0
model_1,87,1,0.6833932399749756,9,1,0,1,0.9753615856170654,0.5370051860809326,0.14638805389404297,0.2142076411224135,worker1,worker1,worker1,0,0.5370051860809326,0.0,0.0
model_1,88,1,0.8369543552398682,5,6,0,2,0.9833472371101379,0.6586868762969971,0.1782674789428711,0.2129954612540134,worker1->worker2,worker1,worker2,0,0.4939897060394287,0.16469717025756836,0.0
model_1,89,1,1.1131060123443604,4,4,1,3,0.6698585152626038,0.8573479652404785,0.25575804710388184,0.22976971130109955,worker1->worker2->worker3,worker1,worker3,0,0.530364990234375,0.1376943588256836,0.18928861618041992
model_1,90,1,0.4770069122314453,8,8,1,0,0.9902136921882629,0.33707332611083984,0.13993358612060547,0.29335756470696434,worker1,worker1,worker1,0,0.33707332611083984,0.0,0.0
model_1,91,1,0.4631626605987549,2,2,1,0,0.9347077012062073,0.37387728691101074,0.08928537368774414,0.19277325502086073,worker1,worker1,worker1,0,0.37387728691101074,0.0,0.0
model_1,92,1,0.6212432384490967,6,6,1,1,0.9919710159301758,0.5297544002532959,0.09148883819580078,0.1472673383523629,worker1,worker1,worker1,0,0.5297544002532959,0.0,0.0
model_1,93,1,0.6437540054321289,4,5,0,1,0.70713210105896,0.5183677673339844,0.12538623809814453,0.19477352690641087,worker1,worker1,worker1,0,0.5183677673339844,0.0,0.0
model_1,94,1,0.4357645511627197,4,4,1,0,0.9037739038467407,0.3488047122955322,0.0869598388671875,0.19955693650426293,worker1,worker1,worker1,0,0.3488047122955322,0.0,0.0
model_1,95,1,0.46376514434814453,2,2,1,0,0.9958612322807312,0.3757944107055664,0.08797073364257812,0.18968810984324266,worker1,worker1,worker1,0,0.3757944107055664,0.0,0.0
model_1,96,1,0.6593468189239502,1,1,1,1,0.9956747889518738,0.5709230899810791,0.0884237289428711,0.13410806938778905,worker1,worker1,worker1,0,0.5709230899810791,0.0,0.0
model_1,97,1,0.48093557357788086,9,9,1,0,0.8816770911216736,0.3572235107421875,0.12371206283569336,0.2572320901848611,worker1,worker1,worker1,0,0.3572235107421875,0.0,0.0
model_1,98,1,0.47599101066589355,7,7,1,0,0.9938173890113831,0.3572671413421631,0.11872386932373047,0.24942460395972654,worker1,worker1,worker1,0,0.3572671413421631,0.0,0.0
model_1,99,1,0.4765634536743164,4,4,1,0,0.7669958472251892,0.36095309257507324,0.11561036109924316,0.24259174766315866,worker1,worker1,worker1,0,0.36095309257507324,0.0,0.0
model_1,100,1,0.6444449424743652,3,4,0,1,0.866999626159668,0.535494327545166,0.10895061492919922,0.16906116837674315,worker1,worker1,worker1,0,0.535494327545166,0.0,0.0
model_1,101,1,0.45303797721862793,0,0,1,0,0.8558867573738098,0.3540334701538086,0.09900450706481934,0.218534674891155,worker1,worker1,worker1,0,0.3540334701538086,0.0,0.0
model_1,102,1,0.9032306671142578,2,2,1,2,0.9898982048034668,0.7001111507415771,0.20311951637268066,0.22488111151233336,worker1->worker2,worker1,worker2,0,0.5572178363800049,0.14289331436157227,0.0
model_1,103,1,0.5186471939086914,8,8,1,0,0.7659785747528076,0.3774294853210449,0.14121770858764648,0.2722808688568902,worker1,worker1,worker1,0,0.3774294853210449,0.0,0.0
model_1,104,1,0.7026731967926025,9,9,1,1,0.9989739656448364,0.5389101505279541,0.16376304626464844,0.23305719787257506,worker1,worker1,worker1,0,0.5389101505279541,0.0,0.0
model_1,105,1,0.9156632423400879,5,5,1,2,0.9639142155647278,0.7247388362884521,0.19092440605163574,0.20850941396719758,worker1->worker2,worker1,worker2,0,0.5845901966094971,0.14014863967895508,0.0
model_1,106,1,0.6637053489685059,3,5,0,1,0.8083117008209229,0.5227410793304443,0.14096426963806152,0.21238983512358367,worker1,worker1,worker1,0,0.5227410793304443,0.0,0.0
model_1,107,1,0.6460175514221191,9,9,1,1,0.6754277348518372,0.5296511650085449,0.11636638641357422,0.18012883110901487,worker1,worker1,worker1,0,0.5296511650085449,0.0,0.0
model_1,108,1,0.6660933494567871,1,1,1,1,0.9026692509651184,0.521176815032959,0.14491653442382812,0.2175618996076309,worker1,worker1,worker1,0,0.521176815032959,0.0,0.0
model_1,109,1,0.5136141777038574,6,6,1,0,0.9694703817367554,0.3464500904083252,0.16716408729553223,0.325466263495391,worker1,worker1,worker1,0,0.3464500904083252,0.0,0.0
model_1,110,1,0.6395032405853271,6,6,1,1,0.9998677968978882,0.5527122020721436,0.0867910385131836,0.13571633887851003,worker1,worker1,worker1,0,0.5527122020721436,0.0,0.0
model_1,111,1,0.6052014827728271,9,9,1,1,0.8224159479141235,0.5173900127410889,0.08781147003173828,0.14509460490647846,worker1,worker1,worker1,0,0.5173900127410889,0.0,0.0
model_1,112,1,0.6658952236175537,9,1,0,1,0.9813848733901978,0.5785567760467529,0.08733844757080078,0.13115944441878474,worker1,worker1,worker1,0,0.5785567760467529,0.0,0.0
model_1,113,1,0.6781706809997559,4,2,0,1,0.69411301612854,0.5219063758850098,0.1562643051147461,0.23042031968173857,worker1,worker1,worker1,0,0.5219063758850098,0.0,0.0
model_1,114,1,0.4616243839263916,9,9,1,0,0.9988168478012085,0.33800506591796875,0.12361931800842285,0.2677920021402825,worker1,worker1,worker1,0,0.33800506591796875,0.0,0.0
model_1,115,1,0.47841930389404297,5,3,0,0,0.7353939414024353,0.35462045669555664,0.12379884719848633,0.2587664130415282,worker1,worker1,worker1,0,0.35462045669555664,0.0,0.0
model_1,116,1,1.102278709411621,9,1,0,3,0.718619167804718,0.8880782127380371,0.21420049667358398,0.19432516916517495,worker1->worker2->worker3,worker1,worker3,0,0.5164852142333984,0.1379697322845459,0.23362326622009277
model_1,117,1,0.46091580390930176,8,8,1,0,0.9933404326438904,0.37108778953552246,0.0898280143737793,0.19489028931508606,worker1,worker1,worker1,0,0.37108778953552246,0.0,0.0
model_1,118,1,0.46624088287353516,5,5,1,0,0.8876148462295532,0.34844088554382324,0.11779999732971191,0.2526590903047522,worker1,worker1,worker1,0,0.34844088554382324,0.0,0.0
model_1,119,1,0.4488029479980469,6,6,1,0,0.9881018400192261,0.35941338539123535,0.08938956260681152,0.1991732964445691,worker1,worker1,worker1,0,0.35941338539123535,0.0,0.0
model_1,120,1,0.6516218185424805,4,4,1,1,0.9797154664993286,0.5181610584259033,0.13346076011657715,0.20481321576232117,worker1,worker1,worker1,0,0.5181610584259033,0.0,0.0
model_1,121,1,0.8886165618896484,5,5,1,2,0.9356955885887146,0.6989870071411133,0.18962955474853516,0.21339862757597808,worker1->worker2,worker1,worker2,0,0.5495014190673828,0.14948558807373047,0.0
model_1,122,1,1.0458872318267822,3,2,0,3,0.46417224407196045,0.8674993515014648,0.17838788032531738,0.17056129465672798,worker1->worker2->worker3,worker1,worker3,0,0.5595734119415283,0.13989520072937012,0.1680307388305664
model_1,123,1,0.6533503532409668,1,1,1,1,0.8076109290122986,0.5350325107574463,0.11831784248352051,0.18109402083675444,worker1,worker1,worker1,0,0.5350325107574463,0.0,0.0
model_1,124,1,0.4593808650970459,3,3,1,0,0.956394612789154,0.3721027374267578,0.08727812767028809,0.18999077737347694,worker1,worker1,worker1,0,0.3721027374267578,0.0,0.0
model_1,125,1,0.4776778221130371,5,5,1,0,0.9048639535903931,0.3827502727508545,0.09492754936218262,0.19872714404504857,worker1,worker1,worker1,0,0.3827502727508545,0.0,0.0
model_1,126,1,0.46012115478515625,4,4,1,0,0.8921372890472412,0.3730313777923584,0.08708977699279785,0.18927575071714006,worker1,worker1,worker1,0,0.3730313777923584,0.0,0.0
model_1,127,1,0.6846961975097656,3,3,1,1,0.6952878832817078,0.5429890155792236,0.141707181930542,0.20696358829789013,worker1,worker1,worker1,0,0.5429890155792236,0.0,0.0
model_1,128,1,0.4674668312072754,8,8,1,0,0.9993765950202942,0.3555033206939697,0.11196351051330566,0.239511133280087,worker1,worker1,worker1,0,0.3555033206939697,0.0,0.0
model_1,129,1,1.1311097145080566,2,1,0,3,0.49312588572502136,0.905144453048706,0.22596526145935059,0.19977307113627576,worker1->worker2->worker3,worker1,worker3,0,0.5192410945892334,0.1716165542602539,0.21428680419921875
model_1,130,1,0.6872708797454834,0,0,1,1,0.9445701241493225,0.5472979545593262,0.13997292518615723,0.2036648566253721,worker1,worker1,worker1,0,0.5472979545593262,0.0,0.0
model_1,131,1,0.47132325172424316,0,0,1,0,0.8968827724456787,0.35549259185791016,0.11583065986633301,0.24575630300985446,worker1,worker1,worker1,0,0.35549259185791016,0.0,0.0
model_1,132,1,0.4826514720916748,7,7,1,0,0.8911084532737732,0.3643951416015625,0.1182563304901123,0.24501392273315328,worker1,worker1,worker1,0,0.3643951416015625,0.0,0.0
model_1,133,1,0.4499356746673584,1,1,1,0,0.9916481971740723,0.3524348735809326,0.09750080108642578,0.21669942299754075,worker1,worker1,worker1,0,0.3524348735809326,0.0,0.0
model_1,134,1,1.1016085147857666,8,4,0,3,0.37842434644699097,0.8881547451019287,0.2134537696838379,0.1937655408603563,worker1->worker2->worker3,worker1,worker3,0,0.5361955165863037,0.1534421443939209,0.1985170841217041
model_1,135,1,0.49242687225341797,1,8,0,0,0.6953887939453125,0.3359200954437256,0.15650677680969238,0.3178274493702878,worker1,worker1,worker1,0,0.3359200954437256,0.0,0.0
model_1,136,1,0.6473684310913086,8,0,0,1,0.6265208721160889,0.5247344970703125,0.1226339340209961,0.18943452929001275,worker1,worker1,worker1,0,0.5247344970703125,0.0,0.0
model_1,137,1,0.4782700538635254,9,9,1,0,0.9955564141273499,0.34807491302490234,0.13019514083862305,0.2722209759672185,worker1,worker1,worker1,0,0.34807491302490234,0.0,0.0
model_1,138,1,0.6317346096038818,8,8,1,1,0.9521461129188538,0.5160641670227051,0.11567044258117676,0.1830997397051048,worker1,worker1,worker1,0,0.5160641670227051,0.0,0.0
model_1,139,1,0.4586756229400635,6,6,1,0,0.7924689054489136,0.3654639720916748,0.09321165084838867,0.2032191077670786,worker1,worker1,worker1,0,0.3654639720916748,0.0,0.0
model_1,140,1,1.1563358306884766,0,9,0,3,0.9305548667907715,0.9689509868621826,0.18738484382629395,0.16205053830661456,worker1->worker2->worker3,worker1,worker3,0,0.5661418437957764,0.16743087768554688,0.23537826538085938
model_1,141,1,0.48566436767578125,7,7,1,0,0.9661142826080322,0.36203503608703613,0.12362933158874512,0.25455713825659393,worker1,worker1,worker1,0,0.36203503608703613,0.0,0.0
model_1,142,1,0.879220724105835,3,3,1,2,0.928295373916626,0.684330940246582,0.19488978385925293,0.22166195417817897,worker1->worker2,worker1,worker2,0,0.5368976593017578,0.14743328094482422,0.0
model_1,143,1,0.4756276607513428,8,1,0,0,0.9583210945129395,0.3421971797943115,0.13343048095703125,0.28053557849485217,worker1,worker1,worker1,0,0.3421971797943115,0.0,0.0
model_1,144,1,0.472320556640625,9,9,1,0,0.8389051556587219,0.38388776779174805,0.08843278884887695,0.18723044679201395,worker1,worker1,worker1,0,0.38388776779174805,0.0,0.0
model_1,145,1,0.6371703147888184,0,0,1,1,0.8790121674537659,0.5395846366882324,0.09758567810058594,0.15315477798574062,worker1,worker1,worker1,0,0.5395846366882324,0.0,0.0
model_1,146,1,1.0356690883636475,4,2,0,3,0.31713902950286865,0.8324973583221436,0.2031717300415039,0.19617436913417424,worker1->worker2->worker3,worker1,worker3,0,0.5319323539733887,0.12825393676757812,0.17231106758117676
model_1,147,1,0.43465232849121094,0,9,0,0,0.9269821047782898,0.3427906036376953,0.09186172485351562,0.21134529561222207,worker1,worker1,worker1,0,0.3427906036376953,0.0,0.0
model_1,148,1,0.4568977355957031,7,7,1,0,0.7084264159202576,0.37056660652160645,0.08633112907409668,0.18895066083340986,worker1,worker1,worker1,0,0.37056660652160645,0.0,0.0
model_1,149,1,0.5125162601470947,9,9,1,0,0.9976413249969482,0.36013317108154297,0.15238308906555176,0.29732342349844093,worker1,worker1,worker1,0,0.36013317108154297,0.0,0.0
model_1,150,1,0.6517932415008545,6,7,0,1,0.9840599298477173,0.5569031238555908,0.09489011764526367,0.14558315674885572,worker1,worker1,worker1,0,0.5569031238555908,0.0,0.0
model_1,151,1,0.46619606018066406,6,6,1,0,0.9274464845657349,0.37784743309020996,0.0883486270904541,0.18950959614763052,worker1,worker1,worker1,0,0.37784743309020996,0.0,0.0
model_1,152,1,0.6891775131225586,0,0,1,1,0.9434777498245239,0.5394177436828613,0.14975976943969727,0.2173021704686192,worker1,worker1,worker1,0,0.5394177436828613,0.0,0.0
model_1,153,1,0.6236550807952881,8,8,1,1,0.9099010229110718,0.5361783504486084,0.08747673034667969,0.14026459984119574,worker1,worker1,worker1,0,0.5361783504486084,0.0,0.0
model_1,154,1,0.4595484733581543,3,3,1,0,0.6360058784484863,0.33866333961486816,0.12088513374328613,0.2630519754747894,worker1,worker1,worker1,0,0.33866333961486816,0.0,0.0
model_1,155,1,0.637542724609375,2,2,1,1,0.9041385054588318,0.5495998859405518,0.08794283866882324,0.13794030623234885,worker1,worker1,worker1,0,0.5495998859405518,0.0,0.0
model_1,156,1,0.46683692932128906,9,9,1,0,0.8283558487892151,0.3739144802093506,0.09292244911193848,0.1990469118350037,worker1,worker1,worker1,0,0.3739144802093506,0.0,0.0
model_1,157,1,0.7134816646575928,2,2,1,1,0.8881168961524963,0.5523860454559326,0.16109561920166016,0.22578802957602506,worker1,worker1,worker1,0,0.5523860454559326,0.0,0.0
model_1,158,1,0.43757009506225586,8,8,1,0,0.9696007966995239,0.34958958625793457,0.08798050880432129,0.2010660915751195,worker1,worker1,worker1,0,0.34958958625793457,0.0,0.0
model_1,159,1,0.6580696105957031,6,2,0,1,0.9784247875213623,0.5308458805084229,0.12722373008728027,0.19332868140212975,worker1,worker1,worker1,0,0.5308458805084229,0.0,0.0
model_1,160,1,0.6512470245361328,3,3,1,1,0.6038248538970947,0.5622148513793945,0.08903217315673828,0.1367102954829678,worker1,worker1,worker1,0,0.5622148513793945,0.0,0.0
model_1,161,1,0.4945685863494873,0,0,1,0,0.8979026675224304,0.33465123176574707,0.15991735458374023,0.32334717367336896,worker1,worker1,worker1,0,0.33465123176574707,0.0,0.0
model_1,162,1,0.43946361541748047,5,5,1,0,0.8713359236717224,0.34929609298706055,0.09016752243041992,0.20517630872526915,worker1,worker1,worker1,0,0.34929609298706055,0.0,0.0
model_1,163,1,0.6415925025939941,6,6,1,1,0.9919949769973755,0.5543503761291504,0.08724212646484375,0.13597747185654288,worker1,worker1,worker1,0,0.5543503761291504,0.0,0.0
model_1,164,1,0.4994773864746094,8,8,1,0,0.9996668100357056,0.3498835563659668,0.14959383010864258,0.2995007064574025,worker1,worker1,worker1,0,0.3498835563659668,0.0,0.0
model_1,165,1,0.45347046852111816,2,2,1,0,0.8445446491241455,0.338848352432251,0.11462211608886719,0.25276644025503775,worker1,worker1,worker1,0,0.338848352432251,0.0,0.0
model_1,166,1,0.48752379417419434,9,9,1,0,0.9927269220352173,0.3999972343444824,0.08752655982971191,0.179532898446467,worker1,worker1,worker1,0,0.3999972343444824,0.0,0.0
model_1,167,1,1.172274112701416,3,0,0,3,0.5414263606071472,0.9110736846923828,0.2612004280090332,0.22281514637145472,worker1->worker2->worker3,worker1,worker3,0,0.5365800857543945,0.1620771884918213,0.212416410446167
model_1,168,1,0.9019339084625244,2,8,0,2,0.8764599561691284,0.6706445217132568,0.23128938674926758,0.25643717857723464,worker1->worker2,worker1,worker2,0,0.5382673740386963,0.13237714767456055,0.0
model_1,169,1,0.8290235996246338,6,6,1,2,0.9730241894721985,0.63812255859375,0.1909010410308838,0.23027214317821612,worker1->worker2,worker1,worker2,0,0.5147948265075684,0.12332773208618164,0.0
model_1,170,1,0.4678816795349121,7,5,0,0,0.8686537146568298,0.37892794609069824,0.08895373344421387,0.1901201464708694,worker1,worker1,worker1,0,0.37892794609069824,0.0,0.0
model_1,171,1,0.49682021141052246,8,8,1,0,0.9947197437286377,0.39519691467285156,0.1016232967376709,0.2045474286344997,worker1,worker1,worker1,0,0.39519691467285156,0.0,0.0
model_1,172,1,0.49913668632507324,5,5,1,0,0.7875169515609741,0.3721764087677002,0.12696027755737305,0.25435973959783736,worker1,worker1,worker1,0,0.3721764087677002,0.0,0.0
model_1,173,1,0.8344073295593262,3,3,1,2,0.780958890914917,0.6887342929840088,0.14567303657531738,0.17458264257128636,worker1->worker2,worker1,worker2,0,0.540825605392456,0.14790868759155273,0.0
model_1,174,1,0.6420338153839111,6,6,1,1,0.950019121170044,0.5035467147827148,0.1384871006011963,0.2157006333356233,worker1,worker1,worker1,0,0.5035467147827148,0.0,0.0
model_1,175,1,0.646885871887207,6,6,1,1,0.9874677658081055,0.5396339893341064,0.10725188255310059,0.1657972251584455,worker1,worker1,worker1,0,0.5396339893341064,0.0,0.0
model_1,176,1,0.6587541103363037,4,4,1,1,0.7168759703636169,0.5673909187316895,0.09136319160461426,0.13869088658584916,worker1,worker1,worker1,0,0.5673909187316895,0.0,0.0
model_1,177,1,0.45745062828063965,0,0,1,0,0.7553619146347046,0.36568617820739746,0.09176445007324219,0.20059968092763436,worker1,worker1,worker1,0,0.36568617820739746,0.0,0.0
model_1,178,1,0.46622395515441895,4,4,1,0,0.7561643123626709,0.35900187492370605,0.10722208023071289,0.22997977483846718,worker1,worker1,worker1,0,0.35900187492370605,0.0,0.0
model_1,179,1,0.46857523918151855,5,5,1,0,0.7547858357429504,0.37757229804992676,0.0910029411315918,0.1942120144686918,worker1,worker1,worker1,0,0.37757229804992676,0.0,0.0
model_1,180,1,0.5015740394592285,8,8,1,0,0.9930832386016846,0.35448408126831055,0.14708995819091797,0.29325672108050654,worker1,worker1,worker1,0,0.35448408126831055,0.0,0.0
model_1,181,1,0.4685642719268799,6,6,1,0,0.947594404220581,0.3837268352508545,0.08483743667602539,0.18105827046340484,worker1,worker1,worker1,0,0.3837268352508545,0.0,0.0
model_1,182,1,0.4932732582092285,7,7,1,0,0.8595761656761169,0.39681386947631836,0.09645938873291016,0.19554960080969078,worker1,worker1,worker1,0,0.39681386947631836,0.0,0.0
model_1,183,1,0.4904797077178955,7,7,1,0,0.860777735710144,0.39417266845703125,0.09630703926086426,0.19635274965596794,worker1,worker1,worker1,0,0.39417266845703125,0.0,0.0
model_1,184,1,0.648756742477417,5,3,0,1,0.8807210326194763,0.5543496608734131,0.0944070816040039,0.14552000067620136,worker1,worker1,worker1,0,0.5543496608734131,0.0,0.0
model_1,185,1,0.47646260261535645,6,2,0,0,0.753976047039032,0.35051870346069336,0.12594389915466309,0.2643311321042679,worker1,worker1,worker1,0,0.35051870346069336,0.0,0.0
model_1,186,1,0.45400524139404297,7,4,0,0,0.9044269323348999,0.3599715232849121,0.09403371810913086,0.20712033592474882,worker1,worker1,worker1,0,0.3599715232849121,0.0,0.0
model_1,187,1,0.44574952125549316,5,5,1,0,0.8713114857673645,0.35436463356018066,0.0913848876953125,0.20501398955610506,worker1,worker1,worker1,0,0.35436463356018066,0.0,0.0
model_1,188,1,0.6504850387573242,3,3,1,1,0.9157276153564453,0.5614981651306152,0.08898687362670898,0.13680079990265115,worker1,worker1,worker1,0,0.5614981651306152,0.0,0.0
model_1,189,1,0.5093345642089844,6,6,1,0,0.8439655303955078,0.41323089599609375,0.09610366821289062,0.18868475647660632,worker1,worker1,worker1,0,0.41323089599609375,0.0,0.0
model_1,190,1,0.5269789695739746,8,8,1,0,0.9563647508621216,0.3664243221282959,0.1605546474456787,0.3046699331767942,worker1,worker1,worker1,0,0.3664243221282959,0.0,0.0
model_1,191,1,0.6390495300292969,7,7,1,1,0.9443962574005127,0.5200560092926025,0.11899352073669434,0.18620390931394495,worker1,worker1,worker1,0,0.5200560092926025,0.0,0.0
model_1,192,1,0.49293088912963867,8,8,1,0,0.9466353058815002,0.34050941467285156,0.1524214744567871,0.3092146948346362,worker1,worker1,worker1,0,0.34050941467285156,0.0,0.0
model_1,193,1,0.4510214328765869,9,1,0,0,0.8141406178474426,0.3570899963378906,0.09393143653869629,0.20826379788562902,worker1,worker1,worker1,0,0.3570899963378906,0.0,0.0
model_1,194,1,0.4835062026977539,9,9,1,0,0.7555135488510132,0.35775113105773926,0.12575507164001465,0.2600898828977915,worker1,worker1,worker1,0,0.35775113105773926,0.0,0.0
model_1,195,1,0.46846818923950195,8,8,1,0,0.8606231808662415,0.38108205795288086,0.0873861312866211,0.18653589143049665,worker1,worker1,worker1,0,0.38108205795288086,0.0,0.0
model_1,196,1,0.7090616226196289,9,8,0,1,0.8500019311904907,0.5470826625823975,0.16197896003723145,0.22844130167248372,worker1,worker1,worker1,0,0.5470826625823975,0.0,0.0
model_1,197,1,0.4807894229888916,5,5,1,0,0.8922517895698547,0.3871028423309326,0.09368658065795898,0.19485990368827968,worker1,worker1,worker1,0,0.3871028423309326,0.0,0.0
model_1,198,1,0.6723814010620117,7,7,1,1,0.9996211528778076,0.5853934288024902,0.08698797225952148,0.12937296023079442,worker1,worker1,worker1,0,0.5853934288024902,0.0,0.0
model_1,199,1,0.6231510639190674,7,7,1,1,0.7646092772483826,0.533911943435669,0.08923912048339844,0.14320623946650035,worker1,worker1,worker1,0,0.533911943435669,0.0,0.0
model_1,200,1,0.6356120109558105,6,6,1,1,0.7821489572525024,0.5088803768157959,0.12673163414001465,0.19938520977512705,worker1,worker1,worker1,0,0.5088803768157959,0.0,0.0
model_1,201,1,0.4776909351348877,9,1,0,0,0.7303287386894226,0.38933610916137695,0.08835482597351074,0.1849623249571642,worker1,worker1,worker1,0,0.38933610916137695,0.0,0.0
model_1,202,1,0.5112109184265137,5,3,0,0,0.6773233413696289,0.350597620010376,0.1606132984161377,0.3141820579859657,worker1,worker1,worker1,0,0.350597620010376,0.0,0.0
model_1,203,1,0.44567394256591797,3,3,1,0,0.9190186858177185,0.35602498054504395,0.08964896202087402,0.20115369883356907,worker1,worker1,worker1,0,0.35602498054504395,0.0,0.0
model_1,204,1,0.6705334186553955,0,0,1,1,0.9116002917289734,0.5438830852508545,0.12665033340454102,0.18887997209521618,worker1,worker1,worker1,0,0.5438830852508545,0.0,0.0
model_1,205,1,0.48786211013793945,1,1,1,0,0.9901933073997498,0.3548572063446045,0.13300490379333496,0.2726280664750308,worker1,worker1,worker1,0,0.3548572063446045,0.0,0.0
model_1,206,1,0.6860814094543457,9,0,0,1,0.9042607545852661,0.5644567012786865,0.12162470817565918,0.17727445533379158,worker1,worker1,worker1,0,0.5644567012786865,0.0,0.0
model_1,207,1,0.4516754150390625,4,7,0,0,0.7195494174957275,0.3600625991821289,0.0916128158569336,0.2028288740245262,worker1,worker1,worker1,0,0.3600625991821289,0.0,0.0
model_1,208,1,0.47188591957092285,6,6,1,0,0.8747805953025818,0.38649964332580566,0.08538627624511719,0.1809468617388655,worker1,worker1,worker1,0,0.38649964332580566,0.0,0.0
model_1,209,1,0.6936342716217041,4,4,1,1,0.9919043183326721,0.5308377742767334,0.1627964973449707,0.23470076956312366,worker1,worker1,worker1,0,0.5308377742767334,0.0,0.0
model_1,210,1,0.47545552253723145,7,7,1,0,0.9164149761199951,0.3507688045501709,0.12468671798706055,0.2622468602776545,worker1,worker1,worker1,0,0.3507688045501709,0.0,0.0
model_1,211,1,0.46217894554138184,1,1,1,0,0.5103880167007446,0.37514257431030273,0.0870363712310791,0.18831747328759738,worker1,worker1,worker1,0,0.37514257431030273,0.0,0.0
model_1,212,1,0.728553056716919,3,3,1,1,0.6516355276107788,0.5792450904846191,0.1493079662322998,0.20493767043559846,worker1,worker1,worker1,0,0.5792450904846191,0.0,0.0
model_1,213,1,0.9074182510375977,4,4,1,2,0.9888448119163513,0.7510862350463867,0.15633201599121094,0.1722822037273896,worker1->worker2,worker1,worker2,0,0.5740258693695068,0.17706036567687988,0.0
model_1,214,1,0.493579626083374,1,1,1,0,0.9496243000030518,0.35933685302734375,0.13424277305603027,0.27197794633718203,worker1,worker1,worker1,0,0.35933685302734375,0.0,0.0
model_1,215,1,0.5118904113769531,8,8,1,0,0.9756724238395691,0.3458075523376465,0.16608285903930664,0.32445002943609386,worker1,worker1,worker1,0,0.3458075523376465,0.0,0.0
model_1,216,1,0.46863412857055664,3,5,0,0,0.6829520463943481,0.3439919948577881,0.12464213371276855,0.265968964089227,worker1,worker1,worker1,0,0.3439919948577881,0.0,0.0
model_1,217,1,0.6550154685974121,9,9,1,1,0.8308514952659607,0.5647943019866943,0.09022116661071777,0.13773898623174322,worker1,worker1,worker1,0,0.5647943019866943,0.0,0.0
model_1,218,1,0.512138843536377,4,4,1,0,0.9651422500610352,0.34790754318237305,0.1642313003540039,0.3206772976249333,worker1,worker1,worker1,0,0.34790754318237305,0.0,0.0
model_1,219,1,0.4621267318725586,8,8,1,0,0.7993808388710022,0.37062621116638184,0.09150052070617676,0.19799876180157872,worker1,worker1,worker1,0,0.37062621116638184,0.0,0.0
model_1,220,1,0.7196502685546875,3,2,0,1,0.7276085615158081,0.5630569458007812,0.15659332275390625,0.2175964209231813,worker1,worker1,worker1,0,0.5630569458007812,0.0,0.0
model_1,221,1,0.49347448348999023,1,1,1,0,0.628746509552002,0.37755799293518066,0.11591649055480957,0.23489865116229633,worker1,worker1,worker1,0,0.37755799293518066,0.0,0.0
model_1,222,1,0.6512560844421387,2,2,1,1,0.9686550498008728,0.5627791881561279,0.08847689628601074,0.13585576918148784,worker1,worker1,worker1,0,0.5627791881561279,0.0,0.0
model_1,223,1,0.5305888652801514,1,1,1,0,0.867413341999054,0.3785674571990967,0.1520214080810547,0.28651450874451967,worker1,worker1,worker1,0,0.3785674571990967,0.0,0.0
model_1,224,1,0.7230243682861328,5,5,1,1,0.9051987528800964,0.5552864074707031,0.1677379608154297,0.23199489280428837,worker1,worker1,worker1,0,0.5552864074707031,0.0,0.0
model_1,225,1,0.6459312438964844,2,2,1,1,0.9832106828689575,0.5538268089294434,0.09210443496704102,0.14259170126441736,worker1,worker1,worker1,0,0.5538268089294434,0.0,0.0
model_1,226,1,0.5169885158538818,7,7,1,0,0.9316104650497437,0.3671269416809082,0.14986157417297363,0.28987408729080844,worker1,worker1,worker1,0,0.3671269416809082,0.0,0.0
model_1,227,1,0.4381837844848633,2,2,1,0,0.8913811445236206,0.3474249839782715,0.0907588005065918,0.2071249638169278,worker1,worker1,worker1,0,0.3474249839782715,0.0,0.0
model_1,228,1,0.48726701736450195,8,8,1,0,0.6641188859939575,0.36635279655456543,0.12091422080993652,0.2481477639589264,worker1,worker1,worker1,0,0.36635279655456543,0.0,0.0
model_1,229,1,1.1405720710754395,2,2,1,3,0.6511898636817932,0.8965780735015869,0.24399399757385254,0.21392247255694405,worker1->worker2->worker3,worker1,worker3,0,0.551091194152832,0.14551091194152832,0.19997596740722656
model_1,230,1,0.6704869270324707,1,1,1,1,0.7849307656288147,0.5685992240905762,0.10188770294189453,0.1519607599104766,worker1,worker1,worker1,0,0.5685992240905762,0.0,0.0
model_1,231,1,0.4693460464477539,0,0,1,0,0.5975388884544373,0.34210634231567383,0.12723970413208008,0.2710999806967459,worker1,worker1,worker1,0,0.34210634231567383,0.0,0.0
model_1,232,1,0.49007296562194824,8,8,1,0,0.9067682027816772,0.3981003761291504,0.09197258949279785,0.1876712162158875,worker1,worker1,worker1,0,0.3981003761291504,0.0,0.0
model_1,233,1,0.9161102771759033,4,3,0,2,0.8083888292312622,0.7200908660888672,0.19601941108703613,0.2139692305289991,worker1->worker2,worker1,worker2,0,0.573066234588623,0.14702463150024414,0.0
model_1,234,1,0.47551393508911133,6,1,0,0,0.9726765751838684,0.38147401809692383,0.0940399169921875,0.19776479731254232,worker1,worker1,worker1,0,0.38147401809692383,0.0,0.0
model_1,235,1,0.4683859348297119,0,0,1,0,0.985191285610199,0.3813486099243164,0.08703732490539551,0.1858239507918595,worker1,worker1,worker1,0,0.3813486099243164,0.0,0.0
model_1,236,1,0.4664876461029053,4,4,1,0,0.9397600889205933,0.37766265869140625,0.08882498741149902,0.1904123038488882,worker1,worker1,worker1,0,0.37766265869140625,0.0,0.0
model_1,237,1,0.49798130989074707,3,3,1,0,0.9838665723800659,0.3715982437133789,0.12638306617736816,0.25379078223858553,worker1,worker1,worker1,0,0.3715982437133789,0.0,0.0
model_1,238,1,0.4601016044616699,7,7,1,0,0.9999908208847046,0.373319149017334,0.08678245544433594,0.18861585050518032,worker1,worker1,worker1,0,0.373319149017334,0.0,0.0
model_1,239,1,0.6781554222106934,8,8,1,1,0.8718966841697693,0.5503296852111816,0.12782573699951172,0.18849032657265705,worker1,worker1,worker1,0,0.5503296852111816,0.0,0.0
model_1,240,1,0.6492929458618164,3,7,0,1,0.9912800192832947,0.5652623176574707,0.0840306282043457,0.12941866801403576,worker1,worker1,worker1,0,0.5652623176574707,0.0,0.0
model_1,241,1,0.48664045333862305,0,0,1,0,0.9287335276603699,0.36748218536376953,0.11915826797485352,0.24485894495075738,worker1,worker1,worker1,0,0.36748218536376953,0.0,0.0
model_1,242,1,0.5026695728302002,2,2,1,0,0.8297075629234314,0.3810420036315918,0.1216275691986084,0.241963261300667,worker1,worker1,worker1,0,0.3810420036315918,0.0,0.0
model_1,243,1,0.49126577377319336,0,0,1,0,0.9448944926261902,0.3686864376068115,0.12257933616638184,0.24951735437399722,worker1,worker1,worker1,0,0.3686864376068115,0.0,0.0
model_1,244,1,0.4747605323791504,6,6,1,0,0.9860767126083374,0.3920261859893799,0.08273434638977051,0.17426542592992483,worker1,worker1,worker1,0,0.3920261859893799,0.0,0.0
model_1,245,1,0.5503792762756348,1,9,0,0,0.9460269212722778,0.4151742458343506,0.13520503044128418,0.2456579240341388,worker1,worker1,worker1,0,0.4151742458343506,0.0,0.0
model_1,246,1,0.8903844356536865,6,2,0,2,0.9991177916526794,0.7501099109649658,0.1402745246887207,0.15754377443237366,worker1->worker2,worker1,worker2,0,0.5740151405334473,0.17609477043151855,0.0
model_1,247,1,0.47669553756713867,8,8,1,0,0.9825267195701599,0.34117913246154785,0.13551640510559082,0.2842829320308132,worker1,worker1,worker1,0,0.34117913246154785,0.0,0.0
model_1,248,1,0.4803156852722168,4,2,0,0,0.956506073474884,0.3534677028656006,0.1268479824066162,0.2640929419881961,worker1,worker1,worker1,0,0.3534677028656006,0.0,0.0
model_1,249,1,0.5180168151855469,8,8,1,0,0.9881356954574585,0.36209869384765625,0.15591812133789062,0.30099046356640524,worker1,worker1,worker1,0,0.36209869384765625,0.0,0.0
model_1,250,1,0.6598978042602539,9,9,1,1,0.9843024015426636,0.5471086502075195,0.11278915405273438,0.17091912311963384,worker1,worker1,worker1,0,0.5471086502075195,0.0,0.0
model_1,251,1,0.6837387084960938,3,5,0,1,0.8273095488548279,0.5950710773468018,0.08866763114929199,0.12968057833718297,worker1,worker1,worker1,0,0.5950710773468018,0.0,0.0
model_1,252,1,0.9285750389099121,7,7,1,2,0.9984777569770813,0.6859846115112305,0.24259042739868164,0.26125021375059504,worker1->worker2,worker1,worker2,0,0.5480270385742188,0.13795757293701172,0.0
model_1,253,1,0.46273040771484375,5,5,1,0,0.9461036324501038,0.37658166885375977,0.08614873886108398,0.18617479513940413,worker1,worker1,worker1,0,0.37658166885375977,0.0,0.0
model_1,254,1,0.472975492477417,0,0,1,0,0.9440858960151672,0.38715481758117676,0.08582067489624023,0.18144846035619464,worker1,worker1,worker1,0,0.38715481758117676,0.0,0.0
model_1,255,1,0.7493898868560791,6,6,1,1,0.768375039100647,0.5943653583526611,0.15502452850341797,0.2068676549049701,worker1,worker1,worker1,0,0.5943653583526611,0.0,0.0
model_1,256,1,0.9447793960571289,2,2,1,2,0.7124965190887451,0.7331647872924805,0.21161460876464844,0.2239830902830702,worker1->worker2,worker1,worker2,0,0.5701186656951904,0.16304612159729004,0.0
model_1,257,1,0.49898838996887207,1,1,1,0,0.8858214616775513,0.3499753475189209,0.14901304244995117,0.2986302796729337,worker1,worker1,worker1,0,0.3499753475189209,0.0,0.0
model_1,258,1,0.7038071155548096,6,2,0,1,0.8056866526603699,0.5477917194366455,0.15601539611816406,0.22167351348128594,worker1,worker1,worker1,0,0.5477917194366455,0.0,0.0
model_1,259,1,0.47928524017333984,1,1,1,0,0.9510274529457092,0.37793660163879395,0.1013486385345459,0.21145787526837218,worker1,worker1,worker1,0,0.37793660163879395,0.0,0.0
model_1,260,1,0.45278000831604004,0,0,1,0,0.8267244696617126,0.3598289489746094,0.09295105934143066,0.2052896718808992,worker1,worker1,worker1,0,0.3598289489746094,0.0,0.0
model_1,261,1,0.6710937023162842,5,7,0,1,0.9590764045715332,0.5525586605072021,0.11853504180908203,0.17662964411669724,worker1,worker1,worker1,0,0.5525586605072021,0.0,0.0
model_1,262,1,0.9101736545562744,3,3,1,2,0.928432047367096,0.6961138248443604,0.21405982971191406,0.23518570180574164,worker1->worker2,worker1,worker2,0,0.5477485656738281,0.14836525917053223,0.0
model_1,263,1,0.4795207977294922,5,5,1,0,0.764976441860199,0.38677024841308594,0.09275054931640625,0.19342341303145896,worker1,worker1,worker1,0,0.38677024841308594,0.0,0.0
model_1,264,1,0.49913644790649414,0,9,0,0,0.732962965965271,0.3782353401184082,0.12090110778808594,0.2422205557121226,worker1,worker1,worker1,0,0.3782353401184082,0.0,0.0
model_1,265,1,0.618955135345459,3,5,0,1,0.569166362285614,0.5234842300415039,0.09547090530395508,0.15424527538764124,worker1,worker1,worker1,0,0.5234842300415039,0.0,0.0
model_1,266,1,0.4716951847076416,1,1,1,0,0.9932369589805603,0.3784451484680176,0.09325003623962402,0.19769130417861003,worker1,worker1,worker1,0,0.3784451484680176,0.0,0.0
model_1,267,1,0.4797956943511963,8,8,1,0,0.9968640804290771,0.36524009704589844,0.11455559730529785,0.23875911904587985,worker1,worker1,worker1,0,0.36524009704589844,0.0,0.0
model_1,268,1,0.9091200828552246,2,2,1,2,0.9593340754508972,0.698552131652832,0.21056795120239258,0.23161731345882616,worker1->worker2,worker1,worker2,0,0.5480952262878418,0.15045690536499023,0.0
model_1,269,1,0.8941435813903809,4,4,1,2,0.9957178235054016,0.7452907562255859,0.14885282516479492,0.16647530470814412,worker1->worker2,worker1,worker2,0,0.5765557289123535,0.16873502731323242,0.0
model_1,270,1,0.5266005992889404,9,9,1,0,0.9985306262969971,0.3666958808898926,0.15990471839904785,0.3036546456934618,worker1,worker1,worker1,0,0.3666958808898926,0.0,0.0
model_1,271,1,0.46234679222106934,7,7,1,0,0.8793894648551941,0.3526296615600586,0.10971713066101074,0.23730483807174316,worker1,worker1,worker1,0,0.3526296615600586,0.0,0.0
model_1,272,1,0.6859214305877686,0,0,1,1,0.9542292356491089,0.565192699432373,0.12072873115539551,0.17600956286194852,worker1,worker1,worker1,0,0.565192699432373,0.0,0.0
model_1,273,1,0.6804215908050537,5,5,1,1,0.826951801776886,0.5511155128479004,0.12930607795715332,0.19003817589645028,worker1,worker1,worker1,0,0.5511155128479004,0.0,0.0
model_1,274,1,0.4807314872741699,7,7,1,0,0.8854248523712158,0.3851175308227539,0.09561395645141602,0.19889264377826293,worker1,worker1,worker1,0,0.3851175308227539,0.0,0.0
model_1,275,1,0.696277379989624,1,1,1,1,0.9917516112327576,0.5605902671813965,0.13568711280822754,0.1948750838498438,worker1,worker1,worker1,0,0.5605902671813965,0.0,0.0
model_1,276,1,0.4771862030029297,4,4,1,0,0.8272078633308411,0.3548095226287842,0.12237668037414551,0.2564547751046234,worker1,worker1,worker1,0,0.3548095226287842,0.0,0.0
model_1,277,1,0.5320866107940674,6,6,1,0,0.9654122591018677,0.3787052631378174,0.15338134765625,0.28826387385946256,worker1,worker1,worker1,0,0.3787052631378174,0.0,0.0
model_1,278,1,0.5236051082611084,6,6,1,0,0.9822300672531128,0.36850428581237793,0.15510082244873047,0.2962171682469257,worker1,worker1,worker1,0,0.36850428581237793,0.0,0.0
model_1,279,1,0.4819340705871582,8,8,1,0,0.9259387850761414,0.3682241439819336,0.11370992660522461,0.23594498406532574,worker1,worker1,worker1,0,0.3682241439819336,0.0,0.0
model_1,280,1,0.49051523208618164,4,4,1,0,0.8928217887878418,0.36508631706237793,0.1254289150238037,0.25570850163072273,worker1,worker1,worker1,0,0.36508631706237793,0.0,0.0
model_1,281,1,0.4744091033935547,2,2,1,0,0.9152886867523193,0.37838053703308105,0.09602856636047363,0.20241720842530164,worker1,worker1,worker1,0,0.37838053703308105,0.0,0.0
model_1,282,1,0.49240565299987793,3,5,0,0,0.8205422163009644,0.36424732208251953,0.1281583309173584,0.26026982049572484,worker1,worker1,worker1,0,0.36424732208251953,0.0,0.0
model_1,283,1,0.47878384590148926,1,1,1,0,0.8230125308036804,0.35630369186401367,0.12248015403747559,0.2558151347125361,worker1,worker1,worker1,0,0.35630369186401367,0.0,0.0
model_1,284,1,0.4759101867675781,8,8,1,0,0.9916018843650818,0.38184046745300293,0.0940697193145752,0.19766275639843855,worker1,worker1,worker1,0,0.38184046745300293,0.0,0.0
model_1,285,1,0.48940181732177734,6,6,1,0,0.966378390789032,0.4002363681793213,0.08916544914245605,0.18219272178106882,worker1,worker1,worker1,0,0.4002363681793213,0.0,0.0
model_1,286,1,0.511770486831665,8,8,1,0,0.9203459024429321,0.417280912399292,0.09448957443237305,0.1846327149839205,worker1,worker1,worker1,0,0.417280912399292,0.0,0.0
model_1,287,1,1.1862685680389404,2,2,1,3,0.7698054909706116,0.9229998588562012,0.26326870918273926,0.22193010611244418,worker1->worker2->worker3,worker1,worker3,0,0.5550689697265625,0.15275955200195312,0.21517133712768555
model_1,288,1,0.46505236625671387,4,4,1,0,0.9336035251617432,0.3720865249633789,0.09296584129333496,0.19990402810254024,worker1,worker1,worker1,0,0.3720865249633789,0.0,0.0
model_1,289,1,0.6663162708282471,4,4,1,1,0.9675742983818054,0.5795402526855469,0.0867760181427002,0.13023247659078702,worker1,worker1,worker1,0,0.5795402526855469,0.0,0.0
model_1,290,1,0.46701836585998535,8,8,1,0,0.9966636300086975,0.3798484802246094,0.08716988563537598,0.18665194349446632,worker1,worker1,worker1,0,0.3798484802246094,0.0,0.0
model_1,291,1,0.48081088066101074,9,9,1,0,0.6182548403739929,0.3619725704193115,0.11883831024169922,0.24716227319631848,worker1,worker1,worker1,0,0.3619725704193115,0.0,0.0
model_1,292,1,0.48235511779785156,8,8,1,0,0.9996440410614014,0.39427804946899414,0.08807706832885742,0.18259797621919152,worker1,worker1,worker1,0,0.39427804946899414,0.0,0.0
model_1,293,1,0.49495768547058105,6,6,1,0,0.7478315234184265,0.3379218578338623,0.15703582763671875,0.31727121781615925,worker1,worker1,worker1,0,0.3379218578338623,0.0,0.0
model_1,294,1,0.4767611026763916,4,4,1,0,0.9411604404449463,0.38982534408569336,0.08693575859069824,0.18234658428019268,worker1,worker1,worker1,0,0.38982534408569336,0.0,0.0
model_1,295,1,0.4812350273132324,4,4,1,0,0.8272407054901123,0.38643527030944824,0.09479975700378418,0.19699263690978108,worker1,worker1,worker1,0,0.38643527030944824,0.0,0.0
model_1,296,1,0.5053279399871826,7,7,1,0,0.9987502098083496,0.37425899505615234,0.13106894493103027,0.25937403131589115,worker1,worker1,worker1,0,0.37425899505615234,0.0,0.0
model_1,297,1,0.49329304695129395,1,1,1,0,0.9866525530815125,0.379225492477417,0.11406755447387695,0.23123689899715855,worker1,worker1,worker1,0,0.379225492477417,0.0,0.0
model_1,298,1,0.5095727443695068,8,8,1,0,0.9852295517921448,0.3887479305267334,0.12082481384277344,0.2371100400832264,worker1,worker1,worker1,0,0.3887479305267334,0.0,0.0
model_1,299,1,0.47716712951660156,9,1,0,0,0.9057693481445312,0.36904120445251465,0.10812592506408691,0.2265996930124354,worker1,worker1,worker1,0,0.36904120445251465,0.0,0.0
model_1,300,1,0.4976325035095215,7,7,1,0,0.99664306640625,0.37081336975097656,0.12681913375854492,0.2548449565978128,worker1,worker1,worker1,0,0.37081336975097656,0.0,0.0
model_1,301,1,0.535407543182373,7,7,1,0,0.9924418926239014,0.3929588794708252,0.14244866371154785,0.26605651251167806,worker1,worker1,worker1,0,0.3929588794708252,0.0,0.0
model_1,302,1,1.245354175567627,4,6,0,3,0.4091918468475342,1.0015983581542969,0.24375581741333008,0.1957321235962671,worker1->worker2->worker3,worker1,worker3,0,0.6101236343383789,0.18114662170410156,0.2103281021118164
model_1,303,1,0.6323015689849854,5,5,1,1,0.9085812568664551,0.5444350242614746,0.08786654472351074,0.1389630344655957,worker1,worker1,worker1,0,0.5444350242614746,0.0,0.0
model_1,304,1,0.4618949890136719,2,2,1,0,0.9125319719314575,0.3622016906738281,0.09969329833984375,0.2158354186797486,worker1,worker1,worker1,0,0.3622016906738281,0.0,0.0
model_1,305,1,0.8273377418518066,0,0,1,2,0.8390187621116638,0.6588575839996338,0.16848015785217285,0.20364132968848792,worker1->worker2,worker1,worker2,0,0.5232992172241211,0.1355583667755127,0.0
model_1,306,1,0.9171538352966309,5,5,1,2,0.9881691932678223,0.7236549854278564,0.19349884986877441,0.21097752898366495,worker1->worker2,worker1,worker2,0,0.5734186172485352,0.1502363681793213,0.0
model_1,307,1,0.5132565498352051,4,4,1,0,0.9503822922706604,0.36402416229248047,0.1492323875427246,0.2907559340268326,worker1,worker1,worker1,0,0.36402416229248047,0.0,0.0
model_1,308,1,0.48470020294189453,1,1,1,0,0.9968687891960144,0.3661763668060303,0.11852383613586426,0.24453019705063503,worker1,worker1,worker1,0,0.3661763668060303,0.0,0.0
model_1,309,1,0.4916083812713623,7,7,1,0,0.5918135046958923,0.3671131134033203,0.12449526786804199,0.2532407351275852,worker1,worker1,worker1,0,0.3671131134033203,0.0,0.0
model_1,310,1,0.4744088649749756,5,5,1,0,0.9118167161941528,0.352186918258667,0.1222219467163086,0.25762998067659554,worker1,worker1,worker1,0,0.352186918258667,0.0,0.0
model_1,311,1,0.47525882720947266,0,0,1,0,0.7988569736480713,0.358384370803833,0.11687445640563965,0.24591748688157802,worker1,worker1,worker1,0,0.358384370803833,0.0,0.0
model_1,312,1,0.6721816062927246,1,1,1,1,0.9392036199569702,0.5443863868713379,0.12779521942138672,0.19012007800423789,worker1,worker1,worker1,0,0.5443863868713379,0.0,0.0
model_1,313,1,0.5334417819976807,9,9,1,0,0.9939654469490051,0.36902880668640137,0.1644129753112793,0.3082116565664782,worker1,worker1,worker1,0,0.36902880668640137,0.0,0.0
model_1,314,1,0.47454094886779785,4,4,1,0,0.7112162113189697,0.36417102813720703,0.11036992073059082,0.2325825010337279,worker1,worker1,worker1,0,0.36417102813720703,0.0,0.0
model_1,315,1,0.5219531059265137,7,7,1,0,0.974668025970459,0.39217042922973633,0.12978267669677734,0.24864815483069388,worker1,worker1,worker1,0,0.39217042922973633,0.0,0.0
model_1,316,1,0.5013561248779297,8,8,1,0,0.9996660947799683,0.37344956398010254,0.12790656089782715,0.25512116946605545,worker1,worker1,worker1,0,0.37344956398010254,0.0,0.0
model_1,317,1,0.4740424156188965,8,8,1,0,0.9930039048194885,0.3536655902862549,0.1203768253326416,0.25393682372384546,worker1,worker1,worker1,0,0.3536655902862549,0.0,0.0
model_1,318,1,0.6945939064025879,6,2,0,1,0.8116304278373718,0.6005964279174805,0.09399747848510742,0.13532724318290565,worker1,worker1,worker1,0,0.6005964279174805,0.0,0.0
model_1,319,1,0.6935000419616699,8,0,0,1,0.9838500022888184,0.566662073135376,0.12683796882629395,0.18289540180489902,worker1,worker1,worker1,0,0.566662073135376,0.0,0.0
model_1,320,1,1.175431251525879,0,1,0,3,0.8678345084190369,0.9227468967437744,0.2526843547821045,0.2149716152723384,worker1->worker2->worker3,worker1,worker3,0,0.5622842311859131,0.15476131439208984,0.20570135116577148
model_1,321,1,0.6816377639770508,3,6,0,1,0.8689559698104858,0.5474824905395508,0.1341552734375,0.19681314699286043,worker1,worker1,worker1,0,0.5474824905395508,0.0,0.0
model_1,322,1,0.9371814727783203,2,2,1,2,0.9785838723182678,0.7035458087921143,0.23363566398620605,0.2492960763442983,worker1->worker2,worker1,worker2,0,0.5655953884124756,0.13795042037963867,0.0
model_1,323,1,0.5314188003540039,1,1,1,0,0.949220597743988,0.39491868019104004,0.13650012016296387,0.25685978755744904,worker1,worker1,worker1,0,0.39491868019104004,0.0,0.0
model_1,324,1,0.6407010555267334,0,0,1,1,0.9939223527908325,0.5476469993591309,0.09305405616760254,0.14523786930724017,worker1,worker1,worker1,0,0.5476469993591309,0.0,0.0
model_1,325,1,0.6879997253417969,3,6,0,1,0.5274255275726318,0.5767366886138916,0.11126303672790527,0.16171959468825373,worker1,worker1,worker1,0,0.5767366886138916,0.0,0.0
model_1,326,1,0.8205151557922363,5,4,0,2,0.9275607466697693,0.672945499420166,0.1475696563720703,0.1798500068284377,worker1->worker2,worker1,worker2,0,0.5512456893920898,0.12169981002807617,0.0
model_1,327,1,0.475722074508667,4,3,0,0,0.8453181982040405,0.3891603946685791,0.08656167984008789,0.1819585099755779,worker1,worker1,worker1,0,0.3891603946685791,0.0,0.0
model_1,328,1,0.5068204402923584,6,6,1,0,0.9768009185791016,0.38616347312927246,0.12065696716308594,0.23806649766036508,worker1,worker1,worker1,0,0.38616347312927246,0.0,0.0
model_1,329,1,0.5202410221099854,3,3,1,0,0.8330996632575989,0.4015052318572998,0.11873579025268555,0.2282322715942676,worker1,worker1,worker1,0,0.4015052318572998,0.0,0.0
model_1,330,1,1.1727190017700195,5,5,1,3,0.8105118274688721,0.9705150127410889,0.20220398902893066,0.17242322220731326,worker1->worker2->worker3,worker1,worker3,0,0.575206995010376,0.18653249740600586,0.20877552032470703
model_1,331,1,1.1615304946899414,3,2,0,3,0.6412728428840637,0.8951261043548584,0.266404390335083,0.22935634626295104,worker1->worker2->worker3,worker1,worker3,0,0.5596950054168701,0.15413641929626465,0.18129467964172363
model_1,332,1,0.5262329578399658,4,4,1,0,0.8450828790664673,0.36165571212768555,0.16457724571228027,0.3127459868492887,worker1,worker1,worker1,0,0.36165571212768555,0.0,0.0
model_1,333,1,0.4829747676849365,8,8,1,0,0.828002393245697,0.36641860008239746,0.11655616760253906,0.24132972445171968,worker1,worker1,worker1,0,0.36641860008239746,0.0,0.0
model_1,334,1,0.5188300609588623,4,6,0,0,0.8154835104942322,0.4018855094909668,0.11694455146789551,0.22540049289312086,worker1,worker1,worker1,0,0.4018855094909668,0.0,0.0
model_1,335,1,0.7075722217559814,1,1,1,1,0.988720715045929,0.5780651569366455,0.12950706481933594,0.18303017110810024,worker1,worker1,worker1,0,0.5780651569366455,0.0,0.0
model_1,336,1,0.46883630752563477,8,8,1,0,0.9788884520530701,0.37946319580078125,0.08937311172485352,0.19062753948501915,worker1,worker1,worker1,0,0.37946319580078125,0.0,0.0
model_1,337,1,0.506777286529541,6,6,1,0,0.9908714890480042,0.4126472473144531,0.09413003921508789,0.18574241923843773,worker1,worker1,worker1,0,0.4126472473144531,0.0,0.0
model_1,338,1,0.6844446659088135,3,3,1,1,0.8992002606391907,0.5666124820709229,0.11783218383789062,0.17215735574683996,worker1,worker1,worker1,0,0.5666124820709229,0.0,0.0
model_1,339,1,0.5006794929504395,3,3,1,0,0.8337819576263428,0.37616682052612305,0.1245126724243164,0.24868738220249315,worker1,worker1,worker1,0,0.37616682052612305,0.0,0.0
model_1,340,1,0.5026364326477051,6,6,1,0,0.730057418346405,0.3775300979614258,0.1251063346862793,0.24890025187244155,worker1,worker1,worker1,0,0.3775300979614258,0.0,0.0
model_1,341,1,0.9363384246826172,5,5,1,2,0.9960711002349854,0.7336432933807373,0.20269513130187988,0.21647635722157377,worker1->worker2,worker1,worker2,0,0.5819313526153564,0.15171194076538086,0.0
model_1,342,1,0.7306733131408691,4,2,0,1,0.7129479646682739,0.5720374584197998,0.15863585472106934,0.21710914011510554,worker1,worker1,worker1,0,0.5720374584197998,0.0,0.0
model_1,343,1,0.6827318668365479,4,4,1,1,0.7386084794998169,0.5943281650543213,0.08840370178222656,0.12948524314801202,worker1,worker1,worker1,0,0.5943281650543213,0.0,0.0
model_1,344,1,0.5378272533416748,9,9,1,0,0.9590250253677368,0.37641310691833496,0.16141414642333984,0.30012266098533963,worker1,worker1,worker1,0,0.37641310691833496,0.0,0.0
model_1,345,1,0.49439334869384766,7,7,1,0,0.8513649702072144,0.4065060615539551,0.08788728713989258,0.17776793998560983,worker1,worker1,worker1,0,0.4065060615539551,0.0,0.0
model_1,346,1,0.4976046085357666,5,5,1,0,0.7905774116516113,0.4053661823272705,0.0922384262084961,0.18536489539337983,worker1,worker1,worker1,0,0.4053661823272705,0.0,0.0
model_1,347,1,0.4941394329071045,1,1,1,0,0.581649124622345,0.3976278305053711,0.0965116024017334,0.1953124886915816,worker1,worker1,worker1,0,0.3976278305053711,0.0,0.0
model_1,348,1,0.9181406497955322,2,2,1,2,0.9016796350479126,0.7038519382476807,0.21428871154785156,0.23339420991279838,worker1->worker2,worker1,worker2,0,0.564704179763794,0.13914775848388672,0.0
model_1,349,1,0.4739663600921631,2,6,0,0,0.9111018776893616,0.3863251209259033,0.08764123916625977,0.1849102521732088,worker1,worker1,worker1,0,0.3863251209259033,0.0,0.0
model_1,350,1,0.5486443042755127,2,2,1,0,0.542796790599823,0.3874971866607666,0.1611471176147461,0.2937187470259836,worker1,worker1,worker1,0,0.3874971866607666,0.0,0.0
model_1,351,1,0.5554764270782471,7,7,1,0,0.9530119895935059,0.3939371109008789,0.16153931617736816,0.29081218986564294,worker1,worker1,worker1,0,0.3939371109008789,0.0,0.0
model_1,352,1,0.6982324123382568,8,8,1,1,0.7814939618110657,0.5892751216888428,0.10895729064941406,0.1560473113594589,worker1,worker1,worker1,0,0.5892751216888428,0.0,0.0
model_1,353,1,0.4917478561401367,5,5,1,0,0.9403756856918335,0.38800907135009766,0.10373878479003906,0.2109593026074646,worker1,worker1,worker1,0,0.38800907135009766,0.0,0.0
model_1,354,1,0.48180580139160156,4,3,0,0,0.97390216588974,0.39263129234313965,0.08917450904846191,0.18508392549632827,worker1,worker1,worker1,0,0.39263129234313965,0.0,0.0
model_1,355,1,0.509047269821167,0,0,1,0,0.9975518584251404,0.4160573482513428,0.09298992156982422,0.18267443336351147,worker1,worker1,worker1,0,0.4160573482513428,0.0,0.0
model_1,356,1,0.7397143840789795,8,8,1,1,0.99901282787323,0.5970120429992676,0.14270234107971191,0.19291546054953496,worker1,worker1,worker1,0,0.5970120429992676,0.0,0.0
model_1,357,1,0.512913703918457,7,7,1,0,0.9972797632217407,0.3854377269744873,0.12747597694396973,0.24853299096924858,worker1,worker1,worker1,0,0.3854377269744873,0.0,0.0
model_1,358,1,1.1860840320587158,0,0,1,3,0.5743623375892639,0.9895989894866943,0.19648504257202148,0.16565861883409513,worker1->worker2->worker3,worker1,worker3,0,0.6082103252410889,0.14211130142211914,0.23927736282348633
model_1,359,1,0.5006020069122314,7,0,0,0,0.8836100101470947,0.40663957595825195,0.09396243095397949,0.1876988698737949,worker1,worker1,worker1,0,0.40663957595825195,0.0,0.0
model_1,360,1,0.714719295501709,3,3,1,1,0.9835616946220398,0.5574359893798828,0.15728330612182617,0.2200630472854641,worker1,worker1,worker1,0,0.5574359893798828,0.0,0.0
model_1,361,1,0.5011856555938721,1,1,1,0,0.8420365452766418,0.4099240303039551,0.09126162528991699,0.1820914550752215,worker1,worker1,worker1,0,0.4099240303039551,0.0,0.0
model_1,362,1,0.5551106929779053,8,0,0,0,0.805066704750061,0.3916959762573242,0.16341471672058105,0.2943822174347583,worker1,worker1,worker1,0,0.3916959762573242,0.0,0.0
model_1,363,1,0.5260312557220459,4,2,0,0,0.6363417506217957,0.3727567195892334,0.1532745361328125,0.2913791423333265,worker1,worker1,worker1,0,0.3727567195892334,0.0,0.0
model_1,364,1,0.4939005374908447,9,1,0,0,0.9278730750083923,0.38100314140319824,0.11289739608764648,0.22858326225194525,worker1,worker1,worker1,0,0.38100314140319824,0.0,0.0
model_1,365,1,0.6548044681549072,3,3,1,1,0.9144270420074463,0.5382752418518066,0.11652922630310059,0.17796034078914263,worker1,worker1,worker1,0,0.5382752418518066,0.0,0.0
model_1,366,1,0.46866774559020996,0,0,1,0,0.9665665626525879,0.3819139003753662,0.08675384521484375,0.18510735170305254,worker1,worker1,worker1,0,0.3819139003753662,0.0,0.0
model_1,367,1,0.5250265598297119,7,7,1,0,0.865354061126709,0.3780946731567383,0.14693188667297363,0.27985610236676367,worker1,worker1,worker1,0,0.3780946731567383,0.0,0.0
model_1,368,1,0.9098086357116699,2,2,1,2,0.8577776551246643,0.7387306690216064,0.17107796669006348,0.18803730803922628,worker1->worker2,worker1,worker2,0,0.5754904747009277,0.1632401943206787,0.0
model_1,369,1,0.722123384475708,9,9,1,1,0.9774991273880005,0.5723800659179688,0.14974331855773926,0.20736528102667554,worker1,worker1,worker1,0,0.5723800659179688,0.0,0.0
model_1,370,1,0.5003564357757568,0,8,0,0,0.7755029797554016,0.3773941993713379,0.12296223640441895,0.24574928513466057,worker1,worker1,worker1,0,0.3773941993713379,0.0,0.0
model_1,371,1,0.6723761558532715,1,1,1,1,0.6656762361526489,0.5837624073028564,0.08861374855041504,0.13179192596138503,worker1,worker1,worker1,0,0.5837624073028564,0.0,0.0
model_1,372,1,0.5317487716674805,6,6,1,0,0.9252210259437561,0.3765757083892822,0.15517306327819824,0.29181649595842024,worker1,worker1,worker1,0,0.3765757083892822,0.0,0.0
model_1,373,1,0.7043251991271973,5,5,1,1,0.9776163101196289,0.617042064666748,0.08728313446044922,0.12392448057887301,worker1,worker1,worker1,0,0.617042064666748,0.0,0.0
model_1,374,1,0.530092716217041,1,1,1,0,0.9827102422714233,0.3718857765197754,0.15820693969726562,0.2984514498261648,worker1,worker1,worker1,0,0.3718857765197754,0.0,0.0
model_1,375,1,0.6779866218566895,7,7,1,1,0.9341107606887817,0.5677740573883057,0.11021256446838379,0.16255861239055563,worker1,worker1,worker1,0,0.5677740573883057,0.0,0.0
model_1,376,1,0.9295129776000977,1,0,0,2,0.7398634552955627,0.7789347171783447,0.15057826042175293,0.16199694253923141,worker1->worker2,worker1,worker2,0,0.5917270183563232,0.18720769882202148,0.0
model_1,377,1,0.5097291469573975,9,9,1,0,0.9836657643318176,0.368375301361084,0.14135384559631348,0.27731167903594034,worker1,worker1,worker1,0,0.368375301361084,0.0,0.0
model_1,378,1,0.7065026760101318,3,3,1,1,0.9969336986541748,0.5775043964385986,0.1289982795715332,0.18258710681753068,worker1,worker1,worker1,0,0.5775043964385986,0.0,0.0
model_1,379,1,0.9102485179901123,8,0,0,2,0.7383798360824585,0.7397916316986084,0.1704568862915039,0.18726411844963367,worker1->worker2,worker1,worker2,0,0.6060135364532471,0.13377809524536133,0.0
model_1,380,1,0.6335437297821045,4,0,0,1,0.8116182684898376,0.5408177375793457,0.09272599220275879,0.14636083958190252,worker1,worker1,worker1,0,0.5408177375793457,0.0,0.0
model_1,381,1,1.1300365924835205,3,3,1,3,0.9516903758049011,0.8982250690460205,0.2318115234375,0.20513629822202464,worker1->worker2->worker3,worker1,worker3,0,0.5575945377349854,0.14661216735839844,0.19401836395263672
model_1,382,1,0.48628735542297363,3,3,1,0,0.787474513053894,0.39903783798217773,0.0872495174407959,0.1794196712454226,worker1,worker1,worker1,0,0.39903783798217773,0.0,0.0
model_1,383,1,0.48683810234069824,3,5,0,0,0.616916298866272,0.39884209632873535,0.08799600601196289,0.18075003905586187,worker1,worker1,worker1,0,0.39884209632873535,0.0,0.0
model_1,384,1,0.6869392395019531,1,1,1,1,0.9927686452865601,0.5730025768280029,0.1139366626739502,0.1658613398712773,worker1,worker1,worker1,0,0.5730025768280029,0.0,0.0
model_1,385,1,0.48697829246520996,9,9,1,0,0.9913133978843689,0.3947172164916992,0.09226107597351074,0.18945623942796574,worker1,worker1,worker1,0,0.3947172164916992,0.0,0.0
model_1,386,1,0.5107834339141846,5,5,1,0,0.9496122598648071,0.3812854290008545,0.12949800491333008,0.2535282006328473,worker1,worker1,worker1,0,0.3812854290008545,0.0,0.0
model_1,387,1,0.5406038761138916,1,1,1,0,0.9246490001678467,0.38788795471191406,0.15271592140197754,0.2824913548525948,worker1,worker1,worker1,0,0.38788795471191406,0.0,0.0
model_1,388,1,0.707582950592041,9,9,1,1,0.9933792352676392,0.6147031784057617,0.0928797721862793,0.1312634400087876,worker1,worker1,worker1,0,0.6147031784057617,0.0,0.0
model_1,389,1,0.4793977737426758,1,1,1,0,0.8332268595695496,0.3525054454803467,0.1268923282623291,0.2646911087460338,worker1,worker1,worker1,0,0.3525054454803467,0.0,0.0
model_1,390,1,0.48664188385009766,1,1,1,0,0.9987732768058777,0.39581823348999023,0.09082365036010742,0.1866334431421119,worker1,worker1,worker1,0,0.39581823348999023,0.0,0.0
model_1,391,1,0.782437801361084,7,7,1,1,0.9543200731277466,0.633103609085083,0.14933419227600098,0.19085758895624388,worker1,worker1,worker1,0,0.633103609085083,0.0,0.0
model_1,392,1,0.7119226455688477,9,1,0,1,0.6414136290550232,0.6190247535705566,0.09289789199829102,0.13048874421470721,worker1,worker1,worker1,0,0.6190247535705566,0.0,0.0
model_1,393,1,0.9260530471801758,9,9,1,2,0.9557300806045532,0.7423009872436523,0.18375205993652344,0.1984249827761455,worker1->worker2,worker1,worker2,0,0.5595145225524902,0.1827864646911621,0.0
model_1,394,1,0.6687424182891846,4,4,1,1,0.8129672408103943,0.5795762538909912,0.08916616439819336,0.13333409390465073,worker1,worker1,worker1,0,0.5795762538909912,0.0,0.0
model_1,395,1,0.46638965606689453,7,7,1,0,0.5066864490509033,0.3787062168121338,0.08768343925476074,0.18800468259567116,worker1,worker1,worker1,0,0.3787062168121338,0.0,0.0
model_1,396,1,0.446807861328125,6,6,1,0,0.9818949103355408,0.3561728000640869,0.09063506126403809,0.20285019380506797,worker1,worker1,worker1,0,0.3561728000640869,0.0,0.0
model_1,397,1,0.7057785987854004,8,8,1,1,0.9793621301651001,0.5832579135894775,0.12252068519592285,0.17359648678321088,worker1,worker1,worker1,0,0.5832579135894775,0.0,0.0
model_1,398,1,0.519484281539917,1,1,1,0,0.9334373474121094,0.3839735984802246,0.13551068305969238,0.26085617577878495,worker1,worker1,worker1,0,0.3839735984802246,0.0,0.0
model_1,399,1,0.48501038551330566,6,6,1,0,0.9804450273513794,0.3964869976043701,0.08852338790893555,0.18251854094886596,worker1,worker1,worker1,0,0.3964869976043701,0.0,0.0
model_1,400,1,0.5043773651123047,7,7,1,0,0.9819155931472778,0.4174227714538574,0.08695459365844727,0.1723998729385605,worker1,worker1,worker1,0,0.4174227714538574,0.0,0.0
model_1,401,1,0.685748815536499,3,3,1,1,0.9309594035148621,0.5648448467254639,0.12090396881103516,0.1763094096144305,worker1,worker1,worker1,0,0.5648448467254639,0.0,0.0
model_1,402,1,0.5107588768005371,0,0,1,0,0.8155949115753174,0.4194207191467285,0.0913381576538086,0.178828331337016,worker1,worker1,worker1,0,0.4194207191467285,0.0,0.0
model_1,403,1,0.4797818660736084,1,1,1,0,0.9942241311073303,0.3897991180419922,0.08998274803161621,0.1875492893635355,worker1,worker1,worker1,0,0.3897991180419922,0.0,0.0
model_1,404,1,0.4669046401977539,5,5,1,0,0.8262104988098145,0.3657865524291992,0.10111808776855469,0.2165711776300336,worker1,worker1,worker1,0,0.3657865524291992,0.0,0.0
model_1,405,1,0.492434024810791,8,0,0,0,0.8638614416122437,0.4048302173614502,0.08760380744934082,0.17789958255423358,worker1,worker1,worker1,0,0.4048302173614502,0.0,0.0
model_1,406,1,0.5088777542114258,0,0,1,0,0.525024950504303,0.4155306816101074,0.09334707260131836,0.18343712577094698,worker1,worker1,worker1,0,0.4155306816101074,0.0,0.0
model_1,407,1,0.6780581474304199,5,5,1,1,0.9959189295768738,0.590400218963623,0.08765792846679688,0.12927789275740845,worker1,worker1,worker1,0,0.590400218963623,0.0,0.0
model_1,408,1,0.49379634857177734,5,5,1,0,0.9442455768585205,0.40486955642700195,0.08892679214477539,0.18008799052885088,worker1,worker1,worker1,0,0.40486955642700195,0.0,0.0
model_1,409,1,0.4952700138092041,8,8,1,0,0.8672927618026733,0.4029886722564697,0.09228134155273438,0.18632531544355618,worker1,worker1,worker1,0,0.4029886722564697,0.0,0.0
model_1,410,1,0.48130226135253906,6,6,1,0,0.8202880024909973,0.36363863945007324,0.11766362190246582,0.24446928957244363,worker1,worker1,worker1,0,0.36363863945007324,0.0,0.0
model_1,411,1,0.5336754322052002,4,2,0,0,0.7708985209465027,0.39983081817626953,0.13384461402893066,0.2507977807332658,worker1,worker1,worker1,0,0.39983081817626953,0.0,0.0
model_1,412,1,0.49213624000549316,4,4,1,0,0.908889651298523,0.4050896167755127,0.08704662322998047,0.1768750523818544,worker1,worker1,worker1,0,0.4050896167755127,0.0,0.0
model_1,413,1,0.5620870590209961,6,6,1,0,0.9339561462402344,0.41957759857177734,0.14250946044921875,0.2535362772760358,worker1,worker1,worker1,0,0.41957759857177734,0.0,0.0
model_1,414,1,0.9734840393066406,0,0,1,2,0.890469491481781,0.7729785442352295,0.20050549507141113,0.20596690544019625,worker1->worker2,worker1,worker2,0,0.6184813976287842,0.1544971466064453,0.0
model_1,415,1,0.5088891983032227,6,6,1,0,0.9609513878822327,0.3764152526855469,0.13247394561767578,0.2603198221919046,worker1,worker1,worker1,0,0.3764152526855469,0.0,0.0
model_1,416,1,0.47532224655151367,9,9,1,0,0.7711929678916931,0.38672876358032227,0.0885934829711914,0.18638614879472082,worker1,worker1,worker1,0,0.38672876358032227,0.0,0.0
model_1,417,1,0.4837155342102051,6,6,1,0,0.9941253662109375,0.36592602729797363,0.11778950691223145,0.24350987012346895,worker1,worker1,worker1,0,0.36592602729797363,0.0,0.0
model_1,418,1,0.5470819473266602,8,8,1,0,0.9714372158050537,0.38469505310058594,0.16238689422607422,0.29682371173018024,worker1,worker1,worker1,0,0.38469505310058594,0.0,0.0
model_1,419,1,0.49820971488952637,9,9,1,0,0.9998069405555725,0.3800394535064697,0.11817026138305664,0.23718979749172467,worker1,worker1,worker1,0,0.3800394535064697,0.0,0.0
model_1,420,1,0.487316370010376,4,2,0,0,0.8731738328933716,0.38121747970581055,0.10609889030456543,0.21772075972392713,worker1,worker1,worker1,0,0.38121747970581055,0.0,0.0
model_1,421,1,0.6699204444885254,0,0,1,1,0.9724788069725037,0.5797772407531738,0.09014320373535156,0.13455807249497304,worker1,worker1,worker1,0,0.5797772407531738,0.0,0.0
model_1,422,1,0.5237336158752441,0,0,1,0,0.8376890420913696,0.42043280601501465,0.10330080986022949,0.19723921995649835,worker1,worker1,worker1,0,0.42043280601501465,0.0,0.0
model_1,423,1,0.4815704822540283,8,8,1,0,0.9786591529846191,0.39582371711730957,0.08574676513671875,0.1780565219350121,worker1,worker1,worker1,0,0.39582371711730957,0.0,0.0
model_1,424,1,0.9165225028991699,2,0,0,2,0.8665637969970703,0.7293636798858643,0.18715882301330566,0.20420537675974085,worker1->worker2,worker1,worker2,0,0.5833406448364258,0.14602303504943848,0.0
model_1,425,1,0.5057206153869629,7,7,1,0,0.9984717965126038,0.3633081912994385,0.14241242408752441,0.2816029636809536,worker1,worker1,worker1,0,0.3633081912994385,0.0,0.0
model_1,426,1,0.693859338760376,0,8,0,1,0.8909448981285095,0.5771806240081787,0.11667871475219727,0.16815903200301555,worker1,worker1,worker1,0,0.5771806240081787,0.0,0.0
model_1,427,1,0.9374501705169678,2,2,1,2,0.9975355863571167,0.7091898918151855,0.22826027870178223,0.2434905724918749,worker1->worker2,worker1,worker2,0,0.5530714988708496,0.15611839294433594,0.0
model_1,428,1,0.5402705669403076,1,1,1,0,0.9902524948120117,0.3631305694580078,0.1771399974822998,0.32787275176859915,worker1,worker1,worker1,0,0.3631305694580078,0.0,0.0
model_1,429,1,0.6697564125061035,6,6,1,1,0.894001305103302,0.5817532539367676,0.08800315856933594,0.13139576856016136,worker1,worker1,worker1,0,0.5817532539367676,0.0,0.0
model_1,430,1,0.4841160774230957,9,1,0,0,0.9971303343772888,0.39841222763061523,0.08570384979248047,0.177031612436162,worker1,worker1,worker1,0,0.39841222763061523,0.0,0.0
model_1,431,1,0.7443251609802246,4,4,1,1,0.779823362827301,0.5887117385864258,0.15561342239379883,0.20906645448995267,worker1,worker1,worker1,0,0.5887117385864258,0.0,0.0
model_1,432,1,0.7025208473205566,5,3,0,1,0.5555516481399536,0.5560600757598877,0.14646077156066895,0.20847889727297964,worker1,worker1,worker1,0,0.5560600757598877,0.0,0.0
model_1,433,1,0.4913763999938965,8,8,1,0,0.9907212257385254,0.39154481887817383,0.09983158111572266,0.20316722804954143,worker1,worker1,worker1,0,0.39154481887817383,0.0,0.0
model_1,434,1,0.6830658912658691,3,7,0,1,0.9366216063499451,0.5964095592498779,0.08665633201599121,0.1268637961930704,worker1,worker1,worker1,0,0.5964095592498779,0.0,0.0
model_1,435,1,0.7496497631072998,3,3,1,1,0.9234074354171753,0.5973680019378662,0.1522817611694336,0.20313720975275892,worker1,worker1,worker1,0,0.5973680019378662,0.0,0.0
model_1,436,1,0.9251525402069092,2,2,1,2,0.9858161211013794,0.7442197799682617,0.18093276023864746,0.19557073279848758,worker1->worker2,worker1,worker2,0,0.5857877731323242,0.1584320068359375,0.0
model_1,437,1,0.6999695301055908,3,3,1,1,0.9931572079658508,0.6013393402099609,0.09863018989562988,0.14090640471271865,worker1,worker1,worker1,0,0.6013393402099609,0.0,0.0
model_1,438,1,0.6974139213562012,6,6,1,1,0.9832260012626648,0.5854103565216064,0.11200356483459473,0.16059840706476144,worker1,worker1,worker1,0,0.5854103565216064,0.0,0.0
model_1,439,1,0.49717020988464355,1,1,1,0,0.9036584496498108,0.3807246685028076,0.11644554138183594,0.23421665068961864,worker1,worker1,worker1,0,0.3807246685028076,0.0,0.0
model_1,440,1,0.8715252876281738,6,6,1,2,0.4952607750892639,0.6996891498565674,0.17183613777160645,0.19716712780561146,worker1->worker2,worker1,worker2,0,0.5712680816650391,0.12842106819152832,0.0
model_1,441,1,1.1191229820251465,8,1,0,3,0.9255660772323608,0.8913521766662598,0.22777080535888672,0.20352616201904497,worker1->worker2->worker3,worker1,worker3,0,0.5704333782196045,0.13914084434509277,0.1817779541015625
model_1,442,1,0.9565963745117188,2,5,0,2,0.8282008767127991,0.7383906841278076,0.21820569038391113,0.22810633219814488,worker1->worker2,worker1,worker2,0,0.572662353515625,0.16572833061218262,0.0
model_1,443,1,0.44349217414855957,8,8,1,0,0.9946687817573547,0.3526642322540283,0.09082794189453125,0.20480167901250496,worker1,worker1,worker1,0,0.3526642322540283,0.0,0.0
model_1,444,1,0.6739904880523682,6,6,1,1,0.9103296995162964,0.5339882373809814,0.14000225067138672,0.20772140431232425,worker1,worker1,worker1,0,0.5339882373809814,0.0,0.0
model_1,445,1,0.5672962665557861,6,6,1,0,0.8792210817337036,0.4244852066040039,0.14281105995178223,0.2517398198631343,worker1,worker1,worker1,0,0.4244852066040039,0.0,0.0
model_1,446,1,0.4704108238220215,7,7,1,0,0.9765955209732056,0.38139963150024414,0.08901119232177734,0.18922011955119142,worker1,worker1,worker1,0,0.38139963150024414,0.0,0.0
model_1,447,1,0.5011463165283203,2,7,0,0,0.8001179099082947,0.3942995071411133,0.10684680938720703,0.21320481836000685,worker1,worker1,worker1,0,0.3942995071411133,0.0,0.0
model_1,448,1,1.098726749420166,3,3,1,3,0.8204953074455261,0.8825860023498535,0.2161407470703125,0.19671929092868362,worker1->worker2->worker3,worker1,worker3,0,0.5724925994873047,0.1397418975830078,0.17035150527954102
model_1,449,1,0.7160642147064209,3,3,1,1,0.8648666739463806,0.6247105598449707,0.0913536548614502,0.1275774616092277,worker1,worker1,worker1,0,0.6247105598449707,0.0,0.0
model_1,450,1,0.7096869945526123,4,4,1,1,0.8844412565231323,0.6188628673553467,0.09082412719726562,0.12797772524283227,worker1,worker1,worker1,0,0.6188628673553467,0.0,0.0
model_1,451,1,0.713853120803833,8,0,0,1,0.5731087923049927,0.5858666896820068,0.12798643112182617,0.17928958687987143,worker1,worker1,worker1,0,0.5858666896820068,0.0,0.0
model_1,452,1,0.47899508476257324,9,1,0,0,0.5235536098480225,0.34601807594299316,0.13297700881958008,0.2776166458691193,worker1,worker1,worker1,0,0.34601807594299316,0.0,0.0
model_1,453,1,0.5115554332733154,4,4,1,0,0.9458763003349304,0.4216437339782715,0.08991169929504395,0.17576140032317014,worker1,worker1,worker1,0,0.4216437339782715,0.0,0.0
model_1,454,1,0.5287632942199707,4,4,1,0,0.879645586013794,0.3871896266937256,0.14157366752624512,0.26774488523280343,worker1,worker1,worker1,0,0.3871896266937256,0.0,0.0
model_1,455,1,0.4814000129699707,5,5,1,0,0.8822457790374756,0.3722226619720459,0.1091773509979248,0.22679133372756097,worker1,worker1,worker1,0,0.3722226619720459,0.0,0.0
model_1,456,1,0.5092039108276367,5,5,1,0,0.9639618396759033,0.39018678665161133,0.11901712417602539,0.23373175587473474,worker1,worker1,worker1,0,0.39018678665161133,0.0,0.0
model_1,457,1,0.47034263610839844,1,1,1,0,0.9908288717269897,0.36208009719848633,0.10826253890991211,0.23017802469636447,worker1,worker1,worker1,0,0.36208009719848633,0.0,0.0
model_1,458,1,0.586641788482666,5,5,1,0,0.7920332551002502,0.43084049224853516,0.15580129623413086,0.2655816535625717,worker1,worker1,worker1,0,0.43084049224853516,0.0,0.0
model_1,459,1,0.782660722732544,8,8,1,1,0.98451828956604,0.6185393333435059,0.16412138938903809,0.2096967237809412,worker1,worker1,worker1,0,0.6185393333435059,0.0,0.0
model_1,460,1,0.47678399085998535,3,3,1,0,0.8229562640190125,0.3804442882537842,0.09633970260620117,0.20206152986057946,worker1,worker1,worker1,0,0.3804442882537842,0.0,0.0
model_1,461,1,0.9305644035339355,3,3,1,2,0.9510514140129089,0.7297563552856445,0.20080804824829102,0.21579167168408458,worker1->worker2,worker1,worker2,0,0.5757651329040527,0.1539912223815918,0.0
model_1,462,1,0.46817755699157715,6,2,0,0,0.9486421346664429,0.3755044937133789,0.09267306327819824,0.1979442668582798,worker1,worker1,worker1,0,0.3755044937133789,0.0,0.0
model_1,463,1,0.47699880599975586,4,4,1,0,0.9554255604743958,0.3843507766723633,0.09264802932739258,0.19423115563823865,worker1,worker1,worker1,0,0.3843507766723633,0.0,0.0
model_1,464,1,0.503077507019043,1,1,1,0,0.8596921563148499,0.39403271675109863,0.10904479026794434,0.21675544771238733,worker1,worker1,worker1,0,0.39403271675109863,0.0,0.0
model_1,465,1,0.47856783866882324,3,5,0,0,0.6259307265281677,0.3865208625793457,0.09204697608947754,0.19233840774907474,worker1,worker1,worker1,0,0.3865208625793457,0.0,0.0
model_1,466,1,0.6621644496917725,8,8,1,1,0.6706438064575195,0.5775723457336426,0.08459210395812988,0.12775089933853476,worker1,worker1,worker1,0,0.5775723457336426,0.0,0.0
model_1,467,1,0.7057104110717773,0,0,1,1,0.8720418810844421,0.5882067680358887,0.11750364303588867,0.16650405207630903,worker1,worker1,worker1,0,0.5882067680358887,0.0,0.0
model_1,468,1,0.49877452850341797,7,7,1,0,0.7162390947341919,0.40804457664489746,0.09072995185852051,0.18190574432651438,worker1,worker1,worker1,0,0.40804457664489746,0.0,0.0
model_1,469,1,0.9864397048950195,2,2,1,2,0.9981995820999146,0.779613733291626,0.20682597160339355,0.20966914711265067,worker1->worker2,worker1,worker2,0,0.6401059627532959,0.13950777053833008,0.0
model_1,470,1,0.4969310760498047,8,8,1,0,0.9390674829483032,0.4077730178833008,0.0891580581665039,0.17941735275490817,worker1,worker1,worker1,0,0.4077730178833008,0.0,0.0
model_1,471,1,0.513737678527832,7,7,1,0,0.9997122883796692,0.39106273651123047,0.12267494201660156,0.238789069098726,worker1,worker1,worker1,0,0.39106273651123047,0.0,0.0
model_1,472,1,0.49239063262939453,0,0,1,0,0.7867236137390137,0.4061298370361328,0.08626079559326172,0.175187726729536,worker1,worker1,worker1,0,0.4061298370361328,0.0,0.0
model_1,473,1,0.7424173355102539,0,4,0,1,0.7815663814544678,0.5885145664215088,0.15390276908874512,0.20729953589104935,worker1,worker1,worker1,0,0.5885145664215088,0.0,0.0
model_1,474,1,0.6787087917327881,9,9,1,1,0.9991061091423035,0.590742826461792,0.0879659652709961,0.12960781758316878,worker1,worker1,worker1,0,0.590742826461792,0.0,0.0
model_1,475,1,0.9467053413391113,5,5,1,2,0.7554404139518738,0.7289340496063232,0.21777129173278809,0.23003069933539338,worker1->worker2,worker1,worker2,0,0.566908597946167,0.16202545166015625,0.0
model_1,476,1,0.9510188102722168,6,6,1,2,0.8150565028190613,0.7619616985321045,0.1890571117401123,0.19879429270804555,worker1->worker2,worker1,worker2,0,0.6142148971557617,0.14774680137634277,0.0
model_1,477,1,0.45508623123168945,6,6,1,0,0.9261679649353027,0.3644134998321533,0.09067273139953613,0.19924296798461838,worker1,worker1,worker1,0,0.3644134998321533,0.0,0.0
model_1,478,1,0.7217936515808105,4,4,1,1,0.8810707926750183,0.6308279037475586,0.09096574783325195,0.1260273592515348,worker1,worker1,worker1,0,0.6308279037475586,0.0,0.0
model_1,479,1,0.5096497535705566,6,6,1,0,0.9920486807823181,0.4167304039001465,0.09291934967041016,0.1823200129489443,worker1,worker1,worker1,0,0.4167304039001465,0.0,0.0
model_1,480,1,0.6786623001098633,3,5,0,1,0.9791163802146912,0.5846257209777832,0.09403657913208008,0.138561666261493,worker1,worker1,worker1,0,0.5846257209777832,0.0,0.0
model_1,481,1,0.51137375831604,1,1,1,0,0.93719881772995,0.42343616485595703,0.08793759346008301,0.1719634455816868,worker1,worker1,worker1,0,0.42343616485595703,0.0,0.0
model_1,482,1,0.7211899757385254,9,9,1,1,0.5374962687492371,0.6318228244781494,0.08936715126037598,0.12391624158233853,worker1,worker1,worker1,0,0.6318228244781494,0.0,0.0
model_1,483,1,0.5059604644775391,3,3,1,0,0.8470706343650818,0.4158468246459961,0.09011363983154297,0.17810411318322156,worker1,worker1,worker1,0,0.4158468246459961,0.0,0.0
model_1,484,1,0.5696868896484375,9,9,1,0,0.9548493027687073,0.399259090423584,0.17042779922485352,0.2991604727467524,worker1,worker1,worker1,0,0.399259090423584,0.0,0.0
model_1,485,1,0.49009013175964355,9,9,1,0,0.8384501934051514,0.39765262603759766,0.0924375057220459,0.18861327688879137,worker1,worker1,worker1,0,0.39765262603759766,0.0,0.0
model_1,486,1,0.5479214191436768,5,5,1,0,0.7279003858566284,0.38141441345214844,0.16650700569152832,0.3038884772049158,worker1,worker1,worker1,0,0.38141441345214844,0.0,0.0
model_1,487,1,0.5128145217895508,9,9,1,0,0.9528146982192993,0.3994557857513428,0.11335873603820801,0.2210521177181645,worker1,worker1,worker1,0,0.3994557857513428,0.0,0.0
model_1,488,1,0.662290096282959,4,4,1,1,0.9861211180686951,0.573998212814331,0.08829188346862793,0.13331300583257674,worker1,worker1,worker1,0,0.573998212814331,0.0,0.0
model_1,489,1,0.527637243270874,6,6,1,0,0.9430091977119446,0.4275381565093994,0.10009908676147461,0.1897119432679747,worker1,worker1,worker1,0,0.4275381565093994,0.0,0.0
model_1,490,1,0.5157642364501953,9,9,1,0,0.9976646900177002,0.3898186683654785,0.1259455680847168,0.2441921311790658,worker1,worker1,worker1,0,0.3898186683654785,0.0,0.0
model_1,491,1,0.7225103378295898,9,0,0,1,0.5668742656707764,0.6331539154052734,0.0893564224243164,0.12367493964548902,worker1,worker1,worker1,0,0.6331539154052734,0.0,0.0
model_1,492,1,0.5136947631835938,1,1,1,0,0.9625325798988342,0.4261665344238281,0.08752822875976562,0.17038956795532517,worker1,worker1,worker1,0,0.4261665344238281,0.0,0.0
model_1,493,1,0.553105354309082,6,6,1,0,0.9277701377868652,0.41594719886779785,0.13715815544128418,0.24797835416476285,worker1,worker1,worker1,0,0.41594719886779785,0.0,0.0
model_1,494,1,0.7200024127960205,6,6,1,1,0.9930194020271301,0.6264276504516602,0.09357476234436035,0.12996451217569802,worker1,worker1,worker1,0,0.6264276504516602,0.0,0.0
model_1,495,1,0.4797830581665039,2,2,1,0,0.8713181018829346,0.39391636848449707,0.08586668968200684,0.1789698244247042,worker1,worker1,worker1,0,0.39391636848449707,0.0,0.0
model_1,496,1,0.5706973075866699,6,4,0,0,0.9465590715408325,0.483379602432251,0.08731770515441895,0.1530017821945976,worker1,worker1,worker1,0,0.483379602432251,0.0,0.0
model_1,497,1,0.9631586074829102,4,4,1,2,0.8111267685890198,0.7400434017181396,0.2231152057647705,0.23164949576462085,worker1->worker2,worker1,worker2,0,0.585963249206543,0.15408015251159668,0.0
model_1,498,1,0.5075798034667969,8,0,0,0,0.8055834174156189,0.40479016304016113,0.10278964042663574,0.20250931917420092,worker1,worker1,worker1,0,0.40479016304016113,0.0,0.0
model_1,499,1,0.707953929901123,9,9,1,1,0.987031877040863,0.6200785636901855,0.0878753662109375,0.12412582584746819,worker1,worker1,worker1,0,0.6200785636901855,0.0,0.0
model_1,500,1,0.5517568588256836,4,4,1,0,0.9449906349182129,0.3881039619445801,0.16365289688110352,0.29660328505822225,worker1,worker1,worker1,0,0.3881039619445801,0.0,0.0
model_1,501,1,0.5104644298553467,0,8,0,0,0.56706303358078,0.3886833190917969,0.1217811107635498,0.2385692393847298,worker1,worker1,worker1,0,0.3886833190917969,0.0,0.0
model_1,502,1,0.7114183902740479,6,6,1,1,0.995074450969696,0.5856003761291504,0.12581801414489746,0.17685516127356601,worker1,worker1,worker1,0,0.5856003761291504,0.0,0.0
model_1,503,1,0.5116376876831055,9,9,1,0,0.9675123691558838,0.39426302909851074,0.11737465858459473,0.22940971982754604,worker1,worker1,worker1,0,0.39426302909851074,0.0,0.0
model_1,504,1,0.7107210159301758,2,2,1,1,0.7834190726280212,0.6228456497192383,0.0878753662109375,0.12364256050023818,worker1,worker1,worker1,0,0.6228456497192383,0.0,0.0
model_1,505,1,0.5234529972076416,8,8,1,0,0.9662407040596008,0.4324793815612793,0.0909736156463623,0.17379519485352224,worker1,worker1,worker1,0,0.4324793815612793,0.0,0.0
model_1,506,1,0.693579912185669,3,4,0,1,0.5813223123550415,0.5931622982025146,0.1004176139831543,0.1447816065876384,worker1,worker1,worker1,0,0.5931622982025146,0.0,0.0
model_1,507,1,0.743863582611084,5,5,1,1,0.9878219962120056,0.6097302436828613,0.13413333892822266,0.18031980871733563,worker1,worker1,worker1,0,0.6097302436828613,0.0,0.0
model_1,508,1,0.6760168075561523,3,5,0,1,0.8653219938278198,0.5872790813446045,0.08873772621154785,0.1312655620684061,worker1,worker1,worker1,0,0.5872790813446045,0.0,0.0
model_1,509,1,0.5104727745056152,6,6,1,0,0.7470019459724426,0.39526820182800293,0.1152045726776123,0.22568210966625224,worker1,worker1,worker1,0,0.39526820182800293,0.0,0.0
model_1,510,1,1.2215523719787598,3,5,0,3,0.5212862491607666,0.973074197769165,0.24847817420959473,0.20341180608334591,worker1->worker2->worker3,worker1,worker3,0,0.5975992679595947,0.16282129287719727,0.21265363693237305
model_1,511,1,0.6864750385284424,2,3,0,1,0.871083676815033,0.5922830104827881,0.0941920280456543,0.1372111479065115,worker1,worker1,worker1,0,0.5922830104827881,0.0,0.0
model_1,512,1,0.46590304374694824,6,6,1,0,0.7809211611747742,0.373248815536499,0.09265422821044922,0.19887019295966152,worker1,worker1,worker1,0,0.373248815536499,0.0,0.0
model_1,513,1,0.692188024520874,6,7,0,1,0.8755778670310974,0.5957717895507812,0.09641623497009277,0.13929197205749286,worker1,worker1,worker1,0,0.5957717895507812,0.0,0.0
model_1,514,1,0.75386643409729,3,7,0,1,0.7802218198776245,0.5856537818908691,0.1682126522064209,0.22313322970513402,worker1,worker1,worker1,0,0.5856537818908691,0.0,0.0
model_1,515,1,0.47063398361206055,1,1,1,0,0.6150550246238708,0.3776698112487793,0.09296417236328125,0.1975296633910542,worker1,worker1,worker1,0,0.3776698112487793,0.0,0.0
model_1,516,1,0.5289809703826904,1,1,1,0,0.9266133904457092,0.391986608505249,0.1369943618774414,0.25897786413438095,worker1,worker1,worker1,0,0.391986608505249,0.0,0.0
model_1,517,1,0.7110004425048828,6,6,1,1,0.9030207991600037,0.5994753837585449,0.11152505874633789,0.15685652508658177,worker1,worker1,worker1,0,0.5994753837585449,0.0,0.0
model_1,518,1,1.1925275325775146,2,3,0,3,0.5793378949165344,0.9885406494140625,0.20398688316345215,0.1710542336264198,worker1->worker2->worker3,worker1,worker3,0,0.6377854347229004,0.14897918701171875,0.20177602767944336
model_1,519,1,0.4997856616973877,8,1,0,0,0.8143686056137085,0.36388611793518066,0.13589954376220703,0.27191565140276486,worker1,worker1,worker1,0,0.36388611793518066,0.0,0.0
model_1,520,1,0.5330338478088379,0,0,1,0,0.9800129532814026,0.40410423278808594,0.12892961502075195,0.24187885169159093,worker1,worker1,worker1,0,0.40410423278808594,0.0,0.0
model_1,521,1,0.5050647258758545,9,9,1,0,0.9587357640266418,0.39008522033691406,0.11497950553894043,0.22765301088796,worker1,worker1,worker1,0,0.39008522033691406,0.0,0.0
model_1,522,1,0.712336540222168,7,7,1,1,0.7931163907051086,0.5958433151245117,0.11649322509765625,0.1635367814506941,worker1,worker1,worker1,0,0.5958433151245117,0.0,0.0
model_1,523,1,0.5290060043334961,4,4,1,0,0.8002904057502747,0.4016435146331787,0.12736248970031738,0.24075811740697273,worker1,worker1,worker1,0,0.4016435146331787,0.0,0.0
model_1,524,1,0.9020192623138428,4,2,0,2,0.6090767979621887,0.715566873550415,0.18645238876342773,0.20670555114881203,worker1->worker2,worker1,worker2,0,0.5740072727203369,0.14155960083007812,0.0
model_1,525,1,0.5601203441619873,8,8,1,0,0.9887287616729736,0.4300105571746826,0.1301097869873047,0.23228898636411038,worker1,worker1,worker1,0,0.4300105571746826,0.0,0.0
model_1,526,1,0.4996004104614258,3,5,0,0,0.6553635597229004,0.40855884552001953,0.09104156494140625,0.18222876329769466,worker1,worker1,worker1,0,0.40855884552001953,0.0,0.0
model_1,527,1,0.7658803462982178,4,4,1,1,0.5631533265113831,0.5962569713592529,0.16962337493896484,0.22147503295889126,worker1,worker1,worker1,0,0.5962569713592529,0.0,0.0
model_1,528,1,0.754875659942627,8,0,0,1,0.8552473187446594,0.6028785705566406,0.15199708938598633,0.20135380891409138,worker1,worker1,worker1,0,0.6028785705566406,0.0,0.0
model_1,529,1,0.5819954872131348,9,9,1,0,0.9610302448272705,0.41127800941467285,0.17071747779846191,0.29333127412368204,worker1,worker1,worker1,0,0.41127800941467285,0.0,0.0
model_1,530,1,0.754784107208252,3,3,1,1,0.9989534616470337,0.6014747619628906,0.15330934524536133,0.20311681682383628,worker1,worker1,worker1,0,0.6014747619628906,0.0,0.0
model_1,531,1,0.5749201774597168,7,7,1,0,0.9874047636985779,0.4808647632598877,0.0940554141998291,0.1635973442703171,worker1,worker1,worker1,0,0.4808647632598877,0.0,0.0
model_1,532,1,0.5438425540924072,8,1,0,0,0.9490959048271179,0.3772571086883545,0.16658544540405273,0.3063118988216345,worker1,worker1,worker1,0,0.3772571086883545,0.0,0.0
model_1,533,1,0.7503135204315186,0,0,1,1,0.9926597476005554,0.6366422176361084,0.11367130279541016,0.15149840659946495,worker1,worker1,worker1,0,0.6366422176361084,0.0,0.0
model_1,534,1,0.7475709915161133,2,2,1,1,0.9460141062736511,0.65482497215271,0.09274601936340332,0.12406315977471186,worker1,worker1,worker1,0,0.65482497215271,0.0,0.0
model_1,535,1,0.9713954925537109,6,4,0,2,0.9132354259490967,0.7996063232421875,0.17178916931152344,0.17684781392170684,worker1->worker2,worker1,worker2,0,0.6392168998718262,0.16038942337036133,0.0
model_1,536,1,0.5463154315948486,9,9,1,0,0.9646190404891968,0.3889148235321045,0.15740060806274414,0.2881130551323572,worker1,worker1,worker1,0,0.3889148235321045,0.0,0.0
model_1,537,1,0.7103514671325684,9,9,1,1,0.9995386600494385,0.5820600986480713,0.12829136848449707,0.18060266561053626,worker1,worker1,worker1,0,0.5820600986480713,0.0,0.0
model_1,538,1,0.5842936038970947,6,4,0,0,0.854827880859375,0.4279918670654297,0.15630173683166504,0.2675054729149367,worker1,worker1,worker1,0,0.4279918670654297,0.0,0.0
model_1,539,1,0.5238683223724365,8,0,0,0,0.6284936666488647,0.40546131134033203,0.11840701103210449,0.22602437669045536,worker1,worker1,worker1,0,0.40546131134033203,0.0,0.0
model_1,540,1,0.7118632793426514,7,7,1,1,0.9853516221046448,0.6212043762207031,0.09065890312194824,0.12735437513459671,worker1,worker1,worker1,0,0.6212043762207031,0.0,0.0
model_1,541,1,0.5196108818054199,9,9,1,0,0.9118841886520386,0.4251258373260498,0.09448504447937012,0.18183807881597094,worker1,worker1,worker1,0,0.4251258373260498,0.0,0.0
model_1,542,1,0.5408477783203125,9,9,1,0,0.7046113610267639,0.37018728256225586,0.17066049575805664,0.3155425659472422,worker1,worker1,worker1,0,0.37018728256225586,0.0,0.0
model_1,543,1,0.7173411846160889,0,0,1,1,0.9785587787628174,0.6071875095367432,0.1101536750793457,0.15355827525544688,worker1,worker1,worker1,0,0.6071875095367432,0.0,0.0
model_1,544,1,0.7189183235168457,4,2,0,1,0.8844645619392395,0.6161010265350342,0.10281729698181152,0.1430166593596391,worker1,worker1,worker1,0,0.6161010265350342,0.0,0.0
model_1,545,1,0.47380733489990234,8,8,1,0,0.8713767528533936,0.3851032257080078,0.08870410919189453,0.18721556771727557,worker1,worker1,worker1,0,0.3851032257080078,0.0,0.0
model_1,546,1,0.6942424774169922,3,3,1,1,0.8520826697349548,0.600196361541748,0.09404611587524414,0.1354658047216491,worker1,worker1,worker1,0,0.600196361541748,0.0,0.0
model_1,547,1,0.8491637706756592,5,5,1,2,0.9974356293678284,0.6996519565582275,0.14951181411743164,0.17606946890641448,worker1->worker2,worker1,worker2,0,0.5614550113677979,0.1381969451904297,0.0
model_1,548,1,0.5136845111846924,5,7,0,0,0.8148683905601501,0.37627077102661133,0.13741374015808105,0.267506099884477,worker1,worker1,worker1,0,0.37627077102661133,0.0,0.0
model_1,549,1,1.2211756706237793,2,3,0,3,0.4397422671318054,0.995025634765625,0.2261500358581543,0.1851904204270925,worker1->worker2->worker3,worker1,worker3,0,0.6304409503936768,0.14554309844970703,0.2190415859222412
model_1,550,1,0.6678361892700195,4,4,1,1,0.9927091598510742,0.5764293670654297,0.09140682220458984,0.13687012425083217,worker1,worker1,worker1,0,0.5764293670654297,0.0,0.0
model_1,551,1,0.7365946769714355,7,7,1,1,0.7728400230407715,0.646284818649292,0.09030985832214355,0.1226045492121384,worker1,worker1,worker1,0,0.646284818649292,0.0,0.0
model_1,552,1,0.7544121742248535,6,3,0,1,0.8793532848358154,0.5955212116241455,0.158890962600708,0.21061558658430446,worker1,worker1,worker1,0,0.5955212116241455,0.0,0.0
model_1,553,1,0.45919156074523926,8,8,1,0,0.639806866645813,0.3706202507019043,0.08857131004333496,0.1928853176212325,worker1,worker1,worker1,0,0.3706202507019043,0.0,0.0
model_1,554,1,0.5658395290374756,9,9,1,0,0.8258729577064514,0.44564390182495117,0.12019562721252441,0.21241999019931293,worker1,worker1,worker1,0,0.44564390182495117,0.0,0.0
model_1,555,1,0.6795105934143066,4,4,1,1,0.949604868888855,0.5862197875976562,0.09329080581665039,0.13729117208886507,worker1,worker1,worker1,0,0.5862197875976562,0.0,0.0
model_1,556,1,1.019730806350708,0,0,1,2,0.7716735601425171,0.8164234161376953,0.2033073902130127,0.19937358854596648,worker1->worker2,worker1,worker2,0,0.6689655780792236,0.14745783805847168,0.0
model_1,557,1,0.8039629459381104,2,2,1,1,0.8981663584709167,0.6440610885620117,0.15990185737609863,0.19889207355136987,worker1,worker1,worker1,0,0.6440610885620117,0.0,0.0
model_1,558,1,0.6802694797515869,6,6,1,1,0.6908254027366638,0.5880253314971924,0.09224414825439453,0.13559942199388278,worker1,worker1,worker1,0,0.5880253314971924,0.0,0.0
model_1,559,1,0.7308015823364258,6,6,1,1,0.8685495853424072,0.6437959671020508,0.087005615234375,0.11905504494969993,worker1,worker1,worker1,0,0.6437959671020508,0.0,0.0
model_1,560,1,0.5731611251831055,0,2,0,0,0.6834837198257446,0.4340400695800781,0.13912105560302734,0.24272590985402734,worker1,worker1,worker1,0,0.4340400695800781,0.0,0.0
model_1,561,1,0.543074369430542,9,9,1,0,0.9513118267059326,0.3912065029144287,0.15186786651611328,0.2796446952106379,worker1,worker1,worker1,0,0.3912065029144287,0.0,0.0
model_1,562,1,0.8959560394287109,8,8,1,2,0.5512314438819885,0.7212765216827393,0.17467951774597168,0.1949643844773374,worker1->worker2,worker1,worker2,0,0.5823686122894287,0.13890790939331055,0.0
model_1,563,1,0.6611504554748535,3,3,1,1,0.9833804368972778,0.5673971176147461,0.09375333786010742,0.14180333248469384,worker1,worker1,worker1,0,0.5673971176147461,0.0,0.0
model_1,564,1,0.7198023796081543,1,1,1,1,0.902215838432312,0.5935759544372559,0.12622642517089844,0.17536261166518166,worker1,worker1,worker1,0,0.5935759544372559,0.0,0.0
model_1,565,1,0.7317426204681396,6,2,0,1,0.9805353283882141,0.609705924987793,0.12203669548034668,0.16677543724632643,worker1,worker1,worker1,0,0.609705924987793,0.0,0.0
model_1,566,1,0.49567747116088867,1,1,1,0,0.9976773858070374,0.3815000057220459,0.11417746543884277,0.23034628782187008,worker1,worker1,worker1,0,0.3815000057220459,0.0,0.0
model_1,567,1,0.5699934959411621,7,7,1,0,0.7831828594207764,0.4473543167114258,0.12263917922973633,0.2151589098876241,worker1,worker1,worker1,0,0.4473543167114258,0.0,0.0
model_1,568,1,0.7504227161407471,4,6,0,1,0.6775137186050415,0.6584219932556152,0.09200072288513184,0.1225985313428018,worker1,worker1,worker1,0,0.6584219932556152,0.0,0.0
model_1,569,1,0.7560136318206787,3,3,1,1,0.7163835763931274,0.6019034385681152,0.15411019325256348,0.20384578632719333,worker1,worker1,worker1,0,0.6019034385681152,0.0,0.0
model_1,570,1,0.501288652420044,6,6,1,0,0.9470726847648621,0.410874605178833,0.09041404724121094,0.18036324342217594,worker1,worker1,worker1,0,0.410874605178833,0.0,0.0
model_1,571,1,1.236816167831421,6,6,1,3,0.5709851384162903,1.023935317993164,0.21288084983825684,0.17212004126006272,worker1->worker2->worker3,worker1,worker3,0,0.6490702629089355,0.13417983055114746,0.24068522453308105
model_1,572,1,0.5232422351837158,7,3,0,0,0.5076311230659485,0.39545178413391113,0.1277904510498047,0.24422808874542806,worker1,worker1,worker1,0,0.39545178413391113,0.0,0.0
model_1,573,1,0.5044560432434082,2,2,1,0,0.7952687740325928,0.38335275650024414,0.12110328674316406,0.24006707495172136,worker1,worker1,worker1,0,0.38335275650024414,0.0,0.0
model_1,574,1,0.7028353214263916,7,7,1,1,0.9869917631149292,0.6143958568572998,0.0884394645690918,0.125832413188349,worker1,worker1,worker1,0,0.6143958568572998,0.0,0.0
model_1,575,1,0.5727405548095703,3,3,1,0,0.9679815173149109,0.4209165573120117,0.1518239974975586,0.26508337190831255,worker1,worker1,worker1,0,0.4209165573120117,0.0,0.0
model_1,576,1,0.5632555484771729,6,6,1,0,0.8063556551933289,0.46529555320739746,0.09795999526977539,0.17391749719043456,worker1,worker1,worker1,0,0.46529555320739746,0.0,0.0
model_1,577,1,0.8936359882354736,2,8,0,2,0.8322958946228027,0.7410931587219238,0.1525428295135498,0.17069906709414515,worker1->worker2,worker1,worker2,0,0.6081893444061279,0.1329038143157959,0.0
model_1,578,1,0.7403535842895508,9,9,1,1,0.9767935276031494,0.6169395446777344,0.1234140396118164,0.16669607905018183,worker1,worker1,worker1,0,0.6169395446777344,0.0,0.0
model_1,579,1,0.7227838039398193,6,6,1,1,0.9694939255714417,0.6257429122924805,0.09704089164733887,0.1342599144009302,worker1,worker1,worker1,0,0.6257429122924805,0.0,0.0
model_1,580,1,0.684870719909668,3,3,1,1,0.9996851682662964,0.5859451293945312,0.09892559051513672,0.14444418141891752,worker1,worker1,worker1,0,0.5859451293945312,0.0,0.0
model_1,581,1,0.7222747802734375,4,4,1,1,0.745963454246521,0.6338655948638916,0.0884091854095459,0.12240381060526037,worker1,worker1,worker1,0,0.6338655948638916,0.0,0.0
model_1,582,1,0.5731892585754395,4,4,1,0,0.8034778237342834,0.44174933433532715,0.1314399242401123,0.22931330668474667,worker1,worker1,worker1,0,0.44174933433532715,0.0,0.0
model_1,583,1,0.9606468677520752,6,6,1,2,0.9493933320045471,0.7665274143218994,0.19411945343017578,0.20207160398536203,worker1->worker2,worker1,worker2,0,0.6019186973571777,0.16460871696472168,0.0
model_1,584,1,0.6831512451171875,2,2,1,1,0.731514573097229,0.5916275978088379,0.09152364730834961,0.13397274463380313,worker1,worker1,worker1,0,0.5916275978088379,0.0,0.0
model_1,585,1,0.5542998313903809,6,6,1,0,0.9264715909957886,0.4585893154144287,0.09571051597595215,0.17266921358405646,worker1,worker1,worker1,0,0.4585893154144287,0.0,0.0
model_1,586,1,1.177671194076538,6,3,0,3,0.718873918056488,0.9848062992095947,0.19286489486694336,0.1637680329085207,worker1->worker2->worker3,worker1,worker3,0,0.6164803504943848,0.15137267112731934,0.21695327758789062
model_1,587,1,0.5191998481750488,1,1,1,0,0.6936465501785278,0.42730045318603516,0.09189939498901367,0.17700196814778282,worker1,worker1,worker1,0,0.42730045318603516,0.0,0.0
model_1,588,1,0.5672404766082764,9,9,1,0,0.9900612831115723,0.3986504077911377,0.16859006881713867,0.29721092864387255,worker1,worker1,worker1,0,0.3986504077911377,0.0,0.0
model_1,589,1,0.7132740020751953,9,1,0,1,0.49256885051727295,0.6188576221466064,0.09441637992858887,0.13237042097972784,worker1,worker1,worker1,0,0.6188576221466064,0.0,0.0
model_1,590,1,0.5697832107543945,5,5,1,0,0.9805285334587097,0.477128267288208,0.09265494346618652,0.162614379850735,worker1,worker1,worker1,0,0.477128267288208,0.0,0.0
model_1,591,1,0.4942312240600586,8,8,1,0,0.8588029742240906,0.407440185546875,0.0867910385131836,0.1756081653445611,worker1,worker1,worker1,0,0.407440185546875,0.0,0.0
model_1,592,1,0.7295188903808594,4,4,1,1,0.7790113091468811,0.6409895420074463,0.08852934837341309,0.12135305821511302,worker1,worker1,worker1,0,0.6409895420074463,0.0,0.0
model_1,593,1,0.49832940101623535,4,4,1,0,0.9064950346946716,0.4114861488342285,0.08684325218200684,0.17426877082690434,worker1,worker1,worker1,0,0.4114861488342285,0.0,0.0
model_1,594,1,0.552053689956665,7,7,1,0,0.9573854804039001,0.4572927951812744,0.09476089477539062,0.17165159204502217,worker1,worker1,worker1,0,0.4572927951812744,0.0,0.0
model_1,595,1,0.5140082836151123,5,3,0,0,0.9072672128677368,0.38929128646850586,0.12471699714660645,0.24263616194947185,worker1,worker1,worker1,0,0.38929128646850586,0.0,0.0
model_1,596,1,0.5525257587432861,6,6,1,0,0.6500727534294128,0.4026956558227539,0.14983010292053223,0.2711730639695771,worker1,worker1,worker1,0,0.4026956558227539,0.0,0.0
model_1,597,1,0.845247745513916,5,5,1,1,0.5528219938278198,0.6736855506896973,0.17156219482421875,0.20297267367440044,worker1,worker1,worker1,0,0.6736855506896973,0.0,0.0
model_1,598,1,0.6080009937286377,0,0,1,0,0.9350411891937256,0.4434959888458252,0.1645050048828125,0.27056700002078315,worker1,worker1,worker1,0,0.4434959888458252,0.0,0.0
model_1,599,1,0.7441744804382324,4,4,1,1,0.9266934394836426,0.6113111972808838,0.13286328315734863,0.178537811561487,worker1,worker1,worker1,0,0.6113111972808838,0.0,0.0
model_1,600,1,0.5403084754943848,0,9,0,0,0.6189917325973511,0.3868248462677002,0.15348362922668457,0.28406666966726063,worker1,worker1,worker1,0,0.3868248462677002,0.0,0.0
model_1,601,1,0.9626288414001465,7,7,1,2,0.9941891431808472,0.7998068332672119,0.16282200813293457,0.16914308104056958,worker1->worker2,worker1,worker2,0,0.6547946929931641,0.14501214027404785,0.0
model_1,602,1,0.5139644145965576,3,3,1,0,0.8523808121681213,0.4262876510620117,0.0876767635345459,0.17058917124324416,worker1,worker1,worker1,0,0.4262876510620117,0.0,0.0
model_1,603,1,0.7893233299255371,1,1,1,1,0.6630366444587708,0.6987721920013428,0.09055113792419434,0.11471995631085263,worker1,worker1,worker1,0,0.6987721920013428,0.0,0.0
model_1,604,1,0.7116591930389404,1,9,0,1,0.5674668550491333,0.6100888252258301,0.10157036781311035,0.14272332712991828,worker1,worker1,worker1,0,0.6100888252258301,0.0,0.0
model_1,605,1,0.714310884475708,2,0,0,1,0.837785005569458,0.6184353828430176,0.09587550163269043,0.13422097257143353,worker1,worker1,worker1,0,0.6184353828430176,0.0,0.0
model_1,606,1,1.2221858501434326,2,2,1,3,0.5775620937347412,1.0225911140441895,0.19959473609924316,0.1633096440085763,worker1->worker2->worker3,worker1,worker3,0,0.6787679195404053,0.13660478591918945,0.20721840858459473
model_1,607,1,0.4918074607849121,5,5,1,0,0.8536288142204285,0.4050469398498535,0.0867605209350586,0.17641155910199294,worker1,worker1,worker1,0,0.4050469398498535,0.0,0.0
model_1,608,1,0.7548060417175293,6,6,1,1,0.9988320469856262,0.6091945171356201,0.14561152458190918,0.1929125053776415,worker1,worker1,worker1,0,0.6091945171356201,0.0,0.0
model_1,609,1,0.726116418838501,8,7,0,1,0.8476609587669373,0.5837976932525635,0.1423187255859375,0.19599987260113352,worker1,worker1,worker1,0,0.5837976932525635,0.0,0.0
model_1,610,1,0.5047574043273926,7,7,1,0,0.9883291721343994,0.4159584045410156,0.08879899978637695,0.1759241152781202,worker1,worker1,worker1,0,0.4159584045410156,0.0,0.0
model_1,611,1,0.5000317096710205,6,6,1,0,0.8077753186225891,0.39562058448791504,0.10441112518310547,0.20880900783632173,worker1,worker1,worker1,0,0.39562058448791504,0.0,0.0
model_1,612,1,0.5211715698242188,9,9,1,0,0.9998741149902344,0.4096381664276123,0.11153340339660645,0.2140051565633646,worker1,worker1,worker1,0,0.4096381664276123,0.0,0.0
model_1,613,1,0.48962903022766113,4,2,0,0,0.7922919392585754,0.4028317928314209,0.08679723739624023,0.17727142803579768,worker1,worker1,worker1,0,0.4028317928314209,0.0,0.0
model_1,614,1,0.49865269660949707,9,9,1,0,0.9988082647323608,0.40931081771850586,0.08934187889099121,0.17916654115871808,worker1,worker1,worker1,0,0.40931081771850586,0.0,0.0
model_1,615,1,0.7697515487670898,3,5,0,1,0.8760392665863037,0.6033923625946045,0.16635918617248535,0.21612062546537603,worker1,worker1,worker1,0,0.6033923625946045,0.0,0.0
model_1,616,1,0.7836556434631348,8,8,1,1,0.9593281149864197,0.6632583141326904,0.12039732933044434,0.15363550346984536,worker1,worker1,worker1,0,0.6632583141326904,0.0,0.0
model_1,617,1,0.7161717414855957,9,8,0,1,0.9635308980941772,0.6273033618927002,0.08886837959289551,0.12408808452641651,worker1,worker1,worker1,0,0.6273033618927002,0.0,0.0
model_1,618,1,0.9961166381835938,5,5,1,2,0.9598168134689331,0.8485927581787109,0.1475238800048828,0.14809900201435322,worker1->worker2,worker1,worker2,0,0.6641638278961182,0.18442893028259277,0.0
model_1,619,1,0.7793805599212646,9,1,0,1,0.5194798707962036,0.6877374649047852,0.09164309501647949,0.11758452767379463,worker1,worker1,worker1,0,0.6877374649047852,0.0,0.0
model_1,620,1,0.4998021125793457,7,7,1,0,0.9836546778678894,0.4093587398529053,0.09044337272644043,0.1809583642207638,worker1,worker1,worker1,0,0.4093587398529053,0.0,0.0
model_1,621,1,0.605097770690918,5,4,0,0,0.8111891746520996,0.4474825859069824,0.15761518478393555,0.26047887204073816,worker1,worker1,worker1,0,0.4474825859069824,0.0,0.0
model_1,622,1,0.5277721881866455,9,9,1,0,0.9904139637947083,0.4102208614349365,0.11755132675170898,0.22273118853723534,worker1,worker1,worker1,0,0.4102208614349365,0.0,0.0
model_1,623,1,0.49765849113464355,7,5,0,0,0.5809204578399658,0.3804783821105957,0.11718010902404785,0.23546289496011893,worker1,worker1,worker1,0,0.3804783821105957,0.0,0.0
model_1,624,1,0.5277314186096191,9,9,1,0,0.8496429324150085,0.42084479331970215,0.10688662528991699,0.20253981764346052,worker1,worker1,worker1,0,0.42084479331970215,0.0,0.0
model_1,625,1,0.7189121246337891,6,6,1,1,0.9997320771217346,0.6219263076782227,0.0969858169555664,0.13490635869435447,worker1,worker1,worker1,0,0.6219263076782227,0.0,0.0
model_1,626,1,0.5228934288024902,8,8,1,0,0.9751265645027161,0.42941975593566895,0.09347367286682129,0.17876237817884036,worker1,worker1,worker1,0,0.42941975593566895,0.0,0.0
model_1,627,1,0.5219972133636475,6,6,1,0,0.7273893356323242,0.4279460906982422,0.09405112266540527,0.1801755263392276,worker1,worker1,worker1,0,0.4279460906982422,0.0,0.0
model_1,628,1,0.9274783134460449,6,0,0,2,0.8680863976478577,0.7711100578308105,0.15636825561523438,0.1685950532193559,worker1->worker2,worker1,worker2,0,0.6135852336883545,0.15752482414245605,0.0
model_1,629,1,0.5188112258911133,1,1,1,0,0.944318950176239,0.3926723003387451,0.12613892555236816,0.24313067886245365,worker1,worker1,worker1,0,0.3926723003387451,0.0,0.0
model_1,630,1,0.527416467666626,7,5,0,0,0.887203574180603,0.40271782875061035,0.12469863891601562,0.236432964385246,worker1,worker1,worker1,0,0.40271782875061035,0.0,0.0
model_1,631,1,0.5131409168243408,0,1,0,0,0.6175219416618347,0.3870668411254883,0.12607407569885254,0.24569094290722954,worker1,worker1,worker1,0,0.3870668411254883,0.0,0.0
model_1,632,1,0.9740264415740967,7,0,0,2,0.8458537459373474,0.8265752792358398,0.14745116233825684,0.15138312066761264,worker1->worker2,worker1,worker2,0,0.6744956970214844,0.15207958221435547,0.0
model_1,633,1,0.5265955924987793,6,6,1,0,0.8032706379890442,0.3910090923309326,0.13558650016784668,0.2574774686671176,worker1,worker1,worker1,0,0.3910090923309326,0.0,0.0
model_1,634,1,0.57326340675354,2,2,1,0,0.7608509063720703,0.46007347106933594,0.1131899356842041,0.1974483882116467,worker1,worker1,worker1,0,0.46007347106933594,0.0,0.0
model_1,635,1,0.5674769878387451,3,3,1,0,0.7609851956367493,0.44053030014038086,0.12694668769836426,0.22370367507208516,worker1,worker1,worker1,0,0.44053030014038086,0.0,0.0
model_1,636,1,0.5258133411407471,0,0,1,0,0.8607304096221924,0.40367579460144043,0.12213754653930664,0.23228308790022403,worker1,worker1,worker1,0,0.40367579460144043,0.0,0.0
model_1,637,1,0.5096220970153809,6,6,1,0,0.8463597893714905,0.4197509288787842,0.08987116813659668,0.17634864866129282,worker1,worker1,worker1,0,0.4197509288787842,0.0,0.0
model_1,638,1,0.7940690517425537,3,6,0,1,0.6975107789039612,0.6249346733093262,0.16913437843322754,0.21299706626529358,worker1,worker1,worker1,0,0.6249346733093262,0.0,0.0
model_1,639,1,1.015929937362671,5,5,1,2,0.9361771941184998,0.7737388610839844,0.24219107627868652,0.23839348302640692,worker1->worker2,worker1,worker2,0,0.5961236953735352,0.17761516571044922,0.0
model_1,640,1,0.5303480625152588,1,1,1,0,0.9951743483543396,0.4351062774658203,0.09524178504943848,0.17958354480968478,worker1,worker1,worker1,0,0.4351062774658203,0.0,0.0
model_1,641,1,0.7537798881530762,9,1,0,1,0.9301323890686035,0.603363037109375,0.15041685104370117,0.19955009865314263,worker1,worker1,worker1,0,0.603363037109375,0.0,0.0
model_1,642,1,0.504033088684082,2,2,1,0,0.6758894324302673,0.40040063858032227,0.10363245010375977,0.20560644217688362,worker1,worker1,worker1,0,0.40040063858032227,0.0,0.0
model_1,643,1,0.7711300849914551,5,5,1,1,0.8096495270729065,0.6779448986053467,0.0931851863861084,0.12084236914079288,worker1,worker1,worker1,0,0.6779448986053467,0.0,0.0
model_1,644,1,0.5422704219818115,5,5,1,0,0.8104494214057922,0.3862321376800537,0.1560382843017578,0.2877499453713364,worker1,worker1,worker1,0,0.3862321376800537,0.0,0.0
model_1,645,1,0.7875523567199707,4,4,1,1,0.9281070232391357,0.6630806922912598,0.12447166442871094,0.15804874859001813,worker1,worker1,worker1,0,0.6630806922912598,0.0,0.0
model_1,646,1,1.017876148223877,7,7,1,2,0.9967628717422485,0.8463408946990967,0.17153525352478027,0.16852271646614114,worker1->worker2,worker1,worker2,0,0.6560983657836914,0.19024252891540527,0.0
model_1,647,1,0.575477123260498,3,3,1,0,0.9763904809951782,0.4543330669403076,0.12114405632019043,0.21051063791001962,worker1,worker1,worker1,0,0.4543330669403076,0.0,0.0
model_1,648,1,0.5427193641662598,4,4,1,0,0.9072713255882263,0.4535999298095703,0.08911943435668945,0.16420905580473832,worker1,worker1,worker1,0,0.4535999298095703,0.0,0.0
model_1,649,1,0.773643970489502,0,0,1,1,0.9310781359672546,0.6251673698425293,0.14847660064697266,0.1919185133092011,worker1,worker1,worker1,0,0.6251673698425293,0.0,0.0
model_1,650,1,0.7692620754241943,1,1,1,1,0.9977794289588928,0.6085615158081055,0.16070055961608887,0.20890222558739,worker1,worker1,worker1,0,0.6085615158081055,0.0,0.0
model_1,651,1,0.5361440181732178,4,4,1,0,0.9762536883354187,0.44047117233276367,0.0956728458404541,0.1784461685620151,worker1,worker1,worker1,0,0.44047117233276367,0.0,0.0
model_1,652,1,0.5601942539215088,6,6,1,0,0.8658854961395264,0.3954591751098633,0.1647350788116455,0.2940677767728893,worker1,worker1,worker1,0,0.3954591751098633,0.0,0.0
model_1,653,1,0.8337445259094238,1,1,1,1,0.7675718069076538,0.7092728614807129,0.12447166442871094,0.14929233183623117,worker1,worker1,worker1,0,0.7092728614807129,0.0,0.0
model_1,654,1,0.9133496284484863,3,4,0,2,0.6405245065689087,0.7526326179504395,0.16071701049804688,0.17596439029712863,worker1->worker2,worker1,worker2,0,0.5859580039978027,0.16667461395263672,0.0
model_1,655,1,0.5343542098999023,6,2,0,0,0.9013439416885376,0.3849513530731201,0.14940285682678223,0.2795951712531076,worker1,worker1,worker1,0,0.3849513530731201,0.0,0.0
model_1,656,1,0.4970433712005615,4,7,0,0,0.687330424785614,0.3835568428039551,0.11348652839660645,0.22832319063523654,worker1,worker1,worker1,0,0.3835568428039551,0.0,0.0
model_1,657,1,0.5740656852722168,1,1,1,0,0.8392543196678162,0.44699978828430176,0.12706589698791504,0.2213438291955415,worker1,worker1,worker1,0,0.44699978828430176,0.0,0.0
model_1,658,1,0.5285434722900391,9,9,1,0,0.9909571409225464,0.4051933288574219,0.12335014343261719,0.23337747961993294,worker1,worker1,worker1,0,0.4051933288574219,0.0,0.0
model_1,659,1,0.5784416198730469,6,4,0,0,0.7734686136245728,0.4582650661468506,0.12017655372619629,0.20775917499258087,worker1,worker1,worker1,0,0.4582650661468506,0.0,0.0
model_1,660,1,0.4722309112548828,0,0,1,0,0.7048603296279907,0.3824179172515869,0.0898129940032959,0.19018872306480603,worker1,worker1,worker1,0,0.3824179172515869,0.0,0.0
model_1,661,1,0.500114917755127,4,4,1,0,0.7254711985588074,0.3888401985168457,0.11127471923828125,0.22249830046614424,worker1,worker1,worker1,0,0.3888401985168457,0.0,0.0
model_1,662,1,0.5116739273071289,0,0,1,0,0.9707264304161072,0.41742491722106934,0.09424901008605957,0.1841974059184126,worker1,worker1,worker1,0,0.41742491722106934,0.0,0.0
model_1,663,1,0.514462947845459,3,3,1,0,0.8059354424476624,0.4238133430480957,0.09064960479736328,0.17620239742628419,worker1,worker1,worker1,0,0.4238133430480957,0.0,0.0
model_1,664,1,0.5699143409729004,5,6,0,0,0.7221587300300598,0.4543933868408203,0.11552095413208008,0.20269880195482418,worker1,worker1,worker1,0,0.4543933868408203,0.0,0.0
model_1,665,1,0.7657792568206787,4,4,1,1,0.9262468218803406,0.6385746002197266,0.12720465660095215,0.1661113897614224,worker1,worker1,worker1,0,0.6385746002197266,0.0,0.0
model_1,666,1,0.9310648441314697,6,2,0,2,0.47634804248809814,0.7367708683013916,0.19429397583007812,0.2086793170794913,worker1->worker2,worker1,worker2,0,0.5896282196044922,0.14714264869689941,0.0
model_1,667,1,0.785015344619751,8,8,1,1,0.8459663391113281,0.6913120746612549,0.0937032699584961,0.11936488961739274,worker1,worker1,worker1,0,0.6913120746612549,0.0,0.0
model_1,668,1,0.5388731956481934,3,3,1,0,0.9396432638168335,0.4400825500488281,0.09879064559936523,0.18332818629164346,worker1,worker1,worker1,0,0.4400825500488281,0.0,0.0
model_1,669,1,0.961646318435669,8,8,1,2,0.9960811734199524,0.7813420295715332,0.18030428886413574,0.1874954288364985,worker1->worker2,worker1,worker2,0,0.6332142353057861,0.14812779426574707,0.0
model_1,670,1,0.5287296772003174,7,4,0,0,0.49782252311706543,0.4046363830566406,0.12409329414367676,0.23470083011183446,worker1,worker1,worker1,0,0.4046363830566406,0.0,0.0
model_1,671,1,0.688018798828125,4,4,1,1,0.8737890124320984,0.5994434356689453,0.08857536315917969,0.12873974273674874,worker1,worker1,worker1,0,0.5994434356689453,0.0,0.0
model_1,672,1,0.49792933464050293,6,3,0,0,0.9381171464920044,0.40788745880126953,0.0900418758392334,0.18083263944318967,worker1,worker1,worker1,0,0.40788745880126953,0.0,0.0
model_1,673,1,0.9487767219543457,0,0,1,2,0.8319463133811951,0.7374980449676514,0.21127867698669434,0.22268535061809924,worker1->worker2,worker1,worker2,0,0.5985095500946045,0.13898849487304688,0.0
model_1,674,1,0.4889822006225586,9,9,1,0,0.7875368595123291,0.3997924327850342,0.08918976783752441,0.18239880250031693,worker1,worker1,worker1,0,0.3997924327850342,0.0,0.0
model_1,675,1,0.7471051216125488,2,2,1,1,0.904707670211792,0.6536667346954346,0.09343838691711426,0.12506725521495182,worker1,worker1,worker1,0,0.6536667346954346,0.0,0.0
model_1,676,1,0.5135476589202881,3,3,1,0,0.6976746320724487,0.42842769622802734,0.08511996269226074,0.16574890609222484,worker1,worker1,worker1,0,0.42842769622802734,0.0,0.0
model_1,677,1,0.8208012580871582,7,7,1,1,0.9574529528617859,0.6498072147369385,0.17099404335021973,0.20832575689359192,worker1,worker1,worker1,0,0.6498072147369385,0.0,0.0
model_1,678,1,1.0079922676086426,4,4,1,2,0.6938235759735107,0.7836019992828369,0.22439026832580566,0.22261110083527563,worker1->worker2,worker1,worker2,0,0.6338672637939453,0.1497347354888916,0.0
model_1,679,1,0.7354245185852051,4,7,0,1,0.8773158192634583,0.6432461738586426,0.0921783447265625,0.1253403203144401,worker1,worker1,worker1,0,0.6432461738586426,0.0,0.0
model_1,680,1,0.8171453475952148,5,5,1,1,0.7513871788978577,0.6537933349609375,0.16335201263427734,0.1999056999039493,worker1,worker1,worker1,0,0.6537933349609375,0.0,0.0
model_1,681,1,1.2299764156341553,4,7,0,3,0.3766201138496399,1.007873296737671,0.22210311889648438,0.18057510377706854,worker1->worker2->worker3,worker1,worker3,0,0.6557817459106445,0.14209580421447754,0.20999574661254883
model_1,682,1,0.7369866371154785,0,0,1,1,0.8636609315872192,0.6014976501464844,0.13548898696899414,0.18384185023936106,worker1,worker1,worker1,0,0.6014976501464844,0.0,0.0
model_1,683,1,0.7214107513427734,3,3,1,1,0.9988152980804443,0.6240708827972412,0.09733986854553223,0.13492988337691386,worker1,worker1,worker1,0,0.6240708827972412,0.0,0.0
model_1,684,1,0.5684018135070801,3,1,0,0,0.7829423546791077,0.39731335639953613,0.17108845710754395,0.30099914011870554,worker1,worker1,worker1,0,0.39731335639953613,0.0,0.0
model_1,685,1,0.5146002769470215,7,7,1,0,0.969474196434021,0.40502476692199707,0.10957551002502441,0.21293325117332826,worker1,worker1,worker1,0,0.40502476692199707,0.0,0.0
model_1,686,1,0.7549488544464111,5,5,1,1,0.9099974036216736,0.6372990608215332,0.11764979362487793,0.15583809808036356,worker1,worker1,worker1,0,0.6372990608215332,0.0,0.0
model_1,687,1,0.5114784240722656,3,6,0,0,0.8003507256507874,0.3846137523651123,0.12686467170715332,0.24803523616321477,worker1,worker1,worker1,0,0.3846137523651123,0.0,0.0
model_1,688,1,0.5956521034240723,6,6,1,0,0.9264360666275024,0.45195603370666504,0.14369606971740723,0.2412416054461632,worker1,worker1,worker1,0,0.45195603370666504,0.0,0.0
model_1,689,1,0.5844054222106934,9,9,1,0,0.9368136525154114,0.4880716800689697,0.09633374214172363,0.16484060291109484,worker1,worker1,worker1,0,0.4880716800689697,0.0,0.0
model_1,690,1,0.5175514221191406,8,8,1,0,0.9441171288490295,0.4212174415588379,0.09633398056030273,0.18613412395981516,worker1,worker1,worker1,0,0.4212174415588379,0.0,0.0
model_1,691,1,0.8654189109802246,5,5,1,1,0.995208203792572,0.7508838176727295,0.11453509330749512,0.13234641842730926,worker1,worker1,worker1,0,0.7508838176727295,0.0,0.0
model_1,692,1,0.5300078392028809,0,0,1,0,0.9062394499778748,0.39315056800842285,0.136857271194458,0.25821744712358985,worker1,worker1,worker1,0,0.39315056800842285,0.0,0.0
model_1,693,1,0.6148219108581543,7,7,1,0,0.9689707159996033,0.48909544944763184,0.12572646141052246,0.2044924866698982,worker1,worker1,worker1,0,0.48909544944763184,0.0,0.0
model_1,694,1,0.5332882404327393,5,5,1,0,0.9644933938980103,0.44583940505981445,0.0874488353729248,0.16398043073660135,worker1,worker1,worker1,0,0.44583940505981445,0.0,0.0
model_1,695,1,0.7328994274139404,6,2,0,1,0.9970666766166687,0.6422004699707031,0.0906989574432373,0.12375362027948573,worker1,worker1,worker1,0,0.6422004699707031,0.0,0.0
model_1,696,1,1.2513482570648193,5,5,1,3,0.9971641898155212,1.0609633922576904,0.1903848648071289,0.15214378869532164,worker1->worker2->worker3,worker1,worker3,0,0.661238431930542,0.17296886444091797,0.22675609588623047
model_1,697,1,0.7393743991851807,4,2,0,1,0.971738338470459,0.5871741771697998,0.15220022201538086,0.205850002628048,worker1,worker1,worker1,0,0.5871741771697998,0.0,0.0
model_1,698,1,0.5721025466918945,8,8,1,0,0.8037562370300293,0.44248414039611816,0.12961840629577637,0.22656498742275705,worker1,worker1,worker1,0,0.44248414039611816,0.0,0.0
model_1,699,1,0.5535578727722168,8,8,1,0,0.924089252948761,0.45986247062683105,0.09369540214538574,0.1692603551570125,worker1,worker1,worker1,0,0.45986247062683105,0.0,0.0
model_1,700,1,0.8266491889953613,5,5,1,1,0.8592778444290161,0.6627929210662842,0.16385626792907715,0.19821741811446525,worker1,worker1,worker1,0,0.6627929210662842,0.0,0.0
model_1,701,1,0.7293546199798584,2,2,1,1,0.9982438087463379,0.639514684677124,0.08983993530273438,0.12317730338804923,worker1,worker1,worker1,0,0.639514684677124,0.0,0.0
model_1,702,1,1.2290809154510498,2,2,1,3,0.7000983357429504,1.0355751514434814,0.19350576400756836,0.15743940173097176,worker1->worker2->worker3,worker1,worker3,0,0.6657979488372803,0.1534571647644043,0.21632003784179688
model_1,703,1,0.7958250045776367,3,3,1,1,0.8939327001571655,0.6367745399475098,0.15905046463012695,0.19985607855402687,worker1,worker1,worker1,0,0.6367745399475098,0.0,0.0
model_1,704,1,0.6767888069152832,5,2,0,1,0.6738492250442505,0.5499305725097656,0.12685823440551758,0.18744138955802356,worker1,worker1,worker1,0,0.5499305725097656,0.0,0.0
model_1,705,1,0.5415647029876709,6,6,1,0,0.7476658225059509,0.45119619369506836,0.09036850929260254,0.16686558188534648,worker1,worker1,worker1,0,0.45119619369506836,0.0,0.0
model_1,706,1,0.5020456314086914,1,1,1,0,0.9981746673583984,0.4117472171783447,0.09029841423034668,0.17986096996198947,worker1,worker1,worker1,0,0.4117472171783447,0.0,0.0
model_1,707,1,1.0371108055114746,6,2,0,2,0.7221681475639343,0.8289978504180908,0.2081129550933838,0.20066607539659004,worker1->worker2,worker1,worker2,0,0.6769251823425293,0.15207266807556152,0.0
model_1,708,1,0.7545750141143799,5,5,1,1,0.9992654919624329,0.6628437042236328,0.09173130989074707,0.12156685309598957,worker1,worker1,worker1,0,0.6628437042236328,0.0,0.0
model_1,709,1,0.4935014247894287,6,2,0,0,0.9756025075912476,0.4052457809448242,0.08825564384460449,0.17883564142142475,worker1,worker1,worker1,0,0.4052457809448242,0.0,0.0
model_1,710,1,0.9792325496673584,4,7,0,2,0.7436521053314209,0.823124885559082,0.15610766410827637,0.1594183773418332,worker1->worker2,worker1,worker2,0,0.6769828796386719,0.14614200592041016,0.0
model_1,711,1,0.5282671451568604,4,4,1,0,0.627048671245575,0.3978404998779297,0.13042664527893066,0.24689524320162404,worker1,worker1,worker1,0,0.3978404998779297,0.0,0.0
model_1,712,1,0.6949591636657715,4,3,0,1,0.5265139937400818,0.587012767791748,0.10794639587402344,0.15532768185202084,worker1,worker1,worker1,0,0.587012767791748,0.0,0.0
model_1,713,1,0.7939844131469727,6,2,0,1,0.8968899250030518,0.6726319789886475,0.1213524341583252,0.15283981920670517,worker1,worker1,worker1,0,0.6726319789886475,0.0,0.0
model_1,714,1,0.777432918548584,6,1,0,1,0.7533208131790161,0.6852381229400635,0.09219479560852051,0.11858874689875766,worker1,worker1,worker1,0,0.6852381229400635,0.0,0.0
model_1,715,1,0.5723488330841064,5,5,1,0,0.9836902022361755,0.4209709167480469,0.15137791633605957,0.26448541096931816,worker1,worker1,worker1,0,0.4209709167480469,0.0,0.0
model_1,716,1,0.5183594226837158,5,5,1,0,0.8732824325561523,0.40647029876708984,0.11188912391662598,0.21585239704400372,worker1,worker1,worker1,0,0.40647029876708984,0.0,0.0
model_1,717,1,0.5141692161560059,9,9,1,0,0.9973704814910889,0.39754271507263184,0.11662650108337402,0.2268251334751009,worker1,worker1,worker1,0,0.39754271507263184,0.0,0.0
model_1,718,1,0.6022462844848633,8,8,1,0,0.7053479552268982,0.5039992332458496,0.09824705123901367,0.16313434183002085,worker1,worker1,worker1,0,0.5039992332458496,0.0,0.0
model_1,719,1,0.561150312423706,0,0,1,0,0.8963152170181274,0.4639303684234619,0.09721994400024414,0.17325116256343912,worker1,worker1,worker1,0,0.4639303684234619,0.0,0.0
model_1,720,1,0.5726990699768066,8,8,1,0,0.8438474535942078,0.46044206619262695,0.11225700378417969,0.19601394461619417,worker1,worker1,worker1,0,0.46044206619262695,0.0,0.0
model_1,721,1,0.7441344261169434,9,9,1,1,0.9971688389778137,0.6514678001403809,0.0926666259765625,0.12452941662720442,worker1,worker1,worker1,0,0.6514678001403809,0.0,0.0
model_1,722,1,0.9836094379425049,5,7,0,2,0.7855634689331055,0.8112359046936035,0.17237353324890137,0.17524591224893996,worker1->worker2,worker1,worker2,0,0.6625802516937256,0.14865565299987793,0.0
model_1,723,1,0.76369309425354,3,2,0,1,0.7680737972259521,0.6663532257080078,0.09733986854553223,0.12745940650501178,worker1,worker1,worker1,0,0.6663532257080078,0.0,0.0
model_1,724,1,0.9496588706970215,3,5,0,2,0.9246160984039307,0.7990601062774658,0.15059876441955566,0.15858195933980024,worker1->worker2,worker1,worker2,0,0.6488950252532959,0.15016508102416992,0.0
model_1,725,1,0.7395479679107666,7,5,0,1,0.638232409954071,0.6028695106506348,0.13667845726013184,0.18481351202444704,worker1,worker1,worker1,0,0.6028695106506348,0.0,0.0
model_1,726,1,0.8137240409851074,7,7,1,1,0.8181398510932922,0.6861684322357178,0.12755560874938965,0.15675536462578735,worker1,worker1,worker1,0,0.6861684322357178,0.0,0.0
model_1,727,1,0.48143482208251953,3,3,1,0,0.8236808776855469,0.3899714946746826,0.09146332740783691,0.18998070603243525,worker1,worker1,worker1,0,0.3899714946746826,0.0,0.0
model_1,728,1,0.5620219707489014,6,6,1,0,0.783084511756897,0.44675111770629883,0.11527085304260254,0.20510026127448838,worker1,worker1,worker1,0,0.44675111770629883,0.0,0.0
model_1,729,1,0.7523081302642822,3,3,1,1,0.7827802300453186,0.6354246139526367,0.11688351631164551,0.15536654677729575,worker1,worker1,worker1,0,0.6354246139526367,0.0,0.0
model_1,730,1,0.7655353546142578,9,9,1,1,0.9945143461227417,0.6254861354827881,0.14004921913146973,0.18294284945473027,worker1,worker1,worker1,0,0.6254861354827881,0.0,0.0
model_1,731,1,0.7860472202301025,6,6,1,1,0.9747092723846436,0.6886007785797119,0.09744644165039062,0.12397021342033976,worker1,worker1,worker1,0,0.6886007785797119,0.0,0.0
model_1,732,1,0.8111374378204346,6,6,1,1,0.7209840416908264,0.7161989212036133,0.09493851661682129,0.11704368728427289,worker1,worker1,worker1,0,0.7161989212036133,0.0,0.0
model_1,733,1,0.6151902675628662,8,8,1,0,0.904219388961792,0.44731855392456055,0.16787171363830566,0.27287771359476337,worker1,worker1,worker1,0,0.44731855392456055,0.0,0.0
model_1,734,1,0.5678260326385498,1,1,1,0,0.8571351170539856,0.4536278247833252,0.11419820785522461,0.20111478039246147,worker1,worker1,worker1,0,0.4536278247833252,0.0,0.0
model_1,735,1,0.7417304515838623,0,0,1,1,0.8023911118507385,0.6515634059906006,0.09016704559326172,0.12156308993479036,worker1,worker1,worker1,0,0.6515634059906006,0.0,0.0
model_1,736,1,0.5934538841247559,8,8,1,0,0.9041509032249451,0.4701058864593506,0.12334799766540527,0.2078476541565192,worker1,worker1,worker1,0,0.4701058864593506,0.0,0.0
model_1,737,1,0.818228006362915,3,5,0,1,0.9692856669425964,0.6629581451416016,0.15526986122131348,0.1897635622514312,worker1,worker1,worker1,0,0.6629581451416016,0.0,0.0
model_1,738,1,0.5385270118713379,0,0,1,0,0.9375258088111877,0.4342787265777588,0.1042482852935791,0.19358042028630046,worker1,worker1,worker1,0,0.4342787265777588,0.0,0.0
model_1,739,1,0.9583301544189453,3,2,0,2,0.9233812093734741,0.807232141494751,0.15109801292419434,0.15766801475198083,worker1->worker2,worker1,worker2,0,0.6867859363555908,0.12044620513916016,0.0
model_1,740,1,0.4801197052001953,0,0,1,0,0.9423198103904724,0.3902556896209717,0.08986401557922363,0.18717002157150178,worker1,worker1,worker1,0,0.3902556896209717,0.0,0.0
model_1,741,1,0.5851905345916748,6,6,1,0,0.7034197449684143,0.4623899459838867,0.12280058860778809,0.2098471888194056,worker1,worker1,worker1,0,0.4623899459838867,0.0,0.0
model_1,742,1,0.5613563060760498,2,2,1,0,0.9066725373268127,0.45673680305480957,0.10461950302124023,0.18636915963863226,worker1,worker1,worker1,0,0.45673680305480957,0.0,0.0
model_1,743,1,0.7120928764343262,5,5,1,1,0.9634935259819031,0.6238949298858643,0.08819794654846191,0.12385736392996498,worker1,worker1,worker1,0,0.6238949298858643,0.0,0.0
model_1,744,1,0.57314133644104,8,8,1,0,0.75807124376297,0.41506314277648926,0.15807819366455078,0.2758101424792496,worker1,worker1,worker1,0,0.41506314277648926,0.0,0.0
model_1,745,1,0.8842999935150146,8,8,1,2,0.9882510304450989,0.7179694175720215,0.16633057594299316,0.18809292905436284,worker1->worker2,worker1,worker2,0,0.58872389793396,0.12924551963806152,0.0
model_1,746,1,0.5703296661376953,1,9,0,0,0.670065701007843,0.4737670421600342,0.09656262397766113,0.16931018972165462,worker1,worker1,worker1,0,0.4737670421600342,0.0,0.0
model_1,747,1,0.5239613056182861,9,9,1,0,0.9695863723754883,0.423325777053833,0.10063552856445312,0.1920667184491819,worker1,worker1,worker1,0,0.423325777053833,0.0,0.0
model_1,748,1,0.5540482997894287,7,7,1,0,0.9789791703224182,0.46195483207702637,0.09209346771240234,0.16621920462061401,worker1,worker1,worker1,0,0.46195483207702637,0.0,0.0
model_1,749,1,0.5584886074066162,4,4,1,0,0.9872719645500183,0.4078402519226074,0.1506483554840088,0.26974293385062187,worker1,worker1,worker1,0,0.4078402519226074,0.0,0.0
model_1,750,1,0.8135416507720947,9,1,0,1,0.841544508934021,0.7015118598937988,0.1120297908782959,0.137706275729059,worker1,worker1,worker1,0,0.7015118598937988,0.0,0.0
model_1,751,1,0.7618181705474854,5,7,0,1,0.8789544105529785,0.6343026161193848,0.12751555442810059,0.16738318847981892,worker1,worker1,worker1,0,0.6343026161193848,0.0,0.0
model_1,752,1,0.7360162734985352,9,1,0,1,0.9642066955566406,0.6467220783233643,0.0892941951751709,0.12132095225384798,worker1,worker1,worker1,0,0.6467220783233643,0.0,0.0
model_1,753,1,0.8167140483856201,0,0,1,1,0.6518950462341309,0.687039852142334,0.12967419624328613,0.1587755181873143,worker1,worker1,worker1,0,0.687039852142334,0.0,0.0
model_1,754,1,0.6189351081848145,9,9,1,0,0.9528766870498657,0.49505019187927246,0.12388491630554199,0.20015816628800748,worker1,worker1,worker1,0,0.49505019187927246,0.0,0.0
model_1,755,1,0.5703713893890381,6,4,0,0,0.9315599799156189,0.4503598213195801,0.12001156806945801,0.21040951615404518,worker1,worker1,worker1,0,0.4503598213195801,0.0,0.0
model_1,756,1,0.7992658615112305,6,6,1,1,0.9939696788787842,0.7037737369537354,0.09549212455749512,0.11947479450322221,worker1,worker1,worker1,0,0.7037737369537354,0.0,0.0
model_1,757,1,0.7807314395904541,2,2,1,1,0.7024099230766296,0.6928489208221436,0.08788251876831055,0.1125643394281788,worker1,worker1,worker1,0,0.6928489208221436,0.0,0.0
model_1,758,1,0.5710687637329102,6,6,1,0,0.9353289604187012,0.4196434020996094,0.15142536163330078,0.26516134527036167,worker1,worker1,worker1,0,0.4196434020996094,0.0,0.0
model_1,759,1,0.5051321983337402,4,4,1,0,0.8383715152740479,0.41932082176208496,0.08581137657165527,0.16987904721717978,worker1,worker1,worker1,0,0.41932082176208496,0.0,0.0
model_1,760,1,0.5415184497833252,4,4,1,0,0.993286669254303,0.45096588134765625,0.09055256843566895,0.1672197290265941,worker1,worker1,worker1,0,0.45096588134765625,0.0,0.0
model_1,761,1,0.7856407165527344,3,8,0,1,0.8033937215805054,0.6920022964477539,0.09363842010498047,0.11918733096707469,worker1,worker1,worker1,0,0.6920022964477539,0.0,0.0
model_1,762,1,0.7914996147155762,9,9,1,1,0.9996852874755859,0.6710119247436523,0.12048768997192383,0.15222709870202633,worker1,worker1,worker1,0,0.6710119247436523,0.0,0.0
model_1,763,1,0.5926773548126221,5,7,0,0,0.6824979186058044,0.41536712646484375,0.17731022834777832,0.29916821843789837,worker1,worker1,worker1,0,0.41536712646484375,0.0,0.0
model_1,764,1,0.7589437961578369,1,1,1,1,0.9880130290985107,0.6236517429351807,0.13529205322265625,0.178263599897086,worker1,worker1,worker1,0,0.6236517429351807,0.0,0.0
model_1,765,1,0.5229389667510986,5,2,0,0,0.7329216003417969,0.43152809143066406,0.09141087532043457,0.17480218750641138,worker1,worker1,worker1,0,0.43152809143066406,0.0,0.0
model_1,766,1,0.5567545890808105,6,6,1,0,0.9451348781585693,0.4613962173461914,0.09535837173461914,0.17127541219202824,worker1,worker1,worker1,0,0.4613962173461914,0.0,0.0
model_1,767,1,0.7616891860961914,4,4,1,1,0.7265541553497314,0.6598339080810547,0.10185527801513672,0.1337228883833382,worker1,worker1,worker1,0,0.6598339080810547,0.0,0.0
model_1,768,1,0.4905507564544678,8,8,1,0,0.8947103023529053,0.4022183418273926,0.0883324146270752,0.18006783898471898,worker1,worker1,worker1,0,0.4022183418273926,0.0,0.0
model_1,769,1,0.5537943840026855,6,6,1,0,0.9531242847442627,0.4619159698486328,0.09187841415405273,0.16590708899931203,worker1,worker1,worker1,0,0.4619159698486328,0.0,0.0
model_1,770,1,0.5793747901916504,9,1,0,0,0.5954744219779968,0.4721825122833252,0.1071922779083252,0.185013707401503,worker1,worker1,worker1,0,0.4721825122833252,0.0,0.0
model_1,771,1,0.5025427341461182,9,1,0,0,0.8598670363426208,0.40339016914367676,0.0991525650024414,0.19730175816970827,worker1,worker1,worker1,0,0.40339016914367676,0.0,0.0
model_1,772,1,1.2684016227722168,4,7,0,3,0.8078747391700745,1.0698611736297607,0.19854044914245605,0.15652806301881445,worker1->worker2->worker3,worker1,worker3,0,0.7068796157836914,0.16781377792358398,0.19516777992248535
model_1,773,1,0.5622706413269043,9,9,1,0,0.7765659093856812,0.4089090824127197,0.15336155891418457,0.27275398650063987,worker1,worker1,worker1,0,0.4089090824127197,0.0,0.0
model_1,774,1,0.7166004180908203,4,4,1,1,0.9855127930641174,0.623171329498291,0.0934290885925293,0.13037822227545548,worker1,worker1,worker1,0,0.623171329498291,0.0,0.0
model_1,775,1,0.5466468334197998,8,8,1,0,0.8666954040527344,0.44097423553466797,0.10567259788513184,0.19331054608703843,worker1,worker1,worker1,0,0.44097423553466797,0.0,0.0
model_1,776,1,0.5533266067504883,4,4,1,0,0.8097649216651917,0.44218921661376953,0.11113739013671875,0.20085314673262036,worker1,worker1,worker1,0,0.44218921661376953,0.0,0.0
model_1,777,1,0.5248386859893799,9,9,1,0,0.9756407737731934,0.40387511253356934,0.12096357345581055,0.2304776242394949,worker1,worker1,worker1,0,0.40387511253356934,0.0,0.0
model_1,778,1,0.506260871887207,7,7,1,0,0.9861412048339844,0.4138832092285156,0.0923776626586914,0.18247047676098657,worker1,worker1,worker1,0,0.4138832092285156,0.0,0.0
model_1,779,1,1.3220109939575195,0,0,1,3,0.592857837677002,1.064138650894165,0.2578723430633545,0.19506066457995036,worker1->worker2->worker3,worker1,worker3,0,0.7274079322814941,0.15984487533569336,0.17688584327697754
model_1,780,1,0.8195250034332275,6,6,1,1,0.9695234894752502,0.656512975692749,0.16301202774047852,0.19891037742298762,worker1,worker1,worker1,0,0.656512975692749,0.0,0.0
model_1,781,1,0.4991116523742676,0,0,1,0,0.9351568222045898,0.3846282958984375,0.11448335647583008,0.2293742410765893,worker1,worker1,worker1,0,0.3846282958984375,0.0,0.0
model_1,782,1,0.5133705139160156,7,7,1,0,0.9803531169891357,0.42086291313171387,0.09250760078430176,0.18019656033348938,worker1,worker1,worker1,0,0.42086291313171387,0.0,0.0
model_1,783,1,0.5864791870117188,1,1,1,0,0.7699329853057861,0.42304396629333496,0.1634352207183838,0.2786718170701565,worker1,worker1,worker1,0,0.42304396629333496,0.0,0.0
model_1,784,1,1.0129971504211426,1,9,0,2,0.692227840423584,0.7634294033050537,0.24956774711608887,0.24636569511803047,worker1->worker2,worker1,worker2,0,0.6112651824951172,0.15216422080993652,0.0
model_1,785,1,0.5827441215515137,8,0,0,0,0.6154959201812744,0.41288280487060547,0.1698613166809082,0.291485251243144,worker1,worker1,worker1,0,0.41288280487060547,0.0,0.0
model_1,786,1,0.55118727684021,9,9,1,0,0.8521648049354553,0.38488006591796875,0.1663072109222412,0.30172541695017013,worker1,worker1,worker1,0,0.38488006591796875,0.0,0.0
model_1,787,1,0.7885596752166748,4,4,1,1,0.8173848986625671,0.6908571720123291,0.0977025032043457,0.12389994857079105,worker1,worker1,worker1,0,0.6908571720123291,0.0,0.0
model_1,788,1,0.6054995059967041,7,7,1,0,0.9362266659736633,0.4892446994781494,0.11625480651855469,0.19199818557603826,worker1,worker1,worker1,0,0.4892446994781494,0.0,0.0
model_1,789,1,0.49045348167419434,0,0,1,0,0.8125140070915222,0.3963046073913574,0.09414887428283691,0.1919629033144055,worker1,worker1,worker1,0,0.3963046073913574,0.0,0.0
model_1,790,1,0.7880127429962158,2,2,1,1,0.6850305199623108,0.6693024635314941,0.11871027946472168,0.15064512664269408,worker1,worker1,worker1,0,0.6693024635314941,0.0,0.0
model_1,791,1,0.726318359375,7,1,0,1,0.6844034790992737,0.6085765361785889,0.11774182319641113,0.16210773371848738,worker1,worker1,worker1,0,0.6085765361785889,0.0,0.0
model_1,792,1,0.5476431846618652,5,5,1,0,0.7747259736061096,0.44911813735961914,0.0985250473022461,0.17990737411089855,worker1,worker1,worker1,0,0.44911813735961914,0.0,0.0
model_1,793,1,0.8119535446166992,9,9,1,1,0.9376912117004395,0.7199392318725586,0.09201431274414062,0.11332460256402728,worker1,worker1,worker1,0,0.7199392318725586,0.0,0.0
model_1,794,1,0.5161762237548828,0,0,1,0,0.7621073126792908,0.41144680976867676,0.10472941398620605,0.202894688221709,worker1,worker1,worker1,0,0.41144680976867676,0.0,0.0
model_1,795,1,1.046121597290039,5,5,1,2,0.6421955823898315,0.8395297527313232,0.20659184455871582,0.19748358612793065,worker1->worker2,worker1,worker2,0,0.6899383068084717,0.14959144592285156,0.0
model_1,796,1,0.741569995880127,3,3,1,1,0.9647925496101379,0.644334077835083,0.09723591804504395,0.13112169934766604,worker1,worker1,worker1,0,0.644334077835083,0.0,0.0
model_1,797,1,0.7873201370239258,3,5,0,1,0.9934712648391724,0.6950359344482422,0.0922842025756836,0.11721306014668742,worker1,worker1,worker1,0,0.6950359344482422,0.0,0.0
model_1,798,1,0.700446367263794,4,4,1,1,0.9986246824264526,0.6107027530670166,0.08974361419677734,0.12812346296740681,worker1,worker1,worker1,0,0.6107027530670166,0.0,0.0
model_1,799,1,0.4864180088043213,1,1,1,0,0.5372281670570374,0.395888090133667,0.0905299186706543,0.18611547482213622,worker1,worker1,worker1,0,0.395888090133667,0.0,0.0
model_1,800,1,0.7794790267944336,3,3,1,1,0.8186155557632446,0.682603120803833,0.09687590599060059,0.12428288980268994,worker1,worker1,worker1,0,0.682603120803833,0.0,0.0
model_1,801,1,0.5499415397644043,8,8,1,0,0.9005711674690247,0.45739221572875977,0.09254932403564453,0.1682893859505372,worker1,worker1,worker1,0,0.45739221572875977,0.0,0.0
model_1,802,1,0.5356526374816895,6,6,1,0,0.9830332398414612,0.43706393241882324,0.09858870506286621,0.18405342971215433,worker1,worker1,worker1,0,0.43706393241882324,0.0,0.0
model_1,803,1,0.9987654685974121,2,2,1,2,0.5702559351921082,0.8453969955444336,0.15336847305297852,0.15355804528199915,worker1->worker2,worker1,worker2,0,0.6864631175994873,0.1589338779449463,0.0
model_1,804,1,1.0097594261169434,8,8,1,2,0.9523360133171082,0.7877099514007568,0.22204947471618652,0.21990334427486719,worker1->worker2,worker1,worker2,0,0.6320650577545166,0.15564489364624023,0.0
model_1,805,1,0.6044189929962158,0,0,1,0,0.9803082942962646,0.44690799713134766,0.15751099586486816,0.26059901771791993,worker1,worker1,worker1,0,0.44690799713134766,0.0,0.0
model_1,806,1,0.7293210029602051,0,0,1,1,0.9954577684402466,0.6309430599212646,0.09837794303894043,0.134889770950842,worker1,worker1,worker1,0,0.6309430599212646,0.0,0.0
model_1,807,1,0.5544328689575195,7,7,1,0,0.8738455772399902,0.3903162479400635,0.16411662101745605,0.2960081016229047,worker1,worker1,worker1,0,0.3903162479400635,0.0,0.0
model_1,808,1,0.5731995105743408,0,0,1,0,0.8824856877326965,0.45847392082214355,0.11472558975219727,0.2001494900741336,worker1,worker1,worker1,0,0.45847392082214355,0.0,0.0
model_1,809,1,0.9427652359008789,4,4,1,2,0.9999340772628784,0.7962400913238525,0.14652514457702637,0.15542060631564467,worker1->worker2,worker1,worker2,0,0.6362419128417969,0.15999817848205566,0.0
model_1,810,1,0.7654399871826172,6,6,1,1,0.9884461164474487,0.6084070205688477,0.15703296661376953,0.20515385822965232,worker1,worker1,worker1,0,0.6084070205688477,0.0,0.0
model_1,811,1,0.5669775009155273,7,7,1,0,0.9207509160041809,0.44980669021606445,0.11717081069946289,0.20665866019420742,worker1,worker1,worker1,0,0.44980669021606445,0.0,0.0
model_1,812,1,0.55165696144104,4,3,0,0,0.9571323990821838,0.4563634395599365,0.09529352188110352,0.17274054084657517,worker1,worker1,worker1,0,0.4563634395599365,0.0,0.0
model_1,813,1,0.801666259765625,6,1,0,1,0.9096251726150513,0.6529836654663086,0.1486825942993164,0.1854669477330694,worker1,worker1,worker1,0,0.6529836654663086,0.0,0.0
model_1,814,1,0.5359041690826416,9,9,1,0,0.9790665507316589,0.41558289527893066,0.12032127380371094,0.22452013017490863,worker1,worker1,worker1,0,0.41558289527893066,0.0,0.0
model_1,815,1,1.331360101699829,6,5,0,3,0.49677520990371704,1.0764005184173584,0.2549595832824707,0.1915030974391888,worker1->worker2->worker3,worker1,worker3,0,0.6808645725250244,0.17165303230285645,0.22388291358947754
model_1,816,1,0.751276969909668,3,5,0,1,0.6208823323249817,0.6580770015716553,0.0931999683380127,0.1240554044259055,worker1,worker1,worker1,0,0.6580770015716553,0.0,0.0
model_1,817,1,0.7301292419433594,3,3,1,1,0.9468253254890442,0.5950071811676025,0.13512206077575684,0.18506594862042122,worker1,worker1,worker1,0,0.5950071811676025,0.0,0.0
model_1,818,1,0.7546532154083252,4,4,1,1,0.9716349244117737,0.6657161712646484,0.08893704414367676,0.1178515407180171,worker1,worker1,worker1,0,0.6657161712646484,0.0,0.0
model_1,819,1,0.6075081825256348,1,1,1,0,0.97966468334198,0.47579455375671387,0.1317136287689209,0.2168096373967161,worker1,worker1,worker1,0,0.47579455375671387,0.0,0.0
model_1,820,1,0.7637507915496826,8,8,1,1,0.8804709911346436,0.6715099811553955,0.09224081039428711,0.12077343999490542,worker1,worker1,worker1,0,0.6715099811553955,0.0,0.0
model_1,821,1,0.553722620010376,0,0,1,0,0.7010943293571472,0.4633631706237793,0.09035944938659668,0.16318540388489722,worker1,worker1,worker1,0,0.4633631706237793,0.0,0.0
model_1,822,1,0.5962538719177246,1,1,1,0,0.9712844491004944,0.43474435806274414,0.16150951385498047,0.2708737359398929,worker1,worker1,worker1,0,0.43474435806274414,0.0,0.0
model_1,823,1,1.1018166542053223,2,2,1,2,0.975197970867157,0.8571560382843018,0.2446606159210205,0.2220520219831677,worker1->worker2,worker1,worker2,0,0.6924986839294434,0.1646573543548584,0.0
model_1,824,1,0.8404483795166016,9,9,1,1,0.7515973448753357,0.6835100650787354,0.1569383144378662,0.18673165213089232,worker1,worker1,worker1,0,0.6835100650787354,0.0,0.0
model_1,825,1,0.8004064559936523,6,6,1,1,0.8942139148712158,0.6356496810913086,0.16475677490234375,0.20584138679617342,worker1,worker1,worker1,0,0.6356496810913086,0.0,0.0
model_1,826,1,0.6321656703948975,9,1,0,0,0.9181298613548279,0.47504568099975586,0.1571199893951416,0.24854242606529525,worker1,worker1,worker1,0,0.47504568099975586,0.0,0.0
model_1,827,1,0.5400969982147217,5,5,1,0,0.9535663723945618,0.4250650405883789,0.11503195762634277,0.2129838862400241,worker1,worker1,worker1,0,0.4250650405883789,0.0,0.0
model_1,828,1,0.6161563396453857,9,9,1,0,0.9792771935462952,0.4953799247741699,0.12077641487121582,0.19601586009928235,worker1,worker1,worker1,0,0.4953799247741699,0.0,0.0
model_1,829,1,0.7300474643707275,3,1,0,1,0.8128195405006409,0.6395163536071777,0.0905311107635498,0.1240071573176192,worker1,worker1,worker1,0,0.6395163536071777,0.0,0.0
model_1,830,1,0.5155167579650879,7,7,1,0,0.999679446220398,0.396989107131958,0.11852765083312988,0.2299200734055611,worker1,worker1,worker1,0,0.396989107131958,0.0,0.0
model_1,831,1,0.5053675174713135,7,9,0,0,0.9097853899002075,0.4173619747161865,0.08800554275512695,0.1741416686127289,worker1,worker1,worker1,0,0.4173619747161865,0.0,0.0
model_1,832,1,0.5972049236297607,7,7,1,0,0.805944561958313,0.43579697608947754,0.1614079475402832,0.2702722987601298,worker1,worker1,worker1,0,0.43579697608947754,0.0,0.0
model_1,833,1,0.5753912925720215,4,4,1,0,0.9811752438545227,0.4516472816467285,0.12374401092529297,0.21506062486999486,worker1,worker1,worker1,0,0.4516472816467285,0.0,0.0
model_1,834,1,0.5443780422210693,7,7,1,0,0.9279646873474121,0.4263885021209717,0.11798954010009766,0.2167419163688139,worker1,worker1,worker1,0,0.4263885021209717,0.0,0.0
model_1,835,1,0.5416469573974609,4,4,1,0,0.7057870626449585,0.3985779285430908,0.14306902885437012,0.2641370488662894,worker1,worker1,worker1,0,0.3985779285430908,0.0,0.0
model_1,836,1,0.7577958106994629,4,7,0,1,0.7003825902938843,0.6494083404541016,0.10838747024536133,0.1430299148068887,worker1,worker1,worker1,0,0.6494083404541016,0.0,0.0
model_1,837,1,1.1079678535461426,7,4,0,2,0.7143769264221191,0.9145839214324951,0.19338393211364746,0.17453929867613596,worker1->worker2,worker1,worker2,0,0.7463030815124512,0.16828083992004395,0.0
model_1,838,1,0.6011354923248291,0,0,1,0,0.9483739137649536,0.4406137466430664,0.1605217456817627,0.2670308902589689,worker1,worker1,worker1,0,0.4406137466430664,0.0,0.0
model_1,839,1,0.7442126274108887,3,3,1,1,0.7918968796730042,0.6248888969421387,0.11932373046875,0.16033553593934108,worker1,worker1,worker1,0,0.6248888969421387,0.0,0.0
model_1,840,1,1.1868133544921875,7,0,0,3,0.7059827446937561,1.005089282989502,0.18172407150268555,0.1531193349104514,worker1->worker2->worker3,worker1,worker3,0,0.6643848419189453,0.1383209228515625,0.20238351821899414
model_1,841,1,0.5277543067932129,8,8,1,0,0.8807522058486938,0.3982062339782715,0.1295480728149414,0.245470422784634,worker1,worker1,worker1,0,0.3982062339782715,0.0,0.0
model_1,842,1,0.7393121719360352,7,7,1,1,0.8669686317443848,0.6196041107177734,0.11970806121826172,0.16191815279435004,worker1,worker1,worker1,0,0.6196041107177734,0.0,0.0
model_1,843,1,0.5535531044006348,3,3,1,0,0.571850061416626,0.4645516872406006,0.08900141716003418,0.16078207574393674,worker1,worker1,worker1,0,0.4645516872406006,0.0,0.0
model_1,844,1,0.6060366630554199,3,3,1,0,0.8701130151748657,0.4532639980316162,0.1527726650238037,0.2520848561431558,worker1,worker1,worker1,0,0.4532639980316162,0.0,0.0
model_1,845,1,0.565272331237793,1,9,0,0,0.8599125742912292,0.3957507610321045,0.16952157020568848,0.29989362796951735,worker1,worker1,worker1,0,0.3957507610321045,0.0,0.0
model_1,846,1,0.8151874542236328,4,4,1,1,0.9753697514533997,0.6890718936920166,0.1261155605316162,0.15470743554527097,worker1,worker1,worker1,0,0.6890718936920166,0.0,0.0
model_1,847,1,0.8290998935699463,3,5,0,1,0.48982512950897217,0.7084674835205078,0.12063241004943848,0.1454980406884607,worker1,worker1,worker1,0,0.7084674835205078,0.0,0.0
model_1,848,1,0.5053300857543945,7,0,0,0,0.7585431933403015,0.4169285297393799,0.08840155601501465,0.17493824038408914,worker1,worker1,worker1,0,0.4169285297393799,0.0,0.0
model_1,849,1,0.6232993602752686,8,8,1,0,0.9781683087348938,0.47476911544799805,0.1485302448272705,0.23829680293859903,worker1,worker1,worker1,0,0.47476911544799805,0.0,0.0
model_1,850,1,0.554847002029419,1,9,0,0,0.8425337672233582,0.4601459503173828,0.09470105171203613,0.1706795771909297,worker1,worker1,worker1,0,0.4601459503173828,0.0,0.0
model_1,851,1,0.610541582107544,7,2,0,0,0.9204412698745728,0.48458170890808105,0.1259598731994629,0.20630842663436422,worker1,worker1,worker1,0,0.48458170890808105,0.0,0.0
model_1,852,1,0.7808845043182373,2,8,0,1,0.8176841139793396,0.6822903156280518,0.09859418869018555,0.12625963013091757,worker1,worker1,worker1,0,0.6822903156280518,0.0,0.0
model_1,853,1,0.5308694839477539,9,9,1,0,0.9723881483078003,0.42731308937072754,0.10355639457702637,0.19506940539686018,worker1,worker1,worker1,0,0.42731308937072754,0.0,0.0
model_1,854,1,0.7737078666687012,3,3,1,1,0.9948490262031555,0.6720912456512451,0.10161662101745605,0.1313371950772318,worker1,worker1,worker1,0,0.6720912456512451,0.0,0.0
model_1,855,1,0.7655308246612549,9,9,1,1,0.984686017036438,0.6641936302185059,0.10133719444274902,0.13237506731043838,worker1,worker1,worker1,0,0.6641936302185059,0.0,0.0
model_1,856,1,0.5464804172515869,9,1,0,0,0.8777807950973511,0.41426801681518555,0.13221240043640137,0.24193437909694365,worker1,worker1,worker1,0,0.41426801681518555,0.0,0.0
model_1,857,1,0.6233413219451904,1,1,1,0,0.9310102462768555,0.5229642391204834,0.10037708282470703,0.16103068943267176,worker1,worker1,worker1,0,0.5229642391204834,0.0,0.0
model_1,858,1,0.7249751091003418,9,9,1,1,0.9989514350891113,0.6283626556396484,0.09661245346069336,0.13326313172404586,worker1,worker1,worker1,0,0.6283626556396484,0.0,0.0
model_1,859,1,0.9522480964660645,3,3,1,1,0.9654654860496521,0.8236463069915771,0.1286017894744873,0.13505071834929136,worker1,worker1,worker1,0,0.8236463069915771,0.0,0.0
model_1,860,1,0.7948911190032959,5,5,1,1,0.4851587414741516,0.6966791152954102,0.09821200370788574,0.12355403320021055,worker1,worker1,worker1,0,0.6966791152954102,0.0,0.0
model_1,861,1,0.5379722118377686,9,9,1,0,0.8976165056228638,0.4445459842681885,0.09342622756958008,0.17366366796237756,worker1,worker1,worker1,0,0.4445459842681885,0.0,0.0
model_1,862,1,0.542618989944458,3,6,0,0,0.7391064167022705,0.4547250270843506,0.08789396286010742,0.16198099308891525,worker1,worker1,worker1,0,0.4547250270843506,0.0,0.0
model_1,863,1,0.5265946388244629,8,0,0,0,0.616523802280426,0.4018590450286865,0.12473559379577637,0.2368721300965546,worker1,worker1,worker1,0,0.4018590450286865,0.0,0.0
model_1,864,1,0.5607903003692627,7,7,1,0,0.6543970108032227,0.467864990234375,0.0929253101348877,0.1657042036456396,worker1,worker1,worker1,0,0.467864990234375,0.0,0.0
model_1,865,1,0.525409460067749,3,3,1,0,0.7035932540893555,0.43478989601135254,0.09061956405639648,0.1724741767015606,worker1,worker1,worker1,0,0.43478989601135254,0.0,0.0
model_1,866,1,0.7526493072509766,4,4,1,1,0.9784913063049316,0.6625866889953613,0.09006261825561523,0.11966080004054687,worker1,worker1,worker1,0,0.6625866889953613,0.0,0.0
model_1,867,1,0.6852066516876221,9,9,1,0,0.9729189276695251,0.5254359245300293,0.15977072715759277,0.23317159394773423,worker1,worker1,worker1,0,0.5254359245300293,0.0,0.0
model_1,868,1,0.779705286026001,2,2,1,1,0.8614194989204407,0.6762924194335938,0.10341286659240723,0.13263071117483574,worker1,worker1,worker1,0,0.6762924194335938,0.0,0.0
model_1,869,1,0.5020148754119873,0,8,0,0,0.843970775604248,0.4016141891479492,0.10040068626403809,0.1999954407359792,worker1,worker1,worker1,0,0.4016141891479492,0.0,0.0
model_1,870,1,0.635643720626831,0,0,1,0,0.8942689895629883,0.5037276744842529,0.13191604614257812,0.2075314234403055,worker1,worker1,worker1,0,0.5037276744842529,0.0,0.0
model_1,871,1,0.7921583652496338,8,8,1,1,0.9966607093811035,0.6926391124725342,0.09951925277709961,0.1256305016052415,worker1,worker1,worker1,0,0.6926391124725342,0.0,0.0
model_1,872,1,0.5001871585845947,8,8,1,0,0.9904881715774536,0.4049379825592041,0.09524917602539062,0.19042707192828,worker1,worker1,worker1,0,0.4049379825592041,0.0,0.0
model_1,873,1,0.9958474636077881,7,7,1,2,0.8073718547821045,0.8339018821716309,0.16194558143615723,0.16262087051912105,worker1->worker2,worker1,worker2,0,0.696929931640625,0.13697195053100586,0.0
model_1,874,1,0.7698922157287598,0,6,0,1,0.7407485842704773,0.679424524307251,0.09046769142150879,0.11750695691327967,worker1,worker1,worker1,0,0.679424524307251,0.0,0.0
model_1,875,1,0.5220074653625488,5,5,1,0,0.8069315552711487,0.43276047706604004,0.08924698829650879,0.17096879684378508,worker1,worker1,worker1,0,0.43276047706604004,0.0,0.0
model_1,876,1,1.2723510265350342,0,0,1,3,0.8934116959571838,1.0221397876739502,0.250211238861084,0.19665267967950542,worker1->worker2->worker3,worker1,worker3,0,0.6632521152496338,0.14766550064086914,0.21122217178344727
model_1,877,1,0.7169077396392822,6,6,1,1,0.9963333606719971,0.6266024112701416,0.09030532836914062,0.12596506269353216,worker1,worker1,worker1,0,0.6266024112701416,0.0,0.0
model_1,878,1,0.5065746307373047,6,6,1,0,0.875029444694519,0.4188652038574219,0.08770942687988281,0.17314216219676118,worker1,worker1,worker1,0,0.4188652038574219,0.0,0.0
model_1,879,1,0.5465672016143799,6,6,1,0,0.7936818599700928,0.4488053321838379,0.09776186943054199,0.17886523220161318,worker1,worker1,worker1,0,0.4488053321838379,0.0,0.0
model_1,880,1,0.8491089344024658,3,3,1,1,0.982628583908081,0.6944000720977783,0.1547088623046875,0.1822014302717932,worker1,worker1,worker1,0,0.6944000720977783,0.0,0.0
model_1,881,1,0.8350124359130859,2,2,1,1,0.7710504531860352,0.744666576385498,0.09034585952758789,0.10819702275307398,worker1,worker1,worker1,0,0.744666576385498,0.0,0.0
model_1,882,1,1.2747483253479004,3,0,0,3,0.9282718300819397,1.0835909843444824,0.19115734100341797,0.14995692655744255,worker1->worker2->worker3,worker1,worker3,0,0.7113983631134033,0.16892290115356445,0.20326972007751465
model_1,883,1,1.1821115016937256,5,3,0,3,0.6235042810440063,0.9519381523132324,0.23017334938049316,0.1947137381293571,worker1->worker2->worker3,worker1,worker3,0,0.6233832836151123,0.15009403228759766,0.17846083641052246
model_1,884,1,0.789506196975708,9,9,1,1,0.9771949648857117,0.6901929378509521,0.09931325912475586,0.12579161443594292,worker1,worker1,worker1,0,0.6901929378509521,0.0,0.0
model_1,885,1,0.7860753536224365,6,2,0,1,0.6415137052536011,0.6337919235229492,0.1522834300994873,0.19372624952267778,worker1,worker1,worker1,0,0.6337919235229492,0.0,0.0
model_1,886,1,0.7244699001312256,3,2,0,1,0.6966888308525085,0.6309609413146973,0.09350895881652832,0.12907224827365602,worker1,worker1,worker1,0,0.6309609413146973,0.0,0.0
model_1,887,1,0.5811643600463867,3,3,1,0,0.931959331035614,0.43404579162597656,0.14711856842041016,0.2531445121801131,worker1,worker1,worker1,0,0.43404579162597656,0.0,0.0
model_1,888,1,1.2783985137939453,5,5,1,3,0.601130485534668,1.043468952178955,0.23492956161499023,0.18376864419044264,worker1->worker2->worker3,worker1,worker3,0,0.693610429763794,0.14367246627807617,0.20618605613708496
model_1,889,1,0.705873966217041,6,6,1,1,0.8988332748413086,0.5726666450500488,0.1332073211669922,0.18871261378413523,worker1,worker1,worker1,0,0.5726666450500488,0.0,0.0
model_1,890,1,0.7477357387542725,3,4,0,1,0.5163466334342957,0.6356906890869141,0.1120450496673584,0.14984578623194528,worker1,worker1,worker1,0,0.6356906890869141,0.0,0.0
model_1,891,1,0.5537576675415039,1,1,1,0,0.9189058542251587,0.42972826957702637,0.12402939796447754,0.2239777527869293,worker1,worker1,worker1,0,0.42972826957702637,0.0,0.0
model_1,892,1,0.8322293758392334,9,1,0,1,0.8570106625556946,0.7008185386657715,0.13141083717346191,0.157902185369202,worker1,worker1,worker1,0,0.7008185386657715,0.0,0.0
model_1,893,1,0.6090679168701172,6,6,1,0,0.9470562934875488,0.49190497398376465,0.11716294288635254,0.192364331860444,worker1,worker1,worker1,0,0.49190497398376465,0.0,0.0
model_1,894,1,0.48133039474487305,4,4,1,0,0.9187469482421875,0.38477516174316406,0.09655523300170898,0.20060073923419616,worker1,worker1,worker1,0,0.38477516174316406,0.0,0.0
model_1,895,1,1.0806903839111328,1,1,1,2,0.9918179512023926,0.8949213027954102,0.18576908111572266,0.17189852327861446,worker1->worker2,worker1,worker2,0,0.7524254322052002,0.14249587059020996,0.0
model_1,896,1,1.0148372650146484,2,2,1,2,0.885890781879425,0.7970733642578125,0.21776390075683594,0.21458011866926532,worker1->worker2,worker1,worker2,0,0.6424262523651123,0.1546471118927002,0.0
model_1,897,1,0.84012770652771,3,3,1,1,0.9920652508735657,0.7448024749755859,0.09532523155212402,0.11346516822556418,worker1,worker1,worker1,0,0.7448024749755859,0.0,0.0
model_1,898,1,0.8054759502410889,2,2,1,1,0.8341140151023865,0.650846004486084,0.15462994575500488,0.19197338630498184,worker1,worker1,worker1,0,0.650846004486084,0.0,0.0
model_1,899,1,0.7574784755706787,7,7,1,1,0.9933757185935974,0.6698575019836426,0.08762097358703613,0.11567453916234799,worker1,worker1,worker1,0,0.6698575019836426,0.0,0.0
model_1,900,1,0.5687370300292969,9,9,1,0,0.9112480878829956,0.4665861129760742,0.10215091705322266,0.1796101038962781,worker1,worker1,worker1,0,0.4665861129760742,0.0,0.0
model_1,901,1,0.8545639514923096,6,6,1,1,0.9214590191841125,0.7156522274017334,0.13891172409057617,0.16255275435852068,worker1,worker1,worker1,0,0.7156522274017334,0.0,0.0
model_1,902,1,0.7829275131225586,3,5,0,1,0.8310816884040833,0.6900796890258789,0.09284782409667969,0.1185905751687965,worker1,worker1,worker1,0,0.6900796890258789,0.0,0.0
model_1,903,1,0.8233866691589355,4,4,1,1,0.9539914727210999,0.6533541679382324,0.17003250122070312,0.2065038305689187,worker1,worker1,worker1,0,0.6533541679382324,0.0,0.0
model_1,904,1,0.846510648727417,4,4,1,1,0.9822826981544495,0.7583785057067871,0.08813214302062988,0.10411226740398527,worker1,worker1,worker1,0,0.7583785057067871,0.0,0.0
model_1,905,1,0.5134425163269043,6,6,1,0,0.9039909839630127,0.408221960067749,0.10522055625915527,0.20493152186127547,worker1,worker1,worker1,0,0.408221960067749,0.0,0.0
model_1,906,1,1.251450777053833,4,4,1,3,0.6591348052024841,1.032027244567871,0.21942353248596191,0.17533532801228432,worker1->worker2->worker3,worker1,worker3,0,0.6744894981384277,0.14593935012817383,0.21159839630126953
model_1,907,1,0.7827715873718262,5,5,1,1,0.9537325501441956,0.6238789558410645,0.15889263153076172,0.20298722397966362,worker1,worker1,worker1,0,0.6238789558410645,0.0,0.0
model_1,908,1,0.7570400238037109,0,0,1,1,0.9962627291679382,0.6643993854522705,0.09264063835144043,0.12237218038482567,worker1,worker1,worker1,0,0.6643993854522705,0.0,0.0
model_1,909,1,0.604116678237915,1,1,1,0,0.8194622993469238,0.5075118541717529,0.09660482406616211,0.15991087077406743,worker1,worker1,worker1,0,0.5075118541717529,0.0,0.0
model_1,910,1,0.7606823444366455,4,4,1,1,0.9669119715690613,0.6563613414764404,0.10432100296020508,0.13714134911000764,worker1,worker1,worker1,0,0.6563613414764404,0.0,0.0
model_1,911,1,0.5471999645233154,1,1,1,0,0.722163736820221,0.41251659393310547,0.13468337059020996,0.24613190665598314,worker1,worker1,worker1,0,0.41251659393310547,0.0,0.0
model_1,912,1,0.8423130512237549,9,0,0,1,0.9668280482292175,0.7083358764648438,0.13397717475891113,0.15905864757083168,worker1,worker1,worker1,0,0.7083358764648438,0.0,0.0
model_1,913,1,0.5819461345672607,4,2,0,0,0.8505160212516785,0.4409453868865967,0.14100074768066406,0.24229175056814015,worker1,worker1,worker1,0,0.4409453868865967,0.0,0.0
model_1,914,1,0.8036372661590576,3,5,0,1,0.9200767278671265,0.7143270969390869,0.0893101692199707,0.1111324387018835,worker1,worker1,worker1,0,0.7143270969390869,0.0,0.0
model_1,915,1,0.7855792045593262,0,1,0,1,0.8952867984771729,0.6925809383392334,0.09299826622009277,0.11838178210465809,worker1,worker1,worker1,0,0.6925809383392334,0.0,0.0
model_1,916,1,0.5203723907470703,9,9,1,0,0.9903342127799988,0.3969876766204834,0.12338471412658691,0.2371084944561532,worker1,worker1,worker1,0,0.3969876766204834,0.0,0.0
model_1,917,1,0.6058096885681152,7,7,1,0,0.9298492670059204,0.49342846870422363,0.1123812198638916,0.18550581475432418,worker1,worker1,worker1,0,0.49342846870422363,0.0,0.0
model_1,918,1,1.0110259056091309,7,7,1,2,0.999890923500061,0.8160748481750488,0.19495105743408203,0.1928249873247574,worker1->worker2,worker1,worker2,0,0.6661727428436279,0.1499021053314209,0.0
model_1,919,1,0.5059769153594971,8,8,1,0,0.9973862767219543,0.4155278205871582,0.09044909477233887,0.1787613071400198,worker1,worker1,worker1,0,0.4155278205871582,0.0,0.0
model_1,920,1,1.0068128108978271,2,2,1,2,0.6392269134521484,0.8412063121795654,0.16560649871826172,0.16448588747155674,worker1->worker2,worker1,worker2,0,0.6835658550262451,0.1576404571533203,0.0
model_1,921,1,0.7798993587493896,3,3,1,1,0.9543235301971436,0.6856889724731445,0.09421038627624512,0.12079813275820167,worker1,worker1,worker1,0,0.6856889724731445,0.0,0.0
model_1,922,1,0.5690135955810547,4,4,1,0,0.9564212560653687,0.4193844795227051,0.1496291160583496,0.262962286350213,worker1,worker1,worker1,0,0.4193844795227051,0.0,0.0
model_1,923,1,0.5536420345306396,1,1,1,0,0.9988794922828674,0.4606609344482422,0.09298110008239746,0.16794443753033297,worker1,worker1,worker1,0,0.4606609344482422,0.0,0.0
model_1,924,1,1.070948839187622,7,1,0,2,0.9099015593528748,0.8640146255493164,0.20693421363830566,0.19322511595911293,worker1->worker2,worker1,worker2,0,0.7239437103271484,0.14007091522216797,0.0
model_1,925,1,0.5205459594726562,9,9,1,0,0.9784696102142334,0.39749670028686523,0.12304925918579102,0.23638500490993566,worker1,worker1,worker1,0,0.39749670028686523,0.0,0.0
model_1,926,1,0.5322709083557129,3,3,1,0,0.9518428444862366,0.3750467300415039,0.15722417831420898,0.2953837526080557,worker1,worker1,worker1,0,0.3750467300415039,0.0,0.0
model_1,927,1,0.5379624366760254,1,1,1,0,0.9653748273849487,0.44834065437316895,0.08962178230285645,0.1665948701857579,worker1,worker1,worker1,0,0.44834065437316895,0.0,0.0
model_1,928,1,0.7643816471099854,4,4,1,1,0.9217519164085388,0.632986307144165,0.1313953399658203,0.17189755989381322,worker1,worker1,worker1,0,0.632986307144165,0.0,0.0
model_1,929,1,0.6031534671783447,0,8,0,0,0.7103809118270874,0.4446995258331299,0.15845394134521484,0.262709161047336,worker1,worker1,worker1,0,0.4446995258331299,0.0,0.0
model_1,930,1,0.529973030090332,8,8,1,0,0.9854570031166077,0.43166637420654297,0.09830665588378906,0.18549369553207837,worker1,worker1,worker1,0,0.43166637420654297,0.0,0.0
model_1,931,1,0.5375051498413086,2,4,0,0,0.9427695870399475,0.43502163887023926,0.10248351097106934,0.19066517037339317,worker1,worker1,worker1,0,0.43502163887023926,0.0,0.0
model_1,932,1,0.8506791591644287,3,3,1,1,0.6941111087799072,0.69608473777771,0.15459442138671875,0.18173058516981608,worker1,worker1,worker1,0,0.69608473777771,0.0,0.0
model_1,933,1,0.7684495449066162,0,0,1,1,0.9512172341346741,0.6711196899414062,0.09732985496520996,0.12665744369337575,worker1,worker1,worker1,0,0.6711196899414062,0.0,0.0
model_1,934,1,0.6218104362487793,7,7,1,0,0.7693396806716919,0.452669620513916,0.16914081573486328,0.27201347207236637,worker1,worker1,worker1,0,0.452669620513916,0.0,0.0
model_1,935,1,0.5530886650085449,8,8,1,0,0.9780875444412231,0.4649851322174072,0.0881035327911377,0.15929368718806874,worker1,worker1,worker1,0,0.4649851322174072,0.0,0.0
model_1,936,1,0.5561513900756836,7,7,1,0,0.9878582954406738,0.4612250328063965,0.09492635726928711,0.17068438371855746,worker1,worker1,worker1,0,0.4612250328063965,0.0,0.0
model_1,937,1,0.5014986991882324,8,8,1,0,0.9776696562767029,0.41280579566955566,0.08869290351867676,0.17685570004915763,worker1,worker1,worker1,0,0.41280579566955566,0.0,0.0
model_1,938,1,1.0663888454437256,2,2,1,2,0.9589126110076904,0.865048885345459,0.2013399600982666,0.18880538835202165,worker1->worker2,worker1,worker2,0,0.6990172863006592,0.1660315990447998,0.0
model_1,939,1,0.6165778636932373,7,7,1,0,0.9904283285140991,0.4564511775970459,0.1601266860961914,0.2597022947548736,worker1,worker1,worker1,0,0.4564511775970459,0.0,0.0
model_1,940,1,0.7549488544464111,6,6,1,1,0.9961413741111755,0.6521551609039307,0.10279369354248047,0.13615981127338359,worker1,worker1,worker1,0,0.6521551609039307,0.0,0.0
model_1,941,1,0.5619931221008301,8,8,1,0,0.9877346158027649,0.46442580223083496,0.09756731986999512,0.17360945540627107,worker1,worker1,worker1,0,0.46442580223083496,0.0,0.0
model_1,942,1,0.5544164180755615,7,7,1,0,0.8900086879730225,0.43668675422668457,0.11772966384887695,0.21234880499666509,worker1,worker1,worker1,0,0.43668675422668457,0.0,0.0
model_1,943,1,1.1082384586334229,3,3,1,2,0.8937127590179443,0.8649721145629883,0.24326634407043457,0.2195072208289975,worker1->worker2,worker1,worker2,0,0.723477840423584,0.1414942741394043,0.0
model_1,944,1,0.528130054473877,9,9,1,0,0.9816600680351257,0.39984798431396484,0.1282820701599121,0.24289863656350077,worker1,worker1,worker1,0,0.39984798431396484,0.0,0.0
model_1,945,1,0.6657350063323975,4,4,1,0,0.8304460644721985,0.5199663639068604,0.1457686424255371,0.2189589567004919,worker1,worker1,worker1,0,0.5199663639068604,0.0,0.0
model_1,946,1,0.6350789070129395,5,5,1,0,0.8806992173194885,0.47229790687561035,0.1627810001373291,0.25631618109151355,worker1,worker1,worker1,0,0.47229790687561035,0.0,0.0
model_1,947,1,0.5474550724029541,5,7,0,0,0.5271373391151428,0.41851186752319336,0.12894320487976074,0.23553203062634542,worker1,worker1,worker1,0,0.41851186752319336,0.0,0.0
model_1,948,1,0.6179690361022949,3,6,0,0,0.7640421986579895,0.49950551986694336,0.11846351623535156,0.19169814232527635,worker1,worker1,worker1,0,0.49950551986694336,0.0,0.0
model_1,949,1,1.3291640281677246,0,0,1,3,0.5678153038024902,1.137882947921753,0.19128108024597168,0.1439108162667146,worker1->worker2->worker3,worker1,worker3,0,0.7307102680206299,0.1697704792022705,0.23740220069885254
model_1,950,1,1.0565171241760254,3,5,0,2,0.7783602476119995,0.8178508281707764,0.23866629600524902,0.22589912699369086,worker1->worker2,worker1,worker2,0,0.6717932224273682,0.1460576057434082,0.0
model_1,951,1,0.9653010368347168,3,0,0,2,0.8456650972366333,0.7568740844726562,0.20842695236206055,0.21591912202384628,worker1->worker2,worker1,worker2,0,0.6193101406097412,0.13756394386291504,0.0
model_1,952,1,0.6645538806915283,9,1,0,0,0.954020619392395,0.5123965740203857,0.15215730667114258,0.2289615802300472,worker1,worker1,worker1,0,0.5123965740203857,0.0,0.0
model_1,953,1,0.5534095764160156,0,0,1,0,0.7024660110473633,0.38544631004333496,0.16796326637268066,0.30350625202484266,worker1,worker1,worker1,0,0.38544631004333496,0.0,0.0
model_1,954,1,0.5505821704864502,3,5,0,0,0.9202197194099426,0.4218616485595703,0.12872052192687988,0.2337898479588483,worker1,worker1,worker1,0,0.4218616485595703,0.0,0.0
model_1,955,1,0.47487354278564453,0,1,0,0,0.8130422234535217,0.389542818069458,0.08533072471618652,0.17969146947128276,worker1,worker1,worker1,0,0.389542818069458,0.0,0.0
model_1,956,1,0.4973576068878174,1,1,1,0,0.998234748840332,0.40668654441833496,0.09067106246948242,0.18230557090872834,worker1,worker1,worker1,0,0.40668654441833496,0.0,0.0
model_1,957,1,0.7707412242889404,4,3,0,1,0.759334921836853,0.6207654476165771,0.14997577667236328,0.19458642141624877,worker1,worker1,worker1,0,0.6207654476165771,0.0,0.0
model_1,958,1,0.5472593307495117,4,4,1,0,0.8509267568588257,0.418898344039917,0.12836098670959473,0.23455239499305558,worker1,worker1,worker1,0,0.418898344039917,0.0,0.0
model_1,959,1,0.6130070686340332,7,7,1,0,0.9970773458480835,0.45658159255981445,0.15642547607421875,0.25517727947702534,worker1,worker1,worker1,0,0.45658159255981445,0.0,0.0
model_1,960,1,0.5010919570922852,5,5,1,0,0.8092418909072876,0.4099254608154297,0.09116649627685547,0.1819356606836647,worker1,worker1,worker1,0,0.4099254608154297,0.0,0.0
model_1,961,1,0.5484330654144287,7,7,1,0,0.9752328991889954,0.4614276885986328,0.0870053768157959,0.15864356528184428,worker1,worker1,worker1,0,0.4614276885986328,0.0,0.0
model_1,962,1,0.5580263137817383,4,4,1,0,0.9797786474227905,0.46364474296569824,0.09438157081604004,0.1691346240940094,worker1,worker1,worker1,0,0.46364474296569824,0.0,0.0
model_1,963,1,0.826953649520874,3,3,1,1,0.9916879534721375,0.7335195541381836,0.09343409538269043,0.11298589157545276,worker1,worker1,worker1,0,0.7335195541381836,0.0,0.0
model_1,964,1,0.7964742183685303,9,0,0,1,0.7904924154281616,0.7013134956359863,0.09516072273254395,0.11947746774210447,worker1,worker1,worker1,0,0.7013134956359863,0.0,0.0
model_1,965,1,0.7770204544067383,4,4,1,1,0.7512853741645813,0.6460208892822266,0.13099956512451172,0.16859217074862076,worker1,worker1,worker1,0,0.6460208892822266,0.0,0.0
model_1,966,1,0.5077881813049316,7,7,1,0,0.8118190765380859,0.4111645221710205,0.09662365913391113,0.19028339510699976,worker1,worker1,worker1,0,0.4111645221710205,0.0,0.0
model_1,967,1,1.1858081817626953,8,6,0,2,0.8975870609283447,0.9353713989257812,0.25043678283691406,0.21119502014621083,worker1->worker2,worker1,worker2,0,0.7740521430969238,0.16131925582885742,0.0
model_1,968,1,0.7292056083679199,3,3,1,1,0.9770270586013794,0.637371301651001,0.09183430671691895,0.12593746628260166,worker1,worker1,worker1,0,0.637371301651001,0.0,0.0
model_1,969,1,1.0234317779541016,2,2,1,2,0.9922170639038086,0.796074628829956,0.2273571491241455,0.22215173890598297,worker1->worker2,worker1,worker2,0,0.6751370429992676,0.12093758583068848,0.0
model_1,970,1,0.7800812721252441,9,1,0,1,0.7913508415222168,0.6542694568634033,0.12581181526184082,0.1612803944377239,worker1,worker1,worker1,0,0.6542694568634033,0.0,0.0
model_1,971,1,0.7799828052520752,1,1,1,1,0.9989879727363586,0.6787834167480469,0.10119938850402832,0.12974566595903694,worker1,worker1,worker1,0,0.6787834167480469,0.0,0.0
model_1,972,1,0.7678606510162354,6,6,1,1,0.6787997484207153,0.6732242107391357,0.09463644027709961,0.12324689401892357,worker1,worker1,worker1,0,0.6732242107391357,0.0,0.0
model_1,973,1,0.5773601531982422,5,5,1,0,0.8413979411125183,0.4531078338623047,0.1242523193359375,0.21520764577820503,worker1,worker1,worker1,0,0.4531078338623047,0.0,0.0
model_1,974,1,0.8033852577209473,0,7,0,1,0.8909456729888916,0.7144832611083984,0.08890199661254883,0.11065923323605296,worker1,worker1,worker1,0,0.7144832611083984,0.0,0.0
model_1,975,1,0.7666616439819336,6,6,1,1,0.9794019460678101,0.6694350242614746,0.09722661972045898,0.1268181608975212,worker1,worker1,worker1,0,0.6694350242614746,0.0,0.0
model_1,976,1,0.5998737812042236,3,3,1,0,0.7527929544448853,0.4996910095214844,0.10018277168273926,0.16700641838625815,worker1,worker1,worker1,0,0.4996910095214844,0.0,0.0
model_1,977,1,0.5945234298706055,4,4,1,0,0.9375747442245483,0.5001444816589355,0.09437894821166992,0.15874723092445817,worker1,worker1,worker1,0,0.5001444816589355,0.0,0.0
model_1,978,1,0.6367595195770264,2,3,0,0,0.756534993648529,0.5507421493530273,0.08601737022399902,0.1350861158403048,worker1,worker1,worker1,0,0.5507421493530273,0.0,0.0
model_1,979,1,1.1702618598937988,9,0,0,3,0.4769057035446167,0.9444866180419922,0.22577524185180664,0.19292711280216868,worker1->worker2->worker3,worker1,worker3,0,0.5915083885192871,0.15561771392822266,0.19736051559448242
model_1,980,1,0.5149490833282471,8,8,1,0,0.6439329385757446,0.41811060905456543,0.09683847427368164,0.18805446481774454,worker1,worker1,worker1,0,0.41811060905456543,0.0,0.0
model_1,981,1,0.5382590293884277,4,4,1,0,0.9645751118659973,0.410686731338501,0.12757229804992676,0.23700911844409736,worker1,worker1,worker1,0,0.410686731338501,0.0,0.0
model_1,982,1,0.8144168853759766,5,5,1,1,0.9855685830116272,0.659712553024292,0.15470433235168457,0.18995717688277683,worker1,worker1,worker1,0,0.659712553024292,0.0,0.0
model_1,983,1,0.5408427715301514,0,0,1,0,0.9823976159095764,0.4026641845703125,0.13817858695983887,0.25548753581175593,worker1,worker1,worker1,0,0.4026641845703125,0.0,0.0
model_1,984,1,0.5870151519775391,8,8,1,0,0.9984562397003174,0.491926908493042,0.09508824348449707,0.1619860120546521,worker1,worker1,worker1,0,0.491926908493042,0.0,0.0
model_1,985,1,0.5787441730499268,6,4,0,0,0.5406804084777832,0.45918917655944824,0.11955499649047852,0.2065765878219301,worker1,worker1,worker1,0,0.45918917655944824,0.0,0.0
model_1,986,1,1.3290681838989258,7,7,1,3,0.4800994098186493,1.111792802810669,0.21727538108825684,0.1634794841381745,worker1->worker2->worker3,worker1,worker3,0,0.7096951007843018,0.19651269912719727,0.20558500289916992
model_1,987,1,0.9742493629455566,2,2,1,2,0.9686177968978882,0.7792098522186279,0.1950395107269287,0.2001946505125177,worker1->worker2,worker1,worker2,0,0.6089217662811279,0.1702880859375,0.0
model_1,988,1,0.49359846115112305,8,8,1,0,0.9865880608558655,0.4039278030395508,0.08967065811157227,0.18166721570089775,worker1,worker1,worker1,0,0.4039278030395508,0.0,0.0
model_1,989,1,0.5726737976074219,5,4,0,0,0.9195156693458557,0.4486565589904785,0.12401723861694336,0.21655825556377103,worker1,worker1,worker1,0,0.4486565589904785,0.0,0.0
model_1,990,1,0.993781566619873,2,2,1,2,0.6087788939476013,0.7941722869873047,0.19960927963256836,0.20085830361242754,worker1->worker2,worker1,worker2,0,0.642850399017334,0.1513218879699707,0.0
model_1,991,1,0.605004072189331,6,6,1,0,0.8891629576683044,0.4508707523345947,0.15413331985473633,0.25476410315218767,worker1,worker1,worker1,0,0.4508707523345947,0.0,0.0
model_1,992,1,1.03194260597229,6,2,0,2,0.8181082606315613,0.8407959938049316,0.1911466121673584,0.18522988687656833,worker1->worker2,worker1,worker2,0,0.6933958530426025,0.1474001407623291,0.0
model_1,993,1,0.784813404083252,8,8,1,1,0.8415867686271667,0.6601135730743408,0.12469983100891113,0.15889105660035738,worker1,worker1,worker1,0,0.6601135730743408,0.0,0.0
model_1,994,1,0.7397804260253906,1,1,1,1,0.9080682992935181,0.6423721313476562,0.09740829467773438,0.13167190054091962,worker1,worker1,worker1,0,0.6423721313476562,0.0,0.0
model_1,995,1,0.7960975170135498,6,2,0,1,0.9696508049964905,0.6894285678863525,0.10666894912719727,0.13398980256508164,worker1,worker1,worker1,0,0.6894285678863525,0.0,0.0
model_1,996,1,0.5441255569458008,4,7,0,0,0.854514479637146,0.4491305351257324,0.09499502182006836,0.17458290757978606,worker1,worker1,worker1,0,0.4491305351257324,0.0,0.0
model_1,997,1,0.521934986114502,7,7,1,0,0.8073514699935913,0.42264223098754883,0.09929275512695312,0.1902396999023367,worker1,worker1,worker1,0,0.42264223098754883,0.0,0.0
model_1,998,1,0.8241186141967773,3,3,1,1,0.9951347708702087,0.7200963497161865,0.10402226448059082,0.12622244260551685,worker1,worker1,worker1,0,0.7200963497161865,0.0,0.0
model_1,999,1,0.5454986095428467,8,1,0,0,0.9917318820953369,0.45080018043518066,0.09469842910766602,0.17359976258606363,worker1,worker1,worker1,0,0.45080018043518066,0.0,0.0
model_1,1000,1,0.8098833560943604,3,3,1,1,0.976478099822998,0.7227432727813721,0.08714008331298828,0.10759584408947342,worker1,worker1,worker1,0,0.7227432727813721,0.0,0.0
model_1,1001,1,0.5378453731536865,8,8,1,0,0.9501193761825562,0.43141651153564453,0.10642886161804199,0.19788003565781442,worker1,worker1,worker1,0,0.43141651153564453,0.0,0.0
model_1,1002,1,0.4861328601837158,9,9,1,0,0.9981614947319031,0.39676594734191895,0.08936691284179688,0.18383228158660983,worker1,worker1,worker1,0,0.39676594734191895,0.0,0.0
model_1,1003,1,0.7876176834106445,6,2,0,1,0.6367029547691345,0.6836628913879395,0.10395479202270508,0.1319863611651614,worker1,worker1,worker1,0,0.6836628913879395,0.0,0.0
model_1,1004,1,0.5560920238494873,0,0,1,0,0.7444325089454651,0.4575958251953125,0.0984961986541748,0.1771221208539289,worker1,worker1,worker1,0,0.4575958251953125,0.0,0.0
model_1,1005,1,0.6104216575622559,4,4,1,0,0.8723108768463135,0.4979398250579834,0.11248183250427246,0.1842690722237368,worker1,worker1,worker1,0,0.4979398250579834,0.0,0.0
model_1,1006,1,0.5413398742675781,5,5,1,0,0.7096279263496399,0.4120368957519531,0.129302978515625,0.23885729587270715,worker1,worker1,worker1,0,0.4120368957519531,0.0,0.0
model_1,1007,1,0.9300498962402344,9,9,1,1,0.9972987771034241,0.8006112575531006,0.1294386386871338,0.13917386498336798,worker1,worker1,worker1,0,0.8006112575531006,0.0,0.0
model_1,1008,1,0.8147003650665283,5,5,1,1,0.9939941763877869,0.712078332901001,0.10262203216552734,0.1259629141778367,worker1,worker1,worker1,0,0.712078332901001,0.0,0.0
model_1,1009,1,0.827207088470459,6,6,1,1,0.9614145159721375,0.6982133388519287,0.12899374961853027,0.15593888328138628,worker1,worker1,worker1,0,0.6982133388519287,0.0,0.0
model_1,1010,1,0.5331084728240967,6,6,1,0,0.8945530652999878,0.4435412883758545,0.08956718444824219,0.16800930582432438,worker1,worker1,worker1,0,0.4435412883758545,0.0,0.0
model_1,1011,1,0.5775971412658691,6,6,1,0,0.9874275922775269,0.4878687858581543,0.08972835540771484,0.1553476445729372,worker1,worker1,worker1,0,0.4878687858581543,0.0,0.0
model_1,1012,1,0.9932956695556641,0,2,0,2,0.9101388454437256,0.8014132976531982,0.19188237190246582,0.1931774976813314,worker1->worker2,worker1,worker2,0,0.6658968925476074,0.13551640510559082,0.0
model_1,1013,1,0.8316488265991211,7,7,1,1,0.9825652837753296,0.6938595771789551,0.13778924942016602,0.1656820102586214,worker1,worker1,worker1,0,0.6938595771789551,0.0,0.0
model_1,1014,1,0.8397171497344971,6,6,1,1,0.9964370727539062,0.7406570911407471,0.09906005859375,0.11796836425821593,worker1,worker1,worker1,0,0.7406570911407471,0.0,0.0
model_1,1015,1,0.5473942756652832,0,1,0,0,0.8404912948608398,0.45104098320007324,0.09635329246520996,0.17602173926299403,worker1,worker1,worker1,0,0.45104098320007324,0.0,0.0
model_1,1016,1,0.5767049789428711,7,7,1,0,0.9663586616516113,0.4605598449707031,0.11614513397216797,0.201394366639712,worker1,worker1,worker1,0,0.4605598449707031,0.0,0.0
model_1,1017,1,0.8535945415496826,6,2,0,1,0.9517208933830261,0.7605843544006348,0.09301018714904785,0.10896295913536402,worker1,worker1,worker1,0,0.7605843544006348,0.0,0.0
model_1,1018,1,0.581127405166626,0,0,1,0,0.8576487898826599,0.4054884910583496,0.17563891410827637,0.3022382227145451,worker1,worker1,worker1,0,0.4054884910583496,0.0,0.0
model_1,1019,1,0.5681869983673096,8,8,1,0,0.9456926584243774,0.4639096260070801,0.10427737236022949,0.18352650211967442,worker1,worker1,worker1,0,0.4639096260070801,0.0,0.0
model_1,1020,1,0.5645449161529541,8,8,1,0,0.9689936637878418,0.4500460624694824,0.11449885368347168,0.20281619833496137,worker1,worker1,worker1,0,0.4500460624694824,0.0,0.0
model_1,1021,1,0.8906221389770508,9,9,1,1,0.5688800811767578,0.7732079029083252,0.11741423606872559,0.13183395171782392,worker1,worker1,worker1,0,0.7732079029083252,0.0,0.0
model_1,1022,1,0.8022289276123047,5,5,1,1,0.9896788597106934,0.711505651473999,0.09072327613830566,0.11308901114838599,worker1,worker1,worker1,0,0.711505651473999,0.0,0.0
model_1,1023,1,0.5890243053436279,9,9,1,0,0.9987335801124573,0.459275484085083,0.12974882125854492,0.22027753367978833,worker1,worker1,worker1,0,0.459275484085083,0.0,0.0
model_1,1024,1,0.5632669925689697,5,5,1,0,0.9171551465988159,0.451840877532959,0.11142611503601074,0.19782113368265064,worker1,worker1,worker1,0,0.451840877532959,0.0,0.0
model_1,1025,1,0.5042023658752441,8,8,1,0,0.9792120456695557,0.41639184951782227,0.08781051635742188,0.17415728743158856,worker1,worker1,worker1,0,0.41639184951782227,0.0,0.0
model_1,1026,1,0.56317138671875,4,2,0,0,0.8332354426383972,0.43794703483581543,0.12522435188293457,0.22235567153462663,worker1,worker1,worker1,0,0.43794703483581543,0.0,0.0
model_1,1027,1,0.5714223384857178,3,5,0,0,0.7402451634407043,0.4540293216705322,0.11739301681518555,0.20544002029441083,worker1,worker1,worker1,0,0.4540293216705322,0.0,0.0
model_1,1028,1,0.5168945789337158,6,6,1,0,0.9870360493659973,0.40877389907836914,0.10812067985534668,0.20917356122864578,worker1,worker1,worker1,0,0.40877389907836914,0.0,0.0
model_1,1029,1,0.7941560745239258,4,4,1,1,0.9997913241386414,0.6654102802276611,0.12874579429626465,0.16211648871847278,worker1,worker1,worker1,0,0.6654102802276611,0.0,0.0
model_1,1030,1,0.8139791488647461,4,4,1,1,0.9168003797531128,0.7266650199890137,0.08731412887573242,0.10726826233510912,worker1,worker1,worker1,0,0.7266650199890137,0.0,0.0
model_1,1031,1,1.0105745792388916,2,2,1,2,0.9957937002182007,0.8471245765686035,0.16345000267028809,0.16173967367493997,worker1->worker2,worker1,worker2,0,0.6781039237976074,0.1690206527709961,0.0
model_1,1032,1,0.6324596405029297,8,8,1,0,0.9934953451156616,0.5064699649810791,0.12598967552185059,0.1992058741039413,worker1,worker1,worker1,0,0.5064699649810791,0.0,0.0
model_1,1033,1,0.8789124488830566,3,3,1,1,0.895552396774292,0.7746975421905518,0.10421490669250488,0.11857256866135384,worker1,worker1,worker1,0,0.7746975421905518,0.0,0.0
model_1,1034,1,0.5875802040100098,8,8,1,0,0.9602935910224915,0.4944946765899658,0.09308552742004395,0.158421823582161,worker1,worker1,worker1,0,0.4944946765899658,0.0,0.0
model_1,1035,1,0.7719566822052002,7,0,0,1,0.6376529932022095,0.6658458709716797,0.10611081123352051,0.13745695021435714,worker1,worker1,worker1,0,0.6658458709716797,0.0,0.0
model_1,1036,1,0.5241937637329102,3,4,0,0,0.7299677729606628,0.4255030155181885,0.09869074821472168,0.18827150386513772,worker1,worker1,worker1,0,0.4255030155181885,0.0,0.0
model_1,1037,1,0.5430097579956055,4,4,1,0,0.9813499450683594,0.4394359588623047,0.10357379913330078,0.1907402171106822,worker1,worker1,worker1,0,0.4394359588623047,0.0,0.0
model_1,1038,1,0.640831470489502,6,6,1,0,0.9580148458480835,0.5460472106933594,0.09478425979614258,0.14790824758300525,worker1,worker1,worker1,0,0.5460472106933594,0.0,0.0
model_1,1039,1,0.5824978351593018,1,1,1,0,0.9949172735214233,0.4331035614013672,0.14939427375793457,0.25647180940522835,worker1,worker1,worker1,0,0.4331035614013672,0.0,0.0
model_1,1040,1,0.8858225345611572,7,7,1,1,0.9488661885261536,0.716292142868042,0.16953039169311523,0.1913818909304467,worker1,worker1,worker1,0,0.716292142868042,0.0,0.0
model_1,1041,1,0.5995361804962158,6,6,1,0,0.8709195852279663,0.4800553321838379,0.11948084831237793,0.19928880391086268,worker1,worker1,worker1,0,0.4800553321838379,0.0,0.0
model_1,1042,1,0.5816998481750488,8,8,1,0,0.9989147186279297,0.4724555015563965,0.10924434661865234,0.18780191702195156,worker1,worker1,worker1,0,0.4724555015563965,0.0,0.0
model_1,1043,1,0.6324899196624756,0,0,1,0,0.9994598031044006,0.47521066665649414,0.15727925300598145,0.24866681367809398,worker1,worker1,worker1,0,0.47521066665649414,0.0,0.0
model_1,1044,1,1.3460235595703125,5,5,1,3,0.9399271011352539,1.1329238414764404,0.21309971809387207,0.15831797042386042,worker1->worker2->worker3,worker1,worker3,0,0.7385609149932861,0.1728196144104004,0.2215433120727539
model_1,1045,1,0.5281612873077393,1,1,1,0,0.9953455328941345,0.43637943267822266,0.0917818546295166,0.17377618700031464,worker1,worker1,worker1,0,0.43637943267822266,0.0,0.0
model_1,1046,1,0.7602763175964355,8,8,1,1,0.971634030342102,0.667454719543457,0.09282159805297852,0.12208929293816227,worker1,worker1,worker1,0,0.667454719543457,0.0,0.0
model_1,1047,1,0.8345663547515869,0,1,0,1,0.9133583307266235,0.6781575679779053,0.15640878677368164,0.18741324267767484,worker1,worker1,worker1,0,0.6781575679779053,0.0,0.0
model_1,1048,1,0.5910673141479492,9,9,1,0,0.9227799773216248,0.4817929267883301,0.10927438735961914,0.1848763833560027,worker1,worker1,worker1,0,0.4817929267883301,0.0,0.0
model_1,1049,1,0.5199384689331055,8,0,0,0,0.8568081259727478,0.4110898971557617,0.10884857177734375,0.20934894854134758,worker1,worker1,worker1,0,0.4110898971557617,0.0,0.0
model_1,1050,1,0.6491410732269287,6,6,1,0,0.8957427740097046,0.5381920337677002,0.11094903945922852,0.17091668365351242,worker1,worker1,worker1,0,0.5381920337677002,0.0,0.0
model_1,1051,1,0.5370466709136963,1,1,1,0,0.5655525922775269,0.427539587020874,0.10950708389282227,0.20390608456154105,worker1,worker1,worker1,0,0.427539587020874,0.0,0.0
model_1,1052,1,0.5943107604980469,8,8,1,0,0.9927846193313599,0.4924736022949219,0.101837158203125,0.1713533810456048,worker1,worker1,worker1,0,0.4924736022949219,0.0,0.0
model_1,1053,1,0.5301811695098877,8,8,1,0,0.9843235611915588,0.43990325927734375,0.09027791023254395,0.17027747386049005,worker1,worker1,worker1,0,0.43990325927734375,0.0,0.0
model_1,1054,1,0.5563998222351074,0,0,1,0,0.9937240481376648,0.4667844772338867,0.0896153450012207,0.16106285699594208,worker1,worker1,worker1,0,0.4667844772338867,0.0,0.0
model_1,1055,1,0.8282084465026855,4,4,1,1,0.9966896772384644,0.6755855083465576,0.15262293815612793,0.18428082785271743,worker1,worker1,worker1,0,0.6755855083465576,0.0,0.0
model_1,1056,1,1.1121912002563477,4,4,1,2,0.997276246547699,0.9360687732696533,0.17612242698669434,0.1583562493086621,worker1->worker2,worker1,worker2,0,0.7778604030609131,0.15820837020874023,0.0
model_1,1057,1,0.5023674964904785,4,2,0,0,0.9193078875541687,0.4110138416290283,0.0913536548614502,0.18184626891597006,worker1,worker1,worker1,0,0.4110138416290283,0.0,0.0
model_1,1058,1,0.5989069938659668,8,8,1,0,0.9751545190811157,0.43659019470214844,0.16231679916381836,0.27102171259690494,worker1,worker1,worker1,0,0.43659019470214844,0.0,0.0
model_1,1059,1,0.618311882019043,3,3,1,0,0.8349219560623169,0.44486451148986816,0.1734473705291748,0.2805176086262449,worker1,worker1,worker1,0,0.44486451148986816,0.0,0.0
model_1,1060,1,0.7573258876800537,4,4,1,1,0.8960040807723999,0.6603543758392334,0.09697151184082031,0.12804462836715771,worker1,worker1,worker1,0,0.6603543758392334,0.0,0.0
model_1,1061,1,0.6442515850067139,7,7,1,0,0.6546367406845093,0.5399768352508545,0.10427474975585938,0.16185408337764928,worker1,worker1,worker1,0,0.5399768352508545,0.0,0.0
model_1,1062,1,0.8032546043395996,6,1,0,1,0.6541396379470825,0.7132303714752197,0.09002423286437988,0.11207434402245826,worker1,worker1,worker1,0,0.7132303714752197,0.0,0.0
model_1,1063,1,0.6031665802001953,8,8,1,0,0.9835582375526428,0.4937565326690674,0.10941004753112793,0.18139275470934407,worker1,worker1,worker1,0,0.4937565326690674,0.0,0.0
model_1,1064,1,0.6065399646759033,6,6,1,0,0.9771362543106079,0.49216723442077637,0.11437273025512695,0.18856586031596537,worker1,worker1,worker1,0,0.49216723442077637,0.0,0.0
model_1,1065,1,0.5846281051635742,6,6,1,0,0.9686569571495056,0.49454164505004883,0.09008646011352539,0.15409190786050206,worker1,worker1,worker1,0,0.49454164505004883,0.0,0.0
model_1,1066,1,0.5521945953369141,8,8,1,0,0.7741789817810059,0.4631063938140869,0.08908820152282715,0.16133479442780707,worker1,worker1,worker1,0,0.4631063938140869,0.0,0.0
model_1,1067,1,0.6237530708312988,9,1,0,0,0.7815036177635193,0.49950528144836426,0.12424778938293457,0.1991938720515555,worker1,worker1,worker1,0,0.49950528144836426,0.0,0.0
model_1,1068,1,0.7903256416320801,3,3,1,1,0.8606950640678406,0.6933567523956299,0.0969688892364502,0.12269485403029866,worker1,worker1,worker1,0,0.6933567523956299,0.0,0.0
model_1,1069,1,0.5517091751098633,0,0,1,0,0.8692260980606079,0.4513850212097168,0.10032415390014648,0.18184246053216113,worker1,worker1,worker1,0,0.4513850212097168,0.0,0.0
model_1,1070,1,0.8342502117156982,9,0,0,1,0.7199610471725464,0.7482037544250488,0.08604645729064941,0.10314226605191794,worker1,worker1,worker1,0,0.7482037544250488,0.0,0.0
model_1,1071,1,0.8780338764190674,3,3,1,1,0.9800187945365906,0.7826290130615234,0.09540486335754395,0.10865738318279781,worker1,worker1,worker1,0,0.7826290130615234,0.0,0.0
model_1,1072,1,0.667884349822998,9,9,1,0,0.9880130290985107,0.5143899917602539,0.15349435806274414,0.22982176196136808,worker1,worker1,worker1,0,0.5143899917602539,0.0,0.0
model_1,1073,1,0.5457370281219482,2,2,1,0,0.8525087237358093,0.45470690727233887,0.09103012084960938,0.16680217056715482,worker1,worker1,worker1,0,0.45470690727233887,0.0,0.0
model_1,1074,1,0.7881722450256348,3,3,1,1,0.9709072113037109,0.6965837478637695,0.09158849716186523,0.11620365692893231,worker1,worker1,worker1,0,0.6965837478637695,0.0,0.0
model_1,1075,1,1.3027067184448242,8,8,1,3,0.8226637244224548,1.0761528015136719,0.22655391693115234,0.173910147021897,worker1->worker2->worker3,worker1,worker3,0,0.7043607234954834,0.1457662582397461,0.22602581977844238
model_1,1076,1,0.8558969497680664,9,8,0,1,0.9778384566307068,0.6957097053527832,0.1601872444152832,0.18715716238817212,worker1,worker1,worker1,0,0.6957097053527832,0.0,0.0
model_1,1077,1,0.9980323314666748,0,0,1,2,0.857879102230072,0.7863388061523438,0.21169352531433105,0.21211088923665766,worker1->worker2,worker1,worker2,0,0.6516458988189697,0.13469290733337402,0.0
model_1,1078,1,0.5012814998626709,9,1,0,0,0.9452653527259827,0.41362571716308594,0.08765578269958496,0.17486339057714836,worker1,worker1,worker1,0,0.41362571716308594,0.0,0.0
model_1,1079,1,0.526602029800415,7,7,1,0,0.8988847136497498,0.430208683013916,0.09639334678649902,0.18304780713251828,worker1,worker1,worker1,0,0.430208683013916,0.0,0.0
model_1,1080,1,0.5156166553497314,5,5,1,0,0.872840404510498,0.4182913303375244,0.09732532501220703,0.1887552002101123,worker1,worker1,worker1,0,0.4182913303375244,0.0,0.0
model_1,1081,1,0.577343225479126,9,9,1,0,0.9725545644760132,0.45182228088378906,0.12552094459533691,0.21741130588510763,worker1,worker1,worker1,0,0.45182228088378906,0.0,0.0
model_1,1082,1,1.082822561264038,7,7,1,2,0.9941245913505554,0.8911893367767334,0.1916332244873047,0.17697564803563082,worker1->worker2,worker1,worker2,0,0.734428882598877,0.15676045417785645,0.0
model_1,1083,1,0.5062618255615234,7,4,0,0,0.9806674718856812,0.42211484909057617,0.08414697647094727,0.16621236724221725,worker1,worker1,worker1,0,0.42211484909057617,0.0,0.0
model_1,1084,1,0.5685024261474609,7,7,1,0,0.9898760914802551,0.40796637535095215,0.1605360507965088,0.28238410851542817,worker1,worker1,worker1,0,0.40796637535095215,0.0,0.0
model_1,1085,1,0.5695648193359375,1,1,1,0,0.909214437007904,0.4556612968444824,0.11390352249145508,0.1999834235272055,worker1,worker1,worker1,0,0.4556612968444824,0.0,0.0
model_1,1086,1,1.0081932544708252,6,6,1,2,0.9911932349205017,0.8308911323547363,0.17730212211608887,0.17586124617462373,worker1->worker2,worker1,worker2,0,0.7002866268157959,0.13060450553894043,0.0
model_1,1087,1,0.7600946426391602,1,5,0,1,0.7788957357406616,0.6686956882476807,0.09139895439147949,0.12024680778452655,worker1,worker1,worker1,0,0.6686956882476807,0.0,0.0
model_1,1088,1,0.8322339057922363,9,9,1,1,0.7362514734268188,0.6987040042877197,0.1335299015045166,0.16044756236818328,worker1,worker1,worker1,0,0.6987040042877197,0.0,0.0
model_1,1089,1,0.6007652282714844,6,6,1,0,0.9015580415725708,0.5073976516723633,0.0933675765991211,0.15541441515807655,worker1,worker1,worker1,0,0.5073976516723633,0.0,0.0
model_1,1090,1,1.2662839889526367,5,9,0,3,0.8059007525444031,1.076958417892456,0.18932557106018066,0.14951272598556253,worker1->worker2->worker3,worker1,worker3,0,0.6990830898284912,0.15204095840454102,0.22583436965942383
model_1,1091,1,1.187723159790039,2,2,1,3,0.8632214069366455,0.9988663196563721,0.188856840133667,0.15900745773708105,worker1->worker2->worker3,worker1,worker3,0,0.6417036056518555,0.15091633796691895,0.20624637603759766
model_1,1092,1,0.511775016784668,1,1,1,0,0.9926403164863586,0.4210646152496338,0.09071040153503418,0.17724663877682223,worker1,worker1,worker1,0,0.4210646152496338,0.0,0.0
model_1,1093,1,0.7821850776672363,3,3,1,1,0.8147445321083069,0.6221516132354736,0.1600334644317627,0.20459795130462136,worker1,worker1,worker1,0,0.6221516132354736,0.0,0.0
model_1,1094,1,0.7322723865509033,9,7,0,1,0.9990860223770142,0.6430413722991943,0.08923101425170898,0.12185494891047098,worker1,worker1,worker1,0,0.6430413722991943,0.0,0.0
model_1,1095,1,1.0923786163330078,5,3,0,2,0.9174791574478149,0.8865537643432617,0.2058248519897461,0.1884189683982253,worker1->worker2,worker1,worker2,0,0.7358646392822266,0.15068912506103516,0.0
model_1,1096,1,0.859743595123291,4,4,1,1,0.8098016381263733,0.7245917320251465,0.13515186309814453,0.15720019766912385,worker1,worker1,worker1,0,0.7245917320251465,0.0,0.0
model_1,1097,1,0.5287215709686279,9,9,1,0,0.9989878535270691,0.43238115310668945,0.09634041786193848,0.18221389697689278,worker1,worker1,worker1,0,0.43238115310668945,0.0,0.0
model_1,1098,1,0.5272080898284912,7,3,0,0,0.9190502166748047,0.39657092094421387,0.13063716888427734,0.24779052409225283,worker1,worker1,worker1,0,0.39657092094421387,0.0,0.0
model_1,1099,1,0.5616228580474854,8,8,1,0,0.9990028738975525,0.45369553565979004,0.10792732238769531,0.1921704589498208,worker1,worker1,worker1,0,0.45369553565979004,0.0,0.0
model_1,1100,1,0.5618197917938232,0,0,1,0,0.5747271776199341,0.4736137390136719,0.08820605278015137,0.15700061490984504,worker1,worker1,worker1,0,0.4736137390136719,0.0,0.0
model_1,1101,1,0.6102478504180908,8,8,1,0,0.9952515363693237,0.45110392570495605,0.15914392471313477,0.2607857194484219,worker1,worker1,worker1,0,0.45110392570495605,0.0,0.0
model_1,1102,1,0.5550014972686768,7,7,1,0,0.9954715967178345,0.44113850593566895,0.11386299133300781,0.20515798947094846,worker1,worker1,worker1,0,0.44113850593566895,0.0,0.0
model_1,1103,1,0.8377640247344971,2,2,1,1,0.9815497994422913,0.7093465328216553,0.1284174919128418,0.15328599476868165,worker1,worker1,worker1,0,0.7093465328216553,0.0,0.0
model_1,1104,1,0.5187301635742188,9,9,1,0,0.9847500324249268,0.42087650299072266,0.0978536605834961,0.18864077598505685,worker1,worker1,worker1,0,0.42087650299072266,0.0,0.0
model_1,1105,1,0.7706379890441895,3,3,1,1,0.7247721552848816,0.6825504302978516,0.08808755874633789,0.11430471894539165,worker1,worker1,worker1,0,0.6825504302978516,0.0,0.0
model_1,1106,1,0.5878629684448242,7,7,1,0,0.6359698176383972,0.48940253257751465,0.09846043586730957,0.16748875359130722,worker1,worker1,worker1,0,0.48940253257751465,0.0,0.0
model_1,1107,1,0.5773661136627197,1,1,1,0,0.884669303894043,0.47351527214050293,0.1038508415222168,0.1798699976751379,worker1,worker1,worker1,0,0.47351527214050293,0.0,0.0
model_1,1108,1,0.5811669826507568,9,9,1,0,0.7854437232017517,0.4834780693054199,0.09768891334533691,0.1680909553735635,worker1,worker1,worker1,0,0.4834780693054199,0.0,0.0
model_1,1109,1,1.0079894065856934,8,8,1,2,0.8479437232017517,0.8294436931610107,0.17854571342468262,0.17713054547811233,worker1->worker2,worker1,worker2,0,0.6681249141693115,0.16131877899169922,0.0
model_1,1110,1,0.8074307441711426,6,6,1,1,0.5798835158348083,0.6496090888977051,0.1578216552734375,0.1954615382343996,worker1,worker1,worker1,0,0.6496090888977051,0.0,0.0
model_1,1111,1,0.5002634525299072,9,9,1,0,0.9967693090438843,0.3968391418457031,0.1034243106842041,0.20673968918011473,worker1,worker1,worker1,0,0.3968391418457031,0.0,0.0
model_1,1112,1,0.7136964797973633,4,4,1,1,0.8758522272109985,0.6154863834381104,0.09821009635925293,0.13760765134660227,worker1,worker1,worker1,0,0.6154863834381104,0.0,0.0
model_1,1113,1,0.5200164318084717,4,5,0,0,0.894088864326477,0.4268512725830078,0.09316515922546387,0.17915810641110225,worker1,worker1,worker1,0,0.4268512725830078,0.0,0.0
model_1,1114,1,0.6174612045288086,6,6,1,0,0.9857023358345032,0.4529423713684082,0.1645188331604004,0.26644399996910983,worker1,worker1,worker1,0,0.4529423713684082,0.0,0.0
model_1,1115,1,0.6081080436706543,5,4,0,0,0.740088701248169,0.503997802734375,0.1041102409362793,0.1712035254588154,worker1,worker1,worker1,0,0.503997802734375,0.0,0.0
model_1,1116,1,0.9382445812225342,5,5,1,1,0.9951006770133972,0.7772505283355713,0.1609940528869629,0.17159070897823614,worker1,worker1,worker1,0,0.7772505283355713,0.0,0.0
model_1,1117,1,0.7646811008453369,3,8,0,1,0.7467448711395264,0.6743209362030029,0.09036016464233398,0.11816712161768214,worker1,worker1,worker1,0,0.6743209362030029,0.0,0.0
model_1,1118,1,0.5206189155578613,8,8,1,0,0.9114236235618591,0.4256863594055176,0.09493255615234375,0.18234557622751799,worker1,worker1,worker1,0,0.4256863594055176,0.0,0.0
model_1,1119,1,0.8432857990264893,9,2,0,1,0.815803587436676,0.7230167388916016,0.1202690601348877,0.14261957247913978,worker1,worker1,worker1,0,0.7230167388916016,0.0,0.0
model_1,1120,1,0.8558340072631836,4,4,1,1,0.8532956838607788,0.7475435733795166,0.10829043388366699,0.12653205290353206,worker1,worker1,worker1,0,0.7475435733795166,0.0,0.0
model_1,1121,1,0.7394177913665771,9,9,1,1,0.8511108160018921,0.6351425647735596,0.10427522659301758,0.14102342114367872,worker1,worker1,worker1,0,0.6351425647735596,0.0,0.0
model_1,1122,1,0.8271670341491699,3,3,1,1,0.8593601584434509,0.7020564079284668,0.12511062622070312,0.15125194918991522,worker1,worker1,worker1,0,0.7020564079284668,0.0,0.0
model_1,1123,1,0.5970203876495361,1,1,1,0,0.9998319149017334,0.4927661418914795,0.10425424575805664,0.17462426395270128,worker1,worker1,worker1,0,0.4927661418914795,0.0,0.0
model_1,1124,1,0.614870548248291,8,8,1,0,0.9333752989768982,0.5282649993896484,0.08660554885864258,0.14085167862629577,worker1,worker1,worker1,0,0.5282649993896484,0.0,0.0
model_1,1125,1,0.5716054439544678,0,0,1,0,0.7412676215171814,0.4793715476989746,0.09223389625549316,0.16135937337720704,worker1,worker1,worker1,0,0.4793715476989746,0.0,0.0
model_1,1126,1,0.6653769016265869,9,9,1,0,0.8476322889328003,0.5462961196899414,0.11908078193664551,0.17896741177149292,worker1,worker1,worker1,0,0.5462961196899414,0.0,0.0
model_1,1127,1,0.4998788833618164,5,3,0,0,0.5385247468948364,0.3806793689727783,0.11919951438903809,0.23845679094781946,worker1,worker1,worker1,0,0.3806793689727783,0.0,0.0
model_1,1128,1,0.6527602672576904,8,8,1,0,0.9742196798324585,0.5581643581390381,0.09459590911865234,0.14491676939232068,worker1,worker1,worker1,0,0.5581643581390381,0.0,0.0
model_1,1129,1,1.0126404762268066,2,2,1,2,0.9827521443367004,0.8224644660949707,0.19017601013183594,0.18780210212458578,worker1->worker2,worker1,worker2,0,0.6811971664428711,0.1412672996520996,0.0
model_1,1130,1,0.8776330947875977,1,1,1,1,0.7350632548332214,0.7243328094482422,0.15330028533935547,0.17467468609585282,worker1,worker1,worker1,0,0.7243328094482422,0.0,0.0
model_1,1131,1,0.625502347946167,0,8,0,0,0.762383222579956,0.5261120796203613,0.09939026832580566,0.15889671501978048,worker1,worker1,worker1,0,0.5261120796203613,0.0,0.0
model_1,1132,1,1.0449762344360352,6,6,1,2,0.9833388328552246,0.8859636783599854,0.1590125560760498,0.15216858607494316,worker1->worker2,worker1,worker2,0,0.7372410297393799,0.14872264862060547,0.0
model_1,1133,1,0.9109904766082764,4,4,1,1,0.8266454339027405,0.7745044231414795,0.13648605346679688,0.14982160293810134,worker1,worker1,worker1,0,0.7745044231414795,0.0,0.0
model_1,1134,1,0.5641717910766602,1,1,1,0,0.8549392819404602,0.45881152153015137,0.10536026954650879,0.18675210496689357,worker1,worker1,worker1,0,0.45881152153015137,0.0,0.0
model_1,1135,1,0.7158060073852539,6,1,0,1,0.8912111520767212,0.6109342575073242,0.10487174987792969,0.14650861936883225,worker1,worker1,worker1,0,0.6109342575073242,0.0,0.0
model_1,1136,1,1.03513765335083,5,5,1,2,0.939880907535553,0.8311254978179932,0.20401215553283691,0.19708698149703271,worker1->worker2,worker1,worker2,0,0.6706783771514893,0.1604471206665039,0.0
model_1,1137,1,0.5381052494049072,8,0,0,0,0.9118125438690186,0.44033336639404297,0.09777188301086426,0.18169657909672982,worker1,worker1,worker1,0,0.44033336639404297,0.0,0.0
model_1,1138,1,0.7956216335296631,4,4,1,1,0.9942628741264343,0.6973214149475098,0.09830021858215332,0.12355146521853394,worker1,worker1,worker1,0,0.6973214149475098,0.0,0.0
model_1,1139,1,0.5372409820556641,0,0,1,0,0.970171332359314,0.4483177661895752,0.08892321586608887,0.16551830339867007,worker1,worker1,worker1,0,0.4483177661895752,0.0,0.0
model_1,1140,1,0.6022756099700928,9,9,1,0,0.9910463690757751,0.5127372741699219,0.0895383358001709,0.14866671390630795,worker1,worker1,worker1,0,0.5127372741699219,0.0,0.0
model_1,1141,1,1.1554584503173828,7,0,0,3,0.6755045056343079,0.9590349197387695,0.19642353057861328,0.16999618681628872,worker1->worker2->worker3,worker1,worker3,0,0.7455711364746094,0.07531070709228516,0.138153076171875
model_1,1142,1,0.5268943309783936,1,9,0,0,0.916043221950531,0.4286346435546875,0.09825968742370605,0.18648841265998628,worker1,worker1,worker1,0,0.4286346435546875,0.0,0.0
model_1,1143,1,0.5540776252746582,0,0,1,0,0.8996493220329285,0.45216894149780273,0.10190868377685547,0.1839249215781615,worker1,worker1,worker1,0,0.45216894149780273,0.0,0.0
model_1,1144,1,0.5935759544372559,9,1,0,0,0.5712605118751526,0.5059549808502197,0.08762097358703613,0.14761543646104375,worker1,worker1,worker1,0,0.5059549808502197,0.0,0.0
model_1,1145,1,0.8120017051696777,7,7,1,1,0.950785756111145,0.7146205902099609,0.0973811149597168,0.11992722963477992,worker1,worker1,worker1,0,0.7146205902099609,0.0,0.0
model_1,1146,1,0.5006253719329834,8,8,1,0,0.9996657371520996,0.41170763969421387,0.08891773223876953,0.17761331571239775,worker1,worker1,worker1,0,0.41170763969421387,0.0,0.0
model_1,1147,1,0.6121742725372314,9,9,1,0,0.9814460873603821,0.49178147315979004,0.1203927993774414,0.19666425849367805,worker1,worker1,worker1,0,0.49178147315979004,0.0,0.0
model_1,1148,1,0.7083656787872314,9,8,0,1,0.6921806931495667,0.6044454574584961,0.10392022132873535,0.14670420157376002,worker1,worker1,worker1,0,0.6044454574584961,0.0,0.0
model_1,1149,1,0.5624969005584717,7,7,1,0,0.978585958480835,0.46425867080688477,0.09823822975158691,0.17464670410459449,worker1,worker1,worker1,0,0.46425867080688477,0.0,0.0
model_1,1150,1,0.7071125507354736,0,8,0,0,0.7439790368080139,0.5282418727874756,0.17887067794799805,0.25295927467551405,worker1,worker1,worker1,0,0.5282418727874756,0.0,0.0
model_1,1151,1,0.5453321933746338,4,7,0,0,0.7869745492935181,0.44701290130615234,0.09831929206848145,0.1802924772514536,worker1,worker1,worker1,0,0.44701290130615234,0.0,0.0
model_1,1152,1,0.5358452796936035,4,7,0,0,0.6578866839408875,0.43834877014160156,0.09749650955200195,0.18194899394793676,worker1,worker1,worker1,0,0.43834877014160156,0.0,0.0
model_1,1153,1,0.5688645839691162,7,1,0,0,0.9370648264884949,0.47377586364746094,0.09508872032165527,0.16715528264775517,worker1,worker1,worker1,0,0.47377586364746094,0.0,0.0
model_1,1154,1,0.6665453910827637,9,0,0,0,0.7983770966529846,0.5198748111724854,0.14667057991027832,0.2200458991577762,worker1,worker1,worker1,0,0.5198748111724854,0.0,0.0
model_1,1155,1,1.034078598022461,2,7,0,2,0.8475950360298157,0.8734498023986816,0.1606287956237793,0.15533519012090638,worker1->worker2,worker1,worker2,0,0.7066011428833008,0.16684865951538086,0.0
model_1,1156,1,0.6324894428253174,7,7,1,0,0.7724463939666748,0.49068784713745117,0.1418015956878662,0.22419598824360037,worker1,worker1,worker1,0,0.49068784713745117,0.0,0.0
model_1,1157,1,0.8161625862121582,2,2,1,1,0.9305416941642761,0.6924583911895752,0.12370419502258301,0.15156807860637048,worker1,worker1,worker1,0,0.6924583911895752,0.0,0.0
model_1,1158,1,0.8424911499023438,5,5,1,1,0.7653442621231079,0.6717991828918457,0.17069196701049805,0.20260386952466336,worker1,worker1,worker1,0,0.6717991828918457,0.0,0.0
model_1,1159,1,0.5046088695526123,9,9,1,0,0.9327276349067688,0.3764195442199707,0.1281893253326416,0.2540370038408057,worker1,worker1,worker1,0,0.3764195442199707,0.0,0.0
model_1,1160,1,0.8451733589172363,5,5,1,1,0.9934694766998291,0.7579278945922852,0.08724546432495117,0.10322789212940003,worker1,worker1,worker1,0,0.7579278945922852,0.0,0.0
model_1,1161,1,0.8639512062072754,7,7,1,1,0.9558739066123962,0.6859123706817627,0.1780388355255127,0.2060751049901288,worker1,worker1,worker1,0,0.6859123706817627,0.0,0.0
model_1,1162,1,1.1348495483398438,2,2,1,2,0.7010464668273926,0.9549083709716797,0.17994117736816406,0.15855950035967112,worker1->worker2,worker1,worker2,0,0.8028173446655273,0.15209102630615234,0.0
model_1,1163,1,0.8457996845245361,5,5,1,1,0.9148319363594055,0.7482712268829346,0.09752845764160156,0.11530916767417206,worker1,worker1,worker1,0,0.7482712268829346,0.0,0.0
model_1,1164,1,0.5290548801422119,6,6,1,0,0.934687077999115,0.4005119800567627,0.12854290008544922,0.24296704351521417,worker1,worker1,worker1,0,0.4005119800567627,0.0,0.0
model_1,1165,1,0.7285561561584473,0,3,0,1,0.532020092010498,0.6407389640808105,0.08781719207763672,0.12053592758131623,worker1,worker1,worker1,0,0.6407389640808105,0.0,0.0
model_1,1166,1,1.0729317665100098,3,2,0,2,0.7489118576049805,0.8341152667999268,0.238816499710083,0.22258311960218674,worker1->worker2,worker1,worker2,0,0.6870534420013428,0.14706182479858398,0.0
model_1,1167,1,0.802018404006958,1,1,1,1,0.9122942686080933,0.7073848247528076,0.09463357925415039,0.11799427392358117,worker1,worker1,worker1,0,0.7073848247528076,0.0,0.0
model_1,1168,1,0.5922806262969971,0,0,1,0,0.8494774103164673,0.5033223628997803,0.0889582633972168,0.15019613920751307,worker1,worker1,worker1,0,0.5033223628997803,0.0,0.0
model_1,1169,1,1.0533862113952637,5,5,1,2,0.9658426642417908,0.8483641147613525,0.20502209663391113,0.194631460347624,worker1->worker2,worker1,worker2,0,0.6824867725372314,0.1658773422241211,0.0
model_1,1170,1,0.8187694549560547,7,7,1,1,0.970775842666626,0.7250659465789795,0.0937035083770752,0.11444431373188499,worker1,worker1,worker1,0,0.7250659465789795,0.0,0.0
model_1,1171,1,0.5503771305084229,7,4,0,0,0.7998475432395935,0.4171874523162842,0.13318967819213867,0.24199711581239178,worker1,worker1,worker1,0,0.4171874523162842,0.0,0.0
model_1,1172,1,1.0258116722106934,0,0,1,2,0.9852627515792847,0.8759598731994629,0.14985179901123047,0.14608119898683716,worker1->worker2,worker1,worker2,0,0.7242896556854248,0.15167021751403809,0.0
model_1,1173,1,1.019164800643921,4,4,1,2,0.9610657095909119,0.7956857681274414,0.2234790325164795,0.219276639435823,worker1->worker2,worker1,worker2,0,0.6394352912902832,0.1562504768371582,0.0
model_1,1174,1,0.6014416217803955,1,1,1,0,0.643753707408905,0.46481752395629883,0.13662409782409668,0.22716102922784126,worker1,worker1,worker1,0,0.46481752395629883,0.0,0.0
model_1,1175,1,0.5372300148010254,8,8,1,0,0.9367424249649048,0.43901658058166504,0.09821343421936035,0.18281449567879374,worker1,worker1,worker1,0,0.43901658058166504,0.0,0.0
model_1,1176,1,0.48909950256347656,1,9,0,0,0.7742151618003845,0.39638280868530273,0.09271669387817383,0.1895661177167949,worker1,worker1,worker1,0,0.39638280868530273,0.0,0.0
model_1,1177,1,0.6441159248352051,8,8,1,0,0.9219440817832947,0.5517971515655518,0.09231877326965332,0.1433263325903218,worker1,worker1,worker1,0,0.5517971515655518,0.0,0.0
model_1,1178,1,0.7301192283630371,6,6,1,1,0.984183132648468,0.6277599334716797,0.10235929489135742,0.14019531456643314,worker1,worker1,worker1,0,0.6277599334716797,0.0,0.0
model_1,1179,1,0.7804155349731445,9,9,1,1,0.7762874960899353,0.6881976127624512,0.09221792221069336,0.11816515443130786,worker1,worker1,worker1,0,0.6881976127624512,0.0,0.0
model_1,1180,1,0.5712540149688721,7,7,1,0,0.9791393280029297,0.4446418285369873,0.12661218643188477,0.22163903117387093,worker1,worker1,worker1,0,0.4446418285369873,0.0,0.0
model_1,1181,1,0.8083922863006592,3,5,0,1,0.9980535507202148,0.6893446445465088,0.11904764175415039,0.14726469286209135,worker1,worker1,worker1,0,0.6893446445465088,0.0,0.0
model_1,1182,1,1.177379846572876,2,7,0,2,0.7975831627845764,1.0227923393249512,0.1545875072479248,0.13129790500312963,worker1->worker2,worker1,worker2,0,0.8361227512359619,0.18666958808898926,0.0
model_1,1183,1,0.6092910766601562,4,4,1,0,0.7800998687744141,0.4499654769897461,0.15932559967041016,0.26149340729517534,worker1,worker1,worker1,0,0.4499654769897461,0.0,0.0
model_1,1184,1,0.5560493469238281,7,3,0,0,0.6617220044136047,0.44977688789367676,0.10627245903015137,0.19112055363084415,worker1,worker1,worker1,0,0.44977688789367676,0.0,0.0
model_1,1185,1,1.0413932800292969,6,6,1,2,0.9863215088844299,0.8717317581176758,0.1696615219116211,0.16291781900767413,worker1->worker2,worker1,worker2,0,0.757997989654541,0.11373376846313477,0.0
model_1,1186,1,0.5495402812957764,3,4,0,0,0.8123021125793457,0.44761013984680176,0.10193014144897461,0.18548256591606113,worker1,worker1,worker1,0,0.44761013984680176,0.0,0.0
model_1,1187,1,0.9892237186431885,5,5,1,2,0.9997606873512268,0.8423709869384766,0.14685273170471191,0.14845249758682896,worker1->worker2,worker1,worker2,0,0.6837859153747559,0.1585850715637207,0.0
model_1,1188,1,0.8375263214111328,9,0,0,1,0.9664583206176758,0.6986231803894043,0.13890314102172852,0.1658492843397365,worker1,worker1,worker1,0,0.6986231803894043,0.0,0.0
model_1,1189,1,0.5496325492858887,7,7,1,0,0.9341738224029541,0.45217418670654297,0.0974583625793457,0.17731548596597618,worker1,worker1,worker1,0,0.45217418670654297,0.0,0.0
model_1,1190,1,0.5618898868560791,9,9,1,0,0.9568468332290649,0.47013306617736816,0.09175682067871094,0.16330035977709859,worker1,worker1,worker1,0,0.47013306617736816,0.0,0.0
model_1,1191,1,0.7887239456176758,6,6,1,1,0.9188959002494812,0.7002527713775635,0.0884711742401123,0.11217001174070809,worker1,worker1,worker1,0,0.7002527713775635,0.0,0.0
model_1,1192,1,0.8533787727355957,5,5,1,1,0.7130683660507202,0.6915767192840576,0.16180205345153809,0.18960168523159363,worker1,worker1,worker1,0,0.6915767192840576,0.0,0.0
model_1,1193,1,0.8381140232086182,2,2,1,1,0.8486031889915466,0.7474164962768555,0.0906975269317627,0.10821621452477097,worker1,worker1,worker1,0,0.7474164962768555,0.0,0.0
model_1,1194,1,0.5538649559020996,6,2,0,0,0.5488532185554504,0.4437754154205322,0.11008954048156738,0.19876603368462015,worker1,worker1,worker1,0,0.4437754154205322,0.0,0.0
model_1,1195,1,0.5940258502960205,3,5,0,0,0.6799286603927612,0.4766967296600342,0.11732912063598633,0.19751517644815925,worker1,worker1,worker1,0,0.4766967296600342,0.0,0.0
model_1,1196,1,0.531364917755127,5,5,1,0,0.769648551940918,0.4330134391784668,0.09835147857666016,0.18509215661464545,worker1,worker1,worker1,0,0.4330134391784668,0.0,0.0
model_1,1197,1,1.4093952178955078,6,6,1,3,0.964743971824646,1.154634952545166,0.2547602653503418,0.18075857085051472,worker1->worker2->worker3,worker1,worker3,0,0.7631516456604004,0.15905261039733887,0.23243069648742676
model_1,1198,1,0.5166504383087158,3,5,0,0,0.5163794755935669,0.4249100685119629,0.09174036979675293,0.17756758340720696,worker1,worker1,worker1,0,0.4249100685119629,0.0,0.0
model_1,1199,1,0.7095670700073242,4,7,0,1,0.7298126220703125,0.5885462760925293,0.12102079391479492,0.17055582062671784,worker1,worker1,worker1,0,0.5885462760925293,0.0,0.0
model_1,1200,1,1.009772539138794,2,3,0,2,0.5292870998382568,0.8127341270446777,0.1970384120941162,0.19513148204858555,worker1->worker2,worker1,worker2,0,0.6956853866577148,0.11704874038696289,0.0
model_1,1201,1,0.8195455074310303,6,6,1,1,0.9880453944206238,0.732236385345459,0.08730912208557129,0.10653358635233429,worker1,worker1,worker1,0,0.732236385345459,0.0,0.0
model_1,1202,1,0.8421027660369873,3,3,1,1,0.9979478716850281,0.7508246898651123,0.091278076171875,0.10839303687534241,worker1,worker1,worker1,0,0.7508246898651123,0.0,0.0
model_1,1203,1,0.5666294097900391,9,9,1,0,0.9779179096221924,0.42998504638671875,0.1366443634033203,0.24115296707587594,worker1,worker1,worker1,0,0.42998504638671875,0.0,0.0
model_1,1204,1,0.6222624778747559,4,3,0,0,0.7550343871116638,0.5069687366485596,0.11529374122619629,0.185281525603094,worker1,worker1,worker1,0,0.5069687366485596,0.0,0.0
model_1,1205,1,0.5536537170410156,5,5,1,0,0.9322443604469299,0.43206357955932617,0.12159013748168945,0.21961405430730965,worker1,worker1,worker1,0,0.43206357955932617,0.0,0.0
model_1,1206,1,1.0811870098114014,0,0,1,2,0.964388370513916,0.9016275405883789,0.17955946922302246,0.16607623620482104,worker1->worker2,worker1,worker2,0,0.7476398944854736,0.15398764610290527,0.0
model_1,1207,1,0.6131761074066162,6,6,1,0,0.9666780829429626,0.45110416412353516,0.16207194328308105,0.2643154899961001,worker1,worker1,worker1,0,0.45110416412353516,0.0,0.0
model_1,1208,1,0.5254967212677002,0,0,1,0,0.8217611908912659,0.41078782081604004,0.11470890045166016,0.21828661494773588,worker1,worker1,worker1,0,0.41078782081604004,0.0,0.0
model_1,1209,1,0.8433613777160645,4,7,0,1,0.5412805080413818,0.7500672340393066,0.09329414367675781,0.1106217881703462,worker1,worker1,worker1,0,0.7500672340393066,0.0,0.0
model_1,1210,1,0.5866172313690186,7,7,1,0,0.9924690127372742,0.437946081161499,0.14867115020751953,0.25343808919584254,worker1,worker1,worker1,0,0.437946081161499,0.0,0.0
model_1,1211,1,0.8632891178131104,3,2,0,1,0.800550639629364,0.7731399536132812,0.0901491641998291,0.10442522943900365,worker1,worker1,worker1,0,0.7731399536132812,0.0,0.0
model_1,1212,1,0.6562197208404541,2,2,1,0,0.8880842924118042,0.4924752712249756,0.16374444961547852,0.24952686488263814,worker1,worker1,worker1,0,0.4924752712249756,0.0,0.0
model_1,1213,1,0.5908963680267334,6,2,0,0,0.9880924820899963,0.4941439628601074,0.09675240516662598,0.16373836496867533,worker1,worker1,worker1,0,0.4941439628601074,0.0,0.0
model_1,1214,1,1.237501859664917,2,2,1,3,0.9264647364616394,1.0374395847320557,0.20006227493286133,0.16166624184874595,worker1->worker2->worker3,worker1,worker3,0,0.6701984405517578,0.1421356201171875,0.22510552406311035
model_1,1215,1,0.5913522243499756,7,7,1,0,0.991312563419342,0.43814826011657715,0.15320396423339844,0.25907396290223283,worker1,worker1,worker1,0,0.43814826011657715,0.0,0.0
model_1,1216,1,0.8212215900421143,7,6,0,1,0.8782965540885925,0.7154266834259033,0.10579490661621094,0.12882626065735256,worker1,worker1,worker1,0,0.7154266834259033,0.0,0.0
model_1,1217,1,0.7866995334625244,6,2,0,1,0.7148863077163696,0.6884241104125977,0.09827542304992676,0.1249211660484711,worker1,worker1,worker1,0,0.6884241104125977,0.0,0.0
model_1,1218,1,0.8022670745849609,5,5,1,1,0.7313345670700073,0.7105755805969238,0.09169149398803711,0.1142904861644386,worker1,worker1,worker1,0,0.7105755805969238,0.0,0.0
model_1,1219,1,1.0322849750518799,5,5,1,2,0.9174639582633972,0.8226056098937988,0.20967936515808105,0.20312158970205213,worker1->worker2,worker1,worker2,0,0.6930351257324219,0.12957048416137695,0.0
model_1,1220,1,0.6336221694946289,6,6,1,0,0.8893921375274658,0.4983491897583008,0.13527297973632812,0.21349155103619652,worker1,worker1,worker1,0,0.4983491897583008,0.0,0.0
model_1,1221,1,0.8439640998840332,7,7,1,1,0.5199785828590393,0.7372753620147705,0.1066887378692627,0.12641383428977904,worker1,worker1,worker1,0,0.7372753620147705,0.0,0.0
model_1,1222,1,0.5204205513000488,3,3,1,0,0.8380374908447266,0.43174242973327637,0.08867812156677246,0.17039704013465262,worker1,worker1,worker1,0,0.43174242973327637,0.0,0.0
model_1,1223,1,0.8287112712860107,1,1,1,1,0.7282442450523376,0.7362978458404541,0.09241342544555664,0.11151462354572254,worker1,worker1,worker1,0,0.7362978458404541,0.0,0.0
model_1,1224,1,1.0090413093566895,5,5,1,2,0.9786990880966187,0.8563270568847656,0.15271425247192383,0.15134588748332437,worker1->worker2,worker1,worker2,0,0.6982805728912354,0.15804648399353027,0.0
model_1,1225,1,0.5966017246246338,8,8,1,0,0.7198430299758911,0.44782495498657227,0.14877676963806152,0.24937368347647332,worker1,worker1,worker1,0,0.44782495498657227,0.0,0.0
model_1,1226,1,0.6560139656066895,5,5,1,0,0.8983569145202637,0.4887232780456543,0.16729068756103516,0.2550108630786888,worker1,worker1,worker1,0,0.4887232780456543,0.0,0.0
model_1,1227,1,0.5201296806335449,9,9,1,0,0.9717594981193542,0.43245768547058105,0.08767199516296387,0.16855795473193305,worker1,worker1,worker1,0,0.43245768547058105,0.0,0.0
model_1,1228,1,0.881744384765625,4,7,0,1,0.9506106972694397,0.794689416885376,0.08705496788024902,0.09873039101166373,worker1,worker1,worker1,0,0.794689416885376,0.0,0.0
model_1,1229,1,0.6717362403869629,5,5,1,0,0.7951494455337524,0.5052661895751953,0.16647005081176758,0.24782055932529443,worker1,worker1,worker1,0,0.5052661895751953,0.0,0.0
model_1,1230,1,0.5412518978118896,0,0,1,0,0.942464292049408,0.44762611389160156,0.09362578392028809,0.1729800566035658,worker1,worker1,worker1,0,0.44762611389160156,0.0,0.0
model_1,1231,1,1.3391380310058594,6,0,0,3,0.598260760307312,1.0873632431030273,0.25177478790283203,0.18801257381490227,worker1->worker2->worker3,worker1,worker3,0,0.6928567886352539,0.20246291160583496,0.19204354286193848
model_1,1232,1,0.8442444801330566,3,1,0,1,0.7521197199821472,0.694127082824707,0.1501173973083496,0.17781270809693708,worker1,worker1,worker1,0,0.694127082824707,0.0,0.0
model_1,1233,1,0.7874622344970703,0,0,1,1,0.9879173636436462,0.7007062435150146,0.08675599098205566,0.11017162116665093,worker1,worker1,worker1,0,0.7007062435150146,0.0,0.0
model_1,1234,1,0.6028940677642822,8,8,1,0,0.9964662790298462,0.43874311447143555,0.16415095329284668,0.2722716345535945,worker1,worker1,worker1,0,0.43874311447143555,0.0,0.0
model_1,1235,1,0.6201190948486328,8,8,1,0,0.9954082369804382,0.49451136589050293,0.12560772895812988,0.20255420289676768,worker1,worker1,worker1,0,0.49451136589050293,0.0,0.0
model_1,1236,1,0.8192839622497559,6,6,1,1,0.8957473039627075,0.7213456630706787,0.09793829917907715,0.1195413357172748,worker1,worker1,worker1,0,0.7213456630706787,0.0,0.0
model_1,1237,1,0.7517316341400146,9,9,1,1,0.9353556632995605,0.6604242324829102,0.09130740165710449,0.12146276345222679,worker1,worker1,worker1,0,0.6604242324829102,0.0,0.0
model_1,1238,1,0.8721513748168945,4,4,1,1,0.8471298813819885,0.7160801887512207,0.15607118606567383,0.17894965320491582,worker1,worker1,worker1,0,0.7160801887512207,0.0,0.0
model_1,1239,1,0.8762991428375244,0,0,1,1,0.8217294812202454,0.787700891494751,0.08859825134277344,0.1011050302478734,worker1,worker1,worker1,0,0.787700891494751,0.0,0.0
model_1,1240,1,0.8653101921081543,3,4,0,1,0.9545087814331055,0.6952893733978271,0.17002081871032715,0.19648539941047685,worker1,worker1,worker1,0,0.6952893733978271,0.0,0.0
model_1,1241,1,0.5722627639770508,7,7,1,0,0.9552485942840576,0.43944692611694336,0.13281583786010742,0.23208890429473003,worker1,worker1,worker1,0,0.43944692611694336,0.0,0.0
model_1,1242,1,1.3261191844940186,4,3,0,3,0.7334305047988892,1.09696626663208,0.22915291786193848,0.17279964013896074,worker1->worker2->worker3,worker1,worker3,0,0.7117722034454346,0.15582561492919922,0.2293684482574463
model_1,1243,1,0.7701311111450195,3,3,1,1,0.6567863821983337,0.6817777156829834,0.08835339546203613,0.11472513469904315,worker1,worker1,worker1,0,0.6817777156829834,0.0,0.0
model_1,1244,1,1.351008415222168,2,2,1,3,0.5506027340888977,1.1035029888153076,0.24750542640686035,0.18320050683485867,worker1->worker2->worker3,worker1,worker3,0,0.7368829250335693,0.15329480171203613,0.21332526206970215
model_1,1245,1,1.008540391921997,2,2,1,2,0.9990940093994141,0.8091661930084229,0.19937419891357422,0.1976858839868798,worker1->worker2,worker1,worker2,0,0.6618151664733887,0.14735102653503418,0.0
model_1,1246,1,0.5180034637451172,8,8,1,0,0.9496300220489502,0.4269540309906006,0.0910494327545166,0.17576993037119407,worker1,worker1,worker1,0,0.4269540309906006,0.0,0.0
model_1,1247,1,1.0695645809173584,4,7,0,2,0.6362558007240295,0.8770356178283691,0.19252896308898926,0.18000686122558252,worker1->worker2,worker1,worker2,0,0.680833101272583,0.19620251655578613,0.0
model_1,1248,1,0.8066656589508057,1,1,1,1,0.9735674858093262,0.6555607318878174,0.15110492706298828,0.187320391523204,worker1,worker1,worker1,0,0.6555607318878174,0.0,0.0
model_1,1249,1,0.7271971702575684,0,0,1,1,0.9931643605232239,0.6019823551177979,0.1252148151397705,0.17218825960972903,worker1,worker1,worker1,0,0.6019823551177979,0.0,0.0
model_1,1250,1,0.5053355693817139,2,2,1,0,0.7088483572006226,0.4170253276824951,0.08831024169921875,0.17475564169620544,worker1,worker1,worker1,0,0.4170253276824951,0.0,0.0
model_1,1251,1,0.6350307464599609,4,4,1,0,0.7287954092025757,0.472736120223999,0.16229462623596191,0.2555697139716284,worker1,worker1,worker1,0,0.472736120223999,0.0,0.0
model_1,1252,1,0.6112844944000244,8,8,1,0,0.5592523813247681,0.47706055641174316,0.13422393798828125,0.2195768733182444,worker1,worker1,worker1,0,0.47706055641174316,0.0,0.0
model_1,1253,1,0.8188600540161133,4,4,1,1,0.98111891746521,0.7028110027313232,0.11604905128479004,0.14172024965148253,worker1,worker1,worker1,0,0.7028110027313232,0.0,0.0
model_1,1254,1,1.0181517601013184,4,5,0,2,0.6229968667030334,0.8632051944732666,0.15494656562805176,0.15218415534893612,worker1->worker2,worker1,worker2,0,0.6809587478637695,0.18224644660949707,0.0
model_1,1255,1,0.8547341823577881,4,4,1,1,0.8674036860466003,0.7044386863708496,0.15029549598693848,0.17583887375645568,worker1,worker1,worker1,0,0.7044386863708496,0.0,0.0
model_1,1256,1,0.49292802810668945,4,4,1,0,0.7812551259994507,0.38822245597839355,0.1047055721282959,0.21241553768095614,worker1,worker1,worker1,0,0.38822245597839355,0.0,0.0
model_1,1257,1,0.5228984355926514,6,6,1,0,0.9895308017730713,0.4373502731323242,0.08554816246032715,0.16360378352130112,worker1,worker1,worker1,0,0.4373502731323242,0.0,0.0
model_1,1258,1,0.900294303894043,2,2,1,1,0.8354741930961609,0.7449116706848145,0.15538263320922852,0.1725909322508784,worker1,worker1,worker1,0,0.7449116706848145,0.0,0.0
model_1,1259,1,0.8206443786621094,3,3,1,1,0.9808760285377502,0.7318925857543945,0.08875179290771484,0.10814890738958848,worker1,worker1,worker1,0,0.7318925857543945,0.0,0.0
model_1,1260,1,0.609992504119873,9,9,1,0,0.9992629885673523,0.485584020614624,0.12440848350524902,0.20395083982999374,worker1,worker1,worker1,0,0.485584020614624,0.0,0.0
model_1,1261,1,0.6849057674407959,6,6,1,0,0.9125378131866455,0.5295295715332031,0.15537619590759277,0.2268577712349658,worker1,worker1,worker1,0,0.5295295715332031,0.0,0.0
model_1,1262,1,0.5101664066314697,3,3,1,0,0.925047755241394,0.40546107292175293,0.1047053337097168,0.20523760943231426,worker1,worker1,worker1,0,0.40546107292175293,0.0,0.0
model_1,1263,1,0.549809455871582,0,0,1,0,0.9103913307189941,0.4466578960418701,0.10315155982971191,0.18761328807303168,worker1,worker1,worker1,0,0.4466578960418701,0.0,0.0
model_1,1264,1,0.5809118747711182,9,9,1,0,0.9345242381095886,0.48445558547973633,0.09645628929138184,0.16604289476675965,worker1,worker1,worker1,0,0.48445558547973633,0.0,0.0
model_1,1265,1,0.59389328956604,9,9,1,0,0.9857732653617859,0.5085415840148926,0.08535170555114746,0.14371555808201547,worker1,worker1,worker1,0,0.5085415840148926,0.0,0.0
model_1,1266,1,0.8153262138366699,9,9,1,1,0.9991631507873535,0.7085671424865723,0.10675907135009766,0.13094031510126836,worker1,worker1,worker1,0,0.7085671424865723,0.0,0.0
model_1,1267,1,0.8165450096130371,2,2,1,1,0.946825385093689,0.7052156925201416,0.11132931709289551,0.13634192332600842,worker1,worker1,worker1,0,0.7052156925201416,0.0,0.0
model_1,1268,1,0.6007330417633057,2,2,1,0,0.8716019988059998,0.5128841400146484,0.08784890174865723,0.1462361742094261,worker1,worker1,worker1,0,0.5128841400146484,0.0,0.0
model_1,1269,1,0.8648443222045898,5,5,1,1,0.6042753458023071,0.7492423057556152,0.11560201644897461,0.13366800646189303,worker1,worker1,worker1,0,0.7492423057556152,0.0,0.0
model_1,1270,1,0.6170744895935059,9,9,1,0,0.9850098490715027,0.5258426666259766,0.0912318229675293,0.14784572123152864,worker1,worker1,worker1,0,0.5258426666259766,0.0,0.0
model_1,1271,1,0.9997494220733643,5,5,1,2,0.8830652832984924,0.8467862606048584,0.15296316146850586,0.15300150026721498,worker1->worker2,worker1,worker2,0,0.6964855194091797,0.1503007411956787,0.0
model_1,1272,1,0.8218562602996826,5,5,1,1,0.999440610408783,0.7309162616729736,0.09093999862670898,0.11065195097929718,worker1,worker1,worker1,0,0.7309162616729736,0.0,0.0
model_1,1273,1,0.8579916954040527,3,3,1,1,0.8048291802406311,0.7429966926574707,0.11499500274658203,0.13402810698817733,worker1,worker1,worker1,0,0.7429966926574707,0.0,0.0
model_1,1274,1,1.0715289115905762,4,3,0,2,0.6917656660079956,0.8436994552612305,0.2278294563293457,0.21262091378491688,worker1->worker2,worker1,worker2,0,0.6972877979278564,0.14641165733337402,0.0
model_1,1275,1,0.501603364944458,8,8,1,0,0.995518684387207,0.41240572929382324,0.08919763565063477,0.17782503444830663,worker1,worker1,worker1,0,0.41240572929382324,0.0,0.0
model_1,1276,1,0.5967810153961182,4,5,0,0,0.8758665919303894,0.49735450744628906,0.0994265079498291,0.16660467639680857,worker1,worker1,worker1,0,0.49735450744628906,0.0,0.0
model_1,1277,1,0.5003690719604492,9,9,1,0,0.9959259033203125,0.40884923934936523,0.09151983261108398,0.1829046552627817,worker1,worker1,worker1,0,0.40884923934936523,0.0,0.0
model_1,1278,1,0.819800615310669,5,3,0,1,0.6819021701812744,0.7232406139373779,0.09656000137329102,0.11778473883762451,worker1,worker1,worker1,0,0.7232406139373779,0.0,0.0
model_1,1279,1,1.2319881916046143,6,2,0,3,0.8567700982093811,1.043105125427246,0.18888306617736816,0.15331564658209565,worker1->worker2->worker3,worker1,worker3,0,0.6717355251312256,0.15533804893493652,0.21603155136108398
model_1,1280,1,0.7830700874328613,4,4,1,1,0.9998061060905457,0.6935737133026123,0.08949637413024902,0.11428909821296454,worker1,worker1,worker1,0,0.6935737133026123,0.0,0.0
model_1,1281,1,0.5849344730377197,4,4,1,0,0.7552825808525085,0.41885805130004883,0.1660764217376709,0.2839231219784193,worker1,worker1,worker1,0,0.41885805130004883,0.0,0.0
model_1,1282,1,0.5610976219177246,8,7,0,0,0.9089151620864868,0.40908217430114746,0.15201544761657715,0.2709251325946051,worker1,worker1,worker1,0,0.40908217430114746,0.0,0.0
model_1,1283,1,0.7504394054412842,5,5,1,1,0.9871505498886108,0.6573491096496582,0.09309029579162598,0.12404771806577199,worker1,worker1,worker1,0,0.6573491096496582,0.0,0.0
model_1,1284,1,1.2904553413391113,7,7,1,3,0.5628053545951843,1.0782711505889893,0.21218419075012207,0.16442583013367792,worker1->worker2->worker3,worker1,worker3,0,0.7205700874328613,0.1537928581237793,0.20390820503234863
model_1,1285,1,0.5532145500183105,5,5,1,0,0.6236311793327332,0.39095258712768555,0.162261962890625,0.2933074751653845,worker1,worker1,worker1,0,0.39095258712768555,0.0,0.0
model_1,1286,1,0.5994236469268799,2,2,1,0,0.7998575568199158,0.47707366943359375,0.12234997749328613,0.2041126974562131,worker1,worker1,worker1,0,0.47707366943359375,0.0,0.0
model_1,1287,1,0.6061575412750244,5,5,1,0,0.941534161567688,0.510714054107666,0.0954434871673584,0.15745656973366598,worker1,worker1,worker1,0,0.510714054107666,0.0,0.0
model_1,1288,1,0.7530879974365234,0,0,1,1,0.9232725501060486,0.6589839458465576,0.09410405158996582,0.124957577215799,worker1,worker1,worker1,0,0.6589839458465576,0.0,0.0
model_1,1289,1,0.5418713092803955,4,4,1,0,0.8744116425514221,0.44260215759277344,0.09926915168762207,0.18319691407808875,worker1,worker1,worker1,0,0.44260215759277344,0.0,0.0
model_1,1290,1,0.7745211124420166,3,3,1,1,0.8397790193557739,0.661137580871582,0.11338353157043457,0.1463917893896312,worker1,worker1,worker1,0,0.661137580871582,0.0,0.0
model_1,1291,1,0.6100797653198242,4,4,1,0,0.8048321008682251,0.46189093589782715,0.14818882942199707,0.24290074486294677,worker1,worker1,worker1,0,0.46189093589782715,0.0,0.0
model_1,1292,1,0.6426057815551758,0,0,1,0,0.6206050515174866,0.49492716789245605,0.14767861366271973,0.22981214595567664,worker1,worker1,worker1,0,0.49492716789245605,0.0,0.0
model_1,1293,1,0.5130476951599121,6,6,1,0,0.8974407911300659,0.42054104804992676,0.09250664710998535,0.1803080843802483,worker1,worker1,worker1,0,0.42054104804992676,0.0,0.0
model_1,1294,1,0.5042760372161865,8,0,0,0,0.8834060430526733,0.4063892364501953,0.09788680076599121,0.19411352819056615,worker1,worker1,worker1,0,0.4063892364501953,0.0,0.0
model_1,1295,1,0.6198334693908691,4,4,1,0,0.8516695499420166,0.4672260284423828,0.15260744094848633,0.24620716447993476,worker1,worker1,worker1,0,0.4672260284423828,0.0,0.0
model_1,1296,1,0.8096420764923096,5,5,1,1,0.7527730464935303,0.7149443626403809,0.09469771385192871,0.11696244130764145,worker1,worker1,worker1,0,0.7149443626403809,0.0,0.0
model_1,1297,1,0.8086068630218506,7,7,1,1,0.9515343904495239,0.6895585060119629,0.1190483570098877,0.1472264983814152,worker1,worker1,worker1,0,0.6895585060119629,0.0,0.0
model_1,1298,1,0.633312463760376,6,6,1,0,0.7977738976478577,0.5362906455993652,0.09702181816101074,0.153197392618694,worker1,worker1,worker1,0,0.5362906455993652,0.0,0.0
model_1,1299,1,0.6106245517730713,0,0,1,0,0.9954915642738342,0.48804378509521484,0.12258076667785645,0.2007465410978293,worker1,worker1,worker1,0,0.48804378509521484,0.0,0.0
model_1,1300,1,1.1016640663146973,4,4,1,2,0.9998832941055298,0.9035580158233643,0.198106050491333,0.17982437346262936,worker1->worker2,worker1,worker2,0,0.7539722919464111,0.14958572387695312,0.0
model_1,1301,1,0.5258116722106934,8,8,1,0,0.9797742962837219,0.4344351291656494,0.09137654304504395,0.17378188403628525,worker1,worker1,worker1,0,0.4344351291656494,0.0,0.0
model_1,1302,1,0.8732278347015381,0,0,1,1,0.6000587344169617,0.7165095806121826,0.15671825408935547,0.17947006252145004,worker1,worker1,worker1,0,0.7165095806121826,0.0,0.0
model_1,1303,1,0.5913558006286621,4,2,0,0,0.7836918830871582,0.5007357597351074,0.09062004089355469,0.15324114652670656,worker1,worker1,worker1,0,0.5007357597351074,0.0,0.0
model_1,1304,1,0.5910499095916748,3,5,0,0,0.7577511072158813,0.4353156089782715,0.15573430061340332,0.26348756354770775,worker1,worker1,worker1,0,0.4353156089782715,0.0,0.0
model_1,1305,1,0.8142499923706055,4,4,1,1,0.8648507595062256,0.6971197128295898,0.11713027954101562,0.14385051352595388,worker1,worker1,worker1,0,0.6971197128295898,0.0,0.0
model_1,1306,1,0.5857937335968018,3,3,1,0,0.7716107368469238,0.43914794921875,0.14664578437805176,0.2503368949982438,worker1,worker1,worker1,0,0.43914794921875,0.0,0.0
model_1,1307,1,0.6492054462432861,4,4,1,0,0.7399641871452332,0.55023193359375,0.09897351264953613,0.15245329998732998,worker1,worker1,worker1,0,0.55023193359375,0.0,0.0
model_1,1308,1,0.806713342666626,7,7,1,1,0.8268629908561707,0.6454963684082031,0.16121697425842285,0.1998441896665712,worker1,worker1,worker1,0,0.6454963684082031,0.0,0.0
model_1,1309,1,0.5772652626037598,4,4,1,0,0.7983118295669556,0.48716020584106445,0.09010505676269531,0.15608951828536452,worker1,worker1,worker1,0,0.48716020584106445,0.0,0.0
model_1,1310,1,0.8843197822570801,9,9,1,1,0.9970295429229736,0.7841980457305908,0.10012173652648926,0.11321892660926919,worker1,worker1,worker1,0,0.7841980457305908,0.0,0.0
model_1,1311,1,0.7647857666015625,4,4,1,1,0.6980289220809937,0.6614501476287842,0.10333561897277832,0.13511707916841245,worker1,worker1,worker1,0,0.6614501476287842,0.0,0.0
model_1,1312,1,1.1172175407409668,4,3,0,2,0.505366861820221,0.925208330154419,0.19200921058654785,0.1718637629509491,worker1->worker2,worker1,worker2,0,0.7620441913604736,0.1631641387939453,0.0
model_1,1313,1,1.3404288291931152,4,4,1,3,0.43469542264938354,1.0424466133117676,0.29798221588134766,0.2223036459613608,worker1->worker2->worker3,worker1,worker3,0,0.6821160316467285,0.15967559814453125,0.2006549835205078
model_1,1314,1,0.7183828353881836,6,6,1,1,0.5707831382751465,0.6184849739074707,0.09989786148071289,0.13905936578611644,worker1,worker1,worker1,0,0.6184849739074707,0.0,0.0
model_1,1315,1,0.5543203353881836,8,8,1,0,0.9898898601531982,0.4525644779205322,0.10175585746765137,0.18356868938678395,worker1,worker1,worker1,0,0.4525644779205322,0.0,0.0
model_1,1316,1,1.0340006351470947,8,8,1,2,0.8172056078910828,0.8074343204498291,0.22656631469726562,0.21911622391318433,worker1->worker2,worker1,worker2,0,0.6876466274261475,0.11978769302368164,0.0
model_1,1317,1,0.5719590187072754,9,9,1,0,0.9742995500564575,0.48295164108276367,0.08900737762451172,0.1556184529193779,worker1,worker1,worker1,0,0.48295164108276367,0.0,0.0
model_1,1318,1,0.6397366523742676,8,8,1,0,0.9934877157211304,0.4769151210784912,0.16282153129577637,0.25451336998043417,worker1,worker1,worker1,0,0.4769151210784912,0.0,0.0
model_1,1319,1,0.8587844371795654,2,5,0,1,0.7079333662986755,0.694713830947876,0.16407060623168945,0.19104981311786803,worker1,worker1,worker1,0,0.694713830947876,0.0,0.0
model_1,1320,1,0.8345708847045898,4,4,1,1,0.9994981288909912,0.7449285984039307,0.08964228630065918,0.1074112312609486,worker1,worker1,worker1,0,0.7449285984039307,0.0,0.0
model_1,1321,1,1.0996677875518799,6,2,0,2,0.5784951448440552,0.8398010730743408,0.25986671447753906,0.2363138371599151,worker1->worker2,worker1,worker2,0,0.6853184700012207,0.15448260307312012,0.0
model_1,1322,1,0.8088593482971191,3,7,0,1,0.8185133934020996,0.714357852935791,0.09450149536132812,0.11683303847607235,worker1,worker1,worker1,0,0.714357852935791,0.0,0.0
model_1,1323,1,0.5887675285339355,9,1,0,0,0.7788178324699402,0.4880342483520508,0.10073328018188477,0.1710917727285612,worker1,worker1,worker1,0,0.4880342483520508,0.0,0.0
model_1,1324,1,0.5836410522460938,7,7,1,0,0.7851971387863159,0.46314334869384766,0.1204977035522461,0.20645858115792362,worker1,worker1,worker1,0,0.46314334869384766,0.0,0.0
model_1,1325,1,0.5620927810668945,9,1,0,0,0.9196633696556091,0.4525449275970459,0.10954785346984863,0.1948928311477663,worker1,worker1,worker1,0,0.4525449275970459,0.0,0.0
model_1,1326,1,0.6033282279968262,5,5,1,0,0.8780298233032227,0.5153021812438965,0.08802604675292969,0.14590075960011728,worker1,worker1,worker1,0,0.5153021812438965,0.0,0.0
model_1,1327,1,0.5697534084320068,2,4,0,0,0.7233558297157288,0.4154832363128662,0.15427017211914062,0.27076656293062074,worker1,worker1,worker1,0,0.4154832363128662,0.0,0.0
model_1,1328,1,0.7788057327270508,2,2,1,1,0.9592163562774658,0.6880552768707275,0.09075045585632324,0.11652515132182353,worker1,worker1,worker1,0,0.6880552768707275,0.0,0.0
model_1,1329,1,0.9321126937866211,6,6,1,1,0.671451210975647,0.7601799964904785,0.17193269729614258,0.18445483946547492,worker1,worker1,worker1,0,0.7601799964904785,0.0,0.0
model_1,1330,1,0.5661466121673584,0,0,1,0,0.6934736371040344,0.43924927711486816,0.12689733505249023,0.22414217858991295,worker1,worker1,worker1,0,0.43924927711486816,0.0,0.0
model_1,1331,1,1.1590406894683838,0,2,0,2,0.8258068561553955,0.9476320743560791,0.2114086151123047,0.18239964915232726,worker1->worker2,worker1,worker2,0,0.7716526985168457,0.1759793758392334,0.0
model_1,1332,1,1.0439255237579346,6,6,1,2,0.9548245072364807,0.8042168617248535,0.23970866203308105,0.2296223787786845,worker1->worker2,worker1,worker2,0,0.6660432815551758,0.13817358016967773,0.0
model_1,1333,1,0.5233514308929443,6,6,1,0,0.9686583280563354,0.43486475944519043,0.0884866714477539,0.1690769647782898,worker1,worker1,worker1,0,0.43486475944519043,0.0,0.0
model_1,1334,1,0.5782029628753662,1,1,1,0,0.9990144968032837,0.48391056060791016,0.09429240226745605,0.1630783796031518,worker1,worker1,worker1,0,0.48391056060791016,0.0,0.0
model_1,1335,1,0.5776653289794922,6,6,1,0,0.9003481864929199,0.43006229400634766,0.14760303497314453,0.2555165206710625,worker1,worker1,worker1,0,0.43006229400634766,0.0,0.0
model_1,1336,1,0.5718343257904053,6,6,1,0,0.8347474336624146,0.4155299663543701,0.15630435943603516,0.2733385394799218,worker1,worker1,worker1,0,0.4155299663543701,0.0,0.0
model_1,1337,1,0.5569291114807129,5,3,0,0,0.5903990268707275,0.46713852882385254,0.08979058265686035,0.16122443737612,worker1,worker1,worker1,0,0.46713852882385254,0.0,0.0
model_1,1338,1,0.5674405097961426,9,7,0,0,0.8276678919792175,0.4200870990753174,0.1473534107208252,0.25968080913673763,worker1,worker1,worker1,0,0.4200870990753174,0.0,0.0
model_1,1339,1,0.6075277328491211,3,3,1,0,0.7891257405281067,0.45938658714294434,0.14814114570617676,0.24384260618266698,worker1,worker1,worker1,0,0.45938658714294434,0.0,0.0
model_1,1340,1,0.8925917148590088,3,4,0,1,0.9144152998924255,0.7206506729125977,0.17194104194641113,0.19263123226902285,worker1,worker1,worker1,0,0.7206506729125977,0.0,0.0
model_1,1341,1,0.5953414440155029,9,9,1,0,0.9808056354522705,0.459399938583374,0.1359415054321289,0.22834208301579106,worker1,worker1,worker1,0,0.459399938583374,0.0,0.0
model_1,1342,1,0.8406085968017578,3,3,1,1,0.9359797239303589,0.7427525520324707,0.09785604476928711,0.11641094933075574,worker1,worker1,worker1,0,0.7427525520324707,0.0,0.0
model_1,1343,1,0.784886360168457,3,5,0,1,0.6523857116699219,0.6929504871368408,0.09193587303161621,0.11713271843822637,worker1,worker1,worker1,0,0.6929504871368408,0.0,0.0
model_1,1344,1,0.8575034141540527,3,3,1,1,0.7308942675590515,0.7300424575805664,0.12746095657348633,0.14864192313360006,worker1,worker1,worker1,0,0.7300424575805664,0.0,0.0
model_1,1345,1,0.8627901077270508,6,2,0,1,0.8822773098945618,0.7369990348815918,0.12579107284545898,0.14579568277254032,worker1,worker1,worker1,0,0.7369990348815918,0.0,0.0
model_1,1346,1,0.6107847690582275,6,6,1,0,0.7665808200836182,0.4533212184906006,0.15746355056762695,0.2578052999101809,worker1,worker1,worker1,0,0.4533212184906006,0.0,0.0
model_1,1347,1,0.6779615879058838,2,2,1,1,0.9805400967597961,0.5852396488189697,0.09272193908691406,0.13676577071765597,worker1,worker1,worker1,0,0.5852396488189697,0.0,0.0
model_1,1348,1,0.4904661178588867,8,8,1,0,0.8618020415306091,0.4025392532348633,0.08792686462402344,0.1792720463706345,worker1,worker1,worker1,0,0.4025392532348633,0.0,0.0
model_1,1349,1,0.8718833923339844,2,2,1,1,0.7916173934936523,0.7318229675292969,0.1400604248046875,0.1606412348671459,worker1,worker1,worker1,0,0.7318229675292969,0.0,0.0
model_1,1350,1,0.6132771968841553,5,5,1,0,0.9501006603240967,0.46019816398620605,0.15307903289794922,0.24960822557187792,worker1,worker1,worker1,0,0.46019816398620605,0.0,0.0
model_1,1351,1,0.5714223384857178,3,3,1,0,0.8117325305938721,0.44906163215637207,0.1223607063293457,0.2141335717704078,worker1,worker1,worker1,0,0.44906163215637207,0.0,0.0
model_1,1352,1,0.6168208122253418,5,3,0,0,0.9494333267211914,0.4930741786956787,0.12374663352966309,0.20062006838455218,worker1,worker1,worker1,0,0.4930741786956787,0.0,0.0
model_1,1353,1,0.5330057144165039,9,1,0,0,0.8553737998008728,0.4409770965576172,0.09202861785888672,0.1726597208430176,worker1,worker1,worker1,0,0.4409770965576172,0.0,0.0
model_1,1354,1,0.558135986328125,3,3,1,0,0.7391653656959534,0.466890811920166,0.09124517440795898,0.16348197687134344,worker1,worker1,worker1,0,0.466890811920166,0.0,0.0
model_1,1355,1,0.912738561630249,0,0,1,1,0.8806735873222351,0.8130114078521729,0.09972715377807617,0.10926146650356568,worker1,worker1,worker1,0,0.8130114078521729,0.0,0.0
model_1,1356,1,0.8851330280303955,8,8,1,1,0.9682856202125549,0.7207205295562744,0.1644124984741211,0.18574891374234784,worker1,worker1,worker1,0,0.7207205295562744,0.0,0.0
model_1,1357,1,0.5536425113677979,3,3,1,0,0.9115508794784546,0.4601147174835205,0.09352779388427734,0.16893174198854938,worker1,worker1,worker1,0,0.4601147174835205,0.0,0.0
model_1,1358,1,0.9152758121490479,0,0,1,1,0.8005309104919434,0.7670371532440186,0.1482386589050293,0.16196064283286163,worker1,worker1,worker1,0,0.7670371532440186,0.0,0.0
model_1,1359,1,0.5480320453643799,8,8,1,0,0.7430282235145569,0.4548673629760742,0.09316468238830566,0.1699986035056793,worker1,worker1,worker1,0,0.4548673629760742,0.0,0.0
model_1,1360,1,0.5490880012512207,0,2,0,0,0.9169780611991882,0.4563465118408203,0.09274148941040039,0.16890095795039778,worker1,worker1,worker1,0,0.4563465118408203,0.0,0.0
model_1,1361,1,0.594310998916626,4,2,0,0,0.928222119808197,0.500272274017334,0.09403872489929199,0.15823150685536005,worker1,worker1,worker1,0,0.500272274017334,0.0,0.0
model_1,1362,1,0.8400938510894775,4,4,1,1,0.8876578211784363,0.7475824356079102,0.09251141548156738,0.11012033400981777,worker1,worker1,worker1,0,0.7475824356079102,0.0,0.0
model_1,1363,1,0.8702914714813232,0,0,1,1,0.9946521520614624,0.7785906791687012,0.09170079231262207,0.10536790870366469,worker1,worker1,worker1,0,0.7785906791687012,0.0,0.0
model_1,1364,1,0.6547770500183105,9,9,1,0,0.9607568383216858,0.5149359703063965,0.13984107971191406,0.21357052710995822,worker1,worker1,worker1,0,0.5149359703063965,0.0,0.0
model_1,1365,1,0.5196797847747803,5,5,1,0,0.9536311626434326,0.41895532608032227,0.10072445869445801,0.19382023631746642,worker1,worker1,worker1,0,0.41895532608032227,0.0,0.0
model_1,1366,1,0.5922484397888184,8,8,1,0,0.984413743019104,0.500452995300293,0.09179544448852539,0.15499482703788542,worker1,worker1,worker1,0,0.500452995300293,0.0,0.0
model_1,1367,1,0.8700838088989258,4,3,0,1,0.7051272392272949,0.7810797691345215,0.0890040397644043,0.10229363982423392,worker1,worker1,worker1,0,0.7810797691345215,0.0,0.0
model_1,1368,1,0.862565279006958,3,3,1,1,0.9988306164741516,0.7368576526641846,0.12570762634277344,0.14573694235350668,worker1,worker1,worker1,0,0.7368576526641846,0.0,0.0
model_1,1369,1,1.067401647567749,6,6,1,2,0.728075385093689,0.9107742309570312,0.15662741661071777,0.14673709467061366,worker1->worker2,worker1,worker2,0,0.7259383201599121,0.18483591079711914,0.0
model_1,1370,1,0.6486883163452148,1,3,0,0,0.7568740844726562,0.48526525497436523,0.1634230613708496,0.2519284797537191,worker1,worker1,worker1,0,0.48526525497436523,0.0,0.0
model_1,1371,1,0.9104838371276855,9,8,0,1,0.9773889780044556,0.7746613025665283,0.13582253456115723,0.14917621710851917,worker1,worker1,worker1,0,0.7746613025665283,0.0,0.0
model_1,1372,1,0.520423412322998,5,3,0,0,0.8856046199798584,0.42377209663391113,0.09665131568908691,0.1857166941388501,worker1,worker1,worker1,0,0.42377209663391113,0.0,0.0
model_1,1373,1,0.5912842750549316,4,4,1,0,0.9333646297454834,0.45227980613708496,0.13900446891784668,0.2350890676146137,worker1,worker1,worker1,0,0.45227980613708496,0.0,0.0
model_1,1374,1,0.905024528503418,5,5,1,1,0.9914162755012512,0.7626276016235352,0.1423969268798828,0.1573404061383349,worker1,worker1,worker1,0,0.7626276016235352,0.0,0.0
model_1,1375,1,0.8775050640106201,3,0,0,1,0.7230833768844604,0.7330448627471924,0.14446020126342773,0.16462605993767734,worker1,worker1,worker1,0,0.7330448627471924,0.0,0.0
model_1,1376,1,0.5972874164581299,9,9,1,0,0.9934651255607605,0.45468854904174805,0.14259886741638184,0.23874413471153058,worker1,worker1,worker1,0,0.45468854904174805,0.0,0.0
model_1,1377,1,0.7155098915100098,7,7,1,0,0.977025032043457,0.540029764175415,0.17548012733459473,0.2452518538412684,worker1,worker1,worker1,0,0.540029764175415,0.0,0.0
model_1,1378,1,0.5393846035003662,5,5,1,0,0.9618303179740906,0.44280099868774414,0.09658360481262207,0.1790625913046784,worker1,worker1,worker1,0,0.44280099868774414,0.0,0.0
model_1,1379,1,0.5229175090789795,7,7,1,0,0.8515960574150085,0.42784643173217773,0.09507107734680176,0.18180893868757908,worker1,worker1,worker1,0,0.42784643173217773,0.0,0.0
model_1,1380,1,0.9330649375915527,5,5,1,1,0.8577796220779419,0.8415834903717041,0.09148144721984863,0.09804403052158675,worker1,worker1,worker1,0,0.8415834903717041,0.0,0.0
model_1,1381,1,0.5187878608703613,8,8,1,0,0.9982225298881531,0.41747307777404785,0.10131478309631348,0.1952913526664626,worker1,worker1,worker1,0,0.41747307777404785,0.0,0.0
model_1,1382,1,0.6135225296020508,9,9,1,0,0.9956048727035522,0.510216236114502,0.10330629348754883,0.16838223293047838,worker1,worker1,worker1,0,0.510216236114502,0.0,0.0
model_1,1383,1,0.8106770515441895,0,8,0,1,0.9037606716156006,0.7015831470489502,0.10909390449523926,0.13457134908091403,worker1,worker1,worker1,0,0.7015831470489502,0.0,0.0
model_1,1384,1,0.8472244739532471,3,3,1,1,0.9109684228897095,0.7434971332550049,0.10372734069824219,0.12243194559080482,worker1,worker1,worker1,0,0.7434971332550049,0.0,0.0
model_1,1385,1,0.6382954120635986,9,1,0,0,0.8026208877563477,0.5532634258270264,0.08503198623657227,0.1332172919145153,worker1,worker1,worker1,0,0.5532634258270264,0.0,0.0
model_1,1386,1,0.5908522605895996,6,6,1,0,0.9834307432174683,0.5012369155883789,0.0896153450012207,0.15167132459101595,worker1,worker1,worker1,0,0.5012369155883789,0.0,0.0
model_1,1387,1,0.570094108581543,7,7,1,0,0.9320605397224426,0.46756410598754883,0.10253000259399414,0.17984750421136625,worker1,worker1,worker1,0,0.46756410598754883,0.0,0.0
model_1,1388,1,0.8023216724395752,5,5,1,1,0.9733128547668457,0.6906836032867432,0.11163806915283203,0.13914377859615873,worker1,worker1,worker1,0,0.6906836032867432,0.0,0.0
model_1,1389,1,0.9022841453552246,9,1,0,1,0.9001811146736145,0.7923259735107422,0.10995817184448242,0.12186645682574025,worker1,worker1,worker1,0,0.7923259735107422,0.0,0.0
model_1,1390,1,0.5862514972686768,4,4,1,0,0.97395259141922,0.4861421585083008,0.10010933876037598,0.17076176219042774,worker1,worker1,worker1,0,0.4861421585083008,0.0,0.0
model_1,1391,1,0.8119776248931885,6,6,1,1,0.9904948472976685,0.7135422229766846,0.0984354019165039,0.1212292049666425,worker1,worker1,worker1,0,0.7135422229766846,0.0,0.0
model_1,1392,1,1.3549420833587646,2,5,0,3,0.9052050113677979,1.1356651782989502,0.21927690505981445,0.16183489150787106,worker1->worker2->worker3,worker1,worker3,0,0.7776727676391602,0.14682841300964355,0.21116399765014648
model_1,1393,1,0.5969915390014648,8,8,1,0,0.9931735396385193,0.4390907287597656,0.15790081024169922,0.26449421796798994,worker1,worker1,worker1,0,0.4390907287597656,0.0,0.0
model_1,1394,1,0.5960688591003418,8,8,1,0,0.9981688261032104,0.5026917457580566,0.09337711334228516,0.15665490977539245,worker1,worker1,worker1,0,0.5026917457580566,0.0,0.0
model_1,1395,1,1.0438573360443115,0,0,1,2,0.9195435047149658,0.8313288688659668,0.21252846717834473,0.20359915080323096,worker1->worker2,worker1,worker2,0,0.6860446929931641,0.14528417587280273,0.0
model_1,1396,1,0.5413088798522949,0,0,1,0,0.6996145248413086,0.45224761962890625,0.08906126022338867,0.16452946467032004,worker1,worker1,worker1,0,0.45224761962890625,0.0,0.0
model_1,1397,1,0.574209451675415,1,1,1,0,0.7584136128425598,0.4566316604614258,0.11757779121398926,0.204764639228636,worker1,worker1,worker1,0,0.4566316604614258,0.0,0.0
model_1,1398,1,0.5665485858917236,9,9,1,0,0.932708203792572,0.4744839668273926,0.09206461906433105,0.16250083639239027,worker1,worker1,worker1,0,0.4744839668273926,0.0,0.0
model_1,1399,1,0.5454576015472412,8,8,1,0,0.9924821257591248,0.450655460357666,0.0948021411895752,0.17380295172468055,worker1,worker1,worker1,0,0.450655460357666,0.0,0.0
model_1,1400,1,0.5664215087890625,9,1,0,0,0.9556105136871338,0.4527590274810791,0.1136624813079834,0.2006676645295116,worker1,worker1,worker1,0,0.4527590274810791,0.0,0.0
model_1,1401,1,0.632152795791626,7,7,1,0,0.7706007361412048,0.5137803554534912,0.11837244033813477,0.18725289380378443,worker1,worker1,worker1,0,0.5137803554534912,0.0,0.0
model_1,1402,1,0.611182689666748,5,5,1,0,0.8281877040863037,0.5001554489135742,0.11102724075317383,0.1816596618822962,worker1,worker1,worker1,0,0.5001554489135742,0.0,0.0
model_1,1403,1,0.5309436321258545,9,9,1,0,0.9625504612922668,0.4293484687805176,0.10159516334533691,0.19134830365807057,worker1,worker1,worker1,0,0.4293484687805176,0.0,0.0
model_1,1404,1,1.043165683746338,6,6,1,2,0.8273019194602966,0.8797369003295898,0.16342878341674805,0.15666618061075743,worker1->worker2,worker1,worker2,0,0.7151138782501221,0.16462302207946777,0.0
model_1,1405,1,0.8502542972564697,5,5,1,1,0.8097304105758667,0.6812667846679688,0.16898751258850098,0.198749377843518,worker1,worker1,worker1,0,0.6812667846679688,0.0,0.0
model_1,1406,1,0.6479558944702148,3,3,1,0,0.7804386615753174,0.4850425720214844,0.16291332244873047,0.25142656134324165,worker1,worker1,worker1,0,0.4850425720214844,0.0,0.0
model_1,1407,1,1.3204920291900635,2,2,1,3,0.9701681137084961,1.0278546810150146,0.29263734817504883,0.22161235486937453,worker1->worker2->worker3,worker1,worker3,0,0.68192458152771,0.14217805862426758,0.2037520408630371
model_1,1408,1,0.5696256160736084,6,6,1,0,0.9388352036476135,0.4772915840148926,0.09233403205871582,0.16209599683238998,worker1,worker1,worker1,0,0.4772915840148926,0.0,0.0
model_1,1409,1,0.5142772197723389,4,4,1,0,0.864910364151001,0.42667460441589355,0.08760261535644531,0.17034123229340276,worker1,worker1,worker1,0,0.42667460441589355,0.0,0.0
model_1,1410,1,0.5716767311096191,0,0,1,0,0.8898136615753174,0.40142130851745605,0.17025542259216309,0.29781765345197614,worker1,worker1,worker1,0,0.40142130851745605,0.0,0.0
model_1,1411,1,0.5478556156158447,3,3,1,0,0.7524174451828003,0.45890378952026367,0.08895182609558105,0.16236362932155085,worker1,worker1,worker1,0,0.45890378952026367,0.0,0.0
model_1,1412,1,0.5528652667999268,4,4,1,0,0.931409478187561,0.41384077072143555,0.1390244960784912,0.2514618016848615,worker1,worker1,worker1,0,0.41384077072143555,0.0,0.0
model_1,1413,1,0.5943715572357178,3,3,1,0,0.7839606404304504,0.48358917236328125,0.11078238487243652,0.18638574394047272,worker1,worker1,worker1,0,0.48358917236328125,0.0,0.0
model_1,1414,1,0.6055002212524414,4,3,0,0,0.9629872441291809,0.45824360847473145,0.14725661277770996,0.24319828070932553,worker1,worker1,worker1,0,0.45824360847473145,0.0,0.0
model_1,1415,1,0.8720860481262207,5,5,1,1,0.7987808585166931,0.7134761810302734,0.15860986709594727,0.18187410225944928,worker1,worker1,worker1,0,0.7134761810302734,0.0,0.0
model_1,1416,1,0.5009875297546387,0,0,1,0,0.7219055891036987,0.406266450881958,0.09472107887268066,0.18906873574092917,worker1,worker1,worker1,0,0.406266450881958,0.0,0.0
model_1,1417,1,0.5795586109161377,9,1,0,0,0.8195995688438416,0.46593427658081055,0.11362433433532715,0.1960532242903188,worker1,worker1,worker1,0,0.46593427658081055,0.0,0.0
model_1,1418,1,0.8313217163085938,3,6,0,1,0.7715768814086914,0.7399933338165283,0.09132838249206543,0.1098592526821031,worker1,worker1,worker1,0,0.7399933338165283,0.0,0.0
model_1,1419,1,0.6552398204803467,0,0,1,0,0.7953104972839355,0.5308437347412109,0.12439608573913574,0.1898481774931548,worker1,worker1,worker1,0,0.5308437347412109,0.0,0.0
model_1,1420,1,0.633859395980835,9,9,1,0,0.5741621255874634,0.5220091342926025,0.11185026168823242,0.17645910496468253,worker1,worker1,worker1,0,0.5220091342926025,0.0,0.0
model_1,1421,1,0.8871293067932129,8,8,1,1,0.9998879432678223,0.7979285717010498,0.08920073509216309,0.10054986844545256,worker1,worker1,worker1,0,0.7979285717010498,0.0,0.0
model_1,1422,1,0.5578429698944092,4,4,1,0,0.6924506425857544,0.45877790451049805,0.09906506538391113,0.17758593498572292,worker1,worker1,worker1,0,0.45877790451049805,0.0,0.0
model_1,1423,1,0.5551791191101074,4,4,1,0,0.8288077712059021,0.4537348747253418,0.10144424438476562,0.1827234506718658,worker1,worker1,worker1,0,0.4537348747253418,0.0,0.0
model_1,1424,1,0.560880184173584,8,8,1,0,0.7915925979614258,0.4618074893951416,0.09907269477844238,0.17663789446300152,worker1,worker1,worker1,0,0.4618074893951416,0.0,0.0
model_1,1425,1,0.5878934860229492,4,8,0,0,0.7451170086860657,0.4939596652984619,0.0939338207244873,0.15978033939437197,worker1,worker1,worker1,0,0.4939596652984619,0.0,0.0
model_1,1426,1,0.9040157794952393,7,7,1,2,0.9897969365119934,0.7532215118408203,0.15079426765441895,0.16680490658981142,worker1->worker2,worker1,worker2,0,0.6348490715026855,0.11837244033813477,0.0
model_1,1427,1,0.7827455997467041,3,3,1,1,0.9799301624298096,0.6653079986572266,0.11743760108947754,0.15003291123895204,worker1,worker1,worker1,0,0.6653079986572266,0.0,0.0
model_1,1428,1,0.804532527923584,3,3,1,1,0.9906609654426575,0.687730073928833,0.11680245399475098,0.14518052401958953,worker1,worker1,worker1,0,0.687730073928833,0.0,0.0
model_1,1429,1,0.8327896595001221,0,0,1,1,0.8067771792411804,0.7193822860717773,0.11340737342834473,0.13617769161112897,worker1,worker1,worker1,0,0.7193822860717773,0.0,0.0
model_1,1430,1,0.8837144374847412,0,0,1,1,0.9278719425201416,0.7181625366210938,0.16555190086364746,0.18733642208544996,worker1,worker1,worker1,0,0.7181625366210938,0.0,0.0
model_1,1431,1,0.5896632671356201,8,8,1,0,0.777251124382019,0.5006647109985352,0.08899855613708496,0.1509311518918401,worker1,worker1,worker1,0,0.5006647109985352,0.0,0.0
model_1,1432,1,0.5928151607513428,7,7,1,0,0.9736853837966919,0.42829442024230957,0.1645207405090332,0.2775245159056276,worker1,worker1,worker1,0,0.42829442024230957,0.0,0.0
model_1,1433,1,1.0748589038848877,0,0,1,2,0.8637033104896545,0.9019274711608887,0.17293143272399902,0.16088756589257333,worker1->worker2,worker1,worker2,0,0.7107625007629395,0.19116497039794922,0.0
model_1,1434,1,0.8735945224761963,3,3,1,1,0.8218107223510742,0.7002956867218018,0.17329883575439453,0.1983744532454032,worker1,worker1,worker1,0,0.7002956867218018,0.0,0.0
model_1,1435,1,1.04129958152771,5,5,1,2,0.997356653213501,0.7988355159759521,0.2424640655517578,0.23284755881303082,worker1->worker2,worker1,worker2,0,0.6426882743835449,0.15614724159240723,0.0
model_1,1436,1,0.5733511447906494,2,5,0,0,0.7633412480354309,0.4812626838684082,0.09208846092224121,0.16061441885821284,worker1,worker1,worker1,0,0.4812626838684082,0.0,0.0
model_1,1437,1,0.8409695625305176,4,2,0,1,0.956047773361206,0.7514307498931885,0.0895388126373291,0.10647093144239672,worker1,worker1,worker1,0,0.7514307498931885,0.0,0.0
model_1,1438,1,0.7740623950958252,9,9,1,1,0.9642518162727356,0.6863875389099121,0.08767485618591309,0.11326587719722434,worker1,worker1,worker1,0,0.6863875389099121,0.0,0.0
model_1,1439,1,0.5739610195159912,9,9,1,0,0.9827181696891785,0.4806044101715088,0.09335660934448242,0.16265322237947102,worker1,worker1,worker1,0,0.4806044101715088,0.0,0.0
model_1,1440,1,0.617866039276123,7,7,1,0,0.9686294198036194,0.45279502868652344,0.1650710105895996,0.26716310671969096,worker1,worker1,worker1,0,0.45279502868652344,0.0,0.0
model_1,1441,1,0.5848052501678467,3,3,1,0,0.7642244100570679,0.4687502384185791,0.11605501174926758,0.1984507008375152,worker1,worker1,worker1,0,0.4687502384185791,0.0,0.0
model_1,1442,1,0.8628687858581543,4,4,1,1,0.6886700391769409,0.7430706024169922,0.11979818344116211,0.1388370809149371,worker1,worker1,worker1,0,0.7430706024169922,0.0,0.0
model_1,1443,1,1.2773351669311523,7,7,1,3,0.8749681115150452,1.0108044147491455,0.26653075218200684,0.20866156282407647,worker1->worker2->worker3,worker1,worker3,0,0.6667726039886475,0.14818048477172852,0.19585132598876953
model_1,1444,1,0.8391532897949219,0,0,1,1,0.9737575650215149,0.6865072250366211,0.15264606475830078,0.1819048636460753,worker1,worker1,worker1,0,0.6865072250366211,0.0,0.0
model_1,1445,1,0.5599329471588135,4,4,1,0,0.957038164138794,0.44158434867858887,0.11834859848022461,0.21136209090881994,worker1,worker1,worker1,0,0.44158434867858887,0.0,0.0
model_1,1446,1,0.6210618019104004,8,8,1,0,0.9305132627487183,0.5075473785400391,0.11351442337036133,0.18277476254567315,worker1,worker1,worker1,0,0.5075473785400391,0.0,0.0
model_1,1447,1,0.8616337776184082,7,7,1,1,0.9323136806488037,0.7562503814697266,0.10538339614868164,0.12230648204155338,worker1,worker1,worker1,0,0.7562503814697266,0.0,0.0
model_1,1448,1,0.5719702243804932,9,9,1,0,0.9957952499389648,0.4727175235748291,0.09925270080566406,0.17352774073714358,worker1,worker1,worker1,0,0.4727175235748291,0.0,0.0
model_1,1449,1,0.7953886985778809,6,6,1,1,0.8674672842025757,0.7091913223266602,0.0861973762512207,0.10837138672618524,worker1,worker1,worker1,0,0.7091913223266602,0.0,0.0
model_1,1450,1,0.5880460739135742,7,7,1,0,0.9981822967529297,0.4808354377746582,0.10721063613891602,0.18231672805058619,worker1,worker1,worker1,0,0.4808354377746582,0.0,0.0
model_1,1451,1,0.6126186847686768,1,1,1,0,0.7939394116401672,0.45058345794677734,0.16203522682189941,0.2644960574179736,worker1,worker1,worker1,0,0.45058345794677734,0.0,0.0
model_1,1452,1,1.1357743740081787,2,2,1,2,0.996733546257019,0.9591493606567383,0.17662501335144043,0.15551065193355784,worker1->worker2,worker1,worker2,0,0.7904441356658936,0.16870522499084473,0.0
model_1,1453,1,0.8869218826293945,3,3,1,1,0.9527536630630493,0.7281160354614258,0.15880584716796875,0.1790528007913936,worker1,worker1,worker1,0,0.7281160354614258,0.0,0.0
model_1,1454,1,0.840782642364502,6,6,1,1,0.761827290058136,0.7476217746734619,0.09316086769104004,0.11080255823199106,worker1,worker1,worker1,0,0.7476217746734619,0.0,0.0
model_1,1455,1,0.5045499801635742,1,1,1,0,0.8902543783187866,0.3984806537628174,0.10606932640075684,0.21022560810798038,worker1,worker1,worker1,0,0.3984806537628174,0.0,0.0
model_1,1456,1,0.5728771686553955,7,5,0,0,0.9554699063301086,0.4793837070465088,0.09349346160888672,0.16319983885607792,worker1,worker1,worker1,0,0.4793837070465088,0.0,0.0
model_1,1457,1,0.6455895900726318,0,9,0,0,0.8387606739997864,0.4852902889251709,0.16029930114746094,0.24829907980614513,worker1,worker1,worker1,0,0.4852902889251709,0.0,0.0
model_1,1458,1,0.5553016662597656,4,4,1,0,0.885762631893158,0.4636051654815674,0.09169650077819824,0.16512916555035756,worker1,worker1,worker1,0,0.4636051654815674,0.0,0.0
model_1,1459,1,0.5634222030639648,8,8,1,0,0.7373992800712585,0.4721205234527588,0.09130167961120605,0.16204842321565494,worker1,worker1,worker1,0,0.4721205234527588,0.0,0.0
model_1,1460,1,1.139770269393921,0,0,1,2,0.9095669984817505,0.978811502456665,0.16095876693725586,0.14122035927717835,worker1->worker2,worker1,worker2,0,0.8223538398742676,0.15645766258239746,0.0
model_1,1461,1,0.8687288761138916,9,1,0,1,0.7197756171226501,0.7138936519622803,0.15483522415161133,0.17823192990227277,worker1,worker1,worker1,0,0.7138936519622803,0.0,0.0
model_1,1462,1,0.8603522777557373,0,0,1,1,0.9928672313690186,0.7469329833984375,0.1134192943572998,0.13182889996311567,worker1,worker1,worker1,0,0.7469329833984375,0.0,0.0
model_1,1463,1,0.8784630298614502,4,2,0,1,0.7963536977767944,0.7866353988647461,0.0918276309967041,0.10453215203739082,worker1,worker1,worker1,0,0.7866353988647461,0.0,0.0
model_1,1464,1,0.8573553562164307,6,2,0,1,0.8276149034500122,0.7321979999542236,0.12515735626220703,0.1459807247423463,worker1,worker1,worker1,0,0.7321979999542236,0.0,0.0
model_1,1465,1,0.5729835033416748,5,5,1,0,0.8179870843887329,0.45100998878479004,0.12197351455688477,0.21287439140137154,worker1,worker1,worker1,0,0.45100998878479004,0.0,0.0
model_1,1466,1,0.5908443927764893,7,5,0,0,0.8738328218460083,0.4996378421783447,0.09120655059814453,0.1543664486169493,worker1,worker1,worker1,0,0.4996378421783447,0.0,0.0
model_1,1467,1,0.56219482421875,5,5,1,0,0.9193576574325562,0.43509411811828613,0.12710070610046387,0.22607946680599283,worker1,worker1,worker1,0,0.43509411811828613,0.0,0.0
model_1,1468,1,0.8888206481933594,6,2,0,1,0.767961323261261,0.7352278232574463,0.15359282493591309,0.1728051944428946,worker1,worker1,worker1,0,0.7352278232574463,0.0,0.0
model_1,1469,1,0.8199913501739502,3,3,1,1,0.783511757850647,0.729189395904541,0.09080195426940918,0.11073525867089544,worker1,worker1,worker1,0,0.729189395904541,0.0,0.0
model_1,1470,1,0.927821159362793,1,1,1,1,0.7055109143257141,0.7612547874450684,0.1665663719177246,0.17952422213793734,worker1,worker1,worker1,0,0.7612547874450684,0.0,0.0
model_1,1471,1,0.5436978340148926,7,7,1,0,0.8314897418022156,0.4523458480834961,0.09135198593139648,0.1680197716750408,worker1,worker1,worker1,0,0.4523458480834961,0.0,0.0
model_1,1472,1,1.0646979808807373,5,2,0,2,0.7666460871696472,0.8707189559936523,0.19397902488708496,0.18219159646252173,worker1->worker2,worker1,worker2,0,0.7242832183837891,0.14643573760986328,0.0
model_1,1473,1,0.6230359077453613,8,8,1,0,0.6920551657676697,0.4951934814453125,0.12784242630004883,0.20519270993975972,worker1,worker1,worker1,0,0.4951934814453125,0.0,0.0
model_1,1474,1,0.6181957721710205,5,5,1,0,0.8373181223869324,0.4705774784088135,0.14761829376220703,0.23878890863939656,worker1,worker1,worker1,0,0.4705774784088135,0.0,0.0
model_1,1475,1,0.7702329158782959,8,8,1,1,0.9529017806053162,0.6670136451721191,0.10321927070617676,0.13401046433918748,worker1,worker1,worker1,0,0.6670136451721191,0.0,0.0
model_1,1476,1,0.537137508392334,8,3,0,0,0.998921275138855,0.44318413734436035,0.09395337104797363,0.17491493254525908,worker1,worker1,worker1,0,0.44318413734436035,0.0,0.0
model_1,1477,1,0.5200698375701904,8,8,1,0,0.8502863645553589,0.42687296867370605,0.09319686889648438,0.1792006806853247,worker1,worker1,worker1,0,0.42687296867370605,0.0,0.0
model_1,1478,1,0.5739071369171143,6,5,0,0,0.754905104637146,0.4656555652618408,0.10825157165527344,0.18862210398144522,worker1,worker1,worker1,0,0.4656555652618408,0.0,0.0
model_1,1479,1,0.6128902435302734,6,6,1,0,0.934094250202179,0.5150461196899414,0.09784412384033203,0.15964379409394053,worker1,worker1,worker1,0,0.5150461196899414,0.0,0.0
model_1,1480,1,1.2290079593658447,1,9,0,3,0.5537747740745544,1.0159237384796143,0.21308422088623047,0.17337904060131532,worker1->worker2->worker3,worker1,worker3,0,0.6578044891357422,0.15075421333312988,0.2073650360107422
model_1,1481,1,1.0039143562316895,6,2,0,2,0.5785545706748962,0.7937948703765869,0.21011948585510254,0.20930021027272758,worker1->worker2,worker1,worker2,0,0.66493821144104,0.12885665893554688,0.0
model_1,1482,1,1.0656931400299072,2,2,1,2,0.907489538192749,0.8762266635894775,0.1894664764404297,0.17778708459652146,worker1->worker2,worker1,worker2,0,0.7266921997070312,0.1495344638824463,0.0
model_1,1483,1,0.7773888111114502,3,5,0,1,0.9982693195343018,0.6911118030548096,0.08627700805664062,0.11098308442758323,worker1,worker1,worker1,0,0.6911118030548096,0.0,0.0
model_1,1484,1,0.7549479007720947,4,4,1,1,0.9024940133094788,0.6686217784881592,0.08632612228393555,0.11434712540514218,worker1,worker1,worker1,0,0.6686217784881592,0.0,0.0
model_1,1485,1,0.5836694240570068,6,6,1,0,0.979518711566925,0.43034982681274414,0.1533195972442627,0.2626822494462002,worker1,worker1,worker1,0,0.43034982681274414,0.0,0.0
model_1,1486,1,0.575488805770874,9,9,1,0,0.9332363605499268,0.4833028316497803,0.09218597412109375,0.16018725854729624,worker1,worker1,worker1,0,0.4833028316497803,0.0,0.0
model_1,1487,1,0.6180191040039062,8,8,1,0,0.9828153252601624,0.4594879150390625,0.15853118896484375,0.25651502993642367,worker1,worker1,worker1,0,0.4594879150390625,0.0,0.0
model_1,1488,1,0.6152698993682861,1,1,1,0,0.9590907096862793,0.45038700103759766,0.16488289833068848,0.2679846657539693,worker1,worker1,worker1,0,0.45038700103759766,0.0,0.0
model_1,1489,1,0.6168231964111328,1,1,1,0,0.9929037690162659,0.49529123306274414,0.12153196334838867,0.19702884725396036,worker1,worker1,worker1,0,0.49529123306274414,0.0,0.0
model_1,1490,1,0.5691955089569092,1,9,0,0,0.8763840794563293,0.464658260345459,0.1045372486114502,0.18365789428490406,worker1,worker1,worker1,0,0.464658260345459,0.0,0.0
model_1,1491,1,0.5472688674926758,7,1,0,0,0.8900291919708252,0.458909273147583,0.08835959434509277,0.16145554697805883,worker1,worker1,worker1,0,0.458909273147583,0.0,0.0
model_1,1492,1,0.9196701049804688,3,1,0,1,0.7589549422264099,0.766319751739502,0.1533503532409668,0.16674495823067287,worker1,worker1,worker1,0,0.766319751739502,0.0,0.0
model_1,1493,1,0.649895429611206,4,4,1,0,0.9701001048088074,0.5073916912078857,0.1425037384033203,0.21927179652359127,worker1,worker1,worker1,0,0.5073916912078857,0.0,0.0
model_1,1494,1,0.6483116149902344,6,6,1,0,0.9780844449996948,0.47699522972106934,0.17131638526916504,0.264250063253526,worker1,worker1,worker1,0,0.47699522972106934,0.0,0.0
model_1,1495,1,0.7536797523498535,8,0,0,1,0.8091598749160767,0.6593835353851318,0.09429621696472168,0.12511443576760697,worker1,worker1,worker1,0,0.6593835353851318,0.0,0.0
model_1,1496,1,0.6417438983917236,1,1,1,0,0.7349070906639099,0.5102758407592773,0.1314680576324463,0.20486062736540042,worker1,worker1,worker1,0,0.5102758407592773,0.0,0.0
model_1,1497,1,0.7672231197357178,0,2,0,1,0.8125738501548767,0.675762414932251,0.0914607048034668,0.11921004783454896,worker1,worker1,worker1,0,0.675762414932251,0.0,0.0
model_1,1498,1,0.8314344882965088,2,2,1,1,0.8753125667572021,0.6703763008117676,0.1610581874847412,0.1937112180837321,worker1,worker1,worker1,0,0.6703763008117676,0.0,0.0
model_1,1499,1,0.6059107780456543,7,7,1,0,0.9302710890769958,0.5015609264373779,0.10434985160827637,0.17221983069001257,worker1,worker1,worker1,0,0.5015609264373779,0.0,0.0
model_1,1500,1,0.9318969249725342,1,1,1,1,0.958581268787384,0.7986176013946533,0.13327932357788086,0.1430193833741956,worker1,worker1,worker1,0,0.7986176013946533,0.0,0.0
model_1,1501,1,1.1525702476501465,1,1,1,2,0.9428629279136658,0.958953857421875,0.19361639022827148,0.16798662868750555,worker1->worker2,worker1,worker2,0,0.8127057552337646,0.14624810218811035,0.0
model_1,1502,1,0.8265030384063721,6,0,0,1,0.9783908724784851,0.6979665756225586,0.12853646278381348,0.15551843951070282,worker1,worker1,worker1,0,0.6979665756225586,0.0,0.0
model_1,1503,1,0.7624025344848633,3,4,0,1,0.8790554404258728,0.6342217922210693,0.12818074226379395,0.16812738214518466,worker1,worker1,worker1,0,0.6342217922210693,0.0,0.0
model_1,1504,1,0.5787858963012695,8,8,1,0,0.7763741612434387,0.4838237762451172,0.09496212005615234,0.1640712406142023,worker1,worker1,worker1,0,0.4838237762451172,0.0,0.0
model_1,1505,1,0.8915448188781738,5,8,0,1,0.7499812245368958,0.7923896312713623,0.09915518760681152,0.11121727759191959,worker1,worker1,worker1,0,0.7923896312713623,0.0,0.0
model_1,1506,1,1.1108624935150146,3,3,1,2,0.8427618741989136,0.9468371868133545,0.16402530670166016,0.1476558148818652,worker1->worker2,worker1,worker2,0,0.7966265678405762,0.15021061897277832,0.0
model_1,1507,1,0.5704705715179443,9,9,1,0,0.9976686835289001,0.4427525997161865,0.1277179718017578,0.22388178843637407,worker1,worker1,worker1,0,0.4427525997161865,0.0,0.0
model_1,1508,1,0.6054182052612305,6,6,1,0,0.8905357122421265,0.49330878257751465,0.11210942268371582,0.18517682770266544,worker1,worker1,worker1,0,0.49330878257751465,0.0,0.0
model_1,1509,1,0.8537876605987549,6,6,1,1,0.8691080808639526,0.7403256893157959,0.11346197128295898,0.13289249367154002,worker1,worker1,worker1,0,0.7403256893157959,0.0,0.0
model_1,1510,1,0.6134753227233887,8,8,1,0,0.9971152544021606,0.5025284290313721,0.1109468936920166,0.18084980696451208,worker1,worker1,worker1,0,0.5025284290313721,0.0,0.0
model_1,1511,1,0.6081500053405762,5,5,1,0,0.8626437783241272,0.5183510780334473,0.0897989273071289,0.14765917375408014,worker1,worker1,worker1,0,0.5183510780334473,0.0,0.0
model_1,1512,1,0.6555535793304443,9,9,1,0,0.8867653608322144,0.49167418479919434,0.16387939453125,0.2499862706853492,worker1,worker1,worker1,0,0.49167418479919434,0.0,0.0
model_1,1513,1,0.6122310161590576,9,9,1,0,0.7858684062957764,0.4947395324707031,0.11749148368835449,0.19190710791729998,worker1,worker1,worker1,0,0.4947395324707031,0.0,0.0
model_1,1514,1,0.5979843139648438,1,0,0,0,0.8954302072525024,0.48441076278686523,0.11357355117797852,0.1899273083351408,worker1,worker1,worker1,0,0.48441076278686523,0.0,0.0
model_1,1515,1,0.5962660312652588,1,1,1,0,0.9651023745536804,0.5050845146179199,0.09118151664733887,0.15292086395371945,worker1,worker1,worker1,0,0.5050845146179199,0.0,0.0
model_1,1516,1,0.5318379402160645,1,1,1,0,0.8583043813705444,0.4284675121307373,0.10337042808532715,0.194364523981369,worker1,worker1,worker1,0,0.4284675121307373,0.0,0.0
model_1,1517,1,0.5936286449432373,3,3,1,0,0.694382905960083,0.48238468170166016,0.11124396324157715,0.18739655538727293,worker1,worker1,worker1,0,0.48238468170166016,0.0,0.0
model_1,1518,1,0.8041417598724365,9,1,0,1,0.5183879137039185,0.7044017314910889,0.09974002838134766,0.12403289240589833,worker1,worker1,worker1,0,0.7044017314910889,0.0,0.0
model_1,1519,1,0.6267709732055664,2,2,1,0,0.7879716753959656,0.515570878982544,0.11120009422302246,0.17741742833797666,worker1,worker1,worker1,0,0.515570878982544,0.0,0.0
model_1,1520,1,0.8932864665985107,0,0,1,1,0.9930754899978638,0.7915816307067871,0.10170483589172363,0.1138546700242746,worker1,worker1,worker1,0,0.7915816307067871,0.0,0.0
model_1,1521,1,0.8055963516235352,2,2,1,1,0.7390605807304382,0.7136232852935791,0.09197306632995605,0.11416767981210542,worker1,worker1,worker1,0,0.7136232852935791,0.0,0.0
model_1,1522,1,0.8413536548614502,2,2,1,1,0.8392497301101685,0.7420580387115479,0.09929561614990234,0.11801888014173283,worker1,worker1,worker1,0,0.7420580387115479,0.0,0.0
model_1,1523,1,0.6231238842010498,5,3,0,0,0.9407212734222412,0.5036985874176025,0.11942529678344727,0.191655784365529,worker1,worker1,worker1,0,0.5036985874176025,0.0,0.0
model_1,1524,1,0.9850132465362549,6,6,1,1,0.9855766892433167,0.8857450485229492,0.09926819801330566,0.10077854116416896,worker1,worker1,worker1,0,0.8857450485229492,0.0,0.0
model_1,1525,1,0.8040726184844971,5,5,1,1,0.780223548412323,0.7064692974090576,0.09760332107543945,0.12138620173312281,worker1,worker1,worker1,0,0.7064692974090576,0.0,0.0
model_1,1526,1,0.8018465042114258,5,5,1,1,0.7016101479530334,0.7172293663024902,0.08461713790893555,0.1055278503610265,worker1,worker1,worker1,0,0.7172293663024902,0.0,0.0
model_1,1527,1,0.5626482963562012,8,8,1,0,0.9834730625152588,0.4606008529663086,0.10204744338989258,0.18136986115619272,worker1,worker1,worker1,0,0.4606008529663086,0.0,0.0
model_1,1528,1,0.59002685546875,1,1,1,0,0.5941914916038513,0.4949686527252197,0.09505820274353027,0.16110826458570393,worker1,worker1,worker1,0,0.4949686527252197,0.0,0.0
model_1,1529,1,0.5872342586517334,6,6,1,0,0.925929069519043,0.4959242343902588,0.09131002426147461,0.1554916507615186,worker1,worker1,worker1,0,0.4959242343902588,0.0,0.0
model_1,1530,1,0.6799731254577637,9,9,1,0,0.9978958368301392,0.5059478282928467,0.174025297164917,0.2559296693494492,worker1,worker1,worker1,0,0.5059478282928467,0.0,0.0
model_1,1531,1,0.5302135944366455,2,2,1,0,0.9368650317192078,0.41609835624694824,0.11411523818969727,0.21522503267941528,worker1,worker1,worker1,0,0.41609835624694824,0.0,0.0
model_1,1532,1,1.1262435913085938,4,4,1,2,0.9804953932762146,0.9219658374786377,0.20427775382995605,0.18137972584829867,worker1->worker2,worker1,worker2,0,0.7673001289367676,0.15466570854187012,0.0
model_1,1533,1,0.6341016292572021,4,4,1,0,0.7852674722671509,0.4684901237487793,0.16561150550842285,0.2611750196926999,worker1,worker1,worker1,0,0.4684901237487793,0.0,0.0
model_1,1534,1,0.5369536876678467,9,9,1,0,0.7467349767684937,0.43712639808654785,0.09982728958129883,0.1859141521401578,worker1,worker1,worker1,0,0.43712639808654785,0.0,0.0
model_1,1535,1,0.6298065185546875,8,8,1,0,0.9969950914382935,0.521475076675415,0.10833144187927246,0.1720074954572986,worker1,worker1,worker1,0,0.521475076675415,0.0,0.0
model_1,1536,1,0.7696266174316406,4,4,1,1,0.7073737978935242,0.6642143726348877,0.10541224479675293,0.1369654354582088,worker1,worker1,worker1,0,0.6642143726348877,0.0,0.0
model_1,1537,1,0.8329029083251953,1,1,1,1,0.9232379198074341,0.6988472938537598,0.13405561447143555,0.1609498695844335,worker1,worker1,worker1,0,0.6988472938537598,0.0,0.0
model_1,1538,1,0.8399093151092529,6,0,0,1,0.9783132076263428,0.73995041847229,0.09995889663696289,0.11901153474403428,worker1,worker1,worker1,0,0.73995041847229,0.0,0.0
model_1,1539,1,0.923708438873291,9,9,1,1,0.9474978446960449,0.776317834854126,0.14739060401916504,0.15956398990892323,worker1,worker1,worker1,0,0.776317834854126,0.0,0.0
model_1,1540,1,0.9308311939239502,0,0,1,1,0.7390989661216736,0.773061990737915,0.15776920318603516,0.16949281912325453,worker1,worker1,worker1,0,0.773061990737915,0.0,0.0
model_1,1541,1,1.0478360652923584,7,7,1,2,0.8807246088981628,0.8484029769897461,0.1994330883026123,0.19032852075669696,worker1->worker2,worker1,worker2,0,0.695988655090332,0.15241432189941406,0.0
model_1,1542,1,0.8928375244140625,6,2,0,1,0.9792320728302002,0.7387950420379639,0.15404248237609863,0.17253137123374293,worker1,worker1,worker1,0,0.7387950420379639,0.0,0.0
model_1,1543,1,0.5823285579681396,0,0,1,0,0.962352454662323,0.48252177238464355,0.0998067855834961,0.17139256561921307,worker1,worker1,worker1,0,0.48252177238464355,0.0,0.0
model_1,1544,1,0.8592236042022705,3,7,0,1,0.5928698778152466,0.7596757411956787,0.0995478630065918,0.11585792396731824,worker1,worker1,worker1,0,0.7596757411956787,0.0,0.0
model_1,1545,1,0.7940447330474854,3,3,1,1,0.984432578086853,0.6909608840942383,0.10308384895324707,0.12982121115219647,worker1,worker1,worker1,0,0.6909608840942383,0.0,0.0
model_1,1546,1,0.5614891052246094,9,8,0,0,0.8958423733711243,0.4647045135498047,0.09678459167480469,0.17237127270009714,worker1,worker1,worker1,0,0.4647045135498047,0.0,0.0
model_1,1547,1,0.8066895008087158,4,4,1,1,0.7936490178108215,0.7102406024932861,0.09644889831542969,0.1195613655796171,worker1,worker1,worker1,0,0.7102406024932861,0.0,0.0
model_1,1548,1,0.948418378829956,5,5,1,2,0.7934825420379639,0.7833573818206787,0.16506099700927734,0.17403816785257753,worker1->worker2,worker1,worker2,0,0.6441011428833008,0.13925623893737793,0.0
model_1,1549,1,0.8298561573028564,0,0,1,1,0.9612110257148743,0.7450616359710693,0.08479452133178711,0.10217978210510681,worker1,worker1,worker1,0,0.7450616359710693,0.0,0.0
model_1,1550,1,0.6484630107879639,4,4,1,0,0.7529715299606323,0.5113804340362549,0.13708257675170898,0.21139613897967205,worker1,worker1,worker1,0,0.5113804340362549,0.0,0.0
model_1,1551,1,0.5891532897949219,3,5,0,0,0.9168989658355713,0.5026869773864746,0.08646631240844727,0.146763692753961,worker1,worker1,worker1,0,0.5026869773864746,0.0,0.0
model_1,1552,1,0.6204662322998047,2,4,0,0,0.5764104127883911,0.5195603370666504,0.1009058952331543,0.16262914882432686,worker1,worker1,worker1,0,0.5195603370666504,0.0,0.0
model_1,1553,1,0.5487325191497803,7,7,1,0,0.9789589047431946,0.4484901428222656,0.10024237632751465,0.18267985371603757,worker1,worker1,worker1,0,0.4484901428222656,0.0,0.0
model_1,1554,1,0.8901951313018799,9,1,0,1,0.6067662835121155,0.7821483612060547,0.1080467700958252,0.12137425413438344,worker1,worker1,worker1,0,0.7821483612060547,0.0,0.0
model_1,1555,1,0.6006898880004883,9,9,1,0,0.9353673458099365,0.49167466163635254,0.10901522636413574,0.18148337193924452,worker1,worker1,worker1,0,0.49167466163635254,0.0,0.0
model_1,1556,1,0.8979685306549072,0,0,1,1,0.9778253436088562,0.8100926876068115,0.0878758430480957,0.09786071565782602,worker1,worker1,worker1,0,0.8100926876068115,0.0,0.0
model_1,1557,1,1.065821886062622,8,8,1,2,0.9461340308189392,0.9061636924743652,0.15965819358825684,0.14979819393470042,worker1->worker2,worker1,worker2,0,0.7342512607574463,0.17191243171691895,0.0
model_1,1558,1,0.9571025371551514,1,1,1,2,0.795357882976532,0.7395839691162109,0.21751856803894043,0.22726777915089733,worker1->worker2,worker1,worker2,0,0.6042375564575195,0.1353464126586914,0.0
model_1,1559,1,0.6119508743286133,3,3,1,0,0.7481593489646912,0.48018765449523926,0.13176321983337402,0.21531666243296863,worker1,worker1,worker1,0,0.48018765449523926,0.0,0.0
model_1,1560,1,0.5087313652038574,9,9,1,0,0.8999121785163879,0.4070107936859131,0.10172057151794434,0.19994947918570571,worker1,worker1,worker1,0,0.4070107936859131,0.0,0.0
model_1,1561,1,0.8665478229522705,0,0,1,1,0.8941956162452698,0.7532105445861816,0.11333727836608887,0.13079171785344326,worker1,worker1,worker1,0,0.7532105445861816,0.0,0.0
model_1,1562,1,1.0251798629760742,9,9,1,2,0.9984868764877319,0.8480470180511475,0.17713284492492676,0.17278221248973236,worker1->worker2,worker1,worker2,0,0.6949124336242676,0.15313458442687988,0.0
model_1,1563,1,0.6302731037139893,5,5,1,0,0.7696981430053711,0.47330212593078613,0.15697097778320312,0.24905231852386767,worker1,worker1,worker1,0,0.47330212593078613,0.0,0.0
model_1,1564,1,0.6229503154754639,1,1,1,0,0.989992082118988,0.5324881076812744,0.09046220779418945,0.1452157668868738,worker1,worker1,worker1,0,0.5324881076812744,0.0,0.0
model_1,1565,1,0.6182630062103271,4,4,1,0,0.8377131223678589,0.4785020351409912,0.13976097106933594,0.22605423527764912,worker1,worker1,worker1,0,0.4785020351409912,0.0,0.0
model_1,1566,1,0.6146454811096191,4,4,1,0,0.883860170841217,0.4652581214904785,0.14938735961914062,0.24304638073552856,worker1,worker1,worker1,0,0.4652581214904785,0.0,0.0
model_1,1567,1,0.8679776191711426,0,0,1,1,0.9576857686042786,0.718350887298584,0.1496267318725586,0.17238547235289498,worker1,worker1,worker1,0,0.718350887298584,0.0,0.0
model_1,1568,1,0.596724271774292,3,2,0,0,0.7285758256912231,0.48762989044189453,0.10909438133239746,0.18282209471389135,worker1,worker1,worker1,0,0.48762989044189453,0.0,0.0
model_1,1569,1,1.0351872444152832,4,4,1,2,0.7254289984703064,0.8557608127593994,0.1794264316558838,0.1733275140549392,worker1->worker2,worker1,worker2,0,0.6836686134338379,0.17209219932556152,0.0
model_1,1570,1,0.6605064868927002,6,3,0,0,0.7298054099082947,0.5668010711669922,0.09370541572570801,0.14186903169798926,worker1,worker1,worker1,0,0.5668010711669922,0.0,0.0
model_1,1571,1,0.589026689529419,3,3,1,0,0.8316918015480042,0.49252772331237793,0.09649896621704102,0.16382783315665253,worker1,worker1,worker1,0,0.49252772331237793,0.0,0.0
model_1,1572,1,0.900397777557373,8,7,0,1,0.5749566555023193,0.7739899158477783,0.12640786170959473,0.14039113029856415,worker1,worker1,worker1,0,0.7739899158477783,0.0,0.0
model_1,1573,1,0.5240192413330078,7,7,1,0,0.9533516764640808,0.42584848403930664,0.09817075729370117,0.1873418942479535,worker1,worker1,worker1,0,0.42584848403930664,0.0,0.0
model_1,1574,1,0.5991575717926025,2,2,1,0,0.910301923751831,0.4476194381713867,0.15153813362121582,0.25291866573234345,worker1,worker1,worker1,0,0.4476194381713867,0.0,0.0
model_1,1575,1,0.6054322719573975,7,7,1,0,0.9217821955680847,0.5158917903900146,0.08954048156738281,0.14789512504494232,worker1,worker1,worker1,0,0.5158917903900146,0.0,0.0
model_1,1576,1,0.9121203422546387,3,3,1,1,0.9091637134552002,0.8095934391021729,0.10252690315246582,0.1124050176307143,worker1,worker1,worker1,0,0.8095934391021729,0.0,0.0
model_1,1577,1,0.9114015102386475,2,2,1,2,0.9488623142242432,0.7616991996765137,0.1497023105621338,0.1642550608929041,worker1->worker2,worker1,worker2,0,0.6289710998535156,0.13272809982299805,0.0
model_1,1578,1,0.8858909606933594,0,0,1,1,0.6396680474281311,0.7529160976409912,0.13297486305236816,0.1501029685959239,worker1,worker1,worker1,0,0.7529160976409912,0.0,0.0
model_1,1579,1,0.5863175392150879,6,6,1,0,0.9846115708351135,0.42575836181640625,0.16055917739868164,0.2738433812053868,worker1,worker1,worker1,0,0.42575836181640625,0.0,0.0
model_1,1580,1,0.6011528968811035,5,5,1,0,0.9529812335968018,0.5027568340301514,0.09839606285095215,0.16367892987200058,worker1,worker1,worker1,0,0.5027568340301514,0.0,0.0
model_1,1581,1,0.6241869926452637,6,2,0,0,0.8138397336006165,0.47069692611694336,0.1534900665283203,0.24590398123780094,worker1,worker1,worker1,0,0.47069692611694336,0.0,0.0
model_1,1582,1,0.626356840133667,4,4,1,0,0.8522696495056152,0.46758294105529785,0.15877389907836914,0.25348793036966943,worker1,worker1,worker1,0,0.46758294105529785,0.0,0.0
model_1,1583,1,0.8935725688934326,0,7,0,1,0.8979027271270752,0.7853138446807861,0.10825872421264648,0.12115269423132595,worker1,worker1,worker1,0,0.7853138446807861,0.0,0.0
model_1,1584,1,0.6825363636016846,7,7,1,0,0.9989190101623535,0.5244131088256836,0.15812325477600098,0.23167008119772317,worker1,worker1,worker1,0,0.5244131088256836,0.0,0.0
model_1,1585,1,0.6308786869049072,6,6,1,0,0.9854017496109009,0.4738640785217285,0.1570146083831787,0.24888241058434366,worker1,worker1,worker1,0,0.4738640785217285,0.0,0.0
model_1,1586,1,0.5515191555023193,2,2,1,0,0.8383921980857849,0.44925975799560547,0.10225939750671387,0.18541404498194955,worker1,worker1,worker1,0,0.44925975799560547,0.0,0.0
model_1,1587,1,0.5667033195495605,3,3,1,0,0.8359655737876892,0.4831702709197998,0.08353304862976074,0.14740172811437965,worker1,worker1,worker1,0,0.4831702709197998,0.0,0.0
model_1,1588,1,0.6563491821289062,1,1,1,0,0.8981431126594543,0.557941198348999,0.09840798377990723,0.14993236292413023,worker1,worker1,worker1,0,0.557941198348999,0.0,0.0
model_1,1589,1,0.7664003372192383,5,5,1,1,0.7840188145637512,0.6759750843048096,0.09042525291442871,0.11798696911136855,worker1,worker1,worker1,0,0.6759750843048096,0.0,0.0
model_1,1590,1,1.0118639469146729,6,2,0,2,0.5103231072425842,0.8356952667236328,0.17616868019104004,0.17410312990022536,worker1->worker2,worker1,worker2,0,0.6764657497406006,0.15922951698303223,0.0
model_1,1591,1,1.0254204273223877,3,3,1,2,0.9600680470466614,0.8227038383483887,0.20271658897399902,0.1976911943361021,worker1->worker2,worker1,worker2,0,0.7028563022613525,0.11984753608703613,0.0
model_1,1592,1,0.7965958118438721,4,2,0,1,0.9342818856239319,0.6793465614318848,0.1172492504119873,0.147187882071074,worker1,worker1,worker1,0,0.6793465614318848,0.0,0.0
model_1,1593,1,0.6177103519439697,7,7,1,0,0.7526599764823914,0.5270493030548096,0.09066104888916016,0.14676951520052184,worker1,worker1,worker1,0,0.5270493030548096,0.0,0.0
model_1,1594,1,0.6096656322479248,8,8,1,0,0.9386671185493469,0.4927787780761719,0.11688685417175293,0.1917228854458702,worker1,worker1,worker1,0,0.4927787780761719,0.0,0.0
model_1,1595,1,1.0352909564971924,2,2,1,2,0.7768138647079468,0.8581011295318604,0.17718982696533203,0.17114978726834126,worker1->worker2,worker1,worker2,0,0.7021369934082031,0.15596413612365723,0.0
model_1,1596,1,0.652400016784668,3,3,1,0,0.7217777967453003,0.49173641204833984,0.16066360473632812,0.2462654822238562,worker1,worker1,worker1,0,0.49173641204833984,0.0,0.0
model_1,1597,1,0.5996394157409668,0,1,0,0,0.6118773221969604,0.5005619525909424,0.09907746315002441,0.16522840318559723,worker1,worker1,worker1,0,0.5005619525909424,0.0,0.0
model_1,1598,1,0.6039717197418213,1,1,1,0,0.9938254356384277,0.5078487396240234,0.09612298011779785,0.15915145854658125,worker1,worker1,worker1,0,0.5078487396240234,0.0,0.0
model_1,1599,1,0.5785768032073975,3,3,1,0,0.7394968271255493,0.4732074737548828,0.10536932945251465,0.18211813689797,worker1,worker1,worker1,0,0.4732074737548828,0.0,0.0
model_1,1600,1,0.5575995445251465,9,1,0,0,0.8270379900932312,0.4465968608856201,0.11100268363952637,0.1990724073027294,worker1,worker1,worker1,0,0.4465968608856201,0.0,0.0
model_1,1601,1,0.7699582576751709,3,6,0,1,0.7348257303237915,0.676865816116333,0.09309244155883789,0.12090582915484702,worker1,worker1,worker1,0,0.676865816116333,0.0,0.0
model_1,1602,1,0.8551971912384033,9,9,1,1,0.9994513392448425,0.7547910213470459,0.10040616989135742,0.11740703889118269,worker1,worker1,worker1,0,0.7547910213470459,0.0,0.0
model_1,1603,1,0.8686466217041016,5,3,0,1,0.877532958984375,0.7805607318878174,0.08808588981628418,0.1014058969612732,worker1,worker1,worker1,0,0.7805607318878174,0.0,0.0
model_1,1604,1,0.9158191680908203,7,7,1,1,0.9461796283721924,0.8228895664215088,0.09292960166931152,0.10147156218955208,worker1,worker1,worker1,0,0.8228895664215088,0.0,0.0
model_1,1605,1,0.9442908763885498,8,8,1,1,0.991824209690094,0.781059980392456,0.16323089599609375,0.172860820831365,worker1,worker1,worker1,0,0.781059980392456,0.0,0.0
model_1,1606,1,0.6135709285736084,9,9,1,0,0.6701762080192566,0.44687891006469727,0.16669201850891113,0.27167522244971154,worker1,worker1,worker1,0,0.44687891006469727,0.0,0.0
model_1,1607,1,0.5375380516052246,9,9,1,0,0.996715784072876,0.44623494148254395,0.09130311012268066,0.16985422678455317,worker1,worker1,worker1,0,0.44623494148254395,0.0,0.0
model_1,1608,1,0.5636262893676758,4,7,0,0,0.9072067737579346,0.46761417388916016,0.09601211547851562,0.17034712058273618,worker1,worker1,worker1,0,0.46761417388916016,0.0,0.0
model_1,1609,1,1.0375645160675049,2,2,1,2,0.9585294723510742,0.876396656036377,0.16116786003112793,0.15533285644922942,worker1->worker2,worker1,worker2,0,0.7544755935668945,0.12192106246948242,0.0
model_1,1610,1,0.894371509552002,6,8,0,1,0.9025586247444153,0.7953042984008789,0.09906721115112305,0.11076740492409762,worker1,worker1,worker1,0,0.7953042984008789,0.0,0.0
model_1,1611,1,0.7588639259338379,7,7,1,1,0.9968055486679077,0.6382055282592773,0.12065839767456055,0.15899872632116688,worker1,worker1,worker1,0,0.6382055282592773,0.0,0.0
model_1,1612,1,0.5629873275756836,7,3,0,0,0.8207148909568787,0.43128013610839844,0.13170719146728516,0.23394343889486477,worker1,worker1,worker1,0,0.43128013610839844,0.0,0.0
model_1,1613,1,0.9459109306335449,2,2,1,1,0.8552877306938171,0.7882540225982666,0.15765690803527832,0.16667204377232864,worker1,worker1,worker1,0,0.7882540225982666,0.0,0.0
model_1,1614,1,0.551368236541748,8,8,1,0,0.9997844099998474,0.4456946849822998,0.10567355155944824,0.19165694458978313,worker1,worker1,worker1,0,0.4456946849822998,0.0,0.0
model_1,1615,1,0.877539873123169,2,2,1,1,0.775168776512146,0.7358808517456055,0.14165902137756348,0.16142744702118011,worker1,worker1,worker1,0,0.7358808517456055,0.0,0.0
model_1,1616,1,0.8305153846740723,9,9,1,1,0.7735835313796997,0.7232663631439209,0.10724902153015137,0.12913550249552597,worker1,worker1,worker1,0,0.7232663631439209,0.0,0.0
model_1,1617,1,0.6594631671905518,4,4,1,0,0.9673702120780945,0.49894285202026367,0.16052031517028809,0.24341058478540586,worker1,worker1,worker1,0,0.49894285202026367,0.0,0.0
model_1,1618,1,0.6269857883453369,1,1,1,0,0.5393252372741699,0.5265088081359863,0.10047698020935059,0.1602539994957732,worker1,worker1,worker1,0,0.5265088081359863,0.0,0.0
model_1,1619,1,0.850405216217041,4,4,1,1,0.6180145144462585,0.7600362300872803,0.09036898612976074,0.10626579471344247,worker1,worker1,worker1,0,0.7600362300872803,0.0,0.0
model_1,1620,1,0.5612485408782959,0,9,0,0,0.8126785159111023,0.4740934371948242,0.08715510368347168,0.1552878935722184,worker1,worker1,worker1,0,0.4740934371948242,0.0,0.0
model_1,1621,1,0.6489012241363525,6,6,1,0,0.9183809161186218,0.48308777809143066,0.16581344604492188,0.25552956270903837,worker1,worker1,worker1,0,0.48308777809143066,0.0,0.0
model_1,1622,1,1.1592738628387451,2,2,1,2,0.6071071028709412,0.9716241359710693,0.18764972686767578,0.16186833230947936,worker1->worker2,worker1,worker2,0,0.8260476589202881,0.14557647705078125,0.0
model_1,1623,1,0.8056583404541016,0,0,1,1,0.9576194882392883,0.7115902900695801,0.09406805038452148,0.11675923361198115,worker1,worker1,worker1,0,0.7115902900695801,0.0,0.0
model_1,1624,1,0.6711809635162354,9,9,1,0,0.8639581799507141,0.4987318515777588,0.17244911193847656,0.25693385437369476,worker1,worker1,worker1,0,0.4987318515777588,0.0,0.0
model_1,1625,1,0.5667679309844971,0,0,1,0,0.9244922399520874,0.4459373950958252,0.12083053588867188,0.21319225962341362,worker1,worker1,worker1,0,0.4459373950958252,0.0,0.0
model_1,1626,1,0.6262521743774414,9,9,1,0,0.9765093922615051,0.4739954471588135,0.15225672721862793,0.24312367038084404,worker1,worker1,worker1,0,0.4739954471588135,0.0,0.0
model_1,1627,1,0.815483808517456,4,4,1,1,0.9510788917541504,0.7091348171234131,0.10634899139404297,0.13041214342119767,worker1,worker1,worker1,0,0.7091348171234131,0.0,0.0
model_1,1628,1,0.6085951328277588,6,6,1,0,0.9926706552505493,0.4829258918762207,0.12566924095153809,0.20649070978867703,worker1,worker1,worker1,0,0.4829258918762207,0.0,0.0
model_1,1629,1,0.7810399532318115,0,0,1,1,0.9637158513069153,0.6938493251800537,0.08719062805175781,0.11163401781301674,worker1,worker1,worker1,0,0.6938493251800537,0.0,0.0
model_1,1630,1,0.627805233001709,4,4,1,0,0.8247487545013428,0.522120475769043,0.10568475723266602,0.16834003872085967,worker1,worker1,worker1,0,0.522120475769043,0.0,0.0
model_1,1631,1,0.5306961536407471,8,8,1,0,0.9736919403076172,0.44162511825561523,0.08907103538513184,0.1678381024133598,worker1,worker1,worker1,0,0.44162511825561523,0.0,0.0
model_1,1632,1,1.1683146953582764,2,2,1,2,0.9623250961303711,0.9633116722106934,0.205003023147583,0.1754690101580179,worker1->worker2,worker1,worker2,0,0.8145146369934082,0.14879703521728516,0.0
model_1,1633,1,0.8290517330169678,3,5,0,1,0.630253255367279,0.7318148612976074,0.09723687171936035,0.11728685659399045,worker1,worker1,worker1,0,0.7318148612976074,0.0,0.0
model_1,1634,1,0.7965264320373535,6,6,1,1,0.9894847273826599,0.6884033679962158,0.1081230640411377,0.13574322168390668,worker1,worker1,worker1,0,0.6884033679962158,0.0,0.0
model_1,1635,1,0.8445723056793213,6,6,1,1,0.9969831109046936,0.7536888122558594,0.09088349342346191,0.10760889602028911,worker1,worker1,worker1,0,0.7536888122558594,0.0,0.0
model_1,1636,1,0.5746080875396729,9,9,1,0,0.9967051148414612,0.4733424186706543,0.10126566886901855,0.1762343257342803,worker1,worker1,worker1,0,0.4733424186706543,0.0,0.0
model_1,1637,1,0.6331207752227783,3,5,0,0,0.5851868391036987,0.5352301597595215,0.09789061546325684,0.1546160216094816,worker1,worker1,worker1,0,0.5352301597595215,0.0,0.0
model_1,1638,1,0.5468652248382568,7,7,1,0,0.9114529490470886,0.45221686363220215,0.09464836120605469,0.1730743826946544,worker1,worker1,worker1,0,0.45221686363220215,0.0,0.0
model_1,1639,1,0.595806360244751,1,1,1,0,0.9621107578277588,0.4917001724243164,0.10410618782043457,0.17473158188118174,worker1,worker1,worker1,0,0.4917001724243164,0.0,0.0
model_1,1640,1,1.017270565032959,2,2,1,2,0.992027223110199,0.7945690155029297,0.2227015495300293,0.21892066593199214,worker1->worker2,worker1,worker2,0,0.6497287750244141,0.14484024047851562,0.0
model_1,1641,1,1.0705418586730957,7,7,1,2,0.789166271686554,0.8498423099517822,0.22069954872131348,0.20615686059661778,worker1->worker2,worker1,worker2,0,0.7180929183959961,0.13174939155578613,0.0
model_1,1642,1,1.0896170139312744,3,5,0,2,0.8582600355148315,0.9031274318695068,0.18648958206176758,0.17115149605541133,worker1->worker2,worker1,worker2,0,0.7516067028045654,0.1515207290649414,0.0
model_1,1643,1,0.8050687313079834,2,2,1,1,0.8239924311637878,0.718332052230835,0.08673667907714844,0.10773822868046139,worker1,worker1,worker1,0,0.718332052230835,0.0,0.0
model_1,1644,1,0.5637173652648926,8,8,1,0,0.9920397996902466,0.4762740135192871,0.08744335174560547,0.1551191379469312,worker1,worker1,worker1,0,0.4762740135192871,0.0,0.0
model_1,1645,1,1.083024024963379,2,2,1,2,0.7699958086013794,0.8652870655059814,0.21773695945739746,0.2010453641273193,worker1->worker2,worker1,worker2,0,0.7119739055633545,0.15331315994262695,0.0
model_1,1646,1,0.844182014465332,6,6,1,1,0.9372270107269287,0.6925132274627686,0.15166878700256348,0.17966360856269112,worker1,worker1,worker1,0,0.6925132274627686,0.0,0.0
model_1,1647,1,0.5459277629852295,9,9,1,0,0.9947320222854614,0.45612478256225586,0.08980298042297363,0.16449608631719895,worker1,worker1,worker1,0,0.45612478256225586,0.0,0.0
model_1,1648,1,0.5177886486053467,0,0,1,0,0.9064449667930603,0.418184757232666,0.09960389137268066,0.19236399183520486,worker1,worker1,worker1,0,0.418184757232666,0.0,0.0
model_1,1649,1,1.371391773223877,0,0,1,3,0.8180358409881592,1.1541705131530762,0.21722126007080078,0.15839475218679167,worker1->worker2->worker3,worker1,worker3,0,0.7871038913726807,0.1649179458618164,0.2021486759185791
model_1,1650,1,0.5167443752288818,8,8,1,0,0.9953534603118896,0.42354488372802734,0.09319949150085449,0.1803589859291136,worker1,worker1,worker1,0,0.42354488372802734,0.0,0.0
model_1,1651,1,0.515833854675293,6,6,1,0,0.9788569211959839,0.4013946056365967,0.11443924903869629,0.22185292415662305,worker1,worker1,worker1,0,0.4013946056365967,0.0,0.0
model_1,1652,1,0.5755572319030762,9,9,1,0,0.9943406581878662,0.4534783363342285,0.12207889556884766,0.21210557143934167,worker1,worker1,worker1,0,0.4534783363342285,0.0,0.0
model_1,1653,1,0.5423943996429443,9,9,1,0,0.9095849394798279,0.453643798828125,0.08875060081481934,0.16362742844181916,worker1,worker1,worker1,0,0.453643798828125,0.0,0.0
model_1,1654,1,0.5974748134613037,2,5,0,0,0.8284196257591248,0.5010514259338379,0.09642338752746582,0.16138485732789942,worker1,worker1,worker1,0,0.5010514259338379,0.0,0.0
model_1,1655,1,0.8409836292266846,0,0,1,1,0.9908832907676697,0.7203195095062256,0.12066411972045898,0.143479748626515,worker1,worker1,worker1,0,0.7203195095062256,0.0,0.0
model_1,1656,1,0.5182209014892578,4,4,1,0,0.7500193119049072,0.4295947551727295,0.08862614631652832,0.17102001494311678,worker1,worker1,worker1,0,0.4295947551727295,0.0,0.0
model_1,1657,1,0.569366455078125,8,8,1,0,0.8177432417869568,0.4469606876373291,0.1224057674407959,0.21498591346411536,worker1,worker1,worker1,0,0.4469606876373291,0.0,0.0
model_1,1658,1,1.26678466796875,3,3,1,3,0.7915768027305603,0.9964454174041748,0.2703392505645752,0.21340584347145267,worker1->worker2->worker3,worker1,worker3,0,0.6949293613433838,0.13342714309692383,0.1680889129638672
model_1,1659,1,0.8627376556396484,3,3,1,1,0.9996788501739502,0.7697560787200928,0.09298157691955566,0.10777503023282035,worker1,worker1,worker1,0,0.7697560787200928,0.0,0.0
model_1,1660,1,0.8517837524414062,4,4,1,1,0.9812877774238586,0.7647027969360352,0.0870809555053711,0.10223364234851538,worker1,worker1,worker1,0,0.7647027969360352,0.0,0.0
model_1,1661,1,1.3099639415740967,7,2,0,3,0.37730681896209717,1.1219112873077393,0.18805265426635742,0.1435555959199816,worker1->worker2->worker3,worker1,worker3,0,0.7731857299804688,0.15303802490234375,0.19568753242492676
model_1,1662,1,0.7808377742767334,4,4,1,1,0.9994934797286987,0.6402604579925537,0.1405773162841797,0.1800339595691208,worker1,worker1,worker1,0,0.6402604579925537,0.0,0.0
model_1,1663,1,0.5756680965423584,5,5,1,0,0.985015869140625,0.45369648933410645,0.12197160720825195,0.21187835132926655,worker1,worker1,worker1,0,0.45369648933410645,0.0,0.0
model_1,1664,1,0.5154156684875488,0,0,1,0,0.98506098985672,0.427947998046875,0.08746767044067383,0.16970316540306501,worker1,worker1,worker1,0,0.427947998046875,0.0,0.0
model_1,1665,1,0.5564978122711182,4,4,1,0,0.8259879350662231,0.4672980308532715,0.08919978141784668,0.16028774857858696,worker1,worker1,worker1,0,0.4672980308532715,0.0,0.0
model_1,1666,1,0.5986349582672119,6,6,1,0,0.7736492156982422,0.48108839988708496,0.11754655838012695,0.19635765796299828,worker1,worker1,worker1,0,0.48108839988708496,0.0,0.0
model_1,1667,1,0.5394353866577148,8,8,1,0,0.5340859889984131,0.4386565685272217,0.10077881813049316,0.1868227791930896,worker1,worker1,worker1,0,0.4386565685272217,0.0,0.0
model_1,1668,1,0.629187822341919,7,7,1,0,0.9846723675727844,0.4682886600494385,0.16089916229248047,0.25572516914518917,worker1,worker1,worker1,0,0.4682886600494385,0.0,0.0
model_1,1669,1,0.491436243057251,2,2,1,0,0.7738102674484253,0.39717769622802734,0.09425854682922363,0.19180218830185622,worker1,worker1,worker1,0,0.39717769622802734,0.0,0.0
model_1,1670,1,0.8613581657409668,9,9,1,1,0.9869575500488281,0.7721712589263916,0.0891869068145752,0.10354218530900426,worker1,worker1,worker1,0,0.7721712589263916,0.0,0.0
model_1,1671,1,0.9900953769683838,0,0,1,1,0.8623192310333252,0.8330695629119873,0.15702581405639648,0.15859665412962604,worker1,worker1,worker1,0,0.8330695629119873,0.0,0.0
model_1,1672,1,0.914740800857544,3,5,0,1,0.7022168040275574,0.7611865997314453,0.15355420112609863,0.16786635184758988,worker1,worker1,worker1,0,0.7611865997314453,0.0,0.0
model_1,1673,1,0.884894847869873,7,7,1,1,0.8310999274253845,0.7851142883300781,0.09978055953979492,0.11275979262393447,worker1,worker1,worker1,0,0.7851142883300781,0.0,0.0
model_1,1674,1,0.8002176284790039,5,5,1,1,0.9622870087623596,0.7135236263275146,0.08669400215148926,0.10833803088826095,worker1,worker1,worker1,0,0.7135236263275146,0.0,0.0
model_1,1675,1,0.7393710613250732,6,6,1,1,0.9815388321876526,0.642643928527832,0.09672713279724121,0.1308235307774833,worker1,worker1,worker1,0,0.642643928527832,0.0,0.0
model_1,1676,1,0.6955084800720215,9,8,0,0,0.8753641247749329,0.5460283756256104,0.14948010444641113,0.2149220444169597,worker1,worker1,worker1,0,0.5460283756256104,0.0,0.0
model_1,1677,1,0.5952408313751221,3,4,0,0,0.9081926941871643,0.5080442428588867,0.08719658851623535,0.14648959533705758,worker1,worker1,worker1,0,0.5080442428588867,0.0,0.0
model_1,1678,1,0.6342158317565918,5,5,1,0,0.9732699394226074,0.5349454879760742,0.09927034378051758,0.15652454386950235,worker1,worker1,worker1,0,0.5349454879760742,0.0,0.0
model_1,1679,1,1.142347812652588,1,1,1,2,0.9897035956382751,0.9131624698638916,0.2291853427886963,0.20062658697311866,worker1->worker2,worker1,worker2,0,0.7292909622192383,0.18387150764465332,0.0
model_1,1680,1,0.6098301410675049,0,0,1,0,0.7662228941917419,0.5117309093475342,0.0980992317199707,0.16086320618434577,worker1,worker1,worker1,0,0.5117309093475342,0.0,0.0
model_1,1681,1,0.5732576847076416,5,6,0,0,0.7874189019203186,0.4508962631225586,0.12236142158508301,0.21344924778023114,worker1,worker1,worker1,0,0.4508962631225586,0.0,0.0
model_1,1682,1,0.8228321075439453,3,3,1,1,0.9995688796043396,0.7304813861846924,0.09235072135925293,0.11223519416969363,worker1,worker1,worker1,0,0.7304813861846924,0.0,0.0
model_1,1683,1,0.8361856937408447,3,3,1,1,0.7032268047332764,0.740117073059082,0.0960686206817627,0.11488909867852488,worker1,worker1,worker1,0,0.740117073059082,0.0,0.0
model_1,1684,1,0.5880799293518066,9,9,1,0,0.9617854356765747,0.4307441711425781,0.15733575820922852,0.2675414520312691,worker1,worker1,worker1,0,0.4307441711425781,0.0,0.0
model_1,1685,1,0.5064332485198975,9,9,1,0,0.8843291401863098,0.3860189914703369,0.12041425704956055,0.23776925666212365,worker1,worker1,worker1,0,0.3860189914703369,0.0,0.0
model_1,1686,1,0.5830657482147217,3,3,1,0,0.885375440120697,0.49057769775390625,0.09248805046081543,0.15862370709307294,worker1,worker1,worker1,0,0.49057769775390625,0.0,0.0
model_1,1687,1,0.5988659858703613,8,8,1,0,0.9169052243232727,0.5085511207580566,0.09031486511230469,0.15080980927819046,worker1,worker1,worker1,0,0.5085511207580566,0.0,0.0
model_1,1688,1,0.9357423782348633,4,4,1,1,0.7440780401229858,0.8450973033905029,0.09064507484436035,0.0968696907960379,worker1,worker1,worker1,0,0.8450973033905029,0.0,0.0
model_1,1689,1,0.8306758403778076,7,7,1,1,0.9714188575744629,0.725938081741333,0.10473775863647461,0.1260874020229574,worker1,worker1,worker1,0,0.725938081741333,0.0,0.0
model_1,1690,1,0.6291506290435791,0,2,0,0,0.8953427076339722,0.5370628833770752,0.0920877456665039,0.14636835984173402,worker1,worker1,worker1,0,0.5370628833770752,0.0,0.0
model_1,1691,1,0.5579667091369629,0,0,1,0,0.9241041541099548,0.4335904121398926,0.12437629699707031,0.22290988863735225,worker1,worker1,worker1,0,0.4335904121398926,0.0,0.0
model_1,1692,1,1.07173752784729,4,4,1,2,0.6925893425941467,0.888559103012085,0.18317842483520508,0.17091724426515167,worker1->worker2,worker1,worker2,0,0.7492110729217529,0.13934803009033203,0.0
model_1,1693,1,0.8032739162445068,4,4,1,1,0.990632176399231,0.6626882553100586,0.14058566093444824,0.17501584215720467,worker1,worker1,worker1,0,0.6626882553100586,0.0,0.0
model_1,1694,1,1.254181146621704,6,2,0,3,0.5242972373962402,1.059760332107544,0.19442081451416016,0.15501812879093047,worker1->worker2->worker3,worker1,worker3,0,0.8229303359985352,0.09212779998779297,0.14470219612121582
model_1,1695,1,0.5827913284301758,7,7,1,0,0.9227778315544128,0.4901089668273926,0.0926823616027832,0.15903181307181627,worker1,worker1,worker1,0,0.4901089668273926,0.0,0.0
model_1,1696,1,0.5612952709197998,2,2,1,0,0.7667313814163208,0.46643757820129395,0.09485769271850586,0.16899784771580503,worker1,worker1,worker1,0,0.46643757820129395,0.0,0.0
model_1,1697,1,0.6092510223388672,2,4,0,0,0.7644372582435608,0.5116784572601318,0.09757256507873535,0.16015166409432008,worker1,worker1,worker1,0,0.5116784572601318,0.0,0.0
model_1,1698,1,1.3673901557922363,7,7,1,3,0.4233100414276123,1.1283152103424072,0.2390749454498291,0.17484032954099646,worker1->worker2->worker3,worker1,worker3,0,0.7653281688690186,0.18374323844909668,0.179243803024292
model_1,1699,1,0.7392363548278809,3,6,0,1,0.6629179120063782,0.5925300121307373,0.14670634269714355,0.19845661233923179,worker1,worker1,worker1,0,0.5925300121307373,0.0,0.0
model_1,1700,1,0.6148698329925537,3,7,0,0,0.8370970487594604,0.4505152702331543,0.16435456275939941,0.2672997664554309,worker1,worker1,worker1,0,0.4505152702331543,0.0,0.0
model_1,1701,1,0.8380575180053711,9,1,0,1,0.9228540658950806,0.7219479084014893,0.11610960960388184,0.13854611063000774,worker1,worker1,worker1,0,0.7219479084014893,0.0,0.0
model_1,1702,1,0.5567700862884521,7,7,1,0,0.9902141690254211,0.4676995277404785,0.08907055854797363,0.15997727022609445,worker1,worker1,worker1,0,0.4676995277404785,0.0,0.0
model_1,1703,1,0.530487060546875,8,8,1,0,0.9999672174453735,0.4421241283416748,0.0883629322052002,0.16656943925099235,worker1,worker1,worker1,0,0.4421241283416748,0.0,0.0
model_1,1704,1,0.6115710735321045,2,2,1,0,0.7927160263061523,0.5208790302276611,0.09069204330444336,0.14829354629324612,worker1,worker1,worker1,0,0.5208790302276611,0.0,0.0
model_1,1705,1,0.6357347965240479,4,4,1,0,0.792890727519989,0.4824106693267822,0.15332412719726562,0.24117623895307083,worker1,worker1,worker1,0,0.4824106693267822,0.0,0.0
model_1,1706,1,0.8562197685241699,6,6,1,1,0.9988223910331726,0.7670032978057861,0.08921647071838379,0.10419809726206447,worker1,worker1,worker1,0,0.7670032978057861,0.0,0.0
model_1,1707,1,0.8748290538787842,7,7,1,1,0.8767728209495544,0.7149858474731445,0.15984320640563965,0.18271364639403875,worker1,worker1,worker1,0,0.7149858474731445,0.0,0.0
model_1,1708,1,0.5387954711914062,1,1,1,0,0.8818809986114502,0.44778013229370117,0.09101533889770508,0.168923726653545,worker1,worker1,worker1,0,0.44778013229370117,0.0,0.0
model_1,1709,1,0.6494529247283936,9,9,1,0,0.9793105721473694,0.5335848331451416,0.11586809158325195,0.17840876093014582,worker1,worker1,worker1,0,0.5335848331451416,0.0,0.0
model_1,1710,1,0.5154697895050049,7,2,0,0,0.7691748738288879,0.4203977584838867,0.09507203102111816,0.18443763913383535,worker1,worker1,worker1,0,0.4203977584838867,0.0,0.0
model_1,1711,1,0.5950078964233398,4,4,1,0,0.9351617693901062,0.5075898170471191,0.0874180793762207,0.14691919200014106,worker1,worker1,worker1,0,0.5075898170471191,0.0,0.0
model_1,1712,1,0.8818769454956055,0,8,0,1,0.6513670086860657,0.7790837287902832,0.10279321670532227,0.11656185959998486,worker1,worker1,worker1,0,0.7790837287902832,0.0,0.0
model_1,1713,1,0.6135666370391846,9,9,1,0,0.986625075340271,0.5198593139648438,0.09370732307434082,0.15272558417865267,worker1,worker1,worker1,0,0.5198593139648438,0.0,0.0
model_1,1714,1,0.6295876502990723,7,7,1,0,0.8158584237098694,0.4756505489349365,0.15393710136413574,0.244504639331809,worker1,worker1,worker1,0,0.4756505489349365,0.0,0.0
model_1,1715,1,0.893355131149292,3,3,1,1,0.9942703247070312,0.7978677749633789,0.09548735618591309,0.10688622346979706,worker1,worker1,worker1,0,0.7978677749633789,0.0,0.0
model_1,1716,1,1.137559175491333,7,7,1,2,0.9958676099777222,0.926426887512207,0.21113228797912598,0.1856011472000426,worker1->worker2,worker1,worker2,0,0.7634258270263672,0.16300106048583984,0.0
model_1,1717,1,0.6281113624572754,5,5,1,0,0.8924344182014465,0.4913148880004883,0.1367964744567871,0.21779016052442787,worker1,worker1,worker1,0,0.4913148880004883,0.0,0.0
model_1,1718,1,0.5849757194519043,8,8,1,0,0.971230149269104,0.4759070873260498,0.10906863212585449,0.18644984483808466,worker1,worker1,worker1,0,0.4759070873260498,0.0,0.0
model_1,1719,1,0.8440456390380859,3,3,1,1,0.9338865876197815,0.7453882694244385,0.09865736961364746,0.11688629743538755,worker1,worker1,worker1,0,0.7453882694244385,0.0,0.0
model_1,1720,1,0.8230531215667725,6,6,1,1,0.9814313650131226,0.6974093914031982,0.12564373016357422,0.1526556754008751,worker1,worker1,worker1,0,0.6974093914031982,0.0,0.0
model_1,1721,1,0.6107637882232666,8,8,1,0,0.9990536570549011,0.47348690032958984,0.13727688789367676,0.2247626505379765,worker1,worker1,worker1,0,0.47348690032958984,0.0,0.0
model_1,1722,1,0.6225020885467529,2,7,0,0,0.8623448610305786,0.43505239486694336,0.18744969367980957,0.30112299561502787,worker1,worker1,worker1,0,0.43505239486694336,0.0,0.0
model_1,1723,1,0.6213366985321045,7,7,1,0,0.987514078617096,0.5002250671386719,0.12111163139343262,0.19492109781951786,worker1,worker1,worker1,0,0.5002250671386719,0.0,0.0
model_1,1724,1,1.0881142616271973,4,4,1,2,0.9892880916595459,0.8834555149078369,0.20465874671936035,0.18808571299608534,worker1->worker2,worker1,worker2,0,0.7319791316986084,0.15147638320922852,0.0
model_1,1725,1,0.556117057800293,7,0,0,0,0.8411685228347778,0.46375155448913574,0.09236550331115723,0.16609003808749664,worker1,worker1,worker1,0,0.46375155448913574,0.0,0.0
model_1,1726,1,0.5481936931610107,7,7,1,0,0.943378746509552,0.4484074115753174,0.09978628158569336,0.18202741627745248,worker1,worker1,worker1,0,0.4484074115753174,0.0,0.0
model_1,1727,1,1.3091166019439697,5,7,0,3,0.7782997488975525,1.124828815460205,0.18428778648376465,0.14077262958097614,worker1->worker2->worker3,worker1,worker3,0,0.7733116149902344,0.14476394653320312,0.20675325393676758
model_1,1728,1,0.546501874923706,6,6,1,0,0.9253420829772949,0.4533271789550781,0.09317469596862793,0.1704929118159668,worker1,worker1,worker1,0,0.4533271789550781,0.0,0.0
model_1,1729,1,1.0107388496398926,9,8,0,2,0.9386211037635803,0.8572597503662109,0.15347909927368164,0.15184842190281236,worker1->worker2,worker1,worker2,0,0.7325708866119385,0.12468886375427246,0.0
model_1,1730,1,0.5533452033996582,2,0,0,0,0.5365269780158997,0.4674410820007324,0.08590412139892578,0.1552450818605557,worker1,worker1,worker1,0,0.4674410820007324,0.0,0.0
model_1,1731,1,0.7881026268005371,3,3,1,1,0.8528075218200684,0.7003207206726074,0.08778190612792969,0.11138385172537514,worker1,worker1,worker1,0,0.7003207206726074,0.0,0.0
model_1,1732,1,0.5806620121002197,6,6,1,0,0.8236836791038513,0.49181389808654785,0.08884811401367188,0.15301175582730747,worker1,worker1,worker1,0,0.49181389808654785,0.0,0.0
model_1,1733,1,0.8227851390838623,4,7,0,1,0.8253658413887024,0.660663366317749,0.16212177276611328,0.1970402296602358,worker1,worker1,worker1,0,0.660663366317749,0.0,0.0
model_1,1734,1,0.6049315929412842,4,4,1,0,0.9418591260910034,0.47248196601867676,0.13244962692260742,0.21894975972177938,worker1,worker1,worker1,0,0.47248196601867676,0.0,0.0
model_1,1735,1,0.8658921718597412,7,0,0,1,0.6035557985305786,0.7208812236785889,0.14501094818115234,0.16746998401625635,worker1,worker1,worker1,0,0.7208812236785889,0.0,0.0
model_1,1736,1,0.5898373126983643,1,1,1,0,0.9490270018577576,0.5025928020477295,0.08724451065063477,0.14791283761197144,worker1,worker1,worker1,0,0.5025928020477295,0.0,0.0
model_1,1737,1,0.49246954917907715,8,8,1,0,0.7924173474311829,0.40350985527038574,0.0889596939086914,0.1806399889231383,worker1,worker1,worker1,0,0.40350985527038574,0.0,0.0
model_1,1738,1,0.6017313003540039,9,3,0,0,0.953395426273346,0.49691128730773926,0.10482001304626465,0.1741973751151022,worker1,worker1,worker1,0,0.49691128730773926,0.0,0.0
model_1,1739,1,0.8601503372192383,6,6,1,1,0.9032650589942932,0.7461895942687988,0.11396074295043945,0.132489331247443,worker1,worker1,worker1,0,0.7461895942687988,0.0,0.0
model_1,1740,1,0.8688406944274902,8,8,1,1,0.9636366367340088,0.7625713348388672,0.10626935958862305,0.12231167378577688,worker1,worker1,worker1,0,0.7625713348388672,0.0,0.0
model_1,1741,1,1.4603400230407715,2,5,0,3,0.9710325002670288,1.1676161289215088,0.2927238941192627,0.20044913479104864,worker1->worker2->worker3,worker1,worker3,0,0.7865982055664062,0.16728758811950684,0.2137303352355957
model_1,1742,1,0.8485546112060547,9,9,1,1,0.9967843294143677,0.6745402812957764,0.17401432991027832,0.20507145634734214,worker1,worker1,worker1,0,0.6745402812957764,0.0,0.0
model_1,1743,1,0.5376901626586914,7,7,1,0,0.7750748991966248,0.43735384941101074,0.10033631324768066,0.18660619110372484,worker1,worker1,worker1,0,0.43735384941101074,0.0,0.0
model_1,1744,1,0.6157047748565674,9,1,0,0,0.9911419153213501,0.49390172958374023,0.12180304527282715,0.1978270272488986,worker1,worker1,worker1,0,0.49390172958374023,0.0,0.0
model_1,1745,1,0.7785522937774658,3,3,1,1,0.9234434962272644,0.6637017726898193,0.11485052108764648,0.1475180562764796,worker1,worker1,worker1,0,0.6637017726898193,0.0,0.0
model_1,1746,1,0.816058874130249,5,5,1,1,0.6283237338066101,0.7144277095794678,0.10163116455078125,0.12453901032459107,worker1,worker1,worker1,0,0.7144277095794678,0.0,0.0
model_1,1747,1,0.9038798809051514,6,6,1,1,0.9717370867729187,0.7865228652954102,0.11735701560974121,0.12983695963253336,worker1,worker1,worker1,0,0.7865228652954102,0.0,0.0
model_1,1748,1,1.1358120441436768,6,6,1,2,0.9996644258499146,0.9355874061584473,0.2002246379852295,0.1762832495196729,worker1->worker2,worker1,worker2,0,0.7731778621673584,0.16240954399108887,0.0
model_1,1749,1,0.5497353076934814,2,2,1,0,0.9372752904891968,0.4602079391479492,0.08952736854553223,0.16285540930809275,worker1,worker1,worker1,0,0.4602079391479492,0.0,0.0
model_1,1750,1,0.6204221248626709,3,3,1,0,0.9756501913070679,0.4740760326385498,0.1463460922241211,0.23588148513645366,worker1,worker1,worker1,0,0.4740760326385498,0.0,0.0
model_1,1751,1,1.0099356174468994,5,3,0,2,0.7671732306480408,0.838531494140625,0.17140412330627441,0.1697178714615306,worker1->worker2,worker1,worker2,0,0.7164623737335205,0.12206912040710449,0.0
model_1,1752,1,0.6131975650787354,8,8,1,0,0.7880262732505798,0.48729372024536133,0.12590384483337402,0.20532345854505768,worker1,worker1,worker1,0,0.48729372024536133,0.0,0.0
model_1,1753,1,0.8140702247619629,9,9,1,1,0.9918020367622375,0.7032063007354736,0.11086392402648926,0.1361847180430979,worker1,worker1,worker1,0,0.7032063007354736,0.0,0.0
model_1,1754,1,0.6025454998016357,4,4,1,0,0.9354462623596191,0.4659264087677002,0.13661909103393555,0.22673655529567804,worker1,worker1,worker1,0,0.4659264087677002,0.0,0.0
model_1,1755,1,0.8991904258728027,6,6,1,1,0.9198883175849915,0.7918572425842285,0.10733318328857422,0.11936646587889416,worker1,worker1,worker1,0,0.7918572425842285,0.0,0.0
model_1,1756,1,0.5290262699127197,6,6,1,0,0.6963979005813599,0.4034688472747803,0.12555742263793945,0.23733683897900623,worker1,worker1,worker1,0,0.4034688472747803,0.0,0.0
model_1,1757,1,0.7257168292999268,3,0,0,0,0.7581560611724854,0.5875334739685059,0.1381833553314209,0.19040946792528082,worker1,worker1,worker1,0,0.5875334739685059,0.0,0.0
model_1,1758,1,0.8664846420288086,9,1,0,1,0.6126431226730347,0.6949164867401123,0.1715681552886963,0.19800484274825964,worker1,worker1,worker1,0,0.6949164867401123,0.0,0.0
model_1,1759,1,0.8182458877563477,7,7,1,1,0.9886136054992676,0.7235877513885498,0.09465813636779785,0.11568421886891851,worker1,worker1,worker1,0,0.7235877513885498,0.0,0.0
model_1,1760,1,0.5298354625701904,2,2,1,0,0.9032521843910217,0.4223060607910156,0.1075294017791748,0.20294866873870254,worker1,worker1,worker1,0,0.4223060607910156,0.0,0.0
model_1,1761,1,0.9208328723907471,3,5,0,1,0.9462785720825195,0.8266177177429199,0.09421515464782715,0.10231515128604987,worker1,worker1,worker1,0,0.8266177177429199,0.0,0.0
model_1,1762,1,0.5462455749511719,6,6,1,0,0.9903891682624817,0.4530620574951172,0.09318351745605469,0.17058905688047768,worker1,worker1,worker1,0,0.4530620574951172,0.0,0.0
model_1,1763,1,0.6407320499420166,3,3,1,0,0.8456315398216248,0.5259840488433838,0.11474800109863281,0.17908890480664577,worker1,worker1,worker1,0,0.5259840488433838,0.0,0.0
model_1,1764,1,0.5489702224731445,5,5,1,0,0.7528488039970398,0.4571235179901123,0.09184670448303223,0.16730726134699472,worker1,worker1,worker1,0,0.4571235179901123,0.0,0.0
model_1,1765,1,0.6543424129486084,1,8,0,0,0.858575165271759,0.510718584060669,0.14362382888793945,0.21949338151678022,worker1,worker1,worker1,0,0.510718584060669,0.0,0.0
model_1,1766,1,1.0416982173919678,2,2,1,2,0.9942704439163208,0.8867025375366211,0.15499567985534668,0.14879134596524443,worker1->worker2,worker1,worker2,0,0.7344989776611328,0.15220355987548828,0.0
model_1,1767,1,0.5874643325805664,7,7,1,0,0.9970554113388062,0.44656848907470703,0.14089584350585938,0.23983727299143995,worker1,worker1,worker1,0,0.44656848907470703,0.0,0.0
model_1,1768,1,0.9491667747497559,3,5,0,1,0.5017152428627014,0.8357102870941162,0.11345648765563965,0.11953272140773365,worker1,worker1,worker1,0,0.8357102870941162,0.0,0.0
model_1,1769,1,0.5358090400695801,6,6,1,0,0.9698076248168945,0.414994478225708,0.12081456184387207,0.22548063360070056,worker1,worker1,worker1,0,0.414994478225708,0.0,0.0
model_1,1770,1,1.4025728702545166,8,0,0,3,0.38427332043647766,1.1582725048065186,0.24430036544799805,0.17418015892726224,worker1->worker2->worker3,worker1,worker3,0,0.8230509757995605,0.15015888214111328,0.18506264686584473
model_1,1771,1,0.5815689563751221,4,2,0,0,0.8082110285758972,0.42447948455810547,0.1570894718170166,0.27011323437231605,worker1,worker1,worker1,0,0.42447948455810547,0.0,0.0
model_1,1772,1,0.6132454872131348,1,1,1,0,0.8993833661079407,0.45169901847839355,0.1615464687347412,0.2634287118342795,worker1,worker1,worker1,0,0.45169901847839355,0.0,0.0
model_1,1773,1,1.0165929794311523,4,4,1,2,0.9953758716583252,0.8371238708496094,0.17946910858154297,0.176539787518469,worker1->worker2,worker1,worker2,0,0.6881046295166016,0.1490192413330078,0.0
model_1,1774,1,0.8109130859375,5,5,1,1,0.575481653213501,0.7222030162811279,0.08871006965637207,0.10939528686211049,worker1,worker1,worker1,0,0.7222030162811279,0.0,0.0
model_1,1775,1,0.8567335605621338,3,5,0,1,0.6683067083358765,0.7157883644104004,0.1409451961517334,0.16451461999370512,worker1,worker1,worker1,0,0.7157883644104004,0.0,0.0
model_1,1776,1,0.5154788494110107,6,6,1,0,0.8015559911727905,0.4232637882232666,0.09221506118774414,0.17889203658522485,worker1,worker1,worker1,0,0.4232637882232666,0.0,0.0
model_1,1777,1,0.5990610122680664,9,9,1,0,0.9991193413734436,0.45520782470703125,0.14385318756103516,0.24013111288348052,worker1,worker1,worker1,0,0.45520782470703125,0.0,0.0
model_1,1778,1,0.6497738361358643,1,1,1,0,0.7888223528862,0.5558633804321289,0.09391045570373535,0.1445279118380802,worker1,worker1,worker1,0,0.5558633804321289,0.0,0.0
model_1,1779,1,0.5945844650268555,9,9,1,0,0.9822360277175903,0.49796271324157715,0.09662175178527832,0.16250298732731644,worker1,worker1,worker1,0,0.49796271324157715,0.0,0.0
model_1,1780,1,0.907001256942749,9,1,0,1,0.8002376556396484,0.8172876834869385,0.08971357345581055,0.09891229231391613,worker1,worker1,worker1,0,0.8172876834869385,0.0,0.0
model_1,1781,1,0.8317461013793945,0,3,0,1,0.780033528804779,0.6910433769226074,0.1407027244567871,0.1691654751653674,worker1,worker1,worker1,0,0.6910433769226074,0.0,0.0
model_1,1782,1,0.8414452075958252,3,2,0,1,0.8397007584571838,0.6740577220916748,0.1673874855041504,0.19892856242227516,worker1,worker1,worker1,0,0.6740577220916748,0.0,0.0
model_1,1783,1,1.1403889656066895,4,4,1,2,0.8997463583946228,0.9300973415374756,0.21029162406921387,0.18440341884344547,worker1->worker2,worker1,worker2,0,0.7812972068786621,0.14880013465881348,0.0
model_1,1784,1,0.544414758682251,9,9,1,0,0.9969040751457214,0.39671826362609863,0.14769649505615234,0.2712940689074077,worker1,worker1,worker1,0,0.39671826362609863,0.0,0.0
model_1,1785,1,1.283921718597412,4,2,0,3,0.533494770526886,1.0918152332305908,0.1921064853668213,0.1496247649558286,worker1->worker2->worker3,worker1,worker3,0,0.7192127704620361,0.16011548042297363,0.21248698234558105
model_1,1786,1,0.516122579574585,7,5,0,0,0.7950559258460999,0.3880929946899414,0.12802958488464355,0.24806042198380895,worker1,worker1,worker1,0,0.3880929946899414,0.0,0.0
model_1,1787,1,0.7919094562530518,3,3,1,1,0.897663414478302,0.6715335845947266,0.1203758716583252,0.1520071148384665,worker1,worker1,worker1,0,0.6715335845947266,0.0,0.0
model_1,1788,1,0.597449779510498,6,6,1,0,0.7767417430877686,0.5095393657684326,0.08791041374206543,0.14714276706921225,worker1,worker1,worker1,0,0.5095393657684326,0.0,0.0
model_1,1789,1,1.1935582160949707,5,3,0,2,0.989531397819519,0.993804931640625,0.1997532844543457,0.16735948172506354,worker1->worker2,worker1,worker2,0,0.799689769744873,0.19411516189575195,0.0
model_1,1790,1,0.6035921573638916,9,1,0,0,0.9168543219566345,0.4408566951751709,0.1627354621887207,0.26961162467624855,worker1,worker1,worker1,0,0.4408566951751709,0.0,0.0
model_1,1791,1,0.5369524955749512,3,3,1,0,0.49151092767715454,0.44393014907836914,0.09302234649658203,0.17324129650794665,worker1,worker1,worker1,0,0.44393014907836914,0.0,0.0
model_1,1792,1,0.5998144149780273,4,4,1,0,0.9268711805343628,0.509169340133667,0.09064507484436035,0.1511218679992559,worker1,worker1,worker1,0,0.509169340133667,0.0,0.0
model_1,1793,1,0.5756363868713379,9,9,1,0,0.9955540299415588,0.4240443706512451,0.15159201622009277,0.2633468274026526,worker1,worker1,worker1,0,0.4240443706512451,0.0,0.0
model_1,1794,1,0.8311934471130371,4,4,1,1,0.9881261587142944,0.7218434810638428,0.10934996604919434,0.13155778168006108,worker1,worker1,worker1,0,0.7218434810638428,0.0,0.0
model_1,1795,1,0.5972611904144287,7,7,1,0,0.9532581567764282,0.4913046360015869,0.1059565544128418,0.1774040505449893,worker1,worker1,worker1,0,0.4913046360015869,0.0,0.0
model_1,1796,1,0.919835090637207,3,3,1,1,0.9940472841262817,0.77317214012146,0.14666295051574707,0.15944483093610584,worker1,worker1,worker1,0,0.77317214012146,0.0,0.0
model_1,1797,1,0.5514132976531982,8,8,1,0,0.9895045757293701,0.3924903869628906,0.15892291069030762,0.28821015265079697,worker1,worker1,worker1,0,0.3924903869628906,0.0,0.0
model_1,1798,1,0.6761784553527832,5,5,1,0,0.9124339818954468,0.5192990303039551,0.15687942504882812,0.23200890801375693,worker1,worker1,worker1,0,0.5192990303039551,0.0,0.0
model_1,1799,1,0.5330653190612793,0,0,1,0,0.7081459760665894,0.4405381679534912,0.09252715110778809,0.17357563472845527,worker1,worker1,worker1,0,0.4405381679534912,0.0,0.0
model_1,1800,1,0.5584540367126465,3,3,1,0,0.6751590967178345,0.45558881759643555,0.10286521911621094,0.18419639281637143,worker1,worker1,worker1,0,0.45558881759643555,0.0,0.0
model_1,1801,1,0.579146146774292,8,8,1,0,0.8406434059143066,0.4737529754638672,0.1053931713104248,0.18198026853401342,worker1,worker1,worker1,0,0.4737529754638672,0.0,0.0
model_1,1802,1,0.6012439727783203,9,8,0,0,0.7576673626899719,0.5130136013031006,0.08823037147521973,0.14674637163930526,worker1,worker1,worker1,0,0.5130136013031006,0.0,0.0
model_1,1803,1,0.6566848754882812,7,2,0,0,0.8053174018859863,0.4996633529663086,0.15702152252197266,0.23911243944093966,worker1,worker1,worker1,0,0.4996633529663086,0.0,0.0
model_1,1804,1,0.7881419658660889,4,4,1,1,0.9225872755050659,0.6692554950714111,0.11888647079467773,0.1508439798203531,worker1,worker1,worker1,0,0.6692554950714111,0.0,0.0
model_1,1805,1,0.5905416011810303,9,1,0,0,0.9823237657546997,0.49210596084594727,0.09843564033508301,0.16668705496483321,worker1,worker1,worker1,0,0.49210596084594727,0.0,0.0
model_1,1806,1,0.8392157554626465,6,2,0,1,0.7386493682861328,0.7285988330841064,0.11061692237854004,0.131809873275745,worker1,worker1,worker1,0,0.7285988330841064,0.0,0.0
model_1,1807,1,0.8910830020904541,3,3,1,1,0.930839478969574,0.7944302558898926,0.09665274620056152,0.10846660296943951,worker1,worker1,worker1,0,0.7944302558898926,0.0,0.0
model_1,1808,1,0.7461874485015869,4,4,1,1,0.9015055298805237,0.6483733654022217,0.09781408309936523,0.13108513590758583,worker1,worker1,worker1,0,0.6483733654022217,0.0,0.0
model_1,1809,1,0.665327787399292,9,9,1,0,0.9052513241767883,0.5688090324401855,0.09651875495910645,0.14506947821372349,worker1,worker1,worker1,0,0.5688090324401855,0.0,0.0
model_1,1810,1,1.1376044750213623,5,7,0,2,0.8100273013114929,0.9019074440002441,0.23569703102111816,0.20718715177055907,worker1->worker2,worker1,worker2,0,0.7462830543518066,0.1556243896484375,0.0
model_1,1811,1,0.5807979106903076,8,0,0,0,0.6563469171524048,0.4927999973297119,0.0879979133605957,0.1515121038503836,worker1,worker1,worker1,0,0.4927999973297119,0.0,0.0
model_1,1812,1,0.853367805480957,3,3,1,1,0.7636070847511292,0.7578248977661133,0.09554290771484375,0.11195982213202417,worker1,worker1,worker1,0,0.7578248977661133,0.0,0.0
model_1,1813,1,1.250786304473877,3,7,0,3,0.5183281898498535,1.0355503559112549,0.21523594856262207,0.17208051270848987,worker1->worker2->worker3,worker1,worker3,0,0.701275110244751,0.13587689399719238,0.19839835166931152
model_1,1814,1,0.8166241645812988,9,9,1,1,0.9985526204109192,0.7256014347076416,0.09102272987365723,0.11146220479567437,worker1,worker1,worker1,0,0.7256014347076416,0.0,0.0
model_1,1815,1,0.859046220779419,1,1,1,1,0.9988365769386292,0.7115392684936523,0.1475069522857666,0.17171014634338588,worker1,worker1,worker1,0,0.7115392684936523,0.0,0.0
model_1,1816,1,0.5481150150299072,2,0,0,0,0.8143200278282166,0.4140632152557373,0.13405179977416992,0.24456874214047128,worker1,worker1,worker1,0,0.4140632152557373,0.0,0.0
model_1,1817,1,0.8845148086547852,6,6,1,1,0.9453852772712708,0.72586989402771,0.1586449146270752,0.17935812162189846,worker1,worker1,worker1,0,0.72586989402771,0.0,0.0
model_1,1818,1,0.5952913761138916,8,8,1,0,0.9970070719718933,0.47922587394714355,0.11606550216674805,0.19497259127863176,worker1,worker1,worker1,0,0.47922587394714355,0.0,0.0
model_1,1819,1,0.7987487316131592,2,2,1,1,0.9848253130912781,0.6923069953918457,0.10644173622131348,0.13326060124858405,worker1,worker1,worker1,0,0.6923069953918457,0.0,0.0
model_1,1820,1,0.611560583114624,3,5,0,0,0.7159207463264465,0.5231435298919678,0.08841705322265625,0.14457611504710785,worker1,worker1,worker1,0,0.5231435298919678,0.0,0.0
model_1,1821,1,0.5502855777740479,9,9,1,0,0.9917598366737366,0.44596171379089355,0.1043238639831543,0.18958131595080727,worker1,worker1,worker1,0,0.44596171379089355,0.0,0.0
model_1,1822,1,0.8207340240478516,3,3,1,1,0.9925480484962463,0.6898491382598877,0.13088488578796387,0.15947296194989088,worker1,worker1,worker1,0,0.6898491382598877,0.0,0.0
model_1,1823,1,1.0222141742706299,3,5,0,1,0.8914012312889099,0.8587749004364014,0.16343927383422852,0.15988750493588655,worker1,worker1,worker1,0,0.8587749004364014,0.0,0.0
model_1,1824,1,0.6071362495422363,2,2,1,0,0.8910220265388489,0.5069873332977295,0.10014891624450684,0.16495295136802704,worker1,worker1,worker1,0,0.5069873332977295,0.0,0.0
model_1,1825,1,0.6047966480255127,1,1,1,0,0.9734611511230469,0.5125746726989746,0.09222197532653809,0.1524842699238105,worker1,worker1,worker1,0,0.5125746726989746,0.0,0.0
model_1,1826,1,0.822502851486206,5,5,1,1,0.7682267427444458,0.6988427639007568,0.12366008758544922,0.150346089818417,worker1,worker1,worker1,0,0.6988427639007568,0.0,0.0
model_1,1827,1,1.0429046154022217,8,8,1,2,0.47557616233825684,0.85479736328125,0.18810725212097168,0.18036860643139788,worker1->worker2,worker1,worker2,0,0.6957051753997803,0.15909218788146973,0.0
model_1,1828,1,0.7562050819396973,3,7,0,1,0.8523995280265808,0.6666176319122314,0.08958745002746582,0.11846978044325002,worker1,worker1,worker1,0,0.6666176319122314,0.0,0.0
model_1,1829,1,1.086097002029419,6,6,1,2,0.5975736379623413,0.890866756439209,0.19523024559020996,0.17975396785500178,worker1->worker2,worker1,worker2,0,0.769463062286377,0.12140369415283203,0.0
model_1,1830,1,0.49672794342041016,5,5,1,0,0.7317176461219788,0.4099612236022949,0.08676671981811523,0.1746765426978998,worker1,worker1,worker1,0,0.4099612236022949,0.0,0.0
model_1,1831,1,0.6170213222503662,8,9,0,0,0.7441584467887878,0.46382951736450195,0.15319180488586426,0.24827635506525372,worker1,worker1,worker1,0,0.46382951736450195,0.0,0.0
model_1,1832,1,0.6324992179870605,3,3,1,0,0.9896590113639832,0.529059648513794,0.1034395694732666,0.16354102350112745,worker1,worker1,worker1,0,0.529059648513794,0.0,0.0
model_1,1833,1,0.7867474555969238,0,0,1,1,0.9830158352851868,0.6931953430175781,0.0935521125793457,0.11890996521668508,worker1,worker1,worker1,0,0.6931953430175781,0.0,0.0
model_1,1834,1,0.6258754730224609,9,9,1,0,0.991310715675354,0.5393743515014648,0.0865011215209961,0.13820819835496542,worker1,worker1,worker1,0,0.5393743515014648,0.0,0.0
model_1,1835,1,0.5629911422729492,0,0,1,0,0.8212842345237732,0.4743928909301758,0.08859825134277344,0.15737059553917326,worker1,worker1,worker1,0,0.4743928909301758,0.0,0.0
model_1,1836,1,0.6524958610534668,9,0,0,0,0.9562166929244995,0.4841454029083252,0.1683504581451416,0.25801000158581333,worker1,worker1,worker1,0,0.4841454029083252,0.0,0.0
model_1,1837,1,0.8531703948974609,3,3,1,1,0.9878002405166626,0.7502422332763672,0.10292816162109375,0.12064197519824192,worker1,worker1,worker1,0,0.7502422332763672,0.0,0.0
model_1,1838,1,1.0703723430633545,2,2,1,2,0.9801661372184753,0.9002773761749268,0.17009496688842773,0.15891195992753707,worker1->worker2,worker1,worker2,0,0.762648344039917,0.13762903213500977,0.0
model_1,1839,1,0.5970146656036377,0,0,1,0,0.9930550456047058,0.4571835994720459,0.1398310661315918,0.23421713768155009,worker1,worker1,worker1,0,0.4571835994720459,0.0,0.0
model_1,1840,1,0.5403542518615723,1,9,0,0,0.8262816667556763,0.39395809173583984,0.14639616012573242,0.2709262666507825,worker1,worker1,worker1,0,0.39395809173583984,0.0,0.0
model_1,1841,1,0.8503000736236572,3,5,0,1,0.82499760389328,0.7452530860900879,0.10504698753356934,0.1235410777819868,worker1,worker1,worker1,0,0.7452530860900879,0.0,0.0
model_1,1842,1,0.670461893081665,9,9,1,0,0.6901160478591919,0.5066831111907959,0.16377878189086914,0.2442775399778317,worker1,worker1,worker1,0,0.5066831111907959,0.0,0.0
model_1,1843,1,0.6585366725921631,7,7,1,0,0.9919690489768982,0.5617530345916748,0.09678363800048828,0.14696772712675812,worker1,worker1,worker1,0,0.5617530345916748,0.0,0.0
model_1,1844,1,0.6523380279541016,7,3,0,0,0.7352292537689209,0.5114085674285889,0.1409294605255127,0.21603747518369185,worker1,worker1,worker1,0,0.5114085674285889,0.0,0.0
model_1,1845,1,0.6317234039306641,0,0,1,0,0.8984084725379944,0.5291347503662109,0.10258865356445312,0.1623948913814707,worker1,worker1,worker1,0,0.5291347503662109,0.0,0.0
model_1,1846,1,0.8443961143493652,4,4,1,1,0.9998831748962402,0.7298169136047363,0.1145792007446289,0.13569366177497857,worker1,worker1,worker1,0,0.7298169136047363,0.0,0.0
model_1,1847,1,0.6267361640930176,9,1,0,0,0.859786868095398,0.5176389217376709,0.10909724235534668,0.17407203956903772,worker1,worker1,worker1,0,0.5176389217376709,0.0,0.0
model_1,1848,1,0.6253795623779297,3,3,1,0,0.7348867058753967,0.5337252616882324,0.09165430068969727,0.1465578765337213,worker1,worker1,worker1,0,0.5337252616882324,0.0,0.0
model_1,1849,1,0.8013229370117188,5,5,1,1,0.9753153324127197,0.714411735534668,0.08691120147705078,0.10845964524759356,worker1,worker1,worker1,0,0.714411735534668,0.0,0.0
model_1,1850,1,0.5150172710418701,4,4,1,0,0.9192020893096924,0.4226114749908447,0.09240579605102539,0.17942271307540858,worker1,worker1,worker1,0,0.4226114749908447,0.0,0.0
model_1,1851,1,0.8685119152069092,3,3,1,1,0.9815324544906616,0.7783310413360596,0.09018087387084961,0.1038337785491008,worker1,worker1,worker1,0,0.7783310413360596,0.0,0.0
model_1,1852,1,0.5453336238861084,9,1,0,0,0.6945714950561523,0.45008349418640137,0.09525012969970703,0.17466395895588457,worker1,worker1,worker1,0,0.45008349418640137,0.0,0.0
model_1,1853,1,0.640038251876831,8,8,1,0,0.7661771774291992,0.542186975479126,0.09785127639770508,0.15288348174623723,worker1,worker1,worker1,0,0.542186975479126,0.0,0.0
model_1,1854,1,0.5949606895446777,0,0,1,0,0.7460129857063293,0.5078299045562744,0.08713078498840332,0.14644796962146245,worker1,worker1,worker1,0,0.5078299045562744,0.0,0.0
model_1,1855,1,0.6177771091461182,1,1,1,0,0.9955695271492004,0.5275914669036865,0.09018564224243164,0.14598411127127198,worker1,worker1,worker1,0,0.5275914669036865,0.0,0.0
model_1,1856,1,0.8526806831359863,6,6,1,1,0.9536550045013428,0.7487032413482666,0.10397744178771973,0.12194182868704358,worker1,worker1,worker1,0,0.7487032413482666,0.0,0.0
model_1,1857,1,1.095231056213379,3,3,1,3,0.8127151131629944,0.8958017826080322,0.19942927360534668,0.18208876791245113,worker1->worker2->worker3,worker1,worker3,0,0.7108135223388672,0.08241057395935059,0.10257768630981445
model_1,1858,1,0.8191440105438232,1,1,1,1,0.9650783538818359,0.7202999591827393,0.09884405136108398,0.12066748958521005,worker1,worker1,worker1,0,0.7202999591827393,0.0,0.0
model_1,1859,1,0.8739206790924072,1,1,1,1,0.9581461548805237,0.7644305229187012,0.10949015617370605,0.12528614872394925,worker1,worker1,worker1,0,0.7644305229187012,0.0,0.0
model_1,1860,1,0.5814430713653564,1,1,1,0,0.807328462600708,0.4788656234741211,0.10257744789123535,0.17641872943874093,worker1,worker1,worker1,0,0.4788656234741211,0.0,0.0
model_1,1861,1,0.9678752422332764,2,5,0,2,0.8642203211784363,0.8053224086761475,0.1625528335571289,0.16794812643626914,worker1->worker2,worker1,worker2,0,0.7276206016540527,0.07770180702209473,0.0
model_1,1862,1,0.7527637481689453,6,6,1,1,0.7647853493690491,0.6522696018218994,0.1004941463470459,0.1335002470449622,worker1,worker1,worker1,0,0.6522696018218994,0.0,0.0
model_1,1863,1,0.5915641784667969,1,1,1,0,0.9686884880065918,0.4864487648010254,0.10511541366577148,0.17769063356440432,worker1,worker1,worker1,0,0.4864487648010254,0.0,0.0
model_1,1864,1,1.0576772689819336,3,3,1,2,0.6098963618278503,0.8866899013519287,0.17098736763000488,0.1616630825342296,worker1->worker2,worker1,worker2,0,0.7379145622253418,0.14877533912658691,0.0
model_1,1865,1,0.5789880752563477,9,1,0,0,0.8878682851791382,0.4820556640625,0.09693241119384766,0.1674169388565226,worker1,worker1,worker1,0,0.4820556640625,0.0,0.0
model_1,1866,1,0.6528801918029785,9,9,1,0,0.9870331287384033,0.556455135345459,0.09642505645751953,0.1476918088006842,worker1,worker1,worker1,0,0.556455135345459,0.0,0.0
model_1,1867,1,0.5779778957366943,7,7,1,0,0.6746562719345093,0.4852640628814697,0.09271383285522461,0.1604106896459266,worker1,worker1,worker1,0,0.4852640628814697,0.0,0.0
model_1,1868,1,0.8366413116455078,3,7,0,1,0.9091658592224121,0.6995816230773926,0.13705968856811523,0.1638213254118972,worker1,worker1,worker1,0,0.6995816230773926,0.0,0.0
model_1,1869,1,1.4056355953216553,2,2,1,3,0.6827226281166077,1.115231990814209,0.2904036045074463,0.2065994952560891,worker1->worker2->worker3,worker1,worker3,0,0.7594656944274902,0.15216970443725586,0.2035965919494629
model_1,1870,1,0.6080689430236816,5,5,1,0,0.8400465846061707,0.44542765617370605,0.16264128684997559,0.2674717870661607,worker1,worker1,worker1,0,0.44542765617370605,0.0,0.0
model_1,1871,1,1.0647692680358887,2,2,1,2,0.8241358995437622,0.8876523971557617,0.17711687088012695,0.16634295917165515,worker1->worker2,worker1,worker2,0,0.7315123081207275,0.15614008903503418,0.0
model_1,1872,1,0.568854808807373,8,8,1,0,0.8609852194786072,0.48064351081848145,0.0882112979888916,0.1550682118233827,worker1,worker1,worker1,0,0.48064351081848145,0.0,0.0
model_1,1873,1,0.5715229511260986,3,3,1,0,0.8670368790626526,0.46613621711730957,0.10538673400878906,0.18439632879334172,worker1,worker1,worker1,0,0.46613621711730957,0.0,0.0
model_1,1874,1,0.5126452445983887,5,5,1,0,0.504692018032074,0.3964059352874756,0.11623930931091309,0.22674414819155517,worker1,worker1,worker1,0,0.3964059352874756,0.0,0.0
model_1,1875,1,0.8152875900268555,9,9,1,1,0.9990884065628052,0.690582275390625,0.12470531463623047,0.15295868128217516,worker1,worker1,worker1,0,0.690582275390625,0.0,0.0
model_1,1876,1,0.5673313140869141,8,9,0,0,0.8667929172515869,0.4692399501800537,0.09809136390686035,0.172899611692918,worker1,worker1,worker1,0,0.4692399501800537,0.0,0.0
model_1,1877,1,1.0976626873016357,3,3,1,2,0.9960858821868896,0.8992714881896973,0.19839119911193848,0.18073967659376303,worker1->worker2,worker1,worker2,0,0.7578907012939453,0.14138078689575195,0.0
model_1,1878,1,1.0694427490234375,2,2,1,2,0.9730700254440308,0.9120874404907227,0.15735530853271484,0.14713766461683336,worker1->worker2,worker1,worker2,0,0.7399828433990479,0.1721045970916748,0.0
model_1,1879,1,0.6108155250549316,3,3,1,0,0.9230615496635437,0.48696064949035645,0.1238548755645752,0.2027696914767134,worker1,worker1,worker1,0,0.48696064949035645,0.0,0.0
model_1,1880,1,0.8202850818634033,1,1,1,1,0.9974896907806396,0.7290372848510742,0.0912477970123291,0.11123912774939872,worker1,worker1,worker1,0,0.7290372848510742,0.0,0.0
model_1,1881,1,0.604933500289917,9,9,1,0,0.9586074352264404,0.459181547164917,0.145751953125,0.24093880245539012,worker1,worker1,worker1,0,0.459181547164917,0.0,0.0
model_1,1882,1,1.1229572296142578,2,2,1,2,0.989988386631012,0.916132926940918,0.20682430267333984,0.18417825471802265,worker1->worker2,worker1,worker2,0,0.76395583152771,0.152177095413208,0.0
model_1,1883,1,1.3022160530090332,8,8,1,3,0.818273663520813,1.0633420944213867,0.23887395858764648,0.1834365027490484,worker1->worker2->worker3,worker1,worker3,0,0.7562103271484375,0.1236422061920166,0.18348956108093262
model_1,1884,1,0.5766699314117432,6,6,1,0,0.8699149489402771,0.4839744567871094,0.09269547462463379,0.16074268758509117,worker1,worker1,worker1,0,0.4839744567871094,0.0,0.0
model_1,1885,1,0.7695510387420654,6,6,1,1,0.9995731711387634,0.6757595539093018,0.09379148483276367,0.12187818625529823,worker1,worker1,worker1,0,0.6757595539093018,0.0,0.0
model_1,1886,1,0.9029152393341064,6,6,1,1,0.9985445737838745,0.7804405689239502,0.12247467041015625,0.1356435965135337,worker1,worker1,worker1,0,0.7804405689239502,0.0,0.0
model_1,1887,1,1.0407652854919434,3,0,0,2,0.9518800973892212,0.8357510566711426,0.20501422882080078,0.19698411513014266,worker1->worker2,worker1,worker2,0,0.665147066116333,0.17060399055480957,0.0
model_1,1888,1,0.9230813980102539,6,4,0,1,0.6992140412330627,0.8016176223754883,0.12146377563476562,0.13158511903347483,worker1,worker1,worker1,0,0.8016176223754883,0.0,0.0
model_1,1889,1,0.9175806045532227,3,4,0,1,0.8628587126731873,0.755394458770752,0.1621861457824707,0.1767541129113561,worker1,worker1,worker1,0,0.755394458770752,0.0,0.0
model_1,1890,1,0.6165425777435303,5,3,0,0,0.8123048543930054,0.4981560707092285,0.11838650703430176,0.19201675814115185,worker1,worker1,worker1,0,0.4981560707092285,0.0,0.0
model_1,1891,1,0.6179032325744629,1,1,1,0,0.9697999954223633,0.5282986164093018,0.08960461616516113,0.14501399481570598,worker1,worker1,worker1,0,0.5282986164093018,0.0,0.0
model_1,1892,1,0.9192488193511963,6,2,0,1,0.7833697199821472,0.827599048614502,0.09164977073669434,0.09970072172774781,worker1,worker1,worker1,0,0.827599048614502,0.0,0.0
model_1,1893,1,0.6022205352783203,1,1,1,0,0.9960910677909851,0.4792797565460205,0.1229407787322998,0.20414577638984344,worker1,worker1,worker1,0,0.4792797565460205,0.0,0.0
model_1,1894,1,0.5864152908325195,0,0,1,0,0.8162775635719299,0.49445080757141113,0.0919644832611084,0.15682483846993256,worker1,worker1,worker1,0,0.49445080757141113,0.0,0.0
model_1,1895,1,0.5631744861602783,7,7,1,0,0.9370771646499634,0.47019433975219727,0.09298014640808105,0.16510006879398847,worker1,worker1,worker1,0,0.47019433975219727,0.0,0.0
model_1,1896,1,1.0430757999420166,0,5,0,2,0.8606057167053223,0.8387970924377441,0.20427870750427246,0.19584262957268117,worker1->worker2,worker1,worker2,0,0.6827456951141357,0.1560513973236084,0.0
model_1,1897,1,0.6067414283752441,2,2,1,0,0.9236757755279541,0.4540400505065918,0.15270137786865234,0.2516745531577793,worker1,worker1,worker1,0,0.4540400505065918,0.0,0.0
model_1,1898,1,0.5416102409362793,1,1,1,0,0.928164541721344,0.45153379440307617,0.09007644653320312,0.16631230306407863,worker1,worker1,worker1,0,0.45153379440307617,0.0,0.0
model_1,1899,1,0.8894789218902588,7,7,1,1,0.9982134103775024,0.7554264068603516,0.13405251502990723,0.15070904068758384,worker1,worker1,worker1,0,0.7554264068603516,0.0,0.0
model_1,1900,1,0.532484769821167,5,5,1,0,0.8496706485748291,0.43060898780822754,0.10187578201293945,0.1913214945981536,worker1,worker1,worker1,0,0.43060898780822754,0.0,0.0
model_1,1901,1,0.6130807399749756,6,6,1,0,0.9186210036277771,0.5112016201019287,0.10187911987304688,0.16617569796305348,worker1,worker1,worker1,0,0.5112016201019287,0.0,0.0
model_1,1902,1,0.8778443336486816,2,2,1,1,0.8567764163017273,0.7914772033691406,0.08636713027954102,0.09838547333393809,worker1,worker1,worker1,0,0.7914772033691406,0.0,0.0
model_1,1903,1,0.7076742649078369,3,3,1,0,0.8967618346214294,0.5603039264678955,0.1473703384399414,0.20824600490330675,worker1,worker1,worker1,0,0.5603039264678955,0.0,0.0
model_1,1904,1,0.573908805847168,9,9,1,0,0.7825467586517334,0.4800279140472412,0.09388089179992676,0.16358154961805424,worker1,worker1,worker1,0,0.4800279140472412,0.0,0.0
model_1,1905,1,0.8881587982177734,6,2,0,1,0.9012580513954163,0.781486988067627,0.10667181015014648,0.12010443443694956,worker1,worker1,worker1,0,0.781486988067627,0.0,0.0
model_1,1906,1,0.546623706817627,9,9,1,0,0.7359512448310852,0.4488401412963867,0.09778356552124023,0.17888643375993257,worker1,worker1,worker1,0,0.4488401412963867,0.0,0.0
model_1,1907,1,1.1900548934936523,9,7,0,3,0.9036950469017029,0.9786114692687988,0.21144342422485352,0.17767535378483054,worker1->worker2->worker3,worker1,worker3,0,0.7059311866760254,0.10311412811279297,0.16956615447998047
model_1,1908,1,0.6115689277648926,6,6,1,0,0.9876320362091064,0.48114490509033203,0.13042402267456055,0.2132613622984781,worker1,worker1,worker1,0,0.48114490509033203,0.0,0.0
model_1,1909,1,0.5445058345794678,7,7,1,0,0.9736552834510803,0.4452366828918457,0.09926915168762207,0.18231053807584913,worker1,worker1,worker1,0,0.4452366828918457,0.0,0.0
model_1,1910,1,0.790428876876831,9,9,1,1,0.6674340963363647,0.696326732635498,0.09410214424133301,0.11905200707387177,worker1,worker1,worker1,0,0.696326732635498,0.0,0.0
model_1,1911,1,0.6147761344909668,2,2,1,0,0.8397606611251831,0.490192174911499,0.12458395957946777,0.20264931019585364,worker1,worker1,worker1,0,0.490192174911499,0.0,0.0
model_1,1912,1,0.5419270992279053,6,6,1,0,0.9316254258155823,0.4267277717590332,0.11519932746887207,0.21257347645651772,worker1,worker1,worker1,0,0.4267277717590332,0.0,0.0
model_1,1913,1,0.911623477935791,0,0,1,1,0.9686385989189148,0.8142392635345459,0.09738421440124512,0.10682503989668446,worker1,worker1,worker1,0,0.8142392635345459,0.0,0.0
model_1,1914,1,0.8257935047149658,4,5,0,1,0.8432348370552063,0.730609655380249,0.0951838493347168,0.11526349964156092,worker1,worker1,worker1,0,0.730609655380249,0.0,0.0
model_1,1915,1,1.469357967376709,0,0,1,3,0.8936209082603455,1.2722549438476562,0.19710302352905273,0.13414227703882597,worker1->worker2->worker3,worker1,worker3,0,0.8719613552093506,0.16580843925476074,0.23448514938354492
model_1,1916,1,0.5750718116760254,0,0,1,0,0.7137708067893982,0.40916991233825684,0.16590189933776855,0.2884890129708386,worker1,worker1,worker1,0,0.40916991233825684,0.0,0.0
model_1,1917,1,0.8128664493560791,1,1,1,1,0.9799195528030396,0.715519905090332,0.09734654426574707,0.11975711919573158,worker1,worker1,worker1,0,0.715519905090332,0.0,0.0
model_1,1918,1,0.5996816158294678,3,3,1,0,0.727769136428833,0.44239020347595215,0.15729141235351562,0.26229153637793823,worker1,worker1,worker1,0,0.44239020347595215,0.0,0.0
model_1,1919,1,0.8525619506835938,3,3,1,1,0.5328146815299988,0.7272140979766846,0.12534785270690918,0.14702492013208407,worker1,worker1,worker1,0,0.7272140979766846,0.0,0.0
model_1,1920,1,0.8901669979095459,8,8,1,1,0.9562451243400574,0.8024446964263916,0.0877223014831543,0.09854589272480328,worker1,worker1,worker1,0,0.8024446964263916,0.0,0.0
model_1,1921,1,0.5945167541503906,3,3,1,0,0.8726353049278259,0.43523168563842773,0.1592850685119629,0.26792359912479385,worker1,worker1,worker1,0,0.43523168563842773,0.0,0.0
model_1,1922,1,0.8832864761352539,2,2,1,1,0.9163262844085693,0.7896952629089355,0.09359121322631836,0.10595793749250966,worker1,worker1,worker1,0,0.7896952629089355,0.0,0.0
model_1,1923,1,0.5570650100708008,7,7,1,0,0.9163609147071838,0.4254744052886963,0.1315906047821045,0.2362212711320351,worker1,worker1,worker1,0,0.4254744052886963,0.0,0.0
model_1,1924,1,1.3859529495239258,8,1,0,3,0.5235583186149597,1.1867218017578125,0.19923114776611328,0.14375029674315357,worker1->worker2->worker3,worker1,worker3,0,0.7828702926635742,0.1828446388244629,0.2210068702697754
model_1,1925,1,0.5571191310882568,7,7,1,0,0.5966354012489319,0.3957793712615967,0.16133975982666016,0.2895965168374397,worker1,worker1,worker1,0,0.3957793712615967,0.0,0.0
model_1,1926,1,0.558119535446167,0,0,1,0,0.8896986246109009,0.46969127655029297,0.08842825889587402,0.1584396411159188,worker1,worker1,worker1,0,0.46969127655029297,0.0,0.0
model_1,1927,1,1.1498687267303467,6,1,0,3,0.5000132322311401,0.9671609401702881,0.1827077865600586,0.15889447404973647,worker1->worker2->worker3,worker1,worker3,0,0.6408166885375977,0.14720916748046875,0.17913508415222168
model_1,1928,1,0.5461125373840332,9,1,0,0,0.5972409248352051,0.4575483798980713,0.08856415748596191,0.1621719909786332,worker1,worker1,worker1,0,0.4575483798980713,0.0,0.0
model_1,1929,1,0.5936343669891357,5,3,0,0,0.6745519638061523,0.5036599636077881,0.08997440338134766,0.15156535467730814,worker1,worker1,worker1,0,0.5036599636077881,0.0,0.0
model_1,1930,1,0.7855112552642822,9,9,1,1,0.6686700582504272,0.6691837310791016,0.11632752418518066,0.14809147979177295,worker1,worker1,worker1,0,0.6691837310791016,0.0,0.0
model_1,1931,1,0.5825321674346924,8,0,0,0,0.5696419477462769,0.4870579242706299,0.0954742431640625,0.16389522931326553,worker1,worker1,worker1,0,0.4870579242706299,0.0,0.0
model_1,1932,1,0.581566572189331,9,9,1,0,0.811642587184906,0.4900975227355957,0.09146904945373535,0.1572804453141046,worker1,worker1,worker1,0,0.4900975227355957,0.0,0.0
model_1,1933,1,0.5606849193572998,8,8,1,0,0.9567612409591675,0.4716453552246094,0.08903956413269043,0.15880499199934686,worker1,worker1,worker1,0,0.4716453552246094,0.0,0.0
model_1,1934,1,0.8355414867401123,5,5,1,1,0.982573926448822,0.7473459243774414,0.0881955623626709,0.10555497693689427,worker1,worker1,worker1,0,0.7473459243774414,0.0,0.0
model_1,1935,1,0.8527371883392334,0,0,1,1,0.7364991307258606,0.7631480693817139,0.08958911895751953,0.10506064492390761,worker1,worker1,worker1,0,0.7631480693817139,0.0,0.0
model_1,1936,1,1.1181495189666748,8,8,1,2,0.986078143119812,0.8926265239715576,0.2255229949951172,0.2016930572966053,worker1->worker2,worker1,worker2,0,0.7251689434051514,0.16745758056640625,0.0
model_1,1937,1,0.523806095123291,5,5,1,0,0.8967678546905518,0.43178725242614746,0.09201884269714355,0.175673485959503,worker1,worker1,worker1,0,0.43178725242614746,0.0,0.0
model_1,1938,1,0.6286773681640625,9,9,1,0,0.9998146891593933,0.539344072341919,0.08933329582214355,0.142097203344579,worker1,worker1,worker1,0,0.539344072341919,0.0,0.0
model_1,1939,1,0.5238728523254395,4,4,1,0,0.9481377601623535,0.4354536533355713,0.08841919898986816,0.16877988351062814,worker1,worker1,worker1,0,0.4354536533355713,0.0,0.0
model_1,1940,1,0.6084339618682861,9,1,0,0,0.6581738591194153,0.47023487091064453,0.1381990909576416,0.22713901527337646,worker1,worker1,worker1,0,0.47023487091064453,0.0,0.0
model_1,1941,1,0.8439123630523682,2,2,1,1,0.9127426743507385,0.7454540729522705,0.09845829010009766,0.11666885616414169,worker1,worker1,worker1,0,0.7454540729522705,0.0,0.0
model_1,1942,1,0.5957648754119873,7,7,1,0,0.7245311141014099,0.46664881706237793,0.12911605834960938,0.2167231800302463,worker1,worker1,worker1,0,0.46664881706237793,0.0,0.0
model_1,1943,1,0.6599195003509521,8,8,1,0,0.8818361163139343,0.49722790718078613,0.16269159317016602,0.2465324832553742,worker1,worker1,worker1,0,0.49722790718078613,0.0,0.0
model_1,1944,1,0.5971007347106934,6,6,1,0,0.933983564376831,0.5054128170013428,0.09168791770935059,0.15355519157713834,worker1,worker1,worker1,0,0.5054128170013428,0.0,0.0
model_1,1945,1,0.5784468650817871,0,0,1,0,0.6918227672576904,0.4139437675476074,0.1645030975341797,0.28438756861603953,worker1,worker1,worker1,0,0.4139437675476074,0.0,0.0
model_1,1946,1,0.8766508102416992,3,5,0,1,0.9683535099029541,0.7646057605743408,0.1120450496673584,0.12781035317410672,worker1,worker1,worker1,0,0.7646057605743408,0.0,0.0
model_1,1947,1,0.5594542026519775,9,9,1,0,0.9011932611465454,0.47225475311279297,0.08719944953918457,0.1558652149288244,worker1,worker1,worker1,0,0.47225475311279297,0.0,0.0
model_1,1948,1,0.675438404083252,8,8,1,0,0.9989898800849915,0.517333984375,0.15810441970825195,0.23407674001427464,worker1,worker1,worker1,0,0.517333984375,0.0,0.0
model_1,1949,1,0.5693275928497314,0,0,1,0,0.9192326068878174,0.48081111907958984,0.0885164737701416,0.15547546769528292,worker1,worker1,worker1,0,0.48081111907958984,0.0,0.0
model_1,1950,1,0.8263840675354004,7,7,1,1,0.5771662592887878,0.7246806621551514,0.10170340538024902,0.12307038503727237,worker1,worker1,worker1,0,0.7246806621551514,0.0,0.0
model_1,1951,1,0.6113131046295166,6,6,1,0,0.9865167140960693,0.5069875717163086,0.10432553291320801,0.17065809995425177,worker1,worker1,worker1,0,0.5069875717163086,0.0,0.0
model_1,1952,1,0.8276801109313965,3,2,0,1,0.7447296380996704,0.738243818283081,0.08943629264831543,0.10805659271873998,worker1,worker1,worker1,0,0.738243818283081,0.0,0.0
model_1,1953,1,0.6247415542602539,9,1,0,0,0.800979495048523,0.5027642250061035,0.12197732925415039,0.1952444629661008,worker1,worker1,worker1,0,0.5027642250061035,0.0,0.0
model_1,1954,1,0.8253412246704102,6,6,1,1,0.9758502840995789,0.716362476348877,0.1089787483215332,0.1320408396721641,worker1,worker1,worker1,0,0.716362476348877,0.0,0.0
model_1,1955,1,0.9709057807922363,0,2,0,1,0.8699676990509033,0.8174529075622559,0.15345287322998047,0.15805125097181574,worker1,worker1,worker1,0,0.8174529075622559,0.0,0.0
model_1,1956,1,0.9085967540740967,8,0,0,1,0.779316782951355,0.739983320236206,0.16861343383789062,0.18557565067433654,worker1,worker1,worker1,0,0.739983320236206,0.0,0.0
model_1,1957,1,0.5799918174743652,3,3,1,0,0.8648797273635864,0.4542551040649414,0.12573671340942383,0.21679049535036105,worker1,worker1,worker1,0,0.4542551040649414,0.0,0.0
model_1,1958,1,0.5615944862365723,6,3,0,0,0.7019926905632019,0.4721543788909912,0.08944010734558105,0.15926101401911613,worker1,worker1,worker1,0,0.4721543788909912,0.0,0.0
model_1,1959,1,1.1187589168548584,5,5,1,2,0.4844563603401184,0.8882999420166016,0.23045897483825684,0.2059952071587871,worker1->worker2,worker1,worker2,0,0.7143073081970215,0.17399263381958008,0.0
model_1,1960,1,0.8248798847198486,4,4,1,1,0.983470618724823,0.7319400310516357,0.09293985366821289,0.11267077230253683,worker1,worker1,worker1,0,0.7319400310516357,0.0,0.0
model_1,1961,1,0.5570850372314453,9,9,1,0,0.9650021195411682,0.4492499828338623,0.10783505439758301,0.19357018622056815,worker1,worker1,worker1,0,0.4492499828338623,0.0,0.0
model_1,1962,1,0.596473217010498,8,8,1,0,0.843482255935669,0.502267599105835,0.09420561790466309,0.15793771659491804,worker1,worker1,worker1,0,0.502267599105835,0.0,0.0
model_1,1963,1,0.8124189376831055,9,9,1,1,0.9883593320846558,0.723017692565918,0.0894012451171875,0.11004328059134881,worker1,worker1,worker1,0,0.723017692565918,0.0,0.0
model_1,1964,1,0.5849854946136475,4,4,1,0,0.9656751155853271,0.4856128692626953,0.09937262535095215,0.16987194770800704,worker1,worker1,worker1,0,0.4856128692626953,0.0,0.0
model_1,1965,1,0.9112741947174072,3,3,1,1,0.8820522427558899,0.7992799282073975,0.11199426651000977,0.12289853828763361,worker1,worker1,worker1,0,0.7992799282073975,0.0,0.0
model_1,1966,1,0.5891132354736328,5,5,1,0,0.915514349937439,0.4569525718688965,0.13216066360473633,0.22433830314214948,worker1,worker1,worker1,0,0.4569525718688965,0.0,0.0
model_1,1967,1,0.5581505298614502,6,6,1,0,0.9690819382667542,0.47032761573791504,0.08782291412353516,0.15734628818740967,worker1,worker1,worker1,0,0.47032761573791504,0.0,0.0
model_1,1968,1,0.5069272518157959,8,8,1,0,0.9443404078483582,0.4031960964202881,0.10373115539550781,0.2046273011047372,worker1,worker1,worker1,0,0.4031960964202881,0.0,0.0
model_1,1969,1,0.9500367641448975,5,5,1,1,0.6738799810409546,0.8253209590911865,0.12471580505371094,0.1312747145800871,worker1,worker1,worker1,0,0.8253209590911865,0.0,0.0
model_1,1970,1,0.7905418872833252,0,0,1,1,0.9196826219558716,0.6984224319458008,0.09211945533752441,0.11652697576100655,worker1,worker1,worker1,0,0.6984224319458008,0.0,0.0
model_1,1971,1,0.6854498386383057,0,0,1,0,0.9081861972808838,0.5355579853057861,0.14989185333251953,0.21867661918236095,worker1,worker1,worker1,0,0.5355579853057861,0.0,0.0
model_1,1972,1,0.923332929611206,6,6,1,1,0.9416596293449402,0.8170549869537354,0.1062779426574707,0.11510251529989499,worker1,worker1,worker1,0,0.8170549869537354,0.0,0.0
model_1,1973,1,0.8791463375091553,9,9,1,1,0.9350406527519226,0.7903244495391846,0.0888218879699707,0.10103197178939022,worker1,worker1,worker1,0,0.7903244495391846,0.0,0.0
model_1,1974,1,0.7803773880004883,3,5,0,1,0.9513121843338013,0.6702313423156738,0.11014604568481445,0.1411445889879443,worker1,worker1,worker1,0,0.6702313423156738,0.0,0.0
model_1,1975,1,0.7686898708343506,3,3,1,1,0.5621190071105957,0.6722419261932373,0.09644794464111328,0.12547055490197478,worker1,worker1,worker1,0,0.6722419261932373,0.0,0.0
model_1,1976,1,0.5916624069213867,5,5,1,0,0.9980317950248718,0.48903489112854004,0.10262751579284668,0.1734562050796015,worker1,worker1,worker1,0,0.48903489112854004,0.0,0.0
model_1,1977,1,0.5648906230926514,2,2,1,0,0.9059289693832397,0.4634265899658203,0.10146403312683105,0.17961713113830408,worker1,worker1,worker1,0,0.4634265899658203,0.0,0.0
model_1,1978,1,0.9045150279998779,3,3,1,1,0.9341138601303101,0.7847099304199219,0.11980509757995605,0.13245230192015364,worker1,worker1,worker1,0,0.7847099304199219,0.0,0.0
model_1,1979,1,0.6947634220123291,3,2,0,0,0.8593250513076782,0.5476944446563721,0.14706897735595703,0.211682095942793,worker1,worker1,worker1,0,0.5476944446563721,0.0,0.0
model_1,1980,1,0.773045539855957,5,5,1,1,0.5990620851516724,0.6717746257781982,0.10127091407775879,0.13100252036462015,worker1,worker1,worker1,0,0.6717746257781982,0.0,0.0
model_1,1981,1,0.6701712608337402,9,9,1,0,0.88752281665802,0.5563247203826904,0.1138465404510498,0.16987678688193328,worker1,worker1,worker1,0,0.5563247203826904,0.0,0.0
model_1,1982,1,1.0662899017333984,2,2,1,2,0.9172086715698242,0.9013218879699707,0.16496801376342773,0.15471215988752207,worker1->worker2,worker1,worker2,0,0.7521719932556152,0.14914989471435547,0.0
model_1,1983,1,0.5600135326385498,7,7,1,0,0.9591258764266968,0.46468377113342285,0.09532976150512695,0.17022760335089215,worker1,worker1,worker1,0,0.46468377113342285,0.0,0.0
model_1,1984,1,1.0294289588928223,4,4,1,2,0.95637446641922,0.865455150604248,0.16397380828857422,0.15928618179241075,worker1->worker2,worker1,worker2,0,0.7262191772460938,0.1392359733581543,0.0
model_1,1985,1,1.0011959075927734,2,2,1,2,0.9994669556617737,0.8499534130096436,0.15124249458312988,0.1510618385833897,worker1->worker2,worker1,worker2,0,0.7289028167724609,0.12105059623718262,0.0
model_1,1986,1,0.5394892692565918,8,8,1,0,0.8501671552658081,0.4525883197784424,0.08690094947814941,0.16108003333949095,worker1,worker1,worker1,0,0.4525883197784424,0.0,0.0
model_1,1987,1,0.659005880355835,3,5,0,0,0.7679733037948608,0.4857792854309082,0.17322659492492676,0.26286046921370687,worker1,worker1,worker1,0,0.4857792854309082,0.0,0.0
model_1,1988,1,0.8737390041351318,3,0,0,1,0.7966159582138062,0.7864797115325928,0.08725929260253906,0.09986883061139343,worker1,worker1,worker1,0,0.7864797115325928,0.0,0.0
model_1,1989,1,1.0910656452178955,4,4,1,2,0.9805504083633423,0.8927364349365234,0.19832921028137207,0.1817756898044058,worker1->worker2,worker1,worker2,0,0.7500720024108887,0.14266443252563477,0.0
model_1,1990,1,0.5448915958404541,9,9,1,0,0.7641035318374634,0.41725635528564453,0.12763524055480957,0.23423969378338796,worker1,worker1,worker1,0,0.41725635528564453,0.0,0.0
model_1,1991,1,0.8623359203338623,9,1,0,1,0.9487174153327942,0.7484226226806641,0.11391329765319824,0.1320985186481569,worker1,worker1,worker1,0,0.7484226226806641,0.0,0.0
model_1,1992,1,0.5892918109893799,3,3,1,0,0.7258432507514954,0.474853515625,0.11443829536437988,0.19419631026646367,worker1,worker1,worker1,0,0.474853515625,0.0,0.0
model_1,1993,1,0.6078252792358398,4,4,1,0,0.9919629096984863,0.4575836658477783,0.15024161338806152,0.24717894849149055,worker1,worker1,worker1,0,0.4575836658477783,0.0,0.0
model_1,1994,1,0.804567813873291,2,2,1,1,0.6653335094451904,0.7021138668060303,0.10245394706726074,0.12734035006202213,worker1,worker1,worker1,0,0.7021138668060303,0.0,0.0
model_1,1995,1,0.830651044845581,7,2,0,1,0.7241151928901672,0.732245683670044,0.09840536117553711,0.11846775103236133,worker1,worker1,worker1,0,0.732245683670044,0.0,0.0
model_1,1996,1,0.6160757541656494,9,9,1,0,0.9981032609939575,0.5231876373291016,0.09288811683654785,0.1507738556638154,worker1,worker1,worker1,0,0.5231876373291016,0.0,0.0
model_1,1997,1,0.8664491176605225,1,8,0,1,0.9848741888999939,0.7761650085449219,0.09028410911560059,0.10420012817299006,worker1,worker1,worker1,0,0.7761650085449219,0.0,0.0
model_1,1998,1,0.6000041961669922,9,9,1,0,0.9761548042297363,0.4963560104370117,0.10364818572998047,0.1727457680998172,worker1,worker1,worker1,0,0.4963560104370117,0.0,0.0
model_1,1999,1,0.8223836421966553,8,0,0,1,0.7388555407524109,0.7330172061920166,0.08936643600463867,0.10866757486315447,worker1,worker1,worker1,0,0.7330172061920166,0.0,0.0
