sample_index,batch_size,inference_time_sec,predicted_class,true_class,correct,exit_id,confidence,remote_compute_time_sec,communication_overhead_sec,communication_overhead_ratio,path,worker1_compute_time_sec,worker2_compute_time_sec,worker3_compute_time_sec
0,1,0.3822050094604492,3,5,0,1,0.9791163802146912,0.2934908866882324,0.0887141227722168,0.2321113553625387,worker1,0.2934908866882324,0.0,0.0
1,1,0.35281801223754883,6,6,1,1,0.9826157093048096,0.2699604034423828,0.08285760879516602,0.2348451777438699,worker1,0.2699604034423828,0.0,0.0
2,1,0.2610745429992676,9,9,1,0,0.9836657643318176,0.17817044258117676,0.08290410041809082,0.31754953763654925,worker1,0.17817044258117676,0.0,0.0
3,1,0.3569777011871338,4,4,1,1,0.8098016381263733,0.27393031120300293,0.08304738998413086,0.23264027335028414,worker1,0.27393031120300293,0.0,0.0
4,1,0.7110075950622559,4,3,0,3,0.7334305047988892,0.5177812576293945,0.19322633743286133,0.2717640975634619,worker1->worker2->worker3,0.2691316604614258,0.10808134078979492,0.14056825637817383
5,1,0.2638845443725586,9,9,1,0,0.9548493027687073,0.18074369430541992,0.08314085006713867,0.3150652504671073,worker1,0.18074369430541992,0.0,0.0
6,1,0.36214351654052734,4,3,0,1,0.5265139937400818,0.2792022228240967,0.08294129371643066,0.22902879639748772,worker1,0.2792022228240967,0.0,0.0
7,1,0.26189112663269043,4,2,0,0,0.8505160212516785,0.17919158935546875,0.08269953727722168,0.3157783096378446,worker1,0.17919158935546875,0.0,0.0
8,1,0.266481876373291,9,9,1,0,0.9909571409225464,0.18440771102905273,0.08207416534423828,0.3079915469721018,worker1,0.18440771102905273,0.0,0.0
9,1,0.3582923412322998,1,1,1,1,0.9232379198074341,0.27504515647888184,0.08324718475341797,0.23234430428264286,worker1,0.27504515647888184,0.0,0.0
10,1,0.3505423069000244,6,6,1,1,0.671451210975647,0.26828622817993164,0.08225607872009277,0.2346537838685258,worker1,0.26828622817993164,0.0,0.0
11,1,0.3521382808685303,4,4,1,1,0.8266454339027405,0.2691071033477783,0.08303117752075195,0.23579139795866552,worker1,0.2691071033477783,0.0,0.0
12,1,0.26450347900390625,9,9,1,0,0.8258729577064514,0.18156647682189941,0.08293700218200684,0.31355732066110936,worker1,0.18156647682189941,0.0,0.0
13,1,0.3559579849243164,3,4,0,1,0.5163466334342957,0.2730977535247803,0.08286023139953613,0.23278093176405026,worker1,0.2730977535247803,0.0,0.0
14,1,0.2633860111236572,8,8,1,0,0.9456926584243774,0.18082833290100098,0.08255767822265625,0.3134474677316716,worker1,0.18082833290100098,0.0,0.0
15,1,0.35973334312438965,1,1,1,1,0.7675718069076538,0.2766692638397217,0.08306407928466797,0.23090458772387365,worker1,0.2766692638397217,0.0,0.0
16,1,0.26219940185546875,3,3,1,0,0.7394968271255493,0.17881226539611816,0.08338713645935059,0.3180294686763465,worker1,0.17881226539611816,0.0,0.0
17,1,0.26874494552612305,8,0,0,0,0.5518804788589478,0.18575763702392578,0.08298730850219727,0.30879579275335833,worker1,0.18575763702392578,0.0,0.0
18,1,0.2661287784576416,7,7,1,0,0.5966354012489319,0.18311834335327148,0.08301043510437012,0.31191829604246457,worker1,0.18311834335327148,0.0,0.0
19,1,0.26845598220825195,9,9,1,0,0.986625075340271,0.18566036224365234,0.08279561996459961,0.3084141365878439,worker1,0.18566036224365234,0.0,0.0
20,1,0.2688107490539551,0,0,1,0,0.7010943293571472,0.18591094017028809,0.08289980888366699,0.3083946946891902,worker1,0.18591094017028809,0.0,0.0
21,1,0.26674699783325195,7,7,1,0,0.9114529490470886,0.1840505599975586,0.08269643783569336,0.31001825140460737,worker1,0.1840505599975586,0.0,0.0
22,1,0.35843420028686523,9,9,1,1,0.8308514952659607,0.2753582000732422,0.08307600021362305,0.23177475851114354,worker1,0.2753582000732422,0.0,0.0
23,1,0.35259342193603516,6,0,0,1,0.9783908724784851,0.2696988582611084,0.08289456367492676,0.23509957508499651,worker1,0.2696988582611084,0.0,0.0
24,1,0.26311469078063965,0,0,1,0,0.8376890420913696,0.18041276931762695,0.0827019214630127,0.3143189048762078,worker1,0.18041276931762695,0.0,0.0
25,1,0.3590843677520752,6,6,1,1,0.8685495853424072,0.2762935161590576,0.08279085159301758,0.23056100189295728,worker1,0.2762935161590576,0.0,0.0
26,1,0.35246920585632324,0,0,1,1,0.9737575650215149,0.26944613456726074,0.0830230712890625,0.23554702058966573,worker1,0.26944613456726074,0.0,0.0
27,1,0.5146937370300293,0,0,1,2,0.8637033104896545,0.37004709243774414,0.14464664459228516,0.2810343981004103,worker1->worker2,0.27026820182800293,0.09977889060974121,0.0
28,1,0.6633930206298828,5,5,1,3,0.601130485534668,0.48665833473205566,0.17673468589782715,0.26641022802745185,worker1->worker2->worker3,0.2734057903289795,0.0708003044128418,0.14245223999023438
29,1,0.2667088508605957,1,1,1,0,0.8420365452766418,0.18384861946105957,0.08286023139953613,0.3106767215717404,worker1,0.18384861946105957,0.0,0.0
30,1,0.2678046226501465,1,1,1,0,0.9590907096862793,0.18482518196105957,0.08297944068908691,0.3098506660114275,worker1,0.18482518196105957,0.0,0.0
31,1,0.2660858631134033,4,4,1,0,0.7561643123626709,0.18277621269226074,0.08330965042114258,0.31309311004484586,worker1,0.18277621269226074,0.0,0.0
32,1,0.2678532600402832,7,7,1,0,0.860777735710144,0.18468403816223145,0.08316922187805176,0.31050292934849366,worker1,0.18468403816223145,0.0,0.0
33,1,0.4943850040435791,5,2,0,2,0.7666460871696472,0.3561677932739258,0.13821721076965332,0.27957403569924977,worker1->worker2,0.2782018184661865,0.07796597480773926,0.0
34,1,0.2682619094848633,4,4,1,0,0.9187469482421875,0.18314862251281738,0.0851132869720459,0.3172768252320534,worker1,0.18314862251281738,0.0,0.0
35,1,0.2668905258178711,6,6,1,0,0.7476658225059509,0.1836545467376709,0.0832359790802002,0.31187311286201785,worker1,0.1836545467376709,0.0,0.0
36,1,0.3614375591278076,0,0,1,1,0.8005309104919434,0.27837300300598145,0.08306455612182617,0.2298171676520585,worker1,0.27837300300598145,0.0,0.0
37,1,0.26290369033813477,2,2,1,0,0.8880842924118042,0.1800384521484375,0.08286523818969727,0.31519237361453456,worker1,0.1800384521484375,0.0,0.0
38,1,0.26734185218811035,1,1,1,0,0.9976773858070374,0.18490982055664062,0.08243203163146973,0.3083394199478647,worker1,0.18490982055664062,0.0,0.0
39,1,0.2712898254394531,8,8,1,0,0.8618020415306091,0.18903255462646484,0.08225727081298828,0.30320809370474006,worker1,0.18903255462646484,0.0,0.0
40,1,0.2664296627044678,8,8,1,0,0.9788884520530701,0.1835341453552246,0.08289551734924316,0.3111347156611218,worker1,0.1835341453552246,0.0,0.0
41,1,0.2709658145904541,7,7,1,0,0.9752328991889954,0.18795466423034668,0.08301115036010742,0.3063528529810042,worker1,0.18795466423034668,0.0,0.0
42,1,0.26635193824768066,6,6,1,0,0.9698076248168945,0.18318676948547363,0.08316516876220703,0.3122378958807191,worker1,0.18318676948547363,0.0,0.0
43,1,0.2691354751586914,1,9,0,0,0.7742151618003845,0.18653559684753418,0.08259987831115723,0.30690817798156683,worker1,0.18653559684753418,0.0,0.0
44,1,0.3555593490600586,5,5,1,1,0.9992654919624329,0.27275586128234863,0.08280348777770996,0.23288232469939463,worker1,0.27275586128234863,0.0,0.0
45,1,0.704134464263916,0,1,0,3,0.8678345084190369,0.5238785743713379,0.18025588989257812,0.25599640273397634,worker1->worker2->worker3,0.2698829174041748,0.1096193790435791,0.14437627792358398
46,1,0.49039602279663086,5,5,1,2,0.9786990880966187,0.350571870803833,0.13982415199279785,0.2851249714371837,worker1->worker2,0.2731335163116455,0.0774383544921875,0.0
47,1,0.2673962116241455,3,5,0,0,0.5851868391036987,0.18444037437438965,0.08295583724975586,0.31023564898652833,worker1,0.18444037437438965,0.0,0.0
48,1,0.26564550399780273,4,4,1,0,0.9503822922706604,0.18270325660705566,0.08294224739074707,0.3122290652110307,worker1,0.18270325660705566,0.0,0.0
49,1,0.36005258560180664,1,1,1,1,0.9956747889518738,0.27701234817504883,0.08304023742675781,0.23063363727262493,worker1,0.27701234817504883,0.0,0.0
50,1,0.2644920349121094,0,0,1,0,0.9350411891937256,0.18158626556396484,0.08290576934814453,0.3134528016153458,worker1,0.18158626556396484,0.0,0.0
51,1,0.35946083068847656,5,5,1,1,0.9878219962120056,0.27646517753601074,0.08299565315246582,0.23088928213264281,worker1,0.27646517753601074,0.0,0.0
52,1,0.26291608810424805,5,5,1,0,0.872840404510498,0.1802060604095459,0.08271002769470215,0.31458716844253004,worker1,0.1802060604095459,0.0,0.0
53,1,0.2665581703186035,0,0,1,0,0.7081459760665894,0.18402504920959473,0.08253312110900879,0.309625178663108,worker1,0.18402504920959473,0.0,0.0
54,1,0.26847386360168457,5,5,1,0,0.9732699394226074,0.18564605712890625,0.08282780647277832,0.3085134819516882,worker1,0.18564605712890625,0.0,0.0
55,1,0.36061906814575195,4,2,0,1,0.8844645619392395,0.277559757232666,0.08305931091308594,0.23032423476707486,worker1,0.277559757232666,0.0,0.0
56,1,0.26164865493774414,5,7,0,0,0.7000274658203125,0.1789548397064209,0.08269381523132324,0.31604907447737174,worker1,0.1789548397064209,0.0,0.0
57,1,0.48593854904174805,8,8,1,2,0.9882510304450989,0.3466033935546875,0.13933515548706055,0.28673410611655337,worker1->worker2,0.2753458023071289,0.0712575912475586,0.0
58,1,0.619922399520874,2,1,0,3,0.49312588572502136,0.44881319999694824,0.17110919952392578,0.2760171267503364,worker1->worker2->worker3,0.2732119560241699,0.07502198219299316,0.10057926177978516
59,1,0.7084324359893799,3,7,0,3,0.5183281898498535,0.5268237590789795,0.1816086769104004,0.25635285411059705,worker1->worker2->worker3,0.27160096168518066,0.11152982711791992,0.1436929702758789
60,1,0.265277624130249,8,8,1,0,0.9964662790298462,0.18233752250671387,0.08294010162353516,0.3126539673124194,worker1,0.18233752250671387,0.0,0.0
61,1,0.26694250106811523,9,9,1,0,0.9819586873054504,0.18394231796264648,0.08300018310546875,0.3109290681452398,worker1,0.18394231796264648,0.0,0.0
62,1,0.26619839668273926,9,9,1,0,0.9796095490455627,0.184248685836792,0.08194971084594727,0.3078520076272909,worker1,0.184248685836792,0.0,0.0
63,1,0.2653982639312744,7,7,1,0,0.9987502098083496,0.1835792064666748,0.08181905746459961,0.30828783976441865,worker1,0.1835792064666748,0.0,0.0
64,1,0.27210140228271484,3,3,1,0,0.7642244100570679,0.1873617172241211,0.08473968505859375,0.31142685905950884,worker1,0.1873617172241211,0.0,0.0
65,1,0.35837721824645996,3,3,1,1,0.9996788501739502,0.27554798126220703,0.08282923698425293,0.23112305349524298,worker1,0.27554798126220703,0.0,0.0
66,1,0.26221299171447754,6,6,1,0,0.875029444694519,0.17935609817504883,0.08285689353942871,0.3159908019723568,worker1,0.17935609817504883,0.0,0.0
67,1,0.2675487995147705,0,0,1,0,0.8267244696617126,0.18438458442687988,0.08316421508789062,0.31083755650826383,worker1,0.18438458442687988,0.0,0.0
68,1,0.3556399345397949,0,2,0,1,0.8125738501548767,0.27348875999450684,0.08215117454528809,0.230995359538555,worker1,0.27348875999450684,0.0,0.0
69,1,0.265155553817749,6,6,1,0,0.9274464845657349,0.18160343170166016,0.08355212211608887,0.31510606100114824,worker1,0.18160343170166016,0.0,0.0
70,1,0.3576197624206543,4,0,0,1,0.8116182684898376,0.27477455139160156,0.08284521102905273,0.23165725089768702,worker1,0.27477455139160156,0.0,0.0
71,1,0.2621760368347168,9,9,1,0,0.8976165056228638,0.17935681343078613,0.08281922340393066,0.3158916596795696,worker1,0.17935681343078613,0.0,0.0
72,1,0.4940297603607178,5,7,0,2,0.7855634689331055,0.35414743423461914,0.13988232612609863,0.28314554577433354,worker1->worker2,0.27349233627319336,0.08065509796142578,0.0
73,1,0.3559560775756836,3,3,1,1,0.930839478969574,0.27303147315979004,0.08292460441589355,0.23296302448512646,worker1,0.27303147315979004,0.0,0.0
74,1,0.3503131866455078,9,9,1,1,0.9991631507873535,0.26727294921875,0.08304023742675781,0.23704570821876786,worker1,0.26727294921875,0.0,0.0
75,1,0.3502349853515625,9,0,0,1,0.9042607545852661,0.26740527153015137,0.08282971382141113,0.23649754389404434,worker1,0.26740527153015137,0.0,0.0
76,1,0.26287293434143066,4,4,1,0,0.9919629096984863,0.17975401878356934,0.08311891555786133,0.31619426992777777,worker1,0.17975401878356934,0.0,0.0
77,1,0.35634565353393555,9,9,1,1,0.9883593320846558,0.273592472076416,0.08275318145751953,0.2322272788705104,worker1,0.273592472076416,0.0,0.0
78,1,0.4885575771331787,2,2,1,2,0.9488623142242432,0.345167875289917,0.14338970184326172,0.2934960147065211,worker1->worker2,0.2686913013458252,0.0764765739440918,0.0
79,1,0.352907657623291,6,6,1,1,0.9961413741111755,0.2703278064727783,0.0825798511505127,0.23399846777669533,worker1,0.2703278064727783,0.0,0.0
80,1,0.2626173496246338,6,6,1,0,0.7470019459724426,0.17988896369934082,0.08272838592529297,0.31501492968205996,worker1,0.17988896369934082,0.0,0.0
81,1,0.2665228843688965,6,3,0,0,0.9381171464920044,0.18456578254699707,0.08195710182189941,0.30750493345427676,worker1,0.18456578254699707,0.0,0.0
82,1,0.27158212661743164,7,7,1,0,0.9789791703224182,0.1885359287261963,0.08304619789123535,0.30578668384985314,worker1,0.1885359287261963,0.0,0.0
83,1,0.48503565788269043,6,2,0,2,0.7221681475639343,0.34581589698791504,0.1392197608947754,0.2870299505452994,worker1->worker2,0.27504634857177734,0.0707695484161377,0.0
84,1,0.3575303554534912,2,2,1,1,0.708611786365509,0.2747070789337158,0.08282327651977539,0.2316538309445709,worker1,0.2747070789337158,0.0,0.0
85,1,0.35390186309814453,6,6,1,1,0.9814313650131226,0.27104830741882324,0.08285355567932129,0.2341144942103462,worker1,0.27104830741882324,0.0,0.0
86,1,0.2658047676086426,9,9,1,0,0.9587357640266418,0.18274474143981934,0.08306002616882324,0.3124850878939711,worker1,0.18274474143981934,0.0,0.0
87,1,0.2688727378845215,3,3,1,0,0.9763904809951782,0.18570590019226074,0.08316683769226074,0.30931673603881765,worker1,0.18570590019226074,0.0,0.0
88,1,0.3612394332885742,7,7,1,1,0.9558739066123962,0.2782247066497803,0.08301472663879395,0.2298052731482337,worker1,0.2782247066497803,0.0,0.0
89,1,0.2641313076019287,9,1,0,0,0.859786868095398,0.18160724639892578,0.08252406120300293,0.3124357424806855,worker1,0.18160724639892578,0.0,0.0
90,1,0.36372947692871094,9,9,1,1,0.6754277348518372,0.28061485290527344,0.0831146240234375,0.22850670428266534,worker1,0.28061485290527344,0.0,0.0
91,1,0.26436710357666016,1,1,1,0,0.807328462600708,0.18128085136413574,0.08308625221252441,0.3142836271549625,worker1,0.18128085136413574,0.0,0.0
92,1,0.2715637683868408,1,1,1,0,0.8549392819404602,0.1887528896331787,0.08281087875366211,0.3049408219866008,worker1,0.1887528896331787,0.0,0.0
93,1,0.35857605934143066,3,3,1,1,0.9996851682662964,0.275526762008667,0.08304929733276367,0.2316085950782492,worker1,0.275526762008667,0.0,0.0
94,1,0.353316068649292,3,6,0,1,0.5274255275726318,0.270463228225708,0.08285284042358398,0.23450062925336473,worker1,0.270463228225708,0.0,0.0
95,1,0.26678037643432617,8,8,1,0,0.9969950914382935,0.1838228702545166,0.08295750617980957,0.3109580520448489,worker1,0.1838228702545166,0.0,0.0
96,1,0.3584415912628174,3,1,0,1,0.8128195405006409,0.2754485607147217,0.0829930305480957,0.23153850605256174,worker1,0.2754485607147217,0.0,0.0
97,1,0.3525831699371338,5,5,1,1,0.4851587414741516,0.27028989791870117,0.08229327201843262,0.2334010214756015,worker1,0.27028989791870117,0.0,0.0
98,1,0.35793066024780273,9,2,0,1,0.815803587436676,0.2748684883117676,0.08306217193603516,0.23206218734804532,worker1,0.2748684883117676,0.0,0.0
99,1,0.675769567489624,0,0,1,3,0.8934116959571838,0.49604225158691406,0.17972731590270996,0.26595946983876206,worker1->worker2->worker3,0.2760038375854492,0.07830095291137695,0.1417374610900879
100,1,0.499157190322876,2,2,1,2,0.907489538192749,0.3598761558532715,0.1392810344696045,0.27903241137228063,worker1->worker2,0.28216099739074707,0.07771515846252441,0.0
101,1,0.27428126335144043,8,8,1,0,0.843482255935669,0.19182848930358887,0.08245277404785156,0.3006139502216149,worker1,0.19182848930358887,0.0,0.0
102,1,0.3606441020965576,3,3,1,1,0.976478099822998,0.2791144847869873,0.08152961730957031,0.22606668689605203,worker1,0.2791144847869873,0.0,0.0
103,1,0.495851993560791,0,0,1,2,0.8319463133811951,0.35962915420532227,0.13622283935546875,0.2747247991829803,worker1->worker2,0.27530431747436523,0.08432483673095703,0.0
104,1,0.26543450355529785,0,8,0,0,0.7755029797554016,0.18253779411315918,0.08289670944213867,0.31230570378680567,worker1,0.18253779411315918,0.0,0.0
105,1,0.35633158683776855,4,5,0,1,0.8432348370552063,0.27337026596069336,0.0829613208770752,0.23282056360287254,worker1,0.27337026596069336,0.0,0.0
106,1,0.26168084144592285,7,7,1,0,0.9362266659736633,0.17871713638305664,0.08296370506286621,0.3170415709627367,worker1,0.17871713638305664,0.0,0.0
107,1,0.2623863220214844,9,9,1,0,0.9723881483078003,0.17944550514221191,0.08294081687927246,0.31610190744806127,worker1,0.17944550514221191,0.0,0.0
108,1,0.26613306999206543,9,9,1,0,0.9501902461051941,0.1833815574645996,0.08275151252746582,0.31094035976037476,worker1,0.1833815574645996,0.0,0.0
109,1,0.2618117332458496,9,9,1,0,0.8581838607788086,0.17891168594360352,0.0829000473022461,0.3166399239426,worker1,0.17891168594360352,0.0,0.0
110,1,0.3576393127441406,6,6,1,1,0.9963333606719971,0.274883508682251,0.08275580406188965,0.23139459537294807,worker1,0.274883508682251,0.0,0.0
111,1,0.26247572898864746,8,8,1,0,0.9888613820075989,0.1798264980316162,0.08264923095703125,0.3148833275956192,worker1,0.1798264980316162,0.0,0.0
112,1,0.26244544982910156,0,0,1,0,0.9062394499778748,0.18055987358093262,0.08188557624816895,0.31200989120402334,worker1,0.18055987358093262,0.0,0.0
113,1,0.35793161392211914,6,6,1,1,0.6908254027366638,0.2740452289581299,0.08388638496398926,0.23436427993823913,worker1,0.2740452289581299,0.0,0.0
114,1,0.26267194747924805,1,9,0,0,0.8262816667556763,0.17992639541625977,0.08274555206298828,0.3150148040438367,worker1,0.17992639541625977,0.0,0.0
115,1,0.705441951751709,3,3,1,3,0.9516903758049011,0.5250709056854248,0.18037104606628418,0.255685171002941,worker1->worker2->worker3,0.2701883316040039,0.10510897636413574,0.14977359771728516
116,1,0.2650933265686035,7,3,0,0,0.7805148959159851,0.18257761001586914,0.08251571655273438,0.3112704405683337,worker1,0.18257761001586914,0.0,0.0
117,1,0.3533339500427246,4,4,1,1,0.9015055298805237,0.27047014236450195,0.08286380767822266,0.23451980107827988,worker1,0.27047014236450195,0.0,0.0
118,1,0.3555135726928711,6,6,1,1,0.9964370727539062,0.2727227210998535,0.08279085159301758,0.23287676744915944,worker1,0.2727227210998535,0.0,0.0
119,1,0.3522510528564453,3,3,1,1,0.8820522427558899,0.26947617530822754,0.08277487754821777,0.23498830415689756,worker1,0.26947617530822754,0.0,0.0
120,1,0.26134347915649414,5,5,1,0,0.8262104988098145,0.17963314056396484,0.0817103385925293,0.3126549736624598,worker1,0.17963314056396484,0.0,0.0
121,1,0.2628939151763916,7,7,1,0,0.9686294198036194,0.18007397651672363,0.08281993865966797,0.31503178232215456,worker1,0.18007397651672363,0.0,0.0
122,1,0.35224461555480957,0,0,1,1,0.9926257729530334,0.26935529708862305,0.08288931846618652,0.2353174890569445,worker1,0.26935529708862305,0.0,0.0
123,1,0.352555513381958,8,7,0,1,0.5749566555023193,0.26981353759765625,0.08274197578430176,0.23469204889347242,worker1,0.26981353759765625,0.0,0.0
124,1,0.2646968364715576,4,8,0,0,0.7451170086860657,0.18186593055725098,0.08283090591430664,0.31292744944916273,worker1,0.18186593055725098,0.0,0.0
125,1,0.2633059024810791,6,6,1,0,0.9264360666275024,0.18041419982910156,0.08289170265197754,0.3148114108757363,worker1,0.18041419982910156,0.0,0.0
126,1,0.2632162570953369,7,7,1,0,0.9736853837966919,0.1803600788116455,0.0828561782836914,0.3147836657128701,worker1,0.1803600788116455,0.0,0.0
127,1,0.35350465774536133,8,0,0,1,0.8552473187446594,0.27054786682128906,0.08295679092407227,0.23466958385546427,worker1,0.27054786682128906,0.0,0.0
128,1,0.35495948791503906,9,1,0,1,0.5194798707962036,0.2721571922302246,0.08280229568481445,0.23327252405951607,worker1,0.2721571922302246,0.0,0.0
129,1,0.2666962146759033,4,4,1,0,0.9651422500610352,0.1842966079711914,0.08239960670471191,0.3089642903437764,worker1,0.1842966079711914,0.0,0.0
130,1,0.2605249881744385,7,7,1,0,0.9972797632217407,0.17862534523010254,0.08189964294433594,0.3143638678125523,worker1,0.17862534523010254,0.0,0.0
131,1,0.27085328102111816,8,8,1,0,0.7659785747528076,0.18808388710021973,0.08276939392089844,0.3055875624207225,worker1,0.18808388710021973,0.0,0.0
132,1,0.5174658298492432,7,7,1,2,0.9984777569770813,0.37702226638793945,0.1404435634613037,0.27140644919920626,worker1->worker2,0.27266478538513184,0.10435748100280762,0.0
133,1,0.35689759254455566,9,9,1,1,0.7735835313796997,0.27407217025756836,0.0828254222869873,0.2320705547394446,worker1,0.27407217025756836,0.0,0.0
134,1,0.2631399631500244,8,8,1,0,0.9907212257385254,0.18055462837219238,0.08258533477783203,0.3138456576082574,worker1,0.18055462837219238,0.0,0.0
135,1,0.2636704444885254,9,9,1,0,0.8521648049354553,0.18245863914489746,0.08121180534362793,0.3080049624111821,worker1,0.18245863914489746,0.0,0.0
136,1,0.6651513576507568,5,9,0,3,0.8059007525444031,0.4924445152282715,0.17270684242248535,0.25965043961192136,worker1->worker2->worker3,0.2732110023498535,0.07483839988708496,0.144395112991333
137,1,0.3583803176879883,9,9,1,1,0.9642518162727356,0.27541232109069824,0.08296799659729004,0.23150823999638095,worker1,0.27541232109069824,0.0,0.0
138,1,0.3518855571746826,0,0,1,1,0.9931643605232239,0.26862359046936035,0.08326196670532227,0.23661660732494758,worker1,0.26862359046936035,0.0,0.0
139,1,0.2635524272918701,7,7,1,0,0.9163609147071838,0.18064308166503906,0.08290934562683105,0.3145838817679088,worker1,0.18064308166503906,0.0,0.0
140,1,0.35645294189453125,4,4,1,1,0.949604868888855,0.27347660064697266,0.0829763412475586,0.23278343785449798,worker1,0.27347660064697266,0.0,0.0
141,1,0.35378336906433105,4,4,1,1,0.9753697514533997,0.27067136764526367,0.08311200141906738,0.23492342683851403,worker1,0.27067136764526367,0.0,0.0
142,1,0.2629272937774658,4,4,1,0,0.8377131223678589,0.1798419952392578,0.08308529853820801,0.31600104098941145,worker1,0.1798419952392578,0.0,0.0
143,1,0.2639598846435547,9,9,1,0,0.9967051148414612,0.1814260482788086,0.0825338363647461,0.3126756797768641,worker1,0.1814260482788086,0.0,0.0
144,1,0.35216808319091797,2,2,1,1,0.731514573097229,0.27002477645874023,0.08214330673217773,0.2332502877259495,worker1,0.27002477645874023,0.0,0.0
145,1,0.48679184913635254,1,1,1,2,0.9897035956382751,0.3472912311553955,0.13950061798095703,0.28657139232806317,worker1->worker2,0.2700645923614502,0.07722663879394531,0.0
146,1,0.3629269599914551,3,3,1,1,0.8048291802406311,0.2794649600982666,0.08346199989318848,0.22996913730287094,worker1,0.2794649600982666,0.0,0.0
147,1,0.27040958404541016,6,6,1,0,0.933983564376831,0.18710112571716309,0.08330845832824707,0.3080824913153115,worker1,0.18710112571716309,0.0,0.0
148,1,0.2671041488647461,0,0,1,0,0.8896986246109009,0.1842496395111084,0.0828545093536377,0.31019551626505376,worker1,0.1842496395111084,0.0,0.0
149,1,0.2682983875274658,6,6,1,0,0.8347474336624146,0.18529582023620605,0.08300256729125977,0.3093666274187457,worker1,0.18529582023620605,0.0,0.0
150,1,0.3583524227142334,5,5,1,1,0.8097304105758667,0.27532005310058594,0.08303236961364746,0.23170589718563522,worker1,0.27532005310058594,0.0,0.0
151,1,0.2668039798736572,9,9,1,0,0.7641035318374634,0.18405461311340332,0.0827493667602539,0.310150421292213,worker1,0.18405461311340332,0.0,0.0
152,1,0.3606889247894287,0,0,1,1,0.8217294812202454,0.2784736156463623,0.0822153091430664,0.22793965517811215,worker1,0.2784736156463623,0.0,0.0
153,1,0.2667837142944336,0,0,1,0,0.9823976159095764,0.183610200881958,0.08317351341247559,0.31176383323264567,worker1,0.183610200881958,0.0,0.0
154,1,0.26802992820739746,7,5,0,0,0.7950559258460999,0.18497490882873535,0.08305501937866211,0.30987218455095583,worker1,0.18497490882873535,0.0,0.0
155,1,0.2714364528656006,5,5,1,0,0.7279003858566284,0.1862189769744873,0.08521747589111328,0.31395000557757796,worker1,0.1862189769744873,0.0,0.0
156,1,0.3603062629699707,7,7,1,1,0.9869917631149292,0.277099609375,0.0832066535949707,0.23093313146739683,worker1,0.277099609375,0.0,0.0
157,1,0.26772403717041016,9,9,1,0,0.9900612831115723,0.18490886688232422,0.08281517028808594,0.3093303506228427,worker1,0.18490886688232422,0.0,0.0
158,1,0.357374906539917,6,2,0,1,0.9792320728302002,0.2745628356933594,0.08281207084655762,0.2317232389043183,worker1,0.2745628356933594,0.0,0.0
159,1,0.35848522186279297,3,1,0,1,0.7589549422264099,0.27550601959228516,0.08297920227050781,0.23147175172054196,worker1,0.27550601959228516,0.0,0.0
160,1,0.3614485263824463,6,6,1,1,0.7647853493690491,0.27848267555236816,0.08296585083007812,0.22953711185501557,worker1,0.27848267555236816,0.0,0.0
161,1,0.36063694953918457,4,4,1,1,0.9281070232391357,0.2776060104370117,0.08303093910217285,0.23023414325201091,worker1,0.2776060104370117,0.0,0.0
162,1,0.3591597080230713,5,5,1,1,0.7653442621231079,0.27539706230163574,0.08376264572143555,0.23321838126690675,worker1,0.27539706230163574,0.0,0.0
163,1,0.2674260139465332,3,5,0,0,0.6799286603927612,0.18447542190551758,0.08295059204101562,0.3101814622178082,worker1,0.18447542190551758,0.0,0.0
164,1,0.5231666564941406,9,9,1,2,0.9557300806045532,0.3813333511352539,0.14183330535888672,0.2711053993948011,worker1->worker2,0.27922868728637695,0.10210466384887695,0.0
165,1,0.2782928943634033,5,5,1,0,0.8496706485748291,0.19601702690124512,0.0822758674621582,0.29564487318429294,worker1,0.19601702690124512,0.0,0.0
166,1,0.3562185764312744,4,2,0,1,0.7963536977767944,0.27309083938598633,0.08312773704528809,0.23336160027950142,worker1,0.27309083938598633,0.0,0.0
167,1,0.35979533195495605,6,6,1,1,0.9939696788787842,0.27737855911254883,0.08241677284240723,0.22906570909242716,worker1,0.27737855911254883,0.0,0.0
168,1,0.26777219772338867,8,8,1,0,0.9916018843650818,0.18481111526489258,0.0829610824584961,0.30981962714514416,worker1,0.18481111526489258,0.0,0.0
169,1,0.3585207462310791,3,1,0,1,0.7001277804374695,0.27522850036621094,0.08329224586486816,0.2323219694828578,worker1,0.27522850036621094,0.0,0.0
170,1,0.3585164546966553,2,2,1,1,0.9848253130912781,0.27527785301208496,0.08323860168457031,0.23217512221300807,worker1,0.27527785301208496,0.0,0.0
171,1,0.267153263092041,8,7,0,0,0.9089151620864868,0.18493223190307617,0.08222103118896484,0.3077672727532347,worker1,0.18493223190307617,0.0,0.0
172,1,0.26706480979919434,8,8,1,0,0.8438474535942078,0.18358254432678223,0.08348226547241211,0.31259178450048253,worker1,0.18358254432678223,0.0,0.0
173,1,0.2671072483062744,6,6,1,0,0.9580148458480835,0.1839754581451416,0.08313179016113281,0.31123000475753104,worker1,0.1839754581451416,0.0,0.0
174,1,0.2683408260345459,6,6,1,0,0.9854017496109009,0.1857774257659912,0.08256340026855469,0.30768109902861207,worker1,0.1857774257659912,0.0,0.0
175,1,0.3573615550994873,2,2,1,1,0.946825385093689,0.27408504486083984,0.08327651023864746,0.23303153081327896,worker1,0.27408504486083984,0.0,0.0
176,1,0.4900815486907959,8,8,1,2,0.8172056078910828,0.35115838050842285,0.13892316818237305,0.28346949309455227,worker1->worker2,0.2759268283843994,0.07523155212402344,0.0
177,1,0.271390438079834,1,1,1,0,0.867413341999054,0.18839216232299805,0.08299827575683594,0.3058260871093057,worker1,0.18839216232299805,0.0,0.0
178,1,0.3610408306121826,7,7,1,1,0.9323136806488037,0.27799153327941895,0.08304929733276367,0.23002743814860185,worker1,0.27799153327941895,0.0,0.0
179,1,0.26546263694763184,6,6,1,0,0.966378390789032,0.18272995948791504,0.0827326774597168,0.3116546961598878,worker1,0.18272995948791504,0.0,0.0
180,1,0.36093854904174805,5,5,1,1,0.995208203792572,0.2778589725494385,0.08307957649230957,0.23017651263040942,worker1,0.2778589725494385,0.0,0.0
181,1,0.2658681869506836,0,0,1,0,0.7219055891036987,0.18290114402770996,0.08296704292297363,0.31206081432512023,worker1,0.18290114402770996,0.0,0.0
182,1,0.35836148262023926,0,0,1,1,0.8941956162452698,0.2751131057739258,0.08324837684631348,0.23230280285041952,worker1,0.2751131057739258,0.0,0.0
183,1,0.26873207092285156,9,9,1,0,0.7858684062957764,0.18599176406860352,0.08274030685424805,0.30789144953972164,worker1,0.18599176406860352,0.0,0.0
184,1,0.2655661106109619,7,7,1,0,0.9924690127372742,0.18348288536071777,0.08208322525024414,0.3090877260709332,worker1,0.18348288536071777,0.0,0.0
185,1,0.358551025390625,3,3,1,1,0.7163835763931274,0.27570462226867676,0.08284640312194824,0.23105889331006893,worker1,0.27570462226867676,0.0,0.0
186,1,0.27080845832824707,9,9,1,0,0.9917598366737366,0.18772435188293457,0.0830841064453125,0.30680026376652614,worker1,0.18772435188293457,0.0,0.0
187,1,0.6962172985076904,3,2,0,3,0.6412728428840637,0.5176892280578613,0.1785280704498291,0.2564257895236096,worker1->worker2->worker3,0.2737257480621338,0.10497355461120605,0.13898992538452148
188,1,0.2741544246673584,3,5,0,0,0.7577511072158813,0.1909778118133545,0.0831766128540039,0.30339328994936027,worker1,0.1909778118133545,0.0,0.0
189,1,0.3574697971343994,6,1,0,1,0.9096251726150513,0.2743351459503174,0.08313465118408203,0.2325641266773247,worker1,0.2743351459503174,0.0,0.0
190,1,0.3583545684814453,9,9,1,1,0.9994513392448425,0.2747619152069092,0.08359265327453613,0.23326799942516807,worker1,0.2747619152069092,0.0,0.0
191,1,0.2670588493347168,9,9,1,0,0.88752281665802,0.18424582481384277,0.08281302452087402,0.31009279313220117,worker1,0.18424582481384277,0.0,0.0
192,1,0.2673623561859131,7,7,1,0,0.7162390947341919,0.18433022499084473,0.08303213119506836,0.310560291207679,worker1,0.18433022499084473,0.0,0.0
193,1,0.3631746768951416,0,3,0,1,0.780033528804779,0.28030967712402344,0.08286499977111816,0.22816844081627294,worker1,0.28030967712402344,0.0,0.0
194,1,0.2832677364349365,7,7,1,0,0.6546367406845093,0.20035529136657715,0.08291244506835938,0.2926999245020036,worker1,0.20035529136657715,0.0,0.0
195,1,0.2730123996734619,1,1,1,0,0.9932369589805603,0.1903836727142334,0.08262872695922852,0.30265558288948446,worker1,0.1903836727142334,0.0,0.0
196,1,0.270552396774292,3,3,1,0,0.7609851956367493,0.18744587898254395,0.08310651779174805,0.30717346725662004,worker1,0.18744587898254395,0.0,0.0
197,1,0.26559972763061523,8,0,0,0,0.8055834174156189,0.18277955055236816,0.08282017707824707,0.31182327563765366,worker1,0.18277955055236816,0.0,0.0
198,1,0.2680332660675049,8,8,1,0,0.9966636300086975,0.18490386009216309,0.0831294059753418,0.3101458531434879,worker1,0.18490386009216309,0.0,0.0
199,1,0.26496362686157227,6,6,1,0,0.9609513878822327,0.18196439743041992,0.08299922943115234,0.3132476348329671,worker1,0.18196439743041992,0.0,0.0
200,1,0.26734113693237305,9,9,1,0,0.7555135488510132,0.184006929397583,0.08333420753479004,0.3117148692154712,worker1,0.184006929397583,0.0,0.0
201,1,0.2672841548919678,7,7,1,0,0.8515960574150085,0.1832270622253418,0.08405709266662598,0.3144858800200879,worker1,0.1832270622253418,0.0,0.0
202,1,0.2667081356048584,5,5,1,0,0.769648551940918,0.1835033893585205,0.08320474624633789,0.31196928454259804,worker1,0.1835033893585205,0.0,0.0
203,1,0.3614933490753174,6,6,1,1,0.9919949769973755,0.2785532474517822,0.08294010162353516,0.22943742073178372,worker1,0.2785532474517822,0.0,0.0
204,1,0.3598754405975342,9,8,0,1,0.9773889780044556,0.2767806053161621,0.08309483528137207,0.23089887752107258,worker1,0.2767806053161621,0.0,0.0
205,1,0.2706601619720459,5,5,1,0,0.9171551465988159,0.18779802322387695,0.08286213874816895,0.30614826409779156,worker1,0.18779802322387695,0.0,0.0
206,1,0.26878952980041504,7,1,0,0,0.8900291919708252,0.18631362915039062,0.08247590065002441,0.3068419395326353,worker1,0.18631362915039062,0.0,0.0
207,1,0.27176403999328613,8,8,1,0,0.9835582375526428,0.1906876564025879,0.08107638359069824,0.2983337442021439,worker1,0.1906876564025879,0.0,0.0
208,1,0.27150535583496094,4,2,0,0,0.928222119808197,0.18854498863220215,0.08296036720275879,0.3055570191152606,worker1,0.18854498863220215,0.0,0.0
209,1,0.5064198970794678,5,5,1,2,0.8830652832984924,0.3630373477935791,0.14338254928588867,0.28312977059704464,worker1->worker2,0.27527570724487305,0.08776164054870605,0.0
210,1,0.27313899993896484,6,6,1,0,0.730057418346405,0.19025731086730957,0.08288168907165527,0.30344143124993456,worker1,0.19025731086730957,0.0,0.0
211,1,0.36170363426208496,9,9,1,1,0.9869575500488281,0.2785942554473877,0.08310937881469727,0.22977203141530358,worker1,0.2785942554473877,0.0,0.0
212,1,0.2719142436981201,5,3,0,0,0.9072672128677368,0.18993616104125977,0.08197808265686035,0.30148506213551884,worker1,0.18993616104125977,0.0,0.0
213,1,0.3772287368774414,9,9,1,1,0.9079498052597046,0.29410409927368164,0.08312463760375977,0.2203560584801531,worker1,0.29410409927368164,0.0,0.0
214,1,0.2659873962402344,6,2,0,0,0.9013439416885376,0.18280267715454102,0.08318471908569336,0.3127393262294377,worker1,0.18280267715454102,0.0,0.0
215,1,0.2697465419769287,1,1,1,0,0.9653748273849487,0.18681955337524414,0.08292698860168457,0.30742558549194404,worker1,0.18681955337524414,0.0,0.0
216,1,0.26545190811157227,9,1,0,0,0.954020619392395,0.183485746383667,0.08196616172790527,0.30877970443314356,worker1,0.183485746383667,0.0,0.0
217,1,0.2700831890106201,1,1,1,0,0.9960910677909851,0.18717074394226074,0.08291244506835938,0.30698854442621054,worker1,0.18717074394226074,0.0,0.0
218,1,0.48319077491760254,6,2,0,2,0.8181082606315613,0.34395265579223633,0.1392381191253662,0.28816386063891675,worker1->worker2,0.27350902557373047,0.07044363021850586,0.0
219,1,0.2689399719238281,4,4,1,0,0.9333646297454834,0.18586087226867676,0.08307909965515137,0.3089131714443767,worker1,0.18586087226867676,0.0,0.0
220,1,0.35704946517944336,2,2,1,1,0.8881168961524963,0.27414917945861816,0.0829002857208252,0.23218151490343716,worker1,0.27414917945861816,0.0,0.0
221,1,0.2663719654083252,9,9,1,0,0.996715784072876,0.1834850311279297,0.08288693428039551,0.3111698866407995,worker1,0.1834850311279297,0.0,0.0
222,1,0.3569762706756592,4,4,1,1,0.9797154664993286,0.2738652229309082,0.08311104774475098,0.23281953051793702,worker1,0.2738652229309082,0.0,0.0
223,1,0.2668178081512451,5,5,1,0,0.9536311626434326,0.1840357780456543,0.08278203010559082,0.31025676539050945,worker1,0.1840357780456543,0.0,0.0
224,1,0.26588869094848633,1,1,1,0,0.5393252372741699,0.1828162670135498,0.08307242393493652,0.3124330848318445,worker1,0.1828162670135498,0.0,0.0
225,1,0.35479283332824707,9,9,1,1,0.7515973448753357,0.27172040939331055,0.08307242393493652,0.23414346664122052,worker1,0.27172040939331055,0.0,0.0
226,1,0.26929759979248047,7,3,0,0,0.9190502166748047,0.1866741180419922,0.08262348175048828,0.3068110588960227,worker1,0.1866741180419922,0.0,0.0
227,1,0.2629513740539551,9,9,1,0,0.9934651255607605,0.18153691291809082,0.08141446113586426,0.30961793384338354,worker1,0.18153691291809082,0.0,0.0
228,1,0.2690141201019287,1,1,1,0,0.9968687891960144,0.18796825408935547,0.08104586601257324,0.30126993327288987,worker1,0.18796825408935547,0.0,0.0
229,1,0.2678651809692383,8,8,1,0,0.9934877157211304,0.1848759651184082,0.08298921585083008,0.30981710855641437,worker1,0.1848759651184082,0.0,0.0
230,1,0.35926055908203125,3,5,0,1,0.8914012312889099,0.27637314796447754,0.08288741111755371,0.23071670135275754,worker1,0.27637314796447754,0.0,0.0
231,1,0.2692077159881592,8,8,1,0,0.8606231808662415,0.1863725185394287,0.08283519744873047,0.30769993774017196,worker1,0.1863725185394287,0.0,0.0
232,1,0.27405714988708496,7,7,1,0,0.7750748991966248,0.1910090446472168,0.08304810523986816,0.3030320693114011,worker1,0.1910090446472168,0.0,0.0
233,1,0.2766585350036621,9,1,0,0,0.8026208877563477,0.19387149810791016,0.08278703689575195,0.29923904894044245,worker1,0.19387149810791016,0.0,0.0
234,1,0.26854801177978516,7,7,1,0,0.9552485942840576,0.18674111366271973,0.08180689811706543,0.30462671302198563,worker1,0.18674111366271973,0.0,0.0
235,1,0.36133837699890137,1,5,0,1,0.7788957357406616,0.27905964851379395,0.08227872848510742,0.22770547974581062,worker1,0.27905964851379395,0.0,0.0
236,1,0.26851606369018555,1,1,1,0,0.9908288717269897,0.18573832511901855,0.08277773857116699,0.3082785343772808,worker1,0.18573832511901855,0.0,0.0
237,1,0.36884212493896484,7,7,1,1,0.970775842666626,0.28529906272888184,0.08354306221008301,0.22650087005085853,worker1,0.28529906272888184,0.0,0.0
238,1,0.3589165210723877,9,9,1,1,0.9474978446960449,0.2759261131286621,0.08299040794372559,0.23122481989896407,worker1,0.2759261131286621,0.0,0.0
239,1,0.26946544647216797,4,4,1,0,0.7529715299606323,0.1865544319152832,0.08291101455688477,0.3076869989913468,worker1,0.1865544319152832,0.0,0.0
240,1,0.5222604274749756,2,2,1,2,0.6392269134521484,0.3780951499938965,0.1441652774810791,0.27604097476442796,worker1->worker2,0.2795090675354004,0.0985860824584961,0.0
241,1,0.36416125297546387,0,0,1,1,0.9232725501060486,0.2811906337738037,0.08297061920166016,0.22784032766728884,worker1,0.2811906337738037,0.0,0.0
242,1,0.26826000213623047,6,6,1,0,0.9183809161186218,0.1844329833984375,0.08382701873779297,0.31248422452193636,worker1,0.1844329833984375,0.0,0.0
243,1,0.3656899929046631,2,2,1,1,0.904707670211792,0.2812051773071289,0.08448481559753418,0.23102851386901288,worker1,0.2812051773071289,0.0,0.0
244,1,0.26679182052612305,7,7,1,0,0.865354061126709,0.1837599277496338,0.08303189277648926,0.31122353231349964,worker1,0.1837599277496338,0.0,0.0
245,1,0.27166128158569336,1,1,1,0,0.9712844491004944,0.18824052810668945,0.0834207534790039,0.30707634519013893,worker1,0.18824052810668945,0.0,0.0
246,1,0.27466511726379395,7,7,1,0,0.9919690489768982,0.19173765182495117,0.08292746543884277,0.3019220870307952,worker1,0.19173765182495117,0.0,0.0
247,1,0.3634212017059326,9,9,1,1,0.9843024015426636,0.2802150249481201,0.0832061767578125,0.228952456178217,worker1,0.2802150249481201,0.0,0.0
248,1,0.268388032913208,0,0,1,0,0.9375258088111877,0.18525242805480957,0.08313560485839844,0.3097589857342225,worker1,0.18525242805480957,0.0,0.0
249,1,0.2706565856933594,7,7,1,0,0.8911084532737732,0.1873798370361328,0.08327674865722656,0.3076841764034334,worker1,0.1873798370361328,0.0,0.0
250,1,0.36211395263671875,1,1,1,1,0.9989879727363586,0.27884483337402344,0.08326911926269531,0.22995280534310936,worker1,0.27884483337402344,0.0,0.0
251,1,0.3637120723724365,3,5,0,1,0.8083117008209229,0.28086304664611816,0.08284902572631836,0.22778739563387934,worker1,0.28086304664611816,0.0,0.0
252,1,0.3575761318206787,9,1,0,1,0.8002376556396484,0.27464771270751953,0.08292841911315918,0.23191821750213198,worker1,0.27464771270751953,0.0,0.0
253,1,0.2669517993927002,1,1,1,0,0.722163736820221,0.18387913703918457,0.08307266235351562,0.3111897448996452,worker1,0.18387913703918457,0.0,0.0
254,1,0.27132320404052734,6,6,1,0,0.8439655303955078,0.18828606605529785,0.08303713798522949,0.3060451032150803,worker1,0.18828606605529785,0.0,0.0
255,1,0.5500016212463379,2,2,1,2,0.975197970867157,0.4072880744934082,0.1427135467529297,0.2594784110445564,worker1->worker2,0.28467392921447754,0.12261414527893066,0.0
256,1,0.26923680305480957,8,8,1,0,0.9563647508621216,0.18592119216918945,0.08331561088562012,0.3094510480748029,worker1,0.18592119216918945,0.0,0.0
257,1,0.270672082901001,4,4,1,0,0.7287954092025757,0.187788724899292,0.08288335800170898,0.3062131754164828,worker1,0.187788724899292,0.0,0.0
258,1,0.3655068874359131,6,2,0,1,0.8968899250030518,0.28263425827026367,0.08287262916564941,0.22673342695951265,worker1,0.28263425827026367,0.0,0.0
259,1,0.26845288276672363,9,0,0,0,0.7983770966529846,0.18436479568481445,0.08408808708190918,0.3132322000616356,worker1,0.18436479568481445,0.0,0.0
260,1,0.27283263206481934,4,4,1,0,0.9813499450683594,0.18988037109375,0.08295226097106934,0.3040408339108117,worker1,0.18988037109375,0.0,0.0
261,1,0.3670332431793213,3,3,1,1,0.9833804368972778,0.28375768661499023,0.08327555656433105,0.22688832173069715,worker1,0.28375768661499023,0.0,0.0
262,1,0.35868072509765625,9,9,1,1,0.9989514350891113,0.2754333019256592,0.08324742317199707,0.2320933837449216,worker1,0.2754333019256592,0.0,0.0
263,1,0.3584132194519043,9,7,0,1,0.9990860223770142,0.27512454986572266,0.08328866958618164,0.23238168980917903,worker1,0.27512454986572266,0.0,0.0
264,1,0.27239322662353516,9,9,1,0,0.9976646900177002,0.18950867652893066,0.08288455009460449,0.30428271334792123,worker1,0.18950867652893066,0.0,0.0
265,1,0.2695803642272949,9,9,1,0,0.7875368595123291,0.18688392639160156,0.08269643783569336,0.30675987130119164,worker1,0.18688392639160156,0.0,0.0
266,1,0.27314257621765137,6,6,1,0,0.9694703817367554,0.18994617462158203,0.08319640159606934,0.3045896496552591,worker1,0.18994617462158203,0.0,0.0
267,1,0.27086520195007324,0,0,1,0,0.8979026675224304,0.18799686431884766,0.08286833763122559,0.3059394009810834,worker1,0.18799686431884766,0.0,0.0
268,1,0.27521467208862305,9,3,0,0,0.953395426273346,0.19232916831970215,0.0828855037689209,0.30116673337179706,worker1,0.19232916831970215,0.0,0.0
269,1,0.2745950222015381,9,9,1,0,0.9981614947319031,0.1926283836364746,0.08196663856506348,0.29850008899616665,worker1,0.1926283836364746,0.0,0.0
270,1,0.4910914897918701,6,6,1,2,0.728075385093689,0.35230207443237305,0.13878941535949707,0.28261417321305554,worker1->worker2,0.27701377868652344,0.07528829574584961,0.0
271,1,0.26843857765197754,7,7,1,0,0.9819155931472778,0.18518924713134766,0.08324933052062988,0.3101243168877169,worker1,0.18518924713134766,0.0,0.0
272,1,0.27659010887145996,8,8,1,0,0.9333752989768982,0.19347214698791504,0.08311796188354492,0.30050952372332457,worker1,0.19347214698791504,0.0,0.0
273,1,0.3599405288696289,4,4,1,1,0.9716349244117737,0.27710485458374023,0.08283567428588867,0.23013711333377493,worker1,0.27710485458374023,0.0,0.0
274,1,0.2667574882507324,9,1,0,0,0.6945714950561523,0.18358087539672852,0.0831766128540039,0.3118061029867848,worker1,0.18358087539672852,0.0,0.0
275,1,0.27154994010925293,4,4,1,0,0.993286669254303,0.1887819766998291,0.08276796340942383,0.3047983121488582,worker1,0.1887819766998291,0.0,0.0
276,1,0.370302677154541,5,5,1,1,0.9951006770133972,0.2807281017303467,0.08957457542419434,0.24189556530484263,worker1,0.2807281017303467,0.0,0.0
277,1,0.3558194637298584,7,7,1,1,0.9341107606887817,0.2725710868835449,0.08324837684631348,0.2339624032189438,worker1,0.2725710868835449,0.0,0.0
278,1,0.26757335662841797,1,3,0,0,0.7568740844726562,0.18468880653381348,0.08288455009460449,0.3097638387431345,worker1,0.18468880653381348,0.0,0.0
279,1,0.27072572708129883,9,9,1,0,0.9808056354522705,0.18778324127197266,0.08294248580932617,0.3063709042488547,worker1,0.18778324127197266,0.0,0.0
280,1,0.3630504608154297,2,2,1,1,0.9305416941642761,0.28000855445861816,0.08304190635681152,0.22873378584975543,worker1,0.28000855445861816,0.0,0.0
281,1,0.269439697265625,7,7,1,0,0.99664306640625,0.18692898750305176,0.08251070976257324,0.3062307098765432,worker1,0.18692898750305176,0.0,0.0
282,1,0.2707686424255371,9,9,1,0,0.9988082647323608,0.1877295970916748,0.0830390453338623,0.30667895879670964,worker1,0.1877295970916748,0.0,0.0
283,1,0.5309581756591797,4,4,1,2,0.997276246547699,0.38907480239868164,0.14188337326049805,0.26722137404580154,worker1->worker2,0.2852213382720947,0.10385346412658691,0.0
284,1,0.6730520725250244,4,2,0,3,0.533494770526886,0.4999547004699707,0.1730973720550537,0.2571827338792094,worker1->worker2->worker3,0.27955150604248047,0.0786597728729248,0.14174342155456543
285,1,0.3585076332092285,6,1,0,1,0.6541396379470825,0.2755866050720215,0.08292102813720703,0.23129501426490834,worker1,0.2755866050720215,0.0,0.0
286,1,0.26949644088745117,0,2,0,0,0.8953427076339722,0.1864309310913086,0.08306550979614258,0.30822488609722654,worker1,0.1864309310913086,0.0,0.0
287,1,0.36149096488952637,9,9,1,1,0.8511108160018921,0.2786581516265869,0.08283281326293945,0.22914213993772603,worker1,0.2786581516265869,0.0,0.0
288,1,0.49132466316223145,5,3,0,2,0.9174791574478149,0.35332489013671875,0.1379997730255127,0.280872879731556,worker1->worker2,0.27756524085998535,0.0757596492767334,0.0
289,1,0.3580327033996582,0,8,0,1,0.8909448981285095,0.27455568313598633,0.08347702026367188,0.2331547355060738,worker1,0.27455568313598633,0.0,0.0
290,1,0.3573923110961914,4,4,1,1,0.8173848986625671,0.2742767333984375,0.0831155776977539,0.23256118029742257,worker1,0.2742767333984375,0.0,0.0
291,1,0.27094149589538574,7,7,1,0,0.5066864490509033,0.18810391426086426,0.08283758163452148,0.3057397367677715,worker1,0.18810391426086426,0.0,0.0
292,1,0.3652372360229492,4,6,0,1,0.6775137186050415,0.28209829330444336,0.08313894271850586,0.22762997448946287,worker1,0.28209829330444336,0.0,0.0
293,1,0.4892754554748535,0,0,1,2,0.890469491481781,0.35163092613220215,0.13764452934265137,0.28132318472641155,worker1->worker2,0.27756333351135254,0.07406759262084961,0.0
294,1,0.49584031105041504,5,5,1,2,0.9960711002349854,0.3559443950653076,0.13989591598510742,0.28213905337535855,worker1->worker2,0.27751755714416504,0.07842683792114258,0.0
295,1,0.2708158493041992,4,4,1,0,0.9701001048088074,0.18782353401184082,0.0829923152923584,0.3064529476601484,worker1,0.18782353401184082,0.0,0.0
296,1,0.5138030052185059,4,7,0,2,0.7436521053314209,0.3714272975921631,0.14237570762634277,0.27710174167976,worker1->worker2,0.28388166427612305,0.08754563331604004,0.0
297,1,0.3643641471862793,7,7,1,1,0.7646092772483826,0.2807579040527344,0.08360624313354492,0.22945793042256066,worker1,0.2807579040527344,0.0,0.0
298,1,0.2698996067047119,6,6,1,0,0.9865167140960693,0.1869983673095703,0.0829012393951416,0.3071558362285465,worker1,0.1869983673095703,0.0,0.0
299,1,0.36146092414855957,6,6,1,1,0.9988223910331726,0.2781186103820801,0.08334231376647949,0.2305707427788958,worker1,0.2781186103820801,0.0,0.0
300,1,0.36469364166259766,4,4,1,1,0.9679613709449768,0.2813453674316406,0.08334827423095703,0.22854326127261648,worker1,0.2813453674316406,0.0,0.0
301,1,0.36094093322753906,3,4,0,1,0.5813223123550415,0.2774503231048584,0.08349061012268066,0.23131377584721804,worker1,0.2774503231048584,0.0,0.0
302,1,0.2691473960876465,6,6,1,0,0.7809211611747742,0.1856703758239746,0.08347702026367188,0.3101535496055403,worker1,0.1856703758239746,0.0,0.0
303,1,0.36582183837890625,0,0,1,1,0.8806735873222351,0.2825191020965576,0.08330273628234863,0.22771395128157002,worker1,0.2825191020965576,0.0,0.0
304,1,0.26792311668395996,7,3,0,0,0.6617220044136047,0.18463706970214844,0.08328604698181152,0.3108580103599463,worker1,0.18463706970214844,0.0,0.0
305,1,0.36203813552856445,3,5,0,1,0.765330970287323,0.27854156494140625,0.0834965705871582,0.2306292138679142,worker1,0.27854156494140625,0.0,0.0
306,1,0.26850032806396484,6,6,1,0,0.8747805953025818,0.18475127220153809,0.08374905586242676,0.31191416586453935,worker1,0.18475127220153809,0.0,0.0
307,1,0.364729642868042,6,2,0,1,0.8276149034500122,0.2812957763671875,0.08343386650085449,0.2287553757483885,worker1,0.2812957763671875,0.0,0.0
308,1,0.2679717540740967,3,2,0,0,0.8593250513076782,0.18449974060058594,0.08347201347351074,0.31149556699334047,worker1,0.18449974060058594,0.0,0.0
309,1,0.27460551261901855,9,1,0,0,0.9196633696556091,0.19134831428527832,0.08325719833374023,0.30318837207485116,worker1,0.19134831428527832,0.0,0.0
310,1,0.4930422306060791,7,7,1,2,0.9958676099777222,0.3547391891479492,0.13830304145812988,0.2805095240789393,worker1->worker2,0.2785956859588623,0.07614350318908691,0.0
311,1,0.2688899040222168,3,3,1,0,0.931959331035614,0.1860806941986084,0.0828092098236084,0.30796697304323617,worker1,0.1860806941986084,0.0,0.0
312,1,0.3639564514160156,9,9,1,1,0.984686017036438,0.28240180015563965,0.08155465126037598,0.22407804819251853,worker1,0.28240180015563965,0.0,0.0
313,1,0.35818910598754883,4,4,1,1,0.9998831748962402,0.2749502658843994,0.08323884010314941,0.2323879724751956,worker1,0.2749502658843994,0.0,0.0
314,1,0.5266151428222656,5,5,1,2,0.9598168134689331,0.38267016410827637,0.14394497871398926,0.2733399915971865,worker1->worker2,0.2739696502685547,0.10870051383972168,0.0
315,1,0.36069202423095703,2,2,1,1,0.9460141062736511,0.27768516540527344,0.0830068588256836,0.23013222707839234,worker1,0.27768516540527344,0.0,0.0
316,1,0.27139973640441895,3,3,1,0,0.9421294927597046,0.18782973289489746,0.08357000350952148,0.3079221985130889,worker1,0.18782973289489746,0.0,0.0
317,1,0.27097058296203613,9,9,1,0,0.6701762080192566,0.18740105628967285,0.08356952667236328,0.3084081148545621,worker1,0.18740105628967285,0.0,0.0
318,1,0.2735161781311035,7,7,1,0,0.9791393280029297,0.18988585472106934,0.08363032341003418,0.3057600613662712,worker1,0.18988585472106934,0.0,0.0
319,1,0.2809152603149414,7,7,1,0,0.9989190101623535,0.19909119606018066,0.08182406425476074,0.2912766795332715,worker1,0.19909119606018066,0.0,0.0
320,1,0.2709786891937256,5,4,0,0,0.740088701248169,0.18754220008850098,0.08343648910522461,0.30790793679563105,worker1,0.18754220008850098,0.0,0.0
321,1,0.362790584564209,3,3,1,1,0.9808760285377502,0.2792963981628418,0.08349418640136719,0.2301443035013216,worker1,0.2792963981628418,0.0,0.0
322,1,0.2739427089691162,9,8,0,0,0.7576673626899719,0.19084548950195312,0.08309721946716309,0.3033379489451253,worker1,0.19084548950195312,0.0,0.0
323,1,0.4925200939178467,7,7,1,2,0.9941891431808472,0.35521888732910156,0.13730120658874512,0.2787728019308939,worker1->worker2,0.28070974349975586,0.0745091438293457,0.0
324,1,0.272000789642334,6,6,1,0,0.9654122591018677,0.18869924545288086,0.08330154418945312,0.3062547880798069,worker1,0.18869924545288086,0.0,0.0
325,1,0.2726254463195801,6,6,1,0,0.9768009185791016,0.1894543170928955,0.08317112922668457,0.30507471092477834,worker1,0.1894543170928955,0.0,0.0
326,1,0.27565813064575195,5,5,1,0,0.8922517895698547,0.192335844039917,0.08332228660583496,0.3022667476219389,worker1,0.192335844039917,0.0,0.0
327,1,0.3633742332458496,5,5,1,1,0.982573926448822,0.2800881862640381,0.08328604698181152,0.22920185131966234,worker1,0.2800881862640381,0.0,0.0
328,1,0.2699902057647705,6,4,0,0,0.5406804084777832,0.18738198280334473,0.08260822296142578,0.3059674802922235,worker1,0.18738198280334473,0.0,0.0
329,1,0.2706644535064697,9,9,1,0,0.9617854356765747,0.18957304954528809,0.08109140396118164,0.29960123285728507,worker1,0.18957304954528809,0.0,0.0
330,1,0.269881010055542,9,1,0,0,0.8195995688438416,0.1871018409729004,0.0827791690826416,0.30672468976459477,worker1,0.1871018409729004,0.0,0.0
331,1,0.5316023826599121,7,7,1,2,0.999890923500061,0.3898732662200928,0.14172911643981934,0.26660737623233954,worker1->worker2,0.2800414562225342,0.1098318099975586,0.0
332,1,0.27369260787963867,1,1,1,0,0.9929037690162659,0.19011330604553223,0.08357930183410645,0.3053765407901041,worker1,0.19011330604553223,0.0,0.0
333,1,0.2709662914276123,9,9,1,0,0.9985306262969971,0.18787264823913574,0.08309364318847656,0.3066567533204577,worker1,0.18787264823913574,0.0,0.0
334,1,0.6756000518798828,3,3,1,3,0.8204953074455261,0.4992048740386963,0.17639517784118652,0.2610940856951687,worker1->worker2->worker3,0.2874183654785156,0.07676076889038086,0.1350257396697998
335,1,0.6278085708618164,7,7,1,3,0.5628053545951843,0.4551212787628174,0.17268729209899902,0.2750636103325966,worker1->worker2->worker3,0.2775256633758545,0.07687497138977051,0.10072064399719238
336,1,0.2687385082244873,7,7,1,0,0.6359698176383972,0.18537497520446777,0.08336353302001953,0.310203154623389,worker1,0.18537497520446777,0.0,0.0
337,1,0.28063321113586426,8,8,1,0,0.9931735396385193,0.19732904434204102,0.08330416679382324,0.2968435790498538,worker1,0.19732904434204102,0.0,0.0
338,1,0.2707672119140625,0,0,1,0,0.8212842345237732,0.18843960762023926,0.08232760429382324,0.30405307833192446,worker1,0.18843960762023926,0.0,0.0
339,1,0.26918816566467285,9,1,0,0,0.5954744219779968,0.18587064743041992,0.08331751823425293,0.3095140457921965,worker1,0.18587064743041992,0.0,0.0
340,1,0.27176642417907715,8,1,0,0,0.9490959048271179,0.18864202499389648,0.08312439918518066,0.30586706741376873,worker1,0.18864202499389648,0.0,0.0
341,1,0.3635683059692383,9,9,1,1,0.9967843294143677,0.2811708450317383,0.0823974609375,0.22663543434523606,worker1,0.2811708450317383,0.0,0.0
342,1,0.2645564079284668,6,6,1,0,0.9818949103355408,0.1814594268798828,0.08309698104858398,0.31409929435938105,worker1,0.1814594268798828,0.0,0.0
343,1,0.36257314682006836,6,6,1,1,0.9198883175849915,0.2790672779083252,0.08350586891174316,0.2303145438213714,worker1,0.2790672779083252,0.0,0.0
344,1,0.2706644535064697,4,4,1,0,0.9811752438545227,0.18723773956298828,0.08342671394348145,0.3082292959518132,worker1,0.18723773956298828,0.0,0.0
345,1,0.2682766914367676,7,1,0,0,0.9370648264884949,0.1872570514678955,0.08101963996887207,0.30200029504974074,worker1,0.1872570514678955,0.0,0.0
346,1,0.26696348190307617,7,7,1,0,0.978585958480835,0.18628287315368652,0.08068060874938965,0.30221589924678,worker1,0.18628287315368652,0.0,0.0
347,1,0.360903263092041,0,6,0,1,0.7407485842704773,0.27768731117248535,0.08321595191955566,0.2305768897920248,worker1,0.27768731117248535,0.0,0.0
348,1,0.26557421684265137,9,9,1,0,0.9590250253677368,0.18259429931640625,0.08297991752624512,0.31245471986239326,worker1,0.18259429931640625,0.0,0.0
349,1,0.27174901962280273,4,4,1,0,0.957038164138794,0.18813872337341309,0.08361029624938965,0.3076746932351171,worker1,0.18813872337341309,0.0,0.0
350,1,0.36223316192626953,6,6,1,1,0.8974581956863403,0.2795836925506592,0.08264946937561035,0.22816649071029332,worker1,0.2795836925506592,0.0,0.0
351,1,0.26586461067199707,8,0,0,0,0.8834060430526733,0.18274211883544922,0.08312249183654785,0.31264970402208914,worker1,0.18274211883544922,0.0,0.0
352,1,0.36345958709716797,5,5,1,1,0.7840188145637512,0.28002071380615234,0.08343887329101562,0.22956850294530523,worker1,0.28002071380615234,0.0,0.0
353,1,0.2719137668609619,6,2,0,0,0.5488532185554504,0.18898272514343262,0.0829310417175293,0.30499022787593744,worker1,0.18898272514343262,0.0,0.0
354,1,0.3548409938812256,3,3,1,1,0.9338865876197815,0.2718069553375244,0.08303403854370117,0.23400351136288047,worker1,0.2718069553375244,0.0,0.0
355,1,0.26529765129089355,6,6,1,0,0.8202880024909973,0.18210601806640625,0.0831916332244873,0.31357847617455664,worker1,0.18210601806640625,0.0,0.0
356,1,0.7062902450561523,3,3,1,3,0.8127151131629944,0.5271472930908203,0.17914295196533203,0.2536392838769699,worker1->worker2->worker3,0.27875614166259766,0.10576534271240234,0.1426258087158203
357,1,0.2665226459503174,9,9,1,0,0.9586074352264404,0.18467116355895996,0.08185148239135742,0.3071089216434366,worker1,0.18467116355895996,0.0,0.0
358,1,0.36469483375549316,6,6,1,1,0.9032650589942932,0.28241920471191406,0.0822756290435791,0.2256013012203517,worker1,0.28241920471191406,0.0,0.0
359,1,0.2665531635284424,9,9,1,0,0.9625504612922668,0.18478918075561523,0.08176398277282715,0.3067454975603866,worker1,0.18478918075561523,0.0,0.0
360,1,0.2679464817047119,8,8,1,0,0.7661771774291992,0.18557429313659668,0.08237218856811523,0.3074203029054615,worker1,0.18557429313659668,0.0,0.0
361,1,0.4964287281036377,4,4,1,2,0.6925893425941467,0.3568904399871826,0.13953828811645508,0.2810842326742302,worker1->worker2,0.2773585319519043,0.07953190803527832,0.0
362,1,0.26909637451171875,3,3,1,0,0.9838665723800659,0.18600082397460938,0.08309555053710938,0.3087947605681722,worker1,0.18600082397460938,0.0,0.0
363,1,0.35868263244628906,4,2,0,1,0.971738338470459,0.2758755683898926,0.08280706405639648,0.2308644371533557,worker1,0.2758755683898926,0.0,0.0
364,1,0.26581573486328125,6,6,1,0,0.9316254258155823,0.18254756927490234,0.0832681655883789,0.31325521655520794,worker1,0.18254756927490234,0.0,0.0
365,1,0.35964512825012207,4,4,1,1,0.8674036860466003,0.277756929397583,0.08188819885253906,0.22769166720253292,worker1,0.277756929397583,0.0,0.0
366,1,0.26585888862609863,7,7,1,0,0.8158584237098694,0.18263745307922363,0.083221435546875,0.31302859940830047,worker1,0.18263745307922363,0.0,0.0
367,1,0.27171969413757324,8,8,1,0,0.9825267195701599,0.18875622749328613,0.08296346664428711,0.30532739596814884,worker1,0.18875622749328613,0.0,0.0
368,1,0.2705659866333008,8,8,1,0,0.8947103023529053,0.1876075267791748,0.08295845985412598,0.30661082306165827,worker1,0.1876075267791748,0.0,0.0
369,1,0.49212074279785156,4,4,1,2,0.9805504083633423,0.35257768630981445,0.1395430564880371,0.2835545108192223,worker1->worker2,0.27716851234436035,0.0754091739654541,0.0
370,1,0.2667419910430908,8,8,1,0,0.8037562370300293,0.1840524673461914,0.08268952369689941,0.3099981497983995,worker1,0.1840524673461914,0.0,0.0
371,1,0.2686314582824707,7,7,1,0,0.8900086879730225,0.18562102317810059,0.08301043510437012,0.3090123384472834,worker1,0.18562102317810059,0.0,0.0
372,1,0.2715616226196289,6,6,1,0,0.9834307432174683,0.18819642066955566,0.08336520195007324,0.3069844742636601,worker1,0.18819642066955566,0.0,0.0
373,1,0.27086877822875977,9,1,0,0,0.5972409248352051,0.1876697540283203,0.08319902420043945,0.3071561984533133,worker1,0.1876697540283203,0.0,0.0
374,1,0.2704658508300781,2,2,1,0,0.8525087237358093,0.18865489959716797,0.08181095123291016,0.30248162931411404,worker1,0.18865489959716797,0.0,0.0
375,1,0.3638441562652588,5,5,1,1,0.7987808585166931,0.28170084953308105,0.08214330673217773,0.22576508463225547,worker1,0.28170084953308105,0.0,0.0
376,1,0.2665266990661621,9,9,1,0,0.9903342127799988,0.1835956573486328,0.0829310417175293,0.31115472486657947,worker1,0.1835956573486328,0.0,0.0
377,1,0.36226558685302734,7,7,1,1,0.9461796283721924,0.27940869331359863,0.08285689353942871,0.22871864330034775,worker1,0.27940869331359863,0.0,0.0
378,1,0.3662533760070801,4,4,1,1,0.9855127930641174,0.28330087661743164,0.08295249938964844,0.22648937818403858,worker1,0.28330087661743164,0.0,0.0
379,1,0.35802745819091797,5,7,0,1,0.8789544105529785,0.2749950885772705,0.08303236961364746,0.23191620562624693,worker1,0.2749950885772705,0.0,0.0
380,1,0.35912275314331055,3,3,1,1,0.8186155557632446,0.2761526107788086,0.08297014236450195,0.23103560450649618,worker1,0.2761526107788086,0.0,0.0
381,1,0.35732030868530273,5,5,1,1,0.6738799810409546,0.2742438316345215,0.08307647705078125,0.232498615475976,worker1,0.2742438316345215,0.0,0.0
382,1,0.27631497383117676,5,5,1,0,0.7951494455337524,0.19298791885375977,0.08332705497741699,0.30156547009402485,worker1,0.19298791885375977,0.0,0.0
383,1,0.2749061584472656,9,9,1,0,0.7046113610267639,0.19208765029907227,0.08281850814819336,0.3012610143620343,worker1,0.19208765029907227,0.0,0.0
384,1,0.3660914897918701,3,3,1,1,0.9931572079658508,0.2831869125366211,0.08290457725524902,0.2264586300609769,worker1,0.2831869125366211,0.0,0.0
385,1,0.5032625198364258,3,3,1,2,0.8937127590179443,0.3604152202606201,0.14284729957580566,0.28384251547728007,worker1->worker2,0.2803807258605957,0.08003449440002441,0.0
386,1,0.27130722999572754,9,9,1,0,0.9779179096221924,0.18835997581481934,0.0829472541809082,0.3057318235942862,worker1,0.18835997581481934,0.0,0.0
387,1,0.26949286460876465,2,2,1,0,0.9372752904891968,0.18642187118530273,0.08307099342346191,0.30824932431535784,worker1,0.18642187118530273,0.0,0.0
388,1,0.36211252212524414,5,5,1,1,0.9099974036216736,0.27915334701538086,0.08295917510986328,0.22909778049920662,worker1,0.27915334701538086,0.0,0.0
389,1,0.49011874198913574,2,2,1,2,0.8577776551246643,0.35058093070983887,0.13953781127929688,0.28470205141102306,worker1->worker2,0.2755146026611328,0.07506632804870605,0.0
390,1,0.2698376178741455,6,6,1,0,0.9903891682624817,0.18665170669555664,0.08318591117858887,0.3082813724563321,worker1,0.18665170669555664,0.0,0.0
391,1,0.3608231544494629,6,2,0,1,0.9970666766166687,0.2784841060638428,0.08233904838562012,0.22819779543042762,worker1,0.2784841060638428,0.0,0.0
392,1,0.48870301246643066,4,4,1,2,0.6938235759735107,0.3493170738220215,0.13938593864440918,0.28521604141734996,worker1->worker2,0.2720057964324951,0.07731127738952637,0.0
393,1,0.3598959445953369,3,2,0,1,0.6966888308525085,0.27659130096435547,0.08330464363098145,0.2314686922206036,worker1,0.27659130096435547,0.0,0.0
394,1,0.3594801425933838,9,1,0,1,0.9487174153327942,0.2765686511993408,0.08291149139404297,0.23064275761074807,worker1,0.2765686511993408,0.0,0.0
395,1,0.2632477283477783,4,4,1,0,0.864910364151001,0.18041110038757324,0.08283662796020508,0.31467176746448144,worker1,0.18041110038757324,0.0,0.0
396,1,0.3646266460418701,5,5,1,1,0.9051987528800964,0.28160667419433594,0.08301997184753418,0.22768487368858115,worker1,0.28160667419433594,0.0,0.0
397,1,0.2665069103240967,0,9,0,0,0.9269821047782898,0.1834120750427246,0.08309483528137207,0.31179242286934017,worker1,0.1834120750427246,0.0,0.0
398,1,0.6763546466827393,8,4,0,3,0.37842434644699097,0.4960775375366211,0.18027710914611816,0.2665422793061427,worker1->worker2->worker3,0.27592897415161133,0.07726359367370605,0.1428849697113037
399,1,0.2680177688598633,5,5,1,0,0.8104494214057922,0.1850745677947998,0.08294320106506348,0.3094690378846913,worker1,0.1850745677947998,0.0,0.0
400,1,0.2680838108062744,0,0,1,0,0.971518874168396,0.1852130889892578,0.0828707218170166,0.3091224403584054,worker1,0.1852130889892578,0.0,0.0
401,1,0.2714865207672119,9,9,1,0,0.9513118267059326,0.1885509490966797,0.08293557167053223,0.3054868854488947,worker1,0.1885509490966797,0.0,0.0
402,1,0.3614192008972168,0,0,1,1,0.9196826219558716,0.2782256603240967,0.08319354057312012,0.23018572440698673,worker1,0.2782256603240967,0.0,0.0
403,1,0.5052990913391113,7,7,1,2,0.907333254814148,0.36106324195861816,0.14423584938049316,0.28544648477053175,worker1->worker2,0.27313756942749023,0.08792567253112793,0.0
404,1,0.2680633068084717,4,4,1,0,0.9037739038467407,0.18503308296203613,0.08303022384643555,0.3097411012159144,worker1,0.18503308296203613,0.0,0.0
405,1,0.2744462490081787,6,6,1,0,0.9822300672531128,0.19162631034851074,0.08281993865966797,0.30177107159952427,worker1,0.19162631034851074,0.0,0.0
406,1,0.26795172691345215,7,7,1,0,0.974668025970459,0.18503475189208984,0.0829169750213623,0.3094474365830242,worker1,0.18503475189208984,0.0,0.0
407,1,0.26993322372436523,9,9,1,0,0.9827181696891785,0.1877121925354004,0.08222103118896484,0.3045976706925212,worker1,0.1877121925354004,0.0,0.0
408,1,0.2717709541320801,1,1,1,0,0.5103880167007446,0.1899397373199463,0.08183121681213379,0.30110361526112167,worker1,0.1899397373199463,0.0,0.0
409,1,0.26767826080322266,6,6,1,0,0.8699149489402771,0.18440485000610352,0.08327341079711914,0.3110951578482334,worker1,0.18440485000610352,0.0,0.0
410,1,0.6308584213256836,6,5,0,3,0.49677520990371704,0.45817017555236816,0.17268824577331543,0.2737353420921749,worker1->worker2->worker3,0.278031587600708,0.07532429695129395,0.10481429100036621
411,1,0.2737300395965576,9,9,1,0,0.5741621255874634,0.19110465049743652,0.0826253890991211,0.30184991468565214,worker1,0.19110465049743652,0.0,0.0
412,1,0.49915266036987305,0,0,1,2,0.9095669984817505,0.3620624542236328,0.13709020614624023,0.2746458489165542,worker1->worker2,0.28327393531799316,0.07878851890563965,0.0
413,1,0.2704336643218994,4,4,1,0,0.9169499278068542,0.1875019073486328,0.0829317569732666,0.30666210577449504,worker1,0.1875019073486328,0.0,0.0
414,1,0.3614921569824219,8,8,1,1,0.9562451243400574,0.2785165309906006,0.08297562599182129,0.22953644882496332,worker1,0.2785165309906006,0.0,0.0
415,1,0.49091339111328125,5,5,1,2,0.9174639582633972,0.35137176513671875,0.1395416259765625,0.28424897039397,worker1->worker2,0.27753543853759766,0.0738363265991211,0.0
416,1,0.2717165946960449,5,5,1,0,0.8967678546905518,0.18900012969970703,0.08271646499633789,0.30442183735177625,worker1,0.18900012969970703,0.0,0.0
417,1,0.26975560188293457,1,1,1,0,0.8571351170539856,0.1866455078125,0.08311009407043457,0.3080940432388193,worker1,0.1866455078125,0.0,0.0
418,1,0.27053141593933105,4,2,0,0,0.956506073474884,0.18761563301086426,0.0829157829284668,0.3064922520756752,worker1,0.18761563301086426,0.0,0.0
419,1,0.3670163154602051,6,2,0,1,0.7148863077163696,0.28487181663513184,0.08214449882507324,0.22381702219987554,worker1,0.28487181663513184,0.0,0.0
420,1,0.26541805267333984,9,1,0,0,0.9181298613548279,0.18248820304870605,0.08292984962463379,0.3124499211313962,worker1,0.18248820304870605,0.0,0.0
421,1,0.273740291595459,0,0,1,0,0.7048603296279907,0.19076275825500488,0.0829775333404541,0.303125027217698,worker1,0.19076275825500488,0.0,0.0
422,1,0.2711482048034668,0,9,0,0,0.6189917325973511,0.18842625617980957,0.08272194862365723,0.30508020026765664,worker1,0.18842625617980957,0.0,0.0
423,1,0.36339282989501953,1,1,1,1,0.9026692509651184,0.2803647518157959,0.08302807807922363,0.22848023199359654,worker1,0.2803647518157959,0.0,0.0
424,1,0.26990246772766113,4,4,1,0,0.9192020893096924,0.18671870231628418,0.08318376541137695,0.3081993510904525,worker1,0.18671870231628418,0.0,0.0
425,1,0.27179598808288574,9,1,0,0,0.8598670363426208,0.18923401832580566,0.08256196975708008,0.3037644901951324,worker1,0.18923401832580566,0.0,0.0
426,1,0.27446413040161133,4,4,1,0,0.8097649216651917,0.19254398345947266,0.08192014694213867,0.29847305300794136,worker1,0.19254398345947266,0.0,0.0
427,1,0.36138296127319336,2,2,1,1,0.8239924311637878,0.27851009368896484,0.08287286758422852,0.2293214580240805,worker1,0.27851009368896484,0.0,0.0
428,1,0.266892671585083,6,6,1,0,0.8236836791038513,0.18374395370483398,0.08314871788024902,0.31154365305883625,worker1,0.18374395370483398,0.0,0.0
429,1,0.3627488613128662,6,1,0,1,0.8912111520767212,0.2796313762664795,0.08311748504638672,0.22913231138911547,worker1,0.2796313762664795,0.0,0.0
430,1,0.35650634765625,4,7,0,1,0.9506106972694397,0.2734348773956299,0.08307147026062012,0.23301540297038179,worker1,0.2734348773956299,0.0,0.0
431,1,0.36475348472595215,4,4,1,1,0.9675742983818054,0.28215694427490234,0.0825965404510498,0.22644482893181,worker1,0.28215694427490234,0.0,0.0
432,1,0.3600046634674072,6,0,0,1,0.9783132076263428,0.27675867080688477,0.08324599266052246,0.23123587305434748,worker1,0.27675867080688477,0.0,0.0
433,1,0.3604106903076172,2,2,1,1,0.8552877306938171,0.2769770622253418,0.08343362808227539,0.23149598590170353,worker1,0.2769770622253418,0.0,0.0
434,1,0.26626157760620117,8,8,1,0,0.9602935910224915,0.184295654296875,0.08196592330932617,0.30783984698893785,worker1,0.184295654296875,0.0,0.0
435,1,0.27077770233154297,0,0,1,0,0.9803082942962646,0.18767976760864258,0.08309793472290039,0.3068861800930508,worker1,0.18767976760864258,0.0,0.0
436,1,0.2809450626373291,2,5,0,0,0.7633412480354309,0.1978743076324463,0.08307075500488281,0.2956832706902507,worker1,0.1978743076324463,0.0,0.0
437,1,0.3628714084625244,9,9,1,1,0.9971688389778137,0.28000903129577637,0.08286237716674805,0.22835190437800962,worker1,0.28000903129577637,0.0,0.0
438,1,0.26695990562438965,1,1,1,0,0.93719881772995,0.1841268539428711,0.08283305168151855,0.31028274260054606,worker1,0.1841268539428711,0.0,0.0
439,1,0.3625328540802002,1,1,1,1,0.9392036199569702,0.2795097827911377,0.0830230712890625,0.22900840669931663,worker1,0.2795097827911377,0.0,0.0
440,1,0.26607322692871094,6,4,0,0,0.9465590715408325,0.1834549903869629,0.08261823654174805,0.31050939433257585,worker1,0.1834549903869629,0.0,0.0
441,1,0.2724649906158447,3,4,0,0,0.7299677729606628,0.19040989875793457,0.08205509185791016,0.30115829440121245,worker1,0.19040989875793457,0.0,0.0
442,1,0.3661186695098877,9,0,0,1,0.5668742656707764,0.28356385231018066,0.08255481719970703,0.22548649952820143,worker1,0.28356385231018066,0.0,0.0
443,1,0.2710580825805664,4,4,1,0,0.9351617693901062,0.18852710723876953,0.08253097534179688,0.30447708681502333,worker1,0.18852710723876953,0.0,0.0
444,1,0.27114224433898926,2,5,0,0,0.8284196257591248,0.1886003017425537,0.08254194259643555,0.30442302636264756,worker1,0.1886003017425537,0.0,0.0
445,1,0.2701096534729004,5,5,1,0,0.985015869140625,0.1880970001220703,0.08201265335083008,0.3036272576576322,worker1,0.1880970001220703,0.0,0.0
446,1,0.27613401412963867,0,0,1,0,0.985191285610199,0.1929035186767578,0.08323049545288086,0.3014134123071344,worker1,0.1929035186767578,0.0,0.0
447,1,0.26923513412475586,5,5,1,0,0.7747259736061096,0.18634319305419922,0.08289194107055664,0.3078793610649154,worker1,0.18634319305419922,0.0,0.0
448,1,0.3657715320587158,6,2,0,1,0.9517208933830261,0.28352999687194824,0.08224153518676758,0.2248440022761686,worker1,0.28352999687194824,0.0,0.0
449,1,0.269040584564209,8,8,1,0,0.9996657371520996,0.18593525886535645,0.08310532569885254,0.30889512760116195,worker1,0.18593525886535645,0.0,0.0
450,1,0.2704348564147949,7,5,0,0,0.5809204578399658,0.18728065490722656,0.08315420150756836,0.30748329786314915,worker1,0.18728065490722656,0.0,0.0
451,1,0.3672671318054199,3,6,0,1,0.6975107789039612,0.2843351364135742,0.0829319953918457,0.22580837818011854,worker1,0.2843351364135742,0.0,0.0
452,1,0.26515841484069824,7,7,1,0,0.8595761656761169,0.18226885795593262,0.08288955688476562,0.31260390862784415,worker1,0.18226885795593262,0.0,0.0
453,1,0.269442081451416,9,8,0,0,0.8753641247749329,0.18747520446777344,0.08196687698364258,0.3042096340041164,worker1,0.18747520446777344,0.0,0.0
454,1,0.2734532356262207,9,1,0,0,0.7788178324699402,0.19019222259521484,0.08326101303100586,0.30447989704833534,worker1,0.19019222259521484,0.0,0.0
455,1,0.36090540885925293,4,7,0,1,0.8253658413887024,0.2777249813079834,0.08318042755126953,0.23047708765071045,worker1,0.2777249813079834,0.0,0.0
456,1,0.2669715881347656,6,3,0,0,0.7298054099082947,0.18383026123046875,0.08314132690429688,0.31142387654497394,worker1,0.18383026123046875,0.0,0.0
457,1,0.27160024642944336,7,7,1,0,0.9898760914802551,0.1887221336364746,0.08287811279296875,0.3051474138279139,worker1,0.1887221336364746,0.0,0.0
458,1,0.3623220920562744,3,3,1,1,0.984432578086853,0.2791471481323242,0.0831749439239502,0.22956078513432682,worker1,0.2791471481323242,0.0,0.0
459,1,0.2718470096588135,5,5,1,0,0.7547858357429504,0.18888616561889648,0.08296084403991699,0.3051747530496602,worker1,0.18888616561889648,0.0,0.0
460,1,0.2702770233154297,6,6,1,0,0.947594404220581,0.1875753402709961,0.0827016830444336,0.3059885817519742,worker1,0.1875753402709961,0.0,0.0
461,1,0.5215015411376953,7,7,1,2,0.9897969365119934,0.3768439292907715,0.14465761184692383,0.27738673893722776,worker1->worker2,0.2772548198699951,0.09958910942077637,0.0
462,1,0.26952242851257324,2,7,0,0,0.8001179099082947,0.18627667427062988,0.08324575424194336,0.30886392164598625,worker1,0.18627667427062988,0.0,0.0
463,1,0.3650681972503662,9,1,0,1,0.9301323890686035,0.2819528579711914,0.0831153392791748,0.22767071989613422,worker1,0.2819528579711914,0.0,0.0
464,1,0.26683545112609863,3,5,0,0,0.616916298866272,0.18351411819458008,0.08332133293151855,0.3122573577831805,worker1,0.18351411819458008,0.0,0.0
465,1,0.27140188217163086,9,9,1,0,0.9857732653617859,0.18842554092407227,0.0829763412475586,0.30573237216934807,worker1,0.18842554092407227,0.0,0.0
466,1,0.271014928817749,9,9,1,0,0.9981032609939575,0.18813252449035645,0.08288240432739258,0.3058222832555803,worker1,0.18813252449035645,0.0,0.0
467,1,0.26981353759765625,3,3,1,0,0.7035932540893555,0.18679213523864746,0.08302140235900879,0.30769917291107024,worker1,0.18679213523864746,0.0,0.0
468,1,0.273068904876709,3,3,1,0,0.6751590967178345,0.19018244743347168,0.0828864574432373,0.30353678490291913,worker1,0.19018244743347168,0.0,0.0
469,1,0.26899099349975586,6,6,1,0,0.6500727534294128,0.18704891204833984,0.08194208145141602,0.30462760252785337,worker1,0.18704891204833984,0.0,0.0
470,1,0.27152323722839355,8,1,0,0,0.9583210945129395,0.18844985961914062,0.08307337760925293,0.3059531053667249,worker1,0.18844985961914062,0.0,0.0
471,1,0.3657560348510742,8,0,0,1,0.9838500022888184,0.2828693389892578,0.0828866958618164,0.22661743884982127,worker1,0.2828693389892578,0.0,0.0
472,1,0.26648402214050293,6,2,0,0,0.9486421346664429,0.18295502662658691,0.08352899551391602,0.3134484193197729,worker1,0.18295502662658691,0.0,0.0
473,1,0.3637428283691406,7,2,0,1,0.7241151928901672,0.2806253433227539,0.08311748504638672,0.22850618229106584,worker1,0.2806253433227539,0.0,0.0
474,1,0.2674903869628906,4,4,1,0,0.8002904057502747,0.1846003532409668,0.08289003372192383,0.30988042098658036,worker1,0.1846003532409668,0.0,0.0
475,1,0.4931313991546631,3,5,0,2,0.9246160984039307,0.3534202575683594,0.1397111415863037,0.2833142278625934,worker1->worker2,0.2787935733795166,0.07462668418884277,0.0
476,1,0.3609178066253662,5,5,1,1,0.9600602388381958,0.27848052978515625,0.08243727684020996,0.2284101125710877,worker1,0.27848052978515625,0.0,0.0
477,1,0.26950764656066895,2,2,1,0,0.7952687740325928,0.18648910522460938,0.08301854133605957,0.3080377955709366,worker1,0.18648910522460938,0.0,0.0
478,1,0.3601529598236084,4,7,0,1,0.8773158192634583,0.27617335319519043,0.08397960662841797,0.23317761061730144,worker1,0.27617335319519043,0.0,0.0
479,1,0.2668015956878662,8,8,1,0,0.9854570031166077,0.18406915664672852,0.0827324390411377,0.31008974600709355,worker1,0.18406915664672852,0.0,0.0
480,1,0.2772853374481201,6,6,1,0,0.8957427740097046,0.19221186637878418,0.08507347106933594,0.30680840123850084,worker1,0.19221186637878418,0.0,0.0
481,1,0.36052417755126953,3,3,1,1,0.895552396774292,0.27751731872558594,0.0830068588256836,0.23023936810418028,worker1,0.27751731872558594,0.0,0.0
482,1,0.274522066116333,8,8,1,0,0.995518684387207,0.19141292572021484,0.08310914039611816,0.3027412024536467,worker1,0.19141292572021484,0.0,0.0
483,1,0.267073392868042,8,8,1,0,0.9203459024429321,0.18427491188049316,0.08279848098754883,0.3100214517754625,worker1,0.18427491188049316,0.0,0.0
484,1,0.2658553123474121,6,6,1,0,0.9881018400192261,0.18281269073486328,0.08304262161254883,0.3123602115726434,worker1,0.18281269073486328,0.0,0.0
485,1,0.2671394348144531,0,0,1,0,0.8125140070915222,0.18412232398986816,0.08301711082458496,0.31076321952334035,worker1,0.18412232398986816,0.0,0.0
486,1,0.3577554225921631,3,7,0,1,0.9091658592224121,0.27480411529541016,0.08295130729675293,0.23186596780481628,worker1,0.27480411529541016,0.0,0.0
487,1,0.3702890872955322,9,9,1,1,0.9353556632995605,0.2876098155975342,0.08267927169799805,0.2232830362403057,worker1,0.2876098155975342,0.0,0.0
488,1,0.5078556537628174,1,1,1,2,0.9428629279136658,0.3627452850341797,0.1451103687286377,0.2857315216508513,worker1->worker2,0.2763807773590088,0.0863645076751709,0.0
489,1,0.36090993881225586,9,9,1,1,0.9985526204109192,0.2775540351867676,0.08335590362548828,0.23096039942765262,worker1,0.2775540351867676,0.0,0.0
490,1,0.2665987014770508,1,1,1,0,0.97966468334198,0.18362689018249512,0.08297181129455566,0.31122361374928903,worker1,0.18362689018249512,0.0,0.0
491,1,0.2700796127319336,7,7,1,0,0.8854248523712158,0.18738555908203125,0.08269405364990234,0.30618399076267927,worker1,0.18738555908203125,0.0,0.0
492,1,0.2705342769622803,7,3,0,0,0.7352292537689209,0.18732404708862305,0.08321022987365723,0.3075774013111801,worker1,0.18732404708862305,0.0,0.0
493,1,0.36139702796936035,6,6,1,1,0.894001305103302,0.27814340591430664,0.08325362205505371,0.23036609493676313,worker1,0.27814340591430664,0.0,0.0
494,1,0.3573799133300781,3,3,1,1,0.6516355276107788,0.27465391159057617,0.08272600173950195,0.23147915888349255,worker1,0.27465391159057617,0.0,0.0
495,1,0.2674565315246582,7,7,1,0,0.9924418926239014,0.1843578815460205,0.0830986499786377,0.31069964717229726,worker1,0.1843578815460205,0.0,0.0
496,1,0.3659651279449463,9,1,0,1,0.49256885051727295,0.2828400135040283,0.08312511444091797,0.22713944060108054,worker1,0.2828400135040283,0.0,0.0
497,1,0.35767412185668945,9,1,0,1,0.9001811146736145,0.27472996711730957,0.08294415473937988,0.231898674438106,worker1,0.27472996711730957,0.0,0.0
498,1,0.35982656478881836,7,7,1,1,0.9996211528778076,0.27610206604003906,0.0837244987487793,0.23268014910993876,worker1,0.27610206604003906,0.0,0.0
499,1,0.4883272647857666,2,8,0,2,0.8322958946228027,0.348921537399292,0.1394057273864746,0.2854760269173852,worker1->worker2,0.2732858657836914,0.07563567161560059,0.0
500,1,0.2679314613342285,5,3,0,0,0.6745519638061523,0.18494439125061035,0.08298707008361816,0.3097324579590776,worker1,0.18494439125061035,0.0,0.0
501,1,0.27243661880493164,9,9,1,0,0.8867653608322144,0.18938398361206055,0.0830526351928711,0.30485121844922736,worker1,0.18938398361206055,0.0,0.0
502,1,0.2694051265716553,0,0,1,0,0.7988569736480713,0.18636083602905273,0.08304429054260254,0.30825059492887846,worker1,0.18636083602905273,0.0,0.0
503,1,0.27054405212402344,0,8,0,0,0.7103809118270874,0.18741273880004883,0.08313131332397461,0.30727459233095744,worker1,0.18741273880004883,0.0,0.0
504,1,0.27496838569641113,6,6,1,0,0.9470562934875488,0.1918041706085205,0.08316421508789062,0.3024500975894411,worker1,0.1918041706085205,0.0,0.0
505,1,0.6795692443847656,7,0,0,3,0.7059827446937561,0.4961569309234619,0.1834123134613037,0.26989495916248,worker1->worker2->worker3,0.275707483291626,0.09668707847595215,0.12376236915588379
506,1,0.26976847648620605,6,2,0,0,0.9880924820899963,0.18688368797302246,0.0828847885131836,0.3072441583715646,worker1,0.18688368797302246,0.0,0.0
507,1,0.26776123046875,3,3,1,0,0.7258432507514954,0.18604636192321777,0.08171486854553223,0.305178118589013,worker1,0.18604636192321777,0.0,0.0
508,1,0.3672184944152832,9,9,1,1,0.7362514734268188,0.2854478359222412,0.08177065849304199,0.2226757631672235,worker1,0.2854478359222412,0.0,0.0
509,1,0.3585636615753174,6,2,0,1,0.9805353283882141,0.2752647399902344,0.08329892158508301,0.23231278155493126,worker1,0.2752647399902344,0.0,0.0
510,1,0.35471200942993164,4,4,1,1,0.8737890124320984,0.2712531089782715,0.08345890045166016,0.2352863681886313,worker1,0.2712531089782715,0.0,0.0
511,1,0.27075767517089844,9,9,1,0,0.9814460873603821,0.18750905990600586,0.08324861526489258,0.30746539396287553,worker1,0.18750905990600586,0.0,0.0
512,1,0.3589208126068115,9,9,1,1,0.8224159479141235,0.27570199966430664,0.08321881294250488,0.2318584211879319,worker1,0.27570199966430664,0.0,0.0
513,1,0.26843762397766113,3,3,1,0,0.7348867058753967,0.18573904037475586,0.08269858360290527,0.3080737430822562,worker1,0.18573904037475586,0.0,0.0
514,1,0.3642592430114746,4,4,1,1,0.9539914727210999,0.2821464538574219,0.08211278915405273,0.2254240372191903,worker1,0.2821464538574219,0.0,0.0
515,1,0.3568081855773926,3,0,0,1,0.7230833768844604,0.27425670623779297,0.08255147933959961,0.23136094595479506,worker1,0.27425670623779297,0.0,0.0
516,1,0.4953606128692627,2,2,1,2,0.7768138647079468,0.35677409172058105,0.13858652114868164,0.2797689552787635,worker1->worker2,0.27744269371032715,0.0793313980102539,0.0
517,1,0.3590257167816162,4,4,1,1,0.9861211180686951,0.27601099014282227,0.08301472663879395,0.23122222937943226,worker1,0.27601099014282227,0.0,0.0
518,1,0.2709197998046875,2,2,1,0,0.8716019988059998,0.1876523494720459,0.0832674503326416,0.3073509222754154,worker1,0.1876523494720459,0.0,0.0
519,1,0.36093783378601074,8,0,0,1,0.5731087923049927,0.27864813804626465,0.0822896957397461,0.22798855657933936,worker1,0.27864813804626465,0.0,0.0
520,1,0.5259881019592285,5,5,1,2,0.939880907535553,0.38181042671203613,0.14417767524719238,0.274108244483386,worker1->worker2,0.2737290859222412,0.10808134078979492,0.0
521,1,0.36601805686950684,3,3,1,1,0.6952878832817078,0.2816202640533447,0.08439779281616211,0.23058368632958376,worker1,0.2816202640533447,0.0,0.0
522,1,0.3585073947906494,3,7,0,1,0.7802218198776245,0.2749907970428467,0.08351659774780273,0.23295641585460825,worker1,0.2749907970428467,0.0,0.0
523,1,0.2807464599609375,9,1,0,0,0.9911419153213501,0.19763660430908203,0.08310985565185547,0.2960317136800913,worker1,0.19763660430908203,0.0,0.0
524,1,0.3646423816680908,3,3,1,1,0.7918968796730042,0.2825753688812256,0.08206701278686523,0.2250616409739372,worker1,0.2825753688812256,0.0,0.0
525,1,0.35738110542297363,8,8,1,1,0.991824209690094,0.27414822578430176,0.08323287963867188,0.23289669872211827,worker1,0.27414822578430176,0.0,0.0
526,1,0.265230655670166,7,7,1,0,0.9789589047431946,0.18335628509521484,0.08187437057495117,0.3086912045218786,worker1,0.18335628509521484,0.0,0.0
527,1,0.2727475166320801,8,8,1,0,0.9689936637878418,0.19060087203979492,0.08214664459228516,0.30118200747211943,worker1,0.19060087203979492,0.0,0.0
528,1,0.2706000804901123,3,3,1,0,0.9115508794784546,0.185410737991333,0.0851893424987793,0.3148163974840063,worker1,0.185410737991333,0.0,0.0
529,1,0.2733883857727051,8,8,1,0,0.8807522058486938,0.19074487686157227,0.08264350891113281,0.3022934155653656,worker1,0.19074487686157227,0.0,0.0
530,1,0.26785898208618164,6,6,1,0,0.9686583280563354,0.18660998344421387,0.08124899864196777,0.3033275121452769,worker1,0.18660998344421387,0.0,0.0
531,1,0.36216044425964355,7,7,1,1,0.8310999274253845,0.27887439727783203,0.08328604698181152,0.22997002655016982,worker1,0.27887439727783203,0.0,0.0
532,1,0.4911031723022461,2,8,0,2,0.8764599561691284,0.3505136966705322,0.14058947563171387,0.2862727906493527,worker1->worker2,0.27370333671569824,0.07681035995483398,0.0
533,1,0.2723984718322754,4,2,0,0,0.7836918830871582,0.18981623649597168,0.08258223533630371,0.3031670287311754,worker1,0.18981623649597168,0.0,0.0
534,1,0.49170875549316406,8,8,1,2,0.986078143119812,0.3540639877319336,0.13764476776123047,0.2799314964875464,worker1->worker2,0.278855562210083,0.07520842552185059,0.0
535,1,0.26903390884399414,0,0,1,0,0.6918227672576904,0.18555712699890137,0.08347678184509277,0.3102834962469315,worker1,0.18555712699890137,0.0,0.0
536,1,0.5375187397003174,3,5,0,2,0.8582600355148315,0.3944380283355713,0.1430807113647461,0.26618739180054973,worker1->worker2,0.28061461448669434,0.11382341384887695,0.0
537,1,0.4941220283508301,6,2,0,2,0.9991177916526794,0.35445213317871094,0.13966989517211914,0.282662757696268,worker1->worker2,0.27571606636047363,0.0787360668182373,0.0
538,1,0.6811044216156006,8,8,1,3,0.8226637244224548,0.506070613861084,0.1750338077545166,0.2569852759718268,worker1->worker2->worker3,0.2899467945098877,0.0764322280883789,0.13969159126281738
539,1,0.2678093910217285,3,3,1,0,0.8337819576263428,0.1847705841064453,0.0830388069152832,0.31006682252059603,worker1,0.1847705841064453,0.0,0.0
540,1,0.37539052963256836,7,7,1,1,0.5771662592887878,0.29224061965942383,0.08314990997314453,0.22150241790737643,worker1,0.29224061965942383,0.0,0.0
541,1,0.26868724822998047,2,2,1,0,0.9032521843910217,0.18569540977478027,0.0829918384552002,0.30887896244396407,worker1,0.18569540977478027,0.0,0.0
542,1,0.26998329162597656,8,8,1,0,0.9971152544021606,0.18635153770446777,0.08363175392150879,0.3097664059795548,worker1,0.18635153770446777,0.0,0.0
543,1,0.49210429191589355,2,2,1,2,0.9981995820999146,0.3540024757385254,0.13810181617736816,0.28063526054548493,worker1->worker2,0.2783346176147461,0.0756678581237793,0.0
544,1,0.2699711322784424,4,4,1,0,0.8292231559753418,0.1879289150238037,0.08204221725463867,0.3038925553344796,worker1,0.1879289150238037,0.0,0.0
545,1,0.36443114280700684,3,6,0,1,0.7715768814086914,0.2812824249267578,0.08314871788024902,0.2281602972781127,worker1,0.2812824249267578,0.0,0.0
546,1,0.26648497581481934,6,6,1,0,0.783084511756897,0.18324065208435059,0.08324432373046875,0.31237905054848314,worker1,0.18324065208435059,0.0,0.0
547,1,0.2726914882659912,4,4,1,0,0.9673702120780945,0.1900622844696045,0.08262920379638672,0.3030135055619623,worker1,0.1900622844696045,0.0,0.0
548,1,0.37581610679626465,1,1,1,1,0.9974896907806396,0.2914083003997803,0.08440780639648438,0.22459869300450996,worker1,0.2914083003997803,0.0,0.0
549,1,0.2704343795776367,7,7,1,0,0.987514078617096,0.1868135929107666,0.08362078666687012,0.3092091574949484,worker1,0.1868135929107666,0.0,0.0
550,1,0.27106356620788574,9,9,1,0,0.8816770911216736,0.18831491470336914,0.0827486515045166,0.30527397194005224,worker1,0.18831491470336914,0.0,0.0
551,1,0.6380720138549805,2,2,1,3,0.9264647364616394,0.4643402099609375,0.17373180389404297,0.27227616965117096,worker1->worker2->worker3,0.2816507816314697,0.0800318717956543,0.10265755653381348
552,1,0.35735177993774414,7,7,1,1,0.9515343904495239,0.27513599395751953,0.08221578598022461,0.23006961374180868,worker1,0.27513599395751953,0.0,0.0
553,1,0.2645132541656494,9,9,1,0,0.9742995500564575,0.18281936645507812,0.08169388771057129,0.3088461028853061,worker1,0.18281936645507812,0.0,0.0
554,1,0.36443519592285156,3,4,0,1,0.9144152998924255,0.2823624610900879,0.08207273483276367,0.22520529232894923,worker1,0.2823624610900879,0.0,0.0
555,1,0.26767992973327637,0,0,1,0,0.8494774103164673,0.18452739715576172,0.08315253257751465,0.31064164078483625,worker1,0.18452739715576172,0.0,0.0
556,1,0.27664780616760254,2,4,0,0,0.5764104127883911,0.19341659545898438,0.08323121070861816,0.3008562108683193,worker1,0.19341659545898438,0.0,0.0
557,1,0.27349424362182617,9,9,1,0,0.9991193413734436,0.19052720069885254,0.08296704292297363,0.3033593754086328,worker1,0.19052720069885254,0.0,0.0
558,1,0.3692312240600586,8,8,1,1,0.6706438064575195,0.28624486923217773,0.08298635482788086,0.22475443413307436,worker1,0.28624486923217773,0.0,0.0
559,1,0.36136698722839355,4,4,1,1,0.745963454246521,0.2782461643218994,0.08312082290649414,0.23001775437212135,worker1,0.2782461643218994,0.0,0.0
560,1,0.6618595123291016,0,0,1,3,0.8180358409881592,0.48668336868286133,0.17517614364624023,0.26467269924064496,worker1->worker2->worker3,0.28592562675476074,0.0778038501739502,0.12295389175415039
561,1,0.27505016326904297,2,2,1,0,0.7927160263061523,0.19167065620422363,0.08337950706481934,0.30314291063794374,worker1,0.19167065620422363,0.0,0.0
562,1,0.27304625511169434,0,2,0,0,0.6834837198257446,0.1899569034576416,0.08308935165405273,0.30430504025797234,worker1,0.1899569034576416,0.0,0.0
563,1,0.27362656593322754,1,1,1,0,0.9651023745536804,0.19056200981140137,0.08306455612182617,0.3035690479779519,worker1,0.19056200981140137,0.0,0.0
564,1,0.49699950218200684,9,9,1,2,0.9984868764877319,0.35759496688842773,0.1394045352935791,0.28049230367745437,worker1->worker2,0.27820372581481934,0.0793912410736084,0.0
565,1,0.3635716438293457,2,2,1,1,0.7710504531860352,0.28142571449279785,0.08214592933654785,0.22594151862708453,worker1,0.28142571449279785,0.0,0.0
566,1,0.35611987113952637,5,5,1,1,0.9634935259819031,0.27249646186828613,0.08362340927124023,0.2348181498652652,worker1,0.27249646186828613,0.0,0.0
567,1,0.26453304290771484,7,3,0,0,0.8207148909568787,0.1820201873779297,0.08251285552978516,0.311918899139457,worker1,0.1820201873779297,0.0,0.0
568,1,0.27520108222961426,8,8,1,0,0.5340859889984131,0.19211483001708984,0.08308625221252441,0.30191106640780335,worker1,0.19211483001708984,0.0,0.0
569,1,0.6660807132720947,3,0,0,3,0.9282718300819397,0.4912858009338379,0.17479491233825684,0.2624230199964564,worker1->worker2->worker3,0.28127408027648926,0.10924601554870605,0.10076570510864258
570,1,0.3601267337799072,6,2,0,1,0.9784247875213623,0.2771871089935303,0.08293962478637695,0.2303067698302726,worker1,0.2771871089935303,0.0,0.0
571,1,0.2660648822784424,2,3,0,0,0.756534993648529,0.1826338768005371,0.08343100547790527,0.31357391010585534,worker1,0.1826338768005371,0.0,0.0
572,1,0.36030125617980957,6,2,0,1,0.7833697199821472,0.2769598960876465,0.08334136009216309,0.2313102123922968,worker1,0.2769598960876465,0.0,0.0
573,1,0.35621213912963867,9,9,1,1,0.9774991273880005,0.273266077041626,0.0829460620880127,0.23285579848761295,worker1,0.273266077041626,0.0,0.0
574,1,0.2643418312072754,6,6,1,0,0.7736492156982422,0.18097186088562012,0.08336997032165527,0.3153869742858947,worker1,0.18097186088562012,0.0,0.0
575,1,0.2682833671569824,7,3,0,0,0.5076311230659485,0.18578672409057617,0.08249664306640625,0.3074981648718254,worker1,0.18578672409057617,0.0,0.0
576,1,0.2704133987426758,7,7,1,0,0.9164149761199951,0.1874408721923828,0.08297252655029297,0.3068358555311428,worker1,0.1874408721923828,0.0,0.0
577,1,0.49918508529663086,4,2,0,2,0.6090767979621887,0.3573296070098877,0.14185547828674316,0.28417411189769093,worker1->worker2,0.27754998207092285,0.07977962493896484,0.0
578,1,0.2690742015838623,0,0,1,0,0.6934736371040344,0.18503451347351074,0.08403968811035156,0.31232904386843985,worker1,0.18503451347351074,0.0,0.0
579,1,0.4979257583618164,1,0,0,2,0.7398634552955627,0.3591129779815674,0.13881278038024902,0.27878208357194706,worker1->worker2,0.2806072235107422,0.0785057544708252,0.0
580,1,0.2726290225982666,1,1,1,0,0.7584136128425598,0.18982720375061035,0.08280181884765625,0.30371608297062763,worker1,0.18982720375061035,0.0,0.0
581,1,0.3573930263519287,9,8,0,1,0.9635308980941772,0.2743992805480957,0.08299374580383301,0.23221982435132404,worker1,0.2743992805480957,0.0,0.0
582,1,0.35462093353271484,8,8,1,1,0.99901282787323,0.271634578704834,0.08298635482788086,0.23401425855257674,worker1,0.271634578704834,0.0,0.0
583,1,0.3553488254547119,4,4,1,1,0.9510788917541504,0.27225637435913086,0.08309245109558105,0.23383347613223202,worker1,0.27225637435913086,0.0,0.0
584,1,0.3562612533569336,5,7,0,1,0.9590764045715332,0.27317214012145996,0.08308911323547363,0.23322523135073495,worker1,0.27317214012145996,0.0,0.0
585,1,0.3540027141571045,5,5,1,1,0.7513871788978577,0.27086949348449707,0.08313322067260742,0.23483780589239592,worker1,0.27086949348449707,0.0,0.0
586,1,0.2638683319091797,7,2,0,0,0.9204412698745728,0.1808147430419922,0.0830535888671875,0.3147539087630021,worker1,0.1808147430419922,0.0,0.0
587,1,0.3615415096282959,6,6,1,1,0.7209840416908264,0.2786107063293457,0.0829308032989502,0.2293811390681311,worker1,0.2786107063293457,0.0,0.0
588,1,0.2683224678039551,0,1,0,0,0.8130422234535217,0.18515634536743164,0.08316612243652344,0.3099484106462797,worker1,0.18515634536743164,0.0,0.0
589,1,0.26827025413513184,5,5,1,0,0.8281877040863037,0.1852889060974121,0.08298134803771973,0.3093199740136704,worker1,0.1852889060974121,0.0,0.0
590,1,0.362133264541626,8,8,1,1,0.9521461129188538,0.2786252498626709,0.08350801467895508,0.230600231615442,worker1,0.2786252498626709,0.0,0.0
591,1,0.35416674613952637,6,6,1,1,0.9815388321876526,0.2710113525390625,0.08315539360046387,0.23479164689195367,worker1,0.2710113525390625,0.0,0.0
592,1,0.5191264152526855,6,2,0,2,0.47634804248809814,0.37648439407348633,0.14264202117919922,0.2747731900904484,worker1->worker2,0.2856638431549072,0.0908205509185791,0.0
593,1,0.363720178604126,0,0,1,1,0.9954577684402466,0.2805976867675781,0.08312249183654785,0.2285341774425405,worker1,0.2805976867675781,0.0,0.0
594,1,0.26630330085754395,2,2,1,0,0.8910220265388489,0.1832592487335205,0.08304405212402344,0.3118401155997948,worker1,0.1832592487335205,0.0,0.0
595,1,0.2707998752593994,6,6,1,0,0.7273893356323242,0.18779325485229492,0.08300662040710449,0.30652385023291606,worker1,0.18779325485229492,0.0,0.0
596,1,0.27214932441711426,8,8,1,0,0.9781683087348938,0.18907570838928223,0.08307361602783203,0.3052501276854461,worker1,0.18907570838928223,0.0,0.0
597,1,0.2696080207824707,9,9,1,0,0.9989878535270691,0.186445951461792,0.08316206932067871,0.3084554720565113,worker1,0.186445951461792,0.0,0.0
598,1,0.36217355728149414,0,8,0,1,0.6513670086860657,0.2786712646484375,0.08350229263305664,0.2305587775646351,worker1,0.2786712646484375,0.0,0.0
599,1,0.3587961196899414,6,2,0,1,0.767961323261261,0.2758040428161621,0.0829920768737793,0.23130706359226527,worker1,0.2758040428161621,0.0,0.0
600,1,0.26798367500305176,1,1,1,0,0.5372281670570374,0.18482089042663574,0.08316278457641602,0.3103278010329136,worker1,0.18482089042663574,0.0,0.0
601,1,0.26981449127197266,8,8,1,0,0.9828153252601624,0.18641066551208496,0.0834038257598877,0.30911544211988506,worker1,0.18641066551208496,0.0,0.0
602,1,0.2714667320251465,1,1,1,0,0.9926403164863586,0.18845248222351074,0.08301424980163574,0.3057989801636024,worker1,0.18845248222351074,0.0,0.0
603,1,0.361314058303833,3,7,0,1,0.5928698778152466,0.27820563316345215,0.08310842514038086,0.23001713669965773,worker1,0.27820563316345215,0.0,0.0
604,1,0.2705543041229248,6,2,0,0,0.753976047039032,0.18765664100646973,0.08289766311645508,0.3063993507151562,worker1,0.18765664100646973,0.0,0.0
605,1,0.3634929656982422,0,0,1,1,0.9785587787628174,0.28047633171081543,0.08301663398742676,0.22838580611307885,worker1,0.28047633171081543,0.0,0.0
606,1,0.36414003372192383,0,0,1,1,0.7364991307258606,0.28079891204833984,0.08334112167358398,0.22887107693637326,worker1,0.28079891204833984,0.0,0.0
607,1,0.270082950592041,4,2,0,0,0.8332354426383972,0.18659043312072754,0.08349251747131348,0.3091365718876069,worker1,0.18659043312072754,0.0,0.0
608,1,0.27059221267700195,6,6,1,0,0.9430091977119446,0.18783068656921387,0.08276152610778809,0.30585331813143535,worker1,0.18783068656921387,0.0,0.0
609,1,0.3662259578704834,2,2,1,1,0.8753125667572021,0.2831237316131592,0.08310222625732422,0.22691517209906104,worker1,0.2831237316131592,0.0,0.0
610,1,0.2699923515319824,8,0,0,0,0.6154959201812744,0.18776464462280273,0.08222770690917969,0.3045556899764224,worker1,0.18776464462280273,0.0,0.0
611,1,0.36937522888183594,4,4,1,1,0.9262468218803406,0.28629136085510254,0.0830838680267334,0.22493080621091713,worker1,0.28629136085510254,0.0,0.0
612,1,0.3576679229736328,3,6,0,1,0.6629179120063782,0.27451515197753906,0.08315277099609375,0.2324859615723039,worker1,0.27451515197753906,0.0,0.0
613,1,0.2671842575073242,1,1,1,0,0.9697999954223633,0.18454837799072266,0.08263587951660156,0.30928423810424643,worker1,0.18454837799072266,0.0,0.0
614,1,0.2703125476837158,1,1,1,0,0.998234748840332,0.18749332427978516,0.08281922340393066,0.3063832001644068,worker1,0.18749332427978516,0.0,0.0
615,1,0.2699587345123291,7,9,0,0,0.9097853899002075,0.1865227222442627,0.0834360122680664,0.309069504340323,worker1,0.1865227222442627,0.0,0.0
616,1,0.3641681671142578,3,3,1,1,0.9942703247070312,0.28128671646118164,0.08288145065307617,0.22759114644710862,worker1,0.28128671646118164,0.0,0.0
617,1,0.3542447090148926,1,1,1,1,0.9917516112327576,0.271237850189209,0.0830068588256836,0.23432067357199104,worker1,0.271237850189209,0.0,0.0
618,1,0.2636141777038574,7,7,1,0,0.9970554113388062,0.18089795112609863,0.08271622657775879,0.3137776097561858,worker1,0.18089795112609863,0.0,0.0
619,1,0.36083459854125977,5,5,1,1,0.6283237338066101,0.278933048248291,0.08190155029296875,0.22697809640225974,worker1,0.278933048248291,0.0,0.0
620,1,0.35607481002807617,9,9,1,1,0.7762874960899353,0.2731649875640869,0.08290982246398926,0.2328438298048994,worker1,0.2731649875640869,0.0,0.0
621,1,0.2661705017089844,4,4,1,0,0.9064950346946716,0.1827867031097412,0.08338379859924316,0.3132721246864923,worker1,0.1827867031097412,0.0,0.0
622,1,0.28081536293029785,9,9,1,0,0.811642587184906,0.19792604446411133,0.08288931846618652,0.29517373124190777,worker1,0.19792604446411133,0.0,0.0
623,1,0.27146029472351074,7,7,1,0,0.9981822967529297,0.1887211799621582,0.08273911476135254,0.3047926948050522,worker1,0.1887211799621582,0.0,0.0
624,1,0.2752110958099365,4,4,1,0,0.9762536883354187,0.1923356056213379,0.08287549018859863,0.3011342618461621,worker1,0.1923356056213379,0.0,0.0
625,1,0.27145862579345703,8,8,1,0,0.984413743019104,0.18819355964660645,0.08326506614685059,0.3067320697711184,worker1,0.18819355964660645,0.0,0.0
626,1,0.5279946327209473,7,7,1,2,0.9941245913505554,0.38543057441711426,0.142564058303833,0.2700104309188691,worker1->worker2,0.2790048122406006,0.10642576217651367,0.0
627,1,0.3620932102203369,3,7,0,1,0.8185133934020996,0.27911376953125,0.08297944068908691,0.22916596706851586,worker1,0.27911376953125,0.0,0.0
628,1,0.2711315155029297,5,4,0,0,0.9195156693458557,0.18816137313842773,0.08297014236450195,0.30601437907577156,worker1,0.18816137313842773,0.0,0.0
629,1,0.2735121250152588,6,6,1,0,0.9920486807823181,0.1903367042541504,0.0831754207611084,0.30410140229237803,worker1,0.1903367042541504,0.0,0.0
630,1,0.2726774215698242,8,8,1,0,0.9005711674690247,0.18951773643493652,0.0831596851348877,0.30497459106122976,worker1,0.18951773643493652,0.0,0.0
631,1,0.27169108390808105,4,5,0,0,0.8758665919303894,0.188917875289917,0.08277320861816406,0.3046592748923922,worker1,0.188917875289917,0.0,0.0
632,1,0.2703855037689209,4,4,1,0,0.9656751155853271,0.18738269805908203,0.08300280570983887,0.3069794961373943,worker1,0.18738269805908203,0.0,0.0
633,1,0.36499452590942383,8,0,0,1,0.779316782951355,0.2821376323699951,0.08285689353942871,0.2270085923425336,worker1,0.2821376323699951,0.0,0.0
634,1,0.2705683708190918,0,0,1,0,0.6996145248413086,0.1871623992919922,0.08340597152709961,0.3082620901866861,worker1,0.1871623992919922,0.0,0.0
635,1,0.270122766494751,8,8,1,0,0.9881356954574585,0.18703198432922363,0.08309078216552734,0.3076037730686501,worker1,0.18703198432922363,0.0,0.0
636,1,0.36652684211730957,2,2,1,1,0.8981663584709167,0.28337764739990234,0.08314919471740723,0.2268570406387719,worker1,0.28337764739990234,0.0,0.0
637,1,0.26585865020751953,7,7,1,0,0.9954715967178345,0.18285536766052246,0.08300328254699707,0.31220832003099297,worker1,0.18285536766052246,0.0,0.0
638,1,0.36593127250671387,5,3,0,1,0.8807210326194763,0.28269410133361816,0.0832371711730957,0.22746667865498849,worker1,0.28269410133361816,0.0,0.0
639,1,0.2708282470703125,1,9,0,0,0.670065701007843,0.18919682502746582,0.08163142204284668,0.3014139881120063,worker1,0.18919682502746582,0.0,0.0
640,1,0.4993772506713867,3,0,0,2,0.8456650972366333,0.3609614372253418,0.13841581344604492,0.2771768502869365,worker1->worker2,0.28016161918640137,0.08079981803894043,0.0
641,1,0.361112117767334,4,4,1,1,0.8876578211784363,0.2785642147064209,0.08254790306091309,0.22859355584987331,worker1,0.2785642147064209,0.0,0.0
642,1,0.3591151237487793,6,2,0,1,0.9012580513954163,0.27596116065979004,0.08315396308898926,0.23155238415177415,worker1,0.27596116065979004,0.0,0.0
643,1,0.26876115798950195,5,7,0,0,0.5271373391151428,0.18558335304260254,0.08317780494689941,0.30948595983556676,worker1,0.18558335304260254,0.0,0.0
644,1,0.3625941276550293,4,4,1,1,0.983470618724823,0.2793717384338379,0.0832223892211914,0.22951940716582392,worker1,0.2793717384338379,0.0,0.0
645,1,0.359691858291626,5,5,1,1,0.9939941763877869,0.2764854431152344,0.0832064151763916,0.2313269351482809,worker1,0.2764854431152344,0.0,0.0
646,1,0.5184280872344971,2,2,1,2,0.885890781879425,0.3759024143218994,0.14252567291259766,0.27491888734826586,worker1->worker2,0.2753894329071045,0.10051298141479492,0.0
647,1,0.27379798889160156,1,1,1,0,0.8194622993469238,0.1909167766571045,0.08288121223449707,0.3027093536005127,worker1,0.1909167766571045,0.0,0.0
648,1,0.26839256286621094,9,1,0,0,0.5235536098480225,0.1857166290283203,0.08267593383789062,0.3080410759336247,worker1,0.1857166290283203,0.0,0.0
649,1,0.3626067638397217,3,3,1,1,0.9951347708702087,0.2795686721801758,0.0830380916595459,0.22900315145872496,worker1,0.2795686721801758,0.0,0.0
650,1,0.26854538917541504,0,0,1,0,0.8217611908912659,0.18563389778137207,0.08291149139404297,0.30874293410371983,worker1,0.18563389778137207,0.0,0.0
651,1,0.3618912696838379,9,1,0,1,0.9753615856170654,0.2787315845489502,0.0831596851348877,0.2297919074078222,worker1,0.2787315845489502,0.0,0.0
652,1,0.2648136615753174,6,6,1,0,0.934094250202179,0.1820077896118164,0.08280587196350098,0.3126948642713798,worker1,0.1820077896118164,0.0,0.0
653,1,0.36906933784484863,3,3,1,1,0.9157276153564453,0.2871572971343994,0.08191204071044922,0.22194214558372186,worker1,0.2871572971343994,0.0,0.0
654,1,0.2671365737915039,6,6,1,0,0.8463597893714905,0.18424439430236816,0.08289217948913574,0.3102988793808213,worker1,0.18424439430236816,0.0,0.0
655,1,0.3633310794830322,6,6,1,1,0.9997320771217346,0.2803051471710205,0.08302593231201172,0.22851315783429718,worker1,0.2803051471710205,0.0,0.0
656,1,0.26714205741882324,5,5,1,0,0.8924344182014465,0.18427729606628418,0.08286476135253906,0.31018987482987126,worker1,0.18427729606628418,0.0,0.0
657,1,0.27170825004577637,0,0,1,0,0.942464292049408,0.18879175186157227,0.0829164981842041,0.3051673924889459,worker1,0.18879175186157227,0.0,0.0
658,1,0.2704789638519287,9,9,1,0,0.9973704814910889,0.18712687492370605,0.08335208892822266,0.3081647745953841,worker1,0.18712687492370605,0.0,0.0
659,1,0.27035069465637207,6,2,0,0,0.8138397336006165,0.18729496002197266,0.08305573463439941,0.3072148001689694,worker1,0.18729496002197266,0.0,0.0
660,1,0.2720468044281006,9,9,1,0,0.9112480878829956,0.18909859657287598,0.08294820785522461,0.304904180108269,worker1,0.18909859657287598,0.0,0.0
661,1,0.36469602584838867,9,9,1,1,0.9990884065628052,0.2815418243408203,0.08315420150756836,0.22800961791159524,worker1,0.2815418243408203,0.0,0.0
662,1,0.3571596145629883,0,1,0,1,0.9133583307266235,0.274167537689209,0.0829920768737793,0.2323669124106497,worker1,0.274167537689209,0.0,0.0
663,1,0.35853075981140137,3,3,1,1,0.9582280516624451,0.2753899097442627,0.08314085006713867,0.23189321360006437,worker1,0.2753899097442627,0.0,0.0
664,1,0.35841941833496094,2,2,1,1,0.9592163562774658,0.27503418922424316,0.08338522911071777,0.23264707447516164,worker1,0.27503418922424316,0.0,0.0
665,1,0.3597888946533203,5,5,1,1,0.575481653213501,0.27690744400024414,0.08288145065307617,0.23036133656359173,worker1,0.27690744400024414,0.0,0.0
666,1,0.35567545890808105,6,6,1,1,0.7821489572525024,0.27258896827697754,0.08308649063110352,0.23360197773042296,worker1,0.27258896827697754,0.0,0.0
667,1,0.3584725856781006,3,5,0,1,0.8273095488548279,0.2752244472503662,0.08324813842773438,0.23223013907816403,worker1,0.2752244472503662,0.0,0.0
668,1,0.2684352397918701,1,9,0,0,0.8425337672233582,0.1855158805847168,0.08291935920715332,0.30889893320804085,worker1,0.1855158805847168,0.0,0.0
669,1,0.2695174217224121,8,8,1,0,0.9259387850761414,0.18638896942138672,0.08312845230102539,0.3084344298404689,worker1,0.18638896942138672,0.0,0.0
670,1,0.2746894359588623,8,8,1,0,0.7053479552268982,0.19203448295593262,0.08265495300292969,0.3009032826996236,worker1,0.19203448295593262,0.0,0.0
671,1,0.35955357551574707,2,8,0,1,0.8176841139793396,0.27671122550964355,0.08284235000610352,0.2304033547358656,worker1,0.27671122550964355,0.0,0.0
672,1,0.35753846168518066,4,4,1,1,0.9881261587142944,0.27362751960754395,0.08391094207763672,0.23469067266816704,worker1,0.27362751960754395,0.0,0.0
673,1,0.26613712310791016,7,7,1,0,0.9227778315544128,0.18340444564819336,0.0827326774597168,0.3108648522745597,worker1,0.18340444564819336,0.0,0.0
674,1,0.36345815658569336,5,5,1,1,0.9622870087623596,0.2788369655609131,0.08462119102478027,0.23282237443701154,worker1,0.2788369655609131,0.0,0.0
675,1,0.2659926414489746,8,8,1,0,0.9219440817832947,0.18286728858947754,0.08312535285949707,0.3125099717295864,worker1,0.18286728858947754,0.0,0.0
676,1,0.27481675148010254,1,1,1,0,0.9988794922828674,0.1919715404510498,0.08284521102905273,0.30145619065383267,worker1,0.1919715404510498,0.0,0.0
677,1,0.26891064643859863,4,7,0,0,0.9072067737579346,0.1862788200378418,0.08263182640075684,0.30728358097798286,worker1,0.1862788200378418,0.0,0.0
678,1,0.27749037742614746,3,4,0,0,0.9081926941871643,0.19436120986938477,0.0831291675567627,0.2995749558158537,worker1,0.19436120986938477,0.0,0.0
679,1,0.5072572231292725,5,3,0,2,0.7671732306480408,0.36456894874572754,0.14268827438354492,0.2812937260967921,worker1->worker2,0.28227925300598145,0.0822896957397461,0.0
680,1,0.3601973056793213,4,4,1,1,0.990632176399231,0.27724242210388184,0.08295488357543945,0.23030400912907728,worker1,0.27724242210388184,0.0,0.0
681,1,0.35718202590942383,3,3,1,1,0.8992002606391907,0.27405261993408203,0.0831294059753418,0.2327368118921589,worker1,0.27405261993408203,0.0,0.0
682,1,0.4923672676086426,4,4,1,2,0.9888448119163513,0.35259461402893066,0.13977265357971191,0.28387884974272903,worker1->worker2,0.2752573490142822,0.07733726501464844,0.0
683,1,0.26971864700317383,4,4,1,0,0.7983118295669556,0.18665242195129395,0.08306622505187988,0.3079736087023395,worker1,0.18665242195129395,0.0,0.0
684,1,0.27051496505737305,5,3,0,0,0.8856046199798584,0.18778371810913086,0.08273124694824219,0.3058287253376014,worker1,0.18778371810913086,0.0,0.0
685,1,0.26996493339538574,7,7,1,0,0.9836546778678894,0.1871342658996582,0.08283066749572754,0.3068200986474612,worker1,0.1871342658996582,0.0,0.0
686,1,0.3628416061401367,8,8,1,1,0.9998879432678223,0.27958059310913086,0.08326101303100586,0.2294693100847117,worker1,0.27958059310913086,0.0,0.0
687,1,0.26641011238098145,1,1,1,0,0.581649124622345,0.18340373039245605,0.08300638198852539,0.31157369082830305,worker1,0.18340373039245605,0.0,0.0
688,1,0.2720041275024414,8,8,1,0,0.9797742962837219,0.18903684616088867,0.08296728134155273,0.30502214103647396,worker1,0.18903684616088867,0.0,0.0
689,1,0.2698698043823242,3,3,1,0,0.7481593489646912,0.18702316284179688,0.08284664154052734,0.3069874442979868,worker1,0.18702316284179688,0.0,0.0
690,1,0.27160024642944336,0,0,1,0,0.5747271776199341,0.18662047386169434,0.08497977256774902,0.31288547666993805,worker1,0.18662047386169434,0.0,0.0
691,1,0.36422181129455566,4,4,1,1,0.9168003797531128,0.2810962200164795,0.08312559127807617,0.22822793336462308,worker1,0.2810962200164795,0.0,0.0
692,1,0.3599677085876465,4,4,1,1,0.9994934797286987,0.2766122817993164,0.08335542678833008,0.23156362306880185,worker1,0.2766122817993164,0.0,0.0
693,1,0.356245756149292,6,6,1,1,0.9919710159301758,0.27315306663513184,0.08309268951416016,0.23324541578353142,worker1,0.27315306663513184,0.0,0.0
694,1,0.3650634288787842,6,6,1,1,0.9874677658081055,0.2820289134979248,0.08303451538085938,0.2274522968128648,worker1,0.2820289134979248,0.0,0.0
695,1,0.6675670146942139,0,0,1,3,0.592857837677002,0.4869351387023926,0.1806318759918213,0.270582386510756,worker1->worker2->worker3,0.27393341064453125,0.08205413818359375,0.13094758987426758
696,1,0.2672264575958252,4,4,1,0,0.8272078633308411,0.1845545768737793,0.0826718807220459,0.30937011801086517,worker1,0.1845545768737793,0.0,0.0
697,1,0.36182379722595215,5,5,1,1,0.9959189295768738,0.27947378158569336,0.08235001564025879,0.22759701344030933,worker1,0.27947378158569336,0.0,0.0
698,1,0.620703935623169,2,2,1,3,0.7698054909706116,0.4487910270690918,0.17191290855407715,0.27696442488556405,worker1->worker2->worker3,0.2717926502227783,0.07744503021240234,0.09955334663391113
699,1,0.2681000232696533,8,0,0,0,0.805066704750061,0.18529081344604492,0.0828092098236084,0.30887431046702823,worker1,0.18529081344604492,0.0,0.0
700,1,0.36251330375671387,3,5,0,1,0.6208823323249817,0.2793254852294922,0.08318781852722168,0.229475215571812,worker1,0.2793254852294922,0.0,0.0
701,1,0.3606688976287842,9,9,1,1,0.9989739656448364,0.2777283191680908,0.08294057846069336,0.22996321281370743,worker1,0.2777283191680908,0.0,0.0
702,1,0.3592190742492676,0,0,1,1,0.6000587344169617,0.2763800621032715,0.0828390121459961,0.23060861208197658,worker1,0.2763800621032715,0.0,0.0
703,1,0.26569700241088867,1,1,1,0,0.9949172735214233,0.18252229690551758,0.0831747055053711,0.31304344704930126,worker1,0.18252229690551758,0.0,0.0
704,1,0.2720181941986084,5,5,1,0,0.9403756856918335,0.18916749954223633,0.08285069465637207,0.304577768779247,worker1,0.18916749954223633,0.0,0.0
705,1,0.2717256546020508,5,6,0,0,0.7874189019203186,0.18874168395996094,0.08298397064208984,0.3053961568833904,worker1,0.18874168395996094,0.0,0.0
706,1,0.3631889820098877,5,3,0,1,0.877532958984375,0.28006672859191895,0.08312225341796875,0.22886777279963239,worker1,0.28006672859191895,0.0,0.0
707,1,0.3591489791870117,4,4,1,1,0.7936490178108215,0.2760798931121826,0.0830690860748291,0.23129422854790957,worker1,0.2760798931121826,0.0,0.0
708,1,0.35851335525512695,4,4,1,1,0.7790113091468811,0.2754333019256592,0.08308005332946777,0.23173489107636158,worker1,0.2754333019256592,0.0,0.0
709,1,0.3554220199584961,6,6,1,1,0.9930194020271301,0.2722127437591553,0.08320927619934082,0.23411401524603756,worker1,0.2722127437591553,0.0,0.0
710,1,0.2663612365722656,4,4,1,0,0.7399641871452332,0.18342995643615723,0.0829312801361084,0.3113489079842463,worker1,0.18342995643615723,0.0,0.0
711,1,0.27257466316223145,9,9,1,0,0.9998146891593933,0.18973636627197266,0.08283829689025879,0.30391048063390597,worker1,0.18973636627197266,0.0,0.0
712,1,0.27108240127563477,4,4,1,0,0.9268711805343628,0.18779659271240234,0.08328580856323242,0.30723428806633585,worker1,0.18779659271240234,0.0,0.0
713,1,0.27280235290527344,9,9,1,0,0.7825467586517334,0.19014835357666016,0.08265399932861328,0.3029812552874632,worker1,0.19014835357666016,0.0,0.0
714,1,0.5331206321716309,2,2,1,2,0.5345557332038879,0.3888576030731201,0.14426302909851074,0.27060109925002346,worker1->worker2,0.2782113552093506,0.11064624786376953,0.0
715,1,0.26848459243774414,3,3,1,0,0.8229562640190125,0.18545150756835938,0.08303308486938477,0.30926573519721945,worker1,0.18545150756835938,0.0,0.0
716,1,0.2707517147064209,5,5,1,0,0.9461036324501038,0.18859481811523438,0.08215689659118652,0.30343998626295005,worker1,0.18859481811523438,0.0,0.0
717,1,0.6729371547698975,3,0,0,3,0.5414263606071472,0.5000970363616943,0.17284011840820312,0.2568443682787937,worker1->worker2->worker3,0.280536413192749,0.0787203311920166,0.1408402919769287
718,1,0.2715146541595459,7,7,1,0,0.9736552834510803,0.18863892555236816,0.08287572860717773,0.3052348274302674,worker1,0.18863892555236816,0.0,0.0
719,1,0.2702164649963379,0,0,1,0,0.7953104972839355,0.18725347518920898,0.0829629898071289,0.30702418451167757,worker1,0.18725347518920898,0.0,0.0
720,1,0.27074527740478516,2,4,0,0,0.7644372582435608,0.18761396408081055,0.08313131332397461,0.3070462174661937,worker1,0.18761396408081055,0.0,0.0
721,1,0.4997563362121582,6,2,0,2,0.5785545706748962,0.36150312423706055,0.13825321197509766,0.27664123885446035,worker1->worker2,0.28081846237182617,0.08068466186523438,0.0
722,1,0.3644981384277344,8,8,1,1,0.9682856202125549,0.2816145420074463,0.08288359642028809,0.2273910006174713,worker1,0.2816145420074463,0.0,0.0
723,1,0.2650895118713379,7,7,1,0,0.9217821955680847,0.18200159072875977,0.08308792114257812,0.31343345331181993,worker1,0.18200159072875977,0.0,0.0
724,1,0.3609747886657715,7,7,1,1,0.9488661885261536,0.2778170108795166,0.08315777778625488,0.23037004355240753,worker1,0.2778170108795166,0.0,0.0
725,1,0.35807299613952637,6,6,1,1,0.9758502840995789,0.274813175201416,0.08325982093811035,0.23252192104893443,worker1,0.274813175201416,0.0,0.0
726,1,0.48675537109375,3,3,1,2,0.928295373916626,0.3474750518798828,0.1392803192138672,0.2861402821316614,worker1->worker2,0.2732353210449219,0.07423973083496094,0.0
727,1,0.26780176162719727,6,5,0,0,0.754905104637146,0.1847522258758545,0.08304953575134277,0.31011571860738824,worker1,0.1847522258758545,0.0,0.0
728,1,0.2711517810821533,0,0,1,0,0.9800129532814026,0.18810391426086426,0.08304786682128906,0.306278153474962,worker1,0.18810391426086426,0.0,0.0
729,1,0.27141451835632324,3,3,1,0,0.9396432638168335,0.18880224227905273,0.08261227607727051,0.3043767760750882,worker1,0.18880224227905273,0.0,0.0
730,1,0.26984596252441406,9,9,1,0,0.7765659093856812,0.18779850006103516,0.0820474624633789,0.3040529556040911,worker1,0.18779850006103516,0.0,0.0
731,1,0.27367615699768066,1,1,1,0,0.9625325798988342,0.1909620761871338,0.08271408081054688,0.3022334196663243,worker1,0.1909620761871338,0.0,0.0
732,1,0.2700514793395996,8,8,1,0,0.8588029742240906,0.18715167045593262,0.08289980888366699,0.3069777995158377,worker1,0.18715167045593262,0.0,0.0
733,1,0.36382484436035156,9,9,1,1,0.9376912117004395,0.2807152271270752,0.08310961723327637,0.22843304552055319,worker1,0.2807152271270752,0.0,0.0
734,1,0.26409220695495605,0,8,0,0,0.762383222579956,0.18108320236206055,0.08300900459289551,0.3143182661465419,worker1,0.18108320236206055,0.0,0.0
735,1,0.35953664779663086,6,6,1,1,0.9453852772712708,0.27657580375671387,0.08296084403991699,0.23074377688152434,worker1,0.27657580375671387,0.0,0.0
736,1,0.26717686653137207,8,8,1,0,0.9996668100357056,0.18471240997314453,0.08246445655822754,0.3086511853695406,worker1,0.18471240997314453,0.0,0.0
737,1,0.2676560878753662,4,7,0,0,0.6578866839408875,0.18515896797180176,0.08249711990356445,0.3082205996449412,worker1,0.18515896797180176,0.0,0.0
738,1,0.36529064178466797,2,5,0,1,0.7079333662986755,0.28230714797973633,0.08298349380493164,0.22717114623989976,worker1,0.28230714797973633,0.0,0.0
739,1,0.522219181060791,6,6,1,2,0.9911932349205017,0.3786332607269287,0.1435859203338623,0.27495336353251953,worker1->worker2,0.2748711109161377,0.10376214981079102,0.0
740,1,0.6749939918518066,2,3,0,3,0.5793378949165344,0.4993903636932373,0.17560362815856934,0.26015583883467025,worker1->worker2->worker3,0.2753639221191406,0.0788261890411377,0.14520025253295898
741,1,0.268568754196167,6,6,1,0,0.9277701377868652,0.18568801879882812,0.08288073539733887,0.30860155584890353,worker1,0.18568801879882812,0.0,0.0
742,1,0.3623034954071045,8,8,1,1,0.7814939618110657,0.2791273593902588,0.0831761360168457,0.229575858558539,worker1,0.2791273593902588,0.0,0.0
743,1,0.3572671413421631,6,6,1,1,0.9883654117584229,0.2744138240814209,0.08285331726074219,0.2319085851261973,worker1,0.2744138240814209,0.0,0.0
744,1,0.265305757522583,4,7,0,0,0.7869745492935181,0.1822953224182129,0.08301043510437012,0.31288591653463915,worker1,0.1822953224182129,0.0,0.0
745,1,0.27326107025146484,6,6,1,0,0.9804450273513794,0.19122767448425293,0.08203339576721191,0.30020154605894567,worker1,0.19122767448425293,0.0,0.0
746,1,0.2706272602081299,3,5,0,0,0.5163794755935669,0.18765974044799805,0.08296751976013184,0.30657487976756087,worker1,0.18765974044799805,0.0,0.0
747,1,0.6300568580627441,6,2,0,3,0.5242972373962402,0.4593923091888428,0.17066454887390137,0.2708716629141203,worker1->worker2->worker3,0.27856993675231934,0.07960748672485352,0.10121488571166992
748,1,0.26763343811035156,9,9,1,0,0.9650021195411682,0.18459701538085938,0.08303642272949219,0.3102617644333901,worker1,0.18459701538085938,0.0,0.0
749,1,0.36046791076660156,4,4,1,1,0.9266934394836426,0.2778642177581787,0.08260369300842285,0.2291568556900137,worker1,0.2778642177581787,0.0,0.0
750,1,0.49212193489074707,4,3,0,2,0.8083888292312622,0.35445189476013184,0.13767004013061523,0.27974782339498544,worker1->worker2,0.2750718593597412,0.07938003540039062,0.0
751,1,0.26845216751098633,7,7,1,0,0.5444299578666687,0.18550968170166016,0.08294248580932617,0.3089656029911987,worker1,0.18550968170166016,0.0,0.0
752,1,0.3601546287536621,3,3,1,1,0.9647925496101379,0.2772636413574219,0.08289098739624023,0.23015388607690465,worker1,0.2772636413574219,0.0,0.0
753,1,0.2668776512145996,4,4,1,0,0.7852674722671509,0.18384408950805664,0.08303356170654297,0.311129693058392,worker1,0.18384408950805664,0.0,0.0
754,1,0.2691023349761963,9,1,0,0,0.8141406178474426,0.18616867065429688,0.08293366432189941,0.30818634230444486,worker1,0.18616867065429688,0.0,0.0
755,1,0.5039882659912109,7,7,1,2,0.8073718547821045,0.360485315322876,0.14350295066833496,0.2847347058489602,worker1->worker2,0.27784013748168945,0.08264517784118652,0.0
756,1,0.27341389656066895,0,0,1,0,0.9192326068878174,0.1901259422302246,0.08328795433044434,0.3046222426077865,worker1,0.1901259422302246,0.0,0.0
757,1,0.26900482177734375,6,6,1,0,0.6963979005813599,0.18584895133972168,0.08315587043762207,0.30912408888510734,worker1,0.18584895133972168,0.0,0.0
758,1,0.362598180770874,0,0,1,1,0.9962627291679382,0.2796342372894287,0.08296394348144531,0.22880408088387588,worker1,0.2796342372894287,0.0,0.0
759,1,0.3589003086090088,6,8,0,1,0.9025586247444153,0.27597570419311523,0.08292460441589355,0.23105191727832372,worker1,0.27597570419311523,0.0,0.0
760,1,0.35627198219299316,9,9,1,1,0.987031877040863,0.274245023727417,0.08202695846557617,0.2302369048519286,worker1,0.274245023727417,0.0,0.0
761,1,0.4892287254333496,2,5,0,2,0.8642203211784363,0.3502216339111328,0.1390070915222168,0.28413517910070984,worker1->worker2,0.2735018730163574,0.07671976089477539,0.0
762,1,0.26970815658569336,1,1,1,0,0.9686884880065918,0.18679213523864746,0.0829160213470459,0.3074286754865024,worker1,0.18679213523864746,0.0,0.0
763,1,0.6529333591461182,4,4,1,3,0.43469542264938354,0.4766120910644531,0.17632126808166504,0.270044814852547,worker1->worker2->worker3,0.2819793224334717,0.07730722427368164,0.1173255443572998
764,1,0.36220622062683105,3,3,1,1,0.8648666739463806,0.27902889251708984,0.08317732810974121,0.2296408050800321,worker1,0.27902889251708984,0.0,0.0
765,1,0.2683713436126709,9,9,1,0,0.9717594981193542,0.1856241226196289,0.08274722099304199,0.30833106053404713,worker1,0.1856241226196289,0.0,0.0
766,1,0.35988497734069824,3,3,1,1,0.9989534616470337,0.2779548168182373,0.08193016052246094,0.2276565171679805,worker1,0.2779548168182373,0.0,0.0
767,1,0.2664508819580078,4,4,1,0,0.8288077712059021,0.18361377716064453,0.08283710479736328,0.3108907134727303,worker1,0.18361377716064453,0.0,0.0
768,1,0.3636307716369629,9,1,0,1,0.9642066955566406,0.280566930770874,0.08306384086608887,0.22842907516368582,worker1,0.280566930770874,0.0,0.0
769,1,0.2648625373840332,4,4,1,0,0.8034778237342834,0.18230652809143066,0.08255600929260254,0.3116937944791406,worker1,0.18230652809143066,0.0,0.0
770,1,0.26938700675964355,4,4,1,0,0.8921372890472412,0.18741846084594727,0.08196854591369629,0.30427802327835163,worker1,0.18741846084594727,0.0,0.0
771,1,0.2726876735687256,4,3,0,0,0.7550343871116638,0.19013071060180664,0.08255696296691895,0.30275282298784245,worker1,0.19013071060180664,0.0,0.0
772,1,0.3592703342437744,6,6,1,1,0.8988332748413086,0.2762012481689453,0.0830690860748291,0.23121610151776276,worker1,0.2762012481689453,0.0,0.0
773,1,0.3574330806732178,0,0,1,1,0.9512172341346741,0.27454447746276855,0.08288860321044922,0.23189964133798208,worker1,0.27454447746276855,0.0,0.0
774,1,0.26436758041381836,9,9,1,0,0.6901160478591919,0.18234610557556152,0.08202147483825684,0.31025542053933935,worker1,0.18234610557556152,0.0,0.0
775,1,0.2720797061920166,4,4,1,0,0.9554255604743958,0.18897199630737305,0.08310770988464355,0.30545354171321915,worker1,0.18897199630737305,0.0,0.0
776,1,0.36286449432373047,6,1,0,1,0.7533208131790161,0.27960753440856934,0.08325695991516113,0.22944366621023887,worker1,0.27960753440856934,0.0,0.0
777,1,0.35655665397644043,3,2,0,1,0.7447296380996704,0.2734649181365967,0.08309173583984375,0.23303936390802585,worker1,0.2734649181365967,0.0,0.0
778,1,0.35583949089050293,6,6,1,1,0.8942139148712158,0.2727785110473633,0.08306097984313965,0.23342260195819226,worker1,0.2727785110473633,0.0,0.0
779,1,0.3569676876068115,5,5,1,1,0.8096495270729065,0.2735168933868408,0.0834507942199707,0.2337768854638997,worker1,0.2735168933868408,0.0,0.0
780,1,0.3638341426849365,7,7,1,1,0.9982134103775024,0.2805025577545166,0.08333158493041992,0.22903728692274272,worker1,0.2805025577545166,0.0,0.0
781,1,0.2661290168762207,2,2,1,0,0.6758894324302673,0.18328499794006348,0.08284401893615723,0.31129269520688463,worker1,0.18328499794006348,0.0,0.0
782,1,0.27202510833740234,3,3,1,0,0.8059354424476624,0.1886119842529297,0.08341312408447266,0.30663759163368265,worker1,0.1886119842529297,0.0,0.0
783,1,0.27313971519470215,8,8,1,0,0.9930832386016846,0.1905221939086914,0.08261752128601074,0.3024734840450372,worker1,0.1905221939086914,0.0,0.0
784,1,0.27479982376098633,8,8,1,0,0.9443404078483582,0.1917431354522705,0.08305668830871582,0.30224432887903285,worker1,0.1917431354522705,0.0,0.0
785,1,0.2754960060119629,8,8,1,0,0.7915925979614258,0.1925828456878662,0.08291316032409668,0.3009595729692587,worker1,0.1925828456878662,0.0,0.0
786,1,0.3635275363922119,5,5,1,1,0.9855685830116272,0.28017401695251465,0.08335351943969727,0.22929079944515313,worker1,0.28017401695251465,0.0,0.0
787,1,0.3581075668334961,9,9,1,1,0.9970295429229736,0.2749502658843994,0.08315730094909668,0.23221319137263882,worker1,0.2749502658843994,0.0,0.0
788,1,0.3578052520751953,6,6,1,1,0.5798835158348083,0.2747368812561035,0.0830683708190918,0.23216084821928323,worker1,0.2747368812561035,0.0,0.0
789,1,0.3580026626586914,6,6,1,1,0.9372270107269287,0.274702787399292,0.08329987525939941,0.23267948523280935,worker1,0.274702787399292,0.0,0.0
790,1,0.5319969654083252,6,6,1,2,0.9833388328552246,0.38846921920776367,0.14352774620056152,0.2697905355351026,worker1->worker2,0.2773771286010742,0.11109209060668945,0.0
791,1,0.2700321674346924,9,9,1,0,0.7854437232017517,0.18544673919677734,0.08458542823791504,0.31324204461074856,worker1,0.18544673919677734,0.0,0.0
792,1,0.27290916442871094,0,0,1,0,0.8942689895629883,0.18999290466308594,0.082916259765625,0.30382365480175844,worker1,0.18999290466308594,0.0,0.0
793,1,0.2714877128601074,7,0,0,0,0.7585431933403015,0.1884298324584961,0.08305788040161133,0.3059360570193079,worker1,0.1884298324584961,0.0,0.0
794,1,0.2716984748840332,8,8,1,0,0.9997844099998474,0.188523530960083,0.0831749439239502,0.30612959443166204,worker1,0.188523530960083,0.0,0.0
795,1,0.3677821159362793,6,6,1,1,0.950019121170044,0.284684419631958,0.08309769630432129,0.22594273267686163,worker1,0.284684419631958,0.0,0.0
796,1,0.48869872093200684,2,2,1,2,0.9994669556617737,0.34923291206359863,0.1394658088684082,0.28538198054300257,worker1->worker2,0.27439355850219727,0.07483935356140137,0.0
797,1,0.2692704200744629,6,6,1,0,0.8077753186225891,0.18638300895690918,0.08288741111755371,0.30782219262937377,worker1,0.18638300895690918,0.0,0.0
798,1,0.2729225158691406,8,8,1,0,0.7430282235145569,0.18864727020263672,0.0842752456665039,0.3087881752743029,worker1,0.18864727020263672,0.0,0.0
799,1,0.2724456787109375,4,4,1,0,0.8723108768463135,0.18915271759033203,0.08329296112060547,0.3057231867824139,worker1,0.18915271759033203,0.0,0.0
800,1,0.27135610580444336,1,1,1,0,0.6150550246238708,0.18948054313659668,0.08187556266784668,0.30172736458287575,worker1,0.18948054313659668,0.0,0.0
801,1,0.2716190814971924,1,1,1,0,0.8332268595695496,0.1885545253753662,0.08306455612182617,0.3058126684766246,worker1,0.1885545253753662,0.0,0.0
802,1,0.2719156742095947,9,9,1,0,0.9978958368301392,0.18889665603637695,0.08301901817321777,0.30531163168338016,worker1,0.18889665603637695,0.0,0.0
803,1,0.27361202239990234,6,6,1,0,0.9870360493659973,0.19045448303222656,0.08315753936767578,0.3039250199544794,worker1,0.19045448303222656,0.0,0.0
804,1,0.26950955390930176,9,9,1,0,0.8496429324150085,0.18665218353271484,0.08285737037658691,0.3074375997983024,worker1,0.18665218353271484,0.0,0.0
805,1,0.27363061904907227,0,1,0,0,0.8404912948608398,0.19049739837646484,0.08313322067260742,0.3038154902456238,worker1,0.19049739837646484,0.0,0.0
806,1,0.5428175926208496,6,2,0,2,0.5103231072425842,0.4016714096069336,0.14114618301391602,0.2600250709127341,worker1->worker2,0.2786986827850342,0.12297272682189941,0.0
807,1,0.27437376976013184,7,7,1,0,0.9530119895935059,0.1918318271636963,0.08254194259643555,0.30083758614606965,worker1,0.1918318271636963,0.0,0.0
808,1,0.4932267665863037,4,5,0,2,0.6229968667030334,0.3538346290588379,0.13939213752746582,0.2826126783268874,worker1->worker2,0.2772202491760254,0.0766143798828125,0.0
809,1,0.26791858673095703,4,4,1,0,0.8516695499420166,0.18511343002319336,0.08280515670776367,0.30906835437631036,worker1,0.18511343002319336,0.0,0.0
810,1,0.2761211395263672,7,7,1,0,0.9370771646499634,0.19309377670288086,0.08302736282348633,0.3006918013083092,worker1,0.19309377670288086,0.0,0.0
811,1,0.3648238182067871,4,4,1,1,0.9966896772384644,0.2816805839538574,0.08314323425292969,0.22789968774956182,worker1,0.2816805839538574,0.0,0.0
812,1,0.26606154441833496,1,1,1,0,0.884669303894043,0.18393564224243164,0.08212590217590332,0.30867257557061606,worker1,0.18393564224243164,0.0,0.0
813,1,0.683286190032959,5,5,1,3,0.9399271011352539,0.49672746658325195,0.18655872344970703,0.2730316025276439,worker1->worker2->worker3,0.28090620040893555,0.07433104515075684,0.14149022102355957
814,1,0.3640451431274414,3,5,0,1,0.630253255367279,0.2809116840362549,0.08313345909118652,0.22836030272785143,worker1,0.2809116840362549,0.0,0.0
815,1,0.2677648067474365,4,4,1,0,0.8272407054901123,0.1848595142364502,0.08290529251098633,0.30961982464403914,worker1,0.1848595142364502,0.0,0.0
816,1,0.4956648349761963,6,6,1,2,0.9996644258499146,0.357466459274292,0.1381983757019043,0.27881416221213495,worker1->worker2,0.27796173095703125,0.07950472831726074,0.0
817,1,0.36101317405700684,3,3,1,1,0.9969336986541748,0.27851319313049316,0.08249998092651367,0.22852346356060202,worker1,0.27851319313049316,0.0,0.0
818,1,0.3591911792755127,5,5,1,1,0.9776163101196289,0.2761409282684326,0.08305025100708008,0.23121461717014358,worker1,0.2761409282684326,0.0,0.0
819,1,0.26758265495300293,0,0,1,0,0.9665665626525879,0.18500041961669922,0.08258223533630371,0.3086232751177691,worker1,0.18500041961669922,0.0,0.0
820,1,0.27062320709228516,5,3,0,0,0.5385247468948364,0.18868470191955566,0.08193850517272949,0.3027770827680261,worker1,0.18868470191955566,0.0,0.0
821,1,0.2733612060546875,0,0,1,0,0.9937240481376648,0.19002699851989746,0.08333420753479004,0.30485016048004465,worker1,0.19002699851989746,0.0,0.0
822,1,0.36313557624816895,3,0,0,1,0.7966159582138062,0.27988147735595703,0.08325409889221191,0.22926450708127694,worker1,0.27988147735595703,0.0,0.0
823,1,0.2667868137359619,2,2,1,0,0.7931398749351501,0.18410515785217285,0.08268165588378906,0.30991657618288004,worker1,0.18410515785217285,0.0,0.0
824,1,0.2724335193634033,6,6,1,0,0.9686569571495056,0.1903975009918213,0.08203601837158203,0.3011230723857915,worker1,0.1903975009918213,0.0,0.0
825,1,0.2713491916656494,4,4,1,0,0.7669958472251892,0.18838882446289062,0.08296036720275879,0.3057328702308454,worker1,0.18838882446289062,0.0,0.0
826,1,0.2700836658477783,4,4,1,0,0.8383715152740479,0.18715381622314453,0.08292984962463379,0.30705244378374896,worker1,0.18715381622314453,0.0,0.0
827,1,0.2713589668273926,9,9,1,0,0.9725545644760132,0.18845391273498535,0.08290505409240723,0.30551801940321327,worker1,0.18845391273498535,0.0,0.0
828,1,0.26909947395324707,8,8,1,0,0.6439329385757446,0.1865541934967041,0.08254528045654297,0.306746346411975,worker1,0.1865541934967041,0.0,0.0
829,1,0.27562928199768066,4,4,1,0,0.883860170841217,0.19243454933166504,0.08319473266601562,0.30183561072700427,worker1,0.19243454933166504,0.0,0.0
830,1,0.3628692626953125,3,5,0,1,0.7022168040275574,0.27980875968933105,0.08306050300598145,0.22889925255456037,worker1,0.27980875968933105,0.0,0.0
831,1,0.5336594581604004,4,4,1,2,0.7254289984703064,0.39113903045654297,0.14252042770385742,0.26706249748696576,worker1->worker2,0.27478694915771484,0.11635208129882812,0.0
832,1,0.2703571319580078,9,9,1,0,0.9610302448272705,0.18711137771606445,0.08324575424194336,0.307910331934107,worker1,0.18711137771606445,0.0,0.0
833,1,0.27250194549560547,9,1,0,0,0.9823237657546997,0.1892702579498291,0.08323168754577637,0.30543520485478004,worker1,0.1892702579498291,0.0,0.0
834,1,0.27266812324523926,9,1,0,0,0.8878682851791382,0.18948078155517578,0.08318734169006348,0.30508642044396334,worker1,0.18948078155517578,0.0,0.0
835,1,0.27474212646484375,4,4,1,0,0.7112162113189697,0.19186019897460938,0.08288192749023438,0.3016717114215101,worker1,0.19186019897460938,0.0,0.0
836,1,0.494856595993042,2,2,1,2,0.9922170639038086,0.3557860851287842,0.1390705108642578,0.2810319433758002,worker1->worker2,0.278308629989624,0.07747745513916016,0.0
837,1,0.49698400497436523,2,2,1,2,0.9623250961303711,0.35887885093688965,0.13810515403747559,0.27788651677954734,worker1->worker2,0.28192806243896484,0.0769507884979248,0.0
838,1,0.3607048988342285,6,3,0,1,0.8793532848358154,0.2778451442718506,0.08285975456237793,0.2297161885801233,worker1,0.2778451442718506,0.0,0.0
839,1,0.3584623336791992,3,3,1,1,0.8520826697349548,0.2748894691467285,0.0835728645324707,0.2331426671100765,worker1,0.2748894691467285,0.0,0.0
840,1,0.4965085983276367,2,2,1,2,0.9898982048034668,0.3584263324737549,0.13808226585388184,0.27810649466892806,worker1->worker2,0.2796742916107178,0.07875204086303711,0.0
841,1,0.36179065704345703,4,7,0,1,0.7003825902938843,0.27890682220458984,0.08288383483886719,0.22909335336681033,worker1,0.27890682220458984,0.0,0.0
842,1,0.26856160163879395,9,9,1,0,0.9927269220352173,0.18557167053222656,0.08298993110656738,0.30901636942940924,worker1,0.18557167053222656,0.0,0.0
843,1,0.2708268165588379,7,7,1,0,0.977025032043457,0.18790411949157715,0.08292269706726074,0.3061834796158214,worker1,0.18790411949157715,0.0,0.0
844,1,0.2763376235961914,6,6,1,0,0.9830332398414612,0.194016695022583,0.0823209285736084,0.29789982088686884,worker1,0.194016695022583,0.0,0.0
845,1,0.27109408378601074,0,9,0,0,0.8387606739997864,0.1895134449005127,0.08158063888549805,0.3009310928005868,worker1,0.1895134449005127,0.0,0.0
846,1,0.27826690673828125,8,8,1,0,0.9946687817573547,0.1961681842803955,0.08209872245788574,0.29503588270775644,worker1,0.1961681842803955,0.0,0.0
847,1,0.2729485034942627,3,5,0,0,0.6553635597229004,0.1899566650390625,0.0829918384552002,0.3040567630624312,worker1,0.1899566650390625,0.0,0.0
848,1,0.3601841926574707,0,0,1,1,0.9116002917289734,0.27802371978759766,0.08216047286987305,0.22810682574292293,worker1,0.27802371978759766,0.0,0.0
849,1,0.3646366596221924,5,5,1,1,0.9537325501441956,0.2819700241088867,0.08266663551330566,0.226709611696636,worker1,0.2819700241088867,0.0,0.0
850,1,0.5267391204833984,4,4,1,2,0.9999340772628784,0.38268399238586426,0.14405512809753418,0.27348477167469937,worker1->worker2,0.2757902145385742,0.10689377784729004,0.0
851,1,0.6779370307922363,4,4,1,3,0.6591348052024841,0.5041849613189697,0.1737520694732666,0.25629529230793036,worker1->worker2->worker3,0.28246474266052246,0.07571983337402344,0.14600038528442383
852,1,0.3637986183166504,4,4,1,1,0.8129672408103943,0.28055906295776367,0.08323955535888672,0.22880668360987286,worker1,0.28055906295776367,0.0,0.0
853,1,0.26812052726745605,4,4,1,0,0.9375747442245483,0.18569278717041016,0.0824277400970459,0.3074279352539928,worker1,0.18569278717041016,0.0,0.0
854,1,0.27132153511047363,3,3,1,0,0.8236808776855469,0.18882966041564941,0.08249187469482422,0.3040373284827395,worker1,0.18882966041564941,0.0,0.0
855,1,0.27355337142944336,7,7,1,0,0.9207509160041809,0.1916944980621338,0.08185887336730957,0.2992427873930376,worker1,0.1916944980621338,0.0,0.0
856,1,0.271883487701416,5,5,1,0,0.9980317950248718,0.18893933296203613,0.08294415473937988,0.3050724243705069,worker1,0.18893933296203613,0.0,0.0
857,1,0.273576021194458,0,0,1,0,0.7797307968139648,0.19046354293823242,0.08311247825622559,0.3038003034525792,worker1,0.19046354293823242,0.0,0.0
858,1,0.49860692024230957,2,2,1,2,0.9585294723510742,0.36115384101867676,0.1374530792236328,0.2756742308286341,worker1->worker2,0.28368139266967773,0.07747244834899902,0.0
859,1,0.36496400833129883,0,0,1,1,0.9946521520614624,0.2822575569152832,0.08270645141601562,0.22661536350986758,worker1,0.2822575569152832,0.0,0.0
860,1,0.36048412322998047,3,5,0,1,0.9934712648391724,0.2773730754852295,0.08311104774475098,0.23055397558168758,worker1,0.2773730754852295,0.0,0.0
861,1,0.271695613861084,5,5,1,0,0.9124339818954468,0.18848133087158203,0.08321428298950195,0.3062776090012584,worker1,0.18848133087158203,0.0,0.0
862,1,0.36707043647766113,5,5,1,1,0.7016101479530334,0.28470873832702637,0.08236169815063477,0.2243757327366435,worker1,0.28470873832702637,0.0,0.0
863,1,0.26720714569091797,2,2,1,0,0.9709251523017883,0.1842808723449707,0.08292627334594727,0.3103445199099173,worker1,0.1842808723449707,0.0,0.0
864,1,0.27417945861816406,4,5,0,0,0.894088864326477,0.19123268127441406,0.08294677734375,0.302527321929196,worker1,0.19123268127441406,0.0,0.0
865,1,0.3662283420562744,4,4,1,1,0.9812877774238586,0.2841298580169678,0.08209848403930664,0.22417293969752738,worker1,0.2841298580169678,0.0,0.0
866,1,0.268796443939209,0,0,1,0,0.8558867573738098,0.1851484775543213,0.0836479663848877,0.3111944680481172,worker1,0.1851484775543213,0.0,0.0
867,1,0.5260627269744873,5,5,1,2,0.7554404139518738,0.3823416233062744,0.1437211036682129,0.27320145735240997,worker1->worker2,0.28324389457702637,0.09909772872924805,0.0
868,1,0.36762547492980957,6,6,1,1,0.8957473039627075,0.2839481830596924,0.08367729187011719,0.22761559678663082,worker1,0.2839481830596924,0.0,0.0
869,1,0.2737152576446533,3,3,1,0,0.8648797273635864,0.19083118438720703,0.08288407325744629,0.3028113009507467,worker1,0.19083118438720703,0.0,0.0
870,1,0.2751901149749756,8,8,1,0,0.8609852194786072,0.19234538078308105,0.08284473419189453,0.30104545797158455,worker1,0.19234538078308105,0.0,0.0
871,1,0.2745070457458496,8,8,1,0,0.9501193761825562,0.1923389434814453,0.0821681022644043,0.2993296658056604,worker1,0.1923389434814453,0.0,0.0
872,1,0.2719602584838867,0,0,1,0,0.9994598031044006,0.18921208381652832,0.0827481746673584,0.3042656862023137,worker1,0.18921208381652832,0.0,0.0
873,1,0.3606259822845459,3,5,0,1,0.569166362285614,0.27839207649230957,0.08223390579223633,0.22803100672693916,worker1,0.27839207649230957,0.0,0.0
874,1,0.362884521484375,3,3,1,1,0.6941111087799072,0.27997875213623047,0.08290576934814453,0.2284632284921369,worker1,0.27997875213623047,0.0,0.0
875,1,0.2684903144836426,6,6,1,0,0.9857023358345032,0.1852426528930664,0.08324766159057617,0.3100583413993056,worker1,0.1852426528930664,0.0,0.0
876,1,0.2711374759674072,1,1,1,0,0.9998319149017334,0.18851900100708008,0.08261847496032715,0.3047106441687851,worker1,0.18851900100708008,0.0,0.0
877,1,0.36731767654418945,3,7,0,1,0.9366216063499451,0.2843022346496582,0.08301544189453125,0.22600448384504643,worker1,0.2843022346496582,0.0,0.0
878,1,0.26613497734069824,4,4,1,0,0.8744116425514221,0.18297171592712402,0.08316326141357422,0.3124852743692951,worker1,0.18297171592712402,0.0,0.0
879,1,0.2733345031738281,4,4,1,0,0.7254711985588074,0.19037985801696777,0.08295464515686035,0.3034913053186887,worker1,0.19037985801696777,0.0,0.0
880,1,0.3695559501647949,0,0,1,1,0.9923185110092163,0.28682446479797363,0.08273148536682129,0.22386727998812928,worker1,0.28682446479797363,0.0,0.0
881,1,0.2658085823059082,0,0,1,0,0.7412676215171814,0.18389463424682617,0.08191394805908203,0.30816893626410685,worker1,0.18389463424682617,0.0,0.0
882,1,0.3672370910644531,2,2,1,1,0.9163262844085693,0.28523874282836914,0.08199834823608398,0.2232844944893995,worker1,0.28523874282836914,0.0,0.0
883,1,0.36136651039123535,0,7,0,1,0.8909456729888916,0.27936387062072754,0.08200263977050781,0.22692373923008866,worker1,0.27936387062072754,0.0,0.0
884,1,0.3608434200286865,9,1,0,1,0.9228540658950806,0.27782654762268066,0.08301687240600586,0.2300634230753221,worker1,0.27782654762268066,0.0,0.0
885,1,0.35656213760375977,7,7,1,1,0.9477939605712891,0.27349185943603516,0.08307027816772461,0.23297560062319045,worker1,0.27349185943603516,0.0,0.0
886,1,0.26833438873291016,3,3,1,0,0.6360058784484863,0.18485808372497559,0.08347630500793457,0.311090596334351,worker1,0.18485808372497559,0.0,0.0
887,1,0.27246618270874023,7,7,1,0,0.805944561958313,0.18900656700134277,0.08345961570739746,0.30631183245450233,worker1,0.18900656700134277,0.0,0.0
888,1,0.273134708404541,0,9,0,0,0.732962965965271,0.19061994552612305,0.08251476287841797,0.3021028098567575,worker1,0.19061994552612305,0.0,0.0
889,1,0.3623056411743164,0,0,1,1,0.8720418810844421,0.27916979789733887,0.08313584327697754,0.22946328687435016,worker1,0.27916979789733887,0.0,0.0
890,1,0.2685985565185547,8,3,0,0,0.998921275138855,0.18584561347961426,0.08275294303894043,0.30809154044438763,worker1,0.18584561347961426,0.0,0.0
891,1,0.36629390716552734,4,4,1,1,0.7168759703636169,0.2833137512207031,0.08298015594482422,0.22653982040527276,worker1,0.2833137512207031,0.0,0.0
892,1,0.3603839874267578,1,1,1,1,0.7350632548332214,0.277355432510376,0.08302855491638184,0.2303891344041917,worker1,0.277355432510376,0.0,0.0
893,1,0.2669663429260254,1,1,1,0,0.7699329853057861,0.18397164344787598,0.08299469947814941,0.31088075960626504,worker1,0.18397164344787598,0.0,0.0
894,1,0.2740437984466553,9,9,1,0,0.9998069405555725,0.19120216369628906,0.08284163475036621,0.302293411563889,worker1,0.19120216369628906,0.0,0.0
895,1,0.2714097499847412,7,7,1,0,0.9938173890113831,0.18889093399047852,0.0825188159942627,0.30403777314153946,worker1,0.18889093399047852,0.0,0.0
896,1,0.2799975872039795,3,5,0,0,0.6259307265281677,0.1971747875213623,0.08282279968261719,0.2957982620838815,worker1,0.1971747875213623,0.0,0.0
897,1,0.36701440811157227,4,4,1,1,0.9997715353965759,0.28397583961486816,0.0830385684967041,0.2262542468672249,worker1,0.28397583961486816,0.0,0.0
898,1,0.26834821701049805,6,6,1,0,0.9261679649353027,0.18508553504943848,0.08326268196105957,0.3102784989169585,worker1,0.18508553504943848,0.0,0.0
899,1,0.36681604385375977,6,6,1,1,0.5707831382751465,0.28371739387512207,0.0830986499786377,0.22654039094257014,worker1,0.28371739387512207,0.0,0.0
900,1,0.26798105239868164,3,5,0,0,0.9168989658355713,0.18544340133666992,0.08253765106201172,0.3079980853990324,worker1,0.18544340133666992,0.0,0.0
901,1,0.3669404983520508,7,7,1,1,0.9853516221046448,0.28415656089782715,0.08278393745422363,0.22560588930905878,worker1,0.28415656089782715,0.0,0.0
902,1,0.3702075481414795,3,3,1,1,0.9916879534721375,0.28717684745788574,0.08303070068359375,0.2242814904785856,worker1,0.28717684745788574,0.0,0.0
903,1,0.362504243850708,0,2,0,1,0.8699676990509033,0.2779426574707031,0.08456158638000488,0.23327061079822922,worker1,0.2779426574707031,0.0,0.0
904,1,0.5143425464630127,4,4,1,2,0.9953758716583252,0.37190699577331543,0.14243555068969727,0.27692741280919886,worker1->worker2,0.2833211421966553,0.08858585357666016,0.0
905,1,0.3707594871520996,6,6,1,1,0.9894847273826599,0.28788328170776367,0.08287620544433594,0.2235309097035647,worker1,0.28788328170776367,0.0,0.0
906,1,0.2708854675292969,1,1,1,0,0.9902524948120117,0.1880497932434082,0.08283567428588867,0.305795933024461,worker1,0.1880497932434082,0.0,0.0
907,1,0.3708822727203369,3,3,1,1,0.7032268047332764,0.28786349296569824,0.08301877975463867,0.22384132610522162,worker1,0.28786349296569824,0.0,0.0
908,1,0.27367281913757324,8,8,1,0,0.7198430299758911,0.1909008026123047,0.08277201652526855,0.3024488028665342,worker1,0.1909008026123047,0.0,0.0
909,1,0.37270069122314453,2,2,1,1,0.9041385054588318,0.2897462844848633,0.08295440673828125,0.22257647675950923,worker1,0.2897462844848633,0.0,0.0
910,1,0.2745509147644043,8,8,1,0,0.9756724238395691,0.19185638427734375,0.08269453048706055,0.30119925318049584,worker1,0.19185638427734375,0.0,0.0
911,1,0.3715336322784424,7,7,1,1,0.5199785828590393,0.2884087562561035,0.08312487602233887,0.22373445847303997,worker1,0.2884087562561035,0.0,0.0
912,1,0.27344393730163574,8,0,0,0,0.7416041493415833,0.19024348258972168,0.08320045471191406,0.30426878552489434,worker1,0.19024348258972168,0.0,0.0
913,1,0.27842068672180176,5,5,1,0,0.9501006603240967,0.1955397129058838,0.08288097381591797,0.29768252780273013,worker1,0.1955397129058838,0.0,0.0
914,1,0.3803536891937256,4,4,1,1,0.9669119715690613,0.29704856872558594,0.08330512046813965,0.21902014581409737,worker1,0.29704856872558594,0.0,0.0
915,1,0.26784300804138184,9,9,1,0,0.9988168478012085,0.18502140045166016,0.08282160758972168,0.3092169857087541,worker1,0.18502140045166016,0.0,0.0
916,1,0.28099584579467773,4,2,0,0,0.9193078875541687,0.1977534294128418,0.08324241638183594,0.2962407367497552,worker1,0.1977534294128418,0.0,0.0
917,1,0.2735881805419922,3,6,0,0,0.7640421986579895,0.19104313850402832,0.08254504203796387,0.3017127489734312,worker1,0.19104313850402832,0.0,0.0
918,1,0.3636767864227295,4,4,1,1,0.7265541553497314,0.2809600830078125,0.08271670341491699,0.22744565092688926,worker1,0.2809600830078125,0.0,0.0
919,1,0.5095415115356445,0,0,1,2,0.964388370513916,0.3646399974822998,0.14490151405334473,0.28437626920060716,worker1->worker2,0.2835428714752197,0.08109712600708008,0.0
920,1,0.2739253044128418,3,3,1,0,0.8670368790626526,0.19109416007995605,0.08283114433288574,0.3023858803787189,worker1,0.19109416007995605,0.0,0.0
921,1,0.2714211940765381,5,5,1,0,0.7905774116516113,0.18891143798828125,0.08250975608825684,0.30399157430937357,worker1,0.18891143798828125,0.0,0.0
922,1,0.2751607894897461,5,5,1,0,0.9529812335968018,0.19153428077697754,0.08362650871276855,0.3039186973836071,worker1,0.19153428077697754,0.0,0.0
923,1,0.2720036506652832,9,1,0,0,0.800979495048523,0.18902277946472168,0.08298087120056152,0.30507263780321264,worker1,0.18902277946472168,0.0,0.0
924,1,0.36229920387268066,3,4,0,1,0.866999626159668,0.2794764041900635,0.08282279968261719,0.22860331680917192,worker1,0.2794764041900635,0.0,0.0
925,1,0.27170538902282715,1,1,1,0,0.9585636258125305,0.188751220703125,0.08295416831970215,0.3053092491762569,worker1,0.188751220703125,0.0,0.0
926,1,0.36637187004089355,7,7,1,1,0.9443962574005127,0.28361058235168457,0.08276128768920898,0.22589421966258316,worker1,0.28361058235168457,0.0,0.0
927,1,0.36826610565185547,0,0,1,1,0.9908832907676697,0.28556227684020996,0.08270382881164551,0.2245762711864407,worker1,0.28556227684020996,0.0,0.0
928,1,0.2704799175262451,9,9,1,0,0.991310715675354,0.18764138221740723,0.08283853530883789,0.30626501245069304,worker1,0.18764138221740723,0.0,0.0
929,1,0.36978626251220703,3,3,1,1,0.9543235301971436,0.2865877151489258,0.08319854736328125,0.22499090906746375,worker1,0.2865877151489258,0.0,0.0
930,1,0.36101412773132324,3,3,1,1,0.9865829348564148,0.2792339324951172,0.08178019523620605,0.22652907172948408,worker1,0.2792339324951172,0.0,0.0
931,1,0.3621840476989746,8,0,0,1,0.8091598749160767,0.27886152267456055,0.08332252502441406,0.2300557563310096,worker1,0.27886152267456055,0.0,0.0
932,1,0.27214813232421875,2,2,1,0,0.8913811445236206,0.1883409023284912,0.08380722999572754,0.307947106893555,worker1,0.1883409023284912,0.0,0.0
933,1,0.5065460205078125,2,2,1,2,0.6087788939476013,0.36820244789123535,0.13834357261657715,0.27311155752025784,worker1->worker2,0.2939152717590332,0.07428717613220215,0.0
934,1,0.27016568183898926,8,8,1,0,0.9947197437286377,0.18729710578918457,0.08286857604980469,0.3067324298398192,worker1,0.18729710578918457,0.0,0.0
935,1,0.27435302734375,1,1,1,0,0.9490270018577576,0.191361665725708,0.08299136161804199,0.30249843576195773,worker1,0.191361665725708,0.0,0.0
936,1,0.2732510566711426,9,9,1,0,0.9761548042297363,0.1902306079864502,0.08302044868469238,0.3038248038125885,worker1,0.1902306079864502,0.0,0.0
937,1,0.27367162704467773,5,7,0,0,0.6824979186058044,0.19089579582214355,0.08277583122253418,0.30246405926844866,worker1,0.19089579582214355,0.0,0.0
938,1,0.3663144111633301,9,1,0,1,0.7913508415222168,0.28333258628845215,0.08298182487487793,0.2265316961223196,worker1,0.28333258628845215,0.0,0.0
939,1,0.35742998123168945,1,1,1,1,0.6656762361526489,0.27456212043762207,0.08286786079406738,0.23184362013647553,worker1,0.27456212043762207,0.0,0.0
940,1,0.7056586742401123,9,0,0,3,0.4769057035446167,0.5263147354125977,0.17934393882751465,0.2541511149432705,worker1->worker2->worker3,0.2754054069519043,0.10500931739807129,0.14590001106262207
941,1,0.36752867698669434,3,3,1,1,0.8218107223510742,0.28464293479919434,0.0828857421875,0.22552183646475216,worker1,0.28464293479919434,0.0,0.0
942,1,0.4914560317993164,0,2,0,2,0.9101388454437256,0.35240769386291504,0.13904833793640137,0.28293138946187774,worker1->worker2,0.27536511421203613,0.0770425796508789,0.0
943,1,0.3645012378692627,7,7,1,1,0.9574529528617859,0.2814445495605469,0.08305668830871582,0.22786394030987114,worker1,0.2814445495605469,0.0,0.0
944,1,0.26584863662719727,7,7,1,0,0.7724463939666748,0.18398284912109375,0.08186578750610352,0.30794134792161787,worker1,0.18398284912109375,0.0,0.0
945,1,0.2821824550628662,1,9,0,0,0.9460269212722778,0.19893884658813477,0.08324360847473145,0.2949992353570882,worker1,0.19893884658813477,0.0,0.0
946,1,0.4937286376953125,4,7,0,2,0.6362558007240295,0.35486340522766113,0.13886523246765137,0.2812582091973916,worker1->worker2,0.27886486053466797,0.07599854469299316,0.0
947,1,0.36144161224365234,3,3,1,1,0.7308942675590515,0.2786281108856201,0.08281350135803223,0.22911999767809413,worker1,0.2786281108856201,0.0,0.0
948,1,0.275585412979126,9,9,1,0,0.9955540299415588,0.19296813011169434,0.08261728286743164,0.29978830147185415,worker1,0.19296813011169434,0.0,0.0
949,1,0.2708456516265869,5,5,1,0,0.8373181223869324,0.18894624710083008,0.08189940452575684,0.3023840480137041,worker1,0.18894624710083008,0.0,0.0
950,1,0.27303266525268555,0,8,0,0,0.7439790368080139,0.19035816192626953,0.08267450332641602,0.30280077751833334,worker1,0.19035816192626953,0.0,0.0
951,1,0.2742784023284912,2,6,0,0,0.9111018776893616,0.19154691696166992,0.08273148536682129,0.30163324805916514,worker1,0.19154691696166992,0.0,0.0
952,1,0.5024404525756836,2,2,1,2,0.9957937002182007,0.3643810749053955,0.13805937767028809,0.2747775919764182,worker1->worker2,0.2895185947418213,0.07486248016357422,0.0
953,1,0.26981544494628906,2,2,1,0,0.7667313814163208,0.18702960014343262,0.08278584480285645,0.3068239656159648,worker1,0.18702960014343262,0.0,0.0
954,1,0.36789441108703613,3,3,1,1,0.9359797239303589,0.285078763961792,0.08281564712524414,0.2251071085329744,worker1,0.285078763961792,0.0,0.0
955,1,0.36723899841308594,6,6,1,1,0.9855766892433167,0.28444719314575195,0.08279180526733398,0.2254439360337386,worker1,0.28444719314575195,0.0,0.0
956,1,0.2681417465209961,8,8,1,0,0.9999672174453735,0.18504643440246582,0.08309531211853027,0.30989323071341945,worker1,0.18504643440246582,0.0,0.0
957,1,0.27680397033691406,1,1,1,0,0.9734611511230469,0.19397354125976562,0.08283042907714844,0.29923858742463394,worker1,0.19397354125976562,0.0,0.0
958,1,0.5355823040008545,2,2,1,2,0.9827521443367004,0.3914673328399658,0.14411497116088867,0.2690809051836387,worker1->worker2,0.2811243534088135,0.11034297943115234,0.0
959,1,0.674511194229126,3,2,0,3,0.46417224407196045,0.4994478225708008,0.1750633716583252,0.2595410916173136,worker1->worker2->worker3,0.2828383445739746,0.07689666748046875,0.13971281051635742
960,1,0.2769787311553955,5,5,1,0,0.7317176461219788,0.19411373138427734,0.08286499977111816,0.29917459519528156,worker1,0.19411373138427734,0.0,0.0
961,1,0.4960784912109375,6,6,1,2,0.9730241894721985,0.35653233528137207,0.13954615592956543,0.28129854126295717,worker1->worker2,0.2772791385650635,0.0792531967163086,0.0
962,1,0.27126288414001465,1,1,1,0,0.9987732768058777,0.18831920623779297,0.08294367790222168,0.3057686205953985,worker1,0.18831920623779297,0.0,0.0
963,1,0.2704501152038574,1,1,1,0,0.9827102422714233,0.18760395050048828,0.08284616470336914,0.30632697139330894,worker1,0.18760395050048828,0.0,0.0
964,1,0.2740592956542969,0,0,1,0,0.962352454662323,0.19180560111999512,0.08225369453430176,0.3001310148518297,worker1,0.19180560111999512,0.0,0.0
965,1,0.27356767654418945,1,1,1,0,0.7349070906639099,0.1907026767730713,0.08286499977111816,0.302904936788952,worker1,0.1907026767730713,0.0,0.0
966,1,0.27887630462646484,8,8,1,0,0.8672927618026733,0.195892333984375,0.08298397064208984,0.2975655129726458,worker1,0.195892333984375,0.0,0.0
967,1,0.3613607883453369,6,2,0,1,0.9696508049964905,0.2796649932861328,0.0816957950592041,0.22607819579231977,worker1,0.2796649932861328,0.0,0.0
968,1,0.2748427391052246,4,4,1,0,0.8259879350662231,0.1918776035308838,0.08296513557434082,0.30186402538572177,worker1,0.1918776035308838,0.0,0.0
969,1,0.37606287002563477,7,0,0,1,0.6035557985305786,0.29279375076293945,0.08326911926269531,0.2214233999145387,worker1,0.29279375076293945,0.0,0.0
970,1,0.26755714416503906,8,8,1,0,0.7993808388710022,0.18462610244750977,0.0829310417175293,0.3099563720353301,worker1,0.18462610244750977,0.0,0.0
971,1,0.4990077018737793,2,2,1,2,0.992027223110199,0.35907530784606934,0.13993239402770996,0.2804213111386103,worker1->worker2,0.2824242115020752,0.07665109634399414,0.0
972,1,0.36681580543518066,5,5,1,1,0.9871505498886108,0.2839057445526123,0.08291006088256836,0.2260264134044225,worker1,0.2839057445526123,0.0,0.0
973,1,0.26811814308166504,0,0,1,0,0.7662228941917419,0.18626785278320312,0.08185029029846191,0.30527695499342417,worker1,0.18626785278320312,0.0,0.0
974,1,0.3631877899169922,4,4,1,1,0.5631533265113831,0.28009653091430664,0.08309125900268555,0.22878318409789145,worker1,0.28009653091430664,0.0,0.0
975,1,0.5286946296691895,3,0,0,2,0.9518800973892212,0.3863804340362549,0.14231419563293457,0.2691803314173671,worker1->worker2,0.2787768840789795,0.10760354995727539,0.0
976,1,0.2705411911010742,5,5,1,0,0.9193576574325562,0.18756866455078125,0.08297252655029297,0.30669091908926516,worker1,0.18756866455078125,0.0,0.0
977,1,0.675478458404541,8,0,0,3,0.38427332043647766,0.5017707347869873,0.1737077236175537,0.2571624919436305,worker1->worker2->worker3,0.2802748680114746,0.08259224891662598,0.13890361785888672
978,1,0.27360963821411133,0,0,1,0,0.9241041541099548,0.19056391716003418,0.08304572105407715,0.30351899003312993,worker1,0.19056391716003418,0.0,0.0
979,1,0.2717874050140381,0,8,0,0,0.843970775604248,0.18889689445495605,0.08289051055908203,0.30498289850775334,worker1,0.18889689445495605,0.0,0.0
980,1,0.36481356620788574,5,5,1,1,0.7313345670700073,0.2819666862487793,0.08284687995910645,0.2270937476922031,worker1,0.2819666862487793,0.0,0.0
981,1,0.3612833023071289,6,6,1,1,0.984183132648468,0.27811717987060547,0.08316612243652344,0.2301964190025684,worker1,0.27811717987060547,0.0,0.0
982,1,0.2720308303833008,6,6,1,0,0.9895308017730713,0.18871784210205078,0.08331298828125,0.30626303703833546,worker1,0.18871784210205078,0.0,0.0
983,1,0.2691795825958252,0,0,1,0,0.9930550456047058,0.18668413162231445,0.08249545097351074,0.30646994165741825,worker1,0.18668413162231445,0.0,0.0
984,1,0.36137819290161133,8,8,1,1,0.8804709911346436,0.27773618698120117,0.08364200592041016,0.23145283130900624,worker1,0.27773618698120117,0.0,0.0
985,1,0.37377071380615234,3,3,1,1,0.9878002405166626,0.2884955406188965,0.08527517318725586,0.22814835415778958,worker1,0.2884955406188965,0.0,0.0
986,1,0.27576732635498047,7,7,1,0,0.9874047636985779,0.19379949569702148,0.08196783065795898,0.2972354692681982,worker1,0.19379949569702148,0.0,0.0
987,1,0.2700963020324707,3,3,1,0,0.7716107368469238,0.18734145164489746,0.08275485038757324,0.3063901644148558,worker1,0.18734145164489746,0.0,0.0
988,1,0.49915432929992676,5,5,1,2,0.9356955885887146,0.36093592643737793,0.13821840286254883,0.2769051468639022,worker1->worker2,0.28064513206481934,0.0802907943725586,0.0
989,1,0.2780764102935791,7,7,1,0,0.9883291721343994,0.1952657699584961,0.08281064033508301,0.29779814924845904,worker1,0.1952657699584961,0.0,0.0
990,1,0.2716214656829834,9,1,0,0,0.8777807950973511,0.1898183822631836,0.0818030834197998,0.3011657536495085,worker1,0.1898183822631836,0.0,0.0
991,1,0.27340245246887207,7,7,1,0,0.7526599764823914,0.19026970863342285,0.08313274383544922,0.3040672937815516,worker1,0.19026970863342285,0.0,0.0
992,1,0.3728971481323242,7,1,0,1,0.6844034790992737,0.288663387298584,0.08423376083374023,0.22589006447388948,worker1,0.288663387298584,0.0,0.0
993,1,0.3643500804901123,4,4,1,1,0.9822826981544495,0.28182315826416016,0.08252692222595215,0.22650447096083942,worker1,0.28182315826416016,0.0,0.0
994,1,0.27823758125305176,1,1,1,0,0.9621107578277588,0.19512367248535156,0.0831139087677002,0.2987156098518183,worker1,0.19512367248535156,0.0,0.0
995,1,0.677126407623291,0,9,0,3,0.9305548667907715,0.4963982105255127,0.18072819709777832,0.26690466516013317,worker1->worker2->worker3,0.279632568359375,0.07926726341247559,0.1374983787536621
996,1,0.3688993453979492,9,8,0,1,0.6921806931495667,0.2862391471862793,0.08266019821166992,0.22407249902409138,worker1,0.2862391471862793,0.0,0.0
997,1,0.3658466339111328,0,0,1,1,0.6396680474281311,0.2827785015106201,0.0830681324005127,0.22705725487333753,worker1,0.2827785015106201,0.0,0.0
998,1,0.3602485656738281,5,5,1,1,0.9085812568664551,0.27753138542175293,0.0827171802520752,0.22961140760507004,worker1,0.27753138542175293,0.0,0.0
999,1,0.3619697093963623,6,7,0,1,0.8755778670310974,0.27978992462158203,0.08217978477478027,0.22703497735163294,worker1,0.27978992462158203,0.0,0.0
1000,1,0.27031731605529785,0,0,1,0,0.5975388884544373,0.1874547004699707,0.08286261558532715,0.3065383187230826,worker1,0.1874547004699707,0.0,0.0
1001,1,0.3620734214782715,1,1,1,1,0.7055109143257141,0.27910304069519043,0.08297038078308105,0.22915346960384447,worker1,0.27910304069519043,0.0,0.0
1002,1,0.27080321311950684,4,3,0,0,0.9629872441291809,0.18757009506225586,0.08323311805725098,0.3073564641218632,worker1,0.18757009506225586,0.0,0.0
1003,1,0.36174440383911133,6,6,1,1,0.761827290058136,0.27902960777282715,0.08271479606628418,0.22865535772896775,worker1,0.27902960777282715,0.0,0.0
1004,1,0.27913808822631836,5,5,1,0,0.915514349937439,0.1957237720489502,0.08341431617736816,0.2988281416821121,worker1,0.1957237720489502,0.0,0.0
1005,1,0.3667893409729004,4,4,1,1,0.98111891746521,0.2836942672729492,0.08309507369995117,0.22654713323877781,worker1,0.2836942672729492,0.0,0.0
1006,1,0.37856459617614746,0,0,1,1,0.9778253436088562,0.29549551010131836,0.0830690860748291,0.2194317348053772,worker1,0.29549551010131836,0.0,0.0
1007,1,0.275249719619751,3,3,1,0,0.8316918015480042,0.19253063201904297,0.08271908760070801,0.3005237851467456,worker1,0.19253063201904297,0.0,0.0
1008,1,0.2710402011871338,2,2,1,0,0.8383921980857849,0.18842554092407227,0.08261466026306152,0.3048059287929101,worker1,0.18842554092407227,0.0,0.0
1009,1,0.376619815826416,9,9,1,1,0.5688800811767578,0.2937602996826172,0.08285951614379883,0.22000838156107208,worker1,0.2937602996826172,0.0,0.0
1010,1,0.5340549945831299,2,2,1,2,0.9593340754508972,0.39347052574157715,0.14058446884155273,0.26323968555202726,worker1->worker2,0.2870516777038574,0.10641884803771973,0.0
1011,1,0.3712732791900635,3,3,1,1,0.9144270420074463,0.2884867191314697,0.08278656005859375,0.22298011922429078,worker1,0.2884867191314697,0.0,0.0
1012,1,0.49771714210510254,3,3,1,2,0.9600680470466614,0.3596370220184326,0.13808012008666992,0.2774268925170185,worker1->worker2,0.28168630599975586,0.07795071601867676,0.0
1013,1,0.3664858341217041,0,0,1,1,0.9724788069725037,0.28359460830688477,0.08289122581481934,0.22617852614541298,worker1,0.28359460830688477,0.0,0.0
1014,1,0.6748390197753906,9,7,0,3,0.9036950469017029,0.5005297660827637,0.17430925369262695,0.25829753257398036,worker1->worker2->worker3,0.2826807498931885,0.07537674903869629,0.1424722671508789
1015,1,0.3651309013366699,5,5,1,1,0.780223548412323,0.2833554744720459,0.08177542686462402,0.2239619450593221,worker1,0.2833554744720459,0.0,0.0
1016,1,0.5041787624359131,4,4,1,2,0.9610657095909119,0.36650776863098145,0.13767099380493164,0.2730598828474676,worker1->worker2,0.28659510612487793,0.07991266250610352,0.0
1017,1,0.37328338623046875,3,5,0,1,0.9982693195343018,0.2912616729736328,0.08202171325683594,0.2197304146994502,worker1,0.2912616729736328,0.0,0.0
1018,1,0.36716771125793457,2,2,1,1,0.8614194989204407,0.284015417098999,0.08315229415893555,0.22646951681576713,worker1,0.284015417098999,0.0,0.0
1019,1,0.27877330780029297,0,0,1,0,0.525024950504303,0.19590353965759277,0.0828697681427002,0.29726579203940956,worker1,0.19590353965759277,0.0,0.0
1020,1,0.2707664966583252,9,9,1,0,0.8476322889328003,0.18805241584777832,0.08271408081054688,0.3054812239747745,worker1,0.18805241584777832,0.0,0.0
1021,1,0.36911821365356445,4,4,1,1,0.9217519164085388,0.285991907119751,0.08312630653381348,0.22520239711560697,worker1,0.285991907119751,0.0,0.0
1022,1,0.27086329460144043,4,4,1,0,0.885762631893158,0.18857026100158691,0.08229303359985352,0.30381759079222204,worker1,0.18857026100158691,0.0,0.0
1023,1,0.3592691421508789,3,2,0,1,0.8397007584571838,0.27718019485473633,0.08208894729614258,0.22848872242322568,worker1,0.27718019485473633,0.0,0.0
1024,1,0.521014928817749,8,8,1,2,0.9857834577560425,0.378523588180542,0.14249134063720703,0.27348801878007317,worker1->worker2,0.28217315673828125,0.09635043144226074,0.0
1025,1,0.6380300521850586,6,0,0,3,0.598260760307312,0.46723079681396484,0.17079925537109375,0.26769782204797143,worker1->worker2->worker3,0.28156113624572754,0.08530473709106445,0.10036492347717285
1026,1,0.36687588691711426,3,3,1,1,0.9468253254890442,0.28374767303466797,0.08312821388244629,0.22658402159100435,worker1,0.28374767303466797,0.0,0.0
1027,1,0.27585816383361816,0,0,1,0,0.9448944926261902,0.19281911849975586,0.0830390453338623,0.3010208006167499,worker1,0.19281911849975586,0.0,0.0
1028,1,0.5063159465789795,4,4,1,2,0.9804953932762146,0.36833953857421875,0.13797640800476074,0.27251049258279286,worker1->worker2,0.28894853591918945,0.0793910026550293,0.0
1029,1,0.2747929096221924,8,8,1,0,0.9920397996902466,0.19193577766418457,0.08285713195800781,0.3015257273993224,worker1,0.19193577766418457,0.0,0.0
1030,1,0.27259016036987305,0,0,1,0,0.7527434825897217,0.18996834754943848,0.08262181282043457,0.3030990286235072,worker1,0.18996834754943848,0.0,0.0
1031,1,0.2716639041900635,5,3,0,0,0.5903990268707275,0.18908095359802246,0.08258295059204102,0.3039894123521973,worker1,0.18908095359802246,0.0,0.0
1032,1,0.3671884536743164,1,1,1,1,0.9122942686080933,0.2840554714202881,0.08313298225402832,0.2264041296019739,worker1,0.2840554714202881,0.0,0.0
1033,1,0.2715933322906494,1,1,1,0,0.9036584496498108,0.18900847434997559,0.08258485794067383,0.30407542498979495,worker1,0.18900847434997559,0.0,0.0
1034,1,0.2711029052734375,7,7,1,0,0.7084264159202576,0.1891632080078125,0.081939697265625,0.3022457364777396,worker1,0.1891632080078125,0.0,0.0
1035,1,0.2695586681365967,9,1,0,0,0.6581738591194153,0.1865856647491455,0.08297300338745117,0.3078105555314781,worker1,0.1865856647491455,0.0,0.0
1036,1,0.2691218852996826,7,7,1,0,0.9689707159996033,0.18718934059143066,0.08193254470825195,0.3044440054253313,worker1,0.18718934059143066,0.0,0.0
1037,1,0.6635205745697021,2,2,1,3,0.6827226281166077,0.48787426948547363,0.17564630508422852,0.2647187017495824,worker1->worker2->worker3,0.28272294998168945,0.07565116882324219,0.129500150680542
1038,1,0.5243825912475586,2,3,0,2,0.5292870998382568,0.3817784786224365,0.14260411262512207,0.2719466950377827,worker1->worker2,0.2826526165008545,0.09912586212158203,0.0
1039,1,0.3659844398498535,1,1,1,1,0.6630366444587708,0.2831001281738281,0.08288431167602539,0.22646949610761866,worker1,0.2831001281738281,0.0,0.0
1040,1,0.2695934772491455,2,2,1,0,0.9059289693832397,0.18646931648254395,0.08312416076660156,0.3083314982794712,worker1,0.18646931648254395,0.0,0.0
1041,1,0.2723398208618164,7,7,1,0,0.9970773458480835,0.18936562538146973,0.08297419548034668,0.3046715504834208,worker1,0.18936562538146973,0.0,0.0
1042,1,0.4870457649230957,6,6,1,2,0.9548245072364807,0.34867048263549805,0.13837528228759766,0.28411145779996066,worker1->worker2,0.2778193950653076,0.07085108757019043,0.0
1043,1,0.49659013748168945,8,8,1,2,0.47557616233825684,0.358196496963501,0.13839364051818848,0.27868785558249515,worker1->worker2,0.2865896224975586,0.07160687446594238,0.0
1044,1,0.27312350273132324,8,8,1,0,0.9898898601531982,0.19125127792358398,0.08187222480773926,0.2997626494570792,worker1,0.19125127792358398,0.0,0.0
1045,1,0.2702920436859131,3,3,1,0,0.9679815173149109,0.1876087188720703,0.08268332481384277,0.30590365771152,worker1,0.1876087188720703,0.0,0.0
1046,1,0.27242302894592285,9,9,1,0,0.9956048727035522,0.18833565711975098,0.08408737182617188,0.3086646975166831,worker1,0.18833565711975098,0.0,0.0
1047,1,0.26610255241394043,6,1,0,0,0.9726765751838684,0.1829237937927246,0.08317875862121582,0.31258158881477266,worker1,0.1829237937927246,0.0,0.0
1048,1,0.36020445823669434,4,4,1,1,0.7073737978935242,0.2768826484680176,0.08332180976867676,0.23131809688464508,worker1,0.2768826484680176,0.0,0.0
1049,1,0.27175426483154297,7,7,1,0,0.9320605397224426,0.18849563598632812,0.08325862884521484,0.3063746907406433,worker1,0.18849563598632812,0.0,0.0
1050,1,0.26869845390319824,6,6,1,0,0.9941253662109375,0.1855316162109375,0.08316683769226074,0.30951736596974455,worker1,0.1855316162109375,0.0,0.0
1051,1,0.3673388957977295,0,0,1,1,0.8790121674537659,0.2836313247680664,0.08370757102966309,0.22787559930967832,worker1,0.2836313247680664,0.0,0.0
1052,1,0.27050304412841797,7,7,1,0,0.9902141690254211,0.18741512298583984,0.08308792114257812,0.30716076194371095,worker1,0.18741512298583984,0.0,0.0
1053,1,0.2753260135650635,8,8,1,0,0.8502863645553589,0.19207262992858887,0.08325338363647461,0.3023811028913207,worker1,0.19207262992858887,0.0,0.0
1054,1,0.267413854598999,9,9,1,0,0.9959259033203125,0.1843433380126953,0.08307051658630371,0.31064402669365154,worker1,0.1843433380126953,0.0,0.0
1055,1,0.27295517921447754,8,8,1,0,0.9662407040596008,0.18972492218017578,0.08323025703430176,0.30492279821846746,worker1,0.18972492218017578,0.0,0.0
1056,1,0.2679150104522705,9,9,1,0,0.8639581799507141,0.1855940818786621,0.0823209285736084,0.30726508542631287,worker1,0.1855940818786621,0.0,0.0
1057,1,0.2678811550140381,0,0,1,0,0.8824856877326965,0.1855020523071289,0.08237910270690918,0.3075210822597512,worker1,0.1855020523071289,0.0,0.0
1058,1,0.268186092376709,6,6,1,0,0.9531242847442627,0.18657660484313965,0.08160948753356934,0.30430171382241605,worker1,0.18657660484313965,0.0,0.0
1059,1,0.36998653411865234,7,7,1,1,0.8181398510932922,0.2860751152038574,0.08391141891479492,0.22679587275975038,worker1,0.2860751152038574,0.0,0.0
1060,1,0.2712523937225342,7,7,1,0,0.7693396806716919,0.1880488395690918,0.08320355415344238,0.30673850656798934,worker1,0.1880488395690918,0.0,0.0
1061,1,0.2739441394805908,7,7,1,0,0.9999908208847046,0.1904311180114746,0.08351302146911621,0.3048541999382074,worker1,0.1904311180114746,0.0,0.0
1062,1,0.26806116104125977,7,7,1,0,0.9661142826080322,0.18468046188354492,0.08338069915771484,0.3110510259443402,worker1,0.18468046188354492,0.0,0.0
1063,1,0.36104726791381836,2,2,1,1,0.9127426743507385,0.27751660346984863,0.08353066444396973,0.23135658919847696,worker1,0.27751660346984863,0.0,0.0
1064,1,0.36900806427001953,6,6,1,1,0.8898371458053589,0.28632688522338867,0.08268117904663086,0.22406333913106402,worker1,0.28632688522338867,0.0,0.0
1065,1,0.3702983856201172,3,3,1,1,0.9234434962272644,0.2875795364379883,0.0827188491821289,0.22338430950381935,worker1,0.2875795364379883,0.0,0.0
1066,1,0.3714108467102051,6,6,1,1,0.9747092723846436,0.28784894943237305,0.08356189727783203,0.2249850752017255,worker1,0.28784894943237305,0.0,0.0
1067,1,0.272144079208374,9,9,1,0,0.9646190404891968,0.18851733207702637,0.08362674713134766,0.3072885045840616,worker1,0.18851733207702637,0.0,0.0
1068,1,0.2783207893371582,0,0,1,0,0.9287335276603699,0.19505953788757324,0.08326125144958496,0.29915570320089224,worker1,0.19505953788757324,0.0,0.0
1069,1,0.35999464988708496,9,9,1,1,0.6674340963363647,0.2771141529083252,0.08288049697875977,0.23022702422037622,worker1,0.2771141529083252,0.0,0.0
1070,1,0.26717400550842285,3,3,1,0,0.727769136428833,0.18482184410095215,0.0823521614074707,0.3082341833770744,worker1,0.18482184410095215,0.0,0.0
1071,1,0.27631235122680664,3,6,0,0,0.8003507256507874,0.19077515602111816,0.08553719520568848,0.3095670346472374,worker1,0.19077515602111816,0.0,0.0
1072,1,0.2762026786804199,8,8,1,0,0.9169052243232727,0.1932532787322998,0.08294939994812012,0.3003207656942989,worker1,0.1932532787322998,0.0,0.0
1073,1,0.3669092655181885,0,0,1,1,0.9434777498245239,0.28470444679260254,0.08220481872558594,0.22404672340309398,worker1,0.28470444679260254,0.0,0.0
1074,1,0.26774048805236816,2,2,1,0,0.542796790599823,0.18462109565734863,0.08311939239501953,0.31044760170438607,worker1,0.18462109565734863,0.0,0.0
1075,1,0.3661980628967285,5,5,1,1,0.8577796220779419,0.28259825706481934,0.08359980583190918,0.22829122898851914,worker1,0.28259825706481934,0.0,0.0
1076,1,0.37072300910949707,6,6,1,1,0.9921878576278687,0.28718137741088867,0.0835416316986084,0.22534784635914915,worker1,0.28718137741088867,0.0,0.0
1077,1,0.273343563079834,6,6,1,0,0.7767417430877686,0.18860840797424316,0.08473515510559082,0.3099950631756515,worker1,0.18860840797424316,0.0,0.0
1078,1,0.2711787223815918,9,9,1,0,0.9621953964233398,0.18797016143798828,0.08320856094360352,0.3068403015282142,worker1,0.18797016143798828,0.0,0.0
1079,1,0.7211532592773438,1,9,0,3,0.5537747740745544,0.5424308776855469,0.17872238159179688,0.24782857082403226,worker1->worker2->worker3,0.2911989688873291,0.10679435729980469,0.14443755149841309
1080,1,0.3647749423980713,3,5,0,1,0.9692856669425964,0.2812821865081787,0.08349275588989258,0.22888840812639666,worker1,0.2812821865081787,0.0,0.0
1081,1,0.27611494064331055,6,6,1,0,0.9690819382667542,0.192246675491333,0.08386826515197754,0.3037440312232862,worker1,0.192246675491333,0.0,0.0
1082,1,0.3701896667480469,0,0,1,1,0.9500182271003723,0.28662848472595215,0.08356118202209473,0.22572532279504962,worker1,0.28662848472595215,0.0,0.0
1083,1,0.362947940826416,4,3,0,1,0.759334921836853,0.28009557723999023,0.08285236358642578,0.22827616378749718,worker1,0.28009557723999023,0.0,0.0
1084,1,0.3698000907897949,9,9,1,1,0.6686700582504272,0.28673458099365234,0.08306550979614258,0.22462274040749064,worker1,0.28673458099365234,0.0,0.0
1085,1,0.2719433307647705,0,0,1,0,0.9064449667930603,0.1890571117401123,0.0828862190246582,0.3047922476773454,worker1,0.1890571117401123,0.0,0.0
1086,1,0.3706371784210205,4,2,0,1,0.956047773361206,0.28768157958984375,0.08295559883117676,0.22381888180938075,worker1,0.28768157958984375,0.0,0.0
1087,1,0.5098695755004883,0,0,1,2,0.8390187621116638,0.37027406692504883,0.13959550857543945,0.27378670013485784,worker1->worker2,0.29093337059020996,0.07934069633483887,0.0
1088,1,0.6319739818572998,6,3,0,3,0.718873918056488,0.46115612983703613,0.17081785202026367,0.2702925388134641,worker1->worker2->worker3,0.28664398193359375,0.07442975044250488,0.1000823974609375
1089,1,0.26975202560424805,8,8,1,0,0.8177432417869568,0.18712329864501953,0.08262872695922852,0.3063136477812876,worker1,0.18712329864501953,0.0,0.0
1090,1,0.2707710266113281,7,7,1,0,0.9846723675727844,0.18770623207092285,0.08306479454040527,0.30677135430608193,worker1,0.18770623207092285,0.0,0.0
1091,1,0.6412866115570068,7,7,1,3,0.4233100414276123,0.4674360752105713,0.17385053634643555,0.27109646952450245,worker1->worker2->worker3,0.2851259708404541,0.07872629165649414,0.10358381271362305
1092,1,0.26890134811401367,8,8,1,0,0.9904881715774536,0.18626856803894043,0.08263278007507324,0.3072977530779693,worker1,0.18626856803894043,0.0,0.0
1093,1,0.2649674415588379,8,8,1,0,0.9736919403076172,0.1823127269744873,0.08265471458435059,0.3119429092800314,worker1,0.1823127269744873,0.0,0.0
1094,1,0.5333817005157471,5,7,0,2,0.8100273013114929,0.39061641693115234,0.14276528358459473,0.26766063298862625,worker1->worker2,0.2801487445831299,0.11046767234802246,0.0
1095,1,0.36597704887390137,1,1,1,1,0.988720715045929,0.28318166732788086,0.08279538154602051,0.22623107596713787,worker1,0.28318166732788086,0.0,0.0
1096,1,0.26741981506347656,7,7,1,0,0.9279646873474121,0.18448448181152344,0.08293533325195312,0.31013159302449983,worker1,0.18448448181152344,0.0,0.0
1097,1,0.26526641845703125,3,3,1,0,0.787474513053894,0.1826937198638916,0.08257269859313965,0.3112821407000489,worker1,0.1826937198638916,0.0,0.0
1098,1,0.48607969284057617,6,6,1,2,0.9863215088844299,0.3466019630432129,0.13947772979736328,0.2869441613211129,worker1->worker2,0.2755625247955322,0.07103943824768066,0.0
1099,1,0.3626885414123535,6,7,0,1,0.9840599298477173,0.27982091903686523,0.08286762237548828,0.22848150110502977,worker1,0.27982091903686523,0.0,0.0
1100,1,0.36173248291015625,7,5,0,1,0.638232409954071,0.2794044017791748,0.08232808113098145,0.22759382975133402,worker1,0.2794044017791748,0.0,0.0
1101,1,0.27091050148010254,1,1,1,0,0.9990144968032837,0.1881411075592041,0.08276939392089844,0.3055230176338423,worker1,0.1881411075592041,0.0,0.0
1102,1,0.26517391204833984,8,8,1,0,0.9927846193313599,0.18318581581115723,0.08198809623718262,0.30918613224002445,worker1,0.18318581581115723,0.0,0.0
1103,1,0.2723884582519531,1,1,1,0,0.9510274529457092,0.18728327751159668,0.08510518074035645,0.3124404803585183,worker1,0.18728327751159668,0.0,0.0
1104,1,0.49376773834228516,5,6,0,2,0.9833472371101379,0.3534970283508301,0.14027070999145508,0.28408237132377795,worker1->worker2,0.2780437469482422,0.07545328140258789,0.0
1105,1,0.2733755111694336,3,3,1,0,0.7804386615753174,0.19024896621704102,0.08312654495239258,0.30407458443076174,worker1,0.19024896621704102,0.0,0.0
1106,1,0.3649427890777588,3,3,1,1,0.9109684228897095,0.2831237316131592,0.08181905746459961,0.22419694240668042,worker1,0.2831237316131592,0.0,0.0
1107,1,0.36395764350891113,0,0,1,1,0.9542292356491089,0.28083109855651855,0.08312654495239258,0.2283962060831326,worker1,0.28083109855651855,0.0,0.0
1108,1,0.2719912528991699,0,0,1,0,0.8963152170181274,0.18901801109313965,0.08297324180603027,0.3050584933214354,worker1,0.18901801109313965,0.0,0.0
1109,1,0.2708394527435303,8,8,1,0,0.9496300220489502,0.18796682357788086,0.08287262916564941,0.30598433251201823,worker1,0.18796682357788086,0.0,0.0
1110,1,0.26708316802978516,4,4,1,0,0.8522696495056152,0.18491768836975098,0.08216547966003418,0.3076400518465884,worker1,0.18491768836975098,0.0,0.0
1111,1,0.35866594314575195,7,0,0,1,0.6376529932022095,0.27547264099121094,0.08319330215454102,0.23195205383839176,worker1,0.27547264099121094,0.0,0.0
1112,1,0.36736416816711426,4,2,0,1,0.9342818856239319,0.284287691116333,0.08307647705078125,0.22614202540567238,worker1,0.284287691116333,0.0,0.0
1113,1,0.2673830986022949,7,7,1,0,0.991312563419342,0.1845393180847168,0.08284378051757812,0.3098317767676101,worker1,0.1845393180847168,0.0,0.0
1114,1,0.26728296279907227,0,0,1,0,0.9081861972808838,0.1843855381011963,0.08289742469787598,0.31014855503601035,worker1,0.1843855381011963,0.0,0.0
1115,1,0.2733025550842285,4,4,1,0,0.9564212560653687,0.1898798942565918,0.08342266082763672,0.3052392276461772,worker1,0.1898798942565918,0.0,0.0
1116,1,0.2694258689880371,5,5,1,0,0.9639618396759033,0.1861872673034668,0.08323860168457031,0.3089480679684334,worker1,0.1861872673034668,0.0,0.0
1117,1,0.39019775390625,6,6,1,1,0.9988320469856262,0.3071579933166504,0.08303976058959961,0.212814553026748,worker1,0.3071579933166504,0.0,0.0
1118,1,0.3628268241882324,0,0,1,1,0.9939223527908325,0.2792510986328125,0.08357572555541992,0.23034604936503075,worker1,0.2792510986328125,0.0,0.0
1119,1,0.5271852016448975,3,2,0,2,0.9233812093734741,0.3854329586029053,0.1417522430419922,0.26888509502866126,worker1->worker2,0.2813253402709961,0.10410761833190918,0.0
1120,1,0.3673110008239746,4,4,1,1,0.8960040807723999,0.28415727615356445,0.08315372467041016,0.22638506465603975,worker1,0.28415727615356445,0.0,0.0
1121,1,0.267747163772583,5,5,1,0,0.7696981430053711,0.1853468418121338,0.08240032196044922,0.3077542290249534,worker1,0.1853468418121338,0.0,0.0
1122,1,0.27565956115722656,5,5,1,0,0.9496122598648071,0.19229578971862793,0.08336377143859863,0.3024156720290607,worker1,0.19229578971862793,0.0,0.0
1123,1,0.3650240898132324,4,4,1,1,0.9919043183326721,0.2817831039428711,0.08324098587036133,0.22804244485056388,worker1,0.2817831039428711,0.0,0.0
1124,1,0.27036118507385254,8,8,1,0,0.9990536570549011,0.1872239112854004,0.08313727378845215,0.30750447319478263,worker1,0.1872239112854004,0.0,0.0
1125,1,0.5102989673614502,1,1,1,2,0.795357882976532,0.37180328369140625,0.13849568367004395,0.2714010659009348,worker1->worker2,0.29891252517700195,0.0728907585144043,0.0
1126,1,0.3657650947570801,2,2,1,1,0.6653335094451904,0.2802102565765381,0.08555483818054199,0.23390651378957455,worker1,0.2802102565765381,0.0,0.0
1127,1,0.26877307891845703,8,8,1,0,0.9970070719718933,0.18592071533203125,0.08285236358642578,0.30826139254654417,worker1,0.18592071533203125,0.0,0.0
1128,1,0.4868316650390625,7,7,1,2,0.9521631598472595,0.3468515872955322,0.13998007774353027,0.28753281225513244,worker1->worker2,0.2716665267944336,0.07518506050109863,0.0
1129,1,0.2687842845916748,1,1,1,0,0.9981746673583984,0.18603301048278809,0.08275127410888672,0.3078724421503988,worker1,0.18603301048278809,0.0,0.0
1130,1,0.36927199363708496,3,3,1,1,0.8939327001571655,0.28623533248901367,0.08303666114807129,0.22486585113107302,worker1,0.28623533248901367,0.0,0.0
1131,1,0.3661215305328369,3,3,1,1,0.8593601584434509,0.28322458267211914,0.08289694786071777,0.22641921041921043,worker1,0.28322458267211914,0.0,0.0
1132,1,0.27011609077453613,0,0,1,0,0.8607304096221924,0.18737196922302246,0.08274412155151367,0.3063279988772663,worker1,0.18737196922302246,0.0,0.0
1133,1,0.5280499458312988,1,1,1,2,0.9918179512023926,0.3843727111816406,0.1436772346496582,0.27209023650872627,worker1->worker2,0.2838623523712158,0.1005103588104248,0.0
1134,1,0.35906362533569336,4,5,0,1,0.70713210105896,0.2762289047241211,0.08283472061157227,0.230696497129524,worker1,0.2762289047241211,0.0,0.0
1135,1,0.2662496566772461,6,6,1,0,0.8032706379890442,0.1832263469696045,0.0830233097076416,0.31182503949022683,worker1,0.1832263469696045,0.0,0.0
1136,1,0.26981472969055176,7,7,1,0,0.8073514699935913,0.18689203262329102,0.08292269706726074,0.30733198725793837,worker1,0.18689203262329102,0.0,0.0
1137,1,0.27051663398742676,8,8,1,0,0.9877346158027649,0.1873769760131836,0.08313965797424316,0.3073365831474429,worker1,0.1873769760131836,0.0,0.0
1138,1,0.26548123359680176,6,6,1,0,0.8051875829696655,0.18283843994140625,0.08264279365539551,0.31129429578027656,worker1,0.18283843994140625,0.0,0.0
1139,1,0.2695159912109375,3,5,0,0,0.9202197194099426,0.18633055686950684,0.08318543434143066,0.3086474905168997,worker1,0.18633055686950684,0.0,0.0
1140,1,0.2694375514984131,9,9,1,0,0.9850098490715027,0.18629837036132812,0.08313918113708496,0.3085656794115227,worker1,0.18629837036132812,0.0,0.0
1141,1,0.27147746086120605,8,8,1,0,0.9367424249649048,0.18862295150756836,0.0828545093536377,0.3051984834792506,worker1,0.18862295150756836,0.0,0.0
1142,1,0.274752140045166,5,5,1,0,0.9805285334587097,0.19210457801818848,0.08264756202697754,0.3008077098631197,worker1,0.19210457801818848,0.0,0.0
1143,1,0.27152252197265625,8,8,1,0,0.9780875444412231,0.18912792205810547,0.08239459991455078,0.30345401669055044,worker1,0.18912792205810547,0.0,0.0
1144,1,0.3670332431793213,3,3,1,1,0.9527536630630493,0.2835383415222168,0.08349490165710449,0.22748593815059803,worker1,0.2835383415222168,0.0,0.0
1145,1,0.3618016242980957,7,7,1,1,0.9825652837753296,0.2781343460083008,0.08366727828979492,0.23125180394673892,worker1,0.2781343460083008,0.0,0.0
1146,1,0.37168025970458984,1,1,1,1,0.7849307656288147,0.28794050216674805,0.0837397575378418,0.22530052471551182,worker1,0.28794050216674805,0.0,0.0
1147,1,0.37206268310546875,8,8,1,1,0.9636366367340088,0.28883838653564453,0.08322429656982422,0.22368353599770335,worker1,0.28883838653564453,0.0,0.0
1148,1,0.3681788444519043,3,3,1,1,0.5328146815299988,0.28512048721313477,0.08305835723876953,0.2255924219720331,worker1,0.28512048721313477,0.0,0.0
1149,1,0.3770015239715576,9,9,1,1,0.9933792352676392,0.2934432029724121,0.08355832099914551,0.22163921280448048,worker1,0.2934432029724121,0.0,0.0
1150,1,0.5323305130004883,2,2,1,2,0.9801661372184753,0.39070701599121094,0.14162349700927734,0.26604429682419395,worker1->worker2,0.28583335876464844,0.1048736572265625,0.0
1151,1,0.27536487579345703,8,8,1,0,0.828002393245697,0.19292712211608887,0.08243775367736816,0.2993764307805265,worker1,0.19292712211608887,0.0,0.0
1152,1,0.26871705055236816,4,4,1,0,0.9481377601623535,0.1867060661315918,0.08201098442077637,0.30519456897951436,worker1,0.1867060661315918,0.0,0.0
1153,1,0.3611941337585449,1,9,0,1,0.5674668550491333,0.2780880928039551,0.08310604095458984,0.23008690669972368,worker1,0.2780880928039551,0.0,0.0
1154,1,0.3717079162597656,1,1,1,1,0.9927686452865601,0.2885012626647949,0.0832066535949707,0.2238495602467134,worker1,0.2885012626647949,0.0,0.0
1155,1,0.28092432022094727,6,6,1,0,0.9846115708351135,0.19820189476013184,0.08272242546081543,0.2944651619900839,worker1,0.19820189476013184,0.0,0.0
1156,1,0.27062225341796875,9,9,1,0,0.8999121785163879,0.18853306770324707,0.08208918571472168,0.30333494262919003,worker1,0.18853306770324707,0.0,0.0
1157,1,0.36784815788269043,7,7,1,1,0.8767728209495544,0.28465986251831055,0.08318829536437988,0.22614846257000765,worker1,0.28465986251831055,0.0,0.0
1158,1,0.2780587673187256,1,0,0,0,0.8954302072525024,0.1953601837158203,0.08269858360290527,0.2974140481177916,worker1,0.1953601837158203,0.0,0.0
1159,1,0.3600637912750244,2,2,1,1,0.9832106828689575,0.2771437168121338,0.08292007446289062,0.23029273276621837,worker1,0.2771437168121338,0.0,0.0
1160,1,0.2734813690185547,1,1,1,0,0.7888223528862,0.19043540954589844,0.08304595947265625,0.3036622193704972,worker1,0.19043540954589844,0.0,0.0
1161,1,0.3718070983886719,3,3,1,1,0.8528075218200684,0.286602258682251,0.0852048397064209,0.22916410169595863,worker1,0.286602258682251,0.0,0.0
1162,1,0.26889896392822266,8,8,1,0,0.9981688261032104,0.18631601333618164,0.08258295059204102,0.30711516840981556,worker1,0.18631601333618164,0.0,0.0
1163,1,0.26731109619140625,9,9,1,0,0.9822360277175903,0.18479371070861816,0.08251738548278809,0.30869420184376517,worker1,0.18479371070861816,0.0,0.0
1164,1,0.36222338676452637,3,6,0,1,0.7348257303237915,0.27996301651000977,0.0822603702545166,0.22709845156406838,worker1,0.27996301651000977,0.0,0.0
1165,1,0.265697717666626,3,3,1,0,0.8523808121681213,0.18284893035888672,0.08284878730773926,0.31181595399208734,worker1,0.18284893035888672,0.0,0.0
1166,1,0.285722017288208,6,6,1,0,0.9039909839630127,0.20250773429870605,0.08321428298950195,0.29124210930361605,worker1,0.20250773429870605,0.0,0.0
1167,1,0.5270726680755615,2,2,1,2,0.7010464668273926,0.38469457626342773,0.1423780918121338,0.27012990890228133,worker1->worker2,0.2781836986541748,0.10651087760925293,0.0
1168,1,0.36983323097229004,3,5,0,1,0.8760392665863037,0.2866387367248535,0.08319449424743652,0.22495137613436883,worker1,0.2866387367248535,0.0,0.0
1169,1,0.2677915096282959,8,8,1,0,0.9792120456695557,0.18473601341247559,0.08305549621582031,0.310149848780136,worker1,0.18473601341247559,0.0,0.0
1170,1,0.27719950675964355,4,5,0,0,0.9560789465904236,0.19423961639404297,0.08295989036560059,0.29927863629834717,worker1,0.19423961639404297,0.0,0.0
1171,1,0.2706179618835449,9,9,1,0,0.8384501934051514,0.18771004676818848,0.08290791511535645,0.30636515971927325,worker1,0.18771004676818848,0.0,0.0
1172,1,0.2760167121887207,1,1,1,0,0.8818809986114502,0.1927790641784668,0.0832376480102539,0.3015674208645087,worker1,0.1927790641784668,0.0,0.0
1173,1,0.2677478790283203,1,1,1,0,0.628746509552002,0.18460345268249512,0.0831444263458252,0.31053253025780575,worker1,0.18460345268249512,0.0,0.0
1174,1,0.36200761795043945,8,8,1,1,0.9593281149864197,0.2785625457763672,0.08344507217407227,0.23050639830871264,worker1,0.2785625457763672,0.0,0.0
1175,1,0.36875176429748535,3,3,1,1,0.9906609654426575,0.28578615188598633,0.08296561241149902,0.22499041481078222,worker1,0.28578615188598633,0.0,0.0
1176,1,0.3799779415130615,2,2,1,1,0.9686550498008728,0.2968590259552002,0.08311891555786133,0.21874668625995533,worker1,0.2968590259552002,0.0,0.0
1177,1,0.26957249641418457,9,9,1,0,0.9695863723754883,0.1868724822998047,0.08270001411437988,0.30678209095676984,worker1,0.1868724822998047,0.0,0.0
1178,1,0.2713007926940918,9,9,1,0,0.8283558487892151,0.18846368789672852,0.08283710479736328,0.3053330732091416,worker1,0.18846368789672852,0.0,0.0
1179,1,0.5101442337036133,8,8,1,2,0.8479437232017517,0.37083864212036133,0.13930559158325195,0.2730709912604571,worker1->worker2,0.29503464698791504,0.07580399513244629,0.0
1180,1,0.3721637725830078,3,3,1,1,0.9979478716850281,0.2909536361694336,0.08121013641357422,0.2182107512774125,worker1,0.2909536361694336,0.0,0.0
1181,1,0.2695326805114746,5,5,1,0,0.9048639535903931,0.1862478256225586,0.08328485488891602,0.30899724193322964,worker1,0.1862478256225586,0.0,0.0
1182,1,0.2747936248779297,2,2,1,0,0.8445446491241455,0.1916048526763916,0.08318877220153809,0.302731812786751,worker1,0.1916048526763916,0.0,0.0
1183,1,0.2646017074584961,9,9,1,0,0.6182548403739929,0.18183302879333496,0.08276867866516113,0.31280477915337623,worker1,0.18183302879333496,0.0,0.0
1184,1,0.5384221076965332,1,9,0,2,0.692227840423584,0.3959779739379883,0.14244413375854492,0.2645584787889684,worker1->worker2,0.2895619869232178,0.10641598701477051,0.0
1185,1,0.3567943572998047,3,3,1,1,0.783511757850647,0.27379274368286133,0.08300161361694336,0.23263151986229239,worker1,0.27379274368286133,0.0,0.0
1186,1,0.27474379539489746,1,1,1,0,0.9901933073997498,0.19148015975952148,0.08326363563537598,0.3030592029046504,worker1,0.19148015975952148,0.0,0.0
1187,1,0.6702141761779785,5,5,1,3,0.9971641898155212,0.4942626953125,0.17595148086547852,0.26253022857390856,worker1->worker2->worker3,0.2828857898712158,0.07480478286743164,0.13657212257385254
1188,1,0.3686075210571289,4,3,0,1,0.7051272392272949,0.2856619358062744,0.08294558525085449,0.22502412596730254,worker1,0.2856619358062744,0.0,0.0
1189,1,0.49308180809020996,4,4,1,2,0.8997463583946228,0.35505008697509766,0.1380317211151123,0.27993675461224726,worker1->worker2,0.2791872024536133,0.07586288452148438,0.0
1190,1,0.3881504535675049,1,8,0,1,0.9848741888999939,0.3050663471221924,0.0830841064453125,0.21405129295015235,worker1,0.3050663471221924,0.0,0.0
1191,1,0.26477646827697754,3,3,1,0,0.8726353049278259,0.1823139190673828,0.08246254920959473,0.3114421373856088,worker1,0.1823139190673828,0.0,0.0
1192,1,0.275775671005249,3,3,1,0,0.8470706343650818,0.1927175521850586,0.08305811882019043,0.301180008074786,worker1,0.1927175521850586,0.0,0.0
1193,1,0.5013351440429688,0,0,1,2,0.9195435047149658,0.36285853385925293,0.13847661018371582,0.2762156450213815,worker1->worker2,0.2851521968841553,0.07770633697509766,0.0
1194,1,0.2779989242553711,9,1,0,0,0.7303287386894226,0.19487714767456055,0.08312177658081055,0.299000353341132,worker1,0.19487714767456055,0.0,0.0
1195,1,0.26743435859680176,7,7,1,0,0.9984717965126038,0.1842043399810791,0.08323001861572266,0.31121662546436174,worker1,0.1842043399810791,0.0,0.0
1196,1,0.2757596969604492,7,7,1,0,0.8314897418022156,0.1920936107635498,0.08366608619689941,0.30340215455378605,worker1,0.1920936107635498,0.0,0.0
1197,1,0.5422873497009277,8,0,0,2,0.7383798360824585,0.4008185863494873,0.14146876335144043,0.2608741720223801,worker1->worker2,0.3033409118652344,0.09747767448425293,0.0
1198,1,0.3714745044708252,3,3,1,1,0.8414563536643982,0.28824734687805176,0.08322715759277344,0.2240454098224927,worker1,0.28824734687805176,0.0,0.0
1199,1,0.49939632415771484,4,4,1,2,0.8449755311012268,0.3615760803222656,0.13782024383544922,0.2759736849643372,worker1->worker2,0.2857353687286377,0.07584071159362793,0.0
1200,1,0.2662973403930664,3,3,1,0,0.7839606404304504,0.1839280128479004,0.08236932754516602,0.3093133691218445,worker1,0.1839280128479004,0.0,0.0
1201,1,0.26666903495788574,3,7,0,0,0.8370970487594604,0.18385529518127441,0.08281373977661133,0.3105487661501076,worker1,0.18385529518127441,0.0,0.0
1202,1,0.2704167366027832,8,8,1,0,0.7763741612434387,0.18723654747009277,0.08318018913269043,0.30760000352668376,worker1,0.18723654747009277,0.0,0.0
1203,1,0.3701777458190918,8,8,1,1,0.903340220451355,0.2870209217071533,0.08315682411193848,0.22464025741995236,worker1,0.2870209217071533,0.0,0.0
1204,1,0.2753458023071289,0,0,1,0,0.8984084725379944,0.1932220458984375,0.0821237564086914,0.2982567946217975,worker1,0.1932220458984375,0.0,0.0
1205,1,0.2708125114440918,7,5,0,0,0.8686537146568298,0.18765664100646973,0.08315587043762207,0.30706066715381164,worker1,0.18765664100646973,0.0,0.0
1206,1,0.27179980278015137,4,4,1,0,0.7800998687744141,0.1886754035949707,0.08312439918518066,0.3058295051538976,worker1,0.1886754035949707,0.0,0.0
1207,1,0.27572083473205566,1,1,1,0,0.8230125308036804,0.1926279067993164,0.08309292793273926,0.3013661554212565,worker1,0.1926279067993164,0.0,0.0
1208,1,0.2708277702331543,4,4,1,0,0.9645751118659973,0.18790888786315918,0.08291888236999512,0.3061683161169575,worker1,0.18790888786315918,0.0,0.0
1209,1,0.3670973777770996,1,1,1,1,0.902215838432312,0.2838428020477295,0.08325457572937012,0.22679152935797334,worker1,0.2838428020477295,0.0,0.0
1210,1,0.6839907169342041,7,2,0,3,0.37730681896209717,0.5093462467193604,0.17464447021484375,0.25533163812169624,worker1->worker2->worker3,0.2905306816101074,0.07904720306396484,0.13976836204528809
1211,1,0.3749377727508545,8,8,1,1,0.9966607093811035,0.29192233085632324,0.08301544189453125,0.22141125255388677,worker1,0.29192233085632324,0.0,0.0
1212,1,0.5141465663909912,4,3,0,2,0.505366861820221,0.3729557991027832,0.141190767288208,0.2746119035264298,worker1->worker2,0.28652167320251465,0.08643412590026855,0.0
1213,1,0.26716113090515137,8,8,1,0,0.9751545190811157,0.18424582481384277,0.0829153060913086,0.3103569213470111,worker1,0.18424582481384277,0.0,0.0
1214,1,0.2698845863342285,0,0,1,0,0.9440858960151672,0.1867988109588623,0.08308577537536621,0.3078566897943246,worker1,0.1867988109588623,0.0,0.0
1215,1,0.27498936653137207,1,1,1,0,0.643753707408905,0.19178318977355957,0.0832061767578125,0.30257961537694567,worker1,0.19178318977355957,0.0,0.0
1216,1,0.2682301998138428,8,0,0,0,0.5696419477462769,0.18513035774230957,0.0830998420715332,0.3098079266585425,worker1,0.18513035774230957,0.0,0.0
1217,1,0.27196383476257324,3,3,1,0,0.956394612789154,0.18923568725585938,0.08272814750671387,0.30418804610155703,worker1,0.18923568725585938,0.0,0.0
1218,1,0.635230541229248,4,4,1,3,0.6698585152626038,0.4648170471191406,0.17041349411010742,0.2682703098316663,worker1->worker2->worker3,0.28786134719848633,0.0763096809387207,0.1006460189819336
1219,1,0.26706743240356445,5,5,1,0,0.9118167161941528,0.1842360496520996,0.08283138275146484,0.31015156736257793,worker1,0.1842360496520996,0.0,0.0
1220,1,0.27263426780700684,8,8,1,0,0.9776696562767029,0.19071221351623535,0.08192205429077148,0.30048333597140736,worker1,0.19071221351623535,0.0,0.0
1221,1,0.37505674362182617,1,1,1,1,0.9977794289588928,0.2919130325317383,0.08314371109008789,0.2216830186472333,worker1,0.2919130325317383,0.0,0.0
1222,1,0.36528921127319336,6,6,1,1,0.9884461164474487,0.28185415267944336,0.08343505859375,0.22840822016873197,worker1,0.28185415267944336,0.0,0.0
1223,1,0.5013387203216553,2,7,0,2,0.7975831627845764,0.3634788990020752,0.13785982131958008,0.2749833909320433,worker1->worker2,0.2843005657196045,0.0791783332824707,0.0
1224,1,0.3608665466308594,3,3,1,1,0.9988306164741516,0.2779829502105713,0.08288359642028809,0.2296793570756562,worker1,0.2779829502105713,0.0,0.0
1225,1,0.3691716194152832,1,1,1,1,0.9650783538818359,0.2860267162322998,0.0831449031829834,0.22522019248032507,worker1,0.2860267162322998,0.0,0.0
1226,1,0.2695741653442383,8,8,1,0,0.9996440410614014,0.18666648864746094,0.08290767669677734,0.3075505272951756,worker1,0.18666648864746094,0.0,0.0
1227,1,0.26978087425231934,8,8,1,0,0.7924173474311829,0.18685555458068848,0.08292531967163086,0.30738027631296383,worker1,0.18685555458068848,0.0,0.0
1228,1,0.7196002006530762,5,5,1,3,0.8105118274688721,0.5402216911315918,0.17937850952148438,0.24927523555258693,worker1->worker2->worker3,0.2938268184661865,0.10787177085876465,0.13852310180664062
1229,1,0.26724672317504883,1,1,1,0,0.9266133904457092,0.18459606170654297,0.08265066146850586,0.3092672586835386,worker1,0.18459606170654297,0.0,0.0
1230,1,0.2837796211242676,4,7,0,0,0.7195494174957275,0.20093083381652832,0.08284878730773926,0.2919476281612894,worker1,0.20093083381652832,0.0,0.0
1231,1,0.503544807434082,6,2,0,2,0.5784951448440552,0.36452579498291016,0.13901901245117188,0.27608071893258584,worker1->worker2,0.2870368957519531,0.07748889923095703,0.0
1232,1,0.27612972259521484,1,9,0,0,0.8933659791946411,0.19272780418395996,0.08340191841125488,0.30203890268457534,worker1,0.19272780418395996,0.0,0.0
1233,1,0.6358537673950195,3,3,1,3,0.7915768027305603,0.4657471179962158,0.1701066493988037,0.26752479598524764,worker1->worker2->worker3,0.2913064956665039,0.07367634773254395,0.10076427459716797
1234,1,0.27025771141052246,8,8,1,0,0.8743783831596375,0.18779730796813965,0.08246040344238281,0.3051176708779464,worker1,0.18779730796813965,0.0,0.0
1235,1,0.2743687629699707,8,8,1,0,0.7880262732505798,0.19124245643615723,0.08312630653381348,0.302972924592409,worker1,0.19124245643615723,0.0,0.0
1236,1,0.3644843101501465,4,4,1,1,0.8810707926750183,0.2814342975616455,0.08305001258850098,0.2278562074572954,worker1,0.2814342975616455,0.0,0.0
1237,1,0.270932674407959,9,9,1,0,0.9345242381095886,0.18805289268493652,0.08287978172302246,0.3059054501422947,worker1,0.18805289268493652,0.0,0.0
1238,1,0.5082170963287354,5,4,0,2,0.9275607466697693,0.36968183517456055,0.1385352611541748,0.2725907139978711,worker1->worker2,0.2926363945007324,0.07704544067382812,0.0
1239,1,0.2927389144897461,2,2,1,0,0.7738102674484253,0.2107248306274414,0.08201408386230469,0.2801611941659961,worker1,0.2107248306274414,0.0,0.0
1240,1,0.2804226875305176,6,6,1,0,0.9908714890480042,0.19843006134033203,0.08199262619018555,0.2923894172480696,worker1,0.19843006134033203,0.0,0.0
1241,1,0.28351330757141113,5,5,1,0,0.8822457790374756,0.20070481300354004,0.0828084945678711,0.29207974495875594,worker1,0.20070481300354004,0.0,0.0
1242,1,0.26993393898010254,6,6,1,0,0.8658854961395264,0.1869826316833496,0.08295130729675293,0.3073022518404678,worker1,0.1869826316833496,0.0,0.0
1243,1,0.382352352142334,0,0,1,1,0.9930754899978638,0.3011176586151123,0.08123469352722168,0.2124602949924612,worker1,0.3011176586151123,0.0,0.0
1244,1,0.2709798812866211,9,9,1,0,0.9368136525154114,0.1876828670501709,0.0832970142364502,0.30739187662550194,worker1,0.1876828670501709,0.0,0.0
1245,1,0.3769707679748535,3,5,0,1,0.9462785720825195,0.2937042713165283,0.0832664966583252,0.2208831658370912,worker1,0.2937042713165283,0.0,0.0
1246,1,0.37456393241882324,3,3,1,1,0.982628583908081,0.29146265983581543,0.08310127258300781,0.2218613843739955,worker1,0.29146265983581543,0.0,0.0
1247,1,0.27880263328552246,9,9,1,0,0.9568468332290649,0.19525623321533203,0.08354640007019043,0.2996614453947081,worker1,0.19525623321533203,0.0,0.0
1248,1,0.2742338180541992,5,3,0,0,0.9407212734222412,0.1910841464996338,0.08314967155456543,0.3032072125332545,worker1,0.1910841464996338,0.0,0.0
1249,1,0.37459397315979004,2,2,1,1,0.8778849840164185,0.2909679412841797,0.08362603187561035,0.22324446698969744,worker1,0.2909679412841797,0.0,0.0
1250,1,0.29752373695373535,1,8,0,0,0.858575165271759,0.21297192573547363,0.08455181121826172,0.2841850942179092,worker1,0.21297192573547363,0.0,0.0
1251,1,0.27898526191711426,7,7,1,0,0.9316104650497437,0.19588851928710938,0.08309674263000488,0.297853521218238,worker1,0.19588851928710938,0.0,0.0
1252,1,0.37851858139038086,3,3,1,1,0.9309594035148621,0.29511260986328125,0.08340597152709961,0.22034842046784436,worker1,0.29511260986328125,0.0,0.0
1253,1,0.37110328674316406,3,3,1,1,0.9920652508735657,0.28800463676452637,0.0830986499786377,0.2239232390203788,worker1,0.28800463676452637,0.0,0.0
1254,1,0.6864948272705078,2,5,0,3,0.9710325002670288,0.506274938583374,0.1802198886871338,0.26252184507155735,worker1->worker2->worker3,0.2925255298614502,0.08360433578491211,0.13014507293701172
1255,1,0.3718743324279785,7,7,1,1,0.8268629908561707,0.28868842124938965,0.08318591117858887,0.22369360809460978,worker1,0.28868842124938965,0.0,0.0
1256,1,0.28025054931640625,7,7,1,0,0.943378746509552,0.196913480758667,0.08333706855773926,0.2973662986959954,worker1,0.196913480758667,0.0,0.0
1257,1,0.3714611530303955,1,1,1,1,0.9922768473625183,0.2885096073150635,0.08295154571533203,0.22331149580140447,worker1,0.2885096073150635,0.0,0.0
1258,1,0.37620973587036133,6,6,1,1,0.9998677968978882,0.29285359382629395,0.08335614204406738,0.2215682745456412,worker1,0.29285359382629395,0.0,0.0
1259,1,0.36879611015319824,3,3,1,1,0.9835616946220398,0.28569817543029785,0.08309793472290039,0.22532215615935167,worker1,0.28569817543029785,0.0,0.0
1260,1,0.28089308738708496,9,9,1,0,0.9729189276695251,0.1991138458251953,0.08177924156188965,0.2911401000381106,worker1,0.1991138458251953,0.0,0.0
1261,1,0.2818336486816406,2,7,0,0,0.8623448610305786,0.20043706893920898,0.08139657974243164,0.28881072264858354,worker1,0.20043706893920898,0.0,0.0
1262,1,0.5271551609039307,6,6,1,2,0.8273019194602966,0.3887062072753906,0.13844895362854004,0.2626341614319719,worker1->worker2,0.3097984790802002,0.07890772819519043,0.0
1263,1,0.2818613052368164,2,2,1,0,0.7998575568199158,0.19879770278930664,0.08306360244750977,0.29469672106187383,worker1,0.19879770278930664,0.0,0.0
1264,1,0.27214956283569336,7,7,1,0,0.9663586616516113,0.18919634819030762,0.08295321464538574,0.30480745139196724,worker1,0.18919634819030762,0.0,0.0
1265,1,0.2725815773010254,4,4,1,0,0.9458763003349304,0.18996763229370117,0.08261394500732422,0.30307970856038274,worker1,0.18996763229370117,0.0,0.0
1266,1,0.5133965015411377,7,7,1,2,0.8807246088981628,0.37464022636413574,0.13875627517700195,0.2702711739571206,worker1->worker2,0.298206090927124,0.07643413543701172,0.0
1267,1,0.3746764659881592,4,4,1,1,0.7512853741645813,0.29174375534057617,0.08293271064758301,0.22134486197007078,worker1,0.29174375534057617,0.0,0.0
1268,1,0.27719950675964355,0,1,0,0,0.6175219416618347,0.19515180587768555,0.08204770088195801,0.2959879035899606,worker1,0.19515180587768555,0.0,0.0
1269,1,0.37809228897094727,5,5,1,1,0.7527730464935303,0.29607725143432617,0.0820150375366211,0.21691803807964768,worker1,0.29607725143432617,0.0,0.0
1270,1,0.27869439125061035,9,9,1,0,0.9939654469490051,0.19534015655517578,0.08335423469543457,0.29908831075283443,worker1,0.19534015655517578,0.0,0.0
1271,1,0.3739640712738037,3,5,0,1,0.9683535099029541,0.290907621383667,0.08305644989013672,0.22209740525935612,worker1,0.290907621383667,0.0,0.0
1272,1,0.2667679786682129,1,1,1,0,0.9582424759864807,0.18374109268188477,0.08302688598632812,0.31123257896552525,worker1,0.18374109268188477,0.0,0.0
1273,1,0.28770947456359863,8,8,1,0,0.9968640804290771,0.20488214492797852,0.08282732963562012,0.28788530430307746,worker1,0.20488214492797852,0.0,0.0
1274,1,0.3763608932495117,3,3,1,1,0.9770270586013794,0.2933690547943115,0.0829918384552002,0.22051132289182881,worker1,0.2933690547943115,0.0,0.0
1275,1,0.2750570774078369,6,6,1,0,0.7478315234184265,0.19165349006652832,0.0834035873413086,0.3032228369737352,worker1,0.19165349006652832,0.0,0.0
1276,1,0.3780686855316162,6,2,0,1,0.8116304278373718,0.29508543014526367,0.08298325538635254,0.21949253816053754,worker1,0.29508543014526367,0.0,0.0
1277,1,0.2806406021118164,5,5,1,0,0.9442455768585205,0.19754815101623535,0.08309245109558105,0.29608135982574,worker1,0.19754815101623535,0.0,0.0
1278,1,0.3857765197753906,9,1,0,1,0.9863770604133606,0.3025026321411133,0.08327388763427734,0.2158604356811597,worker1,0.3025026321411133,0.0,0.0
1279,1,0.3863353729248047,3,3,1,1,0.9995688796043396,0.30339670181274414,0.08293867111206055,0.21468050021969776,worker1,0.30339670181274414,0.0,0.0
1280,1,0.283416748046875,5,5,1,0,0.8626437783241272,0.20039892196655273,0.08301782608032227,0.2929178556046086,worker1,0.20039892196655273,0.0,0.0
1281,1,0.3830132484436035,6,6,1,1,0.9880453944206238,0.30081820487976074,0.08219504356384277,0.21460104551956646,worker1,0.30081820487976074,0.0,0.0
1282,1,0.27055978775024414,5,5,1,0,0.8713359236717224,0.18745946884155273,0.0831003189086914,0.30714216476767037,worker1,0.18745946884155273,0.0,0.0
1283,1,0.2806220054626465,7,7,1,0,0.8118190765380859,0.19814443588256836,0.08247756958007812,0.2939098430434982,worker1,0.19814443588256836,0.0,0.0
1284,1,0.38771533966064453,3,3,1,1,0.6038248538970947,0.3063838481903076,0.08133149147033691,0.20977114689742196,worker1,0.3063838481903076,0.0,0.0
1285,1,0.2847161293029785,0,0,1,0,0.8155949115753174,0.20199179649353027,0.08272433280944824,0.29055021579552937,worker1,0.20199179649353027,0.0,0.0
1286,1,0.3905808925628662,3,5,0,1,0.8653219938278198,0.30730772018432617,0.08327317237854004,0.2132033951587551,worker1,0.30730772018432617,0.0,0.0
1287,1,0.38004469871520996,6,6,1,1,0.9995731711387634,0.2963242530822754,0.08372044563293457,0.22029104975273256,worker1,0.2963242530822754,0.0,0.0
1288,1,0.3908703327178955,3,4,0,1,0.9545087814331055,0.30707263946533203,0.08379769325256348,0.2143874483127967,worker1,0.30707263946533203,0.0,0.0
1289,1,0.26749229431152344,2,2,1,0,0.9347077012062073,0.1845417022705078,0.08295059204101562,0.31010460415136587,worker1,0.1845417022705078,0.0,0.0
1290,1,0.2951061725616455,0,0,1,0,0.7621073126792908,0.21152758598327637,0.08357858657836914,0.2832153114686552,worker1,0.21152758598327637,0.0,0.0
1291,1,0.27252197265625,3,5,0,0,0.7159207463264465,0.1892685890197754,0.08325338363647461,0.3054923712206047,worker1,0.1892685890197754,0.0,0.0
1292,1,0.3871574401855469,2,2,1,1,0.9805400967597961,0.30374717712402344,0.08341026306152344,0.21544274861810406,worker1,0.30374717712402344,0.0,0.0
1293,1,0.38693881034851074,3,3,1,1,0.9925480484962463,0.3038649559020996,0.08307385444641113,0.21469506863782312,worker1,0.3038649559020996,0.0,0.0
1294,1,0.2847566604614258,4,2,0,0,0.8082110285758972,0.20217394828796387,0.08258271217346191,0.29001152085307896,worker1,0.20217394828796387,0.0,0.0
1295,1,0.2854435443878174,7,7,1,0,0.9861412048339844,0.20409274101257324,0.08135080337524414,0.2849978742721784,worker1,0.20409274101257324,0.0,0.0
1296,1,0.7111575603485107,2,2,1,3,0.5775620937347412,0.5315499305725098,0.17960762977600098,0.2525567325586502,worker1->worker2->worker3,0.298412561416626,0.10724091529846191,0.12589645385742188
1297,1,0.5074813365936279,7,1,0,2,0.9099015593528748,0.3689863681793213,0.13849496841430664,0.2729065256742796,worker1->worker2,0.2898287773132324,0.07915759086608887,0.0
1298,1,0.27665042877197266,5,5,1,0,0.8069315552711487,0.19368648529052734,0.08296394348144531,0.2998872759739252,worker1,0.19368648529052734,0.0,0.0
1299,1,0.3874998092651367,4,4,1,1,0.6980289220809937,0.30460238456726074,0.08289742469787598,0.21392894322989345,worker1,0.30460238456726074,0.0,0.0
1300,1,0.37987565994262695,3,3,1,1,0.9940472841262817,0.29652929306030273,0.08334636688232422,0.21940433586851055,worker1,0.29652929306030273,0.0,0.0
1301,1,0.28319883346557617,5,5,1,0,0.9302339553833008,0.19999003410339355,0.08320879936218262,0.2938175921981576,worker1,0.19999003410339355,0.0,0.0
1302,1,0.3870086669921875,2,2,1,1,0.7024099230766296,0.30382776260375977,0.08318090438842773,0.21493292394432836,worker1,0.30382776260375977,0.0,0.0
1303,1,0.28714656829833984,6,6,1,0,0.8792210817337036,0.20407319068908691,0.08307337760925293,0.28930653116126137,worker1,0.20407319068908691,0.0,0.0
1304,1,0.27591657638549805,9,9,1,0,0.9675123691558838,0.19304180145263672,0.08287477493286133,0.30036171084216584,worker1,0.19304180145263672,0.0,0.0
1305,1,0.50612473487854,7,7,1,2,0.9967628717422485,0.3680565357208252,0.13806819915771484,0.27279480658231114,worker1->worker2,0.2971029281616211,0.0709536075592041,0.0
1306,1,0.27605390548706055,6,6,1,0,0.9252210259437561,0.19357633590698242,0.08247756958007812,0.2987734204830661,worker1,0.19357633590698242,0.0,0.0
1307,1,0.38192081451416016,0,0,1,1,0.9637158513069153,0.299938440322876,0.08198237419128418,0.21465804186549406,worker1,0.299938440322876,0.0,0.0
1308,1,0.3755612373352051,3,3,1,1,0.9815324544906616,0.2925543785095215,0.0830068588256836,0.22102083648104578,worker1,0.2925543785095215,0.0,0.0
1309,1,0.27803730964660645,7,7,1,0,0.9302710890769958,0.19498300552368164,0.0830543041229248,0.29871639971084907,worker1,0.19498300552368164,0.0,0.0
1310,1,0.2838857173919678,7,7,1,0,0.9878582954406738,0.20060944557189941,0.08327627182006836,0.29334435203405046,worker1,0.20060944557189941,0.0,0.0
1311,1,0.3880445957183838,3,5,0,1,0.6683067083358765,0.3049497604370117,0.08309483528137207,0.21413733420907274,worker1,0.3049497604370117,0.0,0.0
1312,1,0.2783479690551758,6,6,1,0,0.9186210036277771,0.1951601505279541,0.08318781852722168,0.29886267469309863,worker1,0.1951601505279541,0.0,0.0
1313,1,0.7243292331695557,8,1,0,3,0.9255660772323608,0.5445318222045898,0.17979741096496582,0.2482260866073283,worker1->worker2->worker3,0.30141162872314453,0.10068202018737793,0.14243817329406738
1314,1,0.27834272384643555,6,6,1,0,0.7583563327789307,0.19544267654418945,0.0829000473022461,0.2978344328770127,worker1,0.19544267654418945,0.0,0.0
1315,1,0.5023112297058105,5,5,1,2,0.4844563603401184,0.3643677234649658,0.13794350624084473,0.2746176037546171,worker1->worker2,0.2859337329864502,0.07843399047851562,0.0
1316,1,0.2793443202972412,6,6,1,0,0.8063556551933289,0.19637179374694824,0.08297252655029297,0.2970260016813823,worker1,0.19637179374694824,0.0,0.0
1317,1,0.27747058868408203,9,9,1,0,0.9976686835289001,0.19473719596862793,0.0827333927154541,0.29816995418441034,worker1,0.19473719596862793,0.0,0.0
1318,1,0.28008389472961426,4,3,0,0,0.8453181982040405,0.1969599723815918,0.08312392234802246,0.2967822281544183,worker1,0.1969599723815918,0.0,0.0
1319,1,0.5037899017333984,6,6,1,2,0.5975736379623413,0.3650527000427246,0.13873720169067383,0.27538702386315883,worker1->worker2,0.287853479385376,0.07719922065734863,0.0
1320,1,0.5045053958892822,4,3,0,2,0.6917656660079956,0.36624860763549805,0.13825678825378418,0.27404422109317883,worker1->worker2,0.2906453609466553,0.07560324668884277,0.0
1321,1,0.27344465255737305,5,5,1,0,0.8179870843887329,0.19141578674316406,0.08202886581420898,0.2999834337480709,worker1,0.19141578674316406,0.0,0.0
1322,1,0.3696763515472412,9,9,1,1,0.9972987771034241,0.2873871326446533,0.08228921890258789,0.22259800649453254,worker1,0.2873871326446533,0.0,0.0
1323,1,0.27743005752563477,9,9,1,0,0.9880130290985107,0.19407224655151367,0.0833578109741211,0.3004642385096242,worker1,0.19407224655151367,0.0,0.0
1324,1,0.37502217292785645,2,2,1,1,0.9815497994422913,0.29195594787597656,0.08306622505187988,0.22149683684932264,worker1,0.29195594787597656,0.0,0.0
1325,1,0.6438825130462646,8,8,1,3,0.818273663520813,0.47315073013305664,0.170731782913208,0.26515983809757615,worker1->worker2->worker3,0.29570984840393066,0.07449579238891602,0.10294508934020996
1326,1,0.27902770042419434,0,0,1,0,0.9351568222045898,0.19650769233703613,0.0825200080871582,0.2957412757289202,worker1,0.19650769233703613,0.0,0.0
1327,1,0.2760648727416992,4,4,1,0,0.627048671245575,0.19304394721984863,0.08302092552185059,0.30072976941013907,worker1,0.19304394721984863,0.0,0.0
1328,1,0.27576112747192383,8,0,0,0,0.6563469171524048,0.19310927391052246,0.08265185356140137,0.29972264154532235,worker1,0.19310927391052246,0.0,0.0
1329,1,0.38062047958374023,0,0,1,1,0.9879173636436462,0.29875826835632324,0.08186221122741699,0.2150756872487375,worker1,0.29875826835632324,0.0,0.0
1330,1,0.37260937690734863,6,6,1,1,0.9717370867729187,0.2894444465637207,0.08316493034362793,0.22319602108217299,worker1,0.2894444465637207,0.0,0.0
1331,1,0.2893698215484619,6,6,1,0,0.9666780829429626,0.2061913013458252,0.08317852020263672,0.2874471144141286,worker1,0.2061913013458252,0.0,0.0
1332,1,0.7308576107025146,5,7,0,3,0.7782997488975525,0.5523290634155273,0.1785285472869873,0.24427268003049482,worker1->worker2->worker3,0.2990381717681885,0.11041903495788574,0.14287185668945312
1333,1,0.5032904148101807,4,4,1,2,0.9998832941055298,0.3652338981628418,0.13805651664733887,0.27430786000446244,worker1->worker2,0.2873053550720215,0.07792854309082031,0.0
1334,1,0.27336740493774414,2,2,1,0,0.9236757755279541,0.1908397674560547,0.08252763748168945,0.3018927494317914,worker1,0.1908397674560547,0.0,0.0
1335,1,0.2784757614135742,8,8,1,0,0.9990028738975525,0.19689583778381348,0.08157992362976074,0.2929516135108201,worker1,0.19689583778381348,0.0,0.0
1336,1,0.5105817317962646,5,5,1,2,0.9639142155647278,0.3721916675567627,0.13839006423950195,0.27104390075343154,worker1->worker2,0.29570937156677246,0.07648229598999023,0.0
1337,1,0.37366724014282227,2,3,0,1,0.871083676815033,0.290790319442749,0.08287692070007324,0.22179338137428425,worker1,0.290790319442749,0.0,0.0
1338,1,0.635469913482666,8,1,0,3,0.5235583186149597,0.4648616313934326,0.1706082820892334,0.2684757822037898,worker1->worker2->worker3,0.2895011901855469,0.07552576065063477,0.09983468055725098
1339,1,0.3724088668823242,3,4,0,1,0.8790554404258728,0.28940534591674805,0.08300352096557617,0.22288277306728058,worker1,0.28940534591674805,0.0,0.0
1340,1,0.3682749271392822,9,9,1,1,0.9945143461227417,0.2851674556732178,0.08310747146606445,0.22566692799760724,worker1,0.2851674556732178,0.0,0.0
1341,1,0.27609682083129883,9,1,0,0,0.8553737998008728,0.19322776794433594,0.08286905288696289,0.3001449007542093,worker1,0.19322776794433594,0.0,0.0
1342,1,0.2745387554168701,9,9,1,0,0.8429169058799744,0.19173407554626465,0.08280467987060547,0.3016138094779066,worker1,0.19173407554626465,0.0,0.0
1343,1,0.2839162349700928,6,6,1,0,0.9353289604187012,0.2009127140045166,0.08300352096557617,0.292352147365999,worker1,0.2009127140045166,0.0,0.0
1344,1,0.2845032215118408,7,0,0,0,0.8411685228347778,0.20152735710144043,0.08297586441040039,0.2916517569448576,worker1,0.20152735710144043,0.0,0.0
1345,1,0.28098368644714355,6,6,1,0,0.9388352036476135,0.19775009155273438,0.08323359489440918,0.2962221613177761,worker1,0.19775009155273438,0.0,0.0
1346,1,0.5401129722595215,3,3,1,2,0.8427618741989136,0.3953287601470947,0.14478421211242676,0.26806283046069607,worker1->worker2,0.28702545166015625,0.10830330848693848,0.0
1347,1,0.270615816116333,7,7,1,0,0.8988847136497498,0.18798303604125977,0.08263278007507324,0.3053508891717949,worker1,0.18798303604125977,0.0,0.0
1348,1,0.38835811614990234,8,7,0,1,0.8476609587669373,0.2972893714904785,0.09106874465942383,0.23449682360770388,worker1,0.2972893714904785,0.0,0.0
1349,1,0.2780039310455322,2,2,1,0,0.8713181018829346,0.19490647315979004,0.08309745788574219,0.2989074923265465,worker1,0.19490647315979004,0.0,0.0
1350,1,0.37505435943603516,0,0,1,1,0.8636609315872192,0.2918832302093506,0.08317112922668457,0.22175753229944592,worker1,0.2918832302093506,0.0,0.0
1351,1,0.38002896308898926,4,4,1,1,0.9225872755050659,0.29683899879455566,0.0831899642944336,0.21890427408016652,worker1,0.29683899879455566,0.0,0.0
1352,1,0.2757911682128906,8,8,1,0,0.9786591529846191,0.1925971508026123,0.08319401741027832,0.3016558432576732,worker1,0.1925971508026123,0.0,0.0
1353,1,0.3810155391693115,2,0,0,1,0.837785005569458,0.2978518009185791,0.08316373825073242,0.21826862608293,worker1,0.2978518009185791,0.0,0.0
1354,1,0.2821063995361328,7,2,0,0,0.8053174018859863,0.1987934112548828,0.08331298828125,0.29532470166661035,worker1,0.1987934112548828,0.0,0.0
1355,1,0.38110828399658203,4,4,1,1,0.8532956838607788,0.2976975440979004,0.08341073989868164,0.2188636232830607,worker1,0.2976975440979004,0.0,0.0
1356,1,0.3788611888885498,2,2,1,1,0.8354741930961609,0.2957305908203125,0.0831305980682373,0.21942231219860306,worker1,0.2957305908203125,0.0,0.0
1357,1,0.5195596218109131,5,5,1,2,0.9361771941184998,0.38189268112182617,0.13766694068908691,0.26496851354470535,worker1->worker2,0.3009648323059082,0.08092784881591797,0.0
1358,1,0.3792130947113037,6,6,1,1,0.768375039100647,0.2960522174835205,0.0831608772277832,0.2192985379133436,worker1,0.2960522174835205,0.0,0.0
1359,1,0.27748751640319824,7,7,1,0,0.9298492670059204,0.1943192481994629,0.08316826820373535,0.2997189541416674,worker1,0.1943192481994629,0.0,0.0
1360,1,0.2736058235168457,4,4,1,0,0.9397600889205933,0.1916356086730957,0.08197021484375,0.2995923617053537,worker1,0.1916356086730957,0.0,0.0
1361,1,0.28194546699523926,8,8,1,0,0.9924821257591248,0.20034027099609375,0.08160519599914551,0.2894360986499685,worker1,0.20034027099609375,0.0,0.0
1362,1,0.36803245544433594,2,2,1,1,0.8567764163017273,0.28668880462646484,0.0813436508178711,0.22102303645927807,worker1,0.28668880462646484,0.0,0.0
1363,1,0.3866405487060547,9,1,0,1,0.6067662835121155,0.3044586181640625,0.08218193054199219,0.2125538327964442,worker1,0.3044586181640625,0.0,0.0
1364,1,0.29091548919677734,1,1,1,0,0.928164541721344,0.20796775817871094,0.0829477310180664,0.28512655426868644,worker1,0.20796775817871094,0.0,0.0
1365,1,0.28748369216918945,8,0,0,0,0.616523802280426,0.2052609920501709,0.08222270011901855,0.28600822362692135,worker1,0.2052609920501709,0.0,0.0
1366,1,0.3820464611053467,5,5,1,1,0.5528219938278198,0.3007333278656006,0.0813131332397461,0.21283571899734088,worker1,0.3007333278656006,0.0,0.0
1367,1,0.2746305465698242,9,9,1,0,0.9976413249969482,0.19166302680969238,0.08296751976013184,0.3021059412232482,worker1,0.19166302680969238,0.0,0.0
1368,1,0.3836071491241455,3,3,1,1,0.897663414478302,0.3006291389465332,0.0829780101776123,0.21630986379442685,worker1,0.3006291389465332,0.0,0.0
1369,1,0.5253646373748779,5,3,0,2,0.989531397819519,0.3829514980316162,0.14241313934326172,0.27107484823277467,worker1->worker2,0.29509544372558594,0.08785605430603027,0.0
1370,1,0.3788895606994629,0,8,0,1,0.9037606716156006,0.29544544219970703,0.08344411849975586,0.2202333533436783,worker1,0.29544544219970703,0.0,0.0
1371,1,0.38771629333496094,1,1,1,1,0.9880130290985107,0.3047218322753906,0.08299446105957031,0.2140597712458492,worker1,0.3047218322753906,0.0,0.0
1372,1,0.2839996814727783,2,0,0,0,0.8143200278282166,0.20115303993225098,0.08284664154052734,0.29171385373003766,worker1,0.20115303993225098,0.0,0.0
1373,1,0.27696728706359863,8,0,0,0,0.9118125438690186,0.19510436058044434,0.0818629264831543,0.2955689365017195,worker1,0.19510436058044434,0.0,0.0
1374,1,0.28252696990966797,8,1,0,0,0.9917318820953369,0.19937634468078613,0.08315062522888184,0.2943103989522398,worker1,0.19937634468078613,0.0,0.0
1375,1,0.2735779285430908,7,5,0,0,0.8738328218460083,0.19165396690368652,0.0819239616394043,0.2994538414545404,worker1,0.19165396690368652,0.0,0.0
1376,1,0.2826402187347412,8,8,1,0,0.75807124376297,0.19919514656066895,0.08344507217407227,0.2952342470849336,worker1,0.19919514656066895,0.0,0.0
1377,1,0.285844087600708,0,0,1,0,0.9975518584251404,0.20183849334716797,0.08400559425354004,0.29388606550745383,worker1,0.20183849334716797,0.0,0.0
1378,1,0.2779107093811035,6,6,1,0,0.7034197449684143,0.1953742504119873,0.08253645896911621,0.2969891270218472,worker1,0.1953742504119873,0.0,0.0
1379,1,0.27743983268737793,4,4,1,0,0.8247487545013428,0.1941218376159668,0.08331799507141113,0.30031014027208813,worker1,0.1941218376159668,0.0,0.0
1380,1,0.2723677158355713,3,3,1,0,0.7527929544448853,0.18922972679138184,0.08313798904418945,0.3052417162920291,worker1,0.18922972679138184,0.0,0.0
1381,1,0.3802807331085205,5,5,1,1,0.9914162755012512,0.2971343994140625,0.08314633369445801,0.2186446129279197,worker1,0.2971343994140625,0.0,0.0
1382,1,0.37899351119995117,7,6,0,1,0.8782965540885925,0.2958214282989502,0.08317208290100098,0.21945516332895912,worker1,0.2958214282989502,0.0,0.0
1383,1,0.2799546718597412,4,4,1,0,0.97395259141922,0.19639015197753906,0.08356451988220215,0.2984930357728355,worker1,0.19639015197753906,0.0,0.0
1384,1,0.2853856086730957,3,3,1,0,0.49151092767715454,0.20219826698303223,0.08318734169006348,0.29149101833426067,worker1,0.20219826698303223,0.0,0.0
1385,1,0.27722907066345215,8,8,1,0,0.9984562397003174,0.1943831443786621,0.08284592628479004,0.2988356382919255,worker1,0.1943831443786621,0.0,0.0
1386,1,0.3858826160430908,9,1,0,1,0.6126431226730347,0.3038966655731201,0.0819859504699707,0.2124634462953249,worker1,0.3038966655731201,0.0,0.0
1387,1,0.27878403663635254,7,7,1,0,0.9607855677604675,0.19595885276794434,0.0828251838684082,0.29709442788665064,worker1,0.19595885276794434,0.0,0.0
1388,1,0.27982473373413086,4,4,1,0,0.8304460644721985,0.19657516479492188,0.08324956893920898,0.29750611330271715,worker1,0.19657516479492188,0.0,0.0
1389,1,0.37412595748901367,1,1,1,1,0.958581268787384,0.2909226417541504,0.08320331573486328,0.22239385979334667,worker1,0.2909226417541504,0.0,0.0
1390,1,0.7193195819854736,9,1,0,3,0.718619167804718,0.5404961109161377,0.17882347106933594,0.24860086607922652,worker1->worker2->worker3,0.2982354164123535,0.1015923023223877,0.14066839218139648
1391,1,0.3817586898803711,0,0,1,1,0.9310781359672546,0.2988097667694092,0.08294892311096191,0.21728103461627818,worker1,0.2988097667694092,0.0,0.0
1392,1,0.27753305435180664,6,6,1,0,0.9470726847648621,0.19448590278625488,0.08304715156555176,0.2992333715330336,worker1,0.19448590278625488,0.0,0.0
1393,1,0.37598276138305664,2,2,1,1,0.8304580450057983,0.2927415370941162,0.08324122428894043,0.2213963852564322,worker1,0.2927415370941162,0.0,0.0
1394,1,0.27766919136047363,1,1,1,0,0.9999858140945435,0.19456911087036133,0.0831000804901123,0.2992772805760461,worker1,0.19456911087036133,0.0,0.0
1395,1,0.26793932914733887,0,0,1,0,0.7024660110473633,0.18525290489196777,0.0826864242553711,0.3086012961161895,worker1,0.18525290489196777,0.0,0.0
1396,1,0.27921581268310547,9,9,1,0,0.9756407737731934,0.1974029541015625,0.08181285858154297,0.2930094029967996,worker1,0.1974029541015625,0.0,0.0
1397,1,0.38026976585388184,4,4,1,1,0.6886700391769409,0.29693078994750977,0.08333897590637207,0.21915751234978528,worker1,0.29693078994750977,0.0,0.0
1398,1,0.3805959224700928,3,8,0,1,0.8033937215805054,0.2972147464752197,0.08338117599487305,0.2190805814568997,worker1,0.2972147464752197,0.0,0.0
1399,1,0.28111982345581055,9,9,1,0,0.9847500324249268,0.19803595542907715,0.0830838680267334,0.2955461020335815,worker1,0.19803595542907715,0.0,0.0
1400,1,0.3783760070800781,5,2,0,1,0.6738492250442505,0.29496073722839355,0.08341526985168457,0.22045602334936334,worker1,0.29496073722839355,0.0,0.0
1401,1,0.2802543640136719,1,1,1,0,0.8981431126594543,0.19808125495910645,0.08217310905456543,0.29320902582111696,worker1,0.19808125495910645,0.0,0.0
1402,1,0.5034885406494141,6,4,0,2,0.9132354259490967,0.3653883934020996,0.13810014724731445,0.2742865747633281,worker1->worker2,0.2900536060333252,0.07533478736877441,0.0
1403,1,0.28214025497436523,9,7,0,0,0.8276678919792175,0.19905781745910645,0.08308243751525879,0.29447211466796014,worker1,0.19905781745910645,0.0,0.0
1404,1,0.3808250427246094,9,8,0,1,0.8500019311904907,0.29772377014160156,0.08310127258300781,0.21821378129038074,worker1,0.29772377014160156,0.0,0.0
1405,1,0.27087855339050293,4,3,0,0,0.97390216588974,0.18785405158996582,0.08302450180053711,0.30650083131848255,worker1,0.18785405158996582,0.0,0.0
1406,1,0.28449082374572754,5,5,1,0,0.8780298233032227,0.20137429237365723,0.08311653137207031,0.2921589184414548,worker1,0.20137429237365723,0.0,0.0
1407,1,0.5403258800506592,7,7,1,2,0.789166271686554,0.3973395824432373,0.14298629760742188,0.2646297408408717,worker1->worker2,0.2936081886291504,0.10373139381408691,0.0
1408,1,0.38510704040527344,9,1,0,1,0.6414136290550232,0.30220842361450195,0.08289861679077148,0.21526123413254616,worker1,0.30220842361450195,0.0,0.0
1409,1,0.5042803287506104,2,2,1,2,0.7699958086013794,0.3657529354095459,0.13852739334106445,0.27470314712508365,worker1->worker2,0.2900054454803467,0.07574748992919922,0.0
1410,1,0.27900099754333496,0,0,1,0,0.8898136615753174,0.19381976127624512,0.08518123626708984,0.30530799895745653,worker1,0.19381976127624512,0.0,0.0
1411,1,0.28287482261657715,4,4,1,0,0.792890727519989,0.20058608055114746,0.08228874206542969,0.29090161260823133,worker1,0.20058608055114746,0.0,0.0
1412,1,0.3736083507537842,8,8,1,1,0.9099010229110718,0.29036736488342285,0.08324098587036133,0.22280279790967225,worker1,0.29036736488342285,0.0,0.0
1413,1,0.2796599864959717,9,9,1,0,0.9497056007385254,0.1966843605041504,0.08297562599182129,0.29670181648605815,worker1,0.1966843605041504,0.0,0.0
1414,1,0.2693967819213867,9,9,1,0,0.9987335801124573,0.18735241889953613,0.08204436302185059,0.3045484153028678,worker1,0.18735241889953613,0.0,0.0
1415,1,0.2783527374267578,3,5,0,0,0.6829520463943481,0.19535183906555176,0.08300089836120605,0.2981860323290187,worker1,0.19535183906555176,0.0,0.0
1416,1,0.2848503589630127,9,9,1,0,0.9574810266494751,0.20171141624450684,0.08313894271850586,0.2918688360484085,worker1,0.20171141624450684,0.0,0.0
1417,1,0.6729485988616943,4,2,0,3,0.31713902950286865,0.49707722663879395,0.1758713722229004,0.2613444362918509,worker1->worker2->worker3,0.29122471809387207,0.07676839828491211,0.12908411026000977
1418,1,0.37678098678588867,0,0,1,1,0.8067771792411804,0.2936716079711914,0.08310937881469727,0.22057742224112117,worker1,0.2936716079711914,0.0,0.0
1419,1,0.6378891468048096,7,0,0,3,0.6755045056343079,0.4673929214477539,0.17049622535705566,0.2672819034640615,worker1->worker2->worker3,0.28936767578125,0.07792067527770996,0.10010457038879395
1420,1,0.27564215660095215,8,8,1,0,0.777251124382019,0.19249367713928223,0.08314847946166992,0.3016537110542354,worker1,0.19249367713928223,0.0,0.0
1421,1,0.3669779300689697,9,1,0,1,0.5183879137039185,0.28406357765197754,0.08291435241699219,0.2259382530208541,worker1,0.28406357765197754,0.0,0.0
1422,1,0.2707939147949219,7,7,1,0,0.9765955209732056,0.1878187656402588,0.08297514915466309,0.30641437868905574,worker1,0.1878187656402588,0.0,0.0
1423,1,0.2727351188659668,5,5,1,0,0.6236311793327332,0.18968772888183594,0.08304738998413086,0.3044983364424871,worker1,0.18968772888183594,0.0,0.0
1424,1,0.3692762851715088,2,2,1,1,0.775168776512146,0.2859227657318115,0.08335351943969727,0.2257212899576914,worker1,0.2859227657318115,0.0,0.0
1425,1,0.6707885265350342,3,5,0,3,0.5212862491607666,0.49593567848205566,0.17485284805297852,0.2606676189829646,worker1->worker2->worker3,0.2894010543823242,0.10644340515136719,0.10009121894836426
1426,1,0.27759337425231934,9,9,1,0,0.9118841886520386,0.19494009017944336,0.08265328407287598,0.2977494844590492,worker1,0.19494009017944336,0.0,0.0
1427,1,0.27170634269714355,3,2,0,0,0.7285758256912231,0.18950867652893066,0.08219766616821289,0.30252391369396264,worker1,0.18950867652893066,0.0,0.0
1428,1,0.509129524230957,0,5,0,2,0.8606057167053223,0.3704042434692383,0.13872528076171875,0.2724754196317019,worker1->worker2,0.2911689281463623,0.07923531532287598,0.0
1429,1,0.6521086692810059,0,0,1,3,0.5743623375892639,0.4778141975402832,0.17429447174072266,0.26727826196957966,worker1->worker2->worker3,0.28577470779418945,0.07174086570739746,0.12029862403869629
1430,1,0.506394624710083,7,7,1,2,0.7113820910453796,0.36766719818115234,0.13872742652893066,0.2739512225437894,worker1->worker2,0.28733348846435547,0.08033370971679688,0.0
1431,1,0.6386373043060303,2,2,1,3,0.8632214069366455,0.46843576431274414,0.17020153999328613,0.2665073569077431,worker1->worker2->worker3,0.2915463447570801,0.07515716552734375,0.10173225402832031
1432,1,0.27052950859069824,8,8,1,0,0.9934953451156616,0.18758249282836914,0.0829470157623291,0.3066098637240533,worker1,0.18758249282836914,0.0,0.0
1433,1,0.5036313533782959,5,5,1,2,0.9658426642417908,0.3652801513671875,0.1383512020111084,0.27470728556327145,worker1->worker2,0.28702306747436523,0.07825708389282227,0.0
1434,1,0.36432480812072754,3,2,0,1,0.7276085615158081,0.28084850311279297,0.08347630500793457,0.2291260522129274,worker1,0.28084850311279297,0.0,0.0
1435,1,0.2729787826538086,8,8,1,0,0.924089252948761,0.1899876594543457,0.08299112319946289,0.30402041650508843,worker1,0.1899876594543457,0.0,0.0
1436,1,0.272019624710083,7,7,1,0,0.999679446220398,0.1889655590057373,0.0830540657043457,0.3053238007840951,worker1,0.1889655590057373,0.0,0.0
1437,1,0.37250304222106934,7,7,1,1,0.9886136054992676,0.28920459747314453,0.0832984447479248,0.2236181596028139,worker1,0.28920459747314453,0.0,0.0
1438,1,0.27338218688964844,8,8,1,0,0.9390674829483032,0.19014668464660645,0.08323550224304199,0.3044657122325247,worker1,0.19014668464660645,0.0,0.0
1439,1,0.36858630180358887,3,3,1,1,0.8147445321083069,0.2846364974975586,0.08394980430603027,0.22776159584673114,worker1,0.2846364974975586,0.0,0.0
1440,1,0.373751163482666,3,5,0,1,0.9980535507202148,0.29047489166259766,0.08327627182006836,0.22281207379821463,worker1,0.29047489166259766,0.0,0.0
1441,1,0.2784156799316406,8,8,1,0,0.9305132627487183,0.1952054500579834,0.08321022987365723,0.29887048708638764,worker1,0.1952054500579834,0.0,0.0
1442,1,0.27209019660949707,9,9,1,0,0.9332363605499268,0.18924665451049805,0.08284354209899902,0.30447088183002713,worker1,0.18924665451049805,0.0,0.0
1443,1,0.28209972381591797,7,7,1,0,0.6543970108032227,0.19879531860351562,0.08330440521240234,0.29530126469305584,worker1,0.19879531860351562,0.0,0.0
1444,1,0.27524566650390625,4,4,1,0,0.9418591260910034,0.19197344779968262,0.08327221870422363,0.30253780109210854,worker1,0.19197344779968262,0.0,0.0
1445,1,0.29228973388671875,6,2,0,0,0.9756025075912476,0.20915460586547852,0.08313512802124023,0.2844271227584767,worker1,0.20915460586547852,0.0,0.0
1446,1,0.27518653869628906,3,3,1,0,0.5638755559921265,0.19095897674560547,0.0842275619506836,0.3060744262772306,worker1,0.19095897674560547,0.0,0.0
1447,1,0.28211140632629395,6,6,1,0,0.9860767126083374,0.19918513298034668,0.08292627334594727,0.2939486723554651,worker1,0.19918513298034668,0.0,0.0
1448,1,0.27574801445007324,9,9,1,0,0.9792771935462952,0.19264912605285645,0.0830988883972168,0.30135806621469846,worker1,0.19264912605285645,0.0,0.0
1449,1,0.2720627784729004,9,9,1,0,0.9784696102142334,0.18918490409851074,0.08287787437438965,0.30462775848863477,worker1,0.18918490409851074,0.0,0.0
1450,1,0.2784252166748047,8,8,1,0,0.9989898800849915,0.19710040092468262,0.08132481575012207,0.2920885425586573,worker1,0.19710040092468262,0.0,0.0
1451,1,0.27333545684814453,1,1,1,0,0.9938254356384277,0.19032049179077148,0.08301496505737305,0.3037109272782463,worker1,0.19032049179077148,0.0,0.0
1452,1,0.2732119560241699,1,9,0,0,0.916043221950531,0.19014406204223633,0.0830678939819336,0.30404194307874627,worker1,0.19014406204223633,0.0,0.0
1453,1,0.3738880157470703,4,4,1,1,0.9986246824264526,0.2909367084503174,0.08295130729675293,0.22186136972324957,worker1,0.2909367084503174,0.0,0.0
1454,1,0.27919721603393555,6,6,1,0,0.9451348781585693,0.19565558433532715,0.0835416316986084,0.2992208621752667,worker1,0.19565558433532715,0.0,0.0
1455,1,0.369570255279541,4,4,1,1,0.9784913063049316,0.28775835037231445,0.08181190490722656,0.22137037204291363,worker1,0.28775835037231445,0.0,0.0
1456,1,0.2841932773590088,1,1,1,0,0.9916481971740723,0.20092248916625977,0.08327078819274902,0.2930075931653961,worker1,0.20092248916625977,0.0,0.0
1457,1,0.27806639671325684,3,3,1,0,0.571850061416626,0.19581985473632812,0.08224654197692871,0.2957802271294998,worker1,0.19581985473632812,0.0,0.0
1458,1,0.5538089275360107,7,4,0,2,0.7143769264221191,0.41175413131713867,0.14205479621887207,0.25650506728177497,worker1->worker2,0.30057430267333984,0.11117982864379883,0.0
1459,1,0.37531161308288574,3,3,1,1,0.7636070847511292,0.2920372486114502,0.08327436447143555,0.22188059619952344,worker1,0.2920372486114502,0.0,0.0
1460,1,0.37311458587646484,3,3,1,1,0.8606950640678406,0.289870023727417,0.08324456214904785,0.2231072311298209,worker1,0.289870023727417,0.0,0.0
1461,1,0.2815425395965576,6,6,1,0,0.9926706552505493,0.19806957244873047,0.08347296714782715,0.29648438657774956,worker1,0.19806957244873047,0.0,0.0
1462,1,0.2773306369781494,5,5,1,0,0.8876148462295532,0.19386720657348633,0.08346343040466309,0.30095279524143986,worker1,0.19386720657348633,0.0,0.0
1463,1,0.2734181880950928,5,5,1,0,0.8400465846061707,0.19056272506713867,0.0828554630279541,0.30303566710469754,worker1,0.19056272506713867,0.0,0.0
1464,1,0.3743472099304199,8,8,1,1,0.971634030342102,0.29108500480651855,0.08326220512390137,0.22241972937203766,worker1,0.29108500480651855,0.0,0.0
1465,1,0.28064465522766113,4,2,0,0,0.6363417506217957,0.19860601425170898,0.08203864097595215,0.29232212140082187,worker1,0.19860601425170898,0.0,0.0
1466,1,0.2868053913116455,7,7,1,0,0.9642460346221924,0.20431876182556152,0.08248662948608398,0.2876048776797686,worker1,0.20431876182556152,0.0,0.0
1467,1,0.2888069152832031,4,2,0,0,0.8731738328933716,0.20563149452209473,0.0831754207611084,0.2879966384445707,worker1,0.20563149452209473,0.0,0.0
1468,1,0.5062220096588135,4,4,1,2,0.8111267685890198,0.36714625358581543,0.13907575607299805,0.2747327327129319,worker1->worker2,0.2912294864654541,0.07591676712036133,0.0
1469,1,0.2753448486328125,8,8,1,0,0.9865880608558655,0.1917557716369629,0.08358907699584961,0.30357959268495427,worker1,0.1917557716369629,0.0,0.0
1470,1,0.5091392993927002,9,8,0,2,0.9386211037635803,0.3704872131347656,0.13865208625793457,0.27232642701775006,worker1->worker2,0.299041748046875,0.07144546508789062,0.0
1471,1,0.27423095703125,3,5,0,0,0.8205422163009644,0.19115757942199707,0.08307337760925293,0.30293216531270867,worker1,0.19115757942199707,0.0,0.0
1472,1,0.38359642028808594,7,7,1,1,0.9933757185935974,0.3001673221588135,0.08342909812927246,0.2174918578922507,worker1,0.3001673221588135,0.0,0.0
1473,1,0.37119579315185547,6,6,1,1,0.9188959002494812,0.2876136302947998,0.08358216285705566,0.22517001646853893,worker1,0.2876136302947998,0.0,0.0
1474,1,0.2781956195831299,9,1,0,0,0.9168543219566345,0.19492769241333008,0.0832679271697998,0.29931430011218363,worker1,0.19492769241333008,0.0,0.0
1475,1,0.2761836051940918,1,8,0,0,0.6953887939453125,0.19288206100463867,0.08330154418945312,0.3016165428462411,worker1,0.19288206100463867,0.0,0.0
1476,1,0.3898952007293701,6,6,1,1,0.8674672842025757,0.30617547035217285,0.08371973037719727,0.21472367503007023,worker1,0.30617547035217285,0.0,0.0
1477,1,0.5324878692626953,2,2,1,2,0.6071071028709412,0.38909173011779785,0.14339613914489746,0.2692946589439674,worker1->worker2,0.30345892906188965,0.0856328010559082,0.0
1478,1,0.2826688289642334,0,0,1,0,0.9244922399520874,0.19973087310791016,0.08293795585632324,0.29341033519765114,worker1,0.19973087310791016,0.0,0.0
1479,1,0.2751750946044922,4,6,0,0,0.8154835104942322,0.19206953048706055,0.08310556411743164,0.30200975941110825,worker1,0.19206953048706055,0.0,0.0
1480,1,0.279543399810791,9,9,1,0,0.9095849394798279,0.19680118560791016,0.08274221420288086,0.2959905841414426,worker1,0.19680118560791016,0.0,0.0
1481,1,0.27225565910339355,5,5,1,0,0.750403642654419,0.1891775131225586,0.08307814598083496,0.3051475449745736,worker1,0.1891775131225586,0.0,0.0
1482,1,0.2893366813659668,1,1,1,0,0.6936465501785278,0.20577096939086914,0.08356571197509766,0.28881824309514276,worker1,0.20577096939086914,0.0,0.0
1483,1,0.5106127262115479,2,2,1,2,0.9975355863571167,0.3717923164367676,0.13882040977478027,0.2718702504826852,worker1->worker2,0.293201208114624,0.07859110832214355,0.0
1484,1,0.38238048553466797,6,6,1,1,0.9695234894752502,0.29926514625549316,0.0831153392791748,0.21736292102605032,worker1,0.29926514625549316,0.0,0.0
1485,1,0.37759971618652344,0,1,0,1,0.8952867984771729,0.2942817211151123,0.08331799507141113,0.22065163584565417,worker1,0.2942817211151123,0.0,0.0
1486,1,0.5053412914276123,8,6,0,2,0.8975870609283447,0.36676907539367676,0.13857221603393555,0.27421510647282094,worker1->worker2,0.2879524230957031,0.07881665229797363,0.0
1487,1,0.36945581436157227,3,3,1,1,0.7827802300453186,0.2862823009490967,0.08317351341247559,0.22512438613586644,worker1,0.2862823009490967,0.0,0.0
1488,1,0.2763974666595459,0,0,1,0,0.7444325089454651,0.19417452812194824,0.08222293853759766,0.2974807965185738,worker1,0.19417452812194824,0.0,0.0
1489,1,0.5207006931304932,6,6,1,2,0.8150565028190613,0.3817915916442871,0.13890910148620605,0.26677341382258146,worker1->worker2,0.30462193489074707,0.07716965675354004,0.0
1490,1,0.37654685974121094,9,1,0,1,0.8570106625556946,0.2934877872467041,0.08305907249450684,0.2205809724494603,worker1,0.2934877872467041,0.0,0.0
1491,1,0.28256893157958984,6,6,1,0,0.8709195852279663,0.19942235946655273,0.08314657211303711,0.2942523498540306,worker1,0.19942235946655273,0.0,0.0
1492,1,0.2787330150604248,5,5,1,0,0.7528488039970398,0.19525909423828125,0.08347392082214355,0.2994762597607885,worker1,0.19525909423828125,0.0,0.0
1493,1,0.28415417671203613,0,2,0,0,0.9169780611991882,0.20180439949035645,0.08234977722167969,0.28980667528647147,worker1,0.20180439949035645,0.0,0.0
1494,1,0.37660956382751465,3,6,0,1,0.8689559698104858,0.29305505752563477,0.08355450630187988,0.22185975696609617,worker1,0.29305505752563477,0.0,0.0
1495,1,0.2758450508117676,5,5,1,0,0.7875169515609741,0.19270968437194824,0.08313536643981934,0.30138429598488475,worker1,0.19270968437194824,0.0,0.0
1496,1,0.28581809997558594,7,7,1,0,0.9341738224029541,0.2018270492553711,0.08399105072021484,0.2938619028234713,worker1,0.2018270492553711,0.0,0.0
1497,1,0.27614688873291016,5,3,0,0,0.9494333267211914,0.19325780868530273,0.08288908004760742,0.30016300537710533,worker1,0.19325780868530273,0.0,0.0
1498,1,0.2817826271057129,5,5,1,0,0.7096279263496399,0.19856762886047363,0.08321499824523926,0.29531628368991153,worker1,0.19856762886047363,0.0,0.0
1499,1,0.2813699245452881,4,4,1,0,0.931409478187561,0.19921183586120605,0.08215808868408203,0.2919931432503129,worker1,0.19921183586120605,0.0,0.0
1500,1,0.2744743824005127,8,8,1,0,0.6641188859939575,0.19238924980163574,0.08208513259887695,0.2990630013663659,worker1,0.19238924980163574,0.0,0.0
1501,1,0.286562442779541,6,6,1,0,0.8905357122421265,0.20339179039001465,0.08317065238952637,0.2902357042423436,worker1,0.20339179039001465,0.0,0.0
1502,1,0.2848536968231201,1,1,1,0,0.8993833661079407,0.2012467384338379,0.08360695838928223,0.2935084196614726,worker1,0.2012467384338379,0.0,0.0
1503,1,0.379535436630249,1,1,1,1,0.7282442450523376,0.2962000370025635,0.08333539962768555,0.21957211787017547,worker1,0.2962000370025635,0.0,0.0
1504,1,0.28318333625793457,5,5,1,0,0.764976441860199,0.2000288963317871,0.08315443992614746,0.29364171290929036,worker1,0.2000288963317871,0.0,0.0
1505,1,0.28336596488952637,9,9,1,0,0.995202898979187,0.19975829124450684,0.08360767364501953,0.29505192579361106,worker1,0.19975829124450684,0.0,0.0
1506,1,0.26862668991088867,8,8,1,0,0.9933404326438904,0.18537020683288574,0.08325648307800293,0.30993377130776373,worker1,0.18537020683288574,0.0,0.0
1507,1,0.27901506423950195,2,2,1,0,0.9152886867523193,0.1956944465637207,0.08332061767578125,0.29862408290707987,worker1,0.1956944465637207,0.0,0.0
1508,1,0.5455508232116699,3,4,0,2,0.6405245065689087,0.4025859832763672,0.14296483993530273,0.2620559512561369,worker1->worker2,0.29791736602783203,0.10466861724853516,0.0
1509,1,0.3700399398803711,6,6,1,1,0.9103296995162964,0.28570008277893066,0.08433985710144043,0.2279209566640465,worker1,0.28570008277893066,0.0,0.0
1510,1,0.27828097343444824,8,1,0,0,0.8143686056137085,0.19498324394226074,0.0832977294921875,0.2993295893145533,worker1,0.19498324394226074,0.0,0.0
1511,1,0.38510894775390625,4,4,1,1,0.8471298813819885,0.3010551929473877,0.08405375480651855,0.2182596776749807,worker1,0.3010551929473877,0.0,0.0
1512,1,0.27200889587402344,8,8,1,0,0.9834730625152588,0.18850398063659668,0.08350491523742676,0.30699332449811023,worker1,0.18850398063659668,0.0,0.0
1513,1,0.2835519313812256,4,4,1,0,0.9336035251617432,0.2002856731414795,0.0832662582397461,0.2936543504893202,worker1,0.2002856731414795,0.0,0.0
1514,1,0.3857417106628418,9,9,1,1,0.9771949648857117,0.3024027347564697,0.08333897590637207,0.21604865017881006,worker1,0.3024027347564697,0.0,0.0
1515,1,0.38095569610595703,9,0,0,1,0.7199610471725464,0.2976367473602295,0.08331894874572754,0.21871033717934918,worker1,0.2976367473602295,0.0,0.0
1516,1,0.28021812438964844,9,9,1,0,0.9816600680351257,0.19677948951721191,0.08343863487243652,0.2977631623728006,worker1,0.19677948951721191,0.0,0.0
1517,1,0.28006863594055176,7,7,1,0,0.9532581567764282,0.19672203063964844,0.08334660530090332,0.29759349889715864,worker1,0.19672203063964844,0.0,0.0
1518,1,0.387650728225708,6,6,1,1,0.9832260012626648,0.3042938709259033,0.08335685729980469,0.21503082860525546,worker1,0.3042938709259033,0.0,0.0
1519,1,0.5109415054321289,3,3,1,2,0.9510514140129089,0.3721606731414795,0.13878083229064941,0.27161784825696533,worker1->worker2,0.2962360382080078,0.07592463493347168,0.0
1520,1,0.37584614753723145,0,4,0,1,0.7815663814544678,0.29282450675964355,0.08302164077758789,0.22089262141329716,worker1,0.29282450675964355,0.0,0.0
1521,1,0.2787809371948242,8,9,0,0,0.8667929172515869,0.1952533721923828,0.0835275650024414,0.29961720425693494,worker1,0.1952533721923828,0.0,0.0
1522,1,0.28247952461242676,9,9,1,0,0.9011932611465454,0.19957828521728516,0.0829012393951416,0.29347698566430763,worker1,0.19957828521728516,0.0,0.0
1523,1,0.39753150939941406,3,5,0,1,0.48982512950897217,0.31414318084716797,0.0833883285522461,0.2097653307488209,worker1,0.31414318084716797,0.0,0.0
1524,1,0.28438854217529297,8,8,1,0,0.9041509032249451,0.20131564140319824,0.08307290077209473,0.29211057568166654,worker1,0.20131564140319824,0.0,0.0
1525,1,0.5504200458526611,2,2,1,2,0.9686177968978882,0.4086606502532959,0.14175939559936523,0.257547661404236,worker1->worker2,0.2992832660675049,0.10937738418579102,0.0
1526,1,0.2802748680114746,8,8,1,0,0.9952515363693237,0.19708609580993652,0.08318877220153809,0.2968113865925799,worker1,0.19708609580993652,0.0,0.0
1527,1,0.284346342086792,9,9,1,0,0.9910463690757751,0.20085859298706055,0.08348774909973145,0.29361288239905753,worker1,0.20085859298706055,0.0,0.0
1528,1,0.27887678146362305,5,5,1,0,0.8713114857673645,0.19504475593566895,0.0838320255279541,0.3006059704503913,worker1,0.19504475593566895,0.0,0.0
1529,1,0.38518190383911133,9,8,0,1,0.9778384566307068,0.301877498626709,0.08330440521240234,0.21627289439640499,worker1,0.301877498626709,0.0,0.0
1530,1,0.38354969024658203,0,0,1,1,0.9712041616439819,0.29981112480163574,0.08373856544494629,0.2183252068098692,worker1,0.29981112480163574,0.0,0.0
1531,1,0.37775325775146484,9,0,0,1,0.9668280482292175,0.29463887214660645,0.0831143856048584,0.22002294857650662,worker1,0.29463887214660645,0.0,0.0
1532,1,0.28932642936706543,0,0,1,0,0.6206050515174866,0.20602989196777344,0.08329653739929199,0.28789812801240683,worker1,0.20602989196777344,0.0,0.0
1533,1,0.5096211433410645,2,2,1,2,0.5702559351921082,0.37078213691711426,0.1388390064239502,0.27243572649620634,worker1->worker2,0.2886672019958496,0.08211493492126465,0.0
1534,1,0.3706512451171875,5,5,1,1,0.826951801776886,0.2869102954864502,0.0837409496307373,0.2259292279033387,worker1,0.2869102954864502,0.0,0.0
1535,1,0.39089465141296387,9,9,1,1,0.5374962687492371,0.30680179595947266,0.08409285545349121,0.21512920463230034,worker1,0.30680179595947266,0.0,0.0
1536,1,0.3964083194732666,3,3,1,1,0.7247721552848816,0.31276869773864746,0.08363962173461914,0.2109936084231444,worker1,0.31276869773864746,0.0,0.0
1537,1,0.3821225166320801,6,6,1,1,0.9794019460678101,0.2988462448120117,0.08327627182006836,0.217930815891306,worker1,0.2988462448120117,0.0,0.0
1538,1,0.553929328918457,2,2,1,2,0.9730700254440308,0.41349267959594727,0.14043664932250977,0.25352809824443,worker1->worker2,0.294661283493042,0.11883139610290527,0.0
1539,1,0.28046202659606934,7,4,0,0,0.7998475432395935,0.1972951889038086,0.08316683769226074,0.2965351092325963,worker1,0.1972951889038086,0.0,0.0
1540,1,0.38903331756591797,0,0,1,1,0.8623192310333252,0.3064746856689453,0.08255863189697266,0.21221481083810742,worker1,0.3064746856689453,0.0,0.0
1541,1,0.6900842189788818,7,7,1,3,0.8749681115150452,0.5138177871704102,0.17626643180847168,0.2554274202492172,worker1->worker2->worker3,0.2913227081298828,0.08040928840637207,0.14208579063415527
1542,1,0.5155181884765625,5,5,1,2,0.6421955823898315,0.3758556842803955,0.139662504196167,0.2709167344975581,worker1->worker2,0.29703855514526367,0.07881712913513184,0.0
1543,1,0.6339905261993408,6,1,0,3,0.5000132322311401,0.46350765228271484,0.17048287391662598,0.26890445025833454,worker1->worker2->worker3,0.28605151176452637,0.07370114326477051,0.10375499725341797
1544,1,0.369539737701416,5,8,0,1,0.7499812245368958,0.2864680290222168,0.08307170867919922,0.22479776923563288,worker1,0.2864680290222168,0.0,0.0
1545,1,0.2722280025482178,9,9,1,0,0.9765093922615051,0.1903543472290039,0.08187365531921387,0.30075398031366074,worker1,0.1903543472290039,0.0,0.0
1546,1,0.5259432792663574,2,2,1,2,0.9785838723182678,0.38637709617614746,0.13956618309020996,0.26536356408031675,worker1->worker2,0.30617523193359375,0.08020186424255371,0.0
1547,1,0.5159220695495605,9,1,0,2,0.9318526983261108,0.3652338981628418,0.15068817138671875,0.2920754514694071,worker1->worker2,0.2899153232574463,0.07531857490539551,0.0
1548,1,0.2715163230895996,6,6,1,0,0.9125378131866455,0.18869495391845703,0.08282136917114258,0.30503274436215666,worker1,0.18869495391845703,0.0,0.0
1549,1,0.5641510486602783,2,7,0,2,0.8475950360298157,0.42608094215393066,0.13807010650634766,0.24473960800787417,worker1->worker2,0.29313111305236816,0.1329498291015625,0.0
1550,1,0.37737321853637695,8,8,1,1,0.9529017806053162,0.29435133934020996,0.08302187919616699,0.21999939348680644,worker1,0.29435133934020996,0.0,0.0
1551,1,0.2782118320465088,1,1,1,0,0.5941914916038513,0.19495582580566406,0.08325600624084473,0.29925400953805154,worker1,0.19495582580566406,0.0,0.0
1552,1,0.28189921379089355,8,8,1,0,0.9973862767219543,0.19866585731506348,0.08323335647583008,0.2952592714131182,worker1,0.19866585731506348,0.0,0.0
1553,1,0.6916449069976807,2,2,1,3,0.6511898636817932,0.5161757469177246,0.17546916007995605,0.2536983332121095,worker1->worker2->worker3,0.30565309524536133,0.07696032524108887,0.13356232643127441
1554,1,0.2704291343688965,6,6,1,0,0.979518711566925,0.18681836128234863,0.08361077308654785,0.30917812639407827,worker1,0.18681836128234863,0.0,0.0
1555,1,0.27768921852111816,4,4,1,0,0.7057870626449585,0.1949007511138916,0.08278846740722656,0.29813353160821593,worker1,0.1949007511138916,0.0,0.0
1556,1,0.2765469551086426,9,9,1,0,0.7359512448310852,0.19351816177368164,0.08302879333496094,0.3002339812504634,worker1,0.19351816177368164,0.0,0.0
1557,1,0.27925777435302734,9,9,1,0,0.9227799773216248,0.19644951820373535,0.08280825614929199,0.2965298149394002,worker1,0.19644951820373535,0.0,0.0
1558,1,0.3678607940673828,6,6,1,1,0.8205158710479736,0.2841830253601074,0.08367776870727539,0.22747128820677676,worker1,0.2841830253601074,0.0,0.0
1559,1,0.5090084075927734,2,2,1,2,0.9016796350479126,0.37017202377319336,0.13883638381958008,0.27275852765609837,worker1->worker2,0.2907228469848633,0.07944917678833008,0.0
1560,1,0.3676786422729492,2,2,1,1,0.7916173934936523,0.28455257415771484,0.08312606811523438,0.22608348312362692,worker1,0.28455257415771484,0.0,0.0
1561,1,0.40176820755004883,4,4,1,1,0.7386084794998169,0.3182082176208496,0.08355998992919922,0.2079805926873645,worker1,0.3182082176208496,0.0,0.0
1562,1,0.5748927593231201,2,2,1,2,0.9942704439163208,0.4349963665008545,0.13989639282226562,0.24334345937315321,worker1->worker2,0.30824732780456543,0.12674903869628906,0.0
1563,1,0.3665461540222168,7,7,1,1,0.9714188575744629,0.28362464904785156,0.08292150497436523,0.22622391222617838,worker1,0.28362464904785156,0.0,0.0
1564,1,0.38064026832580566,9,9,1,1,0.9767935276031494,0.2971205711364746,0.08351969718933105,0.219418974131878,worker1,0.2971205711364746,0.0,0.0
1565,1,0.3829309940338135,0,7,0,1,0.8979027271270752,0.2996034622192383,0.0833275318145752,0.21760456351887053,worker1,0.2996034622192383,0.0,0.0
1566,1,0.3953132629394531,3,3,1,1,0.5621190071105957,0.3119025230407715,0.08341073989868164,0.2109990929180056,worker1,0.3119025230407715,0.0,0.0
1567,1,0.6761817932128906,6,6,1,3,0.964743971824646,0.49913787841796875,0.17704391479492188,0.26182886994589777,worker1->worker2->worker3,0.28282833099365234,0.07908773422241211,0.1372218132019043
1568,1,0.2843809127807617,9,1,0,0,0.9278730750083923,0.2012805938720703,0.0831003189086914,0.29221482586897835,worker1,0.2012805938720703,0.0,0.0
1569,1,0.2817575931549072,8,8,1,0,0.6920551657676697,0.1991119384765625,0.08264565467834473,0.2933218365224573,worker1,0.1991119384765625,0.0,0.0
1570,1,0.2942335605621338,5,3,0,0,0.6773233413696289,0.2110295295715332,0.08320403099060059,0.2827822592080901,worker1,0.2110295295715332,0.0,0.0
1571,1,0.2834658622741699,8,8,1,0,0.9714372158050537,0.20023798942565918,0.08322787284851074,0.293608098628865,worker1,0.20023798942565918,0.0,0.0
1572,1,0.2831881046295166,0,0,1,0,0.8968827724456787,0.20009088516235352,0.08309721946716309,0.2934347103875559,worker1,0.20009088516235352,0.0,0.0
1573,1,0.28235435485839844,6,6,1,0,0.7936818599700928,0.19913387298583984,0.0832204818725586,0.29473773094200695,worker1,0.19913387298583984,0.0,0.0
1574,1,0.29082775115966797,9,9,1,0,0.7943278551101685,0.20769262313842773,0.08313512802124023,0.28585692971094095,worker1,0.20769262313842773,0.0,0.0
1575,1,0.29607367515563965,8,8,1,0,0.9742196798324585,0.21278667449951172,0.08328700065612793,0.28130498468783394,worker1,0.21278667449951172,0.0,0.0
1576,1,0.28789639472961426,0,0,1,0,0.7137708067893982,0.2044363021850586,0.08346009254455566,0.2898962754394319,worker1,0.2044363021850586,0.0,0.0
1577,1,0.5560207366943359,3,5,0,2,0.7783602476119995,0.41376328468322754,0.1422574520111084,0.25584918443304805,worker1->worker2,0.31009840965270996,0.10366487503051758,0.0
1578,1,0.27753591537475586,6,6,1,0,0.9771362543106079,0.1933438777923584,0.08419203758239746,0.3033554683137612,worker1,0.1933438777923584,0.0,0.0
1579,1,0.28225135803222656,6,6,1,0,0.9874275922775269,0.19900012016296387,0.0832512378692627,0.29495425088355937,worker1,0.19900012016296387,0.0,0.0
1580,1,0.38175058364868164,3,3,1,1,0.9799301624298096,0.2999248504638672,0.08182573318481445,0.21434343964256317,worker1,0.2999248504638672,0.0,0.0
1581,1,0.38033556938171387,4,4,1,1,0.9927091598510742,0.29815125465393066,0.0821843147277832,0.21608369383222492,worker1,0.29815125465393066,0.0,0.0
1582,1,0.2840700149536133,8,8,1,0,0.9953534603118896,0.20068573951721191,0.08338427543640137,0.2935342382053856,worker1,0.20068573951721191,0.0,0.0
1583,1,0.281292200088501,8,8,1,0,0.9525033235549927,0.19941067695617676,0.08188152313232422,0.29109062784735024,worker1,0.19941067695617676,0.0,0.0
1584,1,0.2780168056488037,2,2,1,0,0.7088483572006226,0.19603872299194336,0.08197808265686035,0.2948673640989051,worker1,0.19603872299194336,0.0,0.0
1585,1,0.2910885810852051,8,8,1,0,0.7741789817810059,0.20777106285095215,0.08331751823425293,0.28622736736576043,worker1,0.20777106285095215,0.0,0.0
1586,1,0.6852066516876221,2,2,1,3,0.5506027340888977,0.5060434341430664,0.17916321754455566,0.2614732608086737,worker1->worker2->worker3,0.2944295406341553,0.08124899864196777,0.13036489486694336
1587,1,0.2784230709075928,5,6,0,0,0.7221587300300598,0.19542884826660156,0.08299422264099121,0.2980867295603408,worker1,0.19542884826660156,0.0,0.0
1588,1,0.38850975036621094,6,6,1,1,0.9536550045013428,0.3050854206085205,0.08342432975769043,0.21472905037532342,worker1,0.3050854206085205,0.0,0.0
1589,1,0.37810516357421875,9,9,1,1,0.9996852874755859,0.2947239875793457,0.08338117599487305,0.22052376964829798,worker1,0.2947239875793457,0.0,0.0
1590,1,0.28537797927856445,3,3,1,0,0.925047755241394,0.20185589790344238,0.08352208137512207,0.29267178072486844,worker1,0.20185589790344238,0.0,0.0
1591,1,0.3924386501312256,8,8,1,1,0.8459663391113281,0.309110164642334,0.0833284854888916,0.21233506297360824,worker1,0.309110164642334,0.0,0.0
1592,1,0.5306470394134521,8,8,1,2,0.9523360133171082,0.3852376937866211,0.14540934562683105,0.27402272099276853,worker1->worker2,0.30301785469055176,0.08221983909606934,0.0
1593,1,0.28253746032714844,9,9,1,0,0.9790665507316589,0.20056629180908203,0.0819711685180664,0.29012495696376855,worker1,0.20056629180908203,0.0,0.0
1594,1,0.291994571685791,6,6,1,0,0.9015580415725708,0.208510160446167,0.08348441123962402,0.2859108330598001,worker1,0.208510160446167,0.0,0.0
1595,1,0.2804450988769531,9,9,1,0,0.9992629885673523,0.19759607315063477,0.08284902572631836,0.2954197668566454,worker1,0.19759607315063477,0.0,0.0
1596,1,0.5192482471466064,7,0,0,2,0.8458537459373474,0.379547119140625,0.13970112800598145,0.2690449679390785,worker1->worker2,0.3077876567840576,0.07175946235656738,0.0
1597,1,0.2813568115234375,0,8,0,0,0.56706303358078,0.19825077056884766,0.08310604095458984,0.295375969412658,worker1,0.19825077056884766,0.0,0.0
1598,1,0.28723669052124023,9,1,0,0,0.9971303343772888,0.2034013271331787,0.08383536338806152,0.2918685744356958,worker1,0.2034013271331787,0.0,0.0
1599,1,0.28240442276000977,7,7,1,0,0.7831828594207764,0.19935107231140137,0.0830533504486084,0.29409366056277386,worker1,0.19935107231140137,0.0,0.0
1600,1,0.2913215160369873,0,0,1,0,0.9954915642738342,0.20806622505187988,0.08325529098510742,0.28578490225396536,worker1,0.20806622505187988,0.0,0.0
1601,1,0.2818727493286133,6,6,1,0,0.8945530652999878,0.19867181777954102,0.08320093154907227,0.2951719587907905,worker1,0.19867181777954102,0.0,0.0
1602,1,0.523026704788208,3,3,1,2,0.9960858821868896,0.38393568992614746,0.13909101486206055,0.2659348243382399,worker1->worker2,0.3064155578613281,0.07752013206481934,0.0
1603,1,0.3806326389312744,3,3,1,1,0.9091637134552002,0.2963907718658447,0.08424186706542969,0.2213206605244383,worker1,0.2963907718658447,0.0,0.0
1604,1,0.285630464553833,0,0,1,0,0.970171332359314,0.20172715187072754,0.08390331268310547,0.2937477723679301,worker1,0.20172715187072754,0.0,0.0
1605,1,0.38884544372558594,5,5,1,1,0.9934694766998291,0.3055839538574219,0.08326148986816406,0.2141248951522316,worker1,0.3055839538574219,0.0,0.0
1606,1,0.38187384605407715,3,2,0,1,0.7680737972259521,0.29857897758483887,0.08329486846923828,0.21812142761262288,worker1,0.29857897758483887,0.0,0.0
1607,1,0.2787044048309326,5,5,1,0,0.8413979411125183,0.19534039497375488,0.08336400985717773,0.29911263838025065,worker1,0.19534039497375488,0.0,0.0
1608,1,0.28947925567626953,9,9,1,0,0.9528146982192993,0.20610976219177246,0.08336949348449707,0.2879981616980902,worker1,0.20610976219177246,0.0,0.0
1609,1,0.29341745376586914,1,1,1,0,0.9334373474121094,0.20967626571655273,0.0837411880493164,0.28539947768798113,worker1,0.20967626571655273,0.0,0.0
1610,1,0.29251694679260254,2,2,1,0,0.9368650317192078,0.20949745178222656,0.08301949501037598,0.2838108900037085,worker1,0.20949745178222656,0.0,0.0
1611,1,0.3926970958709717,5,5,1,1,0.999440610408783,0.3094370365142822,0.08326005935668945,0.21202107230262324,worker1,0.3094370365142822,0.0,0.0
1612,1,0.38063597679138184,4,4,1,1,0.9997913241386414,0.29703617095947266,0.08359980583190918,0.21963190798889823,worker1,0.29703617095947266,0.0,0.0
1613,1,0.28930163383483887,5,5,1,0,0.7920332551002502,0.2059941291809082,0.08330750465393066,0.2879607126639685,worker1,0.2059941291809082,0.0,0.0
1614,1,0.29482007026672363,1,1,1,0,0.9951743483543396,0.21094799041748047,0.08387207984924316,0.28448565178538937,worker1,0.21094799041748047,0.0,0.0
1615,1,0.2859385013580322,9,9,1,0,0.9955564141273499,0.2022695541381836,0.08366894721984863,0.29261168685739253,worker1,0.2022695541381836,0.0,0.0
1616,1,0.5489256381988525,2,2,1,2,0.9589126110076904,0.40636181831359863,0.1425638198852539,0.2597142672239497,worker1->worker2,0.30705690383911133,0.0993049144744873,0.0
1617,1,0.2938878536224365,4,4,1,0,0.9411604404449463,0.21104192733764648,0.08284592628479004,0.28189639436825387,worker1,0.21104192733764648,0.0,0.0
1618,1,0.2764091491699219,9,9,1,0,0.7467349767684937,0.1942598819732666,0.08214926719665527,0.2972016933714238,worker1,0.1942598819732666,0.0,0.0
1619,1,0.5093650817871094,5,5,1,2,0.9881691932678223,0.3708834648132324,0.13848161697387695,0.27187104480741725,worker1->worker2,0.2983286380767822,0.0725548267364502,0.0
1620,1,0.27434563636779785,8,8,1,0,0.9902136921882629,0.191025972366333,0.08331966400146484,0.30370325952538,worker1,0.191025972366333,0.0,0.0
1621,1,0.39049530029296875,0,0,1,1,0.9576194882392883,0.30680108070373535,0.0836942195892334,0.21432836586366566,worker1,0.30680108070373535,0.0,0.0
1622,1,0.287247896194458,3,3,1,0,0.8701130151748657,0.20339560508728027,0.08385229110717773,0.29191611920601257,worker1,0.20339560508728027,0.0,0.0
1623,1,0.298281192779541,1,1,1,0,0.9189058542251587,0.21494698524475098,0.08333420753479004,0.2793813674883021,worker1,0.21494698524475098,0.0,0.0
1624,1,0.2858579158782959,3,3,1,0,0.8349219560623169,0.2021501064300537,0.08370780944824219,0.2928301257323964,worker1,0.2021501064300537,0.0,0.0
1625,1,0.38727641105651855,3,8,0,1,0.7467448711395264,0.3036932945251465,0.08358311653137207,0.21582289585712483,worker1,0.3036932945251465,0.0,0.0
1626,1,0.28844738006591797,4,7,0,0,0.854514479637146,0.2051396369934082,0.08330774307250977,0.28881435169725483,worker1,0.2051396369934082,0.0,0.0
1627,1,0.28968143463134766,2,2,1,0,0.7879716753959656,0.20640325546264648,0.08327817916870117,0.2874819343348049,worker1,0.20640325546264648,0.0,0.0
1628,1,0.2755148410797119,2,4,0,0,0.7233558297157288,0.19232988357543945,0.08318495750427246,0.30192550491392733,worker1,0.19232988357543945,0.0,0.0
1629,1,0.3005697727203369,9,9,1,0,0.7711929678916931,0.21736526489257812,0.08320450782775879,0.2768226061945885,worker1,0.21736526489257812,0.0,0.0
1630,1,0.5175998210906982,5,5,1,2,0.9997606873512268,0.3794267177581787,0.13817310333251953,0.2669496736713664,worker1->worker2,0.30849647521972656,0.07093024253845215,0.0
1631,1,0.3863253593444824,7,7,1,1,0.9968055486679077,0.3030683994293213,0.08325695991516113,0.21550995268970097,worker1,0.3030683994293213,0.0,0.0
1632,1,0.28705358505249023,8,0,0,0,0.8638614416122437,0.20360493659973145,0.08344864845275879,0.2907075640163124,worker1,0.20360493659973145,0.0,0.0
1633,1,0.38953661918640137,6,6,1,1,0.9614145159721375,0.30617809295654297,0.0833585262298584,0.2139940691685513,worker1,0.30617809295654297,0.0,0.0
1634,1,0.38033103942871094,6,6,1,1,0.9969831109046936,0.2971477508544922,0.08318328857421875,0.2187128578807741,worker1,0.2971477508544922,0.0,0.0
1635,1,0.38974952697753906,4,4,1,1,0.8758522272109985,0.3063807487487793,0.08336877822875977,0.21390347507352905,worker1,0.3063807487487793,0.0,0.0
1636,1,0.2830193042755127,9,0,0,0,0.9562166929244995,0.19968771934509277,0.08333158493041992,0.2944378127977396,worker1,0.19968771934509277,0.0,0.0
1637,1,0.3993539810180664,3,5,0,1,0.5017152428627014,0.31615352630615234,0.08320045471191406,0.20833761190964603,worker1,0.31615352630615234,0.0,0.0
1638,1,0.2891712188720703,3,6,0,0,0.7391064167022705,0.20684576034545898,0.08232545852661133,0.2846945102203695,worker1,0.20684576034545898,0.0,0.0
1639,1,0.292834997177124,2,2,1,0,0.7608509063720703,0.20965933799743652,0.0831756591796875,0.2840359246042505,worker1,0.20965933799743652,0.0,0.0
1640,1,0.2951388359069824,0,0,1,0,0.9772828221321106,0.21216845512390137,0.08297038078308105,0.28112322300149767,worker1,0.21216845512390137,0.0,0.0
1641,1,0.2946922779083252,9,1,0,0,0.9452653527259827,0.2111806869506836,0.0835115909576416,0.2833857458036988,worker1,0.2111806869506836,0.0,0.0
1642,1,0.2888917922973633,4,4,1,0,0.8450828790664673,0.20500755310058594,0.08388423919677734,0.29036560204671125,worker1,0.20500755310058594,0.0,0.0
1643,1,0.39650774002075195,5,5,1,1,0.8592778444290161,0.31299567222595215,0.0835120677947998,0.21061901033868607,worker1,0.31299567222595215,0.0,0.0
1644,1,0.7122063636779785,2,2,1,3,0.9701681137084961,0.5325381755828857,0.17966818809509277,0.2522698437672611,worker1->worker2->worker3,0.29703235626220703,0.10061955451965332,0.1348862648010254
1645,1,0.6451692581176758,4,7,0,3,0.8078747391700745,0.4741389751434326,0.17103028297424316,0.26509366468147505,worker1->worker2->worker3,0.29743266105651855,0.075469970703125,0.10123634338378906
1646,1,0.2804563045501709,5,5,1,0,0.9535663723945618,0.19724249839782715,0.08321380615234375,0.2967086309070924,worker1,0.19724249839782715,0.0,0.0
1647,1,0.28503990173339844,2,2,1,0,0.8297075629234314,0.20187592506408691,0.08316397666931152,0.2917625783743635,worker1,0.20187592506408691,0.0,0.0
1648,1,0.2784304618835449,7,4,0,0,0.9044269323348999,0.1956315040588379,0.08279895782470703,0.29737751129881096,worker1,0.1956315040588379,0.0,0.0
1649,1,0.2897367477416992,4,4,1,0,0.9797786474227905,0.20638561248779297,0.08335113525390625,0.2876788529710906,worker1,0.20638561248779297,0.0,0.0
1650,1,0.3889625072479248,3,7,0,1,0.8523995280265808,0.30559206008911133,0.08337044715881348,0.2143405742334778,worker1,0.30559206008911133,0.0,0.0
1651,1,0.3850855827331543,3,3,1,1,0.9948490262031555,0.302126407623291,0.08295917510986328,0.2154304882594111,worker1,0.302126407623291,0.0,0.0
1652,1,0.28153395652770996,5,7,0,0,0.8148683905601501,0.19844341278076172,0.08309054374694824,0.2951350692177342,worker1,0.19844341278076172,0.0,0.0
1653,1,0.28174614906311035,0,0,1,0,0.9103913307189941,0.19857358932495117,0.08317255973815918,0.29520389192445984,worker1,0.19857358932495117,0.0,0.0
1654,1,0.38498997688293457,5,5,1,1,0.9753153324127197,0.3016970157623291,0.08329296112060547,0.21635098605679465,worker1,0.3016970157623291,0.0,0.0
1655,1,0.28279924392700195,6,6,1,0,0.934687077999115,0.19969987869262695,0.083099365234375,0.2938457828968778,worker1,0.19969987869262695,0.0,0.0
1656,1,0.534393310546875,0,2,0,2,0.8258068561553955,0.39563417434692383,0.13875913619995117,0.25965732254011764,worker1->worker2,0.3157224655151367,0.07991170883178711,0.0
1657,1,0.38626575469970703,0,0,1,1,0.9445701241493225,0.3012399673461914,0.08502578735351562,0.2201225097462157,worker1,0.3012399673461914,0.0,0.0
1658,1,0.38213396072387695,3,4,0,1,0.8628587126731873,0.2990121841430664,0.08312177658081055,0.2175199933116461,worker1,0.2990121841430664,0.0,0.0
1659,1,0.5639586448669434,2,2,1,2,0.7124965190887451,0.41518545150756836,0.148773193359375,0.2638016009036896,worker1->worker2,0.30731797218322754,0.10786747932434082,0.0
1660,1,0.27834463119506836,5,5,1,0,0.9618303179740906,0.19502592086791992,0.08331871032714844,0.2993365094538409,worker1,0.19502592086791992,0.0,0.0
1661,1,0.2813141345977783,6,6,1,0,0.9876320362091064,0.19858694076538086,0.08272719383239746,0.29407407470186464,worker1,0.19858694076538086,0.0,0.0
1662,1,0.2787747383117676,9,9,1,0,0.9913133978843689,0.19618892669677734,0.08258581161499023,0.2962456789130959,worker1,0.19618892669677734,0.0,0.0
1663,1,0.28777575492858887,2,2,1,0,0.910301923751831,0.2046070098876953,0.08316874504089355,0.2890053926243083,worker1,0.2046070098876953,0.0,0.0
1664,1,0.29056644439697266,4,4,1,0,0.9354462623596191,0.2071819305419922,0.08338451385498047,0.2869722759213735,worker1,0.2071819305419922,0.0,0.0
1665,1,0.2845265865325928,3,3,1,0,0.694382905960083,0.20231246948242188,0.0822141170501709,0.28895056188625523,worker1,0.20231246948242188,0.0,0.0
1666,1,0.2816174030303955,3,3,1,0,0.7524174451828003,0.1984407901763916,0.0831766128540039,0.29535324152189024,worker1,0.1984407901763916,0.0,0.0
1667,1,0.2850005626678467,7,7,1,0,0.7706007361412048,0.2017202377319336,0.08328032493591309,0.2922110895372932,worker1,0.2017202377319336,0.0,0.0
1668,1,0.2855057716369629,8,8,1,0,0.9386671185493469,0.2023472785949707,0.08315849304199219,0.2912672923044548,worker1,0.2023472785949707,0.0,0.0
1669,1,0.5109977722167969,2,2,1,2,0.996733546257019,0.3721647262573242,0.13883304595947266,0.2716901198163562,worker1->worker2,0.29803919792175293,0.07412552833557129,0.0
1670,1,0.2828254699707031,8,0,0,0,0.6284936666488647,0.1995542049407959,0.08327126502990723,0.29442632956124143,worker1,0.1995542049407959,0.0,0.0
1671,1,0.3001675605773926,8,8,1,0,0.9982225298881531,0.21696186065673828,0.0832056999206543,0.2771975084869348,worker1,0.21696186065673828,0.0,0.0
1672,1,0.28423094749450684,8,8,1,0,0.9843235611915588,0.20129871368408203,0.0829322338104248,0.2917776355512012,worker1,0.20129871368408203,0.0,0.0
1673,1,0.298795223236084,1,1,1,0,0.949220597743988,0.21659040451049805,0.08220481872558594,0.2751209267513433,worker1,0.21659040451049805,0.0,0.0
1674,1,0.5204827785491943,2,2,1,2,0.989988386631012,0.38286757469177246,0.13761520385742188,0.264399149268711,worker1->worker2,0.30587077140808105,0.0769968032836914,0.0
1675,1,0.3731038570404053,3,5,0,1,0.6523857116699219,0.2901768684387207,0.08292698860168457,0.22226248010270233,worker1,0.2901768684387207,0.0,0.0
1676,1,0.28915905952453613,0,0,1,0,0.8996493220329285,0.20586013793945312,0.08329892158508301,0.2880730132476268,worker1,0.20586013793945312,0.0,0.0
1677,1,0.2899909019470215,6,6,1,0,0.9264715909957886,0.20716524124145508,0.0828256607055664,0.2856146870452434,worker1,0.20716524124145508,0.0,0.0
1678,1,0.28328967094421387,7,7,1,0,0.5918135046958923,0.2013530731201172,0.08193659782409668,0.28923256379591705,worker1,0.2013530731201172,0.0,0.0
1679,1,0.2865471839904785,1,1,1,0,0.8596921563148499,0.20330190658569336,0.08324527740478516,0.2905115878142821,worker1,0.20330190658569336,0.0,0.0
1680,1,0.3814418315887451,0,0,1,1,0.6518950462341309,0.2982170581817627,0.08322477340698242,0.2181847047565353,worker1,0.2982170581817627,0.0,0.0
1681,1,0.29373979568481445,5,5,1,0,0.504692018032074,0.21056175231933594,0.08317804336547852,0.28316913331937266,worker1,0.21056175231933594,0.0,0.0
1682,1,0.28592681884765625,9,9,1,0,0.9943406581878662,0.20247936248779297,0.08344745635986328,0.2918490007204419,worker1,0.20247936248779297,0.0,0.0
1683,1,0.29254817962646484,0,0,1,0,0.98506098985672,0.20941686630249023,0.08313131332397461,0.28416281184904113,worker1,0.20941686630249023,0.0,0.0
1684,1,0.396315336227417,8,8,1,1,0.98451828956604,0.31308698654174805,0.08322834968566895,0.21000537218148468,worker1,0.31308698654174805,0.0,0.0
1685,1,0.2799215316772461,8,8,1,0,0.9067682027816772,0.19651055335998535,0.08341097831726074,0.2979798582033872,worker1,0.19651055335998535,0.0,0.0
1686,1,0.28675079345703125,0,0,1,0,0.7867236137390137,0.20360422134399414,0.08314657211303711,0.2899610882000798,worker1,0.20360422134399414,0.0,0.0
1687,1,0.27930641174316406,9,9,1,0,0.9327276349067688,0.19619250297546387,0.0831139087677002,0.2975725055826055,worker1,0.19619250297546387,0.0,0.0
1688,1,0.297943115234375,1,1,1,0,0.9866525530815125,0.2157735824584961,0.0821695327758789,0.27578933217248797,worker1,0.2157735824584961,0.0,0.0
1689,1,0.29181957244873047,3,3,1,0,0.9756501913070679,0.20818710327148438,0.0836324691772461,0.28658965015768234,worker1,0.20818710327148438,0.0,0.0
1690,1,0.2833232879638672,9,8,0,0,0.8958423733711243,0.20003175735473633,0.08329153060913086,0.29398053089004533,worker1,0.20003175735473633,0.0,0.0
1691,1,0.5663902759552002,5,5,1,2,0.9974356293678284,0.4247012138366699,0.14168906211853027,0.250161537253753,worker1->worker2,0.3157625198364258,0.10893869400024414,0.0
1692,1,0.2878077030181885,8,8,1,0,0.9441171288490295,0.2046973705291748,0.08311033248901367,0.28877035471062906,worker1,0.2046973705291748,0.0,0.0
1693,1,0.6755080223083496,2,5,0,3,0.9052050113677979,0.500077486038208,0.1754305362701416,0.2597016326625692,worker1->worker2->worker3,0.30610060691833496,0.07701539993286133,0.11696147918701172
1694,1,0.28645849227905273,1,1,1,0,0.8902543783187866,0.20352387428283691,0.08293461799621582,0.2895170512711674,worker1,0.20352387428283691,0.0,0.0
1695,1,0.3763599395751953,6,6,1,1,0.9694939255714417,0.2930164337158203,0.083343505859375,0.22144627282448395,worker1,0.2930164337158203,0.0,0.0
1696,1,0.28565025329589844,3,3,1,0,0.8117325305938721,0.2026207447052002,0.08302950859069824,0.2906684227746506,worker1,0.2026207447052002,0.0,0.0
1697,1,0.28687405586242676,1,1,1,0,0.9955695271492004,0.20392107963562012,0.08295297622680664,0.28916165310740943,worker1,0.20392107963562012,0.0,0.0
1698,1,0.2885468006134033,6,6,1,0,0.8974407911300659,0.20515060424804688,0.08339619636535645,0.2890213864373813,worker1,0.20515060424804688,0.0,0.0
1699,1,0.3886711597442627,6,2,0,1,0.6367029547691345,0.3052687644958496,0.08340239524841309,0.21458344195975354,worker1,0.3052687644958496,0.0,0.0
1700,1,0.3914644718170166,9,0,0,1,0.7904924154281616,0.30855751037597656,0.08290696144104004,0.21178668157603198,worker1,0.30855751037597656,0.0,0.0
1701,1,0.2948784828186035,1,1,1,0,0.7939394116401672,0.2115626335144043,0.08331584930419922,0.2825429936691974,worker1,0.2115626335144043,0.0,0.0
1702,1,0.28980326652526855,1,1,1,0,0.9310102462768555,0.207078218460083,0.08272504806518555,0.28545243487782623,worker1,0.207078218460083,0.0,0.0
1703,1,0.29080700874328613,6,4,0,0,0.9315599799156189,0.20752978324890137,0.08327722549438477,0.2863659505809878,worker1,0.20752978324890137,0.0,0.0
1704,1,0.2871248722076416,4,4,1,0,0.908889651298523,0.20386838912963867,0.08325648307800293,0.28996611278522016,worker1,0.20386838912963867,0.0,0.0
1705,1,0.38513636589050293,7,7,1,1,0.9543200731277466,0.30192041397094727,0.08321595191955566,0.21606879871534793,worker1,0.30192041397094727,0.0,0.0
1706,1,0.38918566703796387,8,8,1,1,0.8415867686271667,0.3056614398956299,0.08352422714233398,0.21461280364722798,worker1,0.3056614398956299,0.0,0.0
1707,1,0.5508267879486084,6,6,1,2,0.4952607750892639,0.4073777198791504,0.143449068069458,0.26042500330038715,worker1->worker2,0.3086097240447998,0.09876799583435059,0.0
1708,1,0.6941466331481934,0,0,1,3,0.8936209082603455,0.5203049182891846,0.1738417148590088,0.2504394699295406,worker1->worker2->worker3,0.30054378509521484,0.07112288475036621,0.14863824844360352
1709,1,0.27625107765197754,5,5,1,0,0.9836902022361755,0.19307971000671387,0.08317136764526367,0.3010716495739552,worker1,0.19307971000671387,0.0,0.0
1710,1,0.2914586067199707,2,0,0,0,0.5365269780158997,0.20834922790527344,0.08310937881469727,0.28514985283844296,worker1,0.20834922790527344,0.0,0.0
1711,1,0.2775459289550781,5,5,1,0,0.941534161567688,0.1959700584411621,0.08157587051391602,0.29391845458168975,worker1,0.1959700584411621,0.0,0.0
1712,1,0.5159571170806885,7,7,1,2,0.9999784231185913,0.377424955368042,0.13853216171264648,0.2684954953164877,worker1->worker2,0.29829883575439453,0.07912611961364746,0.0
1713,1,0.2763488292694092,4,4,1,0,0.8509267568588257,0.19268465042114258,0.0836641788482666,0.3027484468432591,worker1,0.19268465042114258,0.0,0.0
1714,1,0.39044880867004395,1,1,1,1,0.9799195528030396,0.3078746795654297,0.08257412910461426,0.21148516084830743,worker1,0.3078746795654297,0.0,0.0
1715,1,0.28768110275268555,8,8,1,0,0.8406434059143066,0.2040238380432129,0.08365726470947266,0.29079860967229176,worker1,0.2040238380432129,0.0,0.0
1716,1,0.2780601978302002,8,8,1,0,0.639806866645813,0.19451022148132324,0.08354997634887695,0.3004744188519115,worker1,0.19451022148132324,0.0,0.0
1717,1,0.5213432312011719,3,4,0,2,0.9906754493713379,0.3828303813934326,0.13851284980773926,0.265684565403499,worker1->worker2,0.3033561706542969,0.07947421073913574,0.0
1718,1,0.28546643257141113,8,8,1,0,0.9930039048194885,0.2023639678955078,0.08310246467590332,0.29111116122248365,worker1,0.2023639678955078,0.0,0.0
1719,1,0.37978339195251465,9,9,1,1,0.9995386600494385,0.2965068817138672,0.08327651023864746,0.21927370180805522,worker1,0.2965068817138672,0.0,0.0
1720,1,0.28151774406433105,3,5,0,0,0.7402451634407043,0.1972806453704834,0.08423709869384766,0.29922482852305826,worker1,0.1972806453704834,0.0,0.0
1721,1,0.2857966423034668,3,3,1,0,0.9518428444862366,0.20293688774108887,0.08285975456237793,0.2899255704844676,worker1,0.20293688774108887,0.0,0.0
1722,1,0.2863037586212158,8,8,1,0,0.9989147186279297,0.20321941375732422,0.0830843448638916,0.2901964866406572,worker1,0.20321941375732422,0.0,0.0
1723,1,0.28946733474731445,6,6,1,0,0.7665808200836182,0.20711588859558105,0.0823514461517334,0.2844930541942519,worker1,0.20711588859558105,0.0,0.0
1724,1,0.2924950122833252,0,1,0,0,0.6118773221969604,0.20925211906433105,0.08324289321899414,0.28459594086466317,worker1,0.20925211906433105,0.0,0.0
1725,1,0.5566046237945557,5,5,1,2,0.7934825420379639,0.41518473625183105,0.1414198875427246,0.25407602002767965,worker1->worker2,0.307600736618042,0.10758399963378906,0.0
1726,1,0.3802213668823242,5,5,1,1,0.9148319363594055,0.2970290184020996,0.08319234848022461,0.2187997722547035,worker1,0.2970290184020996,0.0,0.0
1727,1,0.2871127128601074,8,8,1,0,0.7373992800712585,0.20319604873657227,0.08391666412353516,0.2922777723340403,worker1,0.20319604873657227,0.0,0.0
1728,1,0.3939511775970459,9,1,0,1,0.7197756171226501,0.31153106689453125,0.08242011070251465,0.2092140229285424,worker1,0.31153106689453125,0.0,0.0
1729,1,0.2882072925567627,3,3,1,0,0.8380374908447266,0.20577025413513184,0.08243703842163086,0.28603383936024035,worker1,0.20577025413513184,0.0,0.0
1730,1,0.4026057720184326,9,1,0,1,0.9813848733901978,0.31734609603881836,0.08525967597961426,0.21176963149875255,worker1,0.31734609603881836,0.0,0.0
1731,1,0.2893040180206299,5,2,0,0,0.7329216003417969,0.205491304397583,0.08381271362304688,0.2897046304316116,worker1,0.205491304397583,0.0,0.0
1732,1,0.2986750602722168,4,4,1,0,0.9449906349182129,0.21502017974853516,0.08365488052368164,0.28008659460029023,worker1,0.21502017974853516,0.0,0.0
1733,1,0.2840266227722168,3,5,0,0,0.7679733037948608,0.20085477828979492,0.08317184448242188,0.29283115670858745,worker1,0.20085477828979492,0.0,0.0
1734,1,0.391390323638916,4,4,1,1,0.9994981288909912,0.30797576904296875,0.08341455459594727,0.21312370173183642,worker1,0.30797576904296875,0.0,0.0
1735,1,0.28317785263061523,1,1,1,0,0.8583043813705444,0.19951653480529785,0.08366131782531738,0.29543736223767275,worker1,0.19951653480529785,0.0,0.0
1736,1,0.2952151298522949,4,2,0,0,0.7708985209465027,0.21237683296203613,0.08283829689025879,0.2806031551692669,worker1,0.21237683296203613,0.0,0.0
1737,1,0.39324069023132324,2,2,1,1,0.6850305199623108,0.3117654323577881,0.08147525787353516,0.2071892860975487,worker1,0.3117654323577881,0.0,0.0
1738,1,0.38463473320007324,5,5,1,1,0.7682267427444458,0.30119872093200684,0.0834360122680664,0.21692271931319831,worker1,0.30119872093200684,0.0,0.0
1739,1,0.38514041900634766,3,3,1,1,0.8397790193557739,0.30149030685424805,0.08365011215209961,0.21719380263415286,worker1,0.30149030685424805,0.0,0.0
1740,1,0.38532590866088867,6,6,1,1,0.9416596293449402,0.30200839042663574,0.08331751823425293,0.21622609941751322,worker1,0.30200839042663574,0.0,0.0
1741,1,0.5612409114837646,4,4,1,2,0.9892880916595459,0.4184873104095459,0.14275360107421875,0.2543535194125781,worker1->worker2,0.3128702640533447,0.10561704635620117,0.0
1742,1,0.3881876468658447,4,4,1,1,0.779823362827301,0.30501437187194824,0.08317327499389648,0.21426048887805196,worker1,0.30501437187194824,0.0,0.0
1743,1,0.2901790142059326,0,0,1,0,0.9483739137649536,0.20692682266235352,0.0832521915435791,0.2868994223148651,worker1,0.20692682266235352,0.0,0.0
1744,1,0.40197062492370605,3,7,0,1,0.9912800192832947,0.3184943199157715,0.08347630500793457,0.20766767478041054,worker1,0.3184943199157715,0.0,0.0
1745,1,0.6905326843261719,4,7,0,3,0.3766201138496399,0.5158944129943848,0.1746382713317871,0.25290370071649937,worker1->worker2->worker3,0.3031747341156006,0.07704377174377441,0.13567590713500977
1746,1,0.39261817932128906,6,6,1,1,0.9030207991600037,0.3092160224914551,0.08340215682983398,0.2124256115038014,worker1,0.3092160224914551,0.0,0.0
1747,1,0.655064582824707,7,7,1,3,0.4800994098186493,0.484389066696167,0.17067551612854004,0.2605476171411517,worker1->worker2->worker3,0.3065528869628906,0.07750463485717773,0.10033154487609863
1748,1,0.28503918647766113,7,7,1,0,0.9803531169891357,0.2018423080444336,0.08319687843322754,0.2918787394158795,worker1,0.2018423080444336,0.0,0.0
1749,1,0.5250461101531982,8,8,1,2,0.9960811734199524,0.3862433433532715,0.13880276679992676,0.26436300377394817,worker1->worker2,0.3071019649505615,0.07914137840270996,0.0
1750,1,0.2799229621887207,9,9,1,0,0.8389051556587219,0.1969311237335205,0.0829918384552002,0.2964809953648893,worker1,0.1969311237335205,0.0,0.0
1751,1,0.289165735244751,4,4,1,0,0.8048321008682251,0.20734333992004395,0.08182239532470703,0.2829602036197416,worker1,0.20734333992004395,0.0,0.0
1752,1,0.2848050594329834,0,9,0,0,0.8126785159111023,0.20149779319763184,0.08330726623535156,0.292506272189151,worker1,0.20149779319763184,0.0,0.0
1753,1,0.27819013595581055,9,9,1,0,0.9607568383216858,0.19616103172302246,0.08202910423278809,0.29486704821848214,worker1,0.19616103172302246,0.0,0.0
1754,1,0.39566922187805176,0,0,1,1,0.9278719425201416,0.3122248649597168,0.08344435691833496,0.21089423261749973,worker1,0.3122248649597168,0.0,0.0
1755,1,0.6791069507598877,9,9,1,3,0.5187700986862183,0.5043983459472656,0.17470860481262207,0.25726228338133134,worker1->worker2->worker3,0.30251264572143555,0.10160493850708008,0.10028076171875
1756,1,0.28448057174682617,9,9,1,0,0.8269374966621399,0.20055294036865234,0.08392763137817383,0.29502060848241446,worker1,0.20055294036865234,0.0,0.0
1757,1,0.2859804630279541,6,4,0,0,0.854827880859375,0.20285964012145996,0.08312082290649414,0.29065210268706093,worker1,0.20285964012145996,0.0,0.0
1758,1,0.3798255920410156,9,9,1,1,0.9350406527519226,0.29656243324279785,0.08326315879821777,0.21921418815093052,worker1,0.29656243324279785,0.0,0.0
1759,1,0.39992284774780273,6,2,0,1,0.7386493682861328,0.31651806831359863,0.0834047794342041,0.2085521742603723,worker1,0.31651806831359863,0.0,0.0
1760,1,0.5176842212677002,6,6,1,2,0.9493933320045471,0.3792879581451416,0.1383962631225586,0.2673372249663224,worker1->worker2,0.29924964904785156,0.08003830909729004,0.0
1761,1,0.3801536560058594,9,9,1,1,0.9991061091423035,0.29676365852355957,0.0833899974822998,0.21935866238522905,worker1,0.29676365852355957,0.0,0.0
1762,1,0.2858891487121582,0,0,1,0,0.9423198103904724,0.20283842086791992,0.08305072784423828,0.29049975565129355,worker1,0.20283842086791992,0.0,0.0
1763,1,0.2829616069793701,7,7,1,0,0.9533516764640808,0.19964146614074707,0.08332014083862305,0.29445740617630034,worker1,0.19964146614074707,0.0,0.0
1764,1,0.3900763988494873,7,7,1,1,0.8669686317443848,0.30690670013427734,0.08316969871520996,0.213213870309804,worker1,0.30690670013427734,0.0,0.0
1765,1,0.27837586402893066,5,5,1,0,0.9644933938980103,0.19487881660461426,0.0834970474243164,0.29994355909978904,worker1,0.19487881660461426,0.0,0.0
1766,1,0.284761905670166,7,7,1,0,0.9573854804039001,0.20153093338012695,0.08323097229003906,0.29228267767825594,worker1,0.20153093338012695,0.0,0.0
1767,1,0.29209017753601074,9,1,0,0,0.9556105136871338,0.20864653587341309,0.08344364166259766,0.2856776710757766,worker1,0.20864653587341309,0.0,0.0
1768,1,0.38567519187927246,5,5,1,1,0.9896788597106934,0.30280232429504395,0.08287286758422852,0.21487736138903674,worker1,0.30280232429504395,0.0,0.0
1769,1,0.2790656089782715,3,3,1,0,0.8330996632575989,0.19649505615234375,0.08257055282592773,0.29588222328161123,worker1,0.19649505615234375,0.0,0.0
1770,1,0.2963871955871582,9,9,1,0,0.9052513241767883,0.21312808990478516,0.08325910568237305,0.2809133016607971,worker1,0.21312808990478516,0.0,0.0
1771,1,0.29177236557006836,9,1,0,0,0.9057693481445312,0.20940566062927246,0.0823667049407959,0.2822978275542539,worker1,0.20940566062927246,0.0,0.0
1772,1,0.38761472702026367,3,5,0,1,0.9513121843338013,0.305722713470459,0.08189201354980469,0.21127167736721095,worker1,0.305722713470459,0.0,0.0
1773,1,0.3103804588317871,6,6,1,0,0.9780844449996948,0.2270348072052002,0.08334565162658691,0.2685273806871865,worker1,0.2270348072052002,0.0,0.0
1774,1,0.2919168472290039,3,4,0,0,0.8123021125793457,0.20918011665344238,0.08273673057556152,0.2834256787880966,worker1,0.20918011665344238,0.0,0.0
1775,1,0.29464125633239746,3,3,1,0,0.8359655737876892,0.21044206619262695,0.08419919013977051,0.2857685009487666,worker1,0.21044206619262695,0.0,0.0
1776,1,0.4016299247741699,1,1,1,1,0.9581461548805237,0.31826210021972656,0.08336782455444336,0.20757373744329374,worker1,0.31826210021972656,0.0,0.0
1777,1,0.39918065071105957,0,0,1,1,0.9576857686042786,0.3154909610748291,0.08368968963623047,0.20965367306044072,worker1,0.3154909610748291,0.0,0.0
1778,1,0.29363012313842773,7,7,1,0,0.7851971387863159,0.21024823188781738,0.08338189125061035,0.2839691321836934,worker1,0.21024823188781738,0.0,0.0
1779,1,0.2861621379852295,7,7,1,0,0.8738455772399902,0.20337820053100586,0.08278393745422363,0.28929032344068034,worker1,0.20337820053100586,0.0,0.0
1780,1,0.29071903228759766,3,3,1,0,0.9190186858177185,0.2084980010986328,0.08222103118896484,0.2828195682339318,worker1,0.2084980010986328,0.0,0.0
1781,1,0.2937197685241699,8,8,1,0,0.9696007966995239,0.2106156349182129,0.08310413360595703,0.2829368075003044,worker1,0.2106156349182129,0.0,0.0
1782,1,0.39188361167907715,3,5,0,1,0.82499760389328,0.30835413932800293,0.08352947235107422,0.21314867440662075,worker1,0.30835413932800293,0.0,0.0
1783,1,0.28882431983947754,8,0,0,0,0.8568081259727478,0.20539021492004395,0.0834341049194336,0.2888749291119408,worker1,0.20539021492004395,0.0,0.0
1784,1,0.2959020137786865,7,4,0,0,0.9806674718856812,0.2123551368713379,0.08354687690734863,0.28234642894264217,worker1,0.2123551368713379,0.0,0.0
1785,1,0.2941911220550537,4,7,0,0,0.687330424785614,0.21143674850463867,0.08275437355041504,0.28129459846490107,worker1,0.21143674850463867,0.0,0.0
1786,1,0.2941737174987793,8,8,1,0,0.9996660947799683,0.21088075637817383,0.08329296112060547,0.28314208974481586,worker1,0.21088075637817383,0.0,0.0
1787,1,0.7077820301055908,5,3,0,3,0.6235042810440063,0.5273139476776123,0.18046808242797852,0.2549769205090659,worker1->worker2->worker3,0.30070996284484863,0.11011052131652832,0.11649346351623535
1788,1,0.2798726558685303,9,9,1,0,0.9957952499389648,0.19673800468444824,0.08313465118408203,0.297044564521996,worker1,0.19673800468444824,0.0,0.0
1789,1,0.3887031078338623,5,5,1,1,0.6042753458023071,0.3054218292236328,0.08328127861022949,0.21425421338752249,worker1,0.3054218292236328,0.0,0.0
1790,1,0.39148426055908203,5,5,1,1,0.5990620851516724,0.3080928325653076,0.08339142799377441,0.213013488395887,worker1,0.3080928325653076,0.0,0.0
1791,1,0.3884892463684082,6,6,1,1,0.9904948472976685,0.30504846572875977,0.08344078063964844,0.21478272930242379,worker1,0.30504846572875977,0.0,0.0
1792,1,0.38672447204589844,8,0,0,1,0.7388555407524109,0.30460333824157715,0.08212113380432129,0.2123504969051318,worker1,0.30460333824157715,0.0,0.0
1793,1,0.2889590263366699,5,5,1,0,0.8732824325561523,0.2059028148651123,0.08305621147155762,0.28743248662108845,worker1,0.2059028148651123,0.0,0.0
1794,1,0.2927522659301758,0,0,1,0,0.8162775635719299,0.20947837829589844,0.08327388763427734,0.28445172702485233,worker1,0.20947837829589844,0.0,0.0
1795,1,0.516822338104248,0,0,1,2,0.9852627515792847,0.37819409370422363,0.13862824440002441,0.26823191294038407,worker1->worker2,0.3027489185333252,0.07544517517089844,0.0
1796,1,0.28673553466796875,6,3,0,0,0.7019926905632019,0.20425939559936523,0.08247613906860352,0.28763836042891733,worker1,0.20425939559936523,0.0,0.0
1797,1,0.3870542049407959,2,2,1,1,0.8341140151023865,0.3037850856781006,0.08326911926269531,0.2151355500076074,worker1,0.3037850856781006,0.0,0.0
1798,1,0.39633727073669434,6,6,1,1,0.9985445737838745,0.31301093101501465,0.08332633972167969,0.21024098885980705,worker1,0.31301093101501465,0.0,0.0
1799,1,0.288132905960083,3,3,1,0,0.7217777967453003,0.20485901832580566,0.08327388763427734,0.28901207016533487,worker1,0.20485901832580566,0.0,0.0
1800,1,0.29375171661376953,0,0,1,0,0.8692260980606079,0.21036362648010254,0.08338809013366699,0.2838726904983751,worker1,0.21036362648010254,0.0,0.0
1801,1,0.39739274978637695,8,8,1,1,0.9793621301651001,0.3140287399291992,0.08336400985717773,0.20977737993959633,worker1,0.3140287399291992,0.0,0.0
1802,1,0.39253711700439453,3,3,1,1,0.9357507824897766,0.30930542945861816,0.08323168754577637,0.21203520365398865,worker1,0.30930542945861816,0.0,0.0
1803,1,0.29047107696533203,8,8,1,0,0.971230149269104,0.2070295810699463,0.08344149589538574,0.2872626657605038,worker1,0.2070295810699463,0.0,0.0
1804,1,0.3900916576385498,2,2,1,1,0.7834190726280212,0.30689072608947754,0.08320093154907227,0.21328559562830843,worker1,0.30689072608947754,0.0,0.0
1805,1,0.3908543586730957,0,3,0,1,0.532020092010498,0.3066670894622803,0.08418726921081543,0.21539293944839516,worker1,0.3066670894622803,0.0,0.0
1806,1,0.2888154983520508,7,7,1,0,0.9591258764266968,0.20573091506958008,0.0830845832824707,0.2876735623833975,worker1,0.20573091506958008,0.0,0.0
1807,1,0.2903401851654053,6,6,1,0,0.9253420829772949,0.20659685134887695,0.08374333381652832,0.28843177105787193,worker1,0.20659685134887695,0.0,0.0
1808,1,0.5620627403259277,4,4,1,2,0.9957178235054016,0.42014002799987793,0.1419227123260498,0.25250332773126355,worker1->worker2,0.3120276927947998,0.10811233520507812,0.0
1809,1,0.3817105293273926,4,2,0,1,0.69411301612854,0.2996816635131836,0.08202886581420898,0.2148980955771669,worker1,0.2996816635131836,0.0,0.0
1810,1,0.2877326011657715,7,7,1,0,0.969474196434021,0.20453214645385742,0.08320045471191406,0.28915894262527364,worker1,0.20453214645385742,0.0,0.0
1811,1,0.27634477615356445,6,6,1,0,0.9788569211959839,0.1931896209716797,0.08315515518188477,0.30091089956292694,worker1,0.1931896209716797,0.0,0.0
1812,1,0.29463815689086914,4,4,1,0,0.7552825808525085,0.2113173007965088,0.08332085609436035,0.2827904470133565,worker1,0.2113173007965088,0.0,0.0
1813,1,0.28867149353027344,8,9,0,0,0.7441584467887878,0.20531368255615234,0.0833578109741211,0.2887635698097749,worker1,0.20531368255615234,0.0,0.0
1814,1,0.29173922538757324,1,1,1,0,0.989992082118988,0.20868277549743652,0.08305644989013672,0.2846941469039581,worker1,0.20868277549743652,0.0,0.0
1815,1,0.29351806640625,1,1,1,0,0.944318950176239,0.21020793914794922,0.08331012725830078,0.28383304741110416,worker1,0.21020793914794922,0.0,0.0
1816,1,0.3983886241912842,3,3,1,1,0.9234074354171753,0.31503963470458984,0.08334898948669434,0.2092152848387427,worker1,0.31503963470458984,0.0,0.0
1817,1,0.28263354301452637,3,3,1,0,0.885375440120697,0.19974040985107422,0.08289313316345215,0.2932883771661587,worker1,0.19974040985107422,0.0,0.0
1818,1,0.29640746116638184,1,1,1,0,0.8715388774871826,0.21303319931030273,0.0833742618560791,0.2812826017536677,worker1,0.21303319931030273,0.0,0.0
1819,1,0.28484606742858887,4,4,1,0,0.7500193119049072,0.2019643783569336,0.08288168907165527,0.29097010121943767,worker1,0.2019643783569336,0.0,0.0
1820,1,0.2904806137084961,2,2,1,0,0.9125319719314575,0.20769119262695312,0.08278942108154297,0.28500842112866104,worker1,0.20769119262695312,0.0,0.0
1821,1,0.29076457023620605,2,2,1,0,0.8397606611251831,0.2086329460144043,0.08213162422180176,0.28246778538073314,worker1,0.2086329460144043,0.0,0.0
1822,1,0.4032289981842041,8,8,1,1,0.8718966841697693,0.31960082054138184,0.08362817764282227,0.20739623890992837,worker1,0.31960082054138184,0.0,0.0
1823,1,0.28722214698791504,9,9,1,0,0.8843291401863098,0.20427727699279785,0.08294486999511719,0.28878298858551155,worker1,0.20427727699279785,0.0,0.0
1824,1,0.2906832695007324,1,1,1,0,0.909214437007904,0.20708203315734863,0.08360123634338379,0.2876025045644161,worker1,0.20708203315734863,0.0,0.0
1825,1,0.38645267486572266,2,2,1,1,0.8486031889915466,0.30329108238220215,0.08316159248352051,0.21519217718551423,worker1,0.30329108238220215,0.0,0.0
1826,1,0.28818750381469727,9,9,1,0,0.9967693090438843,0.20509624481201172,0.08309125900268555,0.2883236014845137,worker1,0.20509624481201172,0.0,0.0
1827,1,0.39437270164489746,4,4,1,1,0.7440780401229858,0.3111104965209961,0.08326220512390137,0.21112568080047445,worker1,0.3111104965209961,0.0,0.0
1828,1,0.29401302337646484,1,9,0,0,0.8763840794563293,0.2106466293334961,0.08336639404296875,0.2835466030911951,worker1,0.2106466293334961,0.0,0.0
1829,1,0.28751063346862793,7,5,0,0,0.887203574180603,0.20391583442687988,0.08359479904174805,0.2907537645937871,worker1,0.20391583442687988,0.0,0.0
1830,1,0.2970101833343506,6,6,1,0,0.7924689054489136,0.21370816230773926,0.08330202102661133,0.28046856875892534,worker1,0.21370816230773926,0.0,0.0
1831,1,0.29068994522094727,0,0,1,0,0.8576487898826599,0.20781755447387695,0.08287239074707031,0.28508860423115345,worker1,0.20781755447387695,0.0,0.0
1832,1,0.29207634925842285,8,8,1,0,0.9993765950202942,0.21054553985595703,0.08153080940246582,0.2791421133873771,worker1,0.21054553985595703,0.0,0.0
1833,1,0.5743744373321533,4,4,1,2,0.95637446641922,0.43235063552856445,0.14202380180358887,0.2472669265423077,worker1->worker2,0.3171064853668213,0.11524415016174316,0.0
1834,1,0.2907729148864746,3,3,1,0,0.8967618346214294,0.20764946937561035,0.08312344551086426,0.2858706614517994,worker1,0.20764946937561035,0.0,0.0
1835,1,0.29401063919067383,0,0,1,0,0.7460129857063293,0.2108469009399414,0.08316373825073242,0.2828596219499339,worker1,0.2108469009399414,0.0,0.0
1836,1,0.29465341567993164,9,9,1,0,0.9947320222854614,0.21248650550842285,0.08216691017150879,0.2788595203687131,worker1,0.21248650550842285,0.0,0.0
1837,1,0.2919330596923828,5,3,0,0,0.7353939414024353,0.2108750343322754,0.08105802536010742,0.27765963007245664,worker1,0.2108750343322754,0.0,0.0
1838,1,0.39368748664855957,1,1,1,1,0.9080682992935181,0.31058287620544434,0.08310461044311523,0.21109284206765197,worker1,0.31058287620544434,0.0,0.0
1839,1,0.39128899574279785,1,1,1,1,0.8076109290122986,0.30838656425476074,0.08290243148803711,0.211870081678787,worker1,0.30838656425476074,0.0,0.0
1840,1,0.29018735885620117,8,8,1,0,0.9895045757293701,0.20700478553771973,0.08318257331848145,0.28665126436366084,worker1,0.20700478553771973,0.0,0.0
1841,1,0.2922654151916504,7,5,0,0,0.9554699063301086,0.20896387100219727,0.08330154418945312,0.2850201900721948,worker1,0.20896387100219727,0.0,0.0
1842,1,0.5387139320373535,3,2,0,2,0.7489118576049805,0.3997776508331299,0.13893628120422363,0.25790363482671175,worker1->worker2,0.3134646415710449,0.08631300926208496,0.0
1843,1,0.2824845314025879,8,8,1,0,0.8713767528533936,0.19944357872009277,0.08304095268249512,0.29396637143344256,worker1,0.19944357872009277,0.0,0.0
1844,1,0.297290563583374,6,6,1,0,0.8891629576683044,0.21385407447814941,0.08343648910522461,0.2806563656092137,worker1,0.21385407447814941,0.0,0.0
1845,1,0.3800621032714844,6,6,1,1,0.995074450969696,0.2968146800994873,0.08324742317199707,0.2190363692023567,worker1,0.2968146800994873,0.0,0.0
1846,1,0.279766321182251,9,9,1,0,0.9793105721473694,0.196563720703125,0.08320260047912598,0.29740034514349023,worker1,0.196563720703125,0.0,0.0
1847,1,0.2941246032714844,5,5,1,0,0.8806992173194885,0.21112442016601562,0.08300018310546875,0.2821939483547981,worker1,0.21112442016601562,0.0,0.0
1848,1,0.5436780452728271,2,2,1,2,0.9858161211013794,0.40050673484802246,0.1431713104248047,0.2633384071136417,worker1->worker2,0.31287050247192383,0.08763623237609863,0.0
1849,1,0.27463555335998535,1,9,0,0,0.8599125742912292,0.19158172607421875,0.0830538272857666,0.30241469565632584,worker1,0.19158172607421875,0.0,0.0
1850,1,0.5266578197479248,2,0,0,2,0.8665637969970703,0.3881254196166992,0.13853240013122559,0.2630406213232182,worker1->worker2,0.30957889556884766,0.07854652404785156,0.0
1851,1,0.38990283012390137,7,7,1,1,0.950785756111145,0.30689072608947754,0.08301210403442383,0.21290459473721865,worker1,0.30689072608947754,0.0,0.0
1852,1,0.29268407821655273,3,3,1,0,0.7891257405281067,0.20917868614196777,0.08350539207458496,0.28530896720934895,worker1,0.20917868614196777,0.0,0.0
1853,1,0.28791332244873047,3,1,0,0,0.7829423546791077,0.20445036888122559,0.08346295356750488,0.28988916823175964,worker1,0.20445036888122559,0.0,0.0
1854,1,0.29004573822021484,1,1,1,0,0.9953455328941345,0.2077648639678955,0.08228087425231934,0.2836824107715324,worker1,0.2077648639678955,0.0,0.0
1855,1,0.4031815528869629,3,3,1,1,0.6567863821983337,0.3197345733642578,0.08344697952270508,0.20697122406813218,worker1,0.3197345733642578,0.0,0.0
1856,1,0.2903451919555664,6,6,1,0,0.8015559911727905,0.20644760131835938,0.08389759063720703,0.28895808493376557,worker1,0.20644760131835938,0.0,0.0
1857,1,0.2854292392730713,9,9,1,0,0.9870331287384033,0.20295238494873047,0.08247685432434082,0.28895727198233845,worker1,0.20295238494873047,0.0,0.0
1858,1,0.5181872844696045,4,4,1,2,0.8942907452583313,0.379260778427124,0.13892650604248047,0.2681009554000925,worker1->worker2,0.301318883895874,0.07794189453125,0.0
1859,1,0.5260264873504639,2,2,1,2,0.9990940093994141,0.38709402084350586,0.138932466506958,0.26411686454563377,worker1->worker2,0.30879688262939453,0.07829713821411133,0.0
1860,1,0.3833653926849365,5,5,1,1,0.7130683660507202,0.29993510246276855,0.08343029022216797,0.21762603462418942,worker1,0.29993510246276855,0.0,0.0
1861,1,0.7201926708221436,4,6,0,3,0.4091918468475342,0.5403294563293457,0.17986321449279785,0.24974318925999775,worker1->worker2->worker3,0.3082437515258789,0.11311650276184082,0.11896920204162598
1862,1,0.5130345821380615,2,5,0,2,0.8282008767127991,0.373948335647583,0.13908624649047852,0.2711050118899185,worker1->worker2,0.29454946517944336,0.07939887046813965,0.0
1863,1,0.3867359161376953,4,2,0,1,0.7129479646682739,0.3033406734466553,0.08339524269104004,0.21563873230059036,worker1,0.3033406734466553,0.0,0.0
1864,1,0.2884521484375,4,4,1,0,0.8928217887878418,0.204451322555542,0.08400082588195801,0.2912123426258993,worker1,0.204451322555542,0.0,0.0
1865,1,0.6510541439056396,6,6,1,3,0.5709851384162903,0.4808082580566406,0.17024588584899902,0.26149266914684377,worker1->worker2->worker3,0.30591249465942383,0.07470345497131348,0.10019230842590332
1866,1,0.3780403137207031,5,5,1,1,0.9733128547668457,0.2936728000640869,0.08436751365661621,0.22317067940787683,worker1,0.2936728000640869,0.0,0.0
1867,1,0.38225412368774414,1,1,1,1,0.9988365769386292,0.30025482177734375,0.08199930191040039,0.21451515321619918,worker1,0.30025482177734375,0.0,0.0
1868,1,0.3880307674407959,7,7,1,1,0.7931163907051086,0.3057389259338379,0.08229184150695801,0.21207555795047553,worker1,0.3057389259338379,0.0,0.0
1869,1,0.38971972465515137,3,3,1,1,0.9800187945365906,0.306323766708374,0.08339595794677734,0.2139895742268918,worker1,0.306323766708374,0.0,0.0
1870,1,0.2882370948791504,5,5,1,0,0.8983569145202637,0.20365238189697266,0.08458471298217773,0.2934553341152765,worker1,0.20365238189697266,0.0,0.0
1871,1,0.29270029067993164,7,2,0,0,0.7691748738288879,0.20939970016479492,0.08330059051513672,0.28459346699530985,worker1,0.20939970016479492,0.0,0.0
1872,1,0.533494234085083,5,5,1,2,0.997356653213501,0.39487147331237793,0.13862276077270508,0.25983928581803034,worker1->worker2,0.3160533905029297,0.07881808280944824,0.0
1873,1,0.2776055335998535,7,7,1,0,0.9921424388885498,0.19448018074035645,0.08312535285949707,0.2994369448676614,worker1,0.19448018074035645,0.0,0.0
1874,1,0.2920401096343994,5,5,1,0,0.8536288142204285,0.208634614944458,0.0834054946899414,0.2855960258142468,worker1,0.208634614944458,0.0,0.0
1875,1,0.29639244079589844,8,8,1,0,0.8666954040527344,0.21294116973876953,0.0834512710571289,0.2815566781427974,worker1,0.21294116973876953,0.0,0.0
1876,1,0.2876098155975342,1,1,1,0,0.5655525922775269,0.2043170928955078,0.08329272270202637,0.2896031991431814,worker1,0.2043170928955078,0.0,0.0
1877,1,0.2843141555786133,8,8,1,0,0.9466353058815002,0.20158004760742188,0.0827341079711914,0.29099538784067086,worker1,0.20158004760742188,0.0,0.0
1878,1,0.3916640281677246,6,2,0,1,0.6415137052536011,0.3080446720123291,0.08361935615539551,0.21349766672875736,worker1,0.3080446720123291,0.0,0.0
1879,1,0.7118690013885498,2,3,0,3,0.4397422671318054,0.5320451259613037,0.1798238754272461,0.2526080993504243,worker1->worker2->worker3,0.3089151382446289,0.08251261711120605,0.14061737060546875
1880,1,0.29340219497680664,3,3,1,0,0.9230615496635437,0.21007084846496582,0.08333134651184082,0.2840174611455383,worker1,0.21007084846496582,0.0,0.0
1881,1,0.2833282947540283,8,8,1,0,0.9887287616729736,0.20154762268066406,0.08178067207336426,0.28864279913999485,worker1,0.20154762268066406,0.0,0.0
1882,1,0.39657163619995117,2,2,1,1,0.8392497301101685,0.31499505043029785,0.08157658576965332,0.20570453941522548,worker1,0.31499505043029785,0.0,0.0
1883,1,0.384077787399292,0,0,1,1,0.9834970235824585,0.30077338218688965,0.08330440521240234,0.21689461860442885,worker1,0.30077338218688965,0.0,0.0
1884,1,0.5255374908447266,2,2,1,2,0.8241358995437622,0.38780689239501953,0.13773059844970703,0.2620756860339778,worker1->worker2,0.31080079078674316,0.07700610160827637,0.0
1885,1,0.3837409019470215,8,0,0,1,0.6265208721160889,0.3004884719848633,0.0832524299621582,0.21694958639997117,worker1,0.3004884719848633,0.0,0.0
1886,1,0.2838411331176758,9,1,0,0,0.8270379900932312,0.20064401626586914,0.08319711685180664,0.29311155834948877,worker1,0.20064401626586914,0.0,0.0
1887,1,0.2925267219543457,9,9,1,0,0.9353673458099365,0.20819592475891113,0.08433079719543457,0.2882840809619983,worker1,0.20819592475891113,0.0,0.0
1888,1,0.3902146816253662,6,6,1,1,0.8691080808639526,0.3077712059020996,0.0824434757232666,0.21127722662782378,worker1,0.3077712059020996,0.0,0.0
1889,1,0.28672361373901367,2,2,1,0,0.9958612322807312,0.20370221138000488,0.08302140235900879,0.2895520228570288,worker1,0.20370221138000488,0.0,0.0
1890,1,0.39513564109802246,3,5,0,1,0.9200767278671265,0.31319236755371094,0.08194327354431152,0.2073801120967056,worker1,0.31319236755371094,0.0,0.0
1891,1,0.4016132354736328,7,7,1,1,0.7728400230407715,0.31824374198913574,0.08336949348449707,0.207586518871016,worker1,0.31824374198913574,0.0,0.0
1892,1,0.2902967929840088,2,4,0,0,0.9427695870399475,0.20693063735961914,0.08336615562438965,0.28717559972831647,worker1,0.20693063735961914,0.0,0.0
1893,1,0.2935354709625244,7,7,1,0,0.8793894648551941,0.21018528938293457,0.08335018157958984,0.2839526729300499,worker1,0.21018528938293457,0.0,0.0
1894,1,0.4011051654815674,1,1,1,1,0.9882937669754028,0.31768226623535156,0.08342289924621582,0.2079826101118847,worker1,0.31768226623535156,0.0,0.0
1895,1,0.28902673721313477,9,1,0,0,0.5712605118751526,0.2055494785308838,0.08347725868225098,0.28882192522103234,worker1,0.2055494785308838,0.0,0.0
1896,1,0.3961937427520752,3,2,0,1,0.800550639629364,0.3131070137023926,0.08308672904968262,0.2097123707016128,worker1,0.3131070137023926,0.0,0.0
1897,1,0.3903462886810303,3,5,0,1,0.8310816884040833,0.30675768852233887,0.0835886001586914,0.21413960522369782,worker1,0.30675768852233887,0.0,0.0
1898,1,0.4062988758087158,8,8,1,1,0.8619253039360046,0.32285547256469727,0.08344340324401855,0.20537443791329474,worker1,0.32285547256469727,0.0,0.0
1899,1,0.2917361259460449,4,4,1,0,0.9872719645500183,0.20815300941467285,0.08358311653137207,0.28650245580771966,worker1,0.20815300941467285,0.0,0.0
1900,1,0.2942070960998535,4,4,1,0,0.9072713255882263,0.2110438346862793,0.08316326141357422,0.282669121567852,worker1,0.2110438346862793,0.0,0.0
1901,1,0.2976529598236084,7,0,0,0,0.8836100101470947,0.21447372436523438,0.08317923545837402,0.27945038916349674,worker1,0.21447372436523438,0.0,0.0
1902,1,0.40809202194213867,4,7,0,1,0.7298126220703125,0.3246304988861084,0.08346152305603027,0.20451642906134507,worker1,0.3246304988861084,0.0,0.0
1903,1,0.2938077449798584,6,4,0,0,0.7734686136245728,0.21000289916992188,0.08380484580993652,0.28523702060911177,worker1,0.21000289916992188,0.0,0.0
1904,1,0.40545010566711426,4,4,1,1,0.8844412565231323,0.32189130783081055,0.08355879783630371,0.20608897782581365,worker1,0.32189130783081055,0.0,0.0
1905,1,0.7339887619018555,6,2,0,3,0.8567700982093811,0.5537123680114746,0.18027639389038086,0.2456119265685519,worker1->worker2->worker3,0.31764817237854004,0.09243321418762207,0.1436309814453125
1906,1,0.2911527156829834,0,0,1,0,0.9609553813934326,0.20743465423583984,0.08371806144714355,0.28754003290252156,worker1,0.20743465423583984,0.0,0.0
1907,1,0.30803632736206055,4,3,0,0,0.9571323990821838,0.22269678115844727,0.08533954620361328,0.27704377251357976,worker1,0.22269678115844727,0.0,0.0
1908,1,0.5270726680755615,0,0,1,2,0.7716735601425171,0.3881053924560547,0.13896727561950684,0.26365866423486106,worker1->worker2,0.31004953384399414,0.07805585861206055,0.0
1909,1,0.3856651782989502,4,4,1,1,0.6180145144462585,0.30335235595703125,0.08231282234191895,0.213430786530885,worker1,0.30335235595703125,0.0,0.0
1910,1,0.38802242279052734,0,0,1,1,0.8023911118507385,0.30476903915405273,0.08325338363647461,0.21455817691602497,worker1,0.30476903915405273,0.0,0.0
1911,1,0.28199124336242676,3,3,1,0,0.7391653656959534,0.19859647750854492,0.08339476585388184,0.29573530319414726,worker1,0.19859647750854492,0.0,0.0
1912,1,0.2880711555480957,1,1,1,0,0.8858214616775513,0.205000638961792,0.08307051658630371,0.2883680472217027,worker1,0.205000638961792,0.0,0.0
1913,1,0.2916982173919678,3,0,0,0,0.7581560611724854,0.2086021900177002,0.08309602737426758,0.2848698497961946,worker1,0.2086021900177002,0.0,0.0
1914,1,0.29776501655578613,8,8,1,0,0.5592523813247681,0.21450304985046387,0.08326196670532227,0.27962306542388327,worker1,0.21450304985046387,0.0,0.0
1915,1,0.4103100299835205,0,0,1,1,0.9928672313690186,0.3268706798553467,0.08343935012817383,0.2033568375882136,worker1,0.3268706798553467,0.0,0.0
1916,1,0.3975503444671631,6,4,0,1,0.6992140412330627,0.31426048278808594,0.08328986167907715,0.20950770849088457,worker1,0.31426048278808594,0.0,0.0
1917,1,0.3950648307800293,7,7,1,1,0.8863346576690674,0.311389684677124,0.08367514610290527,0.21180105031798008,worker1,0.311389684677124,0.0,0.0
1918,1,0.2946155071258545,1,1,1,0,0.9496243000030518,0.21144676208496094,0.08316874504089355,0.28229588405665745,worker1,0.21144676208496094,0.0,0.0
1919,1,0.4011373519897461,6,2,0,1,0.8822773098945618,0.31853818893432617,0.08259916305541992,0.2059124203859513,worker1,0.31853818893432617,0.0,0.0
1920,1,0.2883434295654297,5,3,0,0,0.8123048543930054,0.20516753196716309,0.0831758975982666,0.28846122043988753,worker1,0.20516753196716309,0.0,0.0
1921,1,0.29361557960510254,9,9,1,0,0.9998741149902344,0.21145129203796387,0.08216428756713867,0.2798362664462332,worker1,0.21145129203796387,0.0,0.0
1922,1,0.2844388484954834,1,1,1,0,0.9246490001678467,0.2024979591369629,0.08194088935852051,0.2880791066056564,worker1,0.2024979591369629,0.0,0.0
1923,1,0.29131650924682617,1,1,1,0,0.9942241311073303,0.20783400535583496,0.08348250389099121,0.2865697660143878,worker1,0.20783400535583496,0.0,0.0
1924,1,0.5615015029907227,8,8,1,2,0.5512314438819885,0.4186830520629883,0.14281845092773438,0.2543509681933907,worker1->worker2,0.31055164337158203,0.10813140869140625,0.0
1925,1,0.38759350776672363,0,0,1,1,0.7390989661216736,0.30447936058044434,0.0831141471862793,0.21443637605071092,worker1,0.30447936058044434,0.0,0.0
1926,1,0.2967698574066162,9,9,1,0,0.9969040751457214,0.21112728118896484,0.08564257621765137,0.2885824624038858,worker1,0.21112728118896484,0.0,0.0
1927,1,0.2929270267486572,8,8,1,0,0.8818361163139343,0.2099626064300537,0.08296442031860352,0.2832255570251297,worker1,0.2099626064300537,0.0,0.0
1928,1,0.29403185844421387,6,6,1,0,0.8893921375274658,0.21033120155334473,0.08370065689086914,0.2846652649605638,worker1,0.21033120155334473,0.0,0.0
1929,1,0.2956101894378662,7,7,1,0,0.9997122883796692,0.2123720645904541,0.08323812484741211,0.2815807026330795,worker1,0.2123720645904541,0.0,0.0
1930,1,0.3992903232574463,2,2,1,1,0.7390605807304382,0.31580638885498047,0.08348393440246582,0.2090807854330062,worker1,0.31580638885498047,0.0,0.0
1931,1,0.2887845039367676,2,2,1,0,0.9066725373268127,0.2055971622467041,0.08318734169006348,0.2880602683178535,worker1,0.2055971622467041,0.0,0.0
1932,1,0.4012424945831299,9,0,0,1,0.9664583206176758,0.3168010711669922,0.0844414234161377,0.21044985153895016,worker1,0.3168010711669922,0.0,0.0
1933,1,0.3955667018890381,3,3,1,1,0.9654654860496521,0.3100299835205078,0.08553671836853027,0.2162384193615076,worker1,0.3100299835205078,0.0,0.0
1934,1,0.2871129512786865,5,5,1,0,0.9322443604469299,0.2038567066192627,0.08325624465942383,0.2899773217774877,worker1,0.2038567066192627,0.0,0.0
1935,1,0.40299367904663086,5,3,0,1,0.5555516481399536,0.32038259506225586,0.082611083984375,0.20499349811096162,worker1,0.32038259506225586,0.0,0.0
1936,1,0.400130033493042,0,0,1,1,0.9612110257148743,0.31532740592956543,0.08480262756347656,0.2119376714193868,worker1,0.31532740592956543,0.0,0.0
1937,1,0.3902919292449951,3,3,1,1,0.9341138601303101,0.30473780632019043,0.08555412292480469,0.21920546266561516,worker1,0.30473780632019043,0.0,0.0
1938,1,0.4002664089202881,5,3,0,1,0.6819021701812744,0.3168807029724121,0.08338570594787598,0.20832551543060412,worker1,0.3168807029724121,0.0,0.0
1939,1,0.29353904724121094,6,6,1,0,0.9339561462402344,0.21016645431518555,0.08337259292602539,0.28402556221937764,worker1,0.21016645431518555,0.0,0.0
1940,1,0.28991222381591797,3,3,1,0,0.9896590113639832,0.20767760276794434,0.08223462104797363,0.28365351403805983,worker1,0.20767760276794434,0.0,0.0
1941,1,0.2932705879211426,8,8,1,0,0.904219388961792,0.2100682258605957,0.08320236206054688,0.28370510200265675,worker1,0.2100682258605957,0.0,0.0
1942,1,0.5790729522705078,3,3,1,2,0.6098963618278503,0.43469834327697754,0.14437460899353027,0.24932024268694766,worker1->worker2,0.32523441314697266,0.10946393013000488,0.0
1943,1,0.688483715057373,0,0,1,3,0.5678153038024902,0.5129013061523438,0.1755824089050293,0.2550276862981394,worker1->worker2->worker3,0.3010678291320801,0.07113242149353027,0.1407010555267334
1944,1,0.3896453380584717,9,1,0,1,0.841544508934021,0.30606961250305176,0.08357572555541992,0.21449178879403974,worker1,0.30606961250305176,0.0,0.0
1945,1,0.392348051071167,3,1,0,1,0.7521197199821472,0.3088231086730957,0.08352494239807129,0.21288481533178538,worker1,0.3088231086730957,0.0,0.0
1946,1,0.2801365852355957,4,4,1,0,0.879645586013794,0.19710564613342285,0.08303093910217285,0.2963944856839873,worker1,0.19710564613342285,0.0,0.0
1947,1,0.289386510848999,7,7,1,0,0.6746562719345093,0.2070779800415039,0.08230853080749512,0.28442421371341475,worker1,0.2070779800415039,0.0,0.0
1948,1,0.28528547286987305,5,4,0,0,0.8111891746520996,0.2028965950012207,0.08238887786865234,0.2887945083212572,worker1,0.2028965950012207,0.0,0.0
1949,1,0.39447546005249023,6,2,0,1,0.8056866526603699,0.3094801902770996,0.08499526977539062,0.21546402345048501,worker1,0.3094801902770996,0.0,0.0
1950,1,0.2885313034057617,9,9,1,0,0.9528766870498657,0.20502138137817383,0.08350992202758789,0.289431063603341,worker1,0.20502138137817383,0.0,0.0
1951,1,0.4047098159790039,6,6,1,1,0.9214590191841125,0.3213005065917969,0.08340930938720703,0.20609658104149925,worker1,0.3213005065917969,0.0,0.0
1952,1,0.2903892993927002,9,9,1,0,0.9904139637947083,0.20704174041748047,0.08334755897521973,0.2870200766678626,worker1,0.20704174041748047,0.0,0.0
1953,1,0.2934601306915283,3,3,1,0,0.8456315398216248,0.2103254795074463,0.08313465118408203,0.2832911271053352,worker1,0.2103254795074463,0.0,0.0
1954,1,0.2958958148956299,6,6,1,0,0.9003481864929199,0.21262454986572266,0.08327126502990723,0.2814208949162703,worker1,0.21262454986572266,0.0,0.0
1955,1,0.41414380073547363,4,4,1,1,0.9942628741264343,0.3309948444366455,0.08314895629882812,0.20077315210601912,worker1,0.3309948444366455,0.0,0.0
1956,1,0.2854316234588623,4,2,0,0,0.7922919392585754,0.20230960845947266,0.08312201499938965,0.29121515686354765,worker1,0.20230960845947266,0.0,0.0
1957,1,0.2936720848083496,8,8,1,0,0.9567612409591675,0.21053624153137207,0.08313584327697754,0.2830907245788512,worker1,0.21053624153137207,0.0,0.0
1958,1,0.5525603294372559,6,0,0,2,0.8680863976478577,0.40791797637939453,0.14464235305786133,0.261767530805495,worker1->worker2,0.3105909824371338,0.09732699394226074,0.0
1959,1,0.3888251781463623,0,0,1,1,0.9926597476005554,0.30541348457336426,0.08341169357299805,0.21452235673277326,worker1,0.30541348457336426,0.0,0.0
1960,1,0.2914400100708008,8,8,1,0,0.9114236235618591,0.2080380916595459,0.08340191841125488,0.2861718210584528,worker1,0.2080380916595459,0.0,0.0
1961,1,0.39993810653686523,4,7,0,1,0.5412805080413818,0.316756010055542,0.08318209648132324,0.20798742385818575,worker1,0.316756010055542,0.0,0.0
1962,1,0.402271032333374,6,6,1,1,0.6787997484207153,0.31807422637939453,0.08419680595397949,0.20930367634377184,worker1,0.31807422637939453,0.0,0.0
1963,1,0.38933539390563965,9,9,1,1,0.9918020367622375,0.30588769912719727,0.08344769477844238,0.21433369810366376,worker1,0.30588769912719727,0.0,0.0
1964,1,0.2834045886993408,4,4,1,0,0.6924506425857544,0.20035576820373535,0.08304882049560547,0.29303978766452005,worker1,0.20035576820373535,0.0,0.0
1965,1,0.2850663661956787,8,8,1,0,0.9954082369804382,0.2019331455230713,0.08313322067260742,0.29162760160748713,worker1,0.2019331455230713,0.0,0.0
1966,1,0.28867650032043457,7,7,1,0,0.9904283285140991,0.20522618293762207,0.0834503173828125,0.28907901159319027,worker1,0.20522618293762207,0.0,0.0
1967,1,0.2940244674682617,8,8,1,0,0.9751265645027161,0.21120810508728027,0.08281636238098145,0.28166486651292383,worker1,0.21120810508728027,0.0,0.0
1968,1,0.5430965423583984,2,2,1,2,0.9172086715698242,0.40391087532043457,0.13918566703796387,0.2562816298434707,worker1->worker2,0.3171706199645996,0.08674025535583496,0.0
1969,1,0.28655290603637695,3,3,1,0,0.6976746320724487,0.20331048965454102,0.08324241638183594,0.29049580244448325,worker1,0.20331048965454102,0.0,0.0
1970,1,0.2929112911224365,6,6,1,0,0.7977738976478577,0.20961523056030273,0.08329606056213379,0.28437299307562763,worker1,0.20961523056030273,0.0,0.0
1971,1,0.5243630409240723,3,3,1,2,0.780958890914917,0.38472843170166016,0.1396346092224121,0.26629376657885234,worker1->worker2,0.30918288230895996,0.0755455493927002,0.0
1972,1,0.2929966449737549,7,7,1,0,0.8513649702072144,0.209747314453125,0.08324933052062988,0.28413066138722143,worker1,0.209747314453125,0.0,0.0
1973,1,0.5594086647033691,8,8,1,2,0.9461340308189392,0.4174001216888428,0.14200854301452637,0.2538547433651703,worker1->worker2,0.3055260181427002,0.11187410354614258,0.0
1974,1,0.3880140781402588,4,4,1,1,0.9998061060905457,0.3043520450592041,0.08366203308105469,0.2156159732194373,worker1,0.3043520450592041,0.0,0.0
1975,1,0.39304184913635254,0,0,1,1,0.9830158352851868,0.3098423480987549,0.08319950103759766,0.21168102384113915,worker1,0.3098423480987549,0.0,0.0
1976,1,0.3990437984466553,3,3,1,1,0.9988152980804443,0.3158080577850342,0.0832357406616211,0.20858798203513032,worker1,0.3158080577850342,0.0,0.0
1977,1,0.2816898822784424,8,8,1,0,0.8501671552658081,0.1986255645751953,0.08306431770324707,0.2948785985189925,worker1,0.1986255645751953,0.0,0.0
1978,1,0.4520237445831299,0,0,1,1,0.9686385989189148,0.3690171241760254,0.08300662040710449,0.18363331882854017,worker1,0.3690171241760254,0.0,0.0
1979,1,0.28067708015441895,0,0,1,0,0.9707264304161072,0.1984996795654297,0.08217740058898926,0.2927827257707614,worker1,0.1984996795654297,0.0,0.0
1980,1,0.3947794437408447,1,1,1,1,0.9735674858093262,0.311598539352417,0.08318090438842773,0.21070221792761917,worker1,0.311598539352417,0.0,0.0
1981,1,0.3937809467315674,3,3,1,1,0.9709072113037109,0.3104870319366455,0.08329391479492188,0.2115234764055298,worker1,0.3104870319366455,0.0,0.0
1982,1,0.4060361385345459,4,4,1,1,0.9024940133094788,0.31739282608032227,0.08864331245422363,0.21831384953603528,worker1,0.31739282608032227,0.0,0.0
1983,1,0.7381267547607422,2,2,1,3,0.7000983357429504,0.5624985694885254,0.1756281852722168,0.23793770397761188,worker1->worker2->worker3,0.35660862922668457,0.0746147632598877,0.13127517700195312
1984,1,0.2805945873260498,2,4,0,0,0.5716055631637573,0.19766688346862793,0.08292770385742188,0.29554277809735585,worker1,0.19766688346862793,0.0,0.0
1985,1,0.29149317741394043,0,0,1,0,0.7553619146347046,0.20929408073425293,0.0821990966796875,0.28199320961450536,worker1,0.20929408073425293,0.0,0.0
1986,1,0.29094672203063965,5,5,1,0,0.8092418909072876,0.208770751953125,0.08217597007751465,0.2824433611211495,worker1,0.208770751953125,0.0,0.0
1987,1,0.28300905227661133,6,6,1,0,0.925929069519043,0.20113396644592285,0.08187508583068848,0.28930200349444746,worker1,0.20113396644592285,0.0,0.0
1988,1,0.562673807144165,0,0,1,2,0.857879102230072,0.42014241218566895,0.1425313949584961,0.2533108759441108,worker1->worker2,0.31070709228515625,0.1094353199005127,0.0
1989,1,0.2876579761505127,9,1,0,0,0.7815036177635193,0.2043778896331787,0.08328008651733398,0.2895107851059862,worker1,0.2043778896331787,0.0,0.0
1990,1,0.2917337417602539,9,9,1,0,0.932708203792572,0.20860719680786133,0.08312654495239258,0.2849397688824962,worker1,0.20860719680786133,0.0,0.0
1991,1,0.29341840744018555,4,4,1,0,0.7812551259994507,0.21033048629760742,0.08308792114257812,0.28317214951661107,worker1,0.21033048629760742,0.0,0.0
1992,1,0.2821083068847656,7,4,0,0,0.49782252311706543,0.19892263412475586,0.08318567276000977,0.29487140481116386,worker1,0.19892263412475586,0.0,0.0
1993,1,0.5228266716003418,3,3,1,2,0.928432047367096,0.38402628898620605,0.13880038261413574,0.2654806844288871,worker1->worker2,0.30536460876464844,0.07866168022155762,0.0
1994,1,0.393857479095459,2,2,1,1,0.9982438087463379,0.31110215187072754,0.08275532722473145,0.21011490606904049,worker1,0.31110215187072754,0.0,0.0
1995,1,0.29506778717041016,7,7,1,0,0.7245311141014099,0.21176791191101074,0.08329987525939941,0.2823075878875634,worker1,0.21176791191101074,0.0,0.0
1996,1,0.28029751777648926,8,8,1,0,0.9852295517921448,0.19794607162475586,0.0823514461517334,0.2938001263978402,worker1,0.19794607162475586,0.0,0.0
1997,1,0.284024715423584,8,8,1,0,0.99513840675354,0.20110487937927246,0.08291983604431152,0.29194584675720187,worker1,0.20110487937927246,0.0,0.0
1998,1,0.31865930557250977,1,1,1,0,0.8392543196678162,0.23191142082214355,0.08674788475036621,0.2722276840292274,worker1,0.23191142082214355,0.0,0.0
1999,1,0.4012300968170166,4,4,1,1,0.8648507595062256,0.31603336334228516,0.08519673347473145,0.21233884035769612,worker1,0.31603336334228516,0.0,0.0
